frame_indices,x_coords,y_coords,contrasts,calibrated_values,fit_errors,diffblur_errors,residual_errors,neareast_neighbour_distances,selections
5.000000000000000000e+00,1.126011277262101942e+02,5.090723809669393063e+01,-7.934691030437382442e-03,2.367999505646757257e+02,2.568988005876271519e-02,nan,1.643780790406615186e-05,3.771813090252108935e+01,1.000000000000000000e+00
7.000000000000000000e+00,2.408194381467927414e+01,4.141043247370749469e+01,-8.907371385570982125e-03,2.661297235376690651e+02,2.763253538478149807e-02,nan,2.227421883257230611e-05,5.304780536822212511e+00,1.000000000000000000e+00
7.000000000000000000e+00,5.445260957563500170e+01,1.917941415586744469e+01,-1.549430079958059132e-03,4.426161763498993906e+01,3.575428101353987920e-01,nan,1.582245717099672991e-05,1.027200110526461962e+01,1.000000000000000000e+00
7.000000000000000000e+00,1.367095185956753767e+02,2.044612037228349521e+01,-1.921187510888849219e-03,5.547142668754933226e+01,2.940262611410010551e-01,nan,1.859988999365915936e-05,3.041161068012127089e+01,1.000000000000000000e+00
9.000000000000000000e+00,4.037652437241422376e+01,3.100232308971907713e+01,-8.019389019384062095e-03,2.393538962406259714e+02,2.441109521610917987e-02,nan,1.585660659880734304e-05,1.478443221462366530e+01,1.000000000000000000e+00
9.000000000000000000e+00,7.421546396159057224e+01,3.301653527451695425e+01,-7.247920087060323070e-03,2.160913634657505895e+02,3.432062996886087181e-02,nan,1.839988011371988057e-05,1.538861718889865671e+01,1.000000000000000000e+00
9.000000000000000000e+00,3.199158015443881808e+01,4.317902816006724720e+01,-2.105244790087420874e-03,6.102140843070839793e+01,3.179649237610641110e-01,nan,2.623401376933287565e-05,8.104953900489199725e+00,1.000000000000000000e+00
1.100000000000000000e+01,1.104916386630755483e+02,5.035447577137745157e+00,-8.998949072885337533e-03,2.688911165936158909e+02,4.805969937751652932e-02,nan,3.985683899113545562e-05,1.477878423644787986e+01,1.000000000000000000e+00
1.100000000000000000e+01,5.141753130484393353e+01,4.487550786257111923e+01,-9.664630901662181126e-03,2.889637918637874350e+02,1.833681455685531869e-02,nan,1.956349855566782441e-05,1.773045655993253433e+01,1.000000000000000000e+00
1.100000000000000000e+01,2.078724268948107223e+01,3.725283207931345686e+01,-7.844772718909712866e-03,2.340885935918506959e+02,3.896786773532123771e-02,nan,2.424331293080996566e-05,5.304780536822212511e+00,1.000000000000000000e+00
1.200000000000000000e+01,7.056624495820081222e+01,1.049616136269141364e+01,-8.706015968553061646e-03,2.600581414019253543e+02,1.472558897514364418e-02,nan,1.292729836386313671e-05,1.778114952991807840e+01,1.000000000000000000e+00
1.200000000000000000e+01,4.506668582714602422e+01,1.500587344154486757e+01,-7.464278112482999883e-03,2.226153276159884626e+02,3.917862084300505199e-02,nan,2.307385717440947281e-05,1.027200110526461962e+01,1.000000000000000000e+00
1.200000000000000000e+01,8.663584196849578234e+01,4.845951384130228234e+01,-8.333934615176051899e-03,2.488385649352732401e+02,1.947134967998169763e-01,nan,1.766748502425917011e-04,5.696788949985908346e+00,1.000000000000000000e+00
1.300000000000000000e+01,9.946960607985440106e+01,2.545019263495219519e+01,-8.914069863845699992e-03,2.663317064871807816e+02,2.182891458369979887e-01,nan,2.385375300745182247e-04,5.850110816949169568e+00,1.000000000000000000e+00
1.400000000000000000e+01,9.230868835433467723e+01,4.793776847873914448e+01,-9.681598245399634234e-03,2.894754176380180866e+02,1.153960710915380439e-01,nan,1.236198544232786534e-04,5.696788949985908346e+00,1.000000000000000000e+00
1.500000000000000000e+01,9.680049891924413430e+01,3.065592635228394869e+01,-1.701473372130177589e-02,5.105955395293165680e+02,3.547732959039684442e-02,nan,1.018613784754262305e-04,5.850110816949169568e+00,1.000000000000000000e+00
1.500000000000000000e+01,1.117869216669980545e+02,1.975736000206508081e+01,-1.193753235282711154e-03,3.353669546397959067e+01,3.417936592773481719e-01,nan,8.851956325441829305e-06,1.356925225129802293e+01,1.000000000000000000e+00
1.700000000000000000e+01,6.866809151050868820e+01,2.817570581650357653e+01,-8.919770097527689526e-03,2.665035888110124915e+02,1.446234974450399946e-02,nan,1.149151780651238845e-05,1.627504078373584306e+01,1.000000000000000000e+00
1.700000000000000000e+01,5.342019642859744266e+01,3.386592972099906262e+01,-8.122835265170161995e-03,2.424731685563478720e+02,1.732393118319586200e-02,nan,1.216527555350048123e-05,1.627504078373584306e+01,1.000000000000000000e+00
1.800000000000000000e+01,3.355279438097264233e+01,2.850442130490455028e+01,-7.906171715162760641e-03,2.359399917529909487e+02,2.055975835034806742e-02,nan,1.352695205851435206e-05,1.079093043437608479e+01,1.000000000000000000e+00
1.800000000000000000e+01,1.347487903610418414e+02,3.611284486175803465e+01,-9.044692462880503034e-03,2.702704425319803363e+02,1.228538998264028237e-02,nan,1.082941274992115638e-05,9.998606255843352386e+00,1.000000000000000000e+00
2.000000000000000000e+01,4.453475597958862942e+00,4.650203052455131569e+01,-8.119250330826017353e-03,2.423650700326325307e+02,1.999608828207810607e-02,nan,1.466285945890595504e-05,1.956317558907523946e+01,1.000000000000000000e+00
2.100000000000000000e+01,9.155387314832701406e+01,2.418527700897753618e+01,-2.399286464337114025e-02,7.210110112101521054e+02,4.911131978800442610e-03,nan,3.328801447462701298e-05,2.323106806072067343e+01,1.000000000000000000e+00
2.300000000000000000e+01,7.117084440157734093e+01,4.507666223499575864e+01,-7.868424375525994580e-03,2.348017751785143332e+02,1.861946363385036385e-02,nan,1.208871672946757150e-05,9.761713172151173623e+00,1.000000000000000000e+00
2.300000000000000000e+01,2.356160797056416101e+01,5.069692222279369531e+01,-8.230745737098291506e-03,2.457270531715315940e+02,1.711529412573820075e-02,nan,1.162465090444965554e-05,1.956317558907523946e+01,1.000000000000000000e+00
2.400000000000000000e+01,8.941258134547052094e+00,1.658279575221677149e+01,-9.032876848840224251e-03,2.699141597351613768e+02,1.488405403273274086e-02,nan,1.232468335026309339e-05,1.765567275415146753e+01,1.000000000000000000e+00
2.500000000000000000e+01,6.287663778563186412e+01,3.992912100957988031e+01,-1.241778398010351262e-03,3.498482496752988169e+01,3.412492470107808540e-01,nan,1.033377944905275528e-05,9.761713172151173623e+00,1.000000000000000000e+00
2.600000000000000000e+01,2.349905411555706536e+01,6.593133266578172780e+00,-3.106721199764261518e-02,9.343277506074222174e+02,3.351526096493473439e-03,nan,4.197370615704536066e-05,1.765567275415146753e+01,1.000000000000000000e+00
2.900000000000000000e+01,6.054749643118421432e+01,2.409432867096763431e+01,-9.148658920413936524e-03,2.734054010825137198e+02,1.583625887413497857e-02,nan,1.299002443418608684e-05,1.600517253440185073e+01,1.000000000000000000e+00
3.000000000000000000e+01,2.568605481837556681e+01,2.998559011072925173e+01,-9.146457564525896713e-03,2.733390223712668217e+02,3.038232421241315873e-02,nan,2.616431628474192943e-05,1.114939526424132588e+01,1.000000000000000000e+00
3.000000000000000000e+01,8.011111043610934246e+01,4.782405574681481397e+01,-8.969076302646166246e-03,2.679903462998959753e+02,1.438272184274469456e-02,nan,1.186061842687886119e-05,1.472424495962341773e+01,1.000000000000000000e+00
3.100000000000000000e+01,1.172879842346728729e+01,4.685397812780441740e+01,-1.330508313985095514e-03,3.766034758677161420e+01,3.379444038224225233e-01,nan,1.083759380316843322e-05,2.189400649419409106e+01,1.000000000000000000e+00
3.200000000000000000e+01,4.352704724996497987e+01,4.154093171412441166e+01,-7.855841747763861807e-03,2.344223641893653394e+02,1.794503402557146021e-02,nan,1.305418654429341199e-05,9.231949983027115891e+00,1.000000000000000000e+00
3.200000000000000000e+01,1.065538817756269907e+02,1.866701586436165528e+01,-1.398184020302998881e-03,3.970101088547516355e+01,2.991756136732618421e-01,nan,9.744241821810907631e-06,2.204296502387116163e+01,1.000000000000000000e+00
3.200000000000000000e+01,3.680643180286079996e+01,2.918170549138515568e+01,-1.328347462750185297e-03,3.759519023490998535e+01,2.866452909419794359e-01,nan,7.925558372128794915e-06,9.102430661114272681e+00,1.000000000000000000e+00
3.200000000000000000e+01,1.295262302279071776e+02,4.581644437091374300e+01,-1.198936159834271742e-03,3.369297907722532415e+01,3.592384688322612929e-01,nan,9.830628909060441832e-06,1.584353857201741533e+01,1.000000000000000000e+00
3.300000000000000000e+01,3.405101922667198266e+01,1.932781331379218059e+01,-8.204483883073073261e-03,2.449351648473310377e+02,1.827503671838637267e-02,nan,1.289630354252873323e-05,1.023188592160054888e+01,1.000000000000000000e+00
3.500000000000000000e+01,1.152643540495555925e+02,3.891596595587821383e+01,-8.288896736662705253e-03,2.474805126779103546e+02,1.379217007178556997e-02,nan,9.501037637869813276e-06,1.584353857201741533e+01,1.000000000000000000e+00
3.500000000000000000e+01,6.543892860386283417e+01,4.906117737078358942e+01,-1.351077109899905806e-03,3.828056995615045821e+01,3.219674516430846012e-01,nan,1.030629248959396414e-05,1.472424495962341773e+01,1.000000000000000000e+00
3.600000000000000000e+01,7.752846768124017274e+01,2.404340822851818160e+01,-1.369119222430564440e-03,3.882460383293697248e+01,3.067863194426104778e-01,nan,9.123185636964507253e-06,9.860289503438963266e+00,1.000000000000000000e+00
3.700000000000000000e+01,1.575753991762910644e+01,4.925241907467279390e+01,-8.207620445614233554e-03,2.450297433661242792e+02,2.319243355740108203e-02,nan,1.711790477831931216e-05,9.634320908907287873e+00,1.000000000000000000e+00
3.700000000000000000e+01,1.402140092535725842e+02,1.315455078994602900e+01,-1.249106759625118928e-03,3.520580114052518894e+01,3.564672875523802187e-01,nan,1.016756502195531248e-05,2.935510365268999777e+01,1.000000000000000000e+00
3.800000000000000000e+01,5.074726880101675164e+01,4.291299172122683814e+01,-1.448526777971049454e-03,4.121902412121644943e+01,3.391048548590671619e-01,nan,1.262795969381857630e-05,9.969071488873860076e+00,1.000000000000000000e+00
3.900000000000000000e+01,7.785489934375213750e+01,3.776545426572184994e+01,-1.854088757427919043e-03,5.344816056996683074e+01,2.690113461503981229e-01,nan,1.421637975402069724e-05,1.372592820458518936e+01,1.000000000000000000e+00
3.900000000000000000e+01,7.976299562694792655e+01,1.443964886296347849e+01,-1.228287760797015229e-03,3.457803426322516316e+01,3.260115172310172893e-01,nan,8.929827994902659447e-06,5.903314636255988290e+00,1.000000000000000000e+00
4.100000000000000000e+01,1.117086991966153704e+02,2.016664099308144031e+01,-1.282567743790772544e-03,3.621476884903488269e+01,3.214892647306740736e-01,nan,9.088877567666106674e-06,1.024042164632428253e+01,1.000000000000000000e+00
4.100000000000000000e+01,8.564512716325076269e+01,1.393999669968805577e+01,-1.246370717978351802e-03,3.512329975153259198e+01,3.737474346131178793e-01,nan,1.110550337318326074e-05,5.903314636255988290e+00,1.000000000000000000e+00
4.300000000000000000e+01,5.451455237308618251e+01,2.137856375046602864e+01,-7.726409957984902398e-03,2.305195352798787667e+02,1.732391988980531705e-01,nan,5.821565440118299967e-05,7.636578968018850944e+00,1.000000000000000000e+00
4.300000000000000000e+01,6.131505462754397939e+01,2.485282733026280155e+01,-1.333148434953383352e-02,3.995324679799420551e+02,2.387955767749949665e-02,nan,4.823443781485026388e-05,7.636578968018850944e+00,1.000000000000000000e+00
4.300000000000000000e+01,5.964821119243273984e+01,4.740249179305794769e+01,-8.682794359397769113e-03,2.593579272760846379e+02,1.586632280251210059e-02,nan,1.376612467701260539e-05,9.969071488873860076e+00,1.000000000000000000e+00
4.300000000000000000e+01,1.054852378431603057e+02,2.829896933597058961e+01,-1.255124175551030350e-03,3.538724763737236145e+01,2.721312383550364977e-01,nan,6.632860775063681806e-06,1.024042164632428253e+01,1.000000000000000000e+00
4.400000000000000000e+01,2.818563695737243791e+01,1.741496937815161772e+01,-8.140464768383726471e-03,2.430047607943853336e+02,2.284914690057660014e-02,nan,1.854284453801669178e-05,1.110503098629668628e+01,1.000000000000000000e+00
4.400000000000000000e+01,4.680553739245157630e+01,7.894979422658418677e+00,-1.367418024691190300e-03,3.877330666916196833e+01,3.117748862274357657e-01,nan,9.894043909946624102e-06,1.553177254201038515e+01,1.000000000000000000e+00
4.600000000000000000e+01,3.635148861750030846e+01,2.494096299171497577e+01,-1.697172618259991644e-03,4.871658075209150951e+01,3.355058801035225580e-01,nan,1.817254688039874911e-05,1.110503098629668628e+01,1.000000000000000000e+00
4.700000000000000000e+01,8.958636713969731602e+01,2.472971859313708265e+01,-8.034025688652458169e-03,2.397952438883471871e+02,1.561633385458516265e-02,nan,1.088392515298175763e-05,1.629458930168696540e+01,1.000000000000000000e+00
4.700000000000000000e+01,6.369245467721261988e+00,1.623440192138306415e+01,-1.112731421174727522e-03,3.109359953723926751e+01,3.424722490848990386e-01,nan,7.421793265605437399e-06,1.808036708542116955e+01,1.000000000000000000e+00
4.900000000000000000e+01,1.393191213652858664e+02,6.533863544651305588e+00,-6.553498659129301102e-03,1.951520870412758484e+02,2.841664470850846502e-02,nan,1.242091655569096117e-05,3.621721423401141493e+01,1.000000000000000000e+00
4.900000000000000000e+01,1.161974874758299592e+02,3.440995819857015192e+01,-8.958100868808939812e-03,2.676593979251015298e+02,1.527267569502621658e-02,nan,1.260035545682911807e-05,1.196084539608880171e+01,1.000000000000000000e+00
4.900000000000000000e+01,1.042986376439253746e+02,3.319373648073951699e+01,-1.203346309034439851e-03,3.382596076451373790e+01,3.187535706551437586e-01,nan,7.842811269668768735e-06,1.196084539608880171e+01,1.000000000000000000e+00
5.100000000000000000e+01,5.105613942777955572e+01,4.009362922015188957e+01,-1.570615226204468903e-02,4.711371533142407770e+02,7.529003377409582143e-03,nan,1.944791762308291843e-05,2.111468799870504043e+01,1.000000000000000000e+00
5.100000000000000000e+01,1.946016823784773919e+01,5.141343315322424701e+01,-1.480730622912077802e-03,4.219008460988860776e+01,3.103663228455985079e-01,nan,1.130464298622446036e-05,3.140236265983922692e+01,1.000000000000000000e+00
5.200000000000000000e+01,9.914899504013376941e+01,4.766677281334646921e+01,-8.990438149831508213e-03,2.686344819863248290e+02,1.276122793168688041e-02,nan,1.313165674956893478e-05,1.536188789282575407e+01,1.000000000000000000e+00
5.400000000000000000e+01,8.879964489130350103e+01,1.665405878320623145e+01,-2.245106578121522367e-02,6.745202906374709073e+02,2.836220036476877482e-03,nan,2.069938490541729179e-05,2.266670939250127148e+01,1.000000000000000000e+00
5.500000000000000000e+01,2.967656117469257282e+01,1.782407197250886810e+01,-9.010336459850470936e-03,2.692344868207210311e+02,1.487508467580800353e-02,nan,1.267461686821583453e-05,3.051486926881711526e+01,1.000000000000000000e+00
5.500000000000000000e+01,1.289819519403679067e+02,4.959593370841856341e+01,-7.539773813101720984e-03,2.248917915621324255e+02,1.951576138044364139e-02,nan,1.082919462980294690e-05,2.126420466066449322e+01,1.000000000000000000e+00
5.700000000000000000e+01,1.369980528768297461e+02,8.521704101076181814e+00,-8.536961093750379884e-03,2.549605355216673956e+02,1.265582214030869235e-02,nan,9.976091003517292076e-06,3.699750458409119602e+01,1.000000000000000000e+00
5.800000000000000000e+01,6.624002832071830937e+01,2.493340452082441772e+01,-8.295351398687412364e-03,2.476751437001190936e+02,1.901346384675184353e-02,nan,1.330580805631211485e-05,1.473389002813186721e+01,1.000000000000000000e+00
5.900000000000000000e+01,4.432004971027126317e+01,4.459580127790441395e+01,-8.962891138867931651e-03,2.678038416085459517e+02,6.264677410581409589e-02,nan,5.296135305247130136e-05,6.559744784639416793e+00,1.000000000000000000e+00
6.100000000000000000e+01,1.418022471565750493e+02,4.520596588691986994e+01,-7.886633387504633080e-03,2.353508416673945760e+02,2.613467422465087786e-02,nan,1.706491732472081702e-05,1.602068111225234048e+01,1.000000000000000000e+00
6.100000000000000000e+01,4.081032952211813836e+01,3.905394997707772831e+01,-9.470303115387775084e-03,2.831041177954343766e+02,8.827909631735786355e-02,nan,8.473442310246710296e-05,6.559744784639416793e+00,1.000000000000000000e+00
6.100000000000000000e+01,6.614299359344417262e+00,4.924958796194454891e+01,-1.350284053380129950e-03,3.825665648081704973e+01,2.748400629298183295e-01,nan,8.336080115314733387e-06,6.078440284972372432e+00,1.000000000000000000e+00
6.300000000000000000e+01,1.079872553536254856e+02,7.276619438900736370e+00,-1.544196347666248288e-03,4.410380198762945270e+01,2.679958457654021409e-01,nan,9.741091303359818013e-06,1.040430911731738739e+01,1.000000000000000000e+00
6.500000000000000000e+01,1.143833341642524175e+02,1.548270401419868314e+01,-1.941196202139248766e-03,5.607475990874956295e+01,1.991433393018133824e-01,nan,1.029028093756009054e-05,1.040430911731738739e+01,1.000000000000000000e+00
6.500000000000000000e+01,8.096317755928166093e+01,5.194221537281136669e+00,-1.194969874822708784e-03,3.357338147424983532e+01,3.461022758512413144e-01,nan,8.841252548805685649e-06,9.961374613343844331e+00,1.000000000000000000e+00
6.600000000000000000e+01,1.151414951588270554e+02,3.125852561061558177e+01,-7.283256349746151416e-03,2.171568774928608150e+02,2.407907909457074336e-02,nan,1.243225213377801360e-05,1.421841725074547469e+01,1.000000000000000000e+00
6.600000000000000000e+01,1.231382903324621836e+01,5.136212146328549721e+01,-7.216682680464249489e-03,2.151494445312388848e+02,2.544435313112647368e-02,nan,1.516965828485400030e-05,6.078440284972372432e+00,1.000000000000000000e+00
6.900000000000000000e+01,6.311169234790958882e+01,1.340036031216129686e+01,-1.556186314904500420e-02,4.667863232554039996e+02,6.677450374562909907e-03,nan,2.054910826102506594e-05,1.964729594230278309e+01,1.000000000000000000e+00
6.900000000000000000e+01,1.333733585486011179e+02,1.457985161295996868e+01,-7.108242680969731851e-03,2.118795927761586029e+02,2.820867720179642824e-02,nan,1.476055562826975898e-05,1.901147465549636806e+01,1.000000000000000000e+00
6.900000000000000000e+01,2.528682323769246665e+01,3.473188455278846476e+01,-9.285253663152769066e-03,2.775242185056168296e+02,1.486777303347064372e-02,nan,1.304746361795780163e-05,7.540288336669034308e+00,1.000000000000000000e+00
6.900000000000000000e+01,9.705422924666383722e+01,3.879352579953032176e+01,-1.380799246728754009e-03,3.917679811667768774e+01,2.868929452523139023e-01,nan,8.508396392382412687e-06,1.025541072094698869e+01,1.000000000000000000e+00
7.000000000000000000e+01,1.065745531867217863e+02,4.260625200680956226e+01,-1.208992759892395198e-03,3.399622134487083258e+01,3.198950074551549783e-01,nan,7.982310464636666018e-06,3.487474487751565544e+00,1.000000000000000000e+00
7.300000000000000000e+01,1.247095056462335094e+01,5.244625068380477018e+01,-7.980858689400700118e-03,2.381920697217473162e+02,1.622075154934887742e-02,nan,1.033780565465108195e-05,1.586078168310399938e+01,1.000000000000000000e+00
7.400000000000000000e+01,1.309589657955754376e+02,3.530108107034003240e+01,-7.840273251358789719e-03,2.339529186385410924e+02,2.486740982147128687e-02,nan,1.714223384292847316e-05,2.086141516271746355e+01,1.000000000000000000e+00
7.500000000000000000e+01,1.012148580451925142e+02,2.275637308205939746e+01,-8.206129072447922168e-03,2.449847731596683786e+02,1.748698997155306856e-02,nan,1.200199499368100472e-05,8.518186777017035638e+00,1.000000000000000000e+00
7.600000000000000000e+01,1.645268929759435395e+01,2.672992311591155357e+01,-6.966341177172237845e-03,2.076007576285779805e+02,2.259829398157930935e-02,nan,1.144964433688457973e-05,9.695756194505712244e+00,1.000000000000000000e+00
7.700000000000000000e+01,6.185978907926356385e+01,3.141364581551949087e+01,-5.829103046737507503e-03,1.733089823235235087e+02,3.148670065484626690e-02,nan,1.115836030870769537e-05,1.294073002437588649e+01,1.000000000000000000e+00
8.000000000000000000e+01,7.464821751974980657e+01,2.943410253830979073e+01,-1.418071935331455865e-03,4.030070227392796056e+01,2.757809977244425337e-01,nan,8.404464672069730636e-06,1.294073002437588649e+01,1.000000000000000000e+00
8.100000000000000000e+01,9.177353200757298879e+00,3.313907070832629387e+01,-9.672839660294030306e-03,2.892113151388196570e+02,1.166138206320743720e-02,nan,1.169698669418313128e-05,9.695756194505712244e+00,1.000000000000000000e+00
8.100000000000000000e+01,7.375447954993330768e+01,8.633030755278173984e+00,-1.270973796604375457e-03,3.586517009643007725e+01,3.007764237134438190e-01,nan,7.652595533557628898e-06,2.082026308386918245e+01,1.000000000000000000e+00
8.200000000000000000e+01,1.884220568694037823e+01,2.403307801147239786e+01,-1.385773641940194270e-02,4.154008400040480069e+02,6.372859202851022253e-03,nan,1.487188098777887520e-05,1.327887331722220132e+01,1.000000000000000000e+00
8.200000000000000000e+01,8.666394770839814043e+01,5.289164360567353640e+01,-1.345537367701819462e-03,3.811352702149957139e+01,3.001590028053106041e-01,nan,8.774049113569228951e-06,2.253867769515802166e+01,1.000000000000000000e+00
8.200000000000000000e+01,1.327530804570359635e+02,2.792106663455851745e+01,-1.339669958064837463e-03,3.793660374790410827e+01,3.338213700726372357e-01,nan,1.126913498273155385e-05,7.179301036697299132e+00,1.000000000000000000e+00
8.300000000000000000e+01,1.421115988147808480e+02,1.440120306644256054e+01,-8.037966923606983116e-03,2.399140861429885661e+02,1.667655852256932913e-02,nan,1.167100320498106905e-05,1.644288833364494806e+01,1.000000000000000000e+00
8.400000000000000000e+01,1.410307749927549992e+02,4.013149789403648526e+01,-2.123394970009592850e-03,6.156870092379381987e+01,1.915591331258814645e-01,nan,1.125952279784455447e-05,1.475177475319866360e+01,1.000000000000000000e+00
8.400000000000000000e+01,4.630967013929753051e+01,2.986802390156781684e+01,-1.381362768459724801e-03,3.919379030156915178e+01,3.581559681607329182e-01,nan,1.280270294346589907e-05,1.316129711743107578e+01,1.000000000000000000e+00
8.500000000000000000e+01,5.695166766329118957e+01,4.290345932279479513e+01,-8.850571752129584094e-03,2.644170125273221856e+02,1.355758501431203467e-02,nan,1.194031774984514720e-05,1.205682109021917015e+01,1.000000000000000000e+00
8.500000000000000000e+01,9.323719264655618133e+01,2.828469268733133291e+01,-1.254452154662878726e-03,3.536698381691112303e+01,3.260659533044909519e-01,nan,9.079667871166042698e-06,7.806565806779772743e+00,1.000000000000000000e+00
8.600000000000000000e+01,1.264174709960403646e+02,3.129781301728641907e+01,-8.178927558769907846e-03,2.441645507541399240e+02,1.304502918923478028e-02,nan,9.176763350085002504e-06,7.179301036697299132e+00,1.000000000000000000e+00
8.600000000000000000e+01,5.117500787285582931e+01,1.763903250604736073e+01,-1.227813213257269607e-03,3.456372496672074845e+01,3.103675337925183575e-01,nan,8.078251335323983733e-06,1.316129711743107578e+01,1.000000000000000000e+00
8.700000000000000000e+01,7.259192461009729413e+01,3.528567421551778693e+01,-7.790305839886458097e-03,2.324462234258775766e+02,2.433142358009932060e-02,nan,1.484875193931412923e-05,1.620710854607610329e+01,1.000000000000000000e+00
8.800000000000000000e+01,1.230211195702843341e+01,9.394980225689483433e+00,-1.353513856523348973e-03,3.835404653546152787e+01,3.455409675949091541e-01,nan,1.127468079150052120e-05,6.749672132080740461e+00,1.000000000000000000e+00
9.000000000000000000e+01,5.700454649696034437e+01,3.084675419118841688e+01,-8.974551058668390341e-03,2.681554296701592648e+02,1.597526400090110155e-02,nan,1.232897622872395884e-05,1.205682109021917015e+01,1.000000000000000000e+00
9.200000000000000000e+01,4.365333862009305221e+01,3.502662451853738901e+01,-6.867721377474045319e-03,2.046270198322669103e+02,1.848109762275484957e-02,nan,8.621494343064522604e-06,1.330813191617954239e+01,1.000000000000000000e+00
9.200000000000000000e+01,5.364758893405752360e+01,4.476841080887248836e+01,-8.796365624319919113e-03,2.627825049380492146e+02,1.665589833111935647e-02,nan,1.273576790396774809e-05,1.395662708052127599e+01,1.000000000000000000e+00
9.400000000000000000e+01,1.149231209991819611e+02,3.783823782405098513e+01,-7.875534892720175567e-03,2.350161825672574309e+02,1.860582868031468440e-02,nan,1.170181147813622307e-05,1.257642671767997022e+01,1.000000000000000000e+00
9.500000000000000000e+01,4.512956785392871240e+01,1.048083732326220030e+01,-6.915236115459487409e-03,2.060597582140273403e+02,3.886474557724728385e-02,nan,1.955771600106242112e-05,1.103466691994608340e+01,1.000000000000000000e+00
9.500000000000000000e+01,4.665454327953953317e+00,4.792275286350137264e+01,-8.851878894302306344e-03,2.644564275139280198e+02,1.277443569240421795e-02,nan,1.007012634035030635e-05,2.652080759596242743e+01,1.000000000000000000e+00
9.500000000000000000e+01,1.376024985581622495e+01,1.608211856480064483e+01,-1.454812924868480834e-03,4.140857381285304939e+01,3.010318576627316611e-01,nan,1.170885745048971914e-05,7.773749463361550482e+00,1.000000000000000000e+00
9.500000000000000000e+01,2.281829932727882948e+01,2.451391022805375641e+01,-1.494615142076307669e-03,4.260875225622973517e+01,2.736390051891927078e-01,nan,1.211236271063069386e-05,6.634004995712279751e+00,1.000000000000000000e+00
9.600000000000000000e+01,5.381566972274148242e+01,2.643398803963401988e+01,-7.772782328965163919e-03,2.319178272325148384e+02,2.429393028382265118e-02,nan,1.447631372964796150e-05,1.078648856887822483e+01,1.000000000000000000e+00
9.600000000000000000e+01,8.037046900218700785e+01,1.706567704836406563e+01,-7.510436836606735819e-03,2.240071773558613870e+02,1.975064551797600654e-02,nan,1.087891741852761895e-05,9.054874165964440280e+00,1.000000000000000000e+00
9.600000000000000000e+01,1.412056795265728795e+02,2.105074748900590720e+01,-2.010946094213114307e-03,5.817796728681599205e+01,1.957663936696809603e-01,nan,1.030918923926860764e-05,2.540057753474044233e+01,1.000000000000000000e+00
9.700000000000000000e+01,8.936766550172131929e+01,1.604528432484151423e+01,1.606136709224115179e-03,-4.597152423859218118e+01,3.708319950493863537e-01,nan,1.805564884846559001e-05,9.054874165964440280e+00,1.000000000000000000e+00
9.800000000000000000e+01,1.161670475071419020e+02,2.532348030231013425e+01,-1.184369015649990855e-03,3.325372785812248111e+01,3.216076461238203121e-01,nan,7.628662285512417449e-06,1.257642671767997022e+01,1.000000000000000000e+00
1.000000000000000000e+02,4.186703285977143452e+01,2.102217212707388683e+01,-1.497588947779177060e-02,4.491171324926809234e+02,5.845022239490682558e-03,nan,1.307619739626863198e-05,1.103466691994608340e+01,1.000000000000000000e+00
1.000000000000000000e+02,1.541432361595876976e+01,2.367785557414489261e+01,-2.315153046420331817e-02,6.956417927005188631e+02,4.075118964961377266e-03,nan,2.517922385349050351e-05,7.451029708579885558e+00,1.000000000000000000e+00
1.000000000000000000e+02,7.024476736166776902e+01,2.863119184177728727e+01,-8.526085156899556802e-03,2.546325873349689743e+02,1.083165626005200277e-02,nan,7.745198052556127215e-06,1.281231946393758925e+01,1.000000000000000000e+00
1.000000000000000000e+02,4.805786932269439404e+01,3.555517602145734202e+01,-9.298852424453288301e-03,2.779342695357966022e+02,1.210042183000181737e-02,nan,1.070356322188948348e-05,1.069418386042849178e+01,1.000000000000000000e+00
1.000000000000000000e+02,1.040067658227386715e+02,4.756706808323204427e+01,-1.629594221438882343e-02,4.889214185280993092e+02,6.697677819386238518e-03,nan,1.774330165153694623e-05,1.030458725931637076e+01,1.000000000000000000e+00
1.000000000000000000e+02,3.159550996472068718e+01,3.604006186340797768e+01,-1.411232849289594709e-03,4.009447950003117711e+01,3.509442283629241599e-01,nan,1.319462676332134698e-05,1.448763604233628222e+01,1.000000000000000000e+00
1.010000000000000000e+02,5.873688983092188920e+01,4.715884328541861237e+01,-8.372978423319766064e-03,2.500158746473614997e+02,1.644288629736923024e-02,nan,1.144020882154630648e-05,1.576979939592986213e+01,1.000000000000000000e+00
1.030000000000000000e+02,7.311753343505574598e+00,3.898256643071190553e+01,-1.327461347001159409e-03,3.756847069276075501e+01,3.236067773580116880e-01,nan,9.875522485153223891e-06,1.731721165266401741e+01,1.000000000000000000e+00
1.040000000000000000e+02,5.760744028033262509e+01,3.074152221528456508e+01,-8.735963055518507561e-03,2.609611526093208340e+02,1.892528794700609751e-02,nan,1.488393371415771841e-05,1.069418386042849178e+01,1.000000000000000000e+00
1.040000000000000000e+02,1.083763897808665746e+02,3.823481728026816739e+01,-9.066605956301035038e-03,2.709312123148563387e+02,1.704421545460976795e-02,nan,1.440245161724475769e-05,1.030458725931637076e+01,1.000000000000000000e+00
1.050000000000000000e+02,1.338645508989693838e+02,8.030205628676869267e+00,-7.623065969339501077e-03,2.274033463807240310e+02,2.322272502924438431e-02,nan,1.313361873183671884e-05,1.246488483020710980e+01,1.000000000000000000e+00
1.050000000000000000e+02,3.598010351116639782e+01,5.328368553512682126e+01,-8.041980143712556400e-03,2.400350990060179015e+02,1.664842106818753553e-02,nan,1.101380037083585526e-05,1.138095607545071175e+01,1.000000000000000000e+00
1.060000000000000000e+02,1.225648757295977447e+02,1.329240050315779698e+01,-1.067296410142363865e-02,3.193686249356688336e+02,7.356381067057993217e-02,nan,8.714885454062334838e-05,1.246488483020710980e+01,1.000000000000000000e+00
1.060000000000000000e+02,1.277481086119580880e+02,4.132508348707983714e+01,-1.729069655428410726e-03,4.967838989496492985e+01,2.988363747854533292e-01,nan,1.506282161402659415e-05,1.317432533803888539e+01,1.000000000000000000e+00
1.070000000000000000e+02,6.809221571908240378e+01,2.445014739510525104e+01,-1.327694006402980282e-03,3.757548620140079265e+01,2.828774098334067011e-01,nan,7.902298695441864641e-06,1.222750641500534741e+01,1.000000000000000000e+00
1.080000000000000000e+02,1.305158009118706275e+02,2.844476022073678223e+01,-1.318244970980306024e-03,3.729056416889738301e+01,2.679860307358913341e-01,nan,6.979524907849938778e-06,1.317432533803888539e+01,1.000000000000000000e+00
1.090000000000000000e+02,8.905716905621163448e+01,5.322987465278101382e+01,-1.662397445638329196e-02,4.988127575838760208e+02,1.030543648008597213e-02,nan,3.053005243026314154e-05,9.329709587224172651e+00,1.000000000000000000e+00
1.090000000000000000e+02,2.000045796657788699e+01,6.810733473166918905e+00,-1.298246200058872759e-03,3.668753008090660472e+01,3.025648399807995270e-01,nan,8.694465045674842668e-06,1.802260244967931868e+01,1.000000000000000000e+00
1.090000000000000000e+02,3.806821240588834598e+01,4.209592604382913095e+01,-2.150482860081302187e-03,6.238549717338139544e+01,1.517027425442302180e-01,nan,8.379123160040948226e-06,1.138095607545071175e+01,1.000000000000000000e+00
1.100000000000000000e+02,2.116393190863869833e+01,2.479574188143107705e+01,-8.362959648064079501e-03,2.497137729320694461e+02,1.981379716488596010e-02,nan,1.535275598695408605e-05,6.046232037090475409e+00,1.000000000000000000e+00
1.110000000000000000e+02,9.817935821019121079e+01,2.221988591457895978e+01,-1.476058845182790652e-03,4.204921389171577317e+01,3.206252722736692151e-01,nan,1.193097317325218943e-05,3.837748699713690037e+00,1.000000000000000000e+00
1.120000000000000000e+02,6.147403859662535552e+00,2.052953560692365542e+01,-9.290569482162100434e-03,2.776845093595302956e+02,2.104720753172384384e-02,nan,1.839814311136784807e-05,9.492518254135438482e+00,1.000000000000000000e+00
1.130000000000000000e+02,4.145807866946863385e+01,2.998846004428411050e+01,-1.271562251890287227e-03,3.588291411670299169e+01,3.479958709435145847e-01,nan,1.086753329706770303e-05,1.257306351750035844e+01,1.000000000000000000e+00
1.130000000000000000e+02,1.093811411822778723e+02,4.884819680365342265e+01,-1.215045094045804231e-03,3.417872075049704961e+01,3.386916527368952767e-01,nan,9.054407733382967386e-06,2.079093417224567020e+01,1.000000000000000000e+00
1.140000000000000000e+02,8.804146336783202287e+01,2.571799975169354013e+01,-7.199329789863857451e-03,2.146261931475252709e+02,6.862049105131673432e-02,nan,3.822338434112874359e-05,7.264132296416939027e+00,1.000000000000000000e+00
1.150000000000000000e+02,2.708509150379226327e+01,2.357230782310994499e+01,-8.062907725138930906e-03,2.406661400349334485e+02,2.419360488866340031e-02,nan,1.548787942274587061e-05,4.355972539901602048e+00,1.000000000000000000e+00
1.150000000000000000e+02,1.213408640730868342e+02,2.791147504100082344e+01,-6.761996599874675259e-03,2.014390416766025851e+02,2.013361964110438329e-02,nan,9.242463107758014151e-06,2.385056688259111368e+01,1.000000000000000000e+00
1.150000000000000000e+02,1.179543060017475931e+01,2.815893248633380708e+01,-8.063577206380668355e-03,2.406863272760205632e+02,3.294731510047044232e-02,nan,2.418943773972797125e-05,9.492518254135438482e+00,1.000000000000000000e+00
1.160000000000000000e+02,9.434333081070708715e+01,2.210495605526819318e+01,-9.367425073325660184e-03,2.800019788433493204e+02,3.680959231133618115e-02,nan,3.380384237304108713e-05,3.837748699713690037e+00,1.000000000000000000e+00
1.170000000000000000e+02,2.113542674957008671e+01,4.601128309511260994e+01,-1.415116637217049209e-03,4.021158952244120854e+01,2.902910257195263632e-01,nan,9.546683186341061418e-06,2.014800114972908318e+01,1.000000000000000000e+00
1.200000000000000000e+02,4.141686662233605176e+01,5.238573148510230482e+00,-1.661927594778850629e-03,4.765381791158189628e+01,2.850963876980363576e-01,nan,1.240708575544216588e-05,6.832803255680889976e+00,1.000000000000000000e+00
1.200000000000000000e+02,5.909603148236905668e+01,5.070096706575913004e+01,-1.390883304776721749e-03,3.948086834039754223e+01,3.073800704597284827e-01,nan,9.887541388944315939e-06,1.086734201075888429e+01,1.000000000000000000e+00
1.200000000000000000e+02,5.962925331932596862e+01,8.663003027369008180e+00,-1.281935266647651547e-03,3.619569741316137623e+01,3.483661277248909505e-01,nan,1.166624531993006501e-05,1.570471865710568693e+01,1.000000000000000000e+00
1.200000000000000000e+02,8.143824944110066610e+01,1.643518641463123942e+01,-1.336569448802312063e-03,3.784311236371958387e+01,3.693870260015210683e-01,nan,1.232969596901222181e-05,1.409565227061349013e+01,1.000000000000000000e+00
1.200000000000000000e+02,3.117582342591258282e+01,2.207550820067459441e+01,-1.630087017412059974e-03,4.669371123258073197e+01,2.655215699139767960e-01,nan,1.069650535388232567e-05,4.355972539901602048e+00,1.000000000000000000e+00
1.210000000000000000e+02,1.314760464123529005e+02,4.010533544057091149e+01,1.177010189104279146e-03,-3.303183305908162737e+01,3.603678152208438235e-01,nan,9.209036389780624735e-06,1.283164021430925672e+01,1.000000000000000000e+00
1.210000000000000000e+02,1.188917006290330534e+02,4.965685635654617869e+01,-1.374999981590919454e-03,3.900192964215244729e+01,3.401699616941070703e-01,nan,1.170159452973756820e-05,1.561240963555341210e+01,1.000000000000000000e+00
1.220000000000000000e+02,4.621576193634730600e+01,5.247574100574830425e+01,-1.024930649194929870e-03,2.844609391483229288e+01,3.578680876984713377e-01,nan,7.423619758250550070e-06,1.300196777861874331e+01,1.000000000000000000e+00
1.230000000000000000e+02,1.236791659414227240e+02,6.084831473545248670e+00,-6.732964307788973264e-03,2.005636147891722203e+02,1.004374124235383192e-01,nan,5.135350940769389154e-05,1.559514154551238541e+01,1.000000000000000000e+00
1.230000000000000000e+02,4.536200052901389945e+00,2.518459734306444275e+01,-9.089261652849872641e-03,2.716143621624042908e+02,4.508960194300593027e-02,nan,4.392239632256150387e-05,6.611703405672796130e+00,1.000000000000000000e+00
1.230000000000000000e+02,1.306206442884222554e+02,2.730223902619312071e+01,-9.072194681518552101e-03,2.710997322617978398e+02,1.210966786012157570e-02,nan,1.151595121350284566e-05,1.283164021430925672e+01,1.000000000000000000e+00
1.230000000000000000e+02,4.418061303527616701e+01,1.148748554154343893e+01,-1.482979474340240418e-03,4.225789548063344370e+01,3.212105580439529318e-01,nan,1.000639416304292057e-05,6.832803255680889976e+00,1.000000000000000000e+00
1.230000000000000000e+02,4.673752958481030895e+00,3.179486973705486363e+01,-8.502944735644750104e-03,2.539348213131501382e+02,6.553642963992045711e-02,nan,5.425261970204920596e-05,5.447504891335642974e+00,1.000000000000000000e+00
1.240000000000000000e+02,3.284383688826500958e+01,3.778720049570456041e+01,-7.914595421027171424e-03,2.361939964517498254e+02,1.789283368734317925e-02,nan,1.298089085311356367e-05,1.373072629331988992e+01,1.000000000000000000e+00
1.240000000000000000e+02,1.054149224489360819e+02,4.177499207753304944e+01,-8.586785639714019161e-03,2.564629228310063240e+02,1.187602365766049495e-02,nan,9.340628593587128347e-06,1.561240963555341210e+01,1.000000000000000000e+00
1.250000000000000000e+02,1.050328396417424699e+02,7.908860626580633379e+00,-1.189097199472601051e-03,3.339629942067109880e+01,3.247705401761195043e-01,nan,8.026284528256016890e-06,1.873532937594827885e+01,1.000000000000000000e+00
1.280000000000000000e+02,5.232336023995311614e+00,3.721366060772393070e+01,-9.030208082198856734e-03,2.698336869269092517e+02,1.325422379672602791e-02,nan,1.078179268539764839e-05,5.447504891335642974e+00,1.000000000000000000e+00
1.280000000000000000e+02,2.685365508838948401e+01,2.543201670320247487e+01,-1.339498015992751992e-03,3.793141908275470087e+01,3.262771915069255790e-01,nan,1.011367510861888140e-05,1.312648538674184984e+01,1.000000000000000000e+00
1.300000000000000000e+02,7.175126322675976098e+01,3.721090424999630386e+01,-1.247941155089384718e-03,3.517065401718816986e+01,3.544773158428157211e-01,nan,1.023684281972346649e-05,3.918089394823825788e+00,1.000000000000000000e+00
1.300000000000000000e+02,4.001451282552029909e+01,2.629837529858350464e+01,-1.568718630504692055e-03,4.484323605210410335e+01,2.610228119205934005e-01,nan,9.447266922557646075e-06,1.183146731968534482e+01,1.000000000000000000e+00
1.300000000000000000e+02,5.152388940642030235e+01,2.904024868293458894e+01,-1.333567110867190991e-03,3.775258119429629033e+01,2.703083896301308187e-01,nan,7.433025869435684477e-06,1.183146731968534482e+01,1.000000000000000000e+00
1.300000000000000000e+02,1.203994435312351499e+02,2.649042092102841295e+01,-1.064888277375221261e-03,2.965095855189618845e+01,3.661646550953493451e-01,nan,8.814780979240979610e-06,1.214070146087636282e+01,1.000000000000000000e+00
1.300000000000000000e+02,1.349345183363560352e+02,2.886513870043971863e+01,-1.155403161535833697e-03,3.238030431188423108e+01,3.446796531904827710e-01,nan,8.199537579901177900e-06,1.472778612427245015e+01,1.000000000000000000e+00
1.300000000000000000e+02,1.070002503397369935e+02,4.993137304812897526e+01,-1.123340132817229669e-03,3.141348993326541361e+01,3.264837422782652654e-01,nan,7.201882880683552383e-06,1.925599075127414395e+01,1.000000000000000000e+00
1.320000000000000000e+02,3.303426801867181695e+01,1.385166081858588072e+01,-9.049503926901097950e-03,2.704155252887636038e+02,1.765147371595998660e-02,nan,1.417245054768559155e-05,1.312648538674184984e+01,1.000000000000000000e+00
1.320000000000000000e+02,4.584590984083292398e+01,3.969618150854552141e+01,-9.014306457273531248e-03,2.693541963661099317e+02,1.078639161759076259e-02,nan,8.241663491783046412e-06,1.207428492007540832e+01,1.000000000000000000e+00
1.330000000000000000e+02,9.308700784572437215e+01,1.200670558957987666e+01,-1.227512428301490242e-03,3.455465523027532271e+01,3.166459185241833341e-01,nan,8.168298257228656680e-06,7.773658013474848083e+00,1.000000000000000000e+00
1.330000000000000000e+02,1.158187127136546053e+02,1.524704344186347349e+01,-1.647280191373166110e-03,4.721214659143524273e+01,2.425571098660956881e-01,nan,9.427360992755400604e-06,1.094479044055723804e+01,1.000000000000000000e+00
1.350000000000000000e+02,9.970667865241691175e+01,2.989083820375930500e+01,-1.461083971975538076e-02,4.381095836401261181e+02,4.944032014601373870e-02,nan,1.077089284247171984e-04,8.965858961412033423e+00,1.000000000000000000e+00
1.350000000000000000e+02,6.184547110725937102e+01,4.903524040791649696e+01,-1.172152851062647312e-03,3.288536703736930633e+01,3.267151163331417640e-01,nan,7.645221860408959552e-06,1.253619613996293580e+01,1.000000000000000000e+00
1.350000000000000000e+02,8.531633351410292221e+01,1.179134695301924474e+01,-1.339858548574228555e-03,3.794229042266432828e+01,2.426278797000664955e-01,nan,6.171215356296338396e-06,7.773658013474848083e+00,1.000000000000000000e+00
1.350000000000000000e+02,6.863430690579548354e+01,3.483687649130607156e+01,-1.358018589985491133e-03,3.848988027472763207e+01,2.954650640510773085e-01,nan,8.725963658155887163e-06,3.918089394823825788e+00,1.000000000000000000e+00
1.360000000000000000e+02,1.080828041350406181e+02,7.504682287083904946e+00,-1.532235643079995178e-02,4.595643436661594023e+02,5.323360341502492155e-03,nan,1.458680299241423605e-05,1.094479044055723804e+01,1.000000000000000000e+00
1.380000000000000000e+02,3.980265679818892721e+01,6.334628597951834195e+00,-2.935469313777329219e-03,8.605563130559308149e+01,1.210696167590318284e-01,nan,1.285980752080920643e-05,9.023976012724027385e+00,1.000000000000000000e+00
1.390000000000000000e+02,1.390472100867399661e+02,1.258002797975782627e+01,-7.771686527556316212e-03,2.318847849217748660e+02,1.802139493845134055e-02,nan,1.198356965697250813e-05,8.763116456181540670e+00,1.000000000000000000e+00
1.390000000000000000e+02,1.201039458900363570e+02,9.831215327000498050e+00,-8.078301698046092688e-03,2.411303230814363303e+02,1.806751464106914895e-02,nan,1.234162275064004294e-05,1.224420700084434088e+01,1.000000000000000000e+00
1.400000000000000000e+02,4.845903399432332037e+01,8.883996542455546930e+00,-6.833620295273142194e-03,2.035987508908750669e+02,2.010296192181593167e-02,nan,9.692558982112839855e-06,4.489040578620262067e+00,1.000000000000000000e+00
1.400000000000000000e+02,2.691694964654311661e+01,2.037117443960418584e+01,-7.831308519528958415e-03,2.336826000822496781e+02,1.730264599671293979e-02,nan,1.125656092054237346e-05,7.190760244030023784e+00,1.000000000000000000e+00
1.400000000000000000e+02,5.722406449462686595e+01,2.738421932473181641e+01,-7.898248136458138266e-03,2.357010676672790339e+02,1.548653294492818855e-02,nan,1.042797243186163112e-05,1.362848967142440415e+01,1.000000000000000000e+00
1.400000000000000000e+02,4.944403524708422992e+01,5.086843495994409636e+01,-9.194192028057454266e-03,2.747783862599061990e+02,1.593177891361974297e-02,nan,1.381199254334781271e-05,1.253619613996293580e+01,1.000000000000000000e+00
1.420000000000000000e+02,4.371511057510205234e+01,2.266882660778219361e+01,-1.322097070047741638e-03,3.740671865944617736e+01,3.473286936456606577e-01,nan,1.082878284690552927e-05,1.337067461951231806e+01,1.000000000000000000e+00
1.430000000000000000e+02,1.350055760479368985e+02,2.035546393673079280e+01,-7.976742717275981873e-03,2.380679585198052166e+02,2.050328881187879482e-02,nan,1.329012318658797985e-05,8.763116456181540670e+00,1.000000000000000000e+00
1.430000000000000000e+02,4.743875160149399584e+00,4.983883086064818002e+01,-1.437595573969428905e-03,4.088940943331112265e+01,2.930138754496346420e-01,nan,9.797664001926062374e-06,3.145875916880723366e+01,1.000000000000000000e+00
1.430000000000000000e+02,7.335356523062048950e+01,1.464348245932282389e+01,-1.427646816259642423e-03,4.058941899611217963e+01,3.490222962772719928e-01,nan,1.284019747284516317e-05,2.055449269298589599e+01,1.000000000000000000e+00
1.430000000000000000e+02,1.349797861826534131e+02,4.212287523943823686e+01,-1.204805151430855250e-03,3.386995005253052682e+01,3.153907653449968818e-01,nan,7.690106632161380730e-06,2.176742658052134516e+01,1.000000000000000000e+00
1.440000000000000000e+02,1.041472725786152296e+02,2.772508234267139926e+01,-1.193784879203460721e-03,3.353764964076198396e+01,3.203238938941074254e-01,nan,7.657036201879963944e-06,9.748184002046372143e+00,1.000000000000000000e+00
1.450000000000000000e+02,1.392566179367269115e+02,1.103004258655887249e+01,-1.881464760515863619e-03,5.427364445194272236e+01,2.005938832350263601e-01,nan,9.323050730788729487e-06,1.024865066720930074e+01,1.000000000000000000e+00
1.470000000000000000e+02,1.992758820319887647e+01,9.488644283154346937e+00,-7.432892170860370962e-03,2.216689298220195496e+02,2.573152186074012526e-02,nan,1.496709226276960600e-05,1.255979548080857811e+01,1.000000000000000000e+00
1.470000000000000000e+02,1.093252630765600344e+02,3.598435021221929020e+01,-1.504457556333741288e-03,4.290553606002829667e+01,2.821093702885740795e-01,nan,9.837281541708801073e-06,9.748184002046372143e+00,1.000000000000000000e+00
1.470000000000000000e+02,4.192119473776890004e+01,3.591861172866004637e+01,-1.254645439969876049e-03,3.537281205652070071e+01,3.285158187439212174e-01,nan,8.984847831694287823e-06,1.337067461951231806e+01,1.000000000000000000e+00
1.490000000000000000e+02,1.313314029527098228e+02,4.071073652673661769e+01,-8.985384895608530820e-03,2.684821083947821307e+02,1.328699702413393968e-02,nan,1.034754191515335885e-05,1.300483155508453592e+01,1.000000000000000000e+00
1.490000000000000000e+02,2.599511490726365182e+01,2.048562487853599023e+01,-1.504170689273941382e-02,4.511017616957849441e+02,6.898670510362636676e-03,nan,1.718094349530799900e-05,1.047549450130474291e+01,1.000000000000000000e+00
1.490000000000000000e+02,6.997889821018459600e+01,2.731151027343171478e+01,-7.275524169739579390e-03,2.169237247587872162e+02,3.133345061582348823e-02,nan,1.663162168271922734e-05,1.821614485252463922e+01,1.000000000000000000e+00
1.510000000000000000e+02,7.669856518406362511e+01,1.038005997972328132e+01,-2.778194072466753581e-02,8.352651345254708986e+02,4.113532156987287358e-03,nan,4.634010684940245429e-05,1.821614485252463922e+01,1.000000000000000000e+00
1.520000000000000000e+02,5.422014051474062057e+01,4.929390207650838818e+01,-1.515888185876433994e-03,4.325021020468038557e+01,2.635845232956484097e-01,nan,9.103282200260288525e-06,1.780908109292829522e+01,1.000000000000000000e+00
1.530000000000000000e+02,1.146704619297029524e+02,1.961887695256343633e+01,-8.984139700835187120e-03,2.684445613426425439e+02,1.746859346028395432e-02,nan,1.368122846571024285e-05,1.595629754412324708e+01,1.000000000000000000e+00
1.540000000000000000e+02,1.197810040071146176e+02,3.473462341086308669e+01,-7.384845387757923117e-03,2.202201483872553069e+02,1.585356063477327826e-02,nan,8.644274563765327860e-06,1.244400431458729450e+01,1.000000000000000000e+00
1.550000000000000000e+02,7.202658694265117845e+01,4.960022704194124543e+01,-1.328593059258122155e-03,3.760259584332258953e+01,3.706964468360297582e-01,nan,1.254797923727661209e-05,1.462490671285715393e+01,1.000000000000000000e+00
1.560000000000000000e+02,1.073865466657078258e+02,3.584397934721285139e+01,-1.178891463550640851e-03,3.308856017618691681e+01,3.466795331972931660e-01,nan,8.743583808286691162e-06,1.244400431458729450e+01,1.000000000000000000e+00
1.570000000000000000e+02,7.689885023887042337e+01,3.581077648247046596e+01,-8.083871426594030352e-03,2.412982702112102800e+02,2.017481377108010232e-02,nan,1.343036739909965532e-05,1.206045149735729360e+01,1.000000000000000000e+00
1.570000000000000000e+02,4.460950606245567940e+01,2.982633378490393028e+01,-1.682792970008919120e-03,4.828298320238307895e+01,3.019576914893981057e-01,nan,1.383480619957226501e-05,5.790645424184260648e+00,1.000000000000000000e+00
1.590000000000000000e+02,9.060859956142570582e+01,2.202600030945820109e+01,-8.918696538564483203e-03,2.664712171891350749e+02,1.443172559058258919e-02,nan,1.154139851644406577e-05,1.944163780722580270e+01,1.000000000000000000e+00
1.600000000000000000e+02,1.267298056125626573e+02,3.212140577783394235e+01,-1.368204347360231108e-03,3.879701709494035100e+01,2.747979490006257075e-01,nan,8.068361274631316137e-06,1.801825930441373202e+01,1.000000000000000000e+00
1.600000000000000000e+02,4.849807880365985113e+01,4.370467611209625858e+01,-8.407524867214010225e-03,2.510575728281613692e+02,2.686782727832026652e-02,nan,2.006505237598313007e-05,7.698806433993893528e+00,1.000000000000000000e+00
1.620000000000000000e+02,8.258308699183515955e+01,4.644769064290029803e+01,-8.537363122783019065e-03,2.549726581272012425e+02,1.897332944505569774e-02,nan,1.431152045224572868e-05,1.206045149735729360e+01,1.000000000000000000e+00
1.620000000000000000e+02,1.268169870619304334e+02,5.126417774393087257e+01,-7.907731901380514808e-03,2.359870369177470764e+02,1.563003585306388388e-02,nan,1.010471920794231474e-05,1.914297048921876154e+01,1.000000000000000000e+00
1.640000000000000000e+02,1.381298194846762897e+02,1.816800647598965313e+01,-7.183638185506455685e-03,2.141530354539873997e+02,1.945549358373787063e-01,nan,1.429298546858129813e-04,1.785644217557600655e+01,1.000000000000000000e+00
1.640000000000000000e+02,9.481693664499697149e+01,4.510415912558683260e+01,-1.182586234178160597e-03,3.319997065458355223e+01,3.061444156736704558e-01,nan,7.052570274720989775e-06,1.230740241782083011e+01,1.000000000000000000e+00
1.660000000000000000e+02,8.394891797937924593e+01,3.355691307100497056e+01,-8.565249953575850700e-03,2.558135452817255953e+02,1.449759625744162506e-02,nan,1.064221111538153511e-05,1.296293333681135884e+01,1.000000000000000000e+00
1.680000000000000000e+02,1.203923328032365561e+02,1.611031519801871070e+01,-8.082182776087010884e-03,2.412473513911269833e+02,1.197767302258012645e-02,nan,8.783861201320038750e-06,1.173852768305551919e+01,1.000000000000000000e+00
1.680000000000000000e+02,4.339901513891205553e+01,1.118152968987424956e+01,-8.611880332251145576e-03,2.572196170842174752e+02,1.504864666953842356e-02,nan,1.081372918082240534e-05,2.221454399327228657e+01,1.000000000000000000e+00
1.680000000000000000e+02,1.070583579000740144e+02,4.722589485743974791e+01,-1.387996043061740219e-03,3.939380712838983101e+01,2.784894895749705501e-01,nan,8.512657987419586239e-06,1.242393483804842802e+01,1.000000000000000000e+00
1.700000000000000000e+02,1.764912902090276248e+01,3.319066300593408414e+01,-1.235786624548141505e-03,3.480415168218519995e+01,3.442562163838843725e-01,nan,1.051631643185001069e-05,2.670430379127091314e+01,1.000000000000000000e+00
1.710000000000000000e+02,8.366139699789040662e+01,1.850832629586891542e+01,-8.811164876866150672e-03,2.632287550499797817e+02,6.112584927328967854e-02,nan,5.361984611369397007e-05,5.654032159392982315e+00,1.000000000000000000e+00
1.710000000000000000e+02,6.363825228875366236e+01,2.033899901395616183e+01,-7.207532186922346526e-03,2.148735245984897517e+02,1.981329205422066586e-02,nan,1.061157361036957313e-05,1.299573637703275253e+01,1.000000000000000000e+00
1.710000000000000000e+02,1.331761219112557058e+02,4.860820080180226199e+01,-8.108380724179464760e-03,2.420373127241122688e+02,2.203844270952159956e-02,nan,1.520301257411144502e-05,2.615431831777684835e+01,1.000000000000000000e+00
1.720000000000000000e+02,8.549628755837406402e+01,1.195945879489535990e+01,-8.622196453486949755e-03,2.575306848386047704e+02,8.017988274176912622e-02,nan,6.081777139789545461e-05,6.801065277900194772e+00,1.000000000000000000e+00
1.720000000000000000e+02,8.566602583805122606e+01,4.472611029916004810e+01,-1.257855061911250863e-03,3.546959357613587827e+01,3.088508542932592027e-01,nan,8.044927494239229040e-06,1.767234114840262649e+01,1.000000000000000000e+00
1.730000000000000000e+02,1.112114627047970998e+02,2.342500291530651424e+01,-8.071482961600208797e-03,2.409247139202510652e+02,3.068015520073441582e-02,nan,1.954572542205661230e-05,1.173852768305551919e+01,1.000000000000000000e+00
1.740000000000000000e+02,7.863519949184616564e+01,1.591884405231428445e+01,-7.120630813220621240e-03,2.122531390337347545e+02,1.605552548907615007e-01,nan,9.864801417206869177e-05,5.654032159392982315e+00,1.000000000000000000e+00
1.750000000000000000e+02,5.257990733197141964e+01,3.947354640370169676e+01,-1.271805239116465761e-03,3.589024104598817644e+01,2.968352507661634609e-01,nan,7.844319795566616262e-06,7.792974478819323814e+00,1.000000000000000000e+00
1.760000000000000000e+02,6.619096122569324336e+01,3.377051606964393216e+01,-1.540240869297312964e-03,4.398453024337332096e+01,2.384964606057808911e-01,nan,7.983824506810549828e-06,1.367194109605372354e+01,1.000000000000000000e+00
1.770000000000000000e+02,4.270776864121573624e+01,1.141192798152341048e+01,-1.161684635102956838e-03,3.256971308598687642e+01,3.560446907269576577e-01,nan,8.735830635221861356e-06,2.223910538885566268e+01,1.000000000000000000e+00
1.770000000000000000e+02,3.454778259893774361e+01,3.209990604334610964e+01,-1.239514613562585008e-03,3.491656381312046875e+01,3.724954274003646759e-01,nan,1.104815844138858808e-05,1.599049163377282845e+01,1.000000000000000000e+00
1.800000000000000000e+02,1.891340512770189264e+01,3.545580588938914701e+01,-8.060555280946022152e-03,2.405952054738050094e+02,1.765684579634130280e-02,nan,1.196845695811046812e-05,1.599049163377282845e+01,1.000000000000000000e+00
1.800000000000000000e+02,9.636440022265023231e+01,7.812138847498964367e+00,-6.942669472181264845e-03,2.068869715120962098e+02,2.230349993858404822e-02,nan,1.146271074634599536e-05,2.157367161793699850e+01,1.000000000000000000e+00
1.820000000000000000e+02,1.095206704863885534e+02,4.158253277305028917e+01,-7.468422327287049627e-03,2.227402904351844768e+02,1.965440219932124144e-02,nan,1.097702395688232899e-05,1.311067753374264377e+01,1.000000000000000000e+00
1.820000000000000000e+02,7.888229657903747238e+01,4.318004075322085100e+01,-1.301792608932791527e-03,3.679446692464203750e+01,2.561283918472674337e-01,nan,6.311378982726835193e-06,1.085932274597776193e+01,1.000000000000000000e+00
1.830000000000000000e+02,7.479143686233989285e+01,7.637327711446494583e+00,-1.311066338576510198e-03,3.707410286426767243e+01,2.693013956552413601e-01,nan,6.868397865227392293e-06,2.157367161793699850e+01,1.000000000000000000e+00
1.830000000000000000e+02,1.002370070574853855e+02,3.232491651762956764e+01,-2.045636322818027934e-03,5.922400108815004671e+01,1.906105330072604964e-01,nan,1.029190941119602717e-05,1.307926731189243341e+01,1.000000000000000000e+00
1.840000000000000000e+02,1.367991818748503476e+02,4.762916243610718681e+01,-1.714181177220519894e-02,5.144273948383877268e+02,4.211994777405414503e-03,nan,1.288277427294964546e-05,1.173104859735487793e+01,1.000000000000000000e+00
1.860000000000000000e+02,9.430717843835535064e+01,2.066711372449207573e+01,-1.191018254336290595e-03,3.345422605887583245e+01,3.407608376522857085e-01,nan,8.489225744429376429e-06,1.307926731189243341e+01,1.000000000000000000e+00
1.880000000000000000e+02,1.123848030843626447e+02,4.115323249759608615e+01,-7.438760831245187256e-03,2.218458908101116833e+02,1.732778187225836319e-02,nan,9.502921793998616126e-06,1.353540916606300293e+01,1.000000000000000000e+00
1.890000000000000000e+02,1.255445800488422350e+02,4.431986659990324995e+01,-7.287363957565341083e-03,2.172807364812356639e+02,2.423180048730344538e-02,nan,1.269966103972437617e-05,1.173104859735487793e+01,1.000000000000000000e+00
1.900000000000000000e+02,4.006269165974946844e+01,3.909855025494363900e+01,-8.277844297028255638e-03,2.471472423043849744e+02,1.613663774532680950e-02,nan,1.100385409232855023e-05,3.216066669081809692e+01,1.000000000000000000e+00
1.910000000000000000e+02,9.767014502289605105e+00,2.830594039593078293e+01,-8.830852213983709370e-03,2.638223983008722371e+02,1.755264182682658713e-02,nan,1.336502989074820850e-05,2.059679914463789530e+01,1.000000000000000000e+00
1.940000000000000000e+02,9.556231316346517346e+00,7.710219834292741048e+00,-7.697065703106540334e-03,2.296347016044563816e+02,2.579721051527184006e-02,nan,1.542624435379811516e-05,1.289552849056937234e+01,1.000000000000000000e+00
1.960000000000000000e+02,5.666288360824950132e+01,4.276028658595534893e+01,-1.220682780140967079e-03,3.434871704207571241e+01,3.319859022138589300e-01,nan,8.673647565084667630e-06,1.310673001795496795e+01,1.000000000000000000e+00
1.970000000000000000e+02,3.854808416946016081e+01,3.886646669659737086e+01,-9.214210647842420790e-03,2.753820188617439157e+02,1.390115015603532456e-02,nan,1.297379213689778255e-05,1.852856691809494549e+01,1.000000000000000000e+00
1.980000000000000000e+02,1.241532470766600937e+02,3.640192841811943225e+01,-9.446317119753426875e-03,2.823808546979803964e+02,9.372066455568095478e-03,nan,8.993266240800695455e-06,1.129560461807562355e+01,1.000000000000000000e+00
1.980000000000000000e+02,1.014884841679764804e+02,2.191522352893825243e+01,-1.193178782051882705e-03,3.351937365547911440e+01,3.366003979272240709e-01,nan,7.941828802845888612e-06,8.203153690120450037e+00,1.000000000000000000e+00
1.990000000000000000e+02,7.209340556156080027e+01,4.968220066250895073e+00,-7.727935539695877411e-03,2.305655369956515699e+02,2.271176306664424160e-02,nan,1.329700436143769576e-05,1.931043127651318514e+01,1.000000000000000000e+00
1.990000000000000000e+02,6.904898620977441226e+01,4.704640768877776935e+01,-7.915956386037273362e-03,2.362350343883749417e+02,1.231583010297554459e-02,nan,7.650475535168372934e-06,1.228162426565089937e+01,1.000000000000000000e+00
2.000000000000000000e+02,6.418351267576468899e+01,2.258430222489702999e+01,-1.340574397652634321e-03,3.796387581897850083e+01,2.691940253100666425e-01,nan,7.234055005738766949e-06,1.027228049444452651e+01,1.000000000000000000e+00
2.020000000000000000e+02,6.323094411387983627e+01,3.281232059071228235e+01,-7.162231492421410745e-03,2.135075475041452648e+02,2.474192427986177112e-02,nan,1.242543670454227962e-05,1.027228049444452651e+01,1.000000000000000000e+00
2.020000000000000000e+02,1.378017116962015507e+02,2.095342976971678439e+01,-2.364030786173336104e-03,6.882472683200099084e+01,1.206524703426913314e-01,nan,7.667058549112604690e-06,2.017444330872455183e+01,1.000000000000000000e+00
2.030000000000000000e+02,1.219338509163345208e+02,8.494731720253566820e+00,-1.735758813985136245e-03,4.988009182182472756e+01,2.787011446264415770e-01,nan,1.405328794180714783e-05,2.017444330872455183e+01,1.000000000000000000e+00
2.050000000000000000e+02,3.525574898217936948e+01,2.083273957887890759e+01,-8.084299523357754355e-03,2.413111788515712135e+02,1.204383824864352359e-02,nan,8.946810109514325790e-06,2.732230929196633795e+01,1.000000000000000000e+00
2.050000000000000000e+02,1.597038477323584260e+01,4.440138226347400519e+01,-1.726468994245451260e-03,4.959997070856591961e+01,2.442289076278795212e-01,nan,1.042186942138293432e-05,6.189396321935790368e+00,1.000000000000000000e+00
2.060000000000000000e+02,7.624101324556370685e+01,1.798208319664439259e+01,-7.822379674445314665e-03,2.334133636390212985e+02,1.653075529317871162e-02,nan,9.788586467745562537e-06,1.972809772825558383e+01,1.000000000000000000e+00
2.080000000000000000e+02,7.870043943863527147e+01,3.897896726923237054e+01,-8.512548960022136429e-03,2.542244228447156331e+02,1.248186256986449916e-02,nan,9.509168388614316195e-06,2.114043324903406784e+01,1.000000000000000000e+00
2.080000000000000000e+02,2.559547494002395851e+01,4.639027644134529993e+01,-1.608969047028805874e-02,4.827021947123490122e+02,4.895741738942249732e-03,nan,1.466746904228761332e-05,9.828431246621793349e+00,1.000000000000000000e+00
2.100000000000000000e+02,1.146029183172218922e+02,3.703290049048806054e+01,-8.629472738153527028e-03,2.577500907063507043e+02,5.416496056882291743e-02,nan,4.531724905159141591e-05,7.317443334804801580e+00,1.000000000000000000e+00
2.100000000000000000e+02,1.161492123193741008e+02,4.485738338387935187e+01,-9.782302982791821547e-03,2.925120237228732663e+02,3.365487976855330299e-02,nan,3.914555389012418126e-05,7.975810785748672416e+00,1.000000000000000000e+00
2.100000000000000000e+02,1.438713971883959175e+02,2.180527698230888944e+01,-1.134779093940110287e-03,3.175841530469938689e+01,3.173835296970104469e-01,nan,6.907164140786132609e-06,2.374235011714547028e+01,1.000000000000000000e+00
2.110000000000000000e+02,1.165969765463584764e+02,1.335861379775676383e+01,-7.212297119174173460e-03,2.150172042569101052e+02,1.677443450544935377e-02,nan,1.002047596925387398e-05,8.462891324819141303e+00,1.000000000000000000e+00
2.130000000000000000e+02,1.201412689011294503e+02,2.104356801229904050e+01,-1.433800148779221630e-03,4.077496386177547549e+01,3.502015795736972414e-01,nan,1.363646788537421924e-05,8.462891324819141303e+00,1.000000000000000000e+00
2.140000000000000000e+02,1.070309266309869116e+02,2.531204181527628094e+01,-9.288779993491575945e-03,2.776305499100902239e+02,1.732211658997540038e-02,nan,1.442769726588764953e-05,9.866325289996431991e+00,1.000000000000000000e+00
2.140000000000000000e+02,6.477925752420827621e+01,1.879035831691133751e+01,-1.288482861255588413e-03,3.639313068335794554e+01,3.271932181021807162e-01,nan,9.154219272582818790e-06,1.974557690149728728e+01,1.000000000000000000e+00
2.140000000000000000e+02,6.133311624764326098e+01,3.823288689410257746e+01,-1.174576349553929514e-03,3.295844413836610443e+01,3.029212800828675611e-01,nan,6.665225612055844345e-06,1.974557690149728728e+01,1.000000000000000000e+00
2.160000000000000000e+02,1.376647756361939798e+02,3.880787843227996348e+01,-7.436949243672562153e-03,2.217912650001574093e+02,2.659192295788659344e-02,nan,1.424805430395620188e-05,1.286128877721365171e+01,1.000000000000000000e+00
2.180000000000000000e+02,2.512955532826272531e+01,3.180271551736182190e+01,-8.330554860951893542e-03,2.487366533220942983e+02,1.183335064683421756e-02,nan,7.981974229534232561e-06,1.922234438011192736e+01,1.000000000000000000e+00
2.210000000000000000e+02,1.279181653027809062e+02,4.719932264763927776e+01,-1.144278179905470604e-03,3.204484653911729453e+01,3.026862580245187617e-01,nan,6.481555043796241877e-06,1.286128877721365171e+01,1.000000000000000000e+00
2.230000000000000000e+02,9.680079101749748816e+01,1.147943146917550727e+01,-1.342399419638077305e-03,3.801890672427154527e+01,2.862196571369980402e-01,nan,8.680779208164220981e-06,1.510857113176385802e+01,1.000000000000000000e+00
2.230000000000000000e+02,3.430512080806703779e+01,9.379805615956055220e+00,-1.519966026109375711e-03,4.337317159443302472e+01,2.866218041566948038e-01,nan,1.152028745572740857e-05,2.067085635255084952e+01,1.000000000000000000e+00
2.240000000000000000e+02,6.472554644111640698e+01,3.562549028932406259e+01,-1.246388186651430172e-03,3.512382649416990432e+01,3.227909935479057468e-01,nan,8.527822387495904660e-06,1.328045499629614312e+01,1.000000000000000000e+00
2.240000000000000000e+02,2.468919498482767949e+01,2.767784575444494166e+01,-1.624845750877917765e-03,4.653566840101122892e+01,2.576762557818255139e-01,nan,1.060591542237217844e-05,9.765166726842494427e+00,1.000000000000000000e+00
2.250000000000000000e+02,1.002715149520315236e+02,2.618395448129054870e+01,-1.780850129799807242e-03,5.123975540392327588e+01,2.280183997094540338e-01,nan,9.909365110516743681e-06,1.510857113176385802e+01,1.000000000000000000e+00
2.270000000000000000e+02,5.316836612263979589e+01,2.908316134659548524e+01,-1.640471073401137498e-03,4.700682746145394475e+01,2.783684768884757688e-01,nan,1.146653181580359554e-05,1.328045499629614312e+01,1.000000000000000000e+00
2.270000000000000000e+02,1.265699478058423466e+02,3.378516238985419307e+01,-1.107582302781879614e-03,3.093833529994257603e+01,3.549475174497374041e-01,nan,7.904099581746861473e-06,8.019317431862956980e+00,1.000000000000000000e+00
2.280000000000000000e+02,6.644029820388706042e+00,7.925263317295731191e+00,-1.284309238072621918e-03,3.626728109691860880e+01,3.154332719561929732e-01,nan,8.644300045619716865e-06,2.675429869662550786e+01,1.000000000000000000e+00
2.290000000000000000e+02,9.332980110517505068e+01,7.186398437858426469e+00,-9.120401870486965698e-03,2.725533505040575051e+02,1.965913926835167747e-01,nan,2.126017232209645403e-04,2.022608530474899524e+01,1.000000000000000000e+00
2.300000000000000000e+02,8.364205486480203433e+01,4.967504392442008054e+01,-7.267741943905263284e-03,2.166890629649714128e+02,1.467920418735368937e-02,nan,8.531786401458548382e-06,3.576864249568949994e+00,1.000000000000000000e+00
2.310000000000000000e+02,1.345204541671550658e+02,3.273687775689085555e+01,-1.132164081363420298e-03,3.167956337272497436e+01,3.670257903383810083e-01,nan,8.939123038672134645e-06,8.019317431862956980e+00,1.000000000000000000e+00
2.350000000000000000e+02,1.091310733356624496e+02,3.658867168936999548e+01,-1.290507583325473627e-03,3.645418325662080861e+01,3.140830415810400567e-01,nan,7.803635223209210890e-06,1.335354584438554681e+01,1.000000000000000000e+00
2.360000000000000000e+02,1.072275815217185979e+01,2.410217766524928962e+01,-1.544182107041954834e-02,4.631666275406620343e+02,5.770033286684905782e-03,nan,1.749043242297148109e-05,1.191885830181352546e+01,1.000000000000000000e+00
2.360000000000000000e+02,1.317606195121166763e+02,4.870423127701712929e+01,-8.304855677943348904e-03,2.479617315307228296e+02,1.294147330054495892e-02,nan,8.527072872498499978e-06,1.620410644743608586e+01,1.000000000000000000e+00
2.370000000000000000e+02,8.969092851836288460e+00,1.231303684697469691e+01,-7.163090397400095899e-03,2.135334465447676564e+02,2.758292284884822365e-02,nan,1.380093322434769146e-05,1.191885830181352546e+01,1.000000000000000000e+00
2.370000000000000000e+02,3.125015861873388445e+01,1.145933142166577134e+01,-1.265629740867621911e-03,3.570402780473398252e+01,3.046681065853042991e-01,nan,7.989843271894633747e-06,6.664677248367472551e+00,1.000000000000000000e+00
2.380000000000000000e+02,1.051063845434929931e+02,2.385607310368089529e+01,-9.277703746746810212e-03,2.772965616674961211e+02,9.939936134927163103e-03,nan,1.050163268186172117e-05,9.780015839382786069e+00,1.000000000000000000e+00
2.380000000000000000e+02,1.411265512668815063e+02,8.573292206619630207e+00,-1.461512939241729845e-03,4.161060308120009665e+01,2.447894577447674580e-01,nan,7.871554978018120680e-06,3.912819702884718964e+01,1.000000000000000000e+00
2.380000000000000000e+02,3.767578623856049802e+01,1.322829510592511681e+01,-1.123890553288855922e-03,3.143008706858050516e+01,3.264353249209487329e-01,nan,7.298471212281426540e-06,6.664677248367472551e+00,1.000000000000000000e+00
2.400000000000000000e+02,5.383120998022433668e+01,3.178647146723840677e+01,-1.262396839116643405e-03,3.560654431604239534e+01,2.994033252407287682e-01,nan,8.166143095623269491e-06,9.580770981549926901e+00,1.000000000000000000e+00
2.420000000000000000e+02,9.631416734458213114e+01,2.813925259393742806e+01,-8.288100418626886262e-03,2.474565008562655066e+02,1.907109637957615789e-02,nan,1.375114242502494892e-05,9.780015839382786069e+00,1.000000000000000000e+00
2.430000000000000000e+02,8.542863712028336920e+01,2.900369936694085382e+01,-8.493816004629783922e-03,2.536595575980072965e+02,5.445239772149967905e-02,nan,4.422647531522755235e-05,6.856692641325265569e+00,1.000000000000000000e+00
2.430000000000000000e+02,1.697609165531467212e+01,5.237062465455653637e+01,-1.468344000373370288e-03,4.181658387550547218e+01,2.651729413430065074e-01,nan,8.533641039000530479e-06,2.031691291790918186e+01,1.000000000000000000e+00
2.460000000000000000e+02,1.690081613196020527e+01,4.864674587448239329e+00,-1.588821401957306659e-03,4.544940612608711916e+01,2.694384226187681586e-01,nan,1.051479402918255841e-05,2.663891089203672990e+01,1.000000000000000000e+00
2.460000000000000000e+02,8.651525177804028033e+01,2.223365486463868024e+01,-1.521980721526716880e-02,4.564721200037189988e+02,9.224292664931077468e-03,nan,2.649539639407574580e-05,6.856692641325265569e+00,1.000000000000000000e+00
2.460000000000000000e+02,3.216077811208860027e+01,3.887239337326003152e+01,-1.158029254521765949e-03,3.245949035761534418e+01,3.692204511531022026e-01,nan,9.383273451184574360e-06,1.419001382348588258e+01,1.000000000000000000e+00
2.460000000000000000e+02,1.160990531906025609e+02,3.928771262104569217e+01,-1.213013184058262537e-03,3.411745143594615826e+01,3.586044108557898680e-01,nan,9.915133734063493509e-06,2.270968667586786438e+01,1.000000000000000000e+00
2.470000000000000000e+02,4.292398039755216388e+01,1.055910125919411335e+01,-7.825387064011927324e-03,2.335040471331050185e+02,2.538003249895226521e-02,nan,1.708812864646728507e-05,1.559789703088440938e+01,1.000000000000000000e+00
2.480000000000000000e+02,6.059397677028549367e+01,8.558836622160375995e+00,-1.398831822529807839e-03,3.972054442714014044e+01,2.756200210141247497e-01,nan,8.487143774239982427e-06,1.046454634664758565e+01,1.000000000000000000e+00
2.490000000000000000e+02,6.224086377821200244e+01,3.658049901835181572e+01,-9.984156343574163150e-04,2.764657189153307115e+01,3.718508564368914193e-01,nan,6.956069413621740916e-06,8.865259629560446442e+00,1.000000000000000000e+00
2.510000000000000000e+02,6.706408142777075909e+01,1.678346281198340151e+01,-7.067780878578002954e-03,2.106595254930432475e+02,2.233822685296005250e-02,nan,1.076696778909627667e-05,1.046454634664758565e+01,1.000000000000000000e+00
2.520000000000000000e+02,1.273509408231300881e+02,2.329246029964254205e+01,-1.532537789797485013e-02,4.596554516502133652e+02,6.035295261774042963e-03,nan,1.602171852281959619e-05,8.995967716118817847e+00,1.000000000000000000e+00
2.530000000000000000e+02,1.755104508138668606e+01,1.951734655742563618e+01,-8.232028952837165681e-03,2.457657466910396806e+02,1.583594852697212119e-02,nan,1.247301906450413153e-05,2.345923418268519711e+01,1.000000000000000000e+00
2.560000000000000000e+02,1.239754280357348506e+02,1.495379442484079036e+01,-7.180738907677374980e-03,2.140656119133928144e+02,2.256178793586549602e-02,nan,1.374423365901000501e-05,8.995967716118817847e+00,1.000000000000000000e+00
2.570000000000000000e+02,1.292291925649955999e+02,3.632042716491061896e+01,-8.371079954012664026e-03,2.499586290440348932e+02,1.297674343363119931e-02,nan,8.962837051602674758e-06,1.316266501314774651e+01,1.000000000000000000e+00
2.590000000000000000e+02,8.758014720345607884e+01,1.872555729595599772e+01,-1.915844985151395020e-03,5.531033053077501194e+01,1.721753220854146393e-01,nan,7.788447597780753058e-06,1.163999301302952460e+01,1.000000000000000000e+00
2.600000000000000000e+02,1.071939642849471284e+02,2.395056339973309534e+01,-9.410543979544869209e-03,2.813021672593881135e+02,1.062308098059194794e-02,nan,1.086310126913834808e-05,1.904099203315276512e+01,1.000000000000000000e+00
2.600000000000000000e+02,1.834886221650105398e+01,3.860004207809575405e+01,-1.144925448163128549e-03,3.206436397971279462e+01,3.725680839906027053e-01,nan,9.618033278532780208e-06,2.463876579410406364e+01,1.000000000000000000e+00
2.610000000000000000e+02,7.602914322691501070e+01,3.333005323750014526e+01,-1.258068020530423489e-03,3.547601503609444507e+01,3.203041290553784171e-01,nan,8.537896448051319033e-06,1.698313787974904798e+01,1.000000000000000000e+00
2.610000000000000000e+02,4.294872772928952287e+01,3.998402062179972205e+01,-1.326163673089356815e-03,3.752934120790452965e+01,2.911163372797055393e-01,nan,8.226086233757521295e-06,1.277133235343820061e+01,1.000000000000000000e+00
2.640000000000000000e+02,9.225701831343192794e+01,4.267814811341714432e+01,-6.485822380697196451e-03,1.931114064912938488e+02,1.504618199860890959e-01,nan,7.514451865127059680e-05,7.119335671779722041e+00,1.000000000000000000e+00
2.660000000000000000e+02,5.075904045847538271e+01,2.987927197800384249e+01,-6.887869560317016332e-03,2.052345592212180918e+02,2.588374936863924169e-02,nan,1.250667611714118823e-05,1.270482936691143117e+01,1.000000000000000000e+00
2.660000000000000000e+02,8.642421433355421811e+01,4.676022333807897979e+01,-7.671748047112567255e-03,2.288712842098390468e+02,3.983320614879026778e-02,nan,2.470369124916332428e-05,7.119335671779722041e+00,1.000000000000000000e+00
2.670000000000000000e+02,8.130908109089456559e+01,3.666799465794264989e+01,-9.271491935798115841e-03,2.771092534691606488e+02,1.203020148383748822e-02,nan,1.018105321146006385e-05,1.131448928685374433e+01,1.000000000000000000e+00
2.700000000000000000e+02,7.671307661586344295e+01,2.309857022648220948e+01,-1.187141100406866696e-03,3.333731607510657113e+01,3.433153907988532039e-01,nan,9.153497337651586536e-06,7.989785070371393516e+00,1.000000000000000000e+00
2.710000000000000000e+02,3.806018738378019606e+01,2.948963133633551337e+01,-1.661994220859399837e-02,4.986911709684924290e+02,4.400602588770174961e-03,nan,1.377880706437586950e-05,9.440693911375610980e+00,1.000000000000000000e+00
2.710000000000000000e+02,2.067613399511015615e+01,1.378713262776032344e+01,-6.184630633179651928e-03,1.840294038278234439e+02,2.379202683683456776e-02,nan,9.405558330692255920e-06,1.397499432926100127e+01,1.000000000000000000e+00
2.710000000000000000e+02,1.099871202075371457e+02,4.617464788785393637e+01,-9.025505402544512987e-03,2.696918844057638012e+02,9.881052114187771629e-03,nan,8.145371466269096878e-06,1.166745862365518960e+01,1.000000000000000000e+00
2.710000000000000000e+02,7.071213922231538618e+01,1.782359004932075663e+01,-1.359302021419006058e-03,3.852858029819651620e+01,3.398667995189013080e-01,nan,1.114544370296663185e-05,7.111627105546777905e+00,1.000000000000000000e+00
2.710000000000000000e+02,3.785283185025369335e+01,1.166745552227503602e+01,-1.494005450019447777e-03,4.259036787176390959e+01,2.831045977936275104e-01,nan,1.022970102345705864e-05,9.733275780825561441e+00,1.000000000000000000e+00
2.730000000000000000e+02,1.038922152460173010e+01,3.459711746364967411e+01,-9.577505673369067149e-03,2.863366562867495873e+02,1.298994608842529708e-02,nan,1.224955958016472410e-05,2.321370364775613382e+01,1.000000000000000000e+00
2.740000000000000000e+02,9.305632376105720027e+01,2.314277824074331846e+01,-1.301395909743828343e-03,3.678250503285563866e+01,3.159250555606711863e-01,nan,8.981295142373112343e-06,1.634330693578899840e+01,1.000000000000000000e+00
2.750000000000000000e+02,1.215617058606496528e+02,4.764385096893835936e+01,-9.064432360757690085e-03,2.708656706767581568e+02,1.302685012058601988e-02,nan,1.097985586045026586e-05,1.166745862365518960e+01,1.000000000000000000e+00
2.760000000000000000e+02,1.211836523355689934e+02,7.550032079662721607e+00,-7.917307455775195527e-03,2.362757739473419178e+02,3.461243800668956094e-02,nan,2.256899957590775428e-05,2.743893381849436963e+01,1.000000000000000000e+00
2.760000000000000000e+02,1.217678176992889405e+02,3.498274685460878430e+01,-6.921048478592129426e-03,2.062350216396915528e+02,5.282720732856871493e-02,nan,2.549054797754953127e-05,1.160135213603490989e+01,1.000000000000000000e+00
2.760000000000000000e+02,7.133721704751489767e+01,2.490769322479692249e+01,-7.044201568166527649e-03,2.099485254018228204e+02,3.303888731762683051e-02,nan,1.600947457548980229e-05,7.111627105546777905e+00,1.000000000000000000e+00
2.770000000000000000e+02,1.328773911534626677e+02,3.832471469565695799e+01,-1.401070563914047842e-02,4.200134061601424946e+02,1.282684122192648823e-01,nan,2.883401999298726729e-04,1.160135213603490989e+01,1.000000000000000000e+00
2.800000000000000000e+02,2.162177780246198111e+01,4.217840649701297906e+01,-1.993000510258848001e-02,5.985013426192324459e+02,1.053664383965337015e-01,nan,4.849488992759642069e-04,2.951538109651870911e+01,1.000000000000000000e+00
2.800000000000000000e+02,9.298299941683499981e+01,2.185332036199659100e+01,-1.550822803769258233e-02,4.651690338436818593e+02,1.709092377655965223e-01,nan,4.993974571405949666e-04,1.298054116407957359e+01,1.000000000000000000e+00
2.840000000000000000e+02,9.194173381774297127e+01,8.914610423810643169e+00,-8.812152102228396067e-03,2.632585234066603448e+02,3.678666313137414212e-01,nan,5.556670741346597057e-04,1.298054116407957359e+01,1.000000000000000000e+00
2.890000000000000000e+02,1.211490205231580859e+02,2.168841986309544723e+01,-9.146076896023289798e-03,2.733275438617024520e+02,3.118058119974879139e-01,nan,4.373860359352576481e-04,2.503518571525640013e+01,1.000000000000000000e+00
2.900000000000000000e+02,2.206661249379947876e+01,2.033856946343221495e+01,-6.910479384185645724e-03,2.059163258442678455e+02,2.681200027262143903e-01,nan,1.949912116007666840e-04,9.102396459812391072e+01,1.000000000000000000e+00
2.900000000000000000e+02,1.099412770852785997e+02,4.407473288753177343e+01,-1.017448093825991211e-02,3.043375842353109988e+02,1.895206207537619703e-01,nan,2.580184417801840990e-04,1.104622868973003946e+01,1.000000000000000000e+00
2.950000000000000000e+02,1.133060983053077848e+02,3.355346174650245672e+01,-7.067131919253415509e-03,2.106399570607639191e+02,5.419593334794414741e-02,nan,2.796868516547464323e-05,1.104622868973003946e+01,1.000000000000000000e+00
2.960000000000000000e+02,9.007524043921843315e+01,5.009838981891284249e+01,-7.240651980199689502e-03,2.158722041879459539e+02,3.293459596830239366e-02,nan,1.682881508533097485e-05,2.852029807199915368e+01,1.000000000000000000e+00
2.980000000000000000e+02,6.407720357623165341e+01,3.539852276018351773e+01,-1.457596241221656820e-03,4.149250070242147359e+01,3.387084301485323579e-01,nan,1.252051161830784928e-05,2.933200611612886988e+01,1.000000000000000000e+00
3.020000000000000000e+02,3.656030539885458808e+01,2.524042758970573175e+01,-9.433682180070561418e-03,2.819998663183239955e+02,2.715017697011312681e-02,nan,2.637637566564662042e-05,2.933200611612886988e+01,1.000000000000000000e+00
3.050000000000000000e+02,1.107230184931202075e+02,2.904025030697977527e+01,-9.050964397276603859e-03,2.704595636661414915e+02,2.301001265623192626e-02,nan,1.831789634784172541e-05,7.425999371253050185e+01,1.000000000000000000e+00
3.110000000000000000e+02,1.402159008747752296e+02,2.727257060259818999e+01,-7.516078624585153384e-03,2.241772973338124189e+02,5.030083189878298278e-02,nan,3.063169080215100864e-05,2.174754943917371719e+01,1.000000000000000000e+00
3.120000000000000000e+02,1.204383099102984147e+02,1.822808044277435968e+01,-8.825443596346668751e-03,2.636593092382065038e+02,1.636147915725516544e-02,nan,1.299647887404034526e-05,2.174754943917371719e+01,1.000000000000000000e+00
3.120000000000000000e+02,1.092182018816873779e+02,4.790930727439763359e+01,-7.720145100967267839e-03,2.303306275538558339e+02,2.412266960646836100e-02,nan,1.384692119020979856e-05,3.146254777866666075e+01,1.000000000000000000e+00
3.120000000000000000e+02,7.869715966006830854e+01,4.027007338407666737e+01,-2.324513670541687119e-03,6.763314521538183044e+01,1.843843211403248805e-01,nan,1.271015472973990052e-05,3.146254777866666075e+01,1.000000000000000000e+00
3.140000000000000000e+02,3.870171072715735505e+01,4.724824088402282740e+00,-6.518203535283225054e-03,1.940878134965336983e+02,3.326477849119169328e-02,nan,1.383890627826363041e-05,3.222325376008714670e+01,1.000000000000000000e+00
3.180000000000000000e+02,1.807671307260608629e+01,2.948260174789194110e+01,-2.242199275318066797e-03,6.515107336970707763e+01,1.730094811785712894e-01,nan,1.103691702605679767e-05,5.360898199596548785e+00,1.000000000000000000e+00
3.180000000000000000e+02,5.008579024913330358e+01,3.831316110795393115e+01,-1.200242544022563128e-03,3.373237120790409449e+01,3.033516647039458114e-01,nan,7.405776800633235913e-06,3.039315951863961018e+01,1.000000000000000000e+00
3.190000000000000000e+02,7.973758958349399961e+01,4.498511297830491884e+01,-9.029475694754797443e-03,2.698116028400361301e+02,1.442463196173726647e-02,nan,1.165643434185055646e-05,1.057391033539560787e+01,1.000000000000000000e+00
3.190000000000000000e+02,1.102542450919860357e+02,4.633565929792337812e+01,-8.161425806068258945e-03,2.436368106485033991e+02,1.960731970463780449e-02,nan,1.325331613631589829e-05,2.125773317702815746e+01,1.000000000000000000e+00
3.200000000000000000e+02,7.732252365168811536e+01,2.267820318900615817e+01,-7.074971786437077130e-03,2.108763569463189640e+02,1.759824657989139673e-02,nan,9.936907778908835587e-06,2.225293971918150859e+01,1.000000000000000000e+00
3.200000000000000000e+02,8.962013696490055281e+01,4.122441662852599364e+01,-7.512306583672057579e-03,2.240635568814201974e+02,2.500555419260974688e-02,nan,1.439653593958562944e-05,1.057391033539560787e+01,1.000000000000000000e+00
3.220000000000000000e+02,6.397041483413447693e+00,2.908275217459290474e+01,-1.332953221038521907e-03,3.773407023207703048e+01,3.378890006832918624e-01,nan,1.007399537621280917e-05,1.168651394183317294e+01,1.000000000000000000e+00
3.230000000000000000e+02,1.031352471829346484e+02,1.494823064959835790e+01,-7.437954439084442509e-03,2.218215752177621596e+02,1.661841070795289088e-02,nan,9.364830317860019094e-06,2.694529961905354654e+01,1.000000000000000000e+00
3.230000000000000000e+02,1.926417429902404521e+01,3.471033216770047147e+01,-1.275622133663065335e-03,3.600533399499529708e+01,3.306826800817246337e-01,nan,9.224751344257790949e-06,5.360898199596548785e+00,1.000000000000000000e+00
3.240000000000000000e+02,1.343998988765783622e+02,5.066817006615973895e+00,-7.531164181902754926e-03,2.246321805531158020e+02,2.380245004835301881e-02,nan,1.409012397611924926e-05,3.278903446441473335e+01,1.000000000000000000e+00
3.250000000000000000e+02,2.581283700822376659e+01,5.352837408050670831e+01,-1.748026848313549144e-03,5.025001669979536700e+01,2.268241837622393398e-01,nan,9.599672964576897561e-06,1.111704400794440062e+01,1.000000000000000000e+00
3.300000000000000000e+02,1.119322019954693417e+02,1.234355944646547165e+01,-7.337255457821291287e-03,2.187851427006745837e+02,2.664849390054524481e-02,nan,1.400831394875824481e-05,3.107003543567239490e+01,1.000000000000000000e+00
3.300000000000000000e+02,4.127873126364395517e+01,5.040884920787509316e+01,-8.123694743814736247e-03,2.424990848950376119e+02,1.808105440986274015e-02,nan,1.183048270029181470e-05,1.167476859611297257e+01,1.000000000000000000e+00
3.310000000000000000e+02,4.788757358283591259e+01,4.078474275725625375e+01,-1.518592618067598522e-02,4.554504862805694643e+02,7.662030101686867489e-03,nan,1.873025145407675678e-05,4.235891629513711010e+00,1.000000000000000000e+00
3.310000000000000000e+02,4.897204565616533500e+01,1.701251143769229657e+01,-1.390742746124104708e-03,3.947662999699018371e+01,2.901203994734243841e-01,nan,8.902492783130463901e-06,2.379695488058690600e+01,1.000000000000000000e+00
3.330000000000000000e+02,1.174225835744589119e+02,4.292464530179491078e+01,-1.474834707597362168e-03,4.201230178870183352e+01,3.017642880641236980e-01,nan,9.683578251507039754e-06,3.107003543567239490e+01,1.000000000000000000e+00
3.350000000000000000e+02,2.019335564803773053e+01,5.227330825011619453e+01,-1.369294054161978138e-03,3.882987563159495181e+01,2.823469003617108397e-01,nan,8.148142998475527135e-06,1.468225790649514906e+01,1.000000000000000000e+00
3.400000000000000000e+02,1.115155714797617748e+02,4.783970981337707684e+01,-1.144541864861322754e-03,3.205279757858335898e+01,3.427582045265117339e-01,nan,7.910138026961576746e-06,2.072818848309229267e+01,1.000000000000000000e+00
3.410000000000000000e+02,1.824542456598047835e+01,1.564269266341922204e+01,-7.981251394964450005e-03,2.382039111915264584e+02,1.622914362130201127e-02,nan,1.054953730354304285e-05,1.975079971784952804e+01,1.000000000000000000e+00
3.420000000000000000e+02,1.123509722082301465e+02,1.305195359794941190e+01,-1.177483506712195642e-03,3.304610526876597021e+01,3.318251173689065192e-01,nan,7.981057551774933909e-06,2.136354808872262012e+01,1.000000000000000000e+00
3.430000000000000000e+02,6.039280686960063349e+01,3.772183719530252688e+01,-8.679860480001478848e-03,2.592694603751452291e+02,1.415527610742495224e-02,nan,1.034417822876517420e-05,1.158829186501816899e+01,1.000000000000000000e+00
3.470000000000000000e+02,8.655138827205389518e+00,4.491472957726727344e+01,-9.338457958992432001e-03,2.791285172970228814e+02,1.486029314179926342e-02,nan,1.265774024020735475e-05,4.263039350301304609e+01,1.000000000000000000e+00
3.470000000000000000e+02,6.969708312620670654e+01,4.462972773363640755e+01,-6.402163481290031911e-03,1.905887930614733250e+02,2.193091752917009085e-02,nan,9.823437617760308018e-06,1.158829186501816899e+01,1.000000000000000000e+00
3.480000000000000000e+02,8.278678385897867997e+01,3.255174804408871125e+01,-7.130749280556494298e-03,2.125582468198944071e+02,2.106107535717627322e-02,nan,1.064987689893778675e-05,1.781061084451226151e+01,1.000000000000000000e+00
3.490000000000000000e+02,1.019506840120470486e+02,2.652604828273818072e+01,-8.381237723379513990e-03,2.502649219262437441e+02,1.596044126519802209e-02,nan,1.110622899793959047e-05,1.474391619086122773e+01,1.000000000000000000e+00
3.510000000000000000e+02,1.424385699085967474e+02,1.561510501717373067e+01,-8.433925397158861456e-03,2.518536427246720564e+02,1.869579075803873280e-02,nan,1.472377636501025342e-05,2.850989250773720940e+01,1.000000000000000000e+00
3.520000000000000000e+02,1.140353952302443616e+02,1.807958041646911695e+01,-7.928575981006911327e-03,2.366155600703393702e+02,2.758023794195307854e-02,nan,1.692271360482122173e-05,1.031231707616236015e+01,1.000000000000000000e+00
3.530000000000000000e+02,9.879766313260151378e+01,1.106679504816505499e+01,-8.059029011391501129e-03,2.405491830171022798e+02,7.334928359278192200e-02,nan,5.226330830916494551e-05,5.879070621667727536e+00,1.000000000000000000e+00
3.540000000000000000e+02,3.722864636113887826e+01,7.426623854576448913e+00,1.024822391480567684e-03,-2.844282955962242454e+01,3.689457797767468072e-01,nan,7.949186036272088806e-06,4.516176608318070329e+00,1.000000000000000000e+00
3.550000000000000000e+02,9.294443005120217549e+01,1.051621910483936873e+01,-8.904052519175920111e-03,2.660296479091430797e+02,6.338436621576848395e-02,nan,5.558142356163671438e-05,5.879070621667727536e+00,1.000000000000000000e+00
3.560000000000000000e+02,1.073688431546070206e+02,2.594729716925866114e+01,-1.218806609054674979e-03,3.429214380943148655e+01,3.637477370197578219e-01,nan,1.027053548287025089e-05,1.031231707616236015e+01,1.000000000000000000e+00
3.560000000000000000e+02,6.091148936368232114e+01,2.664778552893739061e+01,-1.328505639562074531e-03,3.759995982849519436e+01,3.147534010386068282e-01,nan,9.156355010895848487e-06,3.050131323066340983e+01,1.000000000000000000e+00
3.580000000000000000e+02,2.826728468948794415e+01,2.689182911385319485e+01,-9.162665502109866231e-03,2.738277493484175125e+02,1.219617224813407397e-02,nan,1.062279653352459142e-05,1.763222253273366036e+01,1.000000000000000000e+00
3.580000000000000000e+02,1.365892300465402229e+02,2.970969898837820367e+01,-2.982859935242575949e-02,8.969791730465036608e+02,2.295482528438586023e-03,nan,3.154721984614336657e-05,1.660999663141684834e+01,1.000000000000000000e+00
3.580000000000000000e+02,8.684061186184298720e+01,4.727676060112366230e+01,-1.671119582698475615e-03,4.793098904743368394e+01,2.351636194833019999e-01,nan,9.202079728733813973e-06,2.960328174882782548e+01,1.000000000000000000e+00
3.580000000000000000e+02,1.353831398591629522e+02,4.990376704390293128e+01,-1.444981902371388896e-03,4.111213351115446102e+01,2.822355585334221928e-01,nan,9.081825705480704313e-06,2.023005284647699753e+01,1.000000000000000000e+00
3.630000000000000000e+02,1.317205836180947642e+02,1.382926227994778401e+01,-1.968876993817677938e-03,5.690943425099999331e+01,1.844805555763689986e-01,nan,9.315146957137901995e-06,7.742675643840265742e+00,1.000000000000000000e+00
3.640000000000000000e+02,1.022035953605335123e+02,3.154910654191118269e+01,-1.288504633994212809e-03,3.639378720888299057e+01,3.179292343721704661e-01,nan,8.873259393134638219e-06,3.237636869128357375e+01,1.000000000000000000e+00
3.650000000000000000e+02,1.319036461268620144e+02,6.088751040785275848e+00,-1.201839153396992710e-03,3.378051466040771089e+01,3.505752978410646703e-01,nan,9.124495488502367820e-06,7.742675643840265742e+00,1.000000000000000000e+00
3.690000000000000000e+02,1.329719148849186183e+01,1.458497632530388621e+01,-7.482818083364060902e-03,2.231743736931478281e+02,2.087770593400306574e-02,nan,1.169280234582031289e-05,3.757483596509432289e+01,1.000000000000000000e+00
3.700000000000000000e+02,7.199522121234066674e+01,3.124943608725620336e+01,-1.340521304827987622e-03,3.796227488144011630e+01,3.582546327028178768e-01,nan,1.249188167642719070e-05,1.180257839894663263e+01,1.000000000000000000e+00
3.710000000000000000e+02,9.065666780572500727e+01,5.172204139349485530e+00,-9.145060601159809427e-03,2.732968989561462081e+02,1.452834963589799688e-02,nan,1.186684078513144984e-05,2.119319302238697844e+01,1.000000000000000000e+00
3.710000000000000000e+02,1.338915096222638113e+02,3.446085539178827162e+01,-9.043562007641531286e-03,2.702363552849826647e+02,1.643573921555452344e-02,nan,1.313118955296632733e-05,1.005024075472585032e+01,1.000000000000000000e+00
3.720000000000000000e+02,8.603509378314892331e+01,3.491313131341961906e+01,-8.402175146394333730e-03,2.508962597140618698e+02,1.896329016736109097e-02,nan,1.409413303083135865e-05,1.152427354989690222e+01,1.000000000000000000e+00
3.740000000000000000e+02,5.087087523869663386e+01,1.429071922115257998e+01,-8.906664332744011064e-03,2.661084033796278732e+02,1.132516238234881900e-02,nan,9.559043832428998526e-06,1.050272573599196058e+01,1.000000000000000000e+00
3.750000000000000000e+02,8.153706364309944377e+01,2.430291898227092418e+01,-1.642838857152928433e-02,4.929151473677201238e+02,4.259119843146752515e-03,nan,1.217453814311049974e-05,1.152427354989690222e+01,1.000000000000000000e+00
3.780000000000000000e+02,4.269772120636600476e+01,7.694750675952758634e+00,-8.648823797988560574e-03,2.583335940008840907e+02,1.747002530564489842e-02,nan,1.350447724802646607e-05,1.050272573599196058e+01,1.000000000000000000e+00
3.780000000000000000e+02,1.056905858550797745e+02,4.244921625813086052e+01,-1.281631592071437540e-03,3.618654054438015777e+01,3.442970201454158552e-01,nan,9.916952421029507424e-06,1.092833557921624887e+01,1.000000000000000000e+00
3.800000000000000000e+02,5.968058002105414062e+01,4.478024368364787478e+01,-1.149917806980784362e-03,3.221490135815245281e+01,3.513965604636271056e-01,nan,8.426542495102785132e-06,1.072422279427720504e+01,1.000000000000000000e+00
3.810000000000000000e+02,4.611421070212496431e+01,2.885470855712973304e+01,-1.366012360766642036e-02,4.094421107317151041e+02,5.264928625710263432e-03,nan,1.282421088248276415e-05,1.243802045272468249e+01,1.000000000000000000e+00
3.810000000000000000e+02,4.974164745095612261e+01,4.075202150651568900e+01,-9.041684625639664560e-03,2.701797455389261700e+02,1.827262091091907958e-02,nan,1.458642865702807649e-05,1.072422279427720504e+01,1.000000000000000000e+00
3.820000000000000000e+02,1.041178581562580092e+02,5.326379189092027389e+01,-2.013585300251134746e-03,5.825754873771663966e+01,1.899992980056832703e-01,nan,9.851158875816832641e-06,1.092833557921624887e+01,1.000000000000000000e+00
3.840000000000000000e+02,1.010002820981338374e+02,2.073216209374637842e+01,-9.003788039256409304e-03,2.690370286441044527e+02,1.187989260302901862e-02,nan,1.082911569408019006e-05,1.801880448585775341e+01,1.000000000000000000e+00
3.880000000000000000e+02,1.649890236243943065e+01,4.651684850788105763e+01,-1.379380437395647625e-03,3.913401596793545423e+01,3.042952389969429960e-01,nan,9.400588146535358099e-06,2.436963032610948332e+01,1.000000000000000000e+00
3.890000000000000000e+02,1.178657022573440827e+02,2.707526212077355865e+01,-7.338061206160027307e-03,2.188094388795002203e+02,1.949415493613693151e-02,nan,1.045478631617879189e-05,1.677066519071112438e+01,1.000000000000000000e+00
3.910000000000000000e+02,1.061707162508455582e+02,3.909535002589029062e+01,-1.377755422071034628e-03,3.908501597498094782e+01,2.724124818349401567e-01,nan,8.204358383982986901e-06,1.677066519071112438e+01,1.000000000000000000e+00
3.920000000000000000e+02,6.156804323346442231e+01,3.067740624929430737e+01,-9.109691764036271372e-03,2.722304026938569450e+02,1.161776035619133118e-02,nan,1.010273125880532203e-05,1.311075031048986972e+01,1.000000000000000000e+00
3.930000000000000000e+02,4.086443553255902117e+01,4.606999778668098600e+01,-8.179401682917640179e-03,2.441788472838690041e+02,4.188419221809924764e-02,nan,2.879495059389013193e-05,7.558743052349257141e+00,1.000000000000000000e+00
3.930000000000000000e+02,6.189980197672481665e+01,1.421243836463708554e+01,-1.255764622047751558e-03,3.540655937760752181e+01,3.431632587354228603e-01,nan,9.617871264812417049e-06,1.646830991044689085e+01,1.000000000000000000e+00
3.940000000000000000e+02,1.033604581633004358e+02,5.065235680021540787e+00,-1.284611718741314901e-03,3.627640196514079918e+01,3.321917711760058456e-01,nan,9.218357834046097914e-06,2.635988183111584249e+01,1.000000000000000000e+00
3.950000000000000000e+02,2.675307850509033614e+01,2.152192862193503586e+01,-9.223958322956951963e-03,2.756759459433538382e+02,1.513200330273567484e-02,nan,1.251204093214226983e-05,1.507755600006458785e+01,1.000000000000000000e+00
3.950000000000000000e+02,6.623418515051344002e+01,4.292970780100157668e+01,-1.256332744878718363e-03,3.542369030203206393e+01,2.999002759278248664e-01,nan,7.586889503097768653e-06,1.311075031048986972e+01,1.000000000000000000e+00
3.960000000000000000e+02,3.915104875601218737e+01,3.010231489484492329e+01,-9.020708159820667663e-03,2.695472304716690815e+02,1.041408940444932263e-02,nan,9.042903654336556025e-06,1.265801049337620121e+01,1.000000000000000000e+00
3.960000000000000000e+02,3.456085667774221548e+01,4.189872817749188272e+01,-8.089378857883513727e-03,2.414643388570222839e+02,3.882054138788104680e-02,nan,2.575775867985881246e-05,7.558743052349257141e+00,1.000000000000000000e+00
3.970000000000000000e+02,1.059549549697900943e+02,3.449957352715488668e+01,-2.035568697945580423e-03,5.892042638313239422e+01,1.737353239676918681e-01,nan,8.901630830497275106e-06,2.954846287335555388e+01,1.000000000000000000e+00
4.010000000000000000e+02,7.858723625080943798e+00,3.778367075479740578e+01,-1.264051192426008914e-03,3.565642895360572595e+01,3.208774186630044545e-01,nan,9.226749938609495890e-06,2.701735751612467595e+01,1.000000000000000000e+00
4.020000000000000000e+02,4.463099005837251809e+01,4.314132238590894985e+01,-1.515788348712699199e-02,4.546048993094721595e+02,5.517044767925582960e-03,nan,1.321333170714416089e-05,3.716051681074059587e+01,1.000000000000000000e+00
4.110000000000000000e+02,1.132807039992426468e+02,1.357015040312240650e+01,-9.536396746421888643e-03,2.850970758961714751e+02,1.335137923129503523e-02,nan,1.226833140697388516e-05,1.264942432781514370e+01,1.000000000000000000e+00
4.110000000000000000e+02,2.513960403046153047e+01,2.653256902317409072e+01,-8.750552717673039035e-03,2.614010828253333898e+02,1.078256578616587635e-02,nan,8.299335971088409524e-06,3.070556580637973099e+01,1.000000000000000000e+00
4.110000000000000000e+02,7.071915629823473637e+01,1.763974379467797604e+01,-1.362926411846389439e-03,3.863786856318470342e+01,3.007286293767625907e-01,nan,8.945543288555753199e-06,2.822421970261763136e+01,1.000000000000000000e+00
4.130000000000000000e+02,8.759525447848589863e+01,4.026282687440326669e+01,-9.127217544322023188e-03,2.727588673166313242e+02,1.613102945824895773e-02,nan,1.509759660895551464e-05,2.393188969001662159e+01,1.000000000000000000e+00
4.180000000000000000e+02,6.376503474976964725e+01,4.246645384288648728e+01,-1.181368420227247445e-03,3.316324923164629013e+01,2.936777140528726848e-01,nan,6.554323381958446664e-06,1.527339662933822773e+01,1.000000000000000000e+00
4.190000000000000000e+02,9.264007531812809759e+01,9.357694281621096621e+00,-7.917615838742869672e-03,2.362850727908754891e+02,1.466688528060666741e-02,nan,1.093589059251451783e-05,2.618299518540127480e+01,1.000000000000000000e+00
4.190000000000000000e+02,6.650559630670204569e+01,1.445307207771258362e+01,-6.916686381319044931e-03,2.061034888889472256e+02,2.367956900479462057e-02,nan,1.132270265235359127e-05,1.851684781170287053e+01,1.000000000000000000e+00
4.190000000000000000e+02,5.105456562785006724e+01,3.399765113543077177e+01,-1.985388561889220738e-03,5.740731676750250045e+01,1.515609973539703281e-01,nan,7.433262104416707400e-06,9.891968975263813135e+00,1.000000000000000000e+00
4.200000000000000000e+02,5.054691483201898450e+01,5.061898643504638251e+00,-1.336727786214749998e-03,3.784788679998266048e+01,3.414145256949043805e-01,nan,1.106074190042896860e-05,1.851684781170287053e+01,1.000000000000000000e+00
4.210000000000000000e+02,1.673083240173281894e+01,2.171971178447235218e+01,-7.810668253852163893e-03,2.330602226452966192e+02,1.638167223184050503e-02,nan,9.572705454117259364e-06,1.005975610042017365e+01,1.000000000000000000e+00
4.220000000000000000e+02,1.653254491834602291e+01,4.603322325830345818e+01,-7.735896882090000787e-03,2.308055997909445125e+02,3.355906022033761094e-02,nan,2.000379939219563510e-05,2.431432002162891237e+01,1.000000000000000000e+00
4.270000000000000000e+02,1.213624758862286370e+02,4.657073678669114969e+01,-8.504338242644099433e-03,2.539768405065176466e+02,1.508553373134469133e-02,nan,1.107614464208176798e-05,2.396323071757937484e+01,1.000000000000000000e+00
4.290000000000000000e+02,1.556472997705720118e+01,1.011063832387041650e+01,-9.018747924665924259e-03,2.694881224083069355e+02,3.164198645671456589e-02,nan,2.888541334858390911e-05,3.027499674503094340e+01,1.000000000000000000e+00
4.300000000000000000e+02,4.226137606524422807e+01,2.438875148891160904e+01,-7.020959050009597385e-03,2.092476807951998978e+02,2.621167590427431193e-02,nan,1.312042300072745412e-05,9.685350127851883428e+00,1.000000000000000000e+00
4.310000000000000000e+02,9.275593494079818413e+01,1.334192300581275958e+01,-1.638835714777349883e-03,4.695751558123351543e+01,2.549332923409900475e-01,nan,1.040536800909863766e-05,8.498094639589773180e+00,1.000000000000000000e+00
4.310000000000000000e+02,9.819126870127286111e+01,4.046077901140385791e+01,-1.222776079271099955e-03,3.441183745766478808e+01,3.224966041751434753e-01,nan,8.366474847583770224e-06,2.396323071757937484e+01,1.000000000000000000e+00
4.330000000000000000e+02,7.532937399809360102e+01,2.874157478065511739e+01,-9.556553502480550841e-03,2.857048737980746296e+02,1.345155720223101259e-02,nan,1.346428805131836660e-05,2.325584444986253985e+01,1.000000000000000000e+00
4.350000000000000000e+02,1.192567063448286113e+01,1.902867184954666513e+01,-9.189576565297704128e-03,2.746392136384027935e+02,2.340408973968455264e-02,nan,2.117922787091323800e-05,2.158831260245818484e+01,1.000000000000000000e+00
4.350000000000000000e+02,3.347580420300203485e+01,2.031202067213467544e+01,-8.192792593789091637e-03,2.445826308841939749e+02,2.411527088625453619e-02,nan,1.719736889077287976e-05,9.685350127851883428e+00,1.000000000000000000e+00
4.360000000000000000e+02,1.005174173058420166e+02,9.881142168987340213e+00,-7.765253003395995030e-03,2.316907912813742882e+02,2.019258353558106567e-02,nan,1.261900088191236198e-05,8.498094639589773180e+00,1.000000000000000000e+00
4.370000000000000000e+02,9.890186014425312067e+01,4.445195831785420637e+01,-1.175017821663985971e-03,3.297175609300106913e+01,2.996890562053693419e-01,nan,6.627000007107861978e-06,1.971405272784567586e+01,1.000000000000000000e+00
4.380000000000000000e+02,4.426527798470480235e+01,4.574339887184758169e+01,-7.948407890799867245e-03,2.372135627017057971e+02,1.246680315590276145e-02,nan,8.121307997120689239e-06,1.118356413905853586e+01,1.000000000000000000e+00
4.380000000000000000e+02,2.488062906338837621e+01,3.717715257188628186e+01,-1.046952280575123980e-03,2.911012444188794035e+01,3.585727103800443460e-01,nan,7.343778165906419473e-06,9.823607422731589267e+00,1.000000000000000000e+00
4.400000000000000000e+02,1.284020750360682541e+02,9.665621458306045355e+00,-7.749041762620301893e-03,2.312019647012422183e+02,1.536678398235524767e-02,nan,8.938576340375890773e-06,2.105863241766836325e+01,1.000000000000000000e+00
4.400000000000000000e+02,1.841575563645941216e+01,4.457368381090196863e+01,-1.084107200671512996e-03,3.023047745971682332e+01,3.599764688753491759e-01,nan,8.550783838860634146e-06,9.823607422731589267e+00,1.000000000000000000e+00
4.410000000000000000e+02,6.116599586813033085e+01,2.519654354049639267e+01,-1.363175467412507027e-03,3.864537847450689156e+01,2.444714668461217544e-01,nan,6.772205079187503065e-06,9.290900397664438870e+00,1.000000000000000000e+00
4.410000000000000000e+02,6.213200472423082488e+01,3.443708773925744993e+01,-1.102680071029072143e-03,3.079051557313099252e+01,3.642397206249886610e-01,nan,8.695890352753056106e-06,9.290900397664438870e+00,1.000000000000000000e+00
4.420000000000000000e+02,1.045503943654040313e+02,2.058001397109602237e+01,-7.982554318700988555e-03,2.382431989772744316e+02,1.609035790634805174e-02,nan,9.773452995233244454e-06,6.683418733031396108e+00,1.000000000000000000e+00
4.430000000000000000e+02,3.348081857194083710e+01,4.278239532121094157e+01,-8.996515352721654035e-03,2.688177312728330435e+02,1.534110983416392404e-02,nan,1.244745498587490490e-05,1.026557382038980215e+01,1.000000000000000000e+00
4.440000000000000000e+02,1.238785374824538223e+02,3.023267295587158543e+01,-8.545925421752389312e-03,2.552308419011133367e+02,1.766930569098057457e-02,nan,1.373591308935741615e-05,1.657225566845941955e+01,1.000000000000000000e+00
4.440000000000000000e+02,5.087170333430921687e+01,1.785125037739050313e+01,-1.414533957926048316e-03,4.019401966896270295e+01,2.649188335606641465e-01,nan,7.848953630683707500e-06,1.264617690940053407e+01,1.000000000000000000e+00
4.470000000000000000e+02,7.305226225045771571e+01,3.085456358345211569e+01,-1.518141197351842095e-02,4.553143668756840725e+02,2.944580887473668973e-02,nan,6.691172091023115266e-05,4.863049382690642908e+00,1.000000000000000000e+00
4.490000000000000000e+02,1.221973282098426523e+02,1.374591483541407655e+01,-7.998478389418181567e-03,2.387233663585484180e+02,1.302012131910312842e-02,nan,8.337698188613653784e-06,1.657225566845941955e+01,1.000000000000000000e+00
4.510000000000000000e+02,7.739378019285557286e+01,3.304556135942664241e+01,-8.726061930936139174e-03,2.606625984803662277e+02,9.826274343080798612e-02,nan,8.069074620685088260e-05,4.863049382690642908e+00,1.000000000000000000e+00
4.510000000000000000e+02,2.114833488951823171e+01,1.801544033680207235e+01,-1.215174643999661179e-03,3.418262714247385503e+01,3.457540015423743451e-01,nan,9.350885117239906649e-06,1.700425764249554206e+01,1.000000000000000000e+00
4.530000000000000000e+02,3.814140383525273137e+01,1.863219456490412895e+01,-7.779958306606825011e-03,2.321342084866219864e+02,1.792595359232651564e-02,nan,1.034686933074983455e-05,1.097272283960590933e+01,1.000000000000000000e+00
4.550000000000000000e+02,4.002025411126096088e+01,7.821525383250619967e+00,-7.681302844745873173e-03,2.291593953492372009e+02,5.594831043594605813e-02,nan,3.661100955827084044e-05,1.097272283960590933e+01,1.000000000000000000e+00
4.570000000000000000e+02,1.153089248881337596e+02,4.562064845605792840e+01,-7.444669171611668565e-03,2.220240482908107538e+02,1.866281451261209146e-02,nan,1.115086492368079782e-05,6.638655732074418836e+01,1.000000000000000000e+00
4.610000000000000000e+02,5.705596983625223828e+01,1.378092137456545530e+01,-1.278189144446457504e-03,3.608273850213760170e+01,3.512070451589853759e-01,nan,1.056718983057257561e-05,1.033907345729772587e+01,1.000000000000000000e+00
4.620000000000000000e+02,4.687565299159315657e+01,1.197604218255594866e+01,-1.342547647031543069e-03,3.802337630749668307e+01,2.691857576902502158e-01,nan,7.422932574555733562e-06,1.033907345729772587e+01,1.000000000000000000e+00
4.640000000000000000e+02,1.292982898944714520e+02,7.071493402402969863e+00,-7.940588204347504356e-03,2.369777713369914522e+02,1.552444175988743069e-02,nan,1.066676849634945716e-05,2.966273000624768486e+01,1.000000000000000000e+00
4.660000000000000000e+02,5.486520508432685261e+01,3.610856452241129944e+01,-1.348608351291828364e-03,3.820612810162149486e+01,2.985804718658374712e-01,nan,8.841920488910809224e-06,2.243486346595017977e+01,1.000000000000000000e+00
4.680000000000000000e+02,1.365587424580164111e+02,4.935674198698571047e+01,-1.379777298122431039e-03,3.914598273066179246e+01,2.441962829552263292e-01,nan,6.766825201953377504e-06,4.290403733085550897e+01,1.000000000000000000e+00
4.690000000000000000e+02,9.665632308620576651e+00,4.692541355642613610e+01,-1.288050795729844215e-03,3.638010237070348296e+01,3.302188921704070079e-01,nan,9.515377106153202161e-06,2.948113529956513545e+01,1.000000000000000000e+00
4.700000000000000000e+02,9.791450746402691152e+01,2.299816522920234618e+01,-9.293084353035632045e-03,2.777603416629049207e+02,1.258337938137221723e-02,nan,1.200394028557154552e-05,2.129420179084848641e+01,1.000000000000000000e+00
4.720000000000000000e+02,5.719866148084742719e+01,5.157013355498683893e+01,-8.945577258176190191e-03,2.672817665123541815e+02,1.493525855245825262e-02,nan,1.254116211255654054e-05,2.127800625971795156e+01,1.000000000000000000e+00
4.720000000000000000e+02,3.275001872931594704e+01,2.182952435930402402e+01,-1.254056483101541331e-03,3.535505291175338982e+01,3.402759784381148567e-01,nan,9.601702588710688994e-06,1.110272780640142720e+01,1.000000000000000000e+00
4.730000000000000000e+02,1.201222666417470890e+02,4.660758625154572066e+00,-1.309022946579571850e-03,3.701248732628675242e+01,2.829917613769717954e-01,nan,7.594244753783644486e-06,2.880008765017547034e+01,1.000000000000000000e+00
4.740000000000000000e+02,1.306674190741218240e+02,3.943982804773317952e+01,-1.313259244151810095e-03,3.714022676852389537e+01,3.037004885464996695e-01,nan,8.664916283468436880e-06,3.634259085044104864e+01,1.000000000000000000e+00
4.750000000000000000e+02,7.666895110974935790e+01,2.443669402856356854e+01,-6.716024322033095628e-03,2.000528139554107554e+02,4.459861062856562697e-02,nan,2.011796011447505278e-05,7.604352939925973942e+00,1.000000000000000000e+00
4.770000000000000000e+02,8.356817643658384043e+01,3.350140684582656547e+01,-7.385821890009790572e-03,2.202495934040110512e+02,2.039927992566870074e-02,nan,9.995126966577459643e-06,1.139159025640785750e+01,1.000000000000000000e+00
4.770000000000000000e+02,3.916495598740711870e+01,4.027681621399012357e+01,-1.381680643030284766e-03,3.920337535069572255e+01,2.491549155393610882e-01,nan,6.917402987589851693e-06,1.953084731385749251e+01,1.000000000000000000e+00
4.770000000000000000e+02,9.194534439822344041e+01,5.201365988663305728e+01,-1.342960808215281406e-03,3.803583458698834363e+01,3.074100563375670170e-01,nan,9.501797557948548736e-06,2.031946002492118808e+01,1.000000000000000000e+00
4.780000000000000000e+02,7.303407176798147304e+01,1.775733509182795800e+01,-6.887762034283801023e-03,2.052313169287977246e+02,3.233347803625830075e-02,nan,1.554382941574621466e-05,7.604352939925973942e+00,1.000000000000000000e+00
4.790000000000000000e+02,1.520377151075087951e+01,2.305466679804371921e+01,-1.616828655042756163e-02,4.850721461305024036e+02,4.794816646216726319e-03,nan,1.255015477115543062e-05,1.131167892125613861e+01,1.000000000000000000e+00
4.790000000000000000e+02,9.897311363208055823e+00,4.583343568439375559e+01,-1.667060776426243507e-02,5.002189177122843944e+02,4.675699797705323846e-03,nan,1.607859961271024005e-05,2.338869024283336628e+01,1.000000000000000000e+00
4.800000000000000000e+02,3.965369122423027193e+01,1.398965581798536206e+01,-9.408188448401457946e-03,2.812311396157203944e+02,9.540398052060417022e-03,nan,9.182807338975177732e-06,2.190319233707100821e+01,1.000000000000000000e+00
4.810000000000000000e+02,6.825912436232333391e+01,3.232892785123523538e+01,-1.728308255088147755e-02,5.186872113797880957e+02,4.361767960700646540e-03,nan,1.401007395494494750e-05,1.251419757082876849e+01,1.000000000000000000e+00
4.810000000000000000e+02,1.176444198492252724e+02,3.698464622606967112e+01,-1.705604944006785043e-02,5.118413554288867431e+02,5.116241871451654433e-03,nan,1.627930382885665360e-05,2.703350543213836232e+01,1.000000000000000000e+00
4.830000000000000000e+02,5.596222232119531270e+01,3.000700170412414280e+01,-8.836449271756035770e-03,2.639911695039840538e+02,1.236592013848758498e-02,nan,9.301247962223324587e-06,1.251419757082876849e+01,1.000000000000000000e+00
4.830000000000000000e+02,1.783623510853990624e+01,1.205356615202170012e+01,-6.696370304046424422e-03,1.994601753948458054e+02,2.367124019604616159e-02,nan,1.077690302400759710e-05,1.131167892125613861e+01,1.000000000000000000e+00
4.830000000000000000e+02,5.916885088327252795e+00,1.481845824811198220e+01,-8.164040352498144401e-03,2.437156485244933606e+02,1.786748243428304406e-02,nan,1.174850607814767391e-05,1.223582989450923542e+01,1.000000000000000000e+00
4.860000000000000000e+02,9.298243042698669569e+01,4.805698535052060549e+01,-1.479236170720511605e-02,4.435831173178738140e+02,6.104023254475565707e-03,nan,1.511224087075127264e-05,1.619647055931474355e+01,1.000000000000000000e+00
4.860000000000000000e+02,3.800901900894639596e+01,3.818596897196887596e+01,-1.172188305284577571e-03,3.288643610828727049e+01,3.601686200761373691e-01,nan,9.196195224508962377e-06,1.972848232225228671e+01,1.000000000000000000e+00
4.870000000000000000e+02,9.294379043271929675e+01,1.962056587246447137e+01,-8.129114487341701500e-03,2.426625094428644331e+02,1.164216180296118175e-02,nan,8.323495555565515707e-06,1.405475164050897163e+01,1.000000000000000000e+00
4.880000000000000000e+02,1.187027295138030638e+02,2.131825484196412646e+01,-7.552150314784995475e-03,2.252649871167197944e+02,1.799859040087081752e-02,nan,1.166553422137791719e-05,2.251318713036082642e+01,1.000000000000000000e+00
4.890000000000000000e+02,7.241161722910524645e+01,2.188029785179507059e+01,-9.163551409100760894e-03,2.738544625957663925e+02,1.294857075714961336e-02,nan,1.077390614339392139e-05,1.462000109947524962e+01,1.000000000000000000e+00
4.900000000000000000e+02,1.100763063807439401e+01,4.604357021509107994e+01,-2.200307317766303852e-02,6.610117199272492599e+02,1.288432836723563124e-02,nan,6.601018285953842420e-05,6.982346820571151191e+00,1.000000000000000000e+00
4.900000000000000000e+02,8.212362158032877346e+01,1.065061661496320156e+01,-8.568365259961513783e-03,2.559074828518128584e+02,1.433041760355990846e-02,nan,1.113658467686057459e-05,1.405475164050897163e+01,1.000000000000000000e+00
4.900000000000000000e+02,1.273618918351097875e+02,4.209955659762674429e+01,-1.014950384447053976e-03,2.814515342835010969e+01,3.616247586857260776e-01,nan,8.507026089281946051e-06,1.917013446625312056e+01,1.000000000000000000e+00
4.930000000000000000e+02,5.303354343319204744e+00,5.007028091687163851e+01,-9.503029626504979482e-03,2.840909385286792030e+02,1.405050146750076445e-01,nan,1.509976769753751901e-04,6.982346820571151191e+00,1.000000000000000000e+00
4.970000000000000000e+02,1.439929364036294146e+01,5.306444754430923183e+01,-8.685345513379547772e-03,2.594348536442484487e+02,1.385709650826238981e-02,nan,1.037914512772943955e-05,9.576071506017774126e+00,1.000000000000000000e+00
4.980000000000000000e+02,2.804151534970387161e+01,5.074095899991635683e+00,-1.012279167306388188e-03,2.806460672882667140e+01,3.557837584780515483e-01,nan,7.168393631528178543e-06,9.044935348015151533e+00,1.000000000000000000e+00
4.990000000000000000e+02,4.494693989056034411e+01,2.901249205830110256e+01,-1.190020503031269817e-03,3.342414030757498722e+01,3.681624276740503854e-01,nan,9.859669445706953003e-06,2.930597532140429706e+01,1.000000000000000000e+00
4.990000000000000000e+02,2.037546755694890521e+01,9.874363255980329157e+00,-1.354120093798552799e-03,3.837232674597020576e+01,3.199214744242599995e-01,nan,9.885460611235106698e-06,9.044935348015151533e+00,1.000000000000000000e+00
4.990000000000000000e+02,1.008418350724145824e+02,1.154173469679473030e+01,-1.385734085033715974e-03,3.932560104703303949e+01,2.852897699989027647e-01,nan,8.637848337354493475e-06,7.645992464940396971e+00,1.000000000000000000e+00
5.050000000000000000e+02,9.489993564609069665e+01,1.240173343007132800e+01,-1.186152532138469787e-03,3.330750722502816785e+01,3.313953274256796755e-01,nan,8.099469357951367748e-06,3.378148993272669287e+01,1.000000000000000000e+00
5.070000000000000000e+02,1.140182066830860741e+01,2.696297039752219149e+01,-1.550811292357805703e-02,4.651655627436157374e+02,6.358708155148384833e-03,nan,1.822116133052391216e-05,1.559807313252897920e+01,1.000000000000000000e+00
5.080000000000000000e+02,1.068181860053984877e+02,4.401097844553752481e+01,-1.542095748327924421e-03,4.404046144479325875e+01,3.012508568218114080e-01,nan,1.149937532963274985e-05,2.498602947167420041e+01,1.000000000000000000e+00
5.090000000000000000e+02,8.857805407981915735e+00,4.235218323648660999e+01,-8.184241185059223239e-03,2.443247754897444111e+02,1.148624012150623042e-02,nan,7.772286692509126630e-06,8.819014030089391554e+00,1.000000000000000000e+00
5.100000000000000000e+02,1.307050267336800857e+02,5.134040603444779549e+01,-7.973024716047988694e-03,2.379558475561625244e+02,1.862643432896904372e-02,nan,1.249027862738949725e-05,2.498602947167420041e+01,1.000000000000000000e+00
5.100000000000000000e+02,6.943643055178010570e+01,4.700882337662307719e+01,-8.431669271044267902e-03,2.517856124962519857e+02,1.534483708571099392e-02,nan,1.204705564728400504e-05,3.435981825739388285e+01,1.000000000000000000e+00
5.140000000000000000e+02,1.549681881128653060e+01,4.815722496705627265e+01,-1.298217662864475496e-03,3.668666958297576741e+01,3.355667522793895907e-01,nan,1.010923334871264945e-05,8.819014030089391554e+00,1.000000000000000000e+00
5.150000000000000000e+02,1.401703773775233230e+01,2.276427520907377300e+01,-1.353773648990055228e-03,3.836188020253249675e+01,2.815943952777936188e-01,nan,7.951206044902867350e-06,2.543603053617080079e+01,1.000000000000000000e+00
5.150000000000000000e+02,1.142133087467962440e+02,1.594466499437740481e+01,-1.176678242694680987e-03,3.302182369394812866e+01,3.204945207489687808e-01,nan,7.398986302585826073e-06,1.517685158977993254e+01,1.000000000000000000e+00
5.160000000000000000e+02,9.528728288667338120e+01,4.755232241409815686e+01,-1.678202361629435981e-03,4.814456002886306862e+01,1.998833642919994880e-01,nan,7.511412463969044430e-06,2.568386565103159569e+01,1.000000000000000000e+00
5.160000000000000000e+02,1.208745517543774497e+02,4.532687264561025842e+01,-1.225819821078071156e-03,3.450361710111673830e+01,3.748331694626523269e-01,nan,1.078646218598662771e-05,2.568386565103159569e+01,1.000000000000000000e+00
5.210000000000000000e+02,1.343149455292404468e+02,1.452627857832577440e+01,-1.247465869166002744e-03,3.515632245579034532e+01,3.693402912628932500e-01,nan,1.139081578623759162e-05,3.183906336341982168e+01,1.000000000000000000e+00
5.220000000000000000e+02,1.060230920993514481e+01,9.753384228192302885e+00,-7.557285819606246111e-03,2.254198408564031695e+02,2.452231437380791856e-02,nan,1.379961103119660384e-05,2.814724732934709905e+01,1.000000000000000000e+00
5.220000000000000000e+02,6.413056906172404581e+01,3.806982056450794261e+01,-8.520293171890975376e-03,2.544579383822393766e+02,1.209826130949442913e-02,nan,9.707485682554853340e-06,3.098898810841767926e+01,1.000000000000000000e+00
5.230000000000000000e+02,2.109786438500514549e+01,5.111651288039506369e+01,-7.167840963548694801e-03,2.136766930140689169e+02,1.421429610349977946e-02,nan,7.530136222698102124e-06,1.475597371934485302e+01,1.000000000000000000e+00
5.230000000000000000e+02,9.125954903587829392e+01,2.309197594167952516e+01,-1.331406202431485893e-03,3.768742211762721439e+01,3.341204947367601985e-01,nan,1.073534936287755034e-05,2.066569667664570176e+01,1.000000000000000000e+00
5.240000000000000000e+02,1.035163326445652956e+02,6.453398036673736016e+00,-1.526207173706058129e-02,4.577465456898865455e+02,7.607370224312792750e-03,nan,1.857667769328552869e-05,2.066569667664570176e+01,1.000000000000000000e+00
5.240000000000000000e+02,1.954403710144038797e+01,3.644257744443086722e+01,-8.747759142620353812e-03,2.613168465994798453e+02,2.709621862094835354e-02,nan,2.023058847791673733e-05,1.475597371934485302e+01,1.000000000000000000e+00
5.290000000000000000e+02,1.278631033152653771e+02,8.598616368892795236e+00,-1.277734889457492022e-03,3.606904109822902171e+01,3.078664376490172216e-01,nan,8.450629297890773628e-06,2.027239448820755285e+01,1.000000000000000000e+00
5.290000000000000000e+02,3.889644343564460627e+01,2.610224414990205233e+01,-1.317891483279675681e-03,3.727990525720710480e+01,3.150362561569843844e-01,nan,9.064984284452244214e-06,2.194169828354424823e+01,1.000000000000000000e+00
5.290000000000000000e+02,1.270939662460557429e+02,2.885641502655240842e+01,-1.352883109799439760e-03,3.833502727788314957e+01,3.089395414743028034e-01,nan,9.435217533200654339e-06,2.027239448820755285e+01,1.000000000000000000e+00
5.320000000000000000e+02,7.256347579219880117e+01,2.172183318231262561e+01,-1.320026610007300283e-03,3.734428692366031299e+01,2.761804455613845466e-01,nan,7.848552525682868817e-06,1.766486474374612925e+01,1.000000000000000000e+00
5.340000000000000000e+02,6.784543488468196415e+01,4.347807099025789768e+01,-8.267088135002875759e-03,2.468229057547671061e+02,1.085966792880055376e-02,nan,8.017614343597074527e-06,1.455887756962575530e+01,1.000000000000000000e+00
5.350000000000000000e+02,5.845522755051809582e+01,3.235220372928596788e+01,-8.075473223782915488e-03,2.410450345202341680e+02,1.001056471833361439e-02,nan,6.785820006351113202e-06,8.137381851858574322e+00,1.000000000000000000e+00
5.370000000000000000e+02,1.142769639972026852e+02,2.565234592867550134e+01,-1.529592130275825475e-02,4.587672305139476521e+02,6.196164124115055571e-03,nan,1.545927765047179944e-05,2.648660537505763557e+01,1.000000000000000000e+00
5.390000000000000000e+02,1.403545587997816426e+02,2.101561069722879438e+01,-8.868832104919057921e-03,2.649676271242917096e+02,1.369665048137769237e-02,nan,1.042228887528669749e-05,2.648660537505763557e+01,1.000000000000000000e+00
5.400000000000000000e+02,6.702078196499367380e+01,4.197703254727515798e+01,-1.261653992749786624e-03,3.558414485543981698e+01,3.556704905304464148e-01,nan,1.047924348258544667e-05,1.288433359560894331e+01,1.000000000000000000e+00
5.420000000000000000e+02,2.936720236887945035e+01,4.994739493822074650e+01,-1.709903162892398168e-03,4.910045196108674048e+01,1.994038034524030500e-01,nan,7.645527690128361249e-06,3.848790372368842583e+01,1.000000000000000000e+00
5.470000000000000000e+02,1.000527907479519456e+02,2.143399234504835249e+01,-1.344993218780080480e-03,3.809711899572432969e+01,3.162740895979885281e-01,nan,9.595518562574249444e-06,3.067655512114753691e+01,1.000000000000000000e+00
5.490000000000000000e+02,7.180594823253352388e+01,3.629725331505724029e+01,-7.316580802586743204e-03,2.181617282962159834e+02,2.082556894529641323e-02,nan,1.082652355006919127e-05,2.484599488394233902e+01,1.000000000000000000e+00
5.500000000000000000e+02,1.089711790173164019e+02,5.166264441142368469e+01,-1.177826689575153362e-03,3.305645345294142601e+01,3.383261905635841504e-01,nan,8.270285002837990716e-06,2.438941718191527031e+01,1.000000000000000000e+00
5.510000000000000000e+02,7.104192190115405481e+01,1.146300829859161574e+01,-6.927918822044872200e-03,2.064421869357232140e+02,1.886253460061937393e-02,nan,1.054652373009147114e-05,2.484599488394233902e+01,1.000000000000000000e+00
5.530000000000000000e+02,2.768222730560320599e+01,3.661216307981405294e+01,-1.657718183642855128e-02,4.974017936296430094e+02,3.671529574384213568e-03,nan,1.071607108832255261e-05,3.337976873731753358e+01,1.000000000000000000e+00
5.550000000000000000e+02,1.368614854508297469e+02,2.714509763477633086e+01,-8.890250580027092911e-03,2.656134703440409908e+02,1.480147034504419867e-02,nan,1.214267211528922573e-05,1.715580285631349255e+01,1.000000000000000000e+00
5.560000000000000000e+02,6.096021047896098821e+01,3.921692734371917766e+01,-1.098691288506795007e-03,3.067023959017360824e+01,3.487823777873569897e-01,nan,7.519761160428608958e-06,2.035569215524686726e+01,1.000000000000000000e+00
5.570000000000000000e+02,6.456695395862554676e+01,1.918331547288879335e+01,-1.564889251298403824e-02,4.694105681811332147e+02,4.296500920736412432e-03,nan,1.341537724940155913e-05,2.035569215524686726e+01,1.000000000000000000e+00
5.570000000000000000e+02,1.299284175421823591e+02,1.145261086502635628e+01,-1.508010670920314870e-02,4.522596527677509926e+02,6.571368333898464087e-02,nan,1.565221021237743113e-04,1.715580285631349255e+01,1.000000000000000000e+00
5.570000000000000000e+02,1.110765849104232643e+02,2.806746538948898007e+01,-1.907870907697866618e-03,5.506988372813661670e+01,2.511897591817895403e-01,nan,1.369903582134207666e-05,1.693566405442492950e+01,1.000000000000000000e+00
5.590000000000000000e+02,2.969030845419221620e+01,5.041274974008940291e+01,-1.294848361207330892e-03,3.658507315187686970e+01,3.132932707785013315e-01,nan,9.344425929191117937e-06,3.321375034183437691e+01,1.000000000000000000e+00
5.610000000000000000e+02,1.070056249361636276e+02,8.908142618384641054e+00,-1.377647202154133133e-03,3.908175275949898264e+01,3.041613490770389561e-01,nan,9.313599330751296172e-06,1.958704582522288362e+01,1.000000000000000000e+00
5.620000000000000000e+02,6.346251976480419899e+01,4.041642750972000186e+01,-7.836449212935697392e-03,2.338376102762437085e+02,1.322516122990691212e-02,nan,9.377973745839932043e-06,2.126181604795573676e+01,1.000000000000000000e+00
5.650000000000000000e+02,6.492991425026808372e+01,5.608915509638780605e+00,-9.054683019601545216e-03,2.705716933580667387e+02,1.610159255639431741e-02,nan,1.285234399141824600e-05,2.120297005916591360e+01,1.000000000000000000e+00
5.660000000000000000e+02,1.268918381161750943e+02,4.008830779293630542e+01,-8.925480461424661893e-03,2.666757765968636136e+02,1.513437329907107998e-02,nan,1.416533977352373815e-05,9.624152634840308806e+00,1.000000000000000000e+00
5.670000000000000000e+02,1.259776816734873819e+02,3.050766940413380368e+01,-1.538950031118199377e-02,4.615889705209503404e+02,8.668553264929879099e-03,nan,2.255174481938077737e-05,9.624152634840308806e+00,1.000000000000000000e+00
5.680000000000000000e+02,8.307689998129856690e+01,1.657490147569136596e+01,-1.197125295125132287e-03,3.363837506417669232e+01,3.311765310033197851e-01,nan,8.119081601021876715e-06,2.120297005916591360e+01,1.000000000000000000e+00
5.690000000000000000e+02,8.395352770861842373e+01,4.780247889379565862e+01,-1.370049443929235305e-03,3.885265332034217778e+01,3.390792651469528574e-01,nan,1.119538472444062957e-05,5.448529609016394382e+00,1.000000000000000000e+00
5.690000000000000000e+02,4.203504900839087099e+01,2.531050008630331760e+01,-1.907201194129376715e-03,5.504968948157137021e+01,2.481831443692513739e-01,nan,1.298236872429578988e-05,2.621798227845201978e+01,1.000000000000000000e+00
5.710000000000000000e+02,1.394165531934054059e+02,1.714807532297767168e+01,-6.831786925752551289e-03,2.035434682777013222e+02,2.222891563386630853e-02,nan,1.010858984408623821e-05,1.821821398064586361e+01,1.000000000000000000e+00
5.750000000000000000e+02,3.110456832559435014e+01,2.095866463742845909e+01,-9.032202283246847443e-03,2.698938191827849096e+02,9.694513229106194174e-03,nan,7.950204198086740311e-06,1.972397077510395036e+01,1.000000000000000000e+00
5.760000000000000000e+02,4.768377213581283058e+01,4.375058450753729034e+01,-7.977592268882503432e-03,2.380935755229826896e+02,1.084756983974666245e-02,nan,7.544066329339840259e-06,1.993500608626198556e+01,1.000000000000000000e+00
5.760000000000000000e+02,1.371232999222167734e+02,3.522137911832131607e+01,-1.323064197908006704e-03,3.743588100494613968e+01,3.045179735194459836e-01,nan,8.621922813563393849e-06,1.821821398064586361e+01,1.000000000000000000e+00
5.780000000000000000e+02,1.764539779809468101e+01,6.540420921606510340e+00,-7.949912381853645876e-03,2.372589284591350349e+02,2.037420664370381829e-02,nan,1.360774685751662932e-05,1.648054097863969858e+01,1.000000000000000000e+00
5.780000000000000000e+02,6.816643211214925202e+01,1.469296109239507153e+01,-9.477610114856436022e-03,2.833244498237297648e+02,1.347983157362642181e-02,nan,1.204631633345467461e-05,1.958829746434120977e+01,1.000000000000000000e+00
5.780000000000000000e+02,7.951052451927986375e+00,1.986813262534164437e+01,-9.359953300441550827e-03,2.797766783104043498e+02,1.753262795616217229e-02,nan,1.492846913388411439e-05,1.648054097863969858e+01,1.000000000000000000e+00
5.780000000000000000e+02,6.739675868797277758e+01,4.671750696248341228e+01,-1.417245009109320639e-03,4.027576750657850368e+01,2.432714927204484567e-01,nan,7.013439539579893171e-06,1.466989608491457275e+01,1.000000000000000000e+00
5.800000000000000000e+02,7.371633353579255754e+01,3.347859368060881735e+01,-1.310933046234063039e-03,3.707008362596150164e+01,3.559852126200262479e-01,nan,1.186477405624504685e-05,1.466989608491457275e+01,1.000000000000000000e+00
5.810000000000000000e+02,3.820717312257507814e+01,1.958817502853102965e+01,-7.637199800262512404e-03,2.278295316635075665e+02,2.676181025234480870e-02,nan,1.516340592980360913e-05,1.040491751590241343e+01,1.000000000000000000e+00
5.840000000000000000e+02,7.272801983450489338e+00,4.006192718731077207e+01,-1.363784824710026445e-03,3.866375276478771639e+01,2.998363121950611276e-01,nan,9.007845989530242022e-06,1.247008070996338347e+01,1.000000000000000000e+00
5.840000000000000000e+02,6.064949966112373403e+01,1.714409214547885796e+01,-1.202410252957071849e-03,3.379773534380456823e+01,3.412906029391383766e-01,nan,8.234058634030437437e-06,2.091788918388649776e+01,1.000000000000000000e+00
5.850000000000000000e+02,1.009375812331667817e+02,1.998117126599663607e+01,-8.962982590004919467e-03,2.678065991856594223e+02,1.203868852754819141e-02,nan,1.105456255837048705e-05,1.742662008567673482e+01,1.000000000000000000e+00
5.860000000000000000e+02,7.484473842421882850e+00,2.759364310580539126e+01,-1.669029010155861220e-02,5.008124102007756164e+02,4.928175982063520699e-03,nan,1.983451281326206628e-05,1.247008070996338347e+01,1.000000000000000000e+00
5.860000000000000000e+02,3.514403606802748214e+01,2.953199219789764740e+01,-5.302470503492398048e-03,1.574291376735844210e+02,3.268374152475239658e-02,nan,9.228845881492611007e-06,1.040491751590241343e+01,1.000000000000000000e+00
5.900000000000000000e+02,1.093410743576850876e+02,3.524774884306626888e+01,-8.179597081684558679e-03,2.441847392518136814e+02,1.623239619691152491e-02,nan,1.047632173873090711e-05,1.742662008567673482e+01,1.000000000000000000e+00
5.920000000000000000e+02,2.243209997770306785e+01,6.406492050909530001e+00,-8.077028288342046405e-03,2.410919252487628057e+02,1.503997773868881449e-02,nan,1.025440948235642120e-05,6.125256762697163992e+01,1.000000000000000000e+00
5.920000000000000000e+02,7.463779476819658498e+01,4.551196268396631694e+01,-1.158349109113598506e-03,3.246913511142712139e+01,3.605509251461661568e-01,nan,9.428984220638652458e-06,8.840708252355479857e+00,1.000000000000000000e+00
5.930000000000000000e+02,7.565223871078485729e+01,3.672964944139678067e+01,-1.232034043494860181e-03,3.469099801379392289e+01,3.543943174366095406e-01,nan,1.074627329244832186e-05,8.840708252355479857e+00,1.000000000000000000e+00
6.010000000000000000e+02,1.283946811722277062e+02,4.590567302281819906e+01,-8.386391298158029500e-03,2.504203205394216525e+02,1.484713280303651128e-02,nan,1.062455949374640905e-05,3.998101741655576546e+01,1.000000000000000000e+00
6.020000000000000000e+02,1.169301963580910950e+02,7.603619009888722857e+00,-1.268223251679893469e-03,3.578223138201963849e+01,2.968690800932901608e-01,nan,7.638162506003869383e-06,1.127133134644132362e+01,1.000000000000000000e+00
6.030000000000000000e+02,8.092502659369814921e+01,4.983542937434619091e+01,-9.275693218047508654e-03,2.772359370748486072e+02,1.334557830573501747e-02,nan,1.107549035332331431e-05,3.665080202152424249e+01,1.000000000000000000e+00
6.040000000000000000e+02,3.457006211611705737e+01,2.310792475485608932e+01,-8.114417508495090289e-03,2.422193432468115191e+02,2.139088259176491480e-02,nan,1.426964996078898292e-05,2.370328680815893208e+01,1.000000000000000000e+00
6.050000000000000000e+02,3.819918093309243545e+01,4.653174387390916422e+01,-1.111763752198150759e-03,3.106442087515751282e+01,3.510617843429397755e-01,nan,7.836043406625434023e-06,2.370328680815893208e+01,1.000000000000000000e+00
6.070000000000000000e+02,1.063000415984924416e+02,1.135098076294284830e+01,-1.190440714352759962e-03,3.343681117380040035e+01,3.171906925805533239e-01,nan,7.611063949613405431e-06,1.127133134644132362e+01,1.000000000000000000e+00
6.080000000000000000e+02,6.216673206845548805e+01,1.834880244599426291e+01,-1.088198842979391009e-03,3.035385503112904004e+01,3.549198368963991657e-01,nan,7.693408790179423408e-06,2.800402538223755400e+01,1.000000000000000000e+00
6.090000000000000000e+02,1.348937606055581000e+02,9.985424360786055331e+00,-6.991084814184069830e-03,2.083468663088376047e+02,1.881656597370762185e-02,nan,1.031975423317758910e-05,2.862630802151229759e+01,1.000000000000000000e+00
6.110000000000000000e+02,9.644493067412355458e+00,5.091865891066310468e+01,-8.254733521212023403e-03,2.464503701980015080e+02,1.317663265575474973e-02,nan,9.472183042570855125e-06,3.342696311270548648e+01,1.000000000000000000e+00
6.120000000000000000e+02,8.917256702975110727e+01,3.024951882369099820e+01,-8.085102206032456981e-03,2.413353825897202682e+02,2.234486147515479804e-02,nan,1.580443506675043114e-05,2.213734874901086869e+01,1.000000000000000000e+00
6.120000000000000000e+02,2.822534891057783568e+01,2.230912872399185076e+01,-6.818021798540122545e-03,2.031284007234384035e+02,2.866691680082297244e-01,nan,2.072597544231828627e-04,4.823521232907546086e+00,1.000000000000000000e+00
6.140000000000000000e+02,2.371567197632535340e+01,2.059764660811068637e+01,-8.106938815434875170e-03,2.419938340459387689e+02,1.808540102185117737e-01,nan,1.500624673306276879e-04,4.823521232907546086e+00,1.000000000000000000e+00
6.200000000000000000e+02,3.859405228050063386e+01,2.866035843277288464e+01,-1.392338799036470362e-03,3.952475667018298111e+01,2.900901703809736221e-01,nan,8.887427955233619841e-06,1.883243178298065246e+01,1.000000000000000000e+00
6.210000000000000000e+02,9.502510327030327630e+01,4.240841605602685149e+01,-1.248712597634323452e-03,3.519391575428951313e+01,3.220704137009896550e-01,nan,8.436232066912978560e-06,1.838594772322835524e+01,1.000000000000000000e+00
6.220000000000000000e+02,7.807193553638154526e+01,3.529271669006140399e+01,-1.421396802148810383e-03,4.040095883653228270e+01,2.539834755776394504e-01,nan,7.448108958216662121e-06,1.838594772322835524e+01,1.000000000000000000e+00
6.240000000000000000e+02,2.905985945362138878e+01,4.819721121583041423e+01,-1.267237282160531319e-03,3.575250089346955917e+01,3.022420883889611609e-01,nan,7.936732674748189613e-06,2.173912255651038095e+01,1.000000000000000000e+00
6.260000000000000000e+02,1.225826913002909464e+02,2.600902463317476077e+01,-1.112067634414157496e-03,3.107358400501714968e+01,3.616558204385501574e-01,nan,9.413992973126657490e-06,2.418386813264152480e+01,1.000000000000000000e+00
6.260000000000000000e+02,4.923911950459289244e+01,2.745112942794161270e+01,-1.384351288058215763e-03,3.928390479898494192e+01,3.264482111793520769e-01,nan,1.061871411380070483e-05,9.106544740921114212e+00,1.000000000000000000e+00
6.270000000000000000e+02,5.905482730527451452e+01,2.410741380021361024e+01,-7.887056103355133407e-03,2.353635880540794005e+02,1.595276552956270688e-02,nan,9.855446669729237244e-06,8.124782158680210031e+00,1.000000000000000000e+00
6.290000000000000000e+02,1.108200552649700370e+02,4.713956819829783740e+01,-1.319120770244791357e-03,3.731697263233729700e+01,3.187263126175921002e-01,nan,9.532093475073951817e-06,1.692611094008415051e+01,1.000000000000000000e+00
6.320000000000000000e+02,7.886760090045464722e+01,2.259293665268392104e+01,-7.474890461429136747e-03,2.229353276896587204e+02,2.188967951040277082e-02,nan,1.175683095762213404e-05,1.822534685451780945e+01,1.000000000000000000e+00
6.330000000000000000e+02,1.057922199878544802e+02,3.097744878337490704e+01,-1.385391335906393986e-03,3.931526594152999365e+01,2.635937907049989981e-01,nan,7.474993108587273769e-06,1.090158501229672261e+01,1.000000000000000000e+00
6.340000000000000000e+02,4.233467789610539711e+01,8.693977613965394369e+00,-7.217552651999241398e-03,2.151756772679026994e+02,1.687430081499052825e-02,nan,9.150394745816323327e-06,2.571394414188835142e+01,1.000000000000000000e+00
6.340000000000000000e+02,3.741129276455740182e+01,3.393218678535087918e+01,-8.967654420836574172e-03,2.679474715050575355e+02,1.073963629833973865e-02,nan,8.956031025463108156e-06,2.571394414188835142e+01,1.000000000000000000e+00
6.350000000000000000e+02,1.187856836687771676e+02,2.465026321101111506e+01,-9.325404608064453635e-03,2.787349123298476457e+02,1.260445252027830865e-02,nan,1.138177488230357085e-05,1.053138558362032207e+01,1.000000000000000000e+00
6.360000000000000000e+02,1.287041989457968043e+02,2.111004612580093820e+01,-2.408374865310947913e-03,7.016185857002602688e+01,1.107885498761480569e-01,nan,7.516248722552731830e-06,1.053138558362032207e+01,1.000000000000000000e+00
6.380000000000000000e+02,1.016430753530276405e+02,4.105857741957532880e+01,-1.939914869462539991e-03,5.603612317026460943e+01,1.856450935882518749e-01,nan,8.887422120446881465e-06,1.090158501229672261e+01,1.000000000000000000e+00
6.380000000000000000e+02,1.429377692336249481e+02,5.206283751775008994e+01,-8.466325224858281540e-03,2.528306127907093526e+02,2.395944270707683899e-02,nan,1.669153540015590135e-05,3.406860458093441935e+01,1.000000000000000000e+00
6.410000000000000000e+02,6.301150592771506354e+01,2.494230591506059724e+01,-8.470233242888980385e-03,2.529484534369296682e+02,1.950603637336800755e-02,nan,1.534255750638537636e-05,4.185848018585934227e+01,1.000000000000000000e+00
6.470000000000000000e+02,1.906352594680649304e+01,3.997960208641828217e+01,-7.971010388456052642e-03,2.378951084133876464e+02,1.682418340658531353e-02,nan,1.073962270412754181e-05,4.118189989253228589e+01,1.000000000000000000e+00
6.490000000000000000e+02,1.362808323828281232e+02,3.629323607248174710e+01,-1.230011878303861536e-03,3.463002253952546994e+01,3.384781234491545110e-01,nan,9.018642295907160577e-06,1.545005405911882512e+01,1.000000000000000000e+00
6.500000000000000000e+02,1.354285076734492179e+02,1.590282760714378441e+01,-7.587381588000351347e-03,2.263273353378000365e+02,2.125088512399464502e-02,nan,1.320214137885059234e-05,2.040821439503083568e+01,1.000000000000000000e+00
6.510000000000000000e+02,6.022345975962654308e+01,3.863471276650243169e+01,-1.605635824866930017e-02,4.816971096526950191e+02,3.881161500246088636e-03,nan,1.020640464721700628e-05,2.244270307978364443e+01,1.000000000000000000e+00
6.520000000000000000e+02,1.442930348828236333e+02,4.950341326768847239e+01,-9.033501304446899319e-03,2.699329892931747850e+02,1.661163517071095885e-02,nan,1.324103112867956881e-05,1.545005405911882512e+01,1.000000000000000000e+00
6.540000000000000000e+02,8.997533634045750262e+01,6.070366695374573851e+00,-1.222066932625519081e-03,3.439045416354388607e+01,3.396638994309453263e-01,nan,9.139986723010087275e-06,2.050200370543449324e+01,1.000000000000000000e+00
6.540000000000000000e+02,3.213871514417097330e+01,1.446389132198315153e+01,-1.066324304959033291e-03,2.969425989215033468e+01,3.711532417026046637e-01,nan,8.207514729953732993e-06,1.363692788882857165e+01,1.000000000000000000e+00
6.550000000000000000e+02,3.951681820643670306e+01,2.997966122910288789e+01,-1.166798484559214508e-03,3.272391383937774378e+01,3.313295415258857846e-01,nan,7.937693461240196663e-06,1.718067287995721415e+01,1.000000000000000000e+00
6.570000000000000000e+02,1.852334779974624368e+01,1.369735735568866275e+01,-1.529922165746340880e-03,4.367338462299727553e+01,2.628275896243377208e-01,nan,9.349163983576037987e-06,1.363692788882857165e+01,1.000000000000000000e+00
6.590000000000000000e+02,1.128788541083264931e+02,4.247754811070854686e+01,-8.047774680197992275e-03,2.402098248948513515e+02,1.796698212397918049e-02,nan,1.253373145197129163e-05,1.173943379992567237e+01,1.000000000000000000e+00
6.590000000000000000e+02,8.673854600334136933e+01,2.631525109245625416e+01,-6.931463034346286786e-03,2.065490575449834409e+02,2.445880808062250722e-02,nan,1.210020120033691827e-05,1.705132766068996730e+01,1.000000000000000000e+00
6.590000000000000000e+02,6.987631133079642609e+01,2.884760510408927203e+01,-1.303000756721279293e-03,3.683089687839524373e+01,3.056082410119882464e-01,nan,8.414433182975695290e-06,1.705132766068996730e+01,1.000000000000000000e+00
6.600000000000000000e+02,1.200648761652880552e+02,3.319447787830702623e+01,-1.087601142657025621e-03,3.033583224011826118e+01,3.559287316030650405e-01,nan,8.038729855547335103e-06,8.359289851027730478e+00,1.000000000000000000e+00
6.620000000000000000e+02,4.237392807266942896e+01,2.000306763998593240e+01,-8.516810465437851113e-03,2.543529223931093384e+02,1.680034729342250177e-02,nan,1.231801081999732965e-05,1.946187113381314049e+01,1.000000000000000000e+00
6.620000000000000000e+02,5.704298405144027129e+01,4.648868934267744635e+01,-1.243413552679668811e-03,3.503413069779748668e+01,3.643170644412587755e-01,nan,1.076096954951499894e-05,1.862681889013795100e+01,1.000000000000000000e+00
6.630000000000000000e+02,8.722111138022289367e+01,4.478964399146001796e+01,-1.563185627637973200e-03,4.467639633226880846e+01,2.530532638891105357e-01,nan,9.447095116148074284e-06,1.227534745726630305e+01,1.000000000000000000e+00
6.650000000000000000e+02,1.284087850186182038e+02,3.268761314209628210e+01,-9.143692877472561764e-03,2.732556572213614459e+02,1.517204649690773177e-02,nan,1.384402238392585563e-05,8.359289851027730478e+00,1.000000000000000000e+00
6.650000000000000000e+02,1.372241123209745410e+02,1.206522365131984031e+01,-1.266104241659244799e-03,3.571833569161619693e+01,3.180445660180001299e-01,nan,8.564944559212522583e-06,2.242750418029067561e+01,1.000000000000000000e+00
6.650000000000000000e+02,7.674833286589090164e+01,5.119316375689843568e+01,-1.308504194278889681e-03,3.699684509898368390e+01,2.778970296877482093e-01,nan,7.557428103237863618e-06,1.227534745726630305e+01,1.000000000000000000e+00
6.660000000000000000e+02,6.006736306191677244e+01,2.810903990186957202e+01,-7.989028879738020728e-03,2.384384300254946254e+02,1.499957776613591864e-02,nan,1.117818022958476120e-05,1.862681889013795100e+01,1.000000000000000000e+00
6.660000000000000000e+02,1.718016153452123262e+01,3.245684316372943812e+01,-1.674401781094921439e-03,4.802995900535665896e+01,2.638578371604592965e-01,nan,1.103314871361095245e-05,2.810377905504006435e+01,1.000000000000000000e+00
6.720000000000000000e+02,1.258916431595058754e+02,1.171079575206136703e+01,-1.300244779548846361e-03,3.674779436238410568e+01,3.278189057172317122e-01,nan,9.726268136337733194e-06,2.468798010309600599e+01,1.000000000000000000e+00
6.720000000000000000e+02,2.621613351988439078e+01,2.683346253683058080e+01,-1.864511373671602244e-03,5.376243952769274159e+01,1.979700593096213046e-01,nan,8.928245372934695106e-06,6.212609680033191140e+00,1.000000000000000000e+00
6.720000000000000000e+02,7.759037931341701722e+00,5.173608243481205449e+01,-1.660679843993869776e-03,4.761619378659858626e+01,2.195708357368304497e-01,nan,8.287487835315646701e-06,3.099685234580996607e+01,1.000000000000000000e+00
6.730000000000000000e+02,3.264514215377967332e+01,5.598492722940432209e+00,-1.340346827387359219e-03,3.795701376590967868e+01,2.535205508461758628e-01,nan,6.712550641723969119e-06,1.243270983241671424e+01,1.000000000000000000e+00
6.750000000000000000e+02,4.492557919191715143e+01,7.538374144422802736e+00,-6.400091696010175822e-03,1.905263213650046339e+02,2.225420879131545515e-02,nan,8.986701924386637997e-06,1.243270983241671424e+01,1.000000000000000000e+00
6.750000000000000000e+02,8.195763590366790652e+01,3.074582344954649571e+01,-1.319092911267274104e-03,3.731613258505812070e+01,3.243518040912144462e-01,nan,9.584001202720709813e-06,3.260127101677528572e+01,1.000000000000000000e+00
6.760000000000000000e+02,1.234652851499846378e+02,3.627925415670076603e+01,-8.525746136275479461e-03,2.546223646571027359e+02,1.369780287760269388e-02,nan,1.019434394969566735e-05,1.152609898719961024e+01,1.000000000000000000e+00
6.760000000000000000e+02,2.507308654965260786e+01,2.072691173787000452e+01,-1.445997762294262299e-03,4.114276530170413793e+01,3.181470230553216094e-01,nan,9.120473710656725708e-06,6.212609680033191140e+00,1.000000000000000000e+00
6.760000000000000000e+02,1.336589867371672540e+02,4.165878999301550323e+01,-2.034816124532928729e-03,5.889773361749557523e+01,1.908475220350186463e-01,nan,1.029546318233177222e-05,8.661924562398448657e+00,1.000000000000000000e+00
6.770000000000000000e+02,4.469376430761440133e+01,2.308308065500157369e+01,-1.264595823586208865e-03,3.567285152058610720e+01,2.910408901036346530e-01,nan,7.473255371645070734e-06,1.554643491738907635e+01,1.000000000000000000e+00
6.780000000000000000e+02,3.527152947144772099e+01,3.604573460429003973e+01,-1.218875168803972443e-03,3.429421112977097152e+01,2.990013423719728447e-01,nan,7.096080216168982161e-06,1.602525839781926109e+01,1.000000000000000000e+00
6.790000000000000000e+02,2.898119938220614245e+01,7.486399542264346785e+00,-7.462580077269034828e-03,2.225641258136050737e+02,1.487013306662754442e-02,nan,8.374302246626635305e-06,1.380523484457804351e+01,1.000000000000000000e+00
6.830000000000000000e+02,1.223939855571432673e+02,2.064848323124779128e+01,-1.165449083345374915e-03,3.268322459234760657e+01,3.626387370811683386e-01,nan,9.348877042574860844e-06,1.636594874672190869e+01,1.000000000000000000e+00
6.860000000000000000e+02,1.068164047446847889e+02,1.563019124974115215e+01,-1.583801892617750159e-02,4.751134023474497781e+02,5.866531377908268396e-03,nan,1.566563496033714724e-05,1.636594874672190869e+01,1.000000000000000000e+00
6.870000000000000000e+02,4.762969191758343612e+01,7.248574062830955178e+00,-1.242329972464891298e-03,3.500145689953507144e+01,3.049355131336041191e-01,nan,7.866600092187794942e-06,3.660425336904495452e+01,1.000000000000000000e+00
6.870000000000000000e+02,1.132148257137016856e+02,3.960214854370327231e+01,-1.262060323859148011e-03,3.559639718389132668e+01,2.907632809159179654e-01,nan,7.789044760184004394e-06,1.382244158668875578e+01,1.000000000000000000e+00
6.900000000000000000e+02,1.280385871260911017e+02,2.634150239025285245e+01,-2.360298491754619921e-02,7.092547504973017567e+02,2.411749422816300559e-03,nan,1.659441384614391887e-05,9.388615760642089469e+00,1.000000000000000000e+00
6.910000000000000000e+02,9.954528192529453179e+01,3.755191342688321043e+01,-1.268686502807981004e-03,3.579620005152609963e+01,3.143808761378106276e-01,nan,9.132403674779133513e-06,1.382244158668875578e+01,1.000000000000000000e+00
6.920000000000000000e+02,1.445254154580821364e+02,1.571348967810981989e+01,-8.399273690717794227e-03,2.508087705036187458e+02,1.628106516987770647e-02,nan,1.284472446208085018e-05,1.961555919819815230e+01,1.000000000000000000e+00
6.930000000000000000e+02,7.530533135632074959e+01,2.676869884252476695e+01,-7.752079136453648989e-03,2.312935523276356093e+02,1.852150603521174332e-02,nan,1.082387014476706451e-05,1.733327535262456820e+01,1.000000000000000000e+00
6.940000000000000000e+02,1.187354888139543618e+02,2.507719716773118179e+01,-9.153199679887695506e-03,2.735423211341909564e+02,1.149405849233775534e-02,nan,9.516873767710920382e-06,9.388615760642089469e+00,1.000000000000000000e+00
6.950000000000000000e+02,1.187975258561579750e+02,4.157100844445862720e+01,-9.397932842513773491e-03,2.809218966143595253e+02,1.156506858664507753e-02,nan,1.102049526098046514e-05,1.649392794415286545e+01,1.000000000000000000e+00
6.980000000000000000e+02,9.252774208698177461e+01,2.872599367834135364e+01,-8.406154286956823637e-03,2.510162449576308177e+02,1.940788937411408455e-02,nan,1.499943576019037577e-05,1.733327535262456820e+01,1.000000000000000000e+00
6.990000000000000000e+02,5.242838730443004636e+01,4.258969267123976721e+01,-9.010766628207525844e-03,2.692474579269904780e+02,1.218378759635929676e-02,nan,1.139491414928791701e-05,2.066465414836357795e+01,1.000000000000000000e+00
7.000000000000000000e+02,8.732742864226239021e+00,1.978278998670239730e+01,-7.933246965574991191e-03,2.367564068718802162e+02,2.083121299028478646e-02,nan,1.385488820491583075e-05,3.354538587549865269e+01,1.000000000000000000e+00
7.010000000000000000e+02,3.182040246950313644e+01,4.411903635887265551e+01,-1.831394859676735041e-03,5.276385882026907836e+01,2.354595287764743583e-01,nan,1.106128151149290863e-05,2.066465414836357795e+01,1.000000000000000000e+00
7.030000000000000000e+02,7.649685356877738229e+01,4.003837312207721055e+01,-8.422684685853217695e-03,2.515146952904923410e+02,1.910414081235004558e-01,nan,1.746539382569410907e-04,5.462159705940992538e+00,1.000000000000000000e+00
7.030000000000000000e+02,7.310932681383503962e+01,4.957566566938437091e+01,-8.868527147924893869e-03,2.649584315860471406e+02,2.829265297477645547e-02,nan,2.320603370883897779e-05,8.666207099618469911e+00,1.000000000000000000e+00
7.040000000000000000e+02,6.721240975333306267e+01,1.901699825116622122e+01,-1.504638284747585909e-02,4.512427583655831427e+02,6.789930186788861732e-03,nan,1.675044972027095536e-05,2.298040683768480008e+01,1.000000000000000000e+00
7.050000000000000000e+02,9.391845631215724666e+01,3.310775976663994413e+01,-8.862660930422270114e-03,2.647815442595435229e+02,1.840133836021839997e-02,nan,1.379554742267937184e-05,1.361038546795806248e+01,1.000000000000000000e+00
7.050000000000000000e+02,1.051891367559268531e+02,4.073759298374458382e+01,-7.827325842710203263e-03,2.335625082079742469e+02,2.742300319532564590e-02,nan,1.660956432668510963e-05,1.361038546795806248e+01,1.000000000000000000e+00
7.050000000000000000e+02,7.995731646812312476e+01,4.426452801458376030e+01,-8.003037279813732252e-03,2.388608331220175955e+02,1.876966933653716474e-01,nan,1.529837124648646476e-04,5.462159705940992538e+00,1.000000000000000000e+00
7.110000000000000000e+02,6.487058783417363372e+01,1.335239580432588369e+01,-1.665405586589359345e-03,4.775869173746495733e+01,2.044904410165235831e-01,nan,7.856210710058861535e-06,1.541283864689946803e+01,1.000000000000000000e+00
7.110000000000000000e+02,4.126902780034765783e+01,1.306903884860522780e+01,-1.309832667826908497e-03,3.703690330244012330e+01,3.352593026153061206e-01,nan,1.017337904675427298e-05,2.252799413101041281e+01,1.000000000000000000e+00
7.120000000000000000e+02,9.624945811184015554e+01,2.113413666087102172e+01,-1.304728228814908001e-03,3.688298630742082196e+01,3.652714110294703609e-01,nan,1.189321664657129105e-05,9.827447015093806471e+00,1.000000000000000000e+00
7.120000000000000000e+02,8.803683192961578641e+01,4.193672815361721717e+01,-1.123283529106034254e-03,3.141178313000776612e+01,3.709184988959390861e-01,nan,9.174758352245985493e-06,2.206317301985296453e+01,1.000000000000000000e+00
7.140000000000000000e+02,6.657451435195589795e+01,4.705068238685387172e+01,-8.278327469946647824e-03,2.471618116867400374e+02,1.751325996536201579e-02,nan,1.286626415015941471e-05,1.541408779263832862e+01,1.000000000000000000e+00
7.140000000000000000e+02,5.861797907944123409e+01,2.743999598730955469e+01,-1.406922652995433671e-03,3.996451174843675602e+01,3.209547510541951310e-01,nan,1.068685949659493111e-05,1.541283864689946803e+01,1.000000000000000000e+00
7.170000000000000000e+02,1.131110669406998568e+02,3.210917633726904796e+01,-7.986080905878312902e-03,2.383495381263427646e+02,3.214378691701724744e-02,nan,2.006660303945805761e-05,2.011878098185847819e+01,1.000000000000000000e+00
7.180000000000000000e+02,8.192103996545648670e+01,4.849229747880190189e+01,-7.449935353063195410e-03,2.221828423957730649e+02,3.064391305080604866e-02,nan,1.765999553412770420e-05,1.541408779263832862e+01,1.000000000000000000e+00
7.190000000000000000e+02,1.225079466415002685e+02,1.331510461326675276e+01,-7.511725009536483928e-03,2.240460203523093412e+02,2.178075910349119848e-02,nan,1.247844723402359480e-05,2.101234113749006838e+01,1.000000000000000000e+00
7.230000000000000000e+02,1.088701909744917984e+01,1.695523257658692984e+01,-3.264565515942597501e-02,9.819234271742847113e+02,2.181756994674377559e-03,nan,3.355654747499124679e-05,2.341877306082173149e+01,1.000000000000000000e+00
7.250000000000000000e+02,1.271605485992128592e+02,1.271475955091178101e+01,-6.981999650584398004e-03,2.080729163062550242e+02,1.990829828885265496e-02,nan,9.664555621934989302e-06,2.533073223630707815e+01,1.000000000000000000e+00
7.260000000000000000e+02,7.165014743178913648e+01,4.447389429231921554e+01,-8.806299734624652847e-03,2.630820537038783868e+02,1.550994426934393378e-02,nan,1.283015418927744918e-05,2.062785520018707075e+01,1.000000000000000000e+00
7.260000000000000000e+02,1.651972676907434590e+01,4.677675821490503694e+01,-1.816517495199069382e-02,5.452854352764579744e+02,4.683276672360792148e-03,nan,1.727018607436800652e-05,1.143343010946002991e+01,1.000000000000000000e+00
7.270000000000000000e+02,8.064205127524965633e+01,9.307001178754406467e+00,-1.361666726260586701e-03,3.859988456149910263e+01,3.129041973612930461e-01,nan,9.698189391630150066e-06,2.518426559856449387e+01,1.000000000000000000e+00
7.280000000000000000e+02,1.031136869100935485e+02,2.067682200556840044e+01,-6.950190328798579696e-03,2.071137520942104402e+02,2.122109923058879133e-02,nan,1.081247975917980411e-05,1.150576048677574192e+01,1.000000000000000000e+00
7.300000000000000000e+02,9.123652079157417916e+01,3.800223385847478852e+01,-1.317981695042943959e-03,3.728262546279385248e+01,3.018840688765955793e-01,nan,8.525053666465020425e-06,2.062785520018707075e+01,1.000000000000000000e+00
7.310000000000000000e+02,1.128734106360897727e+02,1.458335688535343877e+01,-7.897920156705913117e-03,2.356911779109765348e+02,1.471442335310624294e-02,nan,9.645677423255726639e-06,1.150576048677574192e+01,1.000000000000000000e+00
7.370000000000000000e+02,6.827147760997547721e+01,1.906422575841343559e+01,-7.343907192236448327e-03,2.189857161565314243e+02,1.700512189048775102e-02,nan,9.070777742678962533e-06,3.074225486590288980e+01,1.000000000000000000e+00
7.370000000000000000e+02,3.508074579355163536e+01,4.941386498821734818e+01,-8.061325527144653710e-03,2.406184311368092494e+02,2.384624418733416462e-02,nan,1.631571400530538269e-05,1.396073165219519829e+01,1.000000000000000000e+00
7.390000000000000000e+02,1.302824755329331197e+02,2.399680017372475760e+01,-7.635168081187308081e-03,2.277682681056427896e+02,1.870764506604449817e-02,nan,1.047035867814781909e-05,1.471642564690377775e+01,1.000000000000000000e+00
7.390000000000000000e+02,3.916656127439989632e+01,2.896321961330978567e+01,-1.229450494856303491e-03,3.461309483148575339e+01,3.700671288646546486e-01,nan,1.109658163951865159e-05,1.457492009268058020e+01,1.000000000000000000e+00
7.400000000000000000e+02,1.038703348459344156e+01,3.278993890972009240e+01,-7.387540061204625301e-03,2.203014023778504793e+02,2.811531102258812975e-02,nan,1.587241653353202436e-05,1.779741513904698280e+01,1.000000000000000000e+00
7.410000000000000000e+02,1.250084647308604104e+02,1.025787758567340546e+01,-8.777625552488534794e-03,2.622174251053876901e+02,1.296747011160337415e-02,nan,1.027907810836069731e-05,1.471642564690377775e+01,1.000000000000000000e+00
7.410000000000000000e+02,2.749561048367509031e+01,3.769346607881716693e+01,-1.252121402513299087e-03,3.529670334805751253e+01,3.188080500167651543e-01,nan,8.755558462352708713e-06,1.396073165219519829e+01,1.000000000000000000e+00
7.420000000000000000e+02,1.411937516323262685e+02,6.619594703436279204e+00,-1.218280575187562264e-03,3.427628201699670285e+01,3.442285300080862864e-01,nan,1.013151947156443259e-05,1.658917160119642631e+01,1.000000000000000000e+00
7.470000000000000000e+02,1.060347270862529889e+01,3.791663260486369325e+01,-1.070514344064852838e-03,2.982060447706258088e+01,3.625333848210555709e-01,nan,8.007933413953939510e-06,1.528320744364657280e+01,1.000000000000000000e+00
7.480000000000000000e+02,1.427549231950539479e+02,5.103531733351375266e+01,-1.094359562394110275e-03,3.053962263795935428e+01,3.677785859342886932e-01,nan,8.386529151423704998e-06,1.588085913564482787e+01,1.000000000000000000e+00
7.480000000000000000e+02,2.577321672210992176e+01,3.977547534454917155e+01,-1.137652582066190450e-03,3.184506119400281321e+01,3.401403540605404396e-01,nan,7.826149214690200911e-06,1.528320744364657280e+01,1.000000000000000000e+00
7.490000000000000000e+02,6.177016913836236256e+01,1.227838907106125355e+01,-7.854188283709061247e-03,2.343725063659906311e+02,1.395987479761917616e-02,nan,9.160099425023136393e-06,4.529757539636730002e+01,1.000000000000000000e+00
7.500000000000000000e+02,1.211824164131765258e+02,4.816294772305496963e+00,-8.741369081524317380e-03,2.611241635250852937e+02,1.351173051283283133e-02,nan,1.044835156426229799e-05,3.618353140802818046e+01,1.000000000000000000e+00
7.510000000000000000e+02,1.406932053076104694e+02,3.528885721579874257e+01,-7.297371297860857052e-03,2.175824933917992041e+02,2.068615560566033906e-02,nan,1.303877833104526783e-05,1.588085913564482787e+01,1.000000000000000000e+00
7.510000000000000000e+02,4.987168134077502479e+00,1.986793177314783776e+01,-1.102301059210250176e-03,3.077908701847636408e+01,3.608114327437998980e-01,nan,8.198815678697982760e-06,1.890234056372033322e+01,1.000000000000000000e+00
7.510000000000000000e+02,1.098070397559634301e+02,4.491159099893209827e+01,-1.275742871562243665e-03,3.600897467217505721e+01,3.091405637416158037e-01,nan,8.255987258731685237e-06,3.235045947038162240e+01,1.000000000000000000e+00
7.580000000000000000e+02,5.623378380697026557e+01,4.439323180373264677e+01,-8.383383694071579184e-03,2.503296305768016907e+02,1.526873977780351943e-02,nan,1.071829441901336250e-05,1.894984620725783486e+01,1.000000000000000000e+00
7.600000000000000000e+02,7.488856892678836630e+01,6.285827317998612607e+00,-9.004508654419898089e-03,2.690587577548389504e+02,3.139434701852150678e-02,nan,2.700261926618205177e-05,2.923025441343595432e+01,1.000000000000000000e+00
7.600000000000000000e+02,1.442277159070659138e+02,3.616977867614654940e+01,-8.301714057650174533e-03,2.478670005027135801e+02,4.035875652054310425e-02,nan,2.918849220429125337e-05,4.628006495462329895e+01,1.000000000000000000e+00
7.600000000000000000e+02,3.552353141057399455e+01,4.338467268245987896e+01,-2.267518579579089633e-03,6.591454046543961454e+01,1.706571354218243686e-01,nan,1.080519995433761203e-05,2.073479553368057537e+01,1.000000000000000000e+00
7.610000000000000000e+02,7.294113572668224776e+01,3.545113679698951614e+01,-8.154835238715405984e-03,2.434380815971740617e+02,1.463059575739844576e-02,nan,1.309948036469558942e-05,1.894984620725783486e+01,1.000000000000000000e+00
7.640000000000000000e+02,9.879891070594909763e+01,2.733416493384584101e+01,-2.237789945994189678e-02,6.723140657652506889e+02,3.495022783861267968e-03,nan,2.959031902389056655e-05,1.361868105237684468e+01,1.000000000000000000e+00
7.680000000000000000e+02,6.045617616065563737e+01,1.449304742297660020e+01,-9.004630610178716160e-03,2.690624351548193545e+02,1.026076719922286440e-02,nan,9.383985081100915346e-06,2.134149270934460318e+01,1.000000000000000000e+00
7.690000000000000000e+02,1.347484065482668711e+02,3.710432811003592235e+01,-9.081517203249555095e-03,2.713808394564308060e+02,1.442626427603976857e-02,nan,1.189119800533239440e-05,3.391311379686337446e+00,1.000000000000000000e+00
7.700000000000000000e+02,1.395020924061378764e+02,1.868089052902280756e+01,-8.125405732814540427e-03,2.425506773001465319e+02,1.682951918100095146e-02,nan,1.165472217698425860e-05,1.902683845353213599e+01,1.000000000000000000e+00
7.700000000000000000e+02,8.046749840874808513e+01,7.076424677682823905e+00,-9.041378491941830242e-03,2.701705145188798269e+02,1.419624624377568978e-02,nan,1.205555881652064228e-05,2.134149270934460318e+01,1.000000000000000000e+00
7.740000000000000000e+02,3.942669074529710116e+01,2.001717752593566857e+01,-8.181137143695038291e-03,2.442311776001296266e+02,1.660635203967142370e-02,nan,1.058315875976474429e-05,1.450569523987742393e+01,1.000000000000000000e+00
7.780000000000000000e+02,8.223435176852557049e+01,2.384737759530677437e+01,-9.001009070282882732e-03,2.689532328434980855e+02,1.173291163291578787e-02,nan,1.027277924535516189e-05,3.064550819826123984e+01,1.000000000000000000e+00
7.780000000000000000e+02,1.113577917031391991e+02,4.726807631652267361e+01,-9.317082363597519248e-03,2.784839670531669071e+02,1.778814870836809003e-02,nan,1.583287945878745549e-05,2.769086314914425273e+01,1.000000000000000000e+00
7.800000000000000000e+02,1.112602076785172613e+02,1.288787360001422755e+01,-6.601312008160759200e-03,1.965938296083687646e+02,1.979160028078386091e-02,nan,8.314360580148437560e-06,2.432920517541961303e+01,1.000000000000000000e+00
7.840000000000000000e+02,8.708361941482891666e+01,1.016706408890334856e+01,-1.205426579264727441e-03,3.388868831242276514e+01,3.446797371616588945e-01,nan,9.033423995721720875e-06,2.110028339124876950e+01,1.000000000000000000e+00
7.870000000000000000e+02,6.987501291215599508e+01,2.237713458121304200e+01,-8.170876671621809043e-03,2.439217878659633243e+02,1.484005598095738954e-02,nan,1.007380154308337451e-05,2.110028339124876950e+01,1.000000000000000000e+00
7.870000000000000000e+02,1.761568134437465716e+01,1.317960854231501955e+01,-1.280166615919955779e-03,3.614236630182757182e+01,2.796887035211194084e-01,nan,7.108791271534063395e-06,2.970832895976249688e+01,1.000000000000000000e+00
7.870000000000000000e+02,2.461952222905256704e+01,4.205054587458009507e+01,-1.236007533705938289e-03,3.481081287916696709e+01,3.587702185604475513e-01,nan,1.002918514797792586e-05,1.580074143793333974e+01,1.000000000000000000e+00
7.890000000000000000e+02,1.337063191099405230e+02,3.557525602568370715e+01,-9.113659672816000479e-03,2.723500492592191335e+02,2.156378590903629267e-02,nan,1.824262583084726455e-05,3.592584389910624765e+01,1.000000000000000000e+00
7.890000000000000000e+02,4.038643018238411742e+01,4.308400781369251575e+01,-8.315166464769511642e-03,2.482726384336824879e+02,4.907177015440744583e-02,nan,3.410425076760797693e-05,5.751378629126607578e+00,1.000000000000000000e+00
7.930000000000000000e+02,2.229892574199244137e+01,7.782883714285665278e+00,-1.455356866171038897e-02,4.363826575009095450e+02,6.069655257347594812e-03,nan,1.456331803089736570e-05,3.414322420523701851e+01,1.000000000000000000e+00
7.930000000000000000e+02,8.194734644284666558e+01,2.674489965531390112e+01,-7.892303857009046880e-03,2.355218264953876144e+02,1.300259678844195577e-02,nan,8.560947863437049667e-06,1.176104600899548558e+01,1.000000000000000000e+00
7.930000000000000000e+02,3.511896961916993831e+01,4.539316682739374187e+01,-8.140328466573757554e-03,2.430006508099272935e+02,5.397369329467160970e-02,nan,3.741264730397200002e-05,5.751378629126607578e+00,1.000000000000000000e+00
7.940000000000000000e+02,9.858730725546797657e+01,4.314633694113864948e+01,-1.246298052210741440e-03,3.512110862013400236e+01,3.300948983976026430e-01,nan,8.849665606507582920e-06,1.800028703067596680e+01,1.000000000000000000e+00
7.950000000000000000e+02,1.163776888375831078e+02,4.588725947734067745e+01,-1.960321934712784715e-03,5.665146878475739101e+01,1.954061932293520432e-01,nan,9.829511923878538998e-06,1.406114381449651951e+01,1.000000000000000000e+00
7.960000000000000000e+02,1.256324593929922884e+02,3.530118431519087352e+01,-1.181642893680065172e-03,3.317152558267545004e+01,3.512969752752465036e-01,nan,8.883858076510720784e-06,1.406114381449651951e+01,1.000000000000000000e+00
7.970000000000000000e+02,4.622790264869708921e+01,3.213783851464361163e+01,-8.203180332463571450e-03,2.448958581591330415e+02,1.635637551558977165e-02,nan,1.106234228865925594e-05,1.729485824553975704e+01,1.000000000000000000e+00
7.970000000000000000e+02,7.094151206447007496e+01,4.120912958677393334e+01,-1.531881025599728108e-02,4.594574138805047596e+02,4.185049197857670933e-03,nan,1.122357116482777438e-05,1.817532222202402536e+01,1.000000000000000000e+00
7.980000000000000000e+02,1.308926392941653774e+02,5.030368098650310316e+01,-7.936184646310510959e-03,2.368449883967204528e+02,1.771000438669001475e-02,nan,1.130202984180110650e-05,1.517196644155365703e+01,1.000000000000000000e+00
7.980000000000000000e+02,8.881515792099189355e+01,1.719736758014571620e+01,-1.292107405473873032e-03,3.650242358568890921e+01,2.362364474553932947e-01,nan,5.547458783483969981e-06,1.176104600899548558e+01,1.000000000000000000e+00
8.000000000000000000e+02,6.629136280307126583e+01,1.527280558626145002e+01,-1.364112184838755419e-03,3.867362383723752828e+01,2.575156033462634442e-01,nan,7.429920668088873042e-06,1.619418857381183940e+01,1.000000000000000000e+00
8.040000000000000000e+02,7.265569949566084063e+01,3.016397619261526941e+01,-7.531192408997610874e-03,2.246330317004423023e+02,1.928467191354865662e-02,nan,1.107597717869880084e-05,1.619418857381183940e+01,1.000000000000000000e+00
8.060000000000000000e+02,1.308985912515657013e+01,8.271298869316783708e+00,-1.190893688227665772e-03,3.345046994756258130e+01,3.371531672657552825e-01,nan,8.766761917143137020e-06,3.924576249644154302e+01,1.000000000000000000e+00
8.070000000000000000e+02,5.330939036847181178e+00,4.674244432913285152e+01,-2.169073218683172360e-03,6.294606261957517290e+01,1.430160247410336982e-01,nan,8.142129093695275047e-06,3.924576249644154302e+01,1.000000000000000000e+00
8.070000000000000000e+02,5.563002247773051323e+01,7.705500142071951331e+00,-1.064246068413814356e-03,2.963159366708087106e+01,3.421141198021080410e-01,nan,6.952778845936838740e-06,2.818256241777366711e+01,1.000000000000000000e+00
8.080000000000000000e+02,9.079571202224762771e+01,4.124365845841003164e+01,-1.166308982663620411e-03,3.270915361584506087e+01,3.660389594045728723e-01,nan,9.561563713484879821e-06,2.125604416573536781e+01,1.000000000000000000e+00
8.100000000000000000e+02,1.236691575457919186e+02,9.079311756477331130e+00,-7.744916756937315037e-03,2.310775811053817961e+02,2.243120473524995440e-02,nan,1.429847414895328922e-05,2.652547335579106402e+01,1.000000000000000000e+00
8.140000000000000000e+02,1.426142031020143008e+02,4.405761928849954501e+01,-1.034817356177249095e-03,2.874421330185548484e+01,3.647314976912320317e-01,nan,7.354513182131833285e-06,2.009930312857364854e+01,1.000000000000000000e+00
8.150000000000000000e+02,2.061441965570111634e+01,9.980675491498853802e+00,-7.662152885946999989e-03,2.285819559663517850e+02,1.611856746543238739e-02,nan,1.045866813728155656e-05,2.469195741604600514e+01,1.000000000000000000e+00
8.150000000000000000e+02,1.055362994613327743e+02,2.843906884270251467e+01,-8.397696722493372054e-03,2.507612193016604181e+02,1.244946563175608478e-02,nan,1.077569096799688575e-05,1.949737200401691695e+01,1.000000000000000000e+00
8.170000000000000000e+02,6.128943425357392449e+00,2.997726868674029532e+01,-8.753718430661916461e-03,2.614965403338266015e+02,1.329641643834889031e-02,nan,1.025264230711521950e-05,2.169347559003292858e+01,1.000000000000000000e+00
8.180000000000000000e+02,8.501286556271911365e+01,4.206277970305032454e+01,-8.046973761616468476e-03,2.401856743503873872e+02,2.493831098089938081e-02,nan,1.645824388290963628e-05,2.463365252245641202e+01,1.000000000000000000e+00
8.180000000000000000e+02,1.227564185971284303e+02,4.095111308187367882e+01,-8.101989860542344393e-03,2.418446054502491052e+02,1.826373172104889253e-02,nan,1.215902668401769684e-05,1.345304913348229725e+01,1.000000000000000000e+00
8.180000000000000000e+02,5.498809145475646432e+01,8.967922603154947936e+00,-1.212981898225214605e-03,3.411650805678184639e+01,3.271405273807567182e-01,nan,8.356695365385577009e-06,1.918552768719897372e+01,1.000000000000000000e+00
8.190000000000000000e+02,1.250192668817692692e+02,2.768973877041610621e+01,-8.283529261858662771e-03,2.473186642180232298e+02,1.399093937253803599e-02,nan,9.295822841321417832e-06,1.225604539230889323e+01,1.000000000000000000e+00
8.200000000000000000e+02,4.735104762123032174e+01,2.656792357250374792e+01,-6.865093550316645615e-03,2.045477814950968138e+02,1.771528181837811466e-02,nan,7.959679252273378099e-06,1.918552768719897372e+01,1.000000000000000000e+00
8.210000000000000000e+02,2.652382681351366500e+01,2.258432510797129922e+01,-1.311566252229129847e-03,3.708917703931403054e+01,3.346018771239827050e-01,nan,1.017221518491900853e-05,2.120476793789573478e+01,1.000000000000000000e+00
8.210000000000000000e+02,1.360139991270317239e+02,3.310513455588941412e+01,-1.396028911659458324e-03,3.963602669317234017e+01,2.556872373428583645e-01,nan,7.465033869108558743e-06,9.638890454853651590e+00,1.000000000000000000e+00
8.250000000000000000e+02,1.268697140781225272e+02,3.005714174996539612e+01,-2.256701216732800303e-02,6.780164866527176173e+02,2.671451171556316062e-03,nan,1.968875326877343230e-05,9.638890454853651590e+00,1.000000000000000000e+00
8.250000000000000000e+02,9.318529569528108070e+00,4.752693807219709754e+01,-8.436559536680527868e-03,2.519330714020807420e+02,1.898865392244752925e-02,nan,1.270510591224363545e-05,1.711520750568800864e+01,1.000000000000000000e+00
8.250000000000000000e+02,1.068036687632975799e+02,4.832570965659578377e+01,-8.356646241753870955e-03,2.495234012721635111e+02,1.680120198020573774e-02,nan,1.226065087652286781e-05,1.641644208243583236e+01,1.000000000000000000e+00
8.260000000000000000e+02,2.612289201652116333e+01,5.077404920562767643e+01,-1.366644668632688905e-03,3.874998723281947122e+01,2.669067853012961899e-01,nan,7.480041146811646801e-06,1.007507199075600823e+01,1.000000000000000000e+00
8.270000000000000000e+02,2.600951772683670526e+01,3.214660359137040757e+01,-1.577510148891222291e-02,4.732162177880065883e+02,4.804509080039154334e-03,nan,1.303339829682588696e-05,1.772050755949107526e+01,1.000000000000000000e+00
8.270000000000000000e+02,6.591279007548035906e+01,4.365774795264762531e+01,-1.151613367519046995e-03,3.226602854025985323e+01,3.179215837442613823e-01,nan,7.140881826364028114e-06,1.681767874908382865e+01,1.000000000000000000e+00
8.280000000000000000e+02,9.110697388248073025e+01,5.313334321839187879e+01,-1.807533717887177278e-03,5.204436051039727573e+01,2.181708315587684854e-01,nan,9.925989543564031823e-06,1.641644208243583236e+01,1.000000000000000000e+00
8.300000000000000000e+02,4.919488113137344953e+01,4.548691143466228226e+01,-1.553103389039861039e-02,4.658567114335427277e+02,5.518290953948179478e-03,nan,1.446259189157408139e-05,1.681767874908382865e+01,1.000000000000000000e+00
8.310000000000000000e+02,1.605039552227180621e+01,5.100184295499460774e+01,-1.353732015750265527e-03,3.836062481224450238e+01,3.364657088551556985e-01,nan,1.101185492167737630e-05,1.007507199075600823e+01,1.000000000000000000e+00
8.320000000000000000e+02,1.051699899431164908e+02,3.098711077378110446e+01,-8.860191635888744338e-03,2.647070862449557467e+02,1.156637085192346870e-02,nan,9.558500848616148442e-06,1.951925027309132687e+01,1.000000000000000000e+00
8.330000000000000000e+02,5.410344214181576916e+01,2.904742585739237981e+01,-7.911586243708974842e-03,2.361032590505960229e+02,1.355551141754174349e-02,nan,9.907134814792420345e-06,1.715665052504420984e+01,1.000000000000000000e+00
8.330000000000000000e+02,1.218006180725192991e+02,4.120588463589841410e+01,-1.325405870290522143e-03,3.750649075767099561e+01,2.978058131023880728e-01,nan,8.422563229462992407e-06,1.924388036514604750e+01,1.000000000000000000e+00
8.350000000000000000e+02,2.589779890756441461e+01,2.833992693865565116e+01,-8.107616879511128638e-03,2.420142800900195823e+02,1.808577875403061253e-02,nan,1.188428695346301222e-05,1.634564482167502319e+01,1.000000000000000000e+00
8.380000000000000000e+02,9.857995818471840721e+01,2.304218596087218529e+01,-1.531755245932713743e-03,4.372865851171503948e+01,2.427936290316373702e-01,nan,8.462959727468147734e-06,1.622668042573535985e+01,1.000000000000000000e+00
8.390000000000000000e+02,8.503415036822038076e+01,3.893837439444846638e+01,-4.889743809994041152e-02,1.471972497802614271e+03,2.094036072970650864e-03,nan,6.055323433172546594e-05,1.342435772175193165e+01,1.000000000000000000e+00
8.400000000000000000e+02,2.660275860487857358e+01,1.200949104546791624e+01,-1.327681901159893495e-03,3.757512118525788480e+01,3.114271934136078057e-01,nan,9.063279910934538520e-06,1.515486287307520286e+01,1.000000000000000000e+00
8.420000000000000000e+02,1.038847823981517848e+02,7.707128161714270398e+00,-8.538178650332548664e-03,2.549972491840213991e+02,1.261551634668123256e-02,nan,9.354871487709136418e-06,1.622668042573535985e+01,1.000000000000000000e+00
8.420000000000000000e+02,6.008615600183548366e+01,4.540470576365695621e+01,-7.405888770649879209e-03,2.208546812423165022e+02,9.163189682340744380e-02,nan,5.404143345133529644e-05,5.736035346810401059e+00,1.000000000000000000e+00
8.430000000000000000e+02,6.319755183788231534e+01,2.344365215957317616e+01,-7.961135591727064309e-03,2.375973481628725494e+02,2.289767411706156164e-02,nan,1.450133644010015531e-05,2.218036653101140132e+01,1.000000000000000000e+00
8.440000000000000000e+02,1.694523912053568182e+01,2.368862569283158948e+01,-8.061507878182229067e-03,2.406239296692975813e+02,1.451338842439631183e-02,nan,9.351603906277194863e-06,1.515486287307520286e+01,1.000000000000000000e+00
8.440000000000000000e+02,8.986699243089321953e+01,2.641411721732131923e+01,-1.112987562774854023e-03,3.110132311769506686e+01,3.590453875354802094e-01,nan,8.686350879304318367e-06,1.342435772175193165e+01,1.000000000000000000e+00
8.450000000000000000e+02,5.519404758006906064e+01,4.839959752957110339e+01,-7.288741860419811411e-03,2.173222851541241027e+02,9.198240969045945459e-02,nan,5.247719756524318315e-05,5.736035346810401059e+00,1.000000000000000000e+00
8.490000000000000000e+02,1.417988434883289699e+02,6.474369229888219834e+00,-7.199966698104371537e-03,2.146453981967486015e+02,2.957730127047608626e-02,nan,1.541324352845631826e-05,2.523820535080023220e+01,1.000000000000000000e+00
8.540000000000000000e+02,1.243505202028782293e+02,2.470958307167134649e+01,-1.594849171947546052e-02,4.784445500672744629e+02,4.971579503535994426e-03,nan,1.280280590391914380e-05,2.523820535080023220e+01,1.000000000000000000e+00
8.560000000000000000e+02,7.867891749809555790e+01,3.934483924178347536e+01,-9.505019360133723158e-03,2.841509360759719129e+02,1.120126665954679357e-02,nan,1.201724703542905983e-05,4.795921201175345772e+01,1.000000000000000000e+00
8.610000000000000000e+02,2.120597671310072485e+01,2.405966292493403458e+01,-1.962441806658005682e-03,5.671539046525293770e+01,1.668937116446572722e-01,nan,8.230709210833744675e-06,1.061137098911011911e+01,1.000000000000000000e+00
8.610000000000000000e+02,1.304621095100762602e+02,1.182428911741388333e+01,-1.259370595397568595e-03,3.551529230218917377e+01,3.341806015035810873e-01,nan,9.244881471538576170e-06,1.649200023694224626e+01,1.000000000000000000e+00
8.620000000000000000e+02,2.980302762264992467e+01,3.150335522534211918e+01,-8.551647815848969006e-03,2.554033924402795890e+02,1.903551097398326064e-02,nan,1.573486680123445625e-05,7.123764351935980343e+00,1.000000000000000000e+00
8.630000000000000000e+02,1.195405159852734869e+02,2.418167017871846980e+01,-7.207725891861383252e-03,2.148793654914981346e+02,1.807294758976318860e-02,nan,9.699055503331948053e-06,1.649200023694224626e+01,1.000000000000000000e+00
8.630000000000000000e+02,4.403178543148842294e+01,2.528454520163245078e+01,-8.008739378478390084e-03,2.390327716817113242e+02,1.468066644238341656e-02,nan,9.205030900474982860e-06,1.224739952404816101e+01,1.000000000000000000e+00
8.640000000000000000e+02,7.644822147655749411e+00,3.925663823955770226e+01,-1.550365460249737010e-02,4.650311285027603958e+02,6.695473402576257449e-03,nan,1.855946316390295854e-05,2.036793980404425142e+01,1.000000000000000000e+00
8.650000000000000000e+02,1.046796525908248583e+02,3.771634203584718392e+01,-6.213920835598091101e-03,1.849126076292899938e+02,1.879090417278350689e-02,nan,7.226302160405060429e-06,2.010056225851941747e+01,1.000000000000000000e+00
8.660000000000000000e+02,7.652628720525706285e+01,1.926887338187849252e+01,-8.950448767203189604e-03,2.674286598396878958e+02,1.160155470774670849e-02,nan,9.671589119891517308e-06,3.304664813515033472e+01,1.000000000000000000e+00
8.660000000000000000e+02,3.180005421280650069e+01,2.466523389414877343e+01,-7.961938790364189028e-03,2.376215674591241509e+02,3.057502433238201700e-02,nan,2.046532920681001403e-05,7.123764351935980343e+00,1.000000000000000000e+00
8.780000000000000000e+02,1.272065498610117089e+02,2.325884299628763330e+01,1.363007556623432306e-03,-3.864031536688136725e+01,3.252588579195845320e-01,nan,1.086090551121039265e-05,4.428847708039538134e+01,1.000000000000000000e+00
8.790000000000000000e+02,6.806244037983165640e+01,2.193856209483708142e+01,-9.989803452831050659e-04,2.766359993487578350e+01,3.629016917511391771e-01,nan,6.834451600528070976e-06,1.341337031402122015e+01,1.000000000000000000e+00
8.790000000000000000e+02,5.756259195356372516e+01,3.028551879811909586e+01,-1.278542017004008361e-03,3.609337886507568527e+01,2.883837664840496195e-01,nan,8.723570059146208605e-06,1.341337031402122015e+01,1.000000000000000000e+00
8.820000000000000000e+02,3.883851291122381610e+01,2.527735175407503831e+01,-7.039334728234900723e-03,2.098017728643246187e+02,2.453332856394574435e-02,nan,1.241796433026229851e-05,1.938228245395370308e+01,1.000000000000000000e+00
8.820000000000000000e+02,8.758355534986581858e+01,4.304488626093278469e+01,-1.112501032544845406e-03,3.108665250045134698e+01,3.311640389138047480e-01,nan,7.192516125254089667e-06,2.874979738150527098e+01,1.000000000000000000e+00
8.850000000000000000e+02,1.229669986991374628e+02,2.692597527508494792e+01,-1.360380418511494133e-03,3.856109780688318978e+01,2.829237621104526701e-01,nan,8.131771769584589306e-06,1.189339976215609340e+01,1.000000000000000000e+00
8.880000000000000000e+02,1.112962614103725940e+02,2.921657542331856305e+01,-1.654571940765484040e-03,4.743201877567738478e+01,2.602478550554747638e-01,nan,1.137632291942940214e-05,1.189339976215609340e+01,1.000000000000000000e+00
8.890000000000000000e+02,1.039310308610471054e+02,4.387090915280712977e+01,-8.535206614040825174e-03,2.549076317169432571e+02,1.419701630057867980e-02,nan,1.227419937730354432e-05,1.390131220228540165e+01,1.000000000000000000e+00
8.930000000000000000e+02,1.166089118657742603e+02,4.957334847079968654e+01,-1.387504021921296283e-03,3.937897094066282477e+01,2.919787931384808521e-01,nan,8.853163551270902971e-06,1.390131220228540165e+01,1.000000000000000000e+00
8.940000000000000000e+02,8.130947277008735341e+01,1.647565260213942651e+01,-1.225462578725662523e-03,3.449284497331834132e+01,3.592594595886584585e-01,nan,1.010407366082070559e-05,2.647516208468751842e+01,1.000000000000000000e+00
8.940000000000000000e+02,1.065742585961302069e+02,2.438923615035951897e+01,-1.311137842161510430e-03,3.707625895172615316e+01,2.983269380559290251e-01,nan,8.241296824310743882e-06,1.966016876412328074e+01,1.000000000000000000e+00
8.950000000000000000e+02,7.600439645992665305e+01,4.440731231488408071e+01,-8.288044521894919262e-03,2.474548153709467044e+02,1.020658817105390970e-02,nan,7.082091881845803913e-06,2.042646039033882843e+01,1.000000000000000000e+00
8.960000000000000000e+02,1.354718364877552688e+02,3.745675026051203105e+01,-1.717794165570382670e-02,5.155168393562735218e+02,4.433555046414849876e-03,nan,1.424423435004040539e-05,2.241923008232181402e+01,1.000000000000000000e+00
8.980000000000000000e+02,3.099738159540264704e+01,8.574905013048375935e+00,-7.862772732982734047e-03,2.346313580503761216e+02,1.657421649812729214e-02,nan,1.112946516195381761e-05,3.210757548982736864e+01,1.000000000000000000e+00
8.980000000000000000e+02,2.662600720777852459e+01,4.038351217837686846e+01,-1.351032122019066566e-03,3.827921341150083379e+01,3.375144712530078195e-01,nan,1.163290711547270422e-05,3.210757548982736864e+01,1.000000000000000000e+00
9.000000000000000000e+02,9.626058904691990392e+01,4.177540313014371520e+01,-9.229911510811095177e-03,2.758554557353486985e+02,1.024732822625107342e-02,nan,8.956719977812114105e-06,2.040806685351065042e+01,1.000000000000000000e+00
9.010000000000000000e+02,1.193352180365891542e+02,1.481418237439801189e+01,-7.232891652404897440e-03,2.156382026979230773e+02,2.155918732246886460e-02,nan,1.084839451543795233e-05,1.621004578707037425e+01,1.000000000000000000e+00
9.020000000000000000e+02,1.376250019259811950e+02,2.357620728682879729e+01,-7.932352574576367540e-03,2.367294378015167808e+02,1.733071478528391829e-02,nan,1.083682125164760355e-05,1.179534721167952860e+01,1.000000000000000000e+00
9.020000000000000000e+02,1.053461475576727651e+02,2.300390102370629819e+01,-1.225106606725805776e-03,3.448211115116861691e+01,3.579291900567019846e-01,nan,9.862396760503896415e-06,1.621004578707037425e+01,1.000000000000000000e+00
9.040000000000000000e+02,1.368922198690389109e+02,1.180364400175364459e+01,-1.623629415689546371e-02,4.871228173994479675e+02,5.833990050198467614e-03,nan,1.755076712248235786e-05,1.179534721167952860e+01,1.000000000000000000e+00
9.040000000000000000e+02,7.928760843950470871e+01,3.044371649497471211e+01,-8.538501872719098801e-03,2.550069954888246855e+02,1.669098945301084047e-02,nan,1.249308703404214926e-05,2.040806685351065042e+01,1.000000000000000000e+00
9.050000000000000000e+02,5.222795956278412888e+01,4.552914085520439968e+00,-7.154957109167275897e-03,2.132881989707485673e+02,2.457912830461383979e-02,nan,1.220068555741612690e-05,1.074439388291190589e+01,1.000000000000000000e+00
9.070000000000000000e+02,1.150947158735772824e+01,3.813492544578478061e+01,-7.738769456724219585e-03,2.308922181352186271e+02,1.875958950100486966e-02,nan,1.083685201668544612e-05,1.894356623433028730e+01,1.000000000000000000e+00
9.100000000000000000e+02,5.184863791373334152e+01,1.529061006732753114e+01,-1.263020945371006202e-03,3.562536333984078851e+01,3.302901886444766788e-01,nan,9.042825443555229379e-06,1.074439388291190589e+01,1.000000000000000000e+00
9.100000000000000000e+02,1.216178181064447017e+02,3.275774884514956398e+01,-1.288171052206613662e-03,3.638372853128498008e+01,3.081750309938771082e-01,nan,8.295419599429589558e-06,4.815318749812511179e+00,1.000000000000000000e+00
9.130000000000000000e+02,1.106644802756577377e+02,5.355299141446174360e+01,-1.403954301759055470e-03,3.987500539888668527e+01,2.775365284413530143e-01,nan,8.387997942044085882e-06,1.399863269399148002e+01,1.000000000000000000e+00
9.140000000000000000e+02,1.200312731970689271e+02,1.386580854063825718e+01,-9.281923664125377171e-03,2.774238071886222770e+02,1.441153263817118724e-02,nan,1.301025139424765914e-05,1.019888556578479033e+01,1.000000000000000000e+00
9.170000000000000000e+02,2.423459367558444200e+01,1.740941842679413654e+01,-8.751891668273151584e-03,2.614414569491820544e+02,1.994260440378703425e-02,nan,1.535153803894341812e-05,1.582220039824467506e+01,1.000000000000000000e+00
9.170000000000000000e+02,9.857893769861735223e+01,1.269803580189222281e+01,-1.135519495368732344e-03,3.178074104171643555e+01,3.618488564828987730e-01,nan,8.967371392908103482e-06,2.148409624600215651e+01,1.000000000000000000e+00
9.170000000000000000e+02,1.962988770902213531e+01,3.254674673808207785e+01,-1.363349056914691521e-03,3.865061281553444417e+01,3.013139270118340152e-01,nan,8.714205953603704343e-06,1.582220039824467506e+01,1.000000000000000000e+00
9.190000000000000000e+02,5.969897391247283025e+01,3.241559763296004348e+01,-1.343951107232357238e-03,3.806569562529647754e+01,3.121596862011288831e-01,nan,9.585050028996062809e-06,4.727584639616090101e+00,1.000000000000000000e+00
9.210000000000000000e+02,8.015429688971588362e+00,1.460435310226783301e+01,-8.114197853629458862e-03,2.422127198712005907e+02,1.345486983297983219e-02,nan,1.137100204033970917e-05,1.645994143062177528e+01,1.000000000000000000e+00
9.280000000000000000e+02,3.668533469823219662e+01,3.817319252795446971e+01,-1.174234482534305610e-03,3.294813563154821168e+01,3.614592617777110384e-01,nan,9.178886045339245588e-06,1.254259505099607175e+01,1.000000000000000000e+00
9.290000000000000000e+02,1.791299699781281163e+01,2.338937676231754281e+01,-1.846349431072233415e-03,5.321479234804464653e+01,2.091202700592947883e-01,nan,9.434625409915212754e-06,1.158498935307210154e+01,1.000000000000000000e+00
9.300000000000000000e+02,8.347246145410286999e+01,4.485089601114216151e+01,-1.714016281331953717e-02,5.143776728618894367e+02,4.216606527729593878e-03,nan,1.474218321850729139e-05,3.346734696091029804e+01,1.000000000000000000e+00
9.320000000000000000e+02,2.588587942643987816e+01,3.179444214517350886e+01,-8.005913085364484497e-03,2.389475488899190623e+02,1.072961726585597297e-02,nan,6.660783570216461114e-06,1.158498935307210154e+01,1.000000000000000000e+00
9.330000000000000000e+02,1.168780695352120489e+02,4.281898525195882144e+01,-1.152635860623664292e-03,3.229686034483635382e+01,3.622550330527245510e-01,nan,9.013006142983994343e-06,3.346734696091029804e+01,1.000000000000000000e+00
9.350000000000000000e+02,2.689389220447596074e+01,5.005993195023820164e+01,-8.816563012759494333e-03,2.633915280507847001e+02,2.107476712318367973e-02,nan,1.742319826682400187e-05,8.831336295299303529e+00,1.000000000000000000e+00
9.360000000000000000e+02,6.298444548028951573e+01,3.315967358738844695e+01,-7.182572809179094304e-03,2.141209105676900606e+02,2.135352263500223113e-02,nan,1.145375022608992102e-05,1.775148406717196181e+01,1.000000000000000000e+00
9.360000000000000000e+02,8.829405104010518812e+01,2.052296330241509636e+01,-1.368311407117502997e-03,3.880024532748227273e+01,2.791060686074109398e-01,nan,8.274345827796459181e-06,6.589930666053525066e+00,1.000000000000000000e+00
9.370000000000000000e+02,5.239226200027260916e+01,4.740470204340484628e+01,-1.236466088060180976e-03,3.482463992423345189e+01,3.079404221537045405e-01,nan,8.059767163295810904e-06,1.740465572242335668e+01,1.000000000000000000e+00
9.380000000000000000e+02,8.727509537690009367e+00,3.557785780893578931e+01,-9.515663821006509898e-03,2.844719044384673339e+02,8.441968657419529620e-03,nan,7.923891181819490553e-06,1.393629470390478708e+01,1.000000000000000000e+00
9.380000000000000000e+02,1.196059383597718693e+02,6.260415552051277643e+00,-8.160148003238764172e-03,2.435982803474692275e+02,1.353825441916101102e-02,nan,1.010576421298258285e-05,2.983738972567825343e+01,1.000000000000000000e+00
9.380000000000000000e+02,3.482573161253701954e+01,4.617683726102440289e+01,-9.123975032230424373e-03,2.726610940419816984e+02,1.319092108080499592e-02,nan,1.228486588484096165e-05,8.831336295299303529e+00,1.000000000000000000e+00
9.380000000000000000e+02,9.092309680981048814e+01,1.448017383692920035e+01,-1.427538235215976585e-03,4.058614489137357140e+01,3.132380776232197572e-01,nan,1.130366179764025875e-05,6.589930666053525066e+00,1.000000000000000000e+00
9.420000000000000000e+02,5.379322679553282249e+00,4.910597500376690050e+01,-1.350808392234479271e-03,3.827246716258708403e+01,3.517678847445213641e-01,nan,1.188198751161625038e-05,1.393629470390478708e+01,1.000000000000000000e+00
9.480000000000000000e+02,2.294095913819165844e+01,4.874816464338977795e+01,-9.300638866476451314e-03,2.779881371179805001e+02,1.101585513036940078e-02,nan,1.030252107353624357e-05,3.963396110389428628e+01,1.000000000000000000e+00
9.490000000000000000e+02,1.015988840778185960e+02,5.169238181162941004e+01,-1.218390977008194801e-03,3.427961102463818577e+01,3.452032834108215154e-01,nan,9.280940861030290999e-06,2.182047836884532188e+01,1.000000000000000000e+00
9.500000000000000000e+02,1.189394370182934182e+02,2.894661919156231988e+01,-1.159945911372954434e-03,3.251728438009744337e+01,3.327123761331888252e-01,nan,7.664888256792809121e-06,1.705107921014779393e+01,1.000000000000000000e+00
9.500000000000000000e+02,5.832459910576112350e+01,3.089182416079296445e+01,-1.133794404019758438e-03,3.172872340061158525e+01,3.177946797717331462e-01,nan,7.137238537988385347e-06,1.249279203777735958e+01,1.000000000000000000e+00
9.530000000000000000e+02,1.119640657033237261e+02,9.455680518228669840e+00,-1.634566467255440039e-02,4.904207275271539856e+02,6.632694840155273219e-03,nan,1.995178926982932579e-05,5.274454984068220220e+00,1.000000000000000000e+00
9.540000000000000000e+02,1.267237048914444699e+02,7.378094972441385124e+00,-6.975055703435619620e-03,2.078635315969461033e+02,1.627839622659588148e-02,nan,8.499484500693624901e-06,1.041526455223071856e+01,1.000000000000000000e+00
9.540000000000000000e+02,1.349843911644164791e+02,3.471712598729028798e+01,-7.833566204112778902e-03,2.337506773040611563e+02,2.154294756927432886e-02,nan,1.270499274681950105e-05,1.705107921014779393e+01,1.000000000000000000e+00
9.550000000000000000e+02,6.344605457570976625e+01,1.949706454206969397e+01,-8.396281503589623357e-03,2.507185454171360277e+02,1.744179279113067249e-02,nan,1.384836130928662450e-05,1.249279203777735958e+01,1.000000000000000000e+00
9.550000000000000000e+02,9.284094467893011426e+01,4.723297265477147278e+01,-1.308584792567911480e-03,3.699927542412240911e+01,2.947812310359935184e-01,nan,8.087852134123526524e-06,1.045999351204911143e+01,1.000000000000000000e+00
9.560000000000000000e+02,4.087931201183219088e+01,3.050726931668235409e+01,-7.072584306771330376e-03,2.108043659410473936e+02,2.169849742651774882e-02,nan,9.566773255044384213e-06,1.869471452372882680e+01,1.000000000000000000e+00
9.570000000000000000e+02,8.507464977411862606e+01,4.022610975304372261e+01,-1.314737308738670113e-03,3.718479567396464347e+01,2.949366659403226398e-01,nan,8.334526843982250385e-06,1.045999351204911143e+01,1.000000000000000000e+00
9.580000000000000000e+02,1.163440893148372339e+02,6.517097774532951249e+00,-1.368906041670912193e-03,3.881817567465268581e+01,2.556131966654771048e-01,nan,7.418360020278109096e-06,5.274454984068220220e+00,1.000000000000000000e+00
9.590000000000000000e+02,3.263891403748447573e+01,1.372667956697201852e+01,-1.034113741137725109e-03,2.872299680533563304e+01,3.576751337236493411e-01,nan,7.187702176384459016e-06,1.869471452372882680e+01,1.000000000000000000e+00
9.590000000000000000e+02,5.171144430811101245e+01,1.485678277537177649e+01,-1.746860596900489792e-03,5.021485007080575969e+01,2.583667520083970937e-01,nan,1.149872332769353039e-05,1.083956058088735475e+01,1.000000000000000000e+00
9.600000000000000000e+02,1.244012941281624904e+02,3.191836471591577151e+01,-1.462726210663138756e-03,4.164718753071296220e+01,2.657423230372462086e-01,nan,8.497610511526605760e-06,9.706121563906789262e+00,1.000000000000000000e+00
9.610000000000000000e+02,6.197378586793606559e+01,1.136673703122822765e+01,-2.294427380486538381e-02,6.893922671154281261e+02,3.175063270764999501e-03,nan,2.365310671657292119e-05,1.083956058088735475e+01,1.000000000000000000e+00
9.630000000000000000e+02,1.272046148576202569e+02,2.089861025033503239e+01,-8.259139987718483802e-03,2.465832408389736088e+02,1.674228722879600451e-02,nan,1.111000550638036925e-05,1.137073417127910346e+01,1.000000000000000000e+00
9.650000000000000000e+02,5.224209024250204436e+01,3.312863276504040755e+01,-1.175109208025189658e-03,3.297451171689414906e+01,2.974070462928732894e-01,nan,6.580194491439070263e-06,1.841278555780185755e+01,1.000000000000000000e+00
9.710000000000000000e+02,1.365356006382328857e+01,5.357102757267256266e+00,-6.986269524157305046e-03,2.082016681843574020e+02,4.376233521637329371e-02,nan,2.221547710488835218e-05,8.713999380592319710e+01,1.000000000000000000e+00
9.790000000000000000e+02,4.451976385238125999e+01,4.686422162366948641e+01,-7.808967011975882951e-03,2.330089241506368580e+02,2.217749241189714837e-02,nan,1.369546245327545052e-05,4.350053823267613495e+01,1.000000000000000000e+00
9.840000000000000000e+02,9.772623649190308015e+00,1.715421937521548301e+01,-1.193408030063727952e-03,3.352628629857552767e+01,2.731421951359853662e-01,nan,5.801369791501138841e-06,3.203186957428454917e+01,1.000000000000000000e+00
9.850000000000000000e+02,1.307982269102082853e+02,2.627685791177666630e+01,-8.087719085418859644e-03,2.414142908126485452e+02,1.579891942445521558e-02,nan,1.017524966412616826e-05,1.873688366956418960e+01,1.000000000000000000e+00
9.860000000000000000e+02,3.866845137355461759e+01,3.097709203424823343e+01,-9.063640222274550740e-03,2.708417848834951087e+02,9.102430167583830389e-03,nan,7.603346734835621744e-06,2.552211005225598228e+01,1.000000000000000000e+00
9.870000000000000000e+02,1.438278426217683545e+02,3.974162393484027689e+01,-6.825177315705067971e-03,2.033441650213853507e+02,2.311784695355434405e-02,nan,1.055869282919530330e-05,1.873688366956418960e+01,1.000000000000000000e+00
9.890000000000000000e+02,6.408784524847857256e+01,3.326456149873172308e+01,-1.305071344640573554e-03,3.689333247018344508e+01,3.558292764811158415e-01,nan,1.131016833915628792e-05,2.552211005225598228e+01,1.000000000000000000e+00
9.900000000000000000e+02,9.352619720342107712e+01,3.610720716144024323e+01,-2.585492947708231681e-02,7.771588901567172343e+02,2.744327592690498641e-03,nan,2.336454529638892330e-05,9.520959596304850336e+00,1.000000000000000000e+00
9.910000000000000000e+02,1.049746802773743681e+01,1.698499407080694112e+01,-1.050733954260422076e-03,2.922415535663022723e+01,3.646490352979943061e-01,nan,7.686305391513442752e-06,2.328763059463661023e+01,1.000000000000000000e+00
9.930000000000000000e+02,3.244027833826508811e+01,2.478414879349686473e+01,-1.726240715615557850e-02,5.180637746770345302e+02,4.243558346579523466e-03,nan,1.384389342275562008e-05,1.770662057939700773e+01,1.000000000000000000e+00
9.930000000000000000e+02,9.518937114356184281e+01,4.802775890008529558e+01,-1.474843516925781247e-03,4.201256742129245225e+01,3.133183232816126873e-01,nan,1.138972533503060466e-05,1.110236601674984414e+01,1.000000000000000000e+00
9.940000000000000000e+02,4.479391592465474048e+01,1.209903741334468030e+01,-8.361147614217691662e-03,2.496591336653736448e+02,1.387401720538861127e-02,nan,1.031781908097734928e-05,1.770662057939700773e+01,1.000000000000000000e+00
9.950000000000000000e+02,8.594938221849299964e+01,4.187266866236441132e+01,-1.337906341415714094e-03,3.788342443194775910e+01,2.530157594341541083e-01,nan,6.787120684602826423e-06,9.520959596304850336e+00,1.000000000000000000e+00
9.980000000000000000e+02,1.182543683853274388e+02,4.568405001199965199e+01,-7.469252186338414326e-03,2.227653136377686280e+02,1.927790318954025750e-02,nan,1.185725314753292639e-05,2.318376736241860669e+01,1.000000000000000000e+00
1.000000000000000000e+03,5.705575360204488078e+01,4.060591679895201622e+01,-8.711638712254032510e-03,2.602276871271622554e+02,9.665612660743616580e-03,nan,9.441728644084848872e-06,2.892138369630140105e+01,1.000000000000000000e+00
1.002000000000000000e+03,7.555320619163603624e+01,6.256869778565486762e+00,-1.155152245473290568e-03,3.237273829997617725e+01,3.616883846504388433e-01,nan,8.981638929934446518e-06,3.901298224325970665e+01,1.000000000000000000e+00
1.007000000000000000e+03,1.385624931256682260e+02,2.728037065516941695e+01,-7.223144505858914571e-03,2.153442915545352605e+02,1.621811141156836999e-02,nan,8.571662751697556732e-06,4.250867847103168629e+01,1.000000000000000000e+00
1.010000000000000000e+03,1.023814907134724166e+02,4.966186605506432095e+00,-7.733953363309284575e-03,2.307469957857270799e+02,1.483662589882561722e-02,nan,9.667524342753299198e-06,1.895096505534839082e+01,1.000000000000000000e+00
1.010000000000000000e+03,4.477723438753367446e+01,1.975587917533499294e+01,-1.156992348911711505e-03,3.242822396472809032e+01,3.553359237622268907e-01,nan,8.782231541014417689e-06,2.106374101788962605e+01,1.000000000000000000e+00
1.011000000000000000e+03,6.184183012329071971e+01,4.367188317439533307e+01,-1.633833748621910456e-02,4.901997867930157895e+02,4.520676068795470570e-03,nan,1.307985686369389683e-05,2.937985151269297646e+01,1.000000000000000000e+00
1.019000000000000000e+03,2.547748809336141207e+01,3.508413121172826976e+01,-1.352992813015756624e-03,3.833833522011925510e+01,2.720898563822775618e-01,nan,8.261907123552032702e-06,1.574556607673738107e+01,1.000000000000000000e+00
1.022000000000000000e+03,7.514365400883299628e+01,1.053398482598923813e+01,-7.047249537883835784e-03,2.100404325318120300e+02,1.762469461271209958e-02,nan,9.736904450470214829e-06,2.561485018509133127e+01,1.000000000000000000e+00
1.022000000000000000e+03,2.167914022466683122e+01,5.036468763305293095e+01,-1.438407980509285580e-03,4.091390638058677354e+01,2.643164852865956815e-01,nan,8.215293355159083448e-06,1.574556607673738107e+01,1.000000000000000000e+00
1.025000000000000000e+03,2.504816327009482890e+01,4.802071516919845351e+00,-8.551684756622907058e-03,2.554045063360288736e+02,2.170554602904528618e-02,nan,1.586193366063697242e-05,3.106519729911033423e+01,1.000000000000000000e+00
1.025000000000000000e+03,5.191348295730384166e+01,2.132656111348289230e+01,-1.423711985042316712e-02,4.268406000884793343e+02,7.783766503725475516e-03,nan,1.773214711828426939e-05,1.741209900505642594e+01,1.000000000000000000e+00
1.026000000000000000e+03,4.371649386023379691e+01,3.668854540928276009e+01,-8.071787514663976773e-03,2.409338972785572253e+02,1.876856904215096211e-02,nan,1.301235593848249809e-05,1.741209900505642594e+01,1.000000000000000000e+00
1.028000000000000000e+03,2.181948636272366926e+01,3.569903137805278703e+01,-9.153964671936501776e-03,2.735653883658865766e+02,1.224330227579151220e-02,nan,1.031258016441843152e-05,1.102817428592589089e+01,1.000000000000000000e+00
1.028000000000000000e+03,7.659505492078622524e+01,1.224404681011786522e+01,-1.170148619788034024e-03,3.282493233447895165e+01,3.630868936782728484e-01,nan,9.455305035716614091e-06,2.629965894568577767e+01,1.000000000000000000e+00
1.029000000000000000e+03,1.047488084792516077e+02,1.646640675681262067e+01,-1.008103147640299286e-03,2.793868487989581695e+01,3.542307594053534237e-01,nan,6.539501428710570346e-06,2.011344910199532876e+01,1.000000000000000000e+00
1.030000000000000000e+03,1.248146118433286631e+02,1.785001440811794282e+01,-1.147977882761869357e-03,3.215640574176079980e+01,3.349469598491000566e-01,nan,7.690369236754394531e-06,1.233248674547360757e+01,1.000000000000000000e+00
1.032000000000000000e+03,1.343675250373217409e+02,4.033040072706147328e+01,-9.820536765111440719e-04,2.715320065555397377e+01,3.595349725341230318e-01,nan,6.568085133415597583e-06,9.136326029848920172e+00,1.000000000000000000e+00
1.033000000000000000e+03,3.284487596327668513e+01,3.594684630249123813e+01,-8.049131462649886451e-03,2.402507367124673010e+02,1.855414605827032659e-02,nan,1.295085543698323720e-05,9.529710482549111461e+00,1.000000000000000000e+00
1.033000000000000000e+03,1.295737014518586250e+02,6.472787354689487849e+00,-7.802156689061924034e-03,2.328035686873698467e+02,3.115870940805129941e-01,nan,1.042970377230330520e-04,1.233248674547360757e+01,1.000000000000000000e+00
1.035000000000000000e+03,2.139122857270982792e+01,2.241342458509206281e+01,-8.027887214596213239e-03,2.396101470582117088e+02,8.610264236467268795e-03,nan,5.669149634192849829e-06,1.772962328783131980e+01,1.000000000000000000e+00
1.035000000000000000e+03,4.794808990217318012e+01,1.773559094536636849e+01,-1.299939316276970281e-03,3.673858355806547138e+01,2.512975080494078695e-01,nan,6.169205253375577423e-06,1.320936750954736105e+01,1.000000000000000000e+00
1.036000000000000000e+03,4.232272394442924934e+01,3.693971060710122600e+01,-8.354655885305933491e-03,2.494633849446564966e+02,1.846149513458439362e-02,nan,1.414132218848266229e-05,9.529710482549111461e+00,1.000000000000000000e+00
1.036000000000000000e+03,5.964711796642592390e+01,2.386911622485386175e+01,-1.164421710144128083e-03,3.265224563549701031e+01,3.417392998370788471e-01,nan,8.303538902152533772e-06,1.320936750954736105e+01,1.000000000000000000e+00
1.040000000000000000e+03,1.978180800080654933e+01,5.095941509212886444e+01,-1.974146024580181614e-03,5.706831427282455138e+01,1.871581797484989096e-01,nan,9.703358764327319841e-06,2.460607020857399263e+01,1.000000000000000000e+00
1.041000000000000000e+03,8.499013362846622499e+01,1.333220080117339457e+01,-1.074959642261934288e-03,2.995464603164887407e+01,3.666137020565662930e-01,nan,8.201673928821490717e-06,1.150764938836627493e+01,1.000000000000000000e+00
1.042000000000000000e+03,9.554944830386840238e+01,8.757611417261115250e+00,-1.152941260878776689e-03,3.230606924897537624e+01,3.686575850730982040e-01,nan,9.281181194110483100e-06,1.150764938836627493e+01,1.000000000000000000e+00
1.043000000000000000e+03,4.624666643003069311e+01,1.272547313587499751e+01,-1.208646065750130019e-03,3.398576728313304329e+01,2.785960633014680221e-01,nan,6.253276107704189055e-06,2.192755670948060853e+01,1.000000000000000000e+00
1.044000000000000000e+03,7.743267017810475217e+00,2.840630850453759848e+01,-7.433476130918823151e-03,2.216865382951929746e+02,2.162047212727469248e-02,nan,1.251364280894755733e-05,2.537072259486279435e+01,1.000000000000000000e+00
1.044000000000000000e+03,3.304794131615185648e+01,3.023579576613375863e+01,-8.186422880235395480e-03,2.443905613605865028e+02,1.789980296098059309e-02,nan,1.269673732309616862e-05,2.192755670948060853e+01,1.000000000000000000e+00
1.047000000000000000e+03,7.951161178813426034e+01,1.373838213485503879e+01,-1.335043389144032703e-03,3.779709623613527469e+01,2.386712739163678876e-01,nan,5.233458051265693414e-06,1.679345935317248717e+01,1.000000000000000000e+00
1.055000000000000000e+03,8.049580414278781859e+01,3.856109910965432164e+01,-9.922338195279219175e-03,2.967345835482087750e+02,8.805747884640169332e-03,nan,1.206121307161490051e-05,2.875994579582189914e+01,1.000000000000000000e+00
1.056000000000000000e+03,1.090494349257004529e+02,3.512240003998892490e+01,-7.100704952993253972e-03,2.116523034625465129e+02,2.043290853328716405e-02,nan,9.892154389167939906e-06,5.872932797695621154e+00,1.000000000000000000e+00
1.057000000000000000e+03,1.226997063158457735e+02,1.202568484361588652e+01,-7.780741226474299256e-03,2.321578163058278221e+02,1.986816730132212605e-02,nan,1.217218981864528857e-05,1.989783166716350138e+01,1.000000000000000000e+00
1.059000000000000000e+03,2.973028761531564257e+01,3.683476467169769109e+01,-8.049526896857294583e-03,2.402626604605596583e+02,1.576178081984558332e-02,nan,1.135708282847695667e-05,5.079486094963471032e+01,1.000000000000000000e+00
1.059000000000000000e+03,1.368045041921889435e+02,2.606058355797360448e+01,-1.050413455869700754e-03,2.921449118999166572e+01,3.709899767311943819e-01,nan,7.860398592078001706e-06,1.989783166716350138e+01,1.000000000000000000e+00
1.061000000000000000e+03,8.627763231940160438e+01,2.343258582763051479e+01,-1.219403078660269901e-03,3.431012948995341816e+01,3.272013731085267052e-01,nan,8.429023913253135718e-06,1.459458269782288831e+01,1.000000000000000000e+00
1.063000000000000000e+03,8.916598524829376515e+01,3.773850283709730746e+01,-1.198274787542012981e-03,3.367303634981215055e+01,3.402177161416359841e-01,nan,8.762898449629128827e-06,1.459458269782288831e+01,1.000000000000000000e+00
1.065000000000000000e+03,8.834979263692665086e+01,4.873643034562515908e+00,-7.627104988164893663e-03,2.275251371669336891e+02,1.589836297656710418e-02,nan,8.941179698335094585e-06,1.867426587520634129e+01,1.000000000000000000e+00
1.069000000000000000e+03,5.274609810565593193e+01,1.750545676412582452e+01,-8.286503916493317620e-03,2.474083606374554165e+02,1.216423738079519534e-02,nan,8.795384047962742668e-06,3.175112369428482140e+01,1.000000000000000000e+00
1.072000000000000000e+03,1.978384833229139517e+01,3.331039316294946673e+01,-8.212315965538790827e-03,2.451713299959462802e+02,1.557262184148799911e-02,nan,1.145374590750671534e-05,3.655551838905489603e+01,1.000000000000000000e+00
1.074000000000000000e+03,7.357466566460639967e+01,4.147011051276177795e+01,-8.857578051075200992e-03,2.646282773651194020e+02,1.528018920655660473e-02,nan,1.252649986809291379e-05,3.175112369428482140e+01,1.000000000000000000e+00
1.081000000000000000e+03,4.982548224373380208e+01,2.680580448630858470e+01,-8.069317658160339926e-03,2.408594223185714327e+02,2.176963487398420050e-02,nan,1.388377608012966084e-05,2.147994865400075426e+01,1.000000000000000000e+00
1.082000000000000000e+03,1.287092670131654870e+02,1.661270948903107936e+01,-1.228243489099351471e-03,3.457669931404607411e+01,3.322388348763688493e-01,nan,8.753744416029306399e-06,9.744193285591819631e+00,1.000000000000000000e+00
1.082000000000000000e+03,1.039091784362754254e+02,4.369830179054353181e+01,-1.649283117974474633e-02,4.948583212570370051e+02,5.308580159793740982e-03,nan,1.711909589441917867e-05,1.996925395185472496e+01,1.000000000000000000e+00
1.083000000000000000e+03,1.579464687045314975e+01,3.303870910467517774e+01,-8.052388255540006423e-03,2.403489406039956009e+02,1.569041125306891438e-02,nan,9.713046226556955272e-06,1.585568662763880887e+01,1.000000000000000000e+00
1.086000000000000000e+03,1.318769427771178187e+02,2.582765023986836894e+01,-7.021357416192419709e-03,2.092596929527814211e+02,3.136671981388239328e-02,nan,1.549280285955371097e-05,9.744193285591819631e+00,1.000000000000000000e+00
1.086000000000000000e+03,1.124702104252911994e+02,2.565724210224600199e+01,-1.422246301904242114e-03,4.042657427621493582e+01,3.525231619472536382e-01,nan,1.314247615985403238e-05,1.610678453406112354e+01,1.000000000000000000e+00
1.089000000000000000e+03,6.374884456915954623e+00,2.967034031719873610e+01,-7.581339475494574577e-03,2.261451441512129747e+02,1.679796885981421628e-02,nan,9.573728345935366769e-06,3.927613929132697734e+01,1.000000000000000000e+00
1.091000000000000000e+03,1.253206811273083474e+02,1.594673692675335808e+01,-1.338971583456100055e-03,3.791554526901505540e+01,3.507350409747459485e-01,nan,1.148942151095369552e-05,9.099848783679091113e+00,1.000000000000000000e+00
1.091000000000000000e+03,5.066608630097643839e+01,4.260659962543267198e+01,-1.364736014277108649e-03,3.869243451404847178e+01,2.641199638315695486e-01,nan,7.448759213800023368e-06,1.823473241320190041e+01,1.000000000000000000e+00
1.092000000000000000e+03,1.302886654610628625e+02,3.857671444258478033e+01,-3.832668125261178612e-03,1.131093672154196526e+02,6.449117585140584641e-02,nan,9.850715274346566610e-06,2.316887461029270412e+01,1.000000000000000000e+00
1.094000000000000000e+03,8.166670325854308032e+01,3.713327354311697093e+01,-1.463031737813673492e-03,4.165640026120039607e+01,2.966662008407663365e-01,nan,1.063336679082062980e-05,2.781158383988612215e+01,1.000000000000000000e+00
1.096000000000000000e+03,1.054803245157982872e+02,5.149974973942265422e+01,-9.178448003899022239e-03,2.743036479228861708e+02,1.253610029758778222e-02,nan,1.086735401842896309e-05,9.951536598754104901e+00,1.000000000000000000e+00
1.098000000000000000e+03,5.007008764623089547e+01,3.530284595115622182e+01,-5.387654530514636962e-03,1.599977391265709059e+02,2.765902873356040903e-02,nan,8.275542660357624894e-06,2.877821015454330933e+01,1.000000000000000000e+00
1.099000000000000000e+03,1.298842309727035627e+02,2.374967990711789412e+01,-1.256770446829362292e-03,3.543688857294857542e+01,3.158355298062882621e-01,nan,8.322833588608556367e-06,9.815420989793924633e+00,1.000000000000000000e+00
1.101000000000000000e+03,9.625565032536511012e+01,2.397227238983128217e+01,-9.054574324015981709e-03,2.705684157994824091e+02,1.602422560838978605e-02,nan,1.281094095833070723e-05,2.383270736960587044e+01,1.000000000000000000e+00
1.102000000000000000e+03,1.242676717672683111e+02,3.179932287427660498e+01,-1.596064592234617803e-03,4.566781408026498212e+01,2.649815370039575457e-01,nan,1.027446424805646106e-05,9.815420989793924633e+00,1.000000000000000000e+00
1.104000000000000000e+03,7.898912311814362042e+00,4.885866498075210274e+01,-8.169401414266506262e-03,2.438773036085405863e+02,1.779454262037816203e-02,nan,1.135994037573641965e-05,3.828111961168303878e+01,1.000000000000000000e+00
1.106000000000000000e+03,2.517463574020424844e+01,1.469737843077327533e+01,-1.172757715950613865e-03,3.290360586552056787e+01,3.749795633141284057e-01,nan,1.054606649573681091e-05,1.496380134333268686e+01,1.000000000000000000e+00
1.107000000000000000e+03,9.366957034575321472e+01,4.516144279946379925e+01,-7.956430024641279047e-03,2.374554585753972162e+02,1.503391581948820832e-02,nan,1.109586159022001653e-05,2.118250935261711021e+01,1.000000000000000000e+00
1.108000000000000000e+03,3.710273321666346646e+01,2.373263389118015709e+01,-1.134681811973870316e-03,3.175548190734112097e+01,3.456909416902758103e-01,nan,8.246748085922346041e-06,1.496380134333268686e+01,1.000000000000000000e+00
1.110000000000000000e+03,1.230681183455801175e+02,4.498496331275401161e+01,-7.942045709903094650e-03,2.370217203145016072e+02,1.730487841418804074e-02,nan,1.194194473607170773e-05,1.085600531306856809e+01,1.000000000000000000e+00
1.115000000000000000e+03,7.886648843609465942e+00,5.278277617296362934e+01,-7.350111836785233436e-03,2.191728082624154865e+02,2.282534331157004548e-02,nan,1.242429425723685627e-05,3.482478515662022289e+01,1.000000000000000000e+00
1.117000000000000000e+03,1.211887235419933546e+02,1.978988696407752101e+01,-8.257897702111079499e-03,2.465457815085363507e+02,1.454293155821828609e-02,nan,9.890834436591953427e-06,8.775875682435615488e+01,1.000000000000000000e+00
1.123000000000000000e+03,1.165149386428357161e+02,1.725945023944277068e+01,-8.726270349104253699e-03,2.606688830295728962e+02,1.002388903864859238e-02,nan,9.747600932347682520e-06,6.916190181662108216e+01,1.000000000000000000e+00
1.124000000000000000e+03,4.417720627367743447e+01,2.300494190180076970e+01,-1.285313209064826165e-03,3.629755439391428951e+01,3.138919053737948550e-01,nan,8.642818865979348602e-06,1.200770574870169760e+01,1.000000000000000000e+00
1.126000000000000000e+03,4.759380116691922780e+01,1.149356159000158506e+01,-1.266391835361785128e-03,3.572700766484918233e+01,2.818596887997251166e-01,nan,7.040383833208573052e-06,1.200770574870169760e+01,1.000000000000000000e+00
1.129000000000000000e+03,1.331218204051207294e+02,5.251925976333799895e+01,-6.989400244455472137e-03,2.082960705387408780e+02,2.389612898186843637e-02,nan,1.019027327679732028e-05,4.571991557960239305e+01,1.000000000000000000e+00
1.130000000000000000e+03,1.208109822876249524e+02,8.487976049928246169e+00,-1.599234466049684897e-03,4.576339705246984835e+01,2.572777572378140976e-01,nan,9.728296349251754164e-06,4.571991557960239305e+01,1.000000000000000000e+00
1.133000000000000000e+03,7.557246184317941129e+01,4.202260265375682025e+01,-7.738971158186506299e-03,2.308983001518502647e+02,1.472993667659594497e-02,nan,9.217172797646049740e-06,2.713477953378631824e+01,1.000000000000000000e+00
1.133000000000000000e+03,5.569913138498272076e+00,4.623017888880691828e+01,-1.258129569831746434e-03,3.547787096648814753e+01,3.215985510428089889e-01,nan,8.563011536965668731e-06,3.317128463032086927e+01,1.000000000000000000e+00
1.135000000000000000e+03,5.480460756030063152e+01,2.455856850261343993e+01,-1.249185482703223842e-03,3.520817492138378668e+01,3.137925260784482084e-01,nan,8.156816345237256346e-06,2.368305670756159031e+01,1.000000000000000000e+00
1.137000000000000000e+03,1.429503390101020557e+02,7.604939244541399468e+00,-9.030320636500459644e-03,2.698370808395093832e+02,1.157793609540036517e-02,nan,9.773416260319378433e-06,7.565945999061163718e+01,1.000000000000000000e+00
1.137000000000000000e+03,3.842548028573660446e+01,4.166445534712433130e+01,-7.990740020295063889e-03,2.384900270005934715e+02,1.704371064152931936e-02,nan,1.054414498939285983e-05,3.985615873947220500e+00,1.000000000000000000e+00
1.141000000000000000e+03,1.648348890085196672e+01,1.056021218171336784e+01,-1.225712312341400252e-03,3.450037533024870839e+01,3.450406361922702114e-01,nan,9.441998137425066433e-06,2.043696075352257324e+01,1.000000000000000000e+00
1.142000000000000000e+03,3.454219096890062701e+01,4.256178359052672988e+01,-7.811233332773127522e-03,2.330772617850059873e+02,1.431917950477035184e-02,nan,8.724936130218735754e-06,3.985615873947220500e+00,1.000000000000000000e+00
1.145000000000000000e+03,1.251306977646530214e+02,4.550963079393359578e+01,-8.530747402308835534e-03,2.547731706197827748e+02,1.998391756781525697e-02,nan,1.565387296989895167e-05,1.791085946506995441e+01,1.000000000000000000e+00
1.146000000000000000e+03,9.015835750215701694e+01,4.060763545569988509e+01,-1.802885754376261926e-03,5.190420787562633365e+01,1.871016559111613464e-01,nan,7.871311629546645490e-06,1.165991409367716436e+01,1.000000000000000000e+00
1.146000000000000000e+03,3.239825187013394725e+01,2.338166625184881653e+01,-1.252688846417820447e-03,3.531381380043447393e+01,2.826596419050692033e-01,nan,6.836323546646937248e-06,1.312020887228566757e+01,1.000000000000000000e+00
1.147000000000000000e+03,2.693264666893776393e+01,1.145409145069746160e+01,-8.148576510602748707e-03,2.432493586794394105e+02,1.940069891115414613e-02,nan,1.319146950263223338e-05,1.312020887228566757e+01,1.000000000000000000e+00
1.147000000000000000e+03,8.492896830163979871e+01,3.018616313834255038e+01,-1.162922818399006160e-03,3.260704871714300168e+01,3.329561856723796121e-01,nan,7.826830083757619445e-06,1.165991409367716436e+01,1.000000000000000000e+00
1.148000000000000000e+03,1.099070119070789815e+02,3.607362127256354967e+01,-7.822642194173995769e-03,2.334212795427429228e+02,1.335468804998507508e-02,nan,7.830050586463494636e-06,1.631802532065284694e+01,1.000000000000000000e+00
1.148000000000000000e+03,8.071033937881111342e+00,1.274779822513564653e+01,-1.207088388418837283e-03,3.393879777022895894e+01,3.374183176624091507e-01,nan,9.059329169056535276e-06,1.890592796015539534e+01,1.000000000000000000e+00
1.151000000000000000e+03,2.963397089619134306e+01,3.680276078212706636e+01,-1.286746910359911874e-03,3.634078558828766603e+01,3.628344039975167634e-01,nan,1.163455718629943618e-05,1.370281094132024435e+01,1.000000000000000000e+00
1.152000000000000000e+03,9.391545301917075506e+01,3.932138892127716900e+01,-8.987522698373861738e-03,2.685465707532920874e+02,1.161171988303555391e-02,nan,9.436164843313284470e-06,7.915916616155547203e+00,1.000000000000000000e+00
1.159000000000000000e+03,8.127755074422752557e+01,3.901611870313204378e+01,-1.547202101009017769e-02,4.640772631566305790e+02,6.315079900659603673e-03,nan,1.667793192376920236e-05,1.442412613739229776e+01,1.000000000000000000e+00
1.163000000000000000e+03,7.549608061409753645e+01,1.685701338590900988e+01,-8.846581353335740069e-03,2.642966878080272863e+02,1.058891224960212263e-02,nan,8.250741245671863204e-06,2.128595214865545771e+01,1.000000000000000000e+00
1.164000000000000000e+03,1.433262925830326537e+02,5.192091574160721734e+01,-1.172578292370816868e-03,3.289819560629854323e+01,3.337785965204619343e-01,nan,8.080178222231361264e-06,5.466363958877980878e+01,1.000000000000000000e+00
1.168000000000000000e+03,3.006487100989133410e+01,5.356180354766036800e+01,-1.379137015026159468e-03,3.912667591753147889e+01,2.509125227257837931e-01,nan,7.151746764364298158e-06,1.529825620234069561e+01,1.000000000000000000e+00
1.170000000000000000e+03,2.105232655755070326e+01,4.120014163159747511e+01,-1.333684813060967422e-03,3.775613033415880437e+01,2.864815834078160428e-01,nan,8.036583907767878162e-06,1.529825620234069561e+01,1.000000000000000000e+00
1.174000000000000000e+03,1.319427510336423097e+02,3.417414597321558745e+01,-2.328216819995908640e-02,6.995809851713037233e+02,3.096168096395901514e-03,nan,1.832360400626386232e-05,1.192925473866966080e+01,1.000000000000000000e+00
1.176000000000000000e+03,8.914116025772305818e+01,7.079285658887860322e+00,-7.834580720746241178e-03,2.337812685896564062e+02,2.006729496866355156e-02,nan,1.285809440655601615e-05,1.186270246901319858e+01,1.000000000000000000e+00
1.177000000000000000e+03,5.667684208696248760e+01,3.485731745597701092e+01,-1.201278224417970603e-03,3.376360065621109641e+01,2.962076149720298535e-01,nan,6.830380971469592071e-06,2.932041250159555901e+01,1.000000000000000000e+00
1.178000000000000000e+03,3.574278508444386659e+01,1.432802505026993600e+01,-1.001597771396231951e-03,2.774252464355981118e+01,3.565040741958072079e-01,nan,6.640615823001675335e-06,2.932041250159555901e+01,1.000000000000000000e+00
1.179000000000000000e+03,7.729581864328100949e+01,7.720839947704693174e+00,-1.670033420813641506e-02,5.011152757455444657e+02,4.275933402781095793e-03,nan,1.535899571867987921e-05,1.186270246901319858e+01,1.000000000000000000e+00
1.179000000000000000e+03,1.438347623577468539e+02,3.323224083603783896e+01,-7.804269667278401768e-03,2.328672824974196658e+02,1.712251279270449178e-02,nan,1.039311208751759047e-05,1.192925473866966080e+01,1.000000000000000000e+00
1.185000000000000000e+03,7.830281829726420995e+01,4.915076897213944029e+00,-1.490489989706174877e-02,4.469765440914959527e+02,1.749998853467582549e-02,nan,4.022002818732879127e-05,4.169306316495980980e+01,1.000000000000000000e+00
1.185000000000000000e+03,1.326343604616701839e+02,1.099956933844714158e+01,-1.335807062368569997e-03,3.782012370058751571e+01,2.706600375031771311e-01,nan,7.323072415215704372e-06,8.749674519923457794e+00,1.000000000000000000e+00
1.185000000000000000e+03,5.590052312429617309e+00,9.114101597561509394e+00,-1.180491378350561910e-03,3.313680329902800281e+01,3.222745594438509720e-01,nan,7.797628211073930358e-06,3.921440580620556915e+01,1.000000000000000000e+00
1.185000000000000000e+03,6.873217255138737158e+00,4.830750806425653110e+01,-1.478100208223352826e-03,4.211076824944403540e+01,2.484382857130067457e-01,nan,7.816819856468009724e-06,2.138748499754979093e+01,1.000000000000000000e+00
1.186000000000000000e+03,1.191190923751440209e+02,1.342056256687004634e+01,-1.504002461606712866e-03,4.289181333502978788e+01,2.342797823179308958e-01,nan,7.964951134090109860e-06,1.373039255311886997e+01,1.000000000000000000e+00
1.190000000000000000e+03,1.397381730993445785e+02,4.990360198301409866e+01,-1.740227727047164233e-02,5.222813562051751433e+02,3.773944742301749145e-03,nan,1.312583433302593837e-05,3.097984744349661668e+01,1.000000000000000000e+00
1.191000000000000000e+03,8.485731796030594865e+01,4.114082225077722654e+01,-1.060598882611961651e-03,2.952161804045893589e+01,3.347935982774450370e-01,nan,6.515527302612152257e-06,4.407132835525271730e+01,1.000000000000000000e+00
1.193000000000000000e+03,1.058129482780833186e+01,1.435312126621655437e+01,-1.469243506237025024e-03,4.184370717724547717e+01,2.492622492996223738e-01,nan,8.157206154916324156e-06,7.895890409838243329e+01,1.000000000000000000e+00
1.198000000000000000e+03,1.196930504236992618e+02,1.795050149814167995e+01,-7.936668628581215745e-03,2.368595821839269320e+02,1.785646979514687871e-02,nan,1.160211994521872687e-05,2.746922422689816301e+01,1.000000000000000000e+00
1.198000000000000000e+03,1.111072924700411448e+02,4.815207985738372543e+01,-1.438687151846751878e-03,4.092232438955060303e+01,3.192040430684816021e-01,nan,1.088784707366850989e-05,1.191657861961381037e+01,1.000000000000000000e+00
1.198000000000000000e+03,9.825091925833827133e+01,5.265719827861219926e+01,-1.351084628149658165e-03,3.828079665812632015e+01,3.107886252050097164e-01,nan,9.446982842476037332e-06,1.362286402148547459e+01,1.000000000000000000e+00
1.199000000000000000e+03,5.207682180541806360e+01,9.174165155264546456e+00,-7.733334155625258034e-03,2.307283244712507724e+02,3.208077718387059019e-02,nan,1.943971877437006881e-05,3.986943300481822661e+01,1.000000000000000000e+00
1.200000000000000000e+03,1.226671616316598943e+02,4.525824659271680872e+01,-7.725180097650725941e-03,2.304824506156316772e+02,2.487841898027798315e-02,nan,1.425177958123338385e-05,1.191657861961381037e+01,1.000000000000000000e+00
1.205000000000000000e+03,3.893357373329870086e+01,1.307438690725442321e+01,-8.212267366706946584e-03,2.451698645682780580e+02,1.430066815411579206e-02,nan,9.210403369433747559e-06,5.535558452853260292e+01,1.000000000000000000e+00
1.210000000000000000e+03,1.279292942506122301e+02,3.209963542892795374e+01,-1.525210242877298242e-02,4.574459355796588511e+02,5.975791709184941070e-03,nan,1.403345267655213953e-05,3.591978561298317629e+01,1.000000000000000000e+00
1.210000000000000000e+03,9.224790713481829130e+01,2.796809673547152286e+01,-1.211334594179951226e-03,3.406683597960863352e+01,3.147830299974087032e-01,nan,7.900603741046448875e-06,3.591978561298317629e+01,1.000000000000000000e+00
1.212000000000000000e+03,2.605388455395970482e+01,2.543484941884253914e+01,-1.350551916983976563e-03,3.826473352138550155e+01,2.885950142761624093e-01,nan,8.570991986952834264e-06,1.454892888655550820e+01,1.000000000000000000e+00
1.213000000000000000e+03,2.945080684598963572e+01,3.958166003777567710e+01,-8.829055577287336573e-03,2.637682233130240661e+02,1.048098802756669556e-02,nan,7.855433877720315297e-06,1.454892888655550820e+01,1.000000000000000000e+00
1.216000000000000000e+03,9.419337781494486705e+01,2.246572258683295331e+01,-1.316980236271630229e-03,3.725242791819513144e+01,2.899259243218110793e-01,nan,7.983793249223873433e-06,2.407317102263966646e+01,1.000000000000000000e+00
1.217000000000000000e+03,9.398684555652540951e+01,4.653800763648061434e+01,-1.249652459832037866e-03,3.522225594306723195e+01,3.403085716933693661e-01,nan,9.610274365683021315e-06,2.407317102263966646e+01,1.000000000000000000e+00
1.218000000000000000e+03,1.322889793545409631e+01,5.008558363037177941e+01,-8.105414561645209529e-03,2.419478723717174660e+02,1.421274523194682171e-02,nan,9.631491071667406411e-06,1.932570152777925188e+01,1.000000000000000000e+00
1.220000000000000000e+03,1.443909844181526694e+02,1.646617682866375176e+01,-7.913310675441327657e-03,2.361552568019131684e+02,1.144570715656634263e-02,nan,9.086543732257012647e-06,5.055486384112588638e+01,1.000000000000000000e+00
1.220000000000000000e+03,6.954639819496054542e+01,1.467116523098028225e+01,-1.669747188011725834e-03,4.788960646539707255e+01,2.555740041505056848e-01,nan,1.034292284594239813e-05,2.585012047866700868e+01,1.000000000000000000e+00
1.222000000000000000e+03,3.074527930018459898e+01,3.835029192861152580e+01,-8.087815744026814052e-03,2.414172054135369194e+02,1.390750915719241032e-02,nan,1.080384953630541967e-05,1.335770986719098019e+01,1.000000000000000000e+00
1.223000000000000000e+03,8.756030959519584655e+01,4.211536654308117278e+01,-1.263757364924655933e-03,3.564756900916208338e+01,3.612567432862742178e-01,nan,1.133976143177815964e-05,1.853955900745012642e+01,1.000000000000000000e+00
1.224000000000000000e+03,4.114925180236126323e+01,4.672798666344181129e+01,-1.208294357097493450e-03,3.397516201606866559e+01,3.687583994088845518e-01,nan,9.935291965974846781e-06,1.335770986719098019e+01,1.000000000000000000e+00
1.226000000000000000e+03,1.110748280569847992e+02,2.340700607216147233e+01,-7.859733544918756643e-03,2.345397157184751507e+02,1.480215900665415862e-02,nan,1.032042842512642262e-05,2.396213712028047382e+01,1.000000000000000000e+00
1.227000000000000000e+03,7.046071233414822643e+01,4.927909613741245209e+01,-1.694932387150184169e-02,5.086231998653103688e+02,3.266552056198634979e-03,nan,1.126544340707446963e-05,1.853955900745012642e+01,1.000000000000000000e+00
1.231000000000000000e+03,1.312115801300760332e+01,2.020616512519887920e+01,-1.442966211357809897e-03,4.105135325636679511e+01,3.064547753906179395e-01,nan,1.034342810207769369e-05,1.993680383564888459e+01,1.000000000000000000e+00
1.233000000000000000e+03,1.418621600226869646e+02,5.998067297539798837e+00,-9.342465256265810106e-03,2.792493515655914393e+02,1.170624546159249046e-02,nan,1.010175330235082305e-05,2.416191193105193236e+01,1.000000000000000000e+00
1.234000000000000000e+03,1.201693399122480628e+02,1.663853457205586039e+01,-8.039359578322568048e-03,2.399560796369687239e+02,1.410267917001650773e-02,nan,9.002304013339275900e-06,2.416191193105193236e+01,1.000000000000000000e+00
1.235000000000000000e+03,8.594690698582199673e+01,4.968476694845045216e+01,-7.742653277483066421e-03,2.310093291476119362e+02,2.191786156028918686e-02,nan,1.355429287783310124e-05,4.757340002226455056e+01,1.000000000000000000e+00
1.237000000000000000e+03,3.586659078966845016e+01,3.182884420022395489e+01,-9.347657503094311537e-03,2.794059162786504658e+02,1.649088295251444070e-02,nan,1.561800107367732586e-05,1.087473779838165910e+01,1.000000000000000000e+00
1.239000000000000000e+03,3.457920334793340800e+01,4.262711053137238082e+01,-1.567320345414035350e-03,4.480107278228577883e+01,3.553491489225661937e-01,nan,1.599168077445407875e-05,6.686878077351380512e+00,1.000000000000000000e+00
1.242000000000000000e+03,1.051919135878191902e+01,3.203756856223465377e+01,-1.267454498085731403e-03,3.575905072635002568e+01,3.175518620338600995e-01,nan,8.790692994262576149e-06,1.801187924342637103e+01,1.000000000000000000e+00
1.243000000000000000e+03,2.934962619446353571e+01,3.845987389095124342e+01,-7.176244798472310865e-03,2.139300985332729397e+02,2.215841592755796174e-02,nan,1.080858176317607376e-05,6.686878077351380512e+00,1.000000000000000000e+00
1.244000000000000000e+03,1.065570031776359450e+01,1.402620661528873391e+01,-1.692770560718291975e-02,5.079713322901118886e+02,5.189824932009812208e-03,nan,1.737486252037854820e-05,1.801187924342637103e+01,1.000000000000000000e+00
1.249000000000000000e+03,1.163473018585506935e+02,3.145979195933065498e+01,-5.756714496597815402e-03,1.711262100178674359e+02,2.667412339247066111e-02,nan,8.521883805769466864e-06,9.474743863312445669e+00,1.000000000000000000e+00
1.258000000000000000e+03,5.327359862303740101e+01,4.418616022640517116e+01,-1.310489394629628422e-03,3.705670595181758387e+01,2.777181955817173975e-01,nan,7.401397446609254952e-06,4.962347776318394921e+01,1.000000000000000000e+00
1.260000000000000000e+03,1.026583608634031748e+02,3.932459630357592317e+01,-7.606649092058352310e-03,2.269083191284100280e+02,1.857404693806852247e-02,nan,1.022410836070722499e-05,1.116920066715289295e+01,1.000000000000000000e+00
1.264000000000000000e+03,9.234423606807067131e+01,3.503858729175200182e+01,-8.881858724446174344e-03,2.653604260446352896e+02,1.144217953633552831e-02,nan,1.100762541635259202e-05,1.116920066715289295e+01,1.000000000000000000e+00
1.275000000000000000e+03,1.526240083474707987e+01,2.776487294150031104e+01,-8.283843635419499071e-03,2.473281436992519673e+02,1.276951072095011686e-02,nan,8.646258430773603551e-06,8.632470627986209877e+01,1.000000000000000000e+00
1.284000000000000000e+03,1.370114226820012391e+02,1.692600966516973315e+01,-1.318845856776272672e-03,3.730868301326941605e+01,3.153743719025903225e-01,nan,9.140955698068286355e-06,2.769491572950930447e+01,1.000000000000000000e+00
1.289000000000000000e+03,1.101632462000660126e+02,2.372187435330780758e+01,-7.070356015629642409e-03,2.107371750360820215e+02,1.950479933202720062e-02,nan,1.006817283320904226e-05,2.523684630854857858e+01,1.000000000000000000e+00
1.289000000000000000e+03,6.304517489025438692e+01,4.337429569179938937e+01,-8.410294244976796244e-03,2.511410794196436314e+02,1.371252646769305361e-02,nan,9.657870552700584558e-06,1.353772993314142603e+01,1.000000000000000000e+00
1.289000000000000000e+03,7.752419903742894292e+01,3.134696276104999058e+01,-1.218892386306357411e-03,3.429473029871834910e+01,2.806724658935904060e-01,nan,6.606875701280247688e-06,1.847208944753646875e+01,1.000000000000000000e+00
1.291000000000000000e+03,5.536072723378415361e+01,3.222892015045299274e+01,-1.361783000520224362e-03,3.860339064406751675e+01,3.348010494753186350e-01,nan,1.107610099332104183e-05,1.353772993314142603e+01,1.000000000000000000e+00
1.291000000000000000e+03,9.267395968778582471e+01,4.191591922773516643e+01,-1.101262491048685642e-03,3.074777049374662852e+01,3.565680669521639201e-01,nan,8.425149709778345170e-06,1.847208944753646875e+01,1.000000000000000000e+00
1.292000000000000000e+03,3.889921461037947381e+01,2.777853352409923460e+01,-1.814529500221694633e-03,5.225530823495750354e+01,2.073962978755994335e-01,nan,9.174170182994672291e-06,1.705248776497259300e+01,1.000000000000000000e+00
1.293000000000000000e+03,1.303437763047434750e+01,1.507589526360785293e+01,-8.141359705458796336e-03,2.430317463308961976e+02,2.009490173828898385e-02,nan,1.358786185692805639e-05,2.881573894200819197e+01,1.000000000000000000e+00
1.295000000000000000e+03,1.212623701019700064e+02,4.684570818631828359e+01,-9.036234281933022694e-03,2.700153982868233129e+02,1.042810161101004329e-02,nan,8.420595127388657794e-06,2.014884906394242492e+01,1.000000000000000000e+00
1.297000000000000000e+03,2.330678600844360560e+01,4.388376623286131206e+01,-7.500199455577106350e-03,2.236984838988049660e+02,1.782484114454552238e-02,nan,9.642273012649400603e-06,2.241656419502881192e+01,1.000000000000000000e+00
1.298000000000000000e+03,9.748899152841514137e+01,2.482268728051694140e+01,-4.822891441443968343e-03,1.429681228723247273e+02,4.386901365476192360e-02,nan,1.072529893546933300e-05,2.672195841963485208e+01,1.000000000000000000e+00
1.300000000000000000e+03,1.296400322162487839e+02,2.852111007065660431e+01,-2.083643663355270927e-03,6.037005761471726117e+01,1.538929364852886783e-01,nan,8.020852584087394838e-06,2.014884906394242492e+01,1.000000000000000000e+00
1.301000000000000000e+03,7.404107142734753211e+01,1.200636547140791777e+01,-1.471586870253243804e-03,4.191436793874439815e+01,2.546409558232386461e-01,nan,8.049951840518096815e-06,2.672195841963485208e+01,1.000000000000000000e+00
1.304000000000000000e+03,9.973227755029638786e+01,2.223935076997332771e+01,-1.154579977150210117e-03,3.235548237421701145e+01,3.348979000446439258e-01,nan,7.743439233522200646e-06,5.664407254691517402e+00,1.000000000000000000e+00
1.305000000000000000e+03,4.637948254386493829e+01,6.902225525355601299e+00,-1.472599828810930260e-02,4.415820241473178385e+02,7.450435757660245351e-03,nan,1.637762089672318498e-05,1.795372319494259372e+01,1.000000000000000000e+00
1.305000000000000000e+03,2.209204212033141346e+01,3.355683691986114781e+01,-8.202362555624410564e-03,2.448711992782288291e+02,1.103519193937996246e-02,nan,7.593126145252984665e-06,2.485674053502130221e+01,1.000000000000000000e+00
1.307000000000000000e+03,1.339768085164876936e+02,1.066970275874043672e+01,-1.052100053262331435e-03,2.926534810137228604e+01,3.571577815696146407e-01,nan,7.461593806902447996e-06,3.614615686623213264e+01,1.000000000000000000e+00
1.307000000000000000e+03,9.509009180039028308e+01,1.899348863328751591e+01,-1.456476712169432969e-03,4.145874291882370954e+01,3.108059354367811444e-01,nan,1.079858123401939086e-05,5.664407254691517402e+00,1.000000000000000000e+00
1.308000000000000000e+03,4.973945356147834218e+01,4.314237527146098472e+01,-7.991003340817863509e-03,2.384979670511065422e+02,1.534404216046159064e-02,nan,1.052864207263930026e-05,2.194869626780349847e+01,1.000000000000000000e+00
1.310000000000000000e+03,6.598779835968771579e+01,2.116407979560915820e+01,-8.596281350576377711e-03,2.567492522940619324e+02,1.160307793092441031e-02,nan,1.010118249884791110e-05,1.007866189234052889e+01,1.000000000000000000e+00
1.312000000000000000e+03,1.409117439335634003e+02,4.945777144585505880e+01,-7.118807903102985189e-03,2.121981718087689615e+02,2.292354439990196280e-02,nan,1.239964026187112180e-05,2.331057088898004537e+01,1.000000000000000000e+00
1.312000000000000000e+03,1.506763812235119104e+01,4.610453274787568034e+01,-1.666763694920074968e-03,4.779964353504407626e+01,2.480306934135444452e-01,nan,9.952789527165644537e-06,3.041687786297378437e+01,1.000000000000000000e+00
1.313000000000000000e+03,9.795344919685729224e+01,2.130067399209163170e+01,-8.011098925939420107e-03,2.391039204316431324e+02,1.801311203196387378e-02,nan,1.191373480906270195e-05,7.317166026791167788e+00,1.000000000000000000e+00
1.314000000000000000e+03,1.397528157953866241e+02,2.617602750901248143e+01,-1.937844982508158146e-03,5.597370871506217327e+01,1.765872839495487012e-01,nan,8.170719881541792750e-06,2.331057088898004537e+01,1.000000000000000000e+00
1.319000000000000000e+03,8.620248564901783084e+01,1.361779476224143615e+01,-8.025662412369237095e-03,2.395430613564366524e+02,1.544454662885397234e-02,nan,1.083866542330096576e-05,2.029043404885701207e+01,1.000000000000000000e+00
1.320000000000000000e+03,6.752562210558344269e+00,5.090821024017292729e+01,-1.013955831059908108e-02,3.032845427756919889e+02,7.919168255992425909e-02,nan,8.571720707042454761e-05,2.466546536522133692e+01,1.000000000000000000e+00
1.321000000000000000e+03,4.217507226856216107e+01,2.285702711229348694e+01,-1.113412689690449322e-03,3.111414220656975260e+01,3.544793800426478958e-01,nan,8.072535686560119452e-06,1.282170407193983941e+01,1.000000000000000000e+00
1.322000000000000000e+03,6.482338959373632292e+01,5.358452506892960088e+01,-1.127592253369505675e-03,3.154170649464021636e+01,3.660779592744216604e-01,nan,9.100604964459687703e-06,3.398708338217340952e+01,1.000000000000000000e+00
1.323000000000000000e+03,2.955376063614821192e+01,2.511503242360056731e+01,-8.153591630628922310e-03,2.434005823892878198e+02,2.321964292399514296e-02,nan,1.618080230152150117e-05,9.850789779139340396e+00,1.000000000000000000e+00
1.323000000000000000e+03,8.887514856208355241e+00,7.432663234954693721e+00,1.273273856158650165e-03,-3.593452507434774645e+01,3.011070582694053144e-01,nan,7.898668255443922354e-06,2.719852743735319933e+01,1.000000000000000000e+00
1.324000000000000000e+03,2.391320941157638913e+01,3.319106122219814381e+01,-8.373721889834264201e-03,2.500382928076216160e+02,3.086675763357915603e-02,nan,2.340674538735947345e-05,9.850789779139340396e+00,1.000000000000000000e+00
1.325000000000000000e+03,7.179022254692574734e+01,1.197548404389642585e+01,-1.506323050812312641e-03,4.296178735496820167e+01,2.739959118446486652e-01,nan,9.738368958139428461e-06,1.742117424858152219e+01,1.000000000000000000e+00
1.326000000000000000e+03,1.253341043710002367e+02,2.768345728176777953e+01,-1.563355185350223013e-03,4.468150910048692026e+01,2.317701807502263733e-01,nan,7.807029474813171051e-06,5.580042745384785263e+01,1.000000000000000000e+00
1.328000000000000000e+03,5.679990280860359064e+01,3.736635973855005233e+01,-1.288919097081419858e-03,3.640628474539568771e+01,3.273456308969040496e-01,nan,9.233600473200655659e-06,9.433306337077484116e+00,1.000000000000000000e+00
1.328000000000000000e+03,6.627954198135256547e+01,2.850212048037841228e+01,-1.344767010098181373e-03,3.809029799923806792e+01,3.528738537750155668e-01,nan,1.114743408551727547e-05,1.126611274037178312e+01,1.000000000000000000e+00
1.329000000000000000e+03,6.306165701006403168e+01,4.442169125235142246e+01,-1.179066974109413456e-03,3.309385244390467307e+01,3.404728261178220361e-01,nan,8.571068041269627939e-06,9.433306337077484116e+00,1.000000000000000000e+00
1.330000000000000000e+03,5.534050026661003585e+01,2.580718770906662485e+01,-8.291464767940228894e-03,2.475579479565811027e+02,1.729030066894587936e-02,nan,1.363717075266412916e-05,1.126611274037178312e+01,1.000000000000000000e+00
1.333000000000000000e+03,4.905000876074881333e+00,1.717130867333810684e+01,-8.727209957414730490e-03,2.606972155627472034e+02,2.054898862765226486e-01,nan,2.044921600014756034e-04,1.023387310033308317e+01,1.000000000000000000e+00
1.335000000000000000e+03,1.474113362228643354e+01,1.999666727582131642e+01,-1.215374457892509034e-03,3.418865224217196896e+01,3.582915546794218642e-01,nan,9.717528898537615341e-06,9.599551474216532654e+00,1.000000000000000000e+00
1.335000000000000000e+03,8.411737406414087559e+01,3.403722901980544435e+01,-1.107179061003003883e-03,3.092617612579535447e+01,3.451150342879821808e-01,nan,7.609379653201906536e-06,2.993062053375246379e+01,1.000000000000000000e+00
1.339000000000000000e+03,5.400307401739813606e+00,2.221034160229337218e+01,-8.837530239531434309e-03,2.640237645279055414e+02,1.035500068048189615e-02,nan,9.388694385903490085e-06,9.599551474216532654e+00,1.000000000000000000e+00
1.340000000000000000e+03,1.240186146201867530e+02,5.325956537985311456e+01,-8.200978349327562797e-03,2.448294605341285148e+02,1.392916886397776999e-02,nan,9.159412040515322538e-06,1.691090747932864957e+01,1.000000000000000000e+00
1.341000000000000000e+03,6.469150410309072186e+01,4.932271587849490402e+01,-1.290194600799437694e-03,3.644474572003985458e+01,3.127624016690104813e-01,nan,8.878709855741247079e-06,4.969256220396348311e+01,1.000000000000000000e+00
1.345000000000000000e+03,1.392900682707001181e+01,9.547647465945651390e+00,-1.595221166826332748e-02,4.785567197567756921e+02,4.080583862117737048e-03,nan,1.330241781145562519e-05,1.516529667791194314e+01,1.000000000000000000e+00
1.345000000000000000e+03,3.705542730836864962e+01,8.023829721710912466e+00,-2.064217178068056963e-03,5.978427997447806774e+01,1.792713298518381349e-01,nan,9.874520933412442032e-06,2.317656887452225689e+01,1.000000000000000000e+00
1.347000000000000000e+03,4.028145661566368574e+01,3.436545781892189666e+01,-9.073661842873252323e-03,2.711439723960012884e+02,1.298715152477347701e-02,nan,1.076038422916332298e-05,2.513503889614439046e+01,1.000000000000000000e+00
1.349000000000000000e+03,1.464020407764966514e+01,2.469625868281483960e+01,-1.382091975516012592e-03,3.921577848843685388e+01,2.731244014642471019e-01,nan,8.092543660692581999e-06,1.516529667791194314e+01,1.000000000000000000e+00
1.349000000000000000e+03,1.334695911370817498e+02,3.202310773618508222e+01,-1.306083138560170699e-03,3.692384165626972248e+01,2.877914443077601581e-01,nan,8.005448474397118604e-06,5.662104045659844331e+01,1.000000000000000000e+00
1.350000000000000000e+03,7.450114971534769381e+01,6.115510782480135354e+00,-8.022624956817995395e-03,2.394514712659579629e+02,1.780698048296580627e-02,nan,1.191974893196462413e-05,1.950579551243963650e+01,1.000000000000000000e+00
1.351000000000000000e+03,6.111388377655153192e+01,2.030202442245026262e+01,-8.347539599995080703e-03,2.492488036266759650e+02,1.520483543522066494e-02,nan,1.069628011729468293e-05,1.950579551243963650e+01,1.000000000000000000e+00
1.353000000000000000e+03,7.824807962854330867e+01,4.453417839780768617e+01,-7.941593886905034053e-03,2.370080962437704954e+02,1.741481248711274077e-02,nan,1.077302230356425368e-05,1.317155837615259273e+01,1.000000000000000000e+00
1.362000000000000000e+03,1.351918174184256429e+02,2.229947986519496794e+01,-1.141719657119501198e-03,3.196769797529294621e+01,3.709520897131703965e-01,nan,9.569752459449452483e-06,6.728055502961034939e+00,1.000000000000000000e+00
1.366000000000000000e+03,5.588784503866710907e+01,3.649177832535259824e+01,-1.136515927829202842e-03,3.181078702516236234e+01,3.527320608685842185e-01,nan,8.445784443082063190e-06,2.034253406470501346e+01,1.000000000000000000e+00
1.367000000000000000e+03,9.036225278322331178e+01,5.285139278818687814e+01,-7.222045291986761879e-03,2.153111463458869537e+02,1.962297052230310701e-02,nan,1.082398366166927373e-05,3.815916370559624227e+01,1.000000000000000000e+00
1.368000000000000000e+03,5.202519114319260751e+01,1.651933237956369638e+01,-8.150353613550051848e-03,2.433029446552628201e+02,1.498872617919178030e-02,nan,1.008967163374329010e-05,2.034253406470501346e+01,1.000000000000000000e+00
1.368000000000000000e+03,1.418723425442496477e+02,5.031702658925951965e+01,-1.274281501004811794e-03,3.596490915110980779e+01,2.957869874681360312e-01,nan,8.037852682336957152e-06,1.115657079520467754e+01,1.000000000000000000e+00
1.369000000000000000e+03,1.381029230250083799e+02,1.166064241921922040e+01,-7.854193691777320088e-03,2.343726694384875771e+02,1.237418592668060313e-02,nan,8.389155969683032886e-06,6.558343445533679095e+00,1.000000000000000000e+00
1.373000000000000000e+03,1.439015632298434468e+02,3.934655096978102051e+01,-9.208270896311546855e-03,2.752029142226945737e+02,1.100073885084529302e-02,nan,9.718049730720351273e-06,1.115657079520467754e+01,1.000000000000000000e+00
1.373000000000000000e+03,2.088865346694290892e+01,2.264213743536111068e+01,-1.299806307758313980e-03,3.673457287805628368e+01,3.063388283116438293e-01,nan,8.583941008218028596e-06,2.154425276756217400e+01,1.000000000000000000e+00
1.374000000000000000e+03,1.396996621265191720e+02,1.802164021762169099e+01,-9.084740583876095912e-03,2.714780358493496237e+02,1.781294694435220372e-02,nan,1.466940864485445393e-05,6.558343445533679095e+00,1.000000000000000000e+00
1.375000000000000000e+03,3.756670753544712937e+01,3.628022160435860854e+01,-8.117072069920598307e-03,2.422993877172710313e+02,1.588418944538161348e-02,nan,1.045374378504208936e-05,2.154425276756217400e+01,1.000000000000000000e+00
1.378000000000000000e+03,8.950934697250792738e+01,1.525535670989568970e+01,-2.527072618414495393e-03,7.374101808790616985e+01,1.123192759897644333e-01,nan,8.208866854028455776e-06,5.026649042557166780e+01,1.000000000000000000e+00
1.383000000000000000e+03,7.910747858009780309e+00,2.177323447039815818e+01,-1.600851634198102030e-02,4.802545059706563961e+02,5.623312047802198066e-03,nan,1.535138863323744096e-05,3.525998932509305916e+01,1.000000000000000000e+00
1.384000000000000000e+03,3.793475507997077045e+01,4.026176706607245137e+01,-1.069287228305790000e-03,2.978360257151885193e+01,3.465586838285351634e-01,nan,7.139053964993783362e-06,2.296137731236991897e+01,1.000000000000000000e+00
1.385000000000000000e+03,8.121712123248333626e+01,4.513996078225989095e+01,-1.422968026816797630e-03,4.044833684983173328e+01,2.873620571365893550e-01,nan,9.023089744963635626e-06,2.072873654480337891e+01,1.000000000000000000e+00
1.385000000000000000e+03,1.423141231248935412e+02,2.271839807914458120e+01,-1.406921555429024818e-03,3.996447865290498669e+01,2.851770193181505375e-01,nan,8.533339215487094505e-06,3.379349673913174001e+01,1.000000000000000000e+00
1.390000000000000000e+03,8.901634351991208405e+01,1.482243887928851045e+01,-1.066063120228489397e-03,2.968638424337174797e+01,3.580269146665180369e-01,nan,7.535412791437013323e-06,3.130463228702542366e+01,1.000000000000000000e+00
1.393000000000000000e+03,5.549940437738940346e+01,2.684735550444609231e+01,-1.389361603468432108e-03,3.943498363257005224e+01,2.449803488628240489e-01,nan,8.408611205872321264e-06,1.704295032186387715e+01,1.000000000000000000e+00
1.398000000000000000e+03,8.933814022159249646e+01,1.194007529288249536e+01,-7.955652490349430020e-03,2.374320131504554752e+02,1.451870206326011381e-02,nan,8.889941152468363049e-06,1.590967202765468791e+01,1.000000000000000000e+00
1.398000000000000000e+03,6.396103614114857550e+01,1.205333834993184361e+01,-9.084497978872282248e-03,2.714707204454284124e+02,1.209637796327867054e-02,nan,1.023184674112657643e-05,1.704295032186387715e+01,1.000000000000000000e+00
1.399000000000000000e+03,1.023297344928499513e+02,2.112354644046980212e+01,-8.104967305578737041e-03,2.419343860102203507e+02,1.125940169244266098e-02,nan,8.309808999849495030e-06,1.590967202765468791e+01,1.000000000000000000e+00
1.400000000000000000e+03,3.140549915320655217e+01,3.273486075143869556e+01,-1.151856795668841724e-03,3.227336876496063667e+01,3.442313925286926146e-01,nan,8.124302587776194355e-06,3.437842373880534552e+01,1.000000000000000000e+00
1.402000000000000000e+03,1.302928667516988810e+02,1.537599357981639692e+01,-1.278089297246633171e-03,3.607972775386107145e+01,2.715421683601875191e-01,nan,6.659665515242290710e-06,2.821240009575759800e+01,1.000000000000000000e+00
1.403000000000000000e+03,5.459964774167584523e+00,1.018036531148345780e+01,-1.751942613330323200e-03,5.036809094520540953e+01,2.399996576644425339e-01,nan,1.062473828966945628e-05,3.437842373880534552e+01,1.000000000000000000e+00
1.406000000000000000e+03,4.854371675198941460e+01,3.927569554903158178e+01,-1.669784948419988577e-02,5.010403524795667636e+02,7.243610246672305131e-03,nan,2.234231136603619911e-05,3.434551484511894159e+01,1.000000000000000000e+00
1.406000000000000000e+03,1.061477312173547460e+02,4.272868333906816218e+01,-1.700746053455755996e-02,5.103762270749505205e+02,4.538403741858432205e-03,nan,1.418406725718008724e-05,3.648502716235420706e+01,1.000000000000000000e+00
1.406000000000000000e+03,6.836421614222940946e+01,1.122641402707844982e+01,-1.497039705372590554e-03,4.268186146488530142e+01,2.573647221298567267e-01,nan,8.661824831220210557e-06,3.434551484511894159e+01,1.000000000000000000e+00
1.411000000000000000e+03,9.689016722469048659e+00,2.334836475425130331e+01,-1.185394610429203266e-03,3.328465318922209093e+01,3.475477744989786677e-01,nan,9.550819368018600901e-06,2.891028234940461772e+01,1.000000000000000000e+00
1.412000000000000000e+03,1.014678309263142495e+02,4.703885322635929356e+01,-9.082074537775295525e-03,2.713976450750737968e+02,1.403242472788956974e-02,nan,1.202040872745079362e-05,3.170097950698215072e+01,1.000000000000000000e+00
1.414000000000000000e+03,5.797698464688044062e+00,5.199556475248771648e+01,-1.474601139534808918e-03,4.200525888070819747e+01,2.625266718247301068e-01,nan,8.950988477270837895e-06,2.891028234940461772e+01,1.000000000000000000e+00
1.415000000000000000e+03,3.485775036938861859e+01,4.523038358563024275e+01,1.460867050269042643e-03,-4.159112723095320518e+01,3.164946881856350869e-01,nan,1.163776857028407442e-05,9.250337761813989701e+00,1.000000000000000000e+00
1.419000000000000000e+03,4.986031527209757996e+01,5.633507684041004104e+00,-8.780977153500594753e-03,2.623184877990680661e+02,2.417391201990093386e-02,nan,1.946550258008879685e-05,1.523396384559901406e+01,1.000000000000000000e+00
1.420000000000000000e+03,1.545102929671002201e+01,1.124990193047112008e+01,-1.113030496965191317e-03,3.110261773627014747e+01,3.279504533280120926e-01,nan,7.240504131997639025e-06,3.207616172328689430e+01,1.000000000000000000e+00
1.420000000000000000e+03,5.295806634946360703e+01,3.950037786247452232e+01,-1.354859346076002415e-03,3.839461783199135425e+01,2.825211466102871549e-01,nan,9.373578683496354734e-06,1.748759089043055326e+01,1.000000000000000000e+00
1.421000000000000000e+03,6.305820190594743480e+01,1.324201889511674679e+01,-8.832023531851954448e-03,2.638577177015094435e+02,1.353117371566348037e-02,nan,1.253019946709344190e-05,1.523396384559901406e+01,1.000000000000000000e+00
1.421000000000000000e+03,7.351974216220487079e+00,4.459091646938556863e+01,-2.913864340981257069e-03,8.540416451709249657e+01,1.360186518089107066e-01,nan,1.327877485270951764e-05,2.972571925824370709e+01,1.000000000000000000e+00
1.424000000000000000e+03,1.440610852362074183e+02,3.220599602543507700e+01,-8.887196290441018443e-03,2.655213726475257658e+02,1.069787541053102142e-02,nan,9.228561221855689493e-06,2.712759536681148376e+01,1.000000000000000000e+00
1.424000000000000000e+03,1.169612579247885975e+02,3.097888964181122162e+01,-1.342658959254609168e-03,3.802673276701025173e+01,2.856556666821686852e-01,nan,8.128605535277276073e-06,1.589324341585780154e+01,1.000000000000000000e+00
1.427000000000000000e+03,4.251562640463107812e+01,3.330547572408225676e+01,-9.275362134899203456e-03,2.772259537401141642e+02,1.157510734327171775e-02,nan,1.279505615084106229e-05,1.845969653622545437e+01,1.000000000000000000e+00
1.428000000000000000e+03,1.018452441532708974e+02,3.588819854785844399e+01,-9.499720466281332681e-03,2.839911555757506676e+02,1.636817276245516872e-02,nan,1.401067296801464578e-05,1.235627795256172590e+01,1.000000000000000000e+00
1.431000000000000000e+03,5.370340039891907935e+01,1.186478449565090010e+01,-6.953880754147310529e-03,2.072250315469934776e+02,2.004592055927778560e-02,nan,1.056862517049715027e-05,1.034485936926823157e+01,1.000000000000000000e+00
1.434000000000000000e+03,4.425333959554119900e+01,1.607340258029551450e+01,-8.385138969509684653e-03,2.503825583755723585e+02,1.433536089965736782e-02,nan,1.059835612609754042e-05,1.034485936926823157e+01,1.000000000000000000e+00
1.435000000000000000e+03,5.495718094101134454e+01,5.029648304068995657e+01,-1.132431737874839937e-03,3.168763416872003091e+01,3.459757330327508651e-01,nan,8.084042728736789076e-06,7.791491840835500504e+00,1.000000000000000000e+00
1.435000000000000000e+03,2.253555677384049361e+01,3.198028050740612827e+01,-1.200554891170005790e-03,3.374178958556012731e+01,2.804247199199491059e-01,nan,6.267170609697880088e-06,1.658934995639505416e+01,1.000000000000000000e+00
1.436000000000000000e+03,1.402764629374083540e+02,3.055986168737395303e+01,-1.287131084415026570e-03,3.635236980273094076e+01,2.945430639119669403e-01,nan,7.525963670744118608e-06,3.993343090751995561e+01,1.000000000000000000e+00
1.437000000000000000e+03,6.318890358883351155e+01,4.610087222389185513e+01,-1.299028805435054838e-03,3.671112841708119134e+01,2.659684041586414249e-01,nan,6.699471846793056324e-06,9.239286112936518691e+00,1.000000000000000000e+00
1.437000000000000000e+03,4.933492048443836708e+00,4.886053850421422595e+01,-1.157082746434813080e-03,3.243094977163463710e+01,3.697215840808107945e-01,nan,9.411339608213233450e-06,2.438802559937677827e+01,1.000000000000000000e+00
1.438000000000000000e+03,3.011463822211878494e+01,1.722344966958365120e+01,-1.525996860331439720e-02,4.576831287256373457e+02,5.900047200024904903e-03,nan,1.607995595005844768e-05,1.418539688674225907e+01,1.000000000000000000e+00
1.438000000000000000e+03,1.024309375186926729e+02,1.781642769856955155e+01,-1.967870669793080410e-03,5.687909000170684948e+01,1.828630259305630279e-01,nan,8.888216112541646953e-06,2.213809835684893912e+01,1.000000000000000000e+00
1.443000000000000000e+03,1.205739825883455723e+02,5.130793522145365770e+00,-1.582107358968744965e-02,4.746024401700179851e+02,1.140563711932252033e-02,nan,3.048788237335228973e-05,2.213809835684893912e+01,1.000000000000000000e+00
1.445000000000000000e+03,3.284599910777104270e+01,3.336490853340691842e+01,-1.298549345520100566e-03,3.669667099498868623e+01,2.992908588803745440e-01,nan,8.094182192566262840e-06,4.987357360021144714e+00,1.000000000000000000e+00
1.446000000000000000e+03,1.073226124386176110e+02,4.956459226359010017e+01,-8.846540751920513659e-03,2.642954635309205287e+02,2.137279064217989522e-02,nan,1.698657254537288419e-05,2.417581797539906319e+01,1.000000000000000000e+00
1.450000000000000000e+03,1.281391308126738977e+02,3.727057999898724461e+01,-1.227294389311880561e-03,3.454808057907489172e+01,3.403067377345632138e-01,nan,9.246772690410744023e-06,2.417581797539906319e+01,1.000000000000000000e+00
1.450000000000000000e+03,3.513246684961577415e+01,3.779726667575739185e+01,-1.434301759161573471e-03,4.079008919925929888e+01,2.909188974277125972e-01,nan,9.383097737028090732e-06,4.987357360021144714e+00,1.000000000000000000e+00
1.452000000000000000e+03,7.925442158095944478e+01,5.664804310061981596e+00,-1.398278698309550136e-02,4.191715593610490487e+02,6.892960757723609611e-03,nan,1.441661584417972985e-05,2.189158290121473627e+01,1.000000000000000000e+00
1.457000000000000000e+03,7.341837116576508038e+01,2.676413883682057104e+01,-1.183102982950889415e-03,3.321555246839136544e+01,3.492791940296782194e-01,nan,9.029709828547263534e-06,1.098908213181548454e+01,1.000000000000000000e+00
1.458000000000000000e+03,6.300901202825428271e+01,3.028623600272994310e+01,-9.349438821631575122e-03,2.794596293695079225e+02,1.476701146274450593e-02,nan,1.321664753207634293e-05,1.098908213181548454e+01,1.000000000000000000e+00
1.459000000000000000e+03,1.285404628310165549e+02,3.797480980657959293e+01,-1.778919187391012069e-02,5.339482079297868040e+02,4.584189284984829804e-03,nan,1.714758950956006740e-05,9.078290161920197221e+00,1.000000000000000000e+00
1.462000000000000000e+03,1.046106839096936625e+02,4.983275766744442947e+00,-1.206861879616974572e-03,3.393196772405813277e+01,2.944792950034269552e-01,nan,7.594342687687240838e-06,2.119416235425055106e+01,1.000000000000000000e+00
1.466000000000000000e+03,4.474506329473442889e+01,5.123178635329202990e+01,-1.385196451286457202e-03,3.930938947694581032e+01,2.999098686043690787e-01,nan,9.042992183660108642e-06,1.576710065121536353e+01,1.000000000000000000e+00
1.467000000000000000e+03,6.033633481983602387e+00,1.800203343070172224e+01,-1.218169042779495073e-03,3.427291891812205904e+01,3.688315551053892305e-01,nan,1.030125806945679914e-05,3.596238862388398161e+01,1.000000000000000000e+00
1.468000000000000000e+03,7.653661258104202147e+01,3.321558385434073557e+01,-8.101871587130543909e-03,2.418410390861310759e+02,1.554435738690684854e-02,nan,1.002554608667581082e-05,1.044047301971263408e+01,1.000000000000000000e+00
1.469000000000000000e+03,9.403746377418146096e+01,7.905675233234791044e+00,-2.429490085109409399e-03,7.079855756337484252e+01,1.565432423856172317e-01,nan,1.130746697764875324e-05,2.896578568075605631e+01,1.000000000000000000e+00
1.471000000000000000e+03,8.501019139587465645e+01,3.931492307627019045e+01,-7.676279075070738950e-03,2.290079108217018984e+02,2.113701863127825931e-02,nan,1.286563429146216753e-05,1.044047301971263408e+01,1.000000000000000000e+00
1.471000000000000000e+03,6.782175163795818662e+01,2.022448918970674825e+01,-1.221635210224467170e-03,3.437743619731954681e+01,3.606603926437040863e-01,nan,9.836657990253038023e-06,1.564344405310958663e+01,1.000000000000000000e+00
1.473000000000000000e+03,2.196417007155930534e+01,2.192419152954342820e+01,-1.270406388200730641e-03,3.584806071453083831e+01,3.501484728406492053e-01,nan,1.060417027542273626e-05,4.588907032358546445e+01,1.000000000000000000e+00
1.479000000000000000e+03,5.542761202641823104e+01,2.136057758169177134e+01,-7.311794277683053567e-03,2.180173975425271067e+02,1.775321932778828327e-02,nan,9.949636976644106595e-06,1.018128028193275192e+01,1.000000000000000000e+00
1.479000000000000000e+03,2.047196562428577238e+01,4.922969519677180728e+01,-6.856633024475856236e-03,2.042926665430646835e+02,5.276064853242634634e-02,nan,2.974527386994869598e-05,1.126032526512707044e+01,1.000000000000000000e+00
1.479000000000000000e+03,9.569316291674910602e+00,5.204521692579095316e+01,-7.914815537164616999e-03,2.362006337363468447e+02,4.064326562752540450e-02,nan,2.840928297609041412e-05,1.126032526512707044e+01,1.000000000000000000e+00
1.480000000000000000e+03,4.259730213204790772e+01,3.921055016689908967e+01,-9.032040330950489096e-03,2.698889357449118620e+02,1.795725734334074897e-02,nan,1.448888005100677716e-05,1.801680321431047460e+01,1.000000000000000000e+00
1.480000000000000000e+03,9.502181320858557001e+01,2.382610596575833384e+01,-1.178590886857339712e-03,3.307949671959610072e+01,3.306271357370553776e-01,nan,8.160651534219335172e-06,2.802307101995939931e+01,1.000000000000000000e+00
1.481000000000000000e+03,2.713436007360062874e+01,2.996378743823072455e+01,-1.879676230865836911e-03,5.421971392038228998e+01,1.342929081133893421e-01,nan,5.519490115849498747e-06,1.801680321431047460e+01,1.000000000000000000e+00
1.482000000000000000e+03,8.076493245367373675e+01,4.795148390124180793e+01,-6.829658783649611951e-03,2.034792972225298513e+02,2.888596557916123242e-02,nan,1.346027516795427402e-05,2.802307101995939931e+01,1.000000000000000000e+00
1.483000000000000000e+03,1.179461924831286268e+02,4.958274493468996980e+01,-7.941556165603188069e-03,2.370069588123280369e+02,1.417192957538704334e-02,nan,9.426346558463837333e-06,3.388837833458742921e+01,1.000000000000000000e+00
1.484000000000000000e+03,5.695790172014316255e+01,1.129495879134649527e+01,-1.465938667088577049e-02,4.395734469202576520e+02,5.812171651098152481e-03,nan,1.414815782783239784e-05,1.018128028193275192e+01,1.000000000000000000e+00
1.485000000000000000e+03,1.402322883357415435e+02,2.405330863467966296e+01,-8.235736933880348498e-03,2.458775555104639921e+02,1.454857093876338325e-02,nan,1.022104697147783361e-05,3.388837833458742921e+01,1.000000000000000000e+00
1.489000000000000000e+03,7.029504171829171355e+01,2.986979440895899174e+01,-8.207989349583775726e-03,2.450408671331649089e+02,1.479211824649473428e-02,nan,9.739800764698798081e-06,9.896397212957811718e+00,1.000000000000000000e+00
1.492000000000000000e+03,6.451064122656799782e+01,2.183988850988485808e+01,-8.929161115576353738e-03,2.667867614132953236e+02,1.211488122554205127e-02,nan,1.002446119089024724e-05,9.896397212957811718e+00,1.000000000000000000e+00
1.492000000000000000e+03,1.335335542410637970e+02,3.106703601473921239e+01,-2.555568438370540985e-02,7.681355860407197724e+02,3.045829654673593012e-03,nan,2.522233846611276919e-05,1.719314693402468208e+01,1.000000000000000000e+00
1.493000000000000000e+03,1.393702974021131240e+02,4.723913330503852137e+01,-1.359512360970303564e-03,3.853492278394143256e+01,2.782983861099894707e-01,nan,7.926054017498255033e-06,1.719314693402468208e+01,1.000000000000000000e+00
1.494000000000000000e+03,1.875838444441516728e+01,1.984738326200245950e+01,-1.845441552356496878e-03,5.318741657502832965e+01,1.788965856015730660e-01,nan,7.748191268591843810e-06,4.579562291117883888e+01,1.000000000000000000e+00
1.501000000000000000e+03,8.904912257638218875e+01,4.359163713027747633e+01,-1.194266181710520796e-03,3.355216262356142209e+01,3.257583031995531231e-01,nan,7.250511256527474987e-06,3.451247619422716895e+01,1.000000000000000000e+00
1.502000000000000000e+03,1.373488519089286797e+02,7.852282577867619295e+00,-1.167341257273724802e-03,3.274028036760925175e+01,3.721654883661434932e-01,nan,9.969585854946753236e-06,2.102350244011686087e+01,1.000000000000000000e+00
1.502000000000000000e+03,1.023512183581816828e+02,5.210693657606257467e+00,-1.149228958602176338e-03,3.219413012899093474e+01,3.607006528732135120e-01,nan,9.094631732993168624e-06,2.433012004939489614e+01,1.000000000000000000e+00
1.502000000000000000e+03,2.206341374293601376e+01,2.751037536591570287e+01,-1.435414276226639526e-03,4.082363554649943183e+01,2.634044647980817722e-01,nan,8.494119081917053552e-06,1.704519522693814082e+01,1.000000000000000000e+00
1.503000000000000000e+03,6.510446688824056594e+01,1.873676885395293823e+01,-1.225873550859160090e-03,3.450523724515779378e+01,3.306691435638040577e-01,nan,8.939593838386422167e-06,2.740018631147423633e+01,1.000000000000000000e+00
1.505000000000000000e+03,4.092576338285310555e+01,5.846442764126340563e+00,-7.790442777760774040e-03,2.324503525899384044e+02,1.629690199417999086e-02,nan,1.094921961123437594e-05,2.404781717862879020e+01,1.000000000000000000e+00
1.505000000000000000e+03,4.788640955813877831e+00,4.888867234521377725e+01,-1.207385892146887237e-03,3.394776856598552683e+01,3.497682510397663869e-01,nan,9.208732685036211829e-06,2.748543899197829177e+01,1.000000000000000000e+00
1.506000000000000000e+03,1.745858480920748335e+01,1.109896985585863938e+01,-1.050323877339467277e-03,2.921179007863361576e+01,3.486009075209144381e-01,nan,6.939292454169186933e-06,1.704519522693814082e+01,1.000000000000000000e+00
1.509000000000000000e+03,8.574299015435244087e+01,3.536591344440925155e+01,-8.029165246074896137e-03,2.396486842538323856e+02,1.714889972360200687e-02,nan,1.171951447359910944e-05,2.735991557686914533e+01,1.000000000000000000e+00
1.510000000000000000e+03,1.156291963067771889e+02,4.812147905417030636e+00,-2.217636557027242734e-03,6.441042003249589243e+01,1.921871465008739843e-01,nan,1.209904826478420371e-05,1.521400458524583321e+01,1.000000000000000000e+00
1.510000000000000000e+03,1.275105732931841516e+02,1.431471684369683928e+01,-8.878323107505706191e-03,2.652538146160851511e+02,1.118093086040916617e-02,nan,8.614245968470454306e-06,9.363588308240121449e+00,1.000000000000000000e+00
1.514000000000000000e+03,1.006187461681404187e+02,1.240340349031978739e+01,-1.176196006663266088e-03,3.300728256206841849e+01,3.339450556036637208e-01,nan,8.337688104802826154e-06,1.641985738484991941e+01,1.000000000000000000e+00
1.515000000000000000e+03,1.299340573296831849e+02,5.338036286684195630e+01,-8.470450210853327014e-03,2.529549957929083348e+02,1.293970953268597235e-02,nan,9.014827103834519118e-06,3.914074570164498112e+01,1.000000000000000000e+00
1.520000000000000000e+03,3.879485714460456336e+01,2.957132632138736383e+01,-1.319223555611157787e-03,3.732007197678746735e+01,2.896980951918466385e-01,nan,7.971985441540938206e-06,5.895548030002085937e+01,1.000000000000000000e+00
1.526000000000000000e+03,1.315807456040156751e+02,7.304498640427418366e+00,-1.130894756984149752e-03,3.164128872712675289e+01,3.532580125039608276e-01,nan,8.657475635514788018e-06,2.849608960517605283e+01,1.000000000000000000e+00
1.531000000000000000e+03,2.633729784975428601e+01,1.848131261519563395e+01,-8.070937597920258694e-03,2.409082692651942637e+02,1.258106810630810202e-02,nan,8.446528107742698750e-06,1.386968178226083204e+01,1.000000000000000000e+00
1.531000000000000000e+03,4.369612346422703553e+01,2.177876667360077789e+01,-1.204650364002168936e-03,3.386528266090645900e+01,3.591387564774327634e-01,nan,9.731704137834327038e-06,8.947696723182726686e+00,1.000000000000000000e+00
1.533000000000000000e+03,9.855427129476035475e+01,4.491475580938971746e+01,-8.352552692832330636e-03,2.493999662095666849e+02,1.762285480856806696e-02,nan,1.279236332611863190e-05,3.689698680666233344e+01,1.000000000000000000e+00
1.534000000000000000e+03,3.940930120024010819e+01,1.384549541150161467e+01,-9.092323239878918190e-03,2.717066799027853108e+02,1.245435739201850023e-02,nan,1.222793752643024639e-05,9.017407501109309109e+00,1.000000000000000000e+00
1.535000000000000000e+03,3.147058102960633619e+01,3.588450427641932095e+01,-1.430014963071341060e-03,4.066082704705846851e+01,2.658255247859978576e-01,nan,8.607814951138653903e-06,1.814446682054443016e+01,1.000000000000000000e+00
1.541000000000000000e+03,9.699531718548853121e+01,8.989267994862059297e+00,-8.453039536444479848e-03,2.524300020218065868e+02,1.604057846934114906e-02,nan,1.133765395185691467e-05,2.594750174056590453e+01,1.000000000000000000e+00
1.545000000000000000e+03,1.033684568748871442e+02,3.414192067954092380e+01,-9.112290567084613963e-03,2.723087658508870277e+02,9.575780802825284432e-03,nan,7.753269838617262572e-06,2.439078713861453807e+01,1.000000000000000000e+00
1.545000000000000000e+03,2.085025270413474630e+01,4.293212842289280573e+00,-1.227246154150537800e-03,3.454662611736603850e+01,3.172398459222518508e-01,nan,7.898376338453592900e-06,3.685630665020981667e+01,1.000000000000000000e+00
1.548000000000000000e+03,5.564870728913884079e+01,1.643631369790716690e+01,-8.152775040354135958e-03,2.433759592875206579e+02,2.043318385070735932e-02,nan,1.329763691512911888e-05,1.988561608979124173e+01,1.000000000000000000e+00
1.551000000000000000e+03,9.595104174099884631e+01,1.784699302577180191e+01,-7.486638078344152666e-03,2.232895601312543761e+02,2.044817426062095489e-02,nan,1.226069273389369683e-05,3.365376614222628149e+01,1.000000000000000000e+00
1.552000000000000000e+03,1.423854512613997372e+02,4.475350068476517862e+01,-1.610941818480376292e-02,4.832970554854363172e+02,5.689086858474801112e-03,nan,1.538433034317912532e-05,1.899037749740856285e+01,1.000000000000000000e+00
1.557000000000000000e+03,8.042356420967108477e+01,2.391296050271004248e+01,-1.105424373487415724e-03,3.087326605498007837e+01,3.530872760064502902e-01,nan,7.938337468129257914e-06,9.349567747225794534e+00,1.000000000000000000e+00
1.558000000000000000e+03,1.277443526070427993e+02,5.171681268581319557e+01,-8.104122695678433325e-03,2.419089180170652185e+02,1.725805548703940318e-02,nan,1.081424393533580152e-05,5.149323114138536539e+01,1.000000000000000000e+00
1.558000000000000000e+03,2.009884976990124983e+01,5.341330697742361622e+01,-6.898725879768402743e-03,2.055619158735355256e+02,1.937340649829022432e-02,nan,9.805119055695432395e-06,3.891539529290237454e+01,1.000000000000000000e+00
1.559000000000000000e+03,1.282216003911546309e+01,1.518428949901168323e+01,-8.773127331827917930e-03,2.620817877502565239e+02,1.329018026958861398e-02,nan,1.201163593896384645e-05,8.217653858072061723e+00,1.000000000000000000e+00
1.561000000000000000e+03,7.756613629144331412e+01,1.501074040028068701e+01,-1.286263947640345264e-03,3.632622254417503171e+01,2.953202555753704495e-01,nan,7.779094460094407331e-06,9.349567747225794534e+00,1.000000000000000000e+00
1.563000000000000000e+03,8.090028704415333038e+01,3.033489567821415633e+01,-7.397991787330383644e-03,2.206165591020780141e+02,1.874109857924943778e-02,nan,9.900191873276864733e-06,1.568267503406268304e+01,1.000000000000000000e+00
1.564000000000000000e+03,1.239026739432848103e+02,3.513484083107155698e+01,-7.853457024336750816e-03,2.343504562944938243e+02,1.605841732400348221e-02,nan,9.375577208880300992e-06,8.540219716051664633e+00,1.000000000000000000e+00
1.567000000000000000e+03,9.949204543218398555e+01,5.994445593813946260e+00,-7.914753321698223681e-03,2.361987577187064460e+02,2.010440302636229415e-02,nan,1.235739874555794192e-05,2.099184765246874207e+01,1.000000000000000000e+00
1.569000000000000000e+03,1.318479342735272155e+02,3.200303766306851116e+01,-6.962991555045086253e-03,2.074997546053174062e+02,2.531768207447471219e-02,nan,1.186699656917810625e-05,8.540219716051664633e+00,1.000000000000000000e+00
1.571000000000000000e+03,5.318971807195084267e+01,5.917289849079962138e+00,-6.848712139065367584e-03,2.040538236697522052e+02,2.198262028038566740e-02,nan,9.854877684311053602e-06,1.381457714641913093e+01,1.000000000000000000e+00
1.572000000000000000e+03,3.597680643685148993e+01,1.206368706768559917e+01,-8.656371688298801145e-03,2.585611897450112338e+02,1.654222711658093203e-02,nan,1.179878983258061311e-05,1.827737743021743810e+01,1.000000000000000000e+00
1.572000000000000000e+03,8.516354963625605023e+01,2.133562795015574665e+01,-1.284625221605244097e-03,3.627680912452407824e+01,2.796480056483664489e-01,nan,7.248921957263450210e-06,2.081484122405334958e+01,1.000000000000000000e+00
1.572000000000000000e+03,1.389098163707067535e+01,4.714202601265446901e+01,-1.606671289498614154e-03,4.598764373561311913e+01,2.636479267337149546e-01,nan,1.027557628709898976e-05,4.145206291880698757e+01,1.000000000000000000e+00
1.573000000000000000e+03,1.049962137015587444e+02,1.006806283241435018e+01,-1.292090943353463349e-03,3.650192719419531784e+01,3.072812990358352314e-01,nan,8.409935312459635573e-06,2.280992300753537094e+01,1.000000000000000000e+00
1.574000000000000000e+03,1.107484105296926344e+02,4.401561398875827535e+01,-1.212563876774691530e-03,3.410390322295645404e+01,3.227878694543254712e-01,nan,8.298540896132216286e-06,1.917249791765119582e+01,1.000000000000000000e+00
1.575000000000000000e+03,5.832162698873406725e+01,1.874328114036838855e+01,-7.975866527494924335e-03,2.380415382809013636e+02,1.318457600810640784e-02,nan,8.325291476852071667e-06,1.381457714641913093e+01,1.000000000000000000e+00
1.576000000000000000e+03,9.180469685290002246e+01,4.106258359033025584e+01,-1.351182462180998802e-03,3.828374670221131737e+01,2.970182428399300578e-01,nan,9.085106733260102030e-06,1.917249791765119582e+01,1.000000000000000000e+00
1.578000000000000000e+03,1.544633788125805118e+01,4.698413134492813015e+01,-8.765876302680065610e-03,2.618631434262455286e+02,1.199372552809951920e-02,nan,9.050861409966089475e-06,1.250401516257408119e+01,1.000000000000000000e+00
1.579000000000000000e+03,8.278783204673806040e+01,1.947897593670408156e+01,-9.117818028614960851e-03,2.724754384797176954e+02,1.108716198381920481e-02,nan,9.451976425750878422e-06,2.339136529316475333e+01,1.000000000000000000e+00
1.579000000000000000e+03,7.120825484502645963e+01,5.156576478258100593e+01,-1.205714250924656578e-03,3.389736263634835467e+01,3.696702676771301821e-01,nan,1.024211727861408951e-05,1.182906027520630410e+01,1.000000000000000000e+00
1.580000000000000000e+03,6.114602423694471156e+01,4.534658620464592360e+01,-9.762576392833123909e-04,2.697842951399846001e+01,3.701241392765756144e-01,nan,6.778051609986918389e-06,1.182906027520630410e+01,1.000000000000000000e+00
1.581000000000000000e+03,3.992788427827616715e+01,3.925406401233161802e+01,-1.252421443667347308e-03,3.530575065623470010e+01,2.872087992650573796e-01,nan,6.996229248632308652e-06,2.207551335687324467e+01,1.000000000000000000e+00
1.583000000000000000e+03,1.177864622011593525e+02,4.572322955565237379e+01,-1.620121969116295434e-03,4.639322957626153254e+01,2.552106155647210217e-01,nan,9.618249505035279757e-06,3.489160251909036248e+01,1.000000000000000000e+00
1.583000000000000000e+03,9.421180271188223543e+00,3.602749541232088859e+01,-1.467935617152566321e-03,4.180426966859366900e+01,2.497029301767776932e-01,nan,7.744365100448470860e-06,1.250401516257408119e+01,1.000000000000000000e+00
1.588000000000000000e+03,8.098587714029923745e+01,1.328722749100537293e+01,-7.511450400548401116e-03,2.240377399144097978e+02,1.457534035946339568e-02,nan,9.216144989281619169e-06,2.922945771899699352e+01,1.000000000000000000e+00
1.589000000000000000e+03,4.766604348640028022e+00,2.573354746173400187e+01,-9.462349659886463288e-03,2.828642928180169633e+02,1.119560578342404522e-02,nan,9.921239760884361056e-06,3.287456919922970400e+01,1.000000000000000000e+00
1.590000000000000000e+03,9.385223043956877120e+01,3.953257281784397748e+01,-1.182355706434731627e-03,3.319301942302730168e+01,3.354195712696618203e-01,nan,1.065584714455560748e-05,1.650969857681935693e+01,1.000000000000000000e+00
1.593000000000000000e+03,3.516570257118146969e+01,3.824882321943186980e+01,-8.266666863919105296e-03,2.468102029329388927e+02,1.719432411396815130e-02,nan,1.151383586048339561e-05,2.999373516386538441e+01,1.000000000000000000e+00
1.598000000000000000e+03,5.456194350868923237e+00,3.412944579228636144e+01,-1.114788589034700810e-03,3.115563046649769419e+01,3.370804343995001950e-01,nan,7.444249500371188695e-06,2.977843384445075614e+01,1.000000000000000000e+00
1.600000000000000000e+03,9.907781013836552120e+01,2.466842662401829145e+01,-1.169727150664883310e-03,3.281222354105889849e+01,3.581796807777059000e-01,nan,9.043504635216061886e-06,1.432079858092135360e+01,1.000000000000000000e+00
1.601000000000000000e+03,1.128168613357119341e+02,2.870869198560199820e+01,-8.417012809906984985e-03,2.513436680532751666e+02,4.931042335832402923e-02,nan,3.513472640121185862e-05,4.141031069907547213e+00,1.000000000000000000e+00
1.602000000000000000e+03,1.429588599410478764e+02,2.683978458531071354e+01,-1.182274436040564635e-03,3.319056883152747162e+01,3.325347524365112051e-01,nan,8.171204366366586293e-06,2.812485054560255193e+01,1.000000000000000000e+00
1.602000000000000000e+03,2.033018567975748425e+01,8.331781088354762943e+00,-1.738741511445956360e-03,4.997003076107775854e+01,2.660356803355020672e-01,nan,1.092801927952723521e-05,2.889805237184527442e+01,1.000000000000000000e+00
1.603000000000000000e+03,8.096261144090395590e+01,1.204810121585936677e+01,-1.468467606905028613e-03,4.182031105215953204e+01,2.367090179540281003e-01,nan,7.301523328929553669e-06,2.207788570620689939e+01,1.000000000000000000e+00
1.603000000000000000e+03,1.187575976719118529e+02,5.112647328916906275e+01,-1.403665475177945507e-03,3.986629624997890886e+01,2.678038250117781294e-01,nan,7.993088975145232371e-06,1.942195599505259551e+01,1.000000000000000000e+00
1.605000000000000000e+03,2.072254573444527992e+01,3.722716972518395551e+01,-7.069687302719461323e-03,2.107170109629246042e+02,1.871121888287075041e-02,nan,9.539214468866593949e-06,2.042338699821654302e+01,1.000000000000000000e+00
1.606000000000000000e+03,1.153137433611241534e+02,3.201228373899905222e+01,-1.700313369934597016e-02,5.102457576008034152e+02,6.191617186159459330e-03,nan,1.802373117690094016e-05,4.141031069907547213e+00,1.000000000000000000e+00
1.607000000000000000e+03,3.979325312345905985e+01,2.991807565262367774e+01,-1.310221954277157380e-03,3.704864167378380557e+01,2.914075921298295846e-01,nan,7.873586574110163507e-06,8.839861239342129196e+00,1.000000000000000000e+00
1.611000000000000000e+03,2.969297076179541151e+01,4.112669827314847026e+01,-8.066673723022063994e-03,2.407796982684745046e+02,9.902170249374897537e-03,nan,8.049171014714020866e-06,1.508803913153309217e+01,1.000000000000000000e+00
1.611000000000000000e+03,1.739125489643306821e+01,2.713927592179916104e+01,-1.215292505641698845e-03,3.418618109026866847e+01,3.256875596021789887e-01,nan,8.297540894654468555e-06,1.862740446941370820e+01,1.000000000000000000e+00
1.611000000000000000e+03,4.549461447516993928e+01,3.667363821010479796e+01,-1.176364761299930704e-03,3.301237111470073415e+01,3.500140115400379726e-01,nan,8.454626005677793764e-06,8.839861239342129196e+00,1.000000000000000000e+00
1.613000000000000000e+03,1.372486629867259182e+02,4.901295615399892824e+01,-8.270963493052322160e-03,2.469397615863663304e+02,1.193810403380424212e-02,nan,8.143639116651840411e-06,2.548021610409135818e+01,1.000000000000000000e+00
1.615000000000000000e+03,1.220386101263555787e+02,2.129906833869322824e+01,-1.479960007036173510e-03,4.216684779979949127e+01,3.059709072714971168e-01,nan,1.114177907175801718e-05,2.040964125674932461e+01,1.000000000000000000e+00
1.621000000000000000e+03,1.765688182566652387e+01,1.051770182991267255e+01,-1.305811100848810026e-03,3.691563875151052798e+01,3.146582171434971764e-01,nan,9.313669395889391709e-06,4.482006956009303167e+01,1.000000000000000000e+00
1.622000000000000000e+03,6.235983378540904454e+01,7.279689869383414447e+00,-1.214252697125413685e-03,3.415482716443160882e+01,3.202739237596748945e-01,nan,7.959455466213089569e-06,3.743635415552178358e+01,1.000000000000000000e+00
1.625000000000000000e+03,9.978751571515762464e+01,8.085442823597665196e+00,-7.784993842850498197e-03,2.322860478180577672e+02,1.946451395701176423e-02,nan,1.154964226608632042e-05,3.737479293697278138e+01,1.000000000000000000e+00
1.627000000000000000e+03,1.285581530323993888e+02,4.394837177783562510e+01,-1.103126790142224499e-03,3.080398574357527508e+01,3.439595206763690349e-01,nan,7.833249814263223417e-06,2.075701003460478589e+01,1.000000000000000000e+00
1.628000000000000000e+03,1.383987384461023851e+02,2.567225774086650958e+01,-1.139379064771017152e-03,3.189712078943631113e+01,3.460196663998110767e-01,nan,7.895513429822072953e-06,5.114398106806516964e+00,1.000000000000000000e+00
1.631000000000000000e+03,6.308491314971764297e+00,5.213768905315379953e+01,-7.275456195420464123e-03,2.169216750912503926e+02,2.075503464565853218e-02,nan,1.116116653835778960e-05,2.347935305499663983e+01,1.000000000000000000e+00
1.631000000000000000e+03,2.949166228790483046e+01,2.503785657449264690e+01,-1.697116851389171436e-03,4.871489918254820140e+01,1.814945646964406523e-01,nan,6.871734320277590251e-06,8.245360811667485024e+00,1.000000000000000000e+00
1.633000000000000000e+03,2.261833398427159025e+01,1.138655807514421525e+01,-9.167706854228411389e-03,2.739797640491703419e+02,1.063322991519366489e-02,nan,9.342256561219454991e-06,1.528399792880902375e+01,1.000000000000000000e+00
1.635000000000000000e+03,5.494920587646671351e+01,2.366094619746419880e+01,-1.219638010422082353e-03,3.431721351833102318e+01,2.811184918413875966e-01,nan,6.812182379893512508e-06,1.195415776164899135e+01,1.000000000000000000e+00
1.636000000000000000e+03,9.711787300015804192e+01,4.920225213143048393e+01,-9.353393325857918550e-03,2.795788717398993981e+02,1.346025036147568965e-02,nan,1.350754625293318077e-05,6.300842154837096309e+00,1.000000000000000000e+00
1.637000000000000000e+03,7.159739505339798882e+01,3.219236042940396203e+01,-9.099988126340970498e-03,2.719378034970980025e+02,9.686948303017639539e-03,nan,7.971910191584862781e-06,1.870687658771062800e+01,1.000000000000000000e+00
1.637000000000000000e+03,1.400257561658185637e+02,4.401702356963546947e+01,-1.466310917648573631e-02,4.396856937067394142e+02,4.946477667857163141e-03,nan,1.318858069159730198e-05,4.130869710081501722e+01,1.000000000000000000e+00
1.637000000000000000e+03,7.736235320842982333e+01,5.135615145906113099e+01,-1.220341072115868186e-03,3.433841332950837000e+01,2.871188760855022393e-01,nan,6.672607246427426054e-06,1.987259028297350838e+01,1.000000000000000000e+00
1.638000000000000000e+03,8.937753720523068068e+01,1.045670134530859308e+01,-1.228727340882020732e-03,3.459128916657405739e+01,2.931209872270021943e-01,nan,7.528457826103221246e-06,1.691809136383632861e+01,1.000000000000000000e+00
1.640000000000000000e+03,4.988184181717993937e+01,1.283395634427594167e+01,-8.578521357963823923e-03,2.562137253364349476e+02,1.480345644477532030e-02,nan,1.041930818763031075e-05,1.195415776164899135e+01,1.000000000000000000e+00
1.641000000000000000e+03,8.156044630120753425e+00,5.341310799400092790e+00,-7.630134402858275607e-03,2.276164847969428706e+02,2.016307463044575421e-02,nan,1.184746838702624220e-05,4.239318209519950642e+01,1.000000000000000000e+00
1.641000000000000000e+03,9.872701046224611332e+01,4.311034861214548641e+01,-9.113625843396769288e-03,2.723490291818827131e+02,1.406212785403304633e-02,nan,1.294082283324069116e-05,6.300842154837096309e+00,1.000000000000000000e+00
1.643000000000000000e+03,7.995888313797871660e+01,2.451055387607578595e+01,-8.083060122626963689e-03,2.412738065104265957e+02,1.214549804069153804e-02,nan,8.671533438717054330e-06,1.526120336585232096e+01,1.000000000000000000e+00
1.647000000000000000e+03,8.963337228610957652e+01,3.631345978507126659e+01,-1.177108358884485992e-03,3.303479322718934696e+01,3.482581436876374115e-01,nan,8.788035048467671083e-06,1.526120336585232096e+01,1.000000000000000000e+00
1.649000000000000000e+03,8.732708361364534255e+01,1.702944406372769137e+01,-8.005560956950793020e-03,2.389369309655656082e+02,1.629463055547986094e-02,nan,1.047375740636342654e-05,1.942143737682057036e+01,1.000000000000000000e+00
1.649000000000000000e+03,5.017141190466549716e+01,3.753799816192110228e+01,-1.305284460528693827e-03,3.689975867236025664e+01,3.098073281240041332e-01,nan,8.660327227622450306e-06,1.404368126870097555e+01,1.000000000000000000e+00
1.652000000000000000e+03,6.017552331090105611e+01,4.739409975172273448e+01,-1.361621824774631329e-03,3.859853062196257412e+01,2.846730199685165719e-01,nan,8.345791316976414734e-06,1.404368126870097555e+01,1.000000000000000000e+00
1.659000000000000000e+03,6.275199106046262187e+01,9.749845563987571850e+00,-7.769084388471098057e-03,2.318063211713651697e+02,2.059583066868941881e-02,nan,1.215840767324400024e-05,2.232673925314922769e+01,1.000000000000000000e+00
1.659000000000000000e+03,1.367960959451529561e+02,3.792884512198231306e+01,-1.383011954403572628e-03,3.924351912467945880e+01,3.220842047874264980e-01,nan,1.017967328955041652e-05,6.585819091578237305e+00,1.000000000000000000e+00
1.660000000000000000e+03,4.850464849789372579e+01,3.359859356743421444e+01,-1.125945358253600771e-03,3.149204674814190597e+01,3.353107654934552873e-01,nan,8.575124438451223972e-06,2.405122009296276886e+01,1.000000000000000000e+00
1.662000000000000000e+03,7.227645173073629792e+01,2.994311014945082405e+01,-1.265411207214619952e-03,3.569743823767253588e+01,3.013729350901516169e-01,nan,8.107380096898925877e-06,2.232673925314922769e+01,1.000000000000000000e+00
1.665000000000000000e+03,9.420195076324995753e+00,1.323026777505139329e+01,-1.219876806126578847e-03,3.432441405832634729e+01,3.251973406895614094e-01,nan,8.243739581236609186e-06,3.163935446313962530e+01,1.000000000000000000e+00
1.669000000000000000e+03,1.088297976801244715e+01,4.483578963104925208e+01,-7.466695849224465678e-03,2.226882309797311166e+02,1.877547247399069530e-02,nan,1.032266203817558486e-05,2.373917099033547018e+01,1.000000000000000000e+00
1.670000000000000000e+03,1.402004273210773704e+02,2.077420521272554765e+01,1.280303192984244467e-03,-3.614648458618251681e+01,3.473061611284751216e-01,nan,1.004050198967500242e-05,8.091526711824587892e+01,1.000000000000000000e+00
1.671000000000000000e+03,6.178241305246097426e+01,4.072152310221034099e+01,-1.189686841343730274e-03,3.341407922070953163e+01,3.049943789593074772e-01,nan,7.699008360723399321e-06,1.028581514373786554e+01,1.000000000000000000e+00
1.673000000000000000e+03,3.146359913520052487e+01,3.300420707539305454e+01,-9.337229958460676119e-03,2.790914887124349661e+02,1.669519765266913591e-02,nan,1.590708832407085443e-05,2.373917099033547018e+01,1.000000000000000000e+00
1.676000000000000000e+03,6.511812356480501762e+01,3.099161927180252718e+01,-1.430375705774838751e-03,4.067170472289453187e+01,2.735304248129033500e-01,nan,8.549754650533842831e-06,1.028581514373786554e+01,1.000000000000000000e+00
1.681000000000000000e+03,1.261551596687745445e+02,2.599509529466772761e+01,-1.202155640020775851e-03,3.379005785800140416e+01,3.026928404980774312e-01,nan,7.057360936442119157e-06,4.104456708665974674e+01,1.000000000000000000e+00
1.684000000000000000e+03,9.282959159889563239e+01,4.995470714776708832e+01,-1.343327884024053459e-03,3.804690322847815764e+01,3.198731833427719273e-01,nan,9.916021641068736359e-06,3.305852757467795300e+01,1.000000000000000000e+00
1.687000000000000000e+03,8.820170872989679367e+01,1.722171239390184638e+01,-8.059251134671097105e-03,2.405558808241754605e+02,2.292944111891270786e-02,nan,1.433389216639039987e-05,2.549853096638728189e+01,1.000000000000000000e+00
1.688000000000000000e+03,1.332935348619488423e+02,2.843008582059465539e+01,-8.084362833812357152e-03,2.413130878870014726e+02,1.713243563923416701e-02,nan,1.123427097563605696e-05,1.051947341795015411e+01,1.000000000000000000e+00
1.689000000000000000e+03,1.995916388188217638e+01,5.000142374668562439e+01,-8.182630785666798745e-03,2.442762162191409061e+02,1.439742455830406165e-02,nan,1.044763941028992514e-05,5.078550951130107194e+01,1.000000000000000000e+00
1.689000000000000000e+03,1.321666066923787923e+02,1.797114926415693148e+01,-1.310720709532425896e-03,3.706368091902907480e+01,3.217705541721176399e-01,nan,9.305220019295463047e-06,1.051947341795015411e+01,1.000000000000000000e+00
1.694000000000000000e+03,4.623232129231001863e+01,6.540071075498177677e+00,-7.843900056442955349e-03,2.340622797140212867e+02,1.627829787414913909e-02,nan,1.027321442827305334e-05,5.078550951130107194e+01,1.000000000000000000e+00
1.695000000000000000e+03,1.265811122851610548e+02,2.775545023069370032e+01,-1.422644011698360631e-03,4.043856664134194290e+01,2.695993295372047793e-01,nan,7.762348759771946593e-06,1.694169319650661620e+01,1.000000000000000000e+00
1.696000000000000000e+03,1.402595262599991770e+02,1.775935301740531713e+01,-8.135927834746359971e-03,2.428679561052855149e+02,1.821722098768907561e-02,nan,1.150826478154479088e-05,1.694169319650661620e+01,1.000000000000000000e+00
1.698000000000000000e+03,9.110033927482125193e+01,3.810806344551404123e+01,-1.138750064305188566e-03,3.187815418775129217e+01,3.675628631621197240e-01,nan,9.187222587380947756e-06,3.696027399501971189e+01,1.000000000000000000e+00
1.701000000000000000e+03,2.164116595400806631e+01,2.109490987329422040e+01,-7.894070029405389141e-03,2.355750828762145943e+02,2.604690857457558906e-02,nan,1.613288089377857255e-05,1.504448517935178842e+01,1.000000000000000000e+00
1.704000000000000000e+03,3.514703689625733318e+01,1.446709089545222326e+01,-8.079309730763366282e-03,2.411607188538922344e+02,1.637355178936816813e-02,nan,1.091692525814764162e-05,1.504448517935178842e+01,1.000000000000000000e+00
1.708000000000000000e+03,7.398796687364455238e+01,3.444648725280981694e+01,-9.027788937344063611e-03,2.697607411035405107e+02,1.326435509818513214e-02,nan,1.221960315101908870e-05,3.018382386395177264e+01,1.000000000000000000e+00
1.708000000000000000e+03,9.770924548022895451e+00,3.869421594075458160e+01,-1.115165903892116530e-03,3.116700785172906407e+01,3.491237029353061461e-01,nan,7.914106820959857660e-06,1.370162874537897757e+01,1.000000000000000000e+00
1.710000000000000000e+03,6.188776475154853074e+01,6.794211909639815694e+00,-8.131581641237254840e-03,2.427369029096021507e+02,1.898384248574525035e-02,nan,1.273044798515888391e-05,3.018382386395177264e+01,1.000000000000000000e+00
1.711000000000000000e+03,2.588890986713524001e+01,6.131894546099484700e+00,-7.559920799932292636e-03,2.254992948870550151e+02,1.724536273338761472e-02,nan,1.001754663137159555e-05,2.270588326507966315e+01,1.000000000000000000e+00
1.714000000000000000e+03,9.069689472679530695e+01,3.906305155899541859e+01,-1.187782960082298675e-03,3.335667042770717217e+01,3.076560045298193380e-01,nan,7.191509695039360567e-06,4.325787769004030281e+01,1.000000000000000000e+00
1.715000000000000000e+03,1.392548648585276965e+02,4.138585993179559352e+01,-8.063511734202020997e-03,2.406843530569200880e+02,1.696903981714670273e-02,nan,1.158959155928466273e-05,2.155203426301610747e+01,1.000000000000000000e+00
1.722000000000000000e+03,8.582251831918554785e+01,2.362983609003886443e+01,-1.264874780969950634e-03,3.568126307808400810e+01,2.425101913800428166e-01,nan,6.050441820801111266e-06,3.511696548321463496e+01,1.000000000000000000e+00
1.724000000000000000e+03,5.099097543905805452e+01,2.809804438186321107e+01,-1.309699338051966517e-03,3.703288293541106668e+01,2.916113989010058472e-01,nan,7.893878387312114258e-06,9.692255180957729976e+00,1.000000000000000000e+00
1.727000000000000000e+03,2.886891800262552721e+01,3.511540918600964289e+01,-1.187711280962615518e-03,3.335450904725355059e+01,3.029174245531364162e-01,nan,6.907184914050357623e-06,2.302290092386084908e+01,1.000000000000000000e+00
1.727000000000000000e+03,1.336080739924659611e+02,4.494040942884569745e+01,-1.033061780113971517e-03,2.869127643816640827e+01,3.367027466528612623e-01,nan,6.265153293152391857e-06,4.325637450169233489e+01,1.000000000000000000e+00
1.733000000000000000e+03,2.484541286276389016e+01,1.510709749994662054e+01,9.214390933665928029e-04,-2.532545534014855448e+01,3.457908716371225211e-01,nan,5.183337357650449179e-06,7.853491595209465004e+01,1.000000000000000000e+00
1.738000000000000000e+03,1.034523383440490960e+02,1.810297706581802757e+01,-1.206298711814209317e-03,3.391498621136115332e+01,3.431609011631131523e-01,nan,8.900817000837762404e-06,2.680297802386537498e+01,1.000000000000000000e+00
1.738000000000000000e+03,1.098005038526310813e+02,4.414333853841399247e+01,-9.190385902441063418e-03,2.746636180324548491e+02,1.154225228738980924e-02,nan,1.171320006490467879e-05,2.680297802386537498e+01,1.000000000000000000e+00
1.745000000000000000e+03,7.294020915593532095e+01,4.251089032391495692e+01,-8.280924058892391235e-03,2.472401080807001961e+02,1.559328125784487096e-02,nan,1.188269276541111980e-05,2.058235475278913285e+01,1.000000000000000000e+00
1.749000000000000000e+03,1.179109813963789009e+02,3.271658263878599371e+01,-1.170363208101063510e-03,3.283140293550486888e+01,3.008709503976695343e-01,nan,6.676083872427750222e-06,4.602498037949420961e+01,1.000000000000000000e+00
1.754000000000000000e+03,1.155476141436591497e+01,3.890756354586591925e+01,-1.033056172172338747e-03,2.869110733877618458e+01,3.445484345716759433e-01,nan,6.836233060713045828e-06,4.930019739195344641e+01,1.000000000000000000e+00
1.755000000000000000e+03,8.058689021905288996e+01,5.038610756816032321e+00,-7.010651732636406959e-03,2.089368785085897855e+02,2.535527013502747451e-02,nan,1.241353391675391398e-05,3.250462134776040557e+01,1.000000000000000000e+00
1.755000000000000000e+03,1.363911468873531021e+02,1.924158672402819903e+01,-1.309105918609674733e-03,3.701498922816354309e+01,2.749737385065534889e-01,nan,7.336758681853960975e-06,3.189916364311257979e+01,1.000000000000000000e+00
1.758000000000000000e+03,1.351450708724025276e+02,5.111640336185437405e+01,-7.688755676456958399e-03,2.293841247384331439e+02,1.573568806186620428e-02,nan,8.969200281838949810e-06,2.509558816614459076e+01,1.000000000000000000e+00
1.763000000000000000e+03,2.451459085809955951e+01,5.008596819607256379e+01,-9.418903838188642796e-03,2.815542467373112459e+02,1.643558269239164815e-02,nan,1.552389695997006725e-05,3.532557423861741341e+01,1.000000000000000000e+00
1.765000000000000000e+03,1.808110660892004518e+01,1.263648830281634261e+01,-8.710699965763872218e-03,2.601993805809364062e+02,1.034941355779250838e-02,nan,8.748855448369640477e-06,1.747853733762308792e+01,1.000000000000000000e+00
1.765000000000000000e+03,3.514979660660895178e+01,1.639934482751656120e+01,-1.299595725645326990e-03,3.672822307821352439e+01,2.777943736772452432e-01,nan,7.682386452851282412e-06,1.747853733762308792e+01,1.000000000000000000e+00
1.765000000000000000e+03,8.724390886401677392e+01,1.953807980503221486e+01,-1.109136787058256825e-03,3.098520853088180971e+01,3.718012859594802544e-01,nan,8.757746451242743620e-06,3.405939882967078347e+01,1.000000000000000000e+00
1.766000000000000000e+03,6.145616243687690172e+01,4.178745693896821933e+01,-1.331104394594653231e-03,3.767832153767918157e+01,2.795868301634737429e-01,nan,7.624999107286097331e-06,3.405939882967078347e+01,1.000000000000000000e+00
1.768000000000000000e+03,1.272481491019041755e+02,7.136226847038524390e+00,-7.089876447221997446e-03,2.113257854916309100e+02,1.403957181985981961e-02,nan,6.956839045993396965e-06,2.478906281932308886e+01,1.000000000000000000e+00
1.772000000000000000e+03,5.689412467734050693e+01,3.785323695840224900e+01,-8.533697665490901779e-03,2.548621315501478648e+02,1.586477869766622639e-02,nan,1.209520577663099172e-05,1.073691028252919466e+01,1.000000000000000000e+00
1.772000000000000000e+03,1.242039210772530424e+02,4.276191851279148182e+01,-1.730729506272227561e-02,5.194173047466875914e+02,4.140701718084893734e-03,nan,1.452112900706675685e-05,2.795445712890844447e+01,1.000000000000000000e+00
1.772000000000000000e+03,6.661206883913186516e+01,3.328784500552608705e+01,-1.438989675421090044e-03,4.093144655153062672e+01,2.605545313654054063e-01,nan,8.038706064787874239e-06,1.073691028252919466e+01,1.000000000000000000e+00
1.773000000000000000e+03,7.154150174096213277e+01,4.597690598252793848e+01,-1.490407196347508364e-03,4.248186772293266245e+01,2.715967408816586381e-01,nan,9.321970231041764625e-06,1.361291949626228970e+01,1.000000000000000000e+00
1.774000000000000000e+03,3.304271159257916679e+01,1.772710082493433603e+01,-1.168003818073977840e-03,3.276025893276651146e+01,3.450443871197833579e-01,nan,8.706457535431224687e-06,3.120819222260089987e+01,1.000000000000000000e+00
1.776000000000000000e+03,9.786410067647388189e+01,3.339893102873074326e+01,-1.673601456848120570e-03,4.800582638219884046e+01,2.745265271943575502e-01,nan,1.205640554375255720e-05,2.795445712890844447e+01,1.000000000000000000e+00
1.779000000000000000e+03,1.268727851716659103e+02,6.295846838237625143e+00,-1.164865137883731080e-03,3.266561655931986508e+01,3.668482093148217604e-01,nan,9.326584912451327210e-06,1.633997125978313747e+01,1.000000000000000000e+00
1.779000000000000000e+03,1.323685184766379166e+02,2.168388037768510301e+01,-1.573478876952552575e-03,4.498677441686533029e+01,2.744375215424862402e-01,nan,1.042369599732906682e-05,1.633997125978313747e+01,1.000000000000000000e+00
1.785000000000000000e+03,4.630794618299060517e+01,1.256743951691808547e+01,-1.380823075001353858e-02,4.139080679578411832e+02,6.399354047529559608e-03,nan,1.463591909827189033e-05,2.664552698613087856e+01,1.000000000000000000e+00
1.786000000000000000e+03,1.566334062315877951e+01,4.380968368554107428e+01,-1.597236725015305919e-02,4.791644822533085062e+02,5.629010526050248764e-03,nan,1.590449825435963807e-05,1.262446924321819708e+01,1.000000000000000000e+00
1.786000000000000000e+03,7.033728093672469583e+01,4.764432857304409197e+01,-8.344157345133561970e-03,2.491468166103846897e+02,1.121348032058055999e-02,nan,8.388116760596303590e-06,1.608395673895264366e+01,1.000000000000000000e+00
1.787000000000000000e+03,7.604985177840831057e+01,3.260903014703184510e+01,-9.503797295539122281e-03,2.841140864810059270e+02,1.148027713814914197e-02,nan,1.015432662540501795e-05,1.608395673895264366e+01,1.000000000000000000e+00
1.787000000000000000e+03,1.401590074201598100e+02,4.103827699682676666e+01,-1.619010201653621472e-02,4.857299600411975575e+02,4.218544673080137919e-03,nan,1.369448449630884050e-05,5.083811273243085793e+01,1.000000000000000000e+00
1.789000000000000000e+03,1.896823474721308855e+01,3.162547675600505670e+01,-1.430929728063547006e-02,4.290170063772751519e+02,1.011414957860020669e-01,nan,2.289084109008155407e-04,1.262446924321819708e+01,1.000000000000000000e+00
1.794000000000000000e+03,1.035985769643622660e+02,1.395426918200466737e+01,-8.183026736849461150e-03,2.442881555558763864e+02,1.658024009158409751e-02,nan,1.099537065973559494e-05,1.805776043588706870e+01,1.000000000000000000e+00
1.794000000000000000e+03,6.575655231800881495e+01,2.911556074726736298e+01,-1.305722259127107838e-03,3.691295985755085951e+01,3.266067408003985317e-01,nan,9.239825974686313972e-06,5.664016309295387686e+00,1.000000000000000000e+00
1.795000000000000000e+03,9.811407423236277126e+00,5.072002208997582073e+01,-1.088405059140813095e-03,3.036007318200044480e+01,3.741141133784816608e-01,nan,8.423161013497257484e-06,5.997175991419359775e+01,1.000000000000000000e+00
1.796000000000000000e+03,1.214514414202999149e+02,1.666682197924317421e+01,-8.679672593383449403e-03,2.592637949252135741e+02,1.323975618235995189e-02,nan,1.041332577031023512e-05,1.805776043588706870e+01,1.000000000000000000e+00
1.796000000000000000e+03,7.626586113206282391e+01,2.062484078169977764e+01,-1.416762171298077081e-03,4.026120822889615880e+01,2.978660755809149352e-01,nan,1.034330627211759572e-05,1.268853196695618557e+01,1.000000000000000000e+00
1.796000000000000000e+03,7.063402357297005096e+01,3.199503203710357369e+01,-1.310257196952744263e-03,3.704970436582694759e+01,3.538616127565130665e-01,nan,1.125164699167841058e-05,5.664016309295387686e+00,1.000000000000000000e+00
1.803000000000000000e+03,3.157961384806968752e+01,4.956328856869922816e+01,-6.756673804646213741e-03,2.012785404648647614e+02,1.832051825071712159e-02,nan,7.997064567098786865e-06,2.132150775094455142e+01,1.000000000000000000e+00
1.807000000000000000e+03,4.865314067100721118e+00,1.323283309266878938e+01,-7.831541764798334929e-03,2.336896332568807395e+02,2.507462805143434448e-02,nan,1.553566167849286674e-05,3.161885436706059593e+01,1.000000000000000000e+00
1.807000000000000000e+03,3.267952698023194813e+01,2.827017034061235279e+01,-1.454606893184476899e-03,4.140236122463207380e+01,2.851856199449908091e-01,nan,9.541200843224512018e-06,2.024294097637428180e+01,1.000000000000000000e+00
1.808000000000000000e+03,6.558551078268263268e+01,4.939465658161656592e+01,-1.609527980907051944e-02,4.828707331604563251e+02,5.086112913450624440e-03,nan,1.415450936827784953e-05,2.735765370366188876e+01,1.000000000000000000e+00
1.808000000000000000e+03,8.327199879364660262e+01,1.920470223903551954e+01,-1.317063685905159537e-03,3.725494422151428608e+01,3.624114996385673360e-01,nan,1.226689018530739556e-05,2.126156380488099273e+01,1.000000000000000000e+00
1.811000000000000000e+03,3.555462570559971880e+01,4.830789642648251458e+01,-9.932844259928389711e-04,2.749184770530284183e+01,3.480367180642436331e-01,nan,6.066504038278029138e-06,2.024294097637428180e+01,1.000000000000000000e+00
1.813000000000000000e+03,1.187783531985591026e+02,1.303457022117224540e+01,-9.313818406909797273e-03,2.783855471476559842e+02,1.227207109279193631e-02,nan,1.106126624903246947e-05,1.656349897682054007e+01,1.000000000000000000e+00
1.814000000000000000e+03,1.065546334037587002e+02,2.421178690214161477e+01,-1.233675213277675084e-03,3.474048512113196097e+01,3.070314277309026396e-01,nan,7.618666788293296821e-06,1.656349897682054007e+01,1.000000000000000000e+00
1.815000000000000000e+03,7.738799260592868734e+01,2.216235299745323317e+01,-7.480764847176322140e-03,2.231124613177940148e+02,1.629029321160413435e-02,nan,9.195892040923611761e-06,1.316126758481703796e+01,1.000000000000000000e+00
1.816000000000000000e+03,1.422831706445320492e+02,4.190575121897686017e+01,-8.139968068476851823e-03,2.429897835252059508e+02,1.924642014380850696e-02,nan,1.274286284436665590e-05,7.048566637443441252e+00,1.000000000000000000e+00
1.816000000000000000e+03,5.687529610173724137e+01,4.120816417633669460e+01,-1.423060702263419372e-03,4.045113134423602474e+01,2.712570235488757087e-01,nan,8.566751531076410332e-06,1.605700008828458891e+01,1.000000000000000000e+00
1.819000000000000000e+03,1.318458898144544946e+02,4.369445396595403253e+01,-9.194746997271501660e-03,2.747951205559871823e+02,1.294343671333175738e-02,nan,1.139742544973539466e-05,3.704590460022335385e+00,1.000000000000000000e+00
1.819000000000000000e+03,6.540414962387259834e+01,2.760353594058064886e+01,-1.245604341334284604e-03,3.510019076936423232e+01,3.326577458078460170e-01,nan,8.915323223485609991e-06,1.316126758481703796e+01,1.000000000000000000e+00
1.820000000000000000e+03,1.220259973528313822e+02,2.850449248955094461e+01,-1.203295070870257421e-03,3.382441575158622271e+01,3.098036663799842438e-01,nan,7.027315740258782504e-06,1.808770902056012986e+01,1.000000000000000000e+00
1.823000000000000000e+03,7.482898506077141576e+01,4.105498465152300724e+01,-1.423686112665398674e-03,4.046998969272449642e+01,3.258768756503971353e-01,nan,1.107742861498569632e-05,5.695074448990563809e+00,1.000000000000000000e+00
1.824000000000000000e+03,1.025735962706373101e+02,3.981693597110063365e+01,-9.134737909173908446e-03,2.729856330702684204e+02,1.287830842201831416e-02,nan,1.083182423964519319e-05,2.023264289952518880e+01,1.000000000000000000e+00
1.827000000000000000e+03,7.284882512721657122e+01,3.276975678873876774e+01,-1.217403973145201072e-03,3.424984934694798966e+01,3.048757117324740751e-01,nan,7.421428907542438777e-06,8.518569956319677061e+00,1.000000000000000000e+00
1.828000000000000000e+03,7.521745840276385309e+01,4.673679434933112731e+01,-1.384804156902984208e-03,3.929756040571484021e+01,2.610745800297645802e-01,nan,7.509998854106989963e-06,5.695074448990563809e+00,1.000000000000000000e+00
1.829000000000000000e+03,8.560859421708128991e+01,1.551491075763236793e+01,-8.649706500748232871e-03,2.583602106292628378e+02,1.600606477405308592e-02,nan,1.070073212104551261e-05,4.752531049520348105e+00,1.000000000000000000e+00
1.829000000000000000e+03,8.332585458144319546e+01,3.358120998563864390e+01,-1.891055389778542551e-03,5.456283604243586893e+01,1.905639811732476874e-01,nan,8.700169373682013895e-06,1.050840627666685023e+01,1.000000000000000000e+00
1.830000000000000000e+03,1.113479594189942787e+02,9.246164863114332277e+00,-7.087762279054018663e-03,2.112620358003101160e+02,2.001951052879069604e-02,nan,1.110426988463798792e-05,2.649173637358423505e+01,1.000000000000000000e+00
1.835000000000000000e+03,7.262727567250365723e+01,2.856486186690066020e+01,-1.070196108931996924e-03,2.981100855570009855e+01,3.747597667242628106e-01,nan,8.310266492851276450e-06,2.003384826468027669e+01,1.000000000000000000e+00
1.839000000000000000e+03,6.784552283887622082e+01,9.110044568084180838e+00,-1.232599055881751504e-03,3.470803514726433292e+01,3.181606771252331045e-01,nan,8.266533996636246724e-06,2.003384826468027669e+01,1.000000000000000000e+00
1.841000000000000000e+03,1.198320244139441542e+02,4.199666018670682632e+01,-1.443235308442619930e-03,4.105946749077434532e+01,2.689127615118663828e-01,nan,8.457500649474297840e-06,1.427035973867997498e+01,1.000000000000000000e+00
1.841000000000000000e+03,2.082208270254790961e+01,5.100331151643753458e+01,-1.515715511964631657e-03,4.324500347196003247e+01,2.845104862843064186e-01,nan,1.023907267549053035e-05,1.780874514602867364e+01,1.000000000000000000e+00
1.842000000000000000e+03,1.003747393052626791e+02,4.517094215945765256e+01,-8.619209710140752698e-03,2.574406239015145843e+02,1.371620039090548637e-02,nan,1.074444876736904757e-05,1.971451267069639712e+01,1.000000000000000000e+00
1.843000000000000000e+03,2.821368313370642866e+01,3.480097690866273297e+01,-1.268369964044694645e-03,3.578665528174089161e+01,3.397431456189371479e-01,nan,9.900138069887818654e-06,1.780874514602867364e+01,1.000000000000000000e+00
1.845000000000000000e+03,1.117808760011519666e+02,1.067037030025834632e+01,-1.180781796142291954e-03,3.314556042859662455e+01,3.616982199931417785e-01,nan,9.557802179868395712e-06,1.710665522403512639e+01,1.000000000000000000e+00
1.846000000000000000e+03,9.527374921385161599e+01,1.515951478245086292e+01,-1.609160405220021184e-02,4.827598960144802049e+02,3.906154660521798938e-03,nan,1.111492165546198741e-05,1.710665522403512639e+01,1.000000000000000000e+00
1.848000000000000000e+03,4.922530963315133334e+01,1.953318670075885777e+01,-6.598381146217324224e-03,1.965054536943673611e+02,1.885610777710589048e-02,nan,7.982622238858831282e-06,2.473115840814279309e+01,1.000000000000000000e+00
1.849000000000000000e+03,1.418362949284242802e+02,4.884438332680401373e+01,-8.074236631725481214e-03,2.410077468705831052e+02,2.085310514598281983e-02,nan,1.359279669053653456e-05,4.858583618138846560e+01,1.000000000000000000e+00
1.851000000000000000e+03,9.167087423266399071e+01,4.177084617080721785e+01,-1.012050305493444142e-03,2.805770573100101473e+01,3.720006586740409738e-01,nan,7.362292356435838706e-06,2.685411823894033390e+01,1.000000000000000000e+00
1.853000000000000000e+03,2.379831150840678333e+01,2.338425625866890201e+01,-9.036132781290643831e-03,2.700123376813717186e+02,1.431315368834540358e-02,nan,1.324826683075708569e-05,2.012897603112539002e+01,1.000000000000000000e+00
1.856000000000000000e+03,1.349556368182581423e+02,1.286597495477321473e+01,-2.111163204341432766e-03,6.119986967495389507e+01,1.556602936243731694e-01,nan,8.351314941573685118e-06,4.423329940761168189e+01,1.000000000000000000e+00
1.857000000000000000e+03,4.196191752640531547e+01,1.470905640595381314e+01,-1.231256442293301827e-03,3.466755057128636253e+01,3.618122054785951613e-01,nan,1.087274693405182264e-05,2.012897603112539002e+01,1.000000000000000000e+00
1.860000000000000000e+03,1.040843070492408344e+02,4.454476556893659023e+01,-8.065618534241991017e-03,2.407478805729696205e+02,1.378856357891300455e-02,nan,1.109383179347211839e-05,4.197382783993491273e+01,1.000000000000000000e+00
1.863000000000000000e+03,7.518506872967226684e+01,1.410406504997226484e+01,-9.394467079947500104e-03,2.808173915436950665e+02,1.144394855608354966e-02,nan,1.148102187418593665e-05,2.860885872711971700e+01,1.000000000000000000e+00
1.869000000000000000e+03,1.416792723550344704e+02,3.246606420050385111e+01,-1.593240981589583811e-03,4.558267217445194319e+01,2.058637187477979635e-01,nan,7.168527568189270472e-06,1.960307580113535408e+01,1.000000000000000000e+00
1.869000000000000000e+03,1.252018535621709105e+02,4.308563343798449807e+01,-1.186925515689376751e-03,3.333081542894151283e+01,3.663847199171440527e-01,nan,9.847430395173386141e-06,1.960307580113535408e+01,1.000000000000000000e+00
1.873000000000000000e+03,5.119566713243458622e+01,7.860468371994369541e+00,-7.037261590081598552e-03,2.097392603739087349e+02,2.306074843010452735e-02,nan,1.156109438874096718e-05,2.293864144905119318e+01,1.000000000000000000e+00
1.876000000000000000e+03,1.936567581495690860e+01,3.859829927376122782e+01,-8.518734626119075018e-03,2.544109426827616005e+02,1.592295544518218531e-02,nan,1.226287338847399240e-05,1.051145527413458147e+01,1.000000000000000000e+00
1.879000000000000000e+03,3.221112831474470539e+01,4.846111270086132095e+01,-7.529419299359365290e-03,2.245795661370930532e+02,1.768149360919402113e-02,nan,1.079980711319724961e-05,1.619508377940942978e+01,1.000000000000000000e+00
1.891000000000000000e+03,1.859281215941269494e+01,1.690097154855772743e+01,-7.397496634353103832e-03,2.206016284783290473e+02,1.913153154207014595e-02,nan,1.111944774423567440e-05,7.525988885612872714e+00,1.000000000000000000e+00
1.893000000000000000e+03,7.080247378987162676e+01,1.679480572519066328e+01,-7.763602215669681422e-03,2.316410141588243619e+02,1.734684934650498889e-02,nan,1.151657007639005133e-05,3.064302946862713384e+01,1.000000000000000000e+00
1.895000000000000000e+03,1.642172024313854806e+01,3.004700732321450829e+01,-8.613581781788998484e-03,2.572709218406124023e+02,1.537260623931213654e-02,nan,1.138803040642828403e-05,1.332410960242622799e+01,1.000000000000000000e+00
1.897000000000000000e+03,1.355021063305300970e+02,2.991641052431440073e+01,-1.120363891792573903e-03,3.132374567853121050e+01,3.682902357273409866e-01,nan,8.622929510531069923e-06,9.659658276943330790e+00,1.000000000000000000e+00
1.897000000000000000e+03,4.528262932053776524e+01,4.479682977775524222e+01,1.174488706679777854e-03,-3.295580139392492924e+01,3.520297826782622375e-01,nan,8.985241564474240583e-06,2.730344822325410092e+01,1.000000000000000000e+00
1.901000000000000000e+03,1.262999256028325732e+02,2.697891705502598825e+01,-6.130443489023165889e-03,1.823954686632273479e+02,2.659028922094530678e-02,nan,1.010099500597114352e-05,9.659658276943330790e+00,1.000000000000000000e+00
1.902000000000000000e+03,1.066542142727650244e+01,3.620936532578085121e+01,-1.225871350432264925e-03,3.450517089445899188e+01,3.657073959175008993e-01,nan,1.053420280102622602e-05,3.007301872215072791e+01,1.000000000000000000e+00
1.904000000000000000e+03,1.051380688712715852e+02,1.078430246912474821e+01,-8.098876954933427116e-03,2.417507402721214476e+02,1.419642159243406088e-02,nan,9.825009039940298287e-06,2.664750873745983739e+01,1.000000000000000000e+00
1.904000000000000000e+03,1.242190892154040824e+02,3.831705169542038192e+01,-8.173933231550542175e-03,2.440139540213862688e+02,1.349499792787534069e-02,nan,1.058026883742840860e-05,7.475595491169167772e+00,1.000000000000000000e+00
1.907000000000000000e+03,1.764117516021766363e+01,6.956582297149444649e+00,-8.839090471472799138e-03,2.640708110713911765e+02,1.503294710022029523e-02,nan,1.164178991909142665e-05,2.814774291231323389e+01,1.000000000000000000e+00
1.907000000000000000e+03,6.000480991785477158e+01,2.418978254800192573e+01,-1.722863239293826593e-02,5.170453454138627194e+02,4.079569753278167177e-03,nan,1.267321862567918931e-05,2.271218093854374231e+01,1.000000000000000000e+00
1.908000000000000000e+03,1.399071661817412462e+02,5.142057796479667786e+01,-8.205774036701033586e-03,2.449740675688763076e+02,1.842395981724254117e-02,nan,1.242712348871937372e-05,1.428530232833653990e+01,1.000000000000000000e+00
1.909000000000000000e+03,2.008955839500357143e+01,4.988362391430682408e+01,-8.352155603289355967e-03,2.493879925472181469e+02,1.936832926922982256e-02,nan,1.416949064858959887e-05,4.179270475781797956e+01,1.000000000000000000e+00
1.912000000000000000e+03,9.291815080909677249e+01,4.014828199019144961e+01,-9.058646350206594686e-03,2.706912018751756364e+02,1.586801165988049878e-02,nan,1.313795245446566901e-05,1.551623180060865259e+01,1.000000000000000000e+00
1.913000000000000000e+03,6.021437974789572678e+01,3.819478811373920024e+01,-1.228247628585823169e-03,3.457682413428922530e+01,3.049211275483129091e-01,nan,7.749482771327913935e-06,3.276206312106713625e+01,1.000000000000000000e+00
1.916000000000000000e+03,1.029791354127679597e+02,5.196056534671954097e+01,-1.130122849594970879e-03,3.161801297331790650e+01,3.616486707663247868e-01,nan,8.713952160466246764e-06,1.551623180060865259e+01,1.000000000000000000e+00
1.920000000000000000e+03,1.159824537917682505e+02,4.339055865655711131e+01,-1.392390906146946401e-03,3.952632788493248484e+01,2.775462752974672265e-01,nan,8.197337801692957301e-06,1.217443254506639150e+01,1.000000000000000000e+00
1.922000000000000000e+03,3.661067190707730390e+01,1.573124691499186234e+01,-1.363450630499382513e-03,3.865367562045624084e+01,3.123307556873624602e-01,nan,9.950250896870978582e-06,1.830928960067468125e+01,1.000000000000000000e+00
1.922000000000000000e+03,3.923797270635635925e+01,3.385105310025448944e+01,-1.154179889721995483e-03,3.234341831496367803e+01,3.103619100986041435e-01,nan,6.768773582079306409e-06,1.830928960067468125e+01,1.000000000000000000e+00
1.924000000000000000e+03,1.097459271220876644e+02,6.101903105707188857e+00,-5.941866756650476290e-03,1.767092093291214212e+02,2.973782026884075336e-02,nan,1.054288112312460418e-05,2.538375211097519113e+01,1.000000000000000000e+00
1.924000000000000000e+03,1.275140219606085026e+02,4.729437004566929659e+01,-7.840034583765458781e-03,2.339457219615531471e+02,1.419993568435695686e-02,nan,8.273768783111227533e-06,1.217443254506639150e+01,1.000000000000000000e+00
1.929000000000000000e+03,8.534656419125748528e+01,1.881738523915455730e+01,-8.759719064890439388e-03,2.616774808027973904e+02,1.792841837965697405e-02,nan,1.513550517789172136e-05,9.893628670483058940e+00,1.000000000000000000e+00
1.931000000000000000e+03,9.188125865555974769e+01,1.138894956751939347e+01,-8.597286345507514083e-03,2.567795564664590415e+02,2.462598341161381654e-02,nan,1.863866462969222102e-05,9.893628670483058940e+00,1.000000000000000000e+00
1.933000000000000000e+03,5.712236884458946662e+01,3.877581696921965460e+01,-1.290693803126281500e-03,3.645979844608356046e+01,2.818798341613709679e-01,nan,7.304853941115229340e-06,1.276767475116285766e+01,1.000000000000000000e+00
1.934000000000000000e+03,9.781748012396982972e+01,3.884519020164280079e+01,-1.210565307227770386e-03,3.404363924129735608e+01,3.123421716390499814e-01,nan,7.579939958305441296e-06,2.359314976462971813e+01,1.000000000000000000e+00
1.935000000000000000e+03,3.137154633293790340e+01,1.960543537330172370e+01,-8.006952051662744735e-03,2.389788774198864871e+02,1.959696619919271132e-02,nan,1.236645328461379950e-05,2.288504815141059368e+01,1.000000000000000000e+00
1.935000000000000000e+03,5.314778233267546170e+01,2.664254945338564440e+01,-1.291012626041085094e-03,3.646941209116277349e+01,3.318948764606289847e-01,nan,9.598467578387816156e-06,1.276767475116285766e+01,1.000000000000000000e+00
1.936000000000000000e+03,1.268610896336370502e+02,2.886343623287257643e+01,-1.661449516636397464e-02,4.985269232676545244e+02,4.507467160514977422e-03,nan,1.378753370625234107e-05,1.124547822069598624e+01,1.000000000000000000e+00
1.940000000000000000e+03,7.918337708818835097e+01,4.136685621892109310e+01,-8.601537153484155318e-03,2.569077334490090152e+02,1.823820399291864458e-02,nan,1.398806416862807535e-05,2.991082419457683983e+01,1.000000000000000000e+00
1.940000000000000000e+03,1.191082182780881311e+02,2.071765412453842004e+01,-1.431144517800207088e-03,4.069488714047287914e+01,2.470123898618798997e-01,nan,7.277133468480487091e-06,1.124547822069598624e+01,1.000000000000000000e+00
1.948000000000000000e+03,8.465518060228524178e+01,2.584427701318628223e+01,-1.102852313390604352e-03,3.079570929307548255e+01,3.650250660826268589e-01,nan,8.315715330692487742e-06,4.357684203283460533e+01,1.000000000000000000e+00
1.950000000000000000e+03,1.357102627548598548e+02,4.797585585191536239e+01,-8.928232871960864112e-03,2.667587715661042580e+02,1.445952938430716816e-02,nan,1.194270669752003595e-05,2.712269611080029463e+01,1.000000000000000000e+00
1.953000000000000000e+03,1.280581141104754579e+02,2.195499373239542606e+01,-1.179869974474320521e-03,3.311806576154355497e+01,3.487915180865520659e-01,nan,8.696798704501068969e-06,2.355389607611728309e+01,1.000000000000000000e+00
1.956000000000000000e+03,1.146423963032582094e+01,1.821980098149859728e+01,-8.894811579089027462e-03,2.657510006913031475e+02,1.160078962280930437e-02,nan,9.412363687745039134e-06,3.399043942018687403e+01,1.000000000000000000e+00
1.958000000000000000e+03,1.280185442989341311e+02,4.550885657046399757e+01,-8.585744087713525000e-03,2.564315163329180223e+02,1.193956007630181393e-02,nan,8.803979561127441806e-06,2.120483315022751469e+01,1.000000000000000000e+00
1.959000000000000000e+03,5.042926723030317859e+00,5.159818788865745631e+01,-6.499187447420967483e-03,1.935144107986269262e+02,2.436255819961385960e-02,nan,1.029405213570101119e-05,3.264829557702699958e+01,1.000000000000000000e+00
1.960000000000000000e+03,1.031736384406985820e+02,8.448858452918715400e+00,-7.055347472616735685e-03,2.102846140720400570e+02,1.433951277898548593e-02,nan,7.147322560306375888e-06,2.831711305151983993e+01,1.000000000000000000e+00
1.961000000000000000e+03,7.123302356798552637e+01,3.038921281785249207e+01,-1.127212520592724577e-03,3.153025620053834643e+01,3.745534669718733056e-01,nan,9.418714092625305985e-06,5.668679876716280930e+00,1.000000000000000000e+00
1.964000000000000000e+03,1.139881084377298208e+02,4.401803484130664401e+01,-7.487788883958532669e-03,2.233242610144660887e+02,2.792029818645314077e-02,nan,1.562726333471354018e-05,3.134522483710363616e+01,1.000000000000000000e+00
1.964000000000000000e+03,6.485094418702966657e+00,1.547713118551566325e+01,-1.368010580449516810e-03,3.879117433326542397e+01,2.720244228343080550e-01,nan,7.651349360617793884e-06,3.614983520037160503e+01,1.000000000000000000e+00
1.967000000000000000e+03,1.089920685496191339e+02,1.307352473813995175e+01,-7.900563829085383016e-03,2.357708940379606588e+02,1.773280464314863636e-02,nan,1.128574763324611865e-05,3.134522483710363616e+01,1.000000000000000000e+00
1.970000000000000000e+03,9.275340825488527230e+01,4.180342499639235854e+01,-1.046985605270360801e-03,2.911112930000040322e+01,3.680252384920558173e-01,nan,7.548635674274507761e-06,3.300153416156433650e+01,1.000000000000000000e+00
1.974000000000000000e+03,4.159663296365096130e+01,2.824219127294555420e+01,-1.036310360863111667e-03,2.878923270442988169e+01,3.677233139707152265e-01,nan,7.284837027178669601e-06,1.678317046615181951e+01,1.000000000000000000e+00
1.980000000000000000e+03,1.150204838482525247e+02,4.704183967606923034e+01,-1.280416675288824141e-03,3.614990648137368368e+01,3.304712263166195152e-01,nan,9.271983010629881129e-06,3.369333242151158458e+01,1.000000000000000000e+00
1.981000000000000000e+03,2.518687142764471787e+01,2.605680062195418500e+01,-1.135004985422688548e-03,3.176522673649769857e+01,2.973554474103242695e-01,nan,6.241219680444926802e-06,1.295641375148528063e+01,1.000000000000000000e+00
1.982000000000000000e+03,9.299501354079154680e+01,7.243794144527245571e+00,-1.530674834751149550e-02,4.590937044299726040e+02,7.214898751930376442e-03,nan,1.974680388993103956e-05,2.176307320221264163e+01,1.000000000000000000e+00
1.984000000000000000e+03,3.940224439182885874e+01,2.577216464590723177e+01,-8.592924608223145508e-03,2.566480345706551702e+02,9.939592605939129299e-03,nan,7.298319447490997041e-06,1.421822232734168523e+01,1.000000000000000000e+00
1.985000000000000000e+03,1.377352076468705810e+01,1.992458373537549576e+01,-6.981365328747160363e-03,2.080537892462914726e+02,2.193071788941014510e-02,nan,1.080746456990329879e-05,1.295641375148528063e+01,1.000000000000000000e+00
1.989000000000000000e+03,5.318019030137047309e+01,7.081855357038323362e+00,-8.905755883707549420e-03,2.660810104094128405e+02,1.059216279467756205e-02,nan,9.158232504500459254e-06,2.321980738076511130e+01,1.000000000000000000e+00
1.990000000000000000e+03,1.276942355416293253e+02,2.005275717959223414e+01,-1.518223798449118856e-03,4.332063723258135468e+01,2.753807804467475195e-01,nan,9.590295543755278878e-06,1.497898971097199272e+01,1.000000000000000000e+00
1.990000000000000000e+03,1.554184624035845452e+01,4.425348547755650941e+01,-1.235193236840828514e-03,3.478625893186018914e+01,3.287389661110614592e-01,nan,8.604026518614319929e-06,1.060302188364698672e+01,1.000000000000000000e+00
1.990000000000000000e+03,3.763845438056123527e+01,4.148386027565000944e+01,-1.236504254360476507e-03,3.482579077396221834e+01,3.342409877445471356e-01,nan,9.115233140505493942e-06,2.226950639463550274e+01,1.000000000000000000e+00
1.993000000000000000e+03,1.153693957242547619e+01,3.443590962369916042e+01,-1.240698206540878732e-03,3.495225335199371841e+01,2.953631325943256725e-01,nan,7.068670742590730662e-06,1.060302188364698672e+01,1.000000000000000000e+00
1.994000000000000000e+03,2.171579713216122443e+01,4.895561388813578496e+00,-1.247421575544341429e-03,3.515498684552473208e+01,3.149035409942457786e-01,nan,8.045784057381907871e-06,1.479764057940726829e+01,1.000000000000000000e+00
1.998000000000000000e+03,1.311030950531394126e+02,2.464373215264233963e+01,-8.463246720727237229e-03,2.527377849395212763e+02,1.174629494019785447e-02,nan,9.106758973701336432e-06,1.585271997676421663e+01,1.000000000000000000e+00
1.999000000000000000e+03,3.644402923106767389e+01,6.327115075568786828e+00,-5.927976487279408395e-03,1.762903682935880454e+02,2.843516889932251601e-02,nan,1.006763343558814180e-05,1.479764057940726829e+01,1.000000000000000000e+00
2.004000000000000000e+03,1.033780940834502786e+02,3.671283750394321288e+01,-7.389213603972381167e-03,2.203518656458498981e+02,2.141509886607573243e-02,nan,1.184188947496143894e-05,1.125078236632481499e+01,1.000000000000000000e+00
2.004000000000000000e+03,4.076961646958500296e+01,4.067050541447465406e+01,-1.238384421284017363e-03,3.488248449531450746e+01,2.475176281934698963e-01,nan,5.560340780213797107e-06,3.461472468370183719e+01,1.000000000000000000e+00
2.005000000000000000e+03,1.193662202074983583e+02,3.949087283987166330e+01,-8.178609683108855818e-03,2.441549656721311976e+02,1.640210773412786871e-02,nan,1.092114938756091796e-05,1.622768182107770230e+01,1.000000000000000000e+00
2.005000000000000000e+03,6.793825570283821946e+01,1.675856348500667536e+01,-1.070260639589402669e-03,2.981295438458573344e+01,3.454571017362131347e-01,nan,6.935529790569869142e-06,1.392785475208441603e+01,1.000000000000000000e+00
2.006000000000000000e+03,1.216479682339055444e+02,1.316720592916985666e+01,-8.435859160190651088e-03,2.519119525593537503e+02,1.200546090055532034e-02,nan,9.548984303432967553e-06,2.642237335444320223e+01,1.000000000000000000e+00
2.009000000000000000e+03,9.266922648911214822e+01,4.016251266275745735e+01,-8.556668987942639068e-03,2.555547986414929653e+02,1.436515924198944472e-02,nan,1.019164130189998581e-05,1.125078236632481499e+01,1.000000000000000000e+00
2.010000000000000000e+03,7.768552878591560074e+00,4.695942838852498369e+01,-1.255355786231610949e-03,3.539423152333623079e+01,2.883255215094518986e-01,nan,7.296469131211719570e-06,6.732373562777632969e+01,1.000000000000000000e+00
2.016000000000000000e+03,5.159837662842664230e+01,1.986706651530090184e+01,-1.294051005759818893e-03,3.656103004857897787e+01,2.910604768154321231e-01,nan,7.706635281586261588e-06,3.093472758773837938e+01,1.000000000000000000e+00
2.021000000000000000e+03,1.049756151869988372e+02,3.286166415272246866e+01,-9.671636682189054326e-03,2.891750410694152720e+02,1.569251865903065202e-02,nan,1.649220425012922441e-05,1.595120469015414777e+01,1.000000000000000000e+00
2.021000000000000000e+03,1.258211473072850168e+02,4.687793081103147586e+01,-8.285221043252515016e-03,2.473696774454824947e+02,1.518579164299294071e-02,nan,1.092483917241043172e-05,1.380397635158758618e+01,1.000000000000000000e+00
2.022000000000000000e+03,1.264886983746553284e+02,3.309010506918072991e+01,-8.617607673688880074e-03,2.573923168033194884e+02,2.058179533368276193e-02,nan,1.461190152806435868e-05,1.380397635158758618e+01,1.000000000000000000e+00
2.022000000000000000e+03,4.009456390258543479e+01,4.162077991854174996e+01,-9.156575967708729252e-03,2.736441282229840226e+02,1.189596124833436352e-02,nan,1.089868958975655688e-05,3.932048601675458599e+01,1.000000000000000000e+00
2.023000000000000000e+03,8.712946755039833135e+01,4.535580448091206307e+01,-8.979642560117474456e-03,2.683089565516318658e+02,1.304197543107055157e-02,nan,1.067870837104694162e-05,9.857495510816480788e+00,1.000000000000000000e+00
2.025000000000000000e+03,1.146234366871463095e+02,2.015888999238694623e+01,-1.623201791910619876e-02,4.869938736175819827e+02,4.994960791284031032e-03,nan,1.571481814114653451e-05,1.522651391128351861e+01,1.000000000000000000e+00
2.025000000000000000e+03,8.487456177312517980e+01,3.575967934201421627e+01,-7.929980613695149921e-03,2.366579147428060708e+02,1.665408722132677433e-02,nan,1.031405727748510931e-05,9.857495510816480788e+00,1.000000000000000000e+00
2.029000000000000000e+03,1.422279964080788943e+02,1.885492068373092778e+01,-1.206101816896953949e-03,3.390904912916127500e+01,3.311838163975385774e-01,nan,8.353109133484741395e-06,2.557954540591134673e+01,1.000000000000000000e+00
2.031000000000000000e+03,4.482349422718206000e+01,4.648830471696965105e+01,-9.318083812763658033e-03,2.785141643081354346e+02,1.310602393694504375e-02,nan,1.106469559155819547e-05,3.785051600644332126e+01,1.000000000000000000e+00
2.031000000000000000e+03,8.327500859979286574e+00,3.645316495236680510e+01,-1.327276406809014707e-03,3.756289408805134400e+01,3.061610912462240375e-01,nan,8.862858537148226670e-06,2.120347629643672605e+01,1.000000000000000000e+00
2.031000000000000000e+03,1.310071740901183546e+02,5.025660428327061169e+01,-1.227533168903237369e-03,3.455528063320173970e+01,3.512305106879421990e-01,nan,9.869020614952161914e-06,1.905716954647921213e+01,1.000000000000000000e+00
2.034000000000000000e+03,1.074081546368276889e+02,4.356392081459973298e+01,-8.750774677855621686e-03,2.614077757144513612e+02,1.036085185810009524e-02,nan,9.211817799582831009e-06,1.711747392164282644e+01,1.000000000000000000e+00
2.035000000000000000e+03,1.267574426155498912e+02,1.532150152335379012e+01,-7.703715398252983411e-03,2.298352135691069122e+02,1.714267533679125766e-02,nan,1.017864183197889317e-05,3.423491189861695005e+01,1.000000000000000000e+00
2.035000000000000000e+03,5.811164710999254623e+01,5.052832678631912877e+00,-1.172995145361555502e-03,3.291076520690469209e+01,2.923986484933245311e-01,nan,6.352610204320785907e-06,2.608268024979901867e+01,1.000000000000000000e+00
2.035000000000000000e+03,8.052069524898628927e+00,1.525147764608833434e+01,-1.021264332203444900e-03,2.833554141478461474e+01,3.693147491926087600e-01,nan,7.742849589490010258e-06,2.120347629643672605e+01,1.000000000000000000e+00
2.036000000000000000e+03,8.141728636719359713e+01,1.676408315953551664e+01,-1.163089960955474879e-03,3.261208865982250416e+01,3.665530087692804306e-01,nan,9.444706253934905091e-06,2.608268024979901867e+01,1.000000000000000000e+00
2.043000000000000000e+03,4.699998636867769974e+00,3.620924212631038586e+01,-1.361906902446672262e-03,3.860712672792534050e+01,2.960157809248892269e-01,nan,8.801846672916986914e-06,2.536444105038139796e+01,1.000000000000000000e+00
2.045000000000000000e+03,1.364268662792795510e+02,2.561546562194151022e+01,-7.818069035992169721e-03,2.332833825547605500e+02,1.850671403861847697e-02,nan,1.157185357953306279e-05,4.342715010641795459e+01,1.000000000000000000e+00
2.045000000000000000e+03,2.717631707670141239e+01,2.445466943354663059e+01,-1.447786936926308407e-03,4.119671528176695574e+01,3.306022341989550695e-01,nan,1.155061748000631112e-05,5.795699007692072691e+00,1.000000000000000000e+00
2.048000000000000000e+03,9.330577848647541828e+01,3.076222712123746206e+01,-9.167032959467674019e-03,2.739594437247844212e+02,1.122477430363333362e-02,nan,9.057839356947500323e-06,1.880672045212107690e+01,1.000000000000000000e+00
2.048000000000000000e+03,9.248074411792494232e+01,8.800806231497615428e+00,-1.298933764804628428e-03,3.670826260397115703e+01,3.738897822828617379e-01,nan,1.203854581271516831e-05,2.052747357593294097e+01,1.000000000000000000e+00
2.051000000000000000e+03,2.725518148617662106e+01,4.444936705113829589e+01,-1.804553357267885821e-03,5.195449203522953496e+01,1.782361316585592270e-01,nan,7.131885459208768360e-06,4.433853831579686755e+01,1.000000000000000000e+00
2.052000000000000000e+03,7.670161388354225096e+01,2.193078035397840608e+01,-1.371807669416834742e-03,3.890567007359976515e+01,3.152000964506110892e-01,nan,1.015547171098908681e-05,1.880672045212107690e+01,1.000000000000000000e+00
2.057000000000000000e+03,9.956132040126512095e+01,5.324540308561081048e+01,-7.106827767778961524e-03,2.118369281099681416e+02,2.246826292654235946e-02,nan,1.273273730929546352e-05,1.395957179423583128e+01,1.000000000000000000e+00
2.058000000000000000e+03,1.025858803001105599e+02,3.961742883788343050e+01,-1.442638567631949684e-03,4.104147363245459701e+01,2.688882979193427669e-01,nan,8.389457676105781806e-06,1.137758512463623539e+01,1.000000000000000000e+00
2.064000000000000000e+03,1.232344632951540717e+02,5.276127992019736013e+01,-1.709784074008124238e-02,5.131015117949219757e+02,6.683659536931729761e-03,nan,2.096983641597173655e-05,1.902934156896863982e+01,1.000000000000000000e+00
2.066000000000000000e+03,1.299711234956314740e+02,7.376400570733946616e+00,-8.437651058848236185e-03,2.519659846784770991e+02,1.463910297654302806e-02,nan,1.083167982170782515e-05,2.685408659057977943e+01,1.000000000000000000e+00
2.069000000000000000e+03,1.258601468697901709e+02,3.391395580470648241e+01,-9.258835417779128982e-03,2.767276144259063244e+02,1.312052793114171223e-02,nan,1.070810464488773238e-05,1.902934156896863982e+01,1.000000000000000000e+00
2.071000000000000000e+03,7.008457538423495237e+01,4.104537385373153313e+01,-1.339499154797595386e-03,3.793145342177197676e+01,3.666567931244834044e-01,nan,1.220509213693064579e-05,2.353636645805729088e+01,1.000000000000000000e+00
2.074000000000000000e+03,9.125782305189736121e+01,3.076655440538083042e+01,-1.264291630507947354e-03,3.566367901712361288e+01,2.991012619027634267e-01,nan,8.160111815221723788e-06,1.736068576037342837e+01,1.000000000000000000e+00
2.081000000000000000e+03,3.009737136567644811e+01,4.904747507392981021e+01,-6.874330627141389712e-03,2.048263122218396575e+02,2.670267283013616488e-02,nan,1.304991585978353366e-05,4.933689229696713596e+01,1.000000000000000000e+00
2.081000000000000000e+03,6.889728161075882440e+01,1.857296266608172175e+01,-1.217501599956959070e-03,3.425279314262539287e+01,3.388746138992555501e-01,nan,8.823857534921727519e-06,3.942141681358564398e+01,1.000000000000000000e+00
2.083000000000000000e+03,9.900903260890862612e+01,4.893715209656291165e+01,-7.001284967750474354e-03,2.086544372254427913e+02,1.775088442810490719e-02,nan,8.626953237194607762e-06,2.070602385597401351e+01,1.000000000000000000e+00
2.089000000000000000e+03,1.398925732861689823e+02,4.110792406891150108e+01,-1.381740388126716538e-03,3.920517687789358519e+01,2.580023403820910222e-01,nan,7.196423151741123393e-06,1.472040822284223260e+01,1.000000000000000000e+00
2.091000000000000000e+03,1.023565880287189316e+02,1.803163764864093821e+01,-1.606266312062106481e-03,4.597543222521377260e+01,2.304795502168133225e-01,nan,8.374694153749546140e-06,3.393291831253203839e+01,1.000000000000000000e+00
2.094000000000000000e+03,1.350228429778824193e+02,2.721633866724922513e+01,-1.531345625089112561e-03,4.371630698607311416e+01,3.022530692511440353e-01,nan,1.154130090306533624e-05,7.679446592884480616e+00,1.000000000000000000e+00
2.098000000000000000e+03,1.298148045314960370e+02,2.157273737783070544e+01,-1.319677801748737715e-03,3.733376911379528451e+01,2.972666613019939730e-01,nan,8.271720499739061518e-06,7.679446592884480616e+00,1.000000000000000000e+00
2.099000000000000000e+03,7.750478802718544102e+01,4.287323343282625387e+01,-7.412914634850110464e-03,2.210665360421428431e+02,2.029182153931508026e-02,nan,1.139018113435025679e-05,1.477326804263515569e+01,1.000000000000000000e+00
2.100000000000000000e+03,8.820651100676525402e+01,3.268880542100946229e+01,-8.007351155679371529e-03,2.389909118257819785e+02,1.408369790716379466e-02,nan,9.675759816302104989e-06,1.477326804263515569e+01,1.000000000000000000e+00
2.111000000000000000e+03,1.225840979631787206e+02,3.899347338556879805e+01,-1.265359022647958784e-03,3.569586468734350149e+01,3.260882247465042294e-01,nan,8.840072378775385643e-06,5.643435440140324388e+00,1.000000000000000000e+00
2.115000000000000000e+03,7.512477210833370123e+01,5.875853800297333507e+00,-1.934906902630814402e-03,5.588511515467595814e+01,1.614501892923690951e-01,nan,7.353394841351921016e-06,4.198079387672370899e+01,1.000000000000000000e+00
2.121000000000000000e+03,2.440181843066221035e+01,6.288417352600321308e+00,-7.588023536107183116e-03,2.263466923569219489e+02,1.573990228056720841e-02,nan,9.918287219711541437e-06,1.804153716557924270e+01,1.000000000000000000e+00
2.123000000000000000e+03,4.280837294246443747e+01,2.697942686974995752e+01,-8.995087201536924870e-03,2.687746674340311870e+02,1.131766043127269139e-02,nan,1.092918632277568444e-05,1.162166700258421415e+01,1.000000000000000000e+00
2.125000000000000000e+03,3.975310339426772543e+01,1.576655605506486957e+01,-1.380441410588483485e-02,4.137929825598245657e+02,6.194894457988486813e-03,nan,1.545489140338149970e-05,1.162166700258421415e+01,1.000000000000000000e+00
2.126000000000000000e+03,7.394368321657165666e+01,2.483793577974912736e+01,-9.084345748308263191e-03,2.714661301523699990e+02,1.372794278118472100e-02,nan,1.091648754039704809e-05,2.353190743178065958e+01,1.000000000000000000e+00
2.127000000000000000e+03,5.368923387959293336e+01,4.903907984387110019e+01,-1.242391575104405746e-03,3.500331443826499367e+01,3.505815672301230146e-01,nan,9.883246670316288645e-06,1.408026705566622994e+01,1.000000000000000000e+00
2.130000000000000000e+03,4.978312270665536232e+01,2.560357729860515263e+01,-8.393839754005387802e-03,2.506449179807593168e+02,1.478557775617406200e-02,nan,1.036818994459473576e-05,9.836219396375986079e+00,1.000000000000000000e+00
2.134000000000000000e+03,5.968789531704201323e+01,3.863163615262606498e+01,-1.462778042984880711e-03,4.164875045960458522e+01,3.150673537354207188e-01,nan,1.316227257566594524e-05,1.636566032787245106e+01,1.000000000000000000e+00
2.141000000000000000e+03,6.043330875555006543e+01,1.667109907876274022e+01,-7.886812029872486418e-03,2.353562283702973730e+02,2.112160720745515086e-02,nan,1.424325305975665256e-05,1.444609616665358409e+01,1.000000000000000000e+00
2.141000000000000000e+03,9.106152697886521707e+01,4.311679356181223710e+01,-1.298328136392806840e-03,3.669000075285946139e+01,3.704685869320656355e-01,nan,1.191954717083179883e-05,1.709809258777703889e+01,1.000000000000000000e+00
2.143000000000000000e+03,7.400935610501896633e+01,4.436908690977256242e+01,-1.332514242334461013e-03,3.772083346250300906e+01,3.039095607768536045e-01,nan,8.734842093370525151e-06,1.704694182604766439e+01,1.000000000000000000e+00
2.145000000000000000e+03,7.217646835005957939e+01,2.508465345215823916e+01,-7.415223608947406689e-03,2.211361598252456986e+02,1.794591927456901104e-02,nan,9.573302269859200543e-06,1.023199603595198148e+01,1.000000000000000000e+00
2.146000000000000000e+03,1.946050378362956934e+01,3.604428533081772912e+01,-1.316903903042103245e-03,3.725012619977293582e+01,3.197003216754232824e-01,nan,9.076311347887734156e-06,1.784841530575395652e+01,1.000000000000000000e+00
2.148000000000000000e+03,1.325204789977266273e+02,6.435967749179062558e+00,-7.507449941139572765e-03,2.239171118317829041e+02,1.653570054834663239e-02,nan,8.517247305695072195e-06,5.096836048099933691e+01,1.000000000000000000e+00
2.148000000000000000e+03,8.158792869604197051e+01,2.909939591410247672e+01,-8.228806601100660534e-03,2.456685813228156690e+02,1.346051456293428927e-02,nan,9.376435111150705496e-06,1.023199603595198148e+01,1.000000000000000000e+00
2.150000000000000000e+03,1.393795279168771017e+01,5.301683256062604954e+01,-6.860182877579086048e-03,2.043997072425665351e+02,2.305949867442236290e-02,nan,1.098630970545134077e-05,1.784841530575395652e+01,1.000000000000000000e+00
2.153000000000000000e+03,1.054742173712435687e+02,4.963635550383845185e+01,-1.443029432808466119e-03,4.105325960801148710e+01,2.682776859196343011e-01,nan,8.476441113216549286e-06,2.954895189845523262e+01,1.000000000000000000e+00
2.153000000000000000e+03,4.388868198601039694e+01,4.176909724416035630e+01,-1.306991360272132842e-03,3.695122777184243290e+01,3.349046263156066905e-01,nan,9.925269921583449126e-06,3.199308876962215109e+01,1.000000000000000000e+00
2.155000000000000000e+03,1.348841881223463588e+02,5.249890309584447579e+01,-1.367203040061171389e-03,3.876682411776894810e+01,2.677202061032399882e-01,nan,7.886634500195953672e-06,2.954895189845523262e+01,1.000000000000000000e+00
2.158000000000000000e+03,1.252521327709361287e+02,1.094980887411867165e+01,-9.015565969890504405e-03,2.693921751521700116e+02,1.364719995656160645e-02,nan,1.124514346875267247e-05,4.265095216918936671e+01,1.000000000000000000e+00
2.163000000000000000e+03,4.803954784804772515e+01,1.592560902967026948e+01,-7.213913706782777019e-03,2.150659501242457168e+02,1.794783426240509350e-02,nan,8.908482326266971201e-06,2.264161219475846920e+01,1.000000000000000000e+00
2.166000000000000000e+03,1.119551802716691924e+02,1.572496539889292677e+01,-1.342772798489131258e-03,3.803016542490894381e+01,3.086493940748253895e-01,nan,9.041400732442255448e-06,1.382206717217218461e+01,1.000000000000000000e+00
2.174000000000000000e+03,7.782192091755435115e+01,2.855011728219951905e+01,-7.866099250135599394e-03,2.347316643764670800e+02,2.093938087548230520e-02,nan,1.274960646892045211e-05,2.544770714592098670e+01,1.000000000000000000e+00
2.174000000000000000e+03,1.031814058137117343e+02,2.643296712547386207e+01,-1.145180937002214733e-03,3.207206787710106255e+01,3.637382363669552365e-01,nan,9.006596874225569717e-06,1.627868165285232038e+01,1.000000000000000000e+00
2.181000000000000000e+03,4.274729743539827354e+01,2.096745470285335244e+01,-9.451943425815127059e-03,2.825505078410661781e+02,1.165703427528552716e-02,nan,1.111640585429532253e-05,3.013978076739904921e+01,1.000000000000000000e+00
2.182000000000000000e+03,1.184256371962096921e+02,4.064387668351784555e+01,-1.728422235847049647e-03,4.965886789142145119e+01,2.466952337745774715e-01,nan,1.054900826603296594e-05,1.495755310178567576e+01,1.000000000000000000e+00
2.182000000000000000e+03,6.154000687281644844e+01,4.483584801343631909e+01,-1.000923692627774930e-03,2.772219877068655336e+01,3.557253778431940239e-01,nan,6.835088924733147729e-06,8.657412069731327264e+00,1.000000000000000000e+00
2.185000000000000000e+03,1.262634538147110774e+01,2.950405612581111114e+01,-9.399980140561557673e-03,2.809836299336689649e+02,1.187726097889096888e-02,nan,1.100564640371676437e-05,3.130727258145339675e+01,1.000000000000000000e+00
2.186000000000000000e+03,1.035107717525030324e+02,3.951463641286539286e+01,-2.540759700151121181e-02,7.636702246535000995e+02,2.666168528089984946e-03,nan,2.163818837014077321e-05,1.495755310178567576e+01,1.000000000000000000e+00
2.189000000000000000e+03,9.082954210623077529e+01,2.687637589363335877e+01,-9.182107564230962415e-03,2.744139966856120623e+02,8.951886051905888486e-03,nan,8.726214254374024151e-06,1.790360897398827689e+01,1.000000000000000000e+00
2.190000000000000000e+03,1.424303351300585803e+02,5.067707778486970227e+01,-8.873773268240065307e-03,2.651166207763817511e+02,1.378410752455827559e-02,nan,1.114555160127993056e-05,3.227198163575149437e+01,1.000000000000000000e+00
2.193000000000000000e+03,1.554911993347557164e+01,5.163336196758911711e+01,-7.756158841288045280e-03,2.314165699417553412e+02,1.845249544838878375e-02,nan,1.088352858752892687e-05,2.793379307965425085e+01,1.000000000000000000e+00
2.194000000000000000e+03,9.110212025921856593e+01,5.105740250404253544e+01,-8.288511260928877605e-03,2.474688892132231786e+02,1.409574252352696622e-02,nan,9.348136916430085206e-06,1.908698129954907685e+01,1.000000000000000000e+00
2.195000000000000000e+03,1.101763551201983233e+02,5.175484038480374949e+01,-1.684893250511771551e-02,5.055960430311512255e+02,4.701358817683409796e-03,nan,1.554601659931708813e-05,1.908698129954907685e+01,1.000000000000000000e+00
2.196000000000000000e+03,2.119457581197902485e+01,2.427599323920424368e+01,-8.650693746286441596e-03,2.583899795943204936e+02,1.457225681324259003e-02,nan,1.237752901628746507e-05,8.309400134787749082e+00,1.000000000000000000e+00
2.199000000000000000e+03,3.952102123895254948e+01,4.648521758342791799e+01,-1.532405093384759699e-03,4.374825372419670799e+01,2.580999734790891953e-01,nan,8.947482276671453146e-06,2.302695913874893563e+01,1.000000000000000000e+00
2.201000000000000000e+03,7.904355028914430648e+01,4.591028513956234747e+01,-7.899725580941402425e-03,2.357456178743903479e+02,1.359951244532719983e-02,nan,8.342282206574543066e-06,1.204595675808773336e+01,1.000000000000000000e+00
2.202000000000000000e+03,5.036350018426389852e+01,2.337815927661582904e+01,-1.557786789227366426e-03,4.451360214806918947e+01,2.818473108232365520e-01,nan,1.091957340644175046e-05,8.937216849633651705e+00,1.000000000000000000e+00
2.202000000000000000e+03,5.595202929816222337e+01,3.035255440167767560e+01,-1.363703085070329434e-03,3.866128802386583629e+01,3.545245025097908398e-01,nan,1.222593714115857141e-05,8.937216849633651705e+00,1.000000000000000000e+00
2.206000000000000000e+03,2.396308565841112781e+01,4.106574676116312617e+01,-8.788324871309427522e-03,2.625400476301731487e+02,1.451688776212545218e-02,nan,1.183726582582944786e-05,3.177786396472192365e+01,1.000000000000000000e+00
2.209000000000000000e+03,9.603910562442703736e+01,5.421709005150861849e+00,-1.373030065689452269e-03,3.894252966983781761e+01,2.898921761979542655e-01,nan,8.715550272172346708e-06,2.314592497808670046e+01,1.000000000000000000e+00
2.209000000000000000e+03,8.809296857110791734e+01,4.447857851955064490e+01,-1.434708163030876376e-03,4.080234372168188628e+01,2.914084700086184698e-01,nan,8.330007716189549361e-06,2.496869837061488440e+01,1.000000000000000000e+00
2.211000000000000000e+03,5.183705656522694483e+01,5.805354062331359088e+00,-1.147029573640569872e-03,3.212781084818745114e+01,3.492756155381411265e-01,nan,8.367535472187552433e-06,1.016770277542536149e+01,1.000000000000000000e+00
2.213000000000000000e+03,1.332677245084169044e+02,1.615239102480423128e+01,-1.032222482451756454e-03,2.866596862788771460e+01,3.426332327121721644e-01,nan,6.531903301502327908e-06,1.127490589175110003e+01,1.000000000000000000e+00
2.214000000000000000e+03,6.199476993493484400e+01,6.255952362649932930e+00,-8.327038188024164095e-03,2.486306131229207494e+02,1.423866639427295855e-02,nan,9.808125225968803757e-06,1.016770277542536149e+01,1.000000000000000000e+00
2.215000000000000000e+03,1.323082120936638546e+02,4.918387339840509576e+00,-1.191179820203235951e-03,3.345909784452739189e+01,3.195408952503800970e-01,nan,7.644616922094720111e-06,1.127490589175110003e+01,1.000000000000000000e+00
2.218000000000000000e+03,1.081164789641500761e+02,3.349568957080806797e+01,-6.373743854420631759e-03,1.897318402098428578e+02,2.837245453578363108e-02,nan,1.126109034116128361e-05,2.247244440988590952e+01,1.000000000000000000e+00
2.219000000000000000e+03,2.561598390461507790e+01,4.893671717789026587e+01,-2.301421211276609077e-02,6.915011559009544726e+02,3.407367614571832348e-03,nan,2.339148704282097038e-05,3.411854660398743277e+01,1.000000000000000000e+00
2.219000000000000000e+03,8.922114790469198908e+01,4.566027842160327310e+01,-1.409634011683346018e-03,4.004626885841138773e+01,3.019574421208320869e-01,nan,9.687495057463632974e-06,1.566328107639939660e+01,1.000000000000000000e+00
2.221000000000000000e+03,5.714812558000479470e+01,3.590601252573836177e+01,-1.290182031510013093e-03,3.644436671124903171e+01,3.127631063675445633e-01,nan,8.486635224304209412e-06,3.145516622060425860e+01,1.000000000000000000e+00
2.223000000000000000e+03,1.536942049469095650e+01,1.289295655199852142e+01,-8.180735958322906884e-03,2.442190804339612953e+02,1.257173355188612174e-02,nan,8.608154808833834039e-06,9.524449022701301004e+00,1.000000000000000000e+00
2.226000000000000000e+03,5.846830526566598962e+00,1.270478247032645491e+01,-7.411260381544516711e-03,2.210166544200490080e+02,2.412391154507775859e-02,nan,1.298513064171858555e-05,9.524449022701301004e+00,1.000000000000000000e+00
2.236000000000000000e+03,6.120013281807764827e+01,3.326950590076312864e+01,-1.317731204116564516e-03,3.727507227025353842e+01,3.327628545047750519e-01,nan,9.999648146460115810e-06,1.839528371237985382e+01,1.000000000000000000e+00
2.236000000000000000e+03,6.301849227272856524e+01,7.834153537292518621e+00,-1.197317645675424411e-03,3.364417511754625423e+01,3.139868385205797363e-01,nan,7.697365152398328249e-06,5.247199476226906967e+00,1.000000000000000000e+00
2.237000000000000000e+03,8.589353447965376631e+01,1.447346536275239970e+01,-8.314710016237743251e-03,2.482588748866548940e+02,1.543616187595386879e-02,nan,1.034325420302729450e-05,1.955516896974609509e+01,1.000000000000000000e+00
2.238000000000000000e+03,1.275029322295575618e+01,1.595033568634478449e+01,-1.159247497153431455e-03,3.249622470680229469e+01,3.315725563967460987e-01,nan,7.918270535556341840e-06,1.930164034553465058e+01,1.000000000000000000e+00
2.238000000000000000e+03,1.138191961991112606e+02,1.949048112630765672e+01,-1.231243490226094231e-03,3.466716002038366895e+01,3.247036117643359310e-01,nan,8.469109273078529286e-06,1.572049650660163600e+01,1.000000000000000000e+00
2.239000000000000000e+03,1.225927405083772328e+02,6.445983026824454676e+00,-8.533598563349944696e-03,2.548591432680467221e+02,1.484372209091611161e-02,nan,1.250286050565652545e-05,1.572049650660163600e+01,1.000000000000000000e+00
2.241000000000000000e+03,7.959323041532128684e+01,3.298591528523095207e+01,-9.085710923665092642e-03,2.715072950459270942e+02,1.169265444619360661e-02,nan,1.169682508737882069e-05,1.839528371237985382e+01,1.000000000000000000e+00
2.248000000000000000e+03,1.142464771698235637e+02,1.385760084645209034e+01,-1.256981197153288817e-03,3.544324344494955881e+01,2.664726206042901113e-01,nan,6.324607437624334598e-06,2.676991167775000946e+01,1.000000000000000000e+00
2.249000000000000000e+03,8.844457178016847365e+01,2.099131302860689274e+01,-1.050773406661636511e-03,2.922534498687694793e+01,3.623191889327095350e-01,nan,7.419008124594453509e-06,1.957056716167186039e+01,1.000000000000000000e+00
2.255000000000000000e+03,1.336614777347734275e+02,3.323533222579278146e+01,-1.291703768805803039e-03,3.649025250422767641e+01,3.416482564249789800e-01,nan,1.005219650126956060e-05,3.298721859675000445e+01,1.000000000000000000e+00
2.261000000000000000e+03,7.661396530880642786e+01,4.093902554114384174e+01,-8.084838088441339762e-03,2.413274185047618801e+02,1.461347577447513757e-02,nan,9.934965903811967733e-06,2.082085986625709850e+01,1.000000000000000000e+00
2.261000000000000000e+03,3.868816609772348158e+01,8.788969529208968012e+00,-1.319925144474794329e-03,3.734122737689628480e+01,2.585949108219763870e-01,nan,6.712512395461971628e-06,1.723770397199438520e+01,1.000000000000000000e+00
2.261000000000000000e+03,3.420712670582799575e+01,3.516424866329187893e+01,-1.063700521130588874e-03,2.961514347573220363e+01,3.446471520274856370e-01,nan,6.979851108148564462e-06,1.716687943689835194e+01,1.000000000000000000e+00
2.265000000000000000e+03,5.170653000624784568e+01,2.946196489122714013e+01,-8.068148707802317438e-03,2.408241743067897573e+02,1.957363084871865944e-02,nan,1.279387795727839347e-05,1.840503072770860626e+01,1.000000000000000000e+00
2.269000000000000000e+03,9.941116597424085910e+01,5.326036526050418551e+00,-7.804639348938465296e-03,2.328784297145961091e+02,2.242787456672901136e-02,nan,1.423623650158610055e-05,1.889650885340370934e+01,1.000000000000000000e+00
2.269000000000000000e+03,9.501614590137157279e+01,2.370433474448840627e+01,-1.105616339198243515e-03,3.087905450407074071e+01,3.430849378800508998e-01,nan,7.472360006878965029e-06,1.215263676413292870e+01,1.000000000000000000e+00
2.271000000000000000e+03,4.659307473753467832e+01,1.533958160764492540e+01,-8.229471502154951656e-03,2.456886304549575186e+02,1.305735479538994159e-02,nan,8.872179153445512674e-06,2.696783254788785911e+01,1.000000000000000000e+00
2.277000000000000000e+03,1.073138906086471565e+02,2.973553679541680594e+01,-1.255402720330903946e-03,3.539564675339581612e+01,3.169194089367859402e-01,nan,8.388120100885374593e-06,1.590037483591271972e+01,1.000000000000000000e+00
2.277000000000000000e+03,7.047872452077676542e+01,3.035790202321256004e+01,-1.296914938751310767e-03,3.664738781658261502e+01,3.511851918564733444e-01,nan,1.025596706365099839e-05,1.540371163729494874e+01,1.000000000000000000e+00
2.279000000000000000e+03,8.314337776562615545e+01,4.519718586745042188e+01,-7.552913280457688831e-03,2.252879932459668453e+02,1.542001399123116290e-02,nan,9.429184501951886171e-06,1.950891557268453269e+01,1.000000000000000000e+00
2.280000000000000000e+03,6.420710042611392510e+01,1.360316137962061589e+01,-9.227463432658454187e-03,2.757816374701209838e+02,1.275827472870394441e-02,nan,1.143215689817386423e-05,1.610087161476000972e+01,1.000000000000000000e+00
2.280000000000000000e+03,1.209190952900175233e+02,4.644783185682195636e+01,-1.819258402059742777e-02,5.461119162014543917e+02,3.914323147107490186e-03,nan,1.511176496543197808e-05,1.483524977136355005e+01,1.000000000000000000e+00
2.281000000000000000e+03,1.230834043114084579e+02,3.177130630617925533e+01,-1.593115717328957501e-03,4.557889501137220378e+01,2.671419669986020429e-01,nan,1.031715573033211591e-05,1.483524977136355005e+01,1.000000000000000000e+00
2.283000000000000000e+03,4.956229483513543954e+01,6.912291783115996679e+00,-8.204849981040712378e-03,2.449462040034320864e+02,1.581853660260712502e-02,nan,1.177915248272977650e-05,1.610087161476000972e+01,1.000000000000000000e+00
2.285000000000000000e+03,7.879553478132839928e+01,3.331522600830076897e+01,-7.945108336821401704e-03,2.371140694112432357e+02,1.329561165416159874e-02,nan,9.076242810868058520e-06,2.452321163432035434e+01,1.000000000000000000e+00
2.287000000000000000e+03,2.448661201894983463e+01,3.072154731143241335e+01,-1.596820696004004744e-03,4.569061329871644972e+01,2.372112174730047762e-01,nan,8.603957356134784134e-06,3.457846898737149388e+01,1.000000000000000000e+00
2.296000000000000000e+03,2.401966902837688878e+01,4.647600053024435596e+01,-8.046470286871746855e-03,2.401704927957457301e+02,1.434844941644408678e-02,nan,9.931912589504507616e-06,3.387311696508527348e+01,1.000000000000000000e+00
2.298000000000000000e+03,1.319866437839110915e+02,3.974686205015945717e+01,-1.359312746796560896e-03,3.852890370648483298e+01,3.226180255679850228e-01,nan,1.003874968892967197e-05,1.328124357316143112e+01,1.000000000000000000e+00
2.301000000000000000e+03,1.229298737347895525e+02,3.003262779691144857e+01,-1.366623975539074188e-03,3.874936326243226148e+01,3.008741628137743263e-01,nan,9.146017006086660194e-06,1.328124357316143112e+01,1.000000000000000000e+00
2.304000000000000000e+03,4.206187817874499046e+01,3.452455820771977102e+01,-8.229109722370673771e-03,2.456777215074466199e+02,1.192901487800235305e-02,nan,8.489651318615976778e-06,1.908778244068161811e+01,1.000000000000000000e+00
2.304000000000000000e+03,2.780659492241552400e+01,4.721827073733877000e+01,-8.996443412331437892e-03,2.688155620141434383e+02,7.245056810153693849e-02,nan,6.102884527650209186e-05,6.349440099356348455e+00,1.000000000000000000e+00
2.305000000000000000e+03,9.271531671753149340e+01,1.109236186064326546e+01,-9.008859163746843479e-03,2.691899410877836090e+02,1.322581971884417840e-02,nan,1.061180305460287152e-05,2.983667826223802422e+01,1.000000000000000000e+00
2.306000000000000000e+03,1.718070097331465007e+01,1.770928775739066907e+01,-1.325018793784120104e-03,3.749481902399606525e+01,2.912838083515628673e-01,nan,7.951468366640522753e-06,3.003042289821669186e+01,1.000000000000000000e+00
2.306000000000000000e+03,2.247276584385906517e+01,5.066292702441008089e+01,-7.289894600732889536e-03,2.173570443753841630e+02,9.620598662193302619e-02,nan,5.547462323402688411e-05,6.349440099356348455e+00,1.000000000000000000e+00
2.307000000000000000e+03,1.273402738213566039e+02,1.681700978748314412e+01,-1.343018117173631551e-03,3.803756265595659158e+01,3.186694633012723266e-01,nan,1.007186095932319179e-05,1.210279823923751152e+01,1.000000000000000000e+00
2.310000000000000000e+03,8.544731488269009390e+01,4.153941359453235549e+01,-7.081982184483821136e-03,2.110877453865975610e+02,2.136190637610957399e-02,nan,1.051850063672468957e-05,3.130250485116768644e+01,1.000000000000000000e+00
2.311000000000000000e+03,7.491197350114194364e+01,5.597169816834788314e+00,-1.214917852014298777e-03,3.417488395058947503e+01,2.724537146932097809e-01,nan,6.097483099209405452e-06,3.661053307968966664e+01,1.000000000000000000e+00
2.316000000000000000e+03,7.008250570130877577e+01,4.188776602507343938e+01,-8.271972609532839832e-03,2.469701900381394637e+02,1.184492682085269699e-02,nan,8.581121033530928141e-06,8.365860803812502411e+00,1.000000000000000000e+00
2.320000000000000000e+03,8.976031927632712382e+01,1.613784155534195008e+01,-8.160735649053835541e-03,2.436159999593166390e+02,1.511897439204346050e-02,nan,9.954510610228571306e-06,3.452841797500364684e+00,1.000000000000000000e+00
2.320000000000000000e+03,6.795562731177344062e+01,3.379678244426609979e+01,-1.169986807746151679e-03,3.282005312577729228e+01,3.564293537009720625e-01,nan,1.002148247014854569e-05,8.365860803812502411e+00,1.000000000000000000e+00
2.321000000000000000e+03,1.435860324951707980e+02,1.585700634070368231e+01,-1.663061686815245355e-02,4.990130499287912471e+02,4.429696689530526754e-03,nan,1.477589697157263618e-05,3.776567697059890349e+01,1.000000000000000000e+00
2.321000000000000000e+03,5.305770723838229230e+01,2.128710514754802929e+01,-1.413906239558853587e-03,4.017509172711250187e+01,2.554554856031172605e-01,nan,7.563640219514828516e-06,1.945353563188898605e+01,1.000000000000000000e+00
2.322000000000000000e+03,1.364585392682072325e+02,5.294400133014995902e+01,-1.410012060953232029e-03,4.005766838879137737e+01,2.742745284758074664e-01,nan,8.209258356745943413e-06,3.776567697059890349e+01,1.000000000000000000e+00
2.324000000000000000e+03,9.561781019999847331e+01,4.723575887247201877e+01,-9.473169107278909748e-03,2.831905376465867334e+02,1.133057764822387181e-02,nan,1.231664937981350953e-05,3.075390137168752958e+01,1.000000000000000000e+00
2.325000000000000000e+03,5.144868062306321832e+01,4.628553479264962789e+01,-1.095135237173369604e-03,3.056301199198144403e+01,3.530762415126733611e-01,nan,7.856588328198828590e-06,2.069899089818574822e+01,1.000000000000000000e+00
2.326000000000000000e+03,2.646971679599231919e+01,4.583526218589568657e+01,-7.638207735243665586e-03,2.278599244888717408e+02,1.560248674013098302e-02,nan,9.773933633973635635e-06,1.441587383080092977e+01,1.000000000000000000e+00
2.328000000000000000e+03,1.244476231619910038e+02,2.927369563604408853e+01,-8.134666745656679229e-03,2.428299297829651664e+02,1.173266632663161335e-02,nan,8.201871893902399878e-06,1.975239169126614414e+01,1.000000000000000000e+00
2.329000000000000000e+03,1.521815352087602591e+01,3.682306255585944399e+01,-2.649862037082487045e-03,7.744355587846672506e+01,1.215710312346751643e-01,nan,9.619237181992002040e-06,1.441587383080092977e+01,1.000000000000000000e+00
2.331000000000000000e+03,1.362615253370264838e+02,4.510368909542024340e+01,-1.053789879982770751e-03,2.931630238847452219e+01,3.414064145689138519e-01,nan,6.882821801152195914e-06,1.975239169126614414e+01,1.000000000000000000e+00
2.333000000000000000e+03,1.552874978936114303e+01,7.151237970002636501e+00,-1.498790987673323831e-03,4.273466885635880885e+01,2.633469712485376757e-01,nan,8.625893334402033634e-06,2.314957810368729341e+01,1.000000000000000000e+00
2.333000000000000000e+03,5.645248395794839524e+01,1.761472000442397245e+01,-1.196953019079848111e-03,3.363318032854724748e+01,3.105609962839263050e-01,nan,7.087775797104719011e-06,1.812598878085792364e+01,1.000000000000000000e+00
2.335000000000000000e+03,3.723463832326343237e+01,1.519843433473285543e+01,-8.391410545067690824e-03,2.505716686894884333e+02,2.334731633951847574e-02,nan,1.665269320203696318e-05,9.415435121588762613e+00,1.000000000000000000e+00
2.336000000000000000e+03,7.727723804699120080e+01,3.834793536620666288e+01,-8.319508201181781068e-03,2.484035572320403844e+02,1.619963391388234974e-02,nan,1.110050885154141233e-05,1.271221293964009291e+01,1.000000000000000000e+00
2.336000000000000000e+03,3.960826089311256482e+01,2.430976433779771995e+01,-1.746887241380064640e-02,5.242894366857101431e+02,6.313934644095242632e-03,nan,2.423285681987576246e-05,9.415435121588762613e+00,1.000000000000000000e+00
2.343000000000000000e+03,2.946252815546704085e+01,3.072726455621558017e+01,-1.335844786614772328e-03,3.782126122081279362e+01,2.630468097993388099e-01,nan,6.590519710799938309e-06,5.834266234050897992e+01,1.000000000000000000e+00
2.343000000000000000e+03,8.539026755607230257e+01,1.411539486865089721e+01,-1.218200963709631206e-03,3.427388144772290701e+01,3.177750227836368957e-01,nan,7.907053505011787597e-06,5.834266234050897992e+01,1.000000000000000000e+00
2.349000000000000000e+03,4.266714821648005085e+01,3.769401557712073014e+01,-8.863448798732815465e-03,2.648053012919118032e+02,9.845134478736250472e-03,nan,7.723993607860348592e-06,2.849221006660827271e+01,1.000000000000000000e+00
2.352000000000000000e+03,7.937975760476396658e+01,4.644604137285366363e+01,-7.059129765726554137e-03,2.103986636646351940e+02,2.270911248536622296e-02,nan,1.117037945798206455e-05,7.172979417750862119e+00,1.000000000000000000e+00
2.353000000000000000e+03,1.534606445494949334e+01,4.577884189406563564e+01,-1.605026536664746692e-02,4.815133875845886564e+02,4.511023085217114037e-03,nan,1.425296259145423168e-05,1.678828450484168400e+01,1.000000000000000000e+00
2.353000000000000000e+03,1.369222833499490548e+02,3.185916013974393124e+01,-1.389345537413991076e-03,3.943449918387440789e+01,2.491556006867988726e-01,nan,6.946518302245604835e-06,3.250457167723073582e+01,1.000000000000000000e+00
2.356000000000000000e+03,3.109038711769630936e+01,5.160660308570899701e+01,-8.008824819546228949e-03,2.390353480338593499e+02,1.567378672167174525e-02,nan,9.757638485480157699e-06,1.678828450484168400e+01,1.000000000000000000e+00
2.357000000000000000e+03,1.023012091728010660e+02,1.274135968248017114e+01,-8.162374280401358401e-03,2.436654105238002046e+02,1.344964672717241516e-02,nan,9.564168769714690349e-06,1.042614189290341464e+01,1.000000000000000000e+00
2.359000000000000000e+03,5.108722425778687892e+01,2.036545761519495201e+01,-1.167844967994545327e-03,3.275546903776975682e+01,3.279384258974014088e-01,nan,7.685767300137798423e-06,1.641827982908176509e+01,1.000000000000000000e+00
2.362000000000000000e+03,1.271025191240717618e+02,3.308801477502372279e+01,-8.063807890869103406e-03,2.406932832339963682e+02,1.666206093597677462e-02,nan,1.096027478354324672e-05,3.207945368540317332e+01,1.000000000000000000e+00
2.362000000000000000e+03,8.626354390647949799e+01,3.554370048042633812e+01,-8.742977801223992401e-03,2.611726721469769927e+02,1.259733859744871509e-02,nan,9.299362570149092010e-06,9.812283877341759109e+00,1.000000000000000000e+00
2.363000000000000000e+03,6.742878732891669813e+01,2.195077428334654712e+01,-1.286170346521653927e-03,3.632340013746480167e+01,3.590456881830724756e-01,nan,1.046816723927692498e-05,1.641827982908176509e+01,1.000000000000000000e+00
2.365000000000000000e+03,7.645752181123988578e+01,3.589419378594523380e+01,-9.324981694524428835e-03,2.787221599821203881e+02,9.627276531018913452e-03,nan,1.047594761233009325e-05,9.812283877341759109e+00,1.000000000000000000e+00
2.373000000000000000e+03,5.035619130084213424e+01,5.021289298196580830e+01,-1.700448913540168056e-02,5.102866288197846529e+02,4.610148882613018806e-03,nan,1.596413478710532034e-05,2.932927286789402643e+01,1.000000000000000000e+00
2.373000000000000000e+03,9.157953200667250826e+01,1.539036218543217771e+01,-7.006138102221053099e-03,2.088007764945338636e+02,1.749367219282893515e-02,nan,1.021707416230225614e-05,3.887883117880343775e+01,1.000000000000000000e+00
2.376000000000000000e+03,4.024767075204983513e+01,2.268065625346827474e+01,-7.944321564692814058e-03,2.370903454326605413e+02,1.730251969573459725e-02,nan,1.183449497944229651e-05,2.678105624200172130e+01,1.000000000000000000e+00
2.379000000000000000e+03,1.398267605693389903e+01,1.744854127931192522e+01,-9.095959501154127561e-03,2.718163261160655111e+02,1.819017713912673972e-02,nan,1.549454338063834422e-05,1.192800326963030955e+01,1.000000000000000000e+00
2.379000000000000000e+03,1.044737253599413584e+01,2.884059513343069270e+01,-7.400626783029135881e-03,2.206960135962716549e+02,2.252757329690047161e-02,nan,1.180923615841321023e-05,1.192800326963030955e+01,1.000000000000000000e+00
2.386000000000000000e+03,1.095771014201161648e+02,3.104952456978645259e+01,-1.303414653581191039e-03,3.684337734114065910e+01,2.768198244251984796e-01,nan,7.232089458030750951e-06,3.392046960925275556e+01,1.000000000000000000e+00
2.389000000000000000e+03,5.217710896520325292e+01,1.140371590539138502e+01,-1.072954812797273592e-03,2.989419329120055835e+01,3.280842281388831605e-01,nan,6.660328053194577453e-06,2.876435661676739741e+01,1.000000000000000000e+00
2.390000000000000000e+03,7.581294102531796852e+01,2.779687467368932374e+01,-7.054151767027137809e-03,2.102485592948459328e+02,1.883505362507076342e-02,nan,9.716237005058782093e-06,2.876435661676739741e+01,1.000000000000000000e+00
2.394000000000000000e+03,1.198873516271944055e+02,4.283334232789223250e+01,-9.180367690264338784e-03,2.743615332959966508e+02,1.150798172224765104e-02,nan,9.914614263636837993e-06,4.656875593591360030e+01,1.000000000000000000e+00
2.396000000000000000e+03,2.741398175394531478e+01,3.338788695950871954e+01,-7.379197488885280015e-03,2.200498441441041280e+02,1.573292937947712300e-02,nan,8.585394113618740762e-06,4.760955050216124818e+01,1.000000000000000000e+00
2.401000000000000000e+03,7.502154313515742956e+01,3.295268774999323114e+01,-1.180820815548849333e-03,3.314673700251407951e+01,3.384302474770981561e-01,nan,8.269259164986317626e-06,4.760955050216124818e+01,1.000000000000000000e+00
2.407000000000000000e+03,1.185184415552015764e+02,9.515544955444671160e+00,-8.423935123511538253e-03,2.515524004342652802e+02,1.839485198923918041e-02,nan,1.412689627278627044e-05,1.068747473544156712e+01,1.000000000000000000e+00
2.407000000000000000e+03,1.363325669965588816e+02,4.645198335381264343e+01,-8.405484368467474807e-03,2.509960445319727000e+02,1.911021561058334761e-02,nan,1.308671730758338695e-05,1.762706410988182526e+01,1.000000000000000000e+00
2.412000000000000000e+03,1.187132403986021387e+02,4.592975795380031201e+01,-8.777985508945419096e-03,2.622282790730913007e+02,1.465169916495723257e-02,nan,1.150645081340947187e-05,1.762706410988182526e+01,1.000000000000000000e+00
2.413000000000000000e+03,1.173449145542540322e+02,2.586451983403668464e+01,-1.406752729893330934e-03,3.995938796241472346e+01,3.161194583229899324e-01,nan,1.196197082049966348e-05,2.011183970747396188e+01,1.000000000000000000e+00
2.418000000000000000e+03,1.218591420269331493e+01,3.550075626656830963e+01,-8.267996720182080317e-03,2.468503028301701931e+02,1.519423488000493094e-02,nan,1.044273249382239362e-05,3.172787795039905490e+01,1.000000000000000000e+00
2.420000000000000000e+03,1.115853034967351221e+02,1.083607562731750384e+01,-4.749293521851024116e-03,1.407488837753768109e+02,3.276285088677355350e-02,nan,7.519495080076465589e-06,2.478301415278353304e+01,1.000000000000000000e+00
2.421000000000000000e+03,1.170680956199582994e+02,3.500499742847758000e+01,-1.091341237683417231e-03,3.044860941038034596e+01,3.510002224079644684e-01,nan,7.566450481461465818e-06,2.478301415278353304e+01,1.000000000000000000e+00
2.423000000000000000e+03,1.372955981105797889e+02,1.418803362241221144e+01,-7.457753127930420722e-03,2.224185761193951691e+02,1.687319635758199876e-02,nan,9.550713841712012096e-06,2.592787826899010994e+01,1.000000000000000000e+00
2.423000000000000000e+03,4.137892352497397752e+01,2.307391250217451883e+01,-1.075477314325248152e-03,2.997025568595239164e+01,3.287455162464766323e-01,nan,6.584884786154153985e-06,3.172787795039905490e+01,1.000000000000000000e+00
2.430000000000000000e+03,1.160982014053717677e+02,6.400108440373533547e+00,-1.637030359600016166e-02,4.911636787208828991e+02,6.582373607595615184e-03,nan,1.965532314267688009e-05,2.843068569975045889e+01,1.000000000000000000e+00
2.430000000000000000e+03,8.341891441429376641e+01,1.130387567420881822e+01,-1.647750978024777740e-02,4.943963265570279759e+02,1.058906138345006021e-02,nan,2.979395814571386645e-05,9.695119835479635739e+00,1.000000000000000000e+00
2.434000000000000000e+03,9.023239062457169268e+01,1.820111356747358755e+01,-8.280507681003785800e-03,2.472275528061134935e+02,2.422222083782732405e-02,nan,1.782487915792539186e-05,9.695119835479635739e+00,1.000000000000000000e+00
2.437000000000000000e+03,7.871344471784877328e+01,2.928038096828506553e+01,-7.233104807139789649e-03,2.156446300714682422e+02,1.973995038194964469e-02,nan,1.079589985940219312e-05,1.598237407085357198e+01,1.000000000000000000e+00
2.441000000000000000e+03,5.126263744034241654e+01,2.476008190919821672e+01,-8.647775457135704197e-03,2.583019827947459817e+02,1.422765992656160883e-02,nan,1.110824447080269963e-05,2.782049467156141986e+01,1.000000000000000000e+00
2.442000000000000000e+03,1.219448799631579732e+02,2.800360066964864103e+01,-1.119200507657008544e-03,3.128866550815825676e+01,3.285067472192325644e-01,nan,7.056776443513803540e-06,1.681514220813297911e+01,1.000000000000000000e+00
2.446000000000000000e+03,1.386817429086980837e+02,2.962422592612887584e+01,-1.487978574413359803e-03,4.240863613190703063e+01,3.024386789472561787e-01,nan,9.706527187342152809e-06,4.749053985026196578e+00,1.000000000000000000e+00
2.448000000000000000e+03,4.744211589872073631e+01,4.475604329275157767e+01,-8.098945662717644406e-03,2.417528120562403160e+02,1.279540580940774497e-02,nan,8.682550984597837295e-06,8.842343428066551780e+01,1.000000000000000000e+00
2.451000000000000000e+03,1.313839082128186249e+02,9.053200920466407453e+00,-6.903856366496382603e-03,2.057166182998551562e+02,2.332713660317631277e-02,nan,1.187698450110319525e-05,2.182717253864944951e+01,1.000000000000000000e+00
2.451000000000000000e+03,1.350352102424093630e+02,3.266664490884353000e+01,-8.687722461943127999e-03,2.595065270993258082e+02,1.665161944653115178e-02,nan,1.231431287492160308e-05,4.749053985026196578e+00,1.000000000000000000e+00
2.455000000000000000e+03,1.147806487931296431e+02,3.756748048816810837e+01,-9.139546552081148287e-03,2.731306307604481276e+02,1.312606538918337229e-02,nan,1.152541953680067096e-05,1.007480473616047689e+01,1.000000000000000000e+00
2.455000000000000000e+03,3.302432761762791102e+01,5.029532367535909287e+01,-8.308572983203156223e-03,2.480738215084488445e+02,1.484642264766833364e-02,nan,1.006455009298491209e-05,3.019355444681318446e+01,1.000000000000000000e+00
2.456000000000000000e+03,1.244611447521829461e+02,4.035848182434017417e+01,-8.117631493303386139e-03,2.423162563223850725e+02,1.664041405639282711e-02,nan,1.246773429608283556e-05,1.007480473616047689e+01,1.000000000000000000e+00
2.457000000000000000e+03,6.321754468258648529e+01,5.015258825240238849e+01,-1.171276344250201436e-03,3.285893723884130679e+01,3.329329058293936106e-01,nan,7.981852325433113712e-06,3.019355444681318446e+01,1.000000000000000000e+00
2.460000000000000000e+03,1.695760719646764159e+01,1.098994026160422166e+01,-8.181212585373694168e-03,2.442334524351213361e+02,1.394994409052197071e-02,nan,9.841070451368903347e-06,1.543868755416225902e+01,1.000000000000000000e+00
2.461000000000000000e+03,2.612873968262602276e+01,2.882159054880441929e+01,-8.280493675566984180e-03,2.472271304923701791e+02,1.115014434390215747e-02,nan,7.807011817797152817e-06,6.564931450679018177e+00,1.000000000000000000e+00
2.468000000000000000e+03,4.238998732628510169e+01,4.379469300577299862e+01,-1.259814530973527675e-03,3.552867853908477258e+01,3.004028247067698221e-01,nan,7.519325230196038564e-06,2.409480718574734937e+01,1.000000000000000000e+00
2.471000000000000000e+03,1.967130538119215899e+01,3.576840968183968528e+01,-1.418626129295120922e-03,4.031741319345204744e+01,2.878644147523070629e-01,nan,7.064267272319844019e-06,1.561139314732362493e+01,1.000000000000000000e+00
2.472000000000000000e+03,2.993097115456878754e+01,5.666789350745785825e+00,-9.851640381337398340e-04,2.724698912344393520e+01,3.737551990246769096e-01,nan,7.352137839049624298e-06,3.180201704827417686e+01,1.000000000000000000e+00
2.475000000000000000e+03,9.377604901706635587e+01,5.745937035375666468e+00,-7.665446743814203177e-03,2.286812774987961348e+02,1.811367585278433889e-02,nan,1.085418717576886191e-05,2.642826463373090107e+01,1.000000000000000000e+00
2.476000000000000000e+03,6.087335387552618826e+00,2.807481785407785324e+01,-7.805709456437611750e-03,2.329106972625536969e+02,1.897275161203371141e-02,nan,1.152175092691382279e-05,1.561139314732362493e+01,1.000000000000000000e+00
2.477000000000000000e+03,9.472791707120175886e+01,3.215705436800716654e+01,-1.481227566465687616e-03,4.220506922588382537e+01,3.075653410574147317e-01,nan,1.156956633661343483e-05,2.642826463373090107e+01,1.000000000000000000e+00
2.482000000000000000e+03,5.410236506562348779e+00,1.050518075961571185e+01,-9.422388308244772012e-03,2.816593159053459203e+02,1.164350802649016803e-02,nan,1.061787822622370481e-05,5.881733391246128662e+01,1.000000000000000000e+00
2.484000000000000000e+03,4.757640209968617029e+01,5.151119553480728541e+01,-7.981443751099315947e-03,2.382097114132907336e+02,1.463458079323998184e-02,nan,9.638343493956580372e-06,5.720341037537664874e+01,1.000000000000000000e+00
2.485000000000000000e+03,9.366454554869947913e+01,1.762737650570549519e+01,-1.092179565742140831e-03,3.047388798366445073e+01,3.537163897186987871e-01,nan,7.734080835958699238e-06,2.898955867187815727e+01,1.000000000000000000e+00
2.487000000000000000e+03,1.047143782891627950e+02,4.442841582133747380e+01,-9.039172141529201385e-03,2.701039852049487990e+02,1.261759174226262381e-02,nan,1.163499848609428260e-05,2.898955867187815727e+01,1.000000000000000000e+00
2.490000000000000000e+03,3.167504471200509641e+01,4.386951196545189191e+01,-1.302249608922607981e-03,3.680824710009148504e+01,3.615060668708035552e-01,nan,1.209192793598311516e-05,2.562833132443891415e+01,1.000000000000000000e+00
2.492000000000000000e+03,1.151810877830933748e+02,1.508729229104704217e+01,-8.205053750248349903e-03,2.449523483699418875e+02,1.379334399850606907e-02,nan,9.505245035322234262e-06,3.115210326206080538e+01,1.000000000000000000e+00
2.493000000000000000e+03,5.728806425401560887e+01,4.298373749313712722e+01,-1.354079487123238017e-03,3.837110231025307883e+01,2.828290527465691095e-01,nan,8.034114852166095497e-06,2.562833132443891415e+01,1.000000000000000000e+00
2.496000000000000000e+03,3.266119394618056049e+01,2.996820890919355307e+01,-8.526786091853063090e-03,2.546537230173611022e+02,1.133179224672320462e-02,nan,8.654120077202305091e-06,2.785474332099256145e+01,1.000000000000000000e+00
2.499000000000000000e+03,8.302683942657274940e+01,3.290507018525626393e+01,-8.922423972528452374e-03,2.665836125833239407e+02,1.312841632339634135e-02,nan,1.258796349618618392e-05,1.285483419354562784e+01,1.000000000000000000e+00
2.503000000000000000e+03,4.981344365792709539e+01,3.768059666708391831e+01,-1.124041832417435431e-03,3.143464867247573480e+01,3.521778134569399921e-01,nan,8.351435384017047195e-06,2.563713803233066457e+01,1.000000000000000000e+00
2.511000000000000000e+03,8.968027609414932044e+01,3.721552576029586845e+01,-7.408596992617314664e-03,2.209363437690099943e+02,2.136526402259064650e-02,nan,1.201325528092741067e-05,3.137410564731875695e+01,1.000000000000000000e+00
2.513000000000000000e+03,5.642508746771653705e+01,3.566386358397245715e+01,-7.996516686617374456e-03,2.386642140404364625e+02,1.313685817028198421e-02,nan,9.899217702058250528e-06,3.329136864247333705e+01,1.000000000000000000e+00
2.516000000000000000e+03,1.248222118076824501e+02,2.165240786380629601e+01,-1.416352802634331023e-03,4.024886430737398513e+01,3.740330643998915905e-01,nan,1.426248899228222980e-05,7.222680245943858601e+00,1.000000000000000000e+00
2.517000000000000000e+03,9.697823284581197356e+01,8.597167809352615819e+00,-1.203026188404531611e-03,3.381630798870755683e+01,2.832641868889085313e-01,nan,6.187117671493643879e-06,3.034477117240798449e+01,1.000000000000000000e+00
2.518000000000000000e+03,2.395166062418237374e+01,4.433857694964842722e+01,-7.265072396547704418e-03,2.166085666153488205e+02,1.754227659704188369e-02,nan,1.046112542457315458e-05,8.434828834982624812e+00,1.000000000000000000e+00
2.519000000000000000e+03,1.267070777492352391e+02,1.468000581590903231e+01,-1.249235153954335624e-03,3.520967268630800362e+01,3.347648044819512281e-01,nan,9.063641307914122985e-06,7.222680245943858601e+00,1.000000000000000000e+00
2.523000000000000000e+03,1.084034735635739288e+01,1.586924252135038671e+01,-1.314859256405465473e-03,3.718847282994175174e+01,2.871413940936717868e-01,nan,7.676640371036639601e-06,3.134341299854435903e+01,1.000000000000000000e+00
2.523000000000000000e+03,3.153903091625892685e+01,4.802343102089310634e+01,-1.185840354043117377e-03,3.329809394489404184e+01,3.715884528128611253e-01,nan,1.009004718313467624e-05,8.434828834982624812e+00,1.000000000000000000e+00
2.526000000000000000e+03,6.297765559642473221e+01,4.685229051982550885e+01,-8.047873266320976215e-03,2.402127976171749140e+02,1.753724581674565020e-02,nan,1.096473957124905214e-05,3.146043057323868553e+01,1.000000000000000000e+00
2.529000000000000000e+03,9.668550478844807117e+01,3.000730967987246700e+01,-7.062764713389078734e-03,2.105082702678197677e+02,1.630684823167760644e-02,nan,8.850435626487006101e-06,3.768252216413563360e+01,1.000000000000000000e+00
2.535000000000000000e+03,2.085621496406250230e+01,4.393195180674101152e+01,-1.169507524690856703e-03,3.280560103663267313e+01,3.461128957650418947e-01,nan,8.776933330007145756e-06,9.090674010504643832e+01,1.000000000000000000e+00
2.536000000000000000e+03,1.051930718408279688e+02,1.000069823905747590e+01,-1.662242364789029425e-02,4.987659951908821085e+02,5.285741686989364752e-03,nan,1.611418658716145757e-05,1.775385561867784645e+01,1.000000000000000000e+00
2.538000000000000000e+03,1.231173999513240176e+02,8.682151745864306491e+00,-8.011800997354160542e-03,2.391250903823843714e+02,1.776655036399910070e-02,nan,1.113628007484059797e-05,1.797276002920616733e+01,1.000000000000000000e+00
2.541000000000000000e+03,1.243090536554271921e+02,3.597774637993498459e+01,-1.374022465910620548e-03,3.897245406692427139e+01,2.866778359178294711e-01,nan,8.501424226684799071e-06,1.472415153159784396e+01,1.000000000000000000e+00
2.544000000000000000e+03,1.307911921604903398e+02,5.105545887850539089e+01,-7.123691425096235694e-03,2.123454273697707890e+02,2.089179137955543553e-02,nan,1.042426347700637207e-05,1.641205452673030152e+01,1.000000000000000000e+00
2.551000000000000000e+03,1.070423743942834847e+02,1.833518932639826104e+01,-2.214725792956612205e-02,6.653594031277636986e+02,3.304452610448871397e-03,nan,2.065669328622222369e-05,1.164032298412836397e+01,1.000000000000000000e+00
2.551000000000000000e+03,1.199548618765011270e+02,2.937946010119496165e+01,-1.745208086983675300e-03,5.016502101808563197e+01,1.991963292528807772e-01,nan,8.157308627493261883e-06,1.699141694872607644e+01,1.000000000000000000e+00
2.552000000000000000e+03,1.332795253231247479e+01,6.750589639895626881e+00,-7.215233931283326213e-03,2.151057595895753423e+02,1.907549826585330788e-02,nan,9.936200233404295754e-06,2.542320993160421594e+01,1.000000000000000000e+00
2.555000000000000000e+03,9.641043903696973416e+01,1.359608922904551953e+01,-8.288724627878550286e-03,2.474753229857989822e+02,1.399688736093063213e-02,nan,9.738272887572048796e-06,1.164032298412836397e+01,1.000000000000000000e+00
2.556000000000000000e+03,1.334524183337711989e+01,3.217379369262052791e+01,-1.933435456649828035e-03,5.584074582374768170e+01,1.978706109705986593e-01,nan,9.804846229715218956e-06,1.415965632770124927e+01,1.000000000000000000e+00
2.560000000000000000e+03,1.897438695512921925e+01,4.516642978068458802e+01,-9.499862244162661853e-03,2.839954306832410680e+02,1.231006491343955567e-02,nan,1.176623614808069465e-05,1.415965632770124927e+01,1.000000000000000000e+00
2.561000000000000000e+03,1.201486242434443170e+02,2.963957551374421584e+01,1.734816977247145755e-03,-4.985169209363334630e+01,2.930264490487723972e-01,nan,1.506474759471151235e-05,4.235963670893501387e+01,1.000000000000000000e+00
2.562000000000000000e+03,7.862199035637367217e+01,2.128029922197405455e+01,-1.068047157513312209e-03,2.974621002563072381e+01,3.543689748033800324e-01,nan,7.743988914235197451e-06,2.007007677818394598e+01,1.000000000000000000e+00
2.564000000000000000e+03,5.101034668605453959e+01,2.196468807073287266e+01,-7.744818651748199348e-03,2.310746228849252475e+02,1.347432391181380140e-02,nan,8.130140935005175621e-06,2.706373238428313499e+01,1.000000000000000000e+00
2.564000000000000000e+03,7.123944936677462181e+01,3.994325907348443394e+01,-1.230918109366727596e-03,3.465734862994629140e+01,2.912558833496731170e-01,nan,6.953827811629675404e-06,2.007007677818394598e+01,1.000000000000000000e+00
2.565000000000000000e+03,8.157815764974937878e+00,2.851002039881940320e+01,-1.417393513905661597e-03,4.028024545448717930e+01,3.526223912730700460e-01,nan,1.302020635387518742e-05,1.986036721231413082e+01,1.000000000000000000e+00
2.574000000000000000e+03,2.402592205950632476e+01,2.871617551995112194e+01,-8.479513232972980472e-03,2.532282781511010796e+02,1.313304141570792449e-02,nan,9.539991392975544194e-06,1.332197374116409350e+01,1.000000000000000000e+00
2.574000000000000000e+03,2.250479858442987080e+01,4.827098406535428410e+01,-8.323361186018778113e-03,2.485197384316925024e+02,1.617931438769970587e-02,nan,1.114170704454997523e-05,1.672909379831821042e+01,1.000000000000000000e+00
2.575000000000000000e+03,9.152240821272670246e+01,5.341344447217616676e+01,-1.158840523130373178e-03,3.248395299221568422e+01,3.310857034863310400e-01,nan,7.724982001398851699e-06,4.301491273083743039e+01,1.000000000000000000e+00
2.577000000000000000e+03,6.951801464364481831e+01,1.645279809121432280e+01,-8.798597926934848337e-03,2.628498168032035096e+02,1.594326062978168590e-02,nan,1.269988726534524049e-05,3.727592165344292852e+01,1.000000000000000000e+00
2.579000000000000000e+03,1.229082834060674223e+01,3.502193160220717516e+01,-7.961083250475642706e-03,2.375957698879406621e+02,1.575678011838343995e-02,nan,9.485893298853626391e-06,1.332197374116409350e+01,1.000000000000000000e+00
2.581000000000000000e+03,1.367084734618241271e+02,8.108577223773258069e+00,-1.217885117611316667e-03,3.426435756425072299e+01,3.106110258625549569e-01,nan,7.549261367923275249e-06,1.461382292756295698e+01,1.000000000000000000e+00
2.582000000000000000e+03,1.231057575126436916e+02,1.344991969211180916e+01,-1.095673427720900497e-03,3.057924035157767051e+01,3.609410815545364137e-01,nan,8.071871029463326602e-06,1.461382292756295698e+01,1.000000000000000000e+00
2.584000000000000000e+03,3.828989665075581428e+01,3.715787341620086437e+01,-1.866296375480615277e-03,5.381626368229648705e+01,2.144506591159908160e-01,nan,1.042114469798655271e-05,2.608665943405870991e+01,1.000000000000000000e+00
2.590000000000000000e+03,3.810602717731179467e+01,3.724595602996018329e+01,1.824995077789654755e-03,-5.257088262944331092e+01,1.843387166036574154e-01,nan,7.817895218794696850e-06,9.442349711515366550e+01,1.000000000000000000e+00
2.595000000000000000e+03,1.365960163542578698e+02,2.673389167010988032e+01,-7.605003516407258038e-03,2.268586991684697125e+02,1.683735971302480205e-02,nan,1.010236723410215766e-05,3.001011520573047164e+01,1.000000000000000000e+00
2.597000000000000000e+03,1.178525489823086403e+01,1.067292292177134883e+01,-8.430579013306465849e-03,2.517527373469153815e+02,1.761682862835001195e-02,nan,1.283176156769862487e-05,9.583211650607134402e+01,1.000000000000000000e+00
2.603000000000000000e+03,1.118435801418613948e+02,2.071447026918963630e+01,-1.374854966663854221e-03,3.899755692621748437e+01,2.820763097499436878e-01,nan,8.363109594136826624e-06,2.153418233512184798e+01,1.000000000000000000e+00
2.603000000000000000e+03,2.592041657100341823e+01,4.192293798193614407e+01,-1.186104520976300836e-03,3.330605951769126705e+01,3.523475797293839085e-01,nan,8.922222166884961428e-06,8.850191602867717222e+01,1.000000000000000000e+00
2.604000000000000000e+03,1.289771365526545992e+02,4.834825386249629986e+01,-6.781938288191403409e-03,2.020403545209927643e+02,2.857245567800681396e-02,nan,1.315154438087902522e-05,2.046253068003133180e+01,1.000000000000000000e+00
2.608000000000000000e+03,1.320643580638102321e+02,2.811995128486311302e+01,-1.205282765179860023e-03,3.388435180615200437e+01,3.396135834591447189e-01,nan,9.326209855284810197e-06,2.046253068003133180e+01,1.000000000000000000e+00
2.614000000000000000e+03,1.196338439302523398e+02,4.242784441395816941e+01,-8.928789279115684901e-03,2.667755492212149875e+02,2.400975188140319627e-02,nan,1.910848164729715706e-05,1.040985278668021436e+02,1.000000000000000000e+00
2.621000000000000000e+03,5.051334459064686655e+01,5.212008368754428744e+01,-1.586480692929585420e-02,4.759211559385595933e+02,5.475153537150889704e-03,nan,1.382969825611013582e-05,3.432466429607929115e+01,1.000000000000000000e+00
2.621000000000000000e+03,2.507451692163349932e+01,2.485122186437294545e+01,-1.286264999064338490e-03,3.632625424834881755e+01,3.030812805748844818e-01,nan,8.136279741594620963e-06,1.565816540321577577e+01,1.000000000000000000e+00
2.621000000000000000e+03,8.220898518272606736e+01,3.894552690197150469e+01,-1.325929224592074318e-03,3.752227175167169548e+01,3.148399656819655945e-01,nan,9.210413696487539955e-06,3.432466429607929115e+01,1.000000000000000000e+00
2.623000000000000000e+03,3.308041027257576161e+01,1.139448320124204805e+01,-7.744313261978376557e-03,2.310593835854641895e+02,1.707101419106926699e-02,nan,1.119773533909285083e-05,1.565816540321577577e+01,1.000000000000000000e+00
2.626000000000000000e+03,1.394824883334467245e+02,2.208415975900625838e+01,-1.600640439101030238e-02,4.801908231357206205e+02,4.907898389625908742e-03,nan,1.402522903479841586e-05,5.970393508878185429e+01,1.000000000000000000e+00
2.630000000000000000e+03,1.739597917773005520e+01,3.249205103274047701e+01,-8.119280279228840991e-03,2.423659730835177299e+02,1.614405415576936065e-02,nan,1.061641104980233445e-05,8.120866851810859544e+01,1.000000000000000000e+00
2.635000000000000000e+03,9.860150322983638205e+01,3.320668793832562216e+01,-1.199797723638706091e-03,3.371895829090270524e+01,3.469775468655974526e-01,nan,8.796177145860146872e-06,2.378854971208753710e+01,1.000000000000000000e+00
2.635000000000000000e+03,1.200904532589885605e+02,4.341061483188285308e+01,-1.428898943345734271e-03,4.062717508214247886e+01,2.640579376312909288e-01,nan,8.137830619366575148e-06,2.378854971208753710e+01,1.000000000000000000e+00
2.647000000000000000e+03,1.155867623217239242e+02,4.765455047905377484e+01,-1.762338785893329592e-03,5.068157253188674360e+01,2.045751149273034031e-01,nan,8.201742807012596788e-06,2.096762581149292259e+01,1.000000000000000000e+00
2.650000000000000000e+03,9.999368876924695826e+01,3.363679782900934612e+01,-8.091664497785658328e-03,2.415332590311309104e+02,1.750034349533324818e-02,nan,1.140718659443130673e-05,2.096762581149292259e+01,1.000000000000000000e+00
2.652000000000000000e+03,7.977760305977216859e+00,2.679500288979199851e+01,-1.357905947809976300e-03,3.848648371241648647e+01,3.116728179192802539e-01,nan,9.699882212215223804e-06,9.226993686433233677e+01,1.000000000000000000e+00
2.663000000000000000e+03,1.018436443100110722e+02,4.206955042760053942e+01,1.066158043210889070e-03,-2.968924650897524842e+01,3.504527797019906243e-01,nan,7.353622090513870826e-06,1.463236654713428919e+01,1.000000000000000000e+00
2.666000000000000000e+03,8.649639307589414727e+01,1.251202067393704098e+01,-1.666671615026415684e-02,5.001015717059981398e+02,5.400394505307826165e-03,nan,1.823486523184144367e-05,3.330443942752687292e+01,1.000000000000000000e+00
2.674000000000000000e+03,4.286200721213046450e+01,1.757504402412160616e+01,-8.953136808557460996e-03,2.675097138491029227e+02,1.319486401000913300e-02,nan,1.098088739438588024e-05,2.577580277440160472e+01,1.000000000000000000e+00
2.675000000000000000e+03,6.467793106170904593e+01,4.504818266196578946e+01,-1.039885377422638223e-03,2.889703217165691740e+01,3.627738615055018379e-01,nan,7.532560788964414931e-06,2.971741128660239539e+01,1.000000000000000000e+00
2.676000000000000000e+03,1.058822027622803006e+02,1.050143447999373336e+01,-1.287710124147508099e-03,3.636982991057253400e+01,2.885602790834886910e-01,nan,7.239786882206370444e-06,1.143908182653461125e+01,1.000000000000000000e+00
2.677000000000000000e+03,2.653205689565965386e+01,3.751808118816570925e+01,-7.823746009655059216e-03,2.334545635062698921e+02,1.303751871661784634e-02,nan,8.838722462728507761e-06,1.950872375716541285e+01,1.000000000000000000e+00
2.679000000000000000e+03,1.401078503867161373e+01,2.255786549063014945e+01,-1.052482183495510870e-03,2.927687068731340858e+01,2.980238901644258753e-01,nan,5.628790703498460310e-06,1.950872375716541285e+01,1.000000000000000000e+00
2.680000000000000000e+03,5.324032843497217726e+01,1.761998950729471503e+01,-1.520249030327671703e-02,4.559499535030873290e+02,7.127813288344109210e-03,nan,1.872950999078982945e-05,2.856822285974209308e+01,1.000000000000000000e+00
2.684000000000000000e+03,5.231112594206648936e+01,4.617309687043591993e+01,-6.754123535161777638e-03,2.012016407674423988e+02,4.465353575678732145e-02,nan,2.373997355907214268e-05,8.207921774673458515e+00,1.000000000000000000e+00
2.685000000000000000e+03,4.410629569037403286e+01,4.594784057180923043e+01,-8.098329497574162025e-03,2.417342324851851743e+02,2.515521526338648783e-02,nan,1.907758645373619697e-05,8.207921774673458515e+00,1.000000000000000000e+00
2.686000000000000000e+03,6.385107875881055151e+01,2.205075580452953687e+01,-7.946438085980977659e-03,2.371541660789260675e+02,1.044454360877300481e-02,nan,6.681309544921717309e-06,1.926277661052605694e+01,1.000000000000000000e+00
2.687000000000000000e+03,8.306779265456970052e+01,2.338209715653773912e+01,-1.141523816453627336e-03,3.196179268252267036e+01,3.650357340475783863e-01,nan,9.121228463334287939e-06,1.926277661052605694e+01,1.000000000000000000e+00
2.688000000000000000e+03,1.198754970497274996e+02,2.844463232748297443e+01,-8.998499288823066239e-03,2.688775540040522287e+02,1.668235681817098470e-02,nan,1.334975543318635834e-05,2.070014881475642099e+01,1.000000000000000000e+00
2.688000000000000000e+03,1.608911747623492161e+01,1.255733579780027398e+01,-1.224845122109200369e-03,3.447422645975844091e+01,3.199367179924557103e-01,nan,8.407003564411035388e-06,2.433121565701702593e+01,1.000000000000000000e+00
2.689000000000000000e+03,1.196532123017045279e+02,4.914358762585148810e+01,-8.052273058699838809e-03,2.403454670094570531e+02,1.582229568797166586e-02,nan,9.726044737191164857e-06,2.070014881475642099e+01,1.000000000000000000e+00
2.691000000000000000e+03,1.000334226879444266e+01,3.611516667147736115e+01,-8.918279999654520063e-03,2.664586570591815757e+02,1.148106729615394617e-02,nan,9.888238027230076619e-06,2.433121565701702593e+01,1.000000000000000000e+00
2.694000000000000000e+03,4.897279042208454314e+01,1.686854904148287204e+01,-1.300127286770722066e-03,3.674425153714849301e+01,3.304911540146135973e-01,nan,9.909960520539143168e-06,3.195767227707855795e+01,1.000000000000000000e+00
2.696000000000000000e+03,1.084742703349558326e+02,1.413065509411877230e+01,-8.890664156719784231e-03,2.656259411526057193e+02,1.307345759156108844e-02,nan,9.915481759660400865e-06,5.956443716756533746e+01,1.000000000000000000e+00
2.700000000000000000e+03,3.099980565633241980e+01,4.523196993779953345e+01,-8.270728027636422425e-03,2.469326614664194892e+02,1.985459922242671649e-02,nan,1.422955430606276445e-05,8.348403717025801996e+01,1.000000000000000000e+00
2.717000000000000000e+03,1.315024961950648219e+02,2.437498143214696000e+01,-7.442799648179126634e-03,2.219676755085758089e+02,1.790087700788878244e-02,nan,9.945686067340810360e-06,1.922577217641636338e+01,1.000000000000000000e+00
2.717000000000000000e+03,8.932463398171867652e+01,5.049618928797463724e+01,-1.422942005155619378e-03,4.044755220417633979e+01,3.066150776570913949e-01,nan,8.364615320302978621e-06,3.419232910898085009e+01,1.000000000000000000e+00
2.719000000000000000e+03,1.122930451150471924e+02,2.516700730538289932e+01,-8.906494625477731283e-03,2.661032861018238123e+02,1.296596240358072194e-02,nan,1.011691653155394049e-05,1.922577217641636338e+01,1.000000000000000000e+00
2.719000000000000000e+03,1.251399563427057160e+02,4.306809328887489841e+01,-1.111306914815652540e-03,3.105064560289717335e+01,3.251308573482459829e-01,nan,6.968808810051220581e-06,1.294101455444379845e+01,1.000000000000000000e+00
2.724000000000000000e+03,1.341361678562622046e+02,5.237067551649749930e+01,-1.156487771495107045e-03,3.241300916060646387e+01,3.646066013577035081e-01,nan,9.849063372197258700e-06,7.886709649107460862e+00,1.000000000000000000e+00
2.733000000000000000e+03,4.192460545465859667e+01,1.944884805496907987e+01,-1.384390478508781526e-03,3.928508653048773169e+01,2.598611883181587423e-01,nan,7.351292951945952608e-06,8.246419155199673412e+01,1.000000000000000000e+00
2.739000000000000000e+03,2.133564286899304818e+01,1.326955041053330220e+01,-8.244360197541810223e-03,2.461375775867217612e+02,1.437818456874551121e-02,nan,9.461441020808268371e-06,1.199931013777193733e+01,1.000000000000000000e+00
2.739000000000000000e+03,3.368077899944331222e+01,9.816161093572562280e+00,-6.631269454161037302e-03,1.974971531775161679e+02,2.788486845079618526e-02,nan,1.180949803285072498e-05,1.281905939817142404e+01,1.000000000000000000e+00
2.740000000000000000e+03,8.293420985163116654e+01,7.935924640864871371e+00,-2.875677925326639711e-02,8.646599841060449307e+02,2.957155115462795081e-03,nan,3.587896762094826920e-05,2.083594946388585001e+01,1.000000000000000000e+00
2.740000000000000000e+03,1.155117413668065893e+02,1.024734897715507920e+01,-8.496041106799535544e-03,2.537266523441241759e+02,1.840234588597366994e-02,nan,1.345428495020520127e-05,2.426100140686524398e+01,1.000000000000000000e+00
2.742000000000000000e+03,9.198432470241363035e+01,2.670377511046451957e+01,-9.239026640744321325e-03,2.761303093294918654e+02,1.236066829582949111e-02,nan,1.001231156094551011e-05,1.971447085312374981e+01,1.000000000000000000e+00
2.743000000000000000e+03,9.578133053421648668e+00,1.566629960875546956e+01,-2.256123290159977798e-02,6.778422212315391562e+02,3.404941573070030536e-03,nan,2.268877836516629005e-05,1.199931013777193733e+01,1.000000000000000000e+00
2.746000000000000000e+03,9.185905303039741909e+01,4.641784795264647556e+01,-1.357214733333280852e-03,3.846564113698034504e+01,2.847765431123018276e-01,nan,8.143878000991036908e-06,1.971447085312374981e+01,1.000000000000000000e+00
2.747000000000000000e+03,1.151124848065292667e+02,8.392863169827368353e+00,-1.174663608683245569e-03,3.296107531153533188e+01,3.618255459745665092e-01,nan,9.239942564830094899e-06,2.949917432572264886e+01,1.000000000000000000e+00
2.749000000000000000e+03,2.981867042048433447e+01,3.937959901966460308e+01,-1.315183317107037394e-03,3.719824441292521300e+01,2.812635997881216543e-01,nan,7.566863590980785149e-06,2.812342671142268813e+01,1.000000000000000000e+00
2.750000000000000000e+03,5.924293403239225597e+01,3.662926568504383340e+01,-8.754051941490158945e-03,2.615065968717476039e+02,1.123426307239205890e-02,nan,9.852883420154551040e-06,1.796234352375261167e+01,1.000000000000000000e+00
2.751000000000000000e+03,6.867469527956616560e+01,5.191611181632957539e+01,-8.594187735842407500e-03,2.566861223618943768e+02,1.815272381296961779e-02,nan,1.426658023834626581e-05,1.796234352375261167e+01,1.000000000000000000e+00
2.752000000000000000e+03,7.810737180270922231e+00,2.187022997086467768e+01,-8.288977475780757997e-03,2.474829472495453047e+02,1.543317038916025563e-02,nan,1.060455047674636181e-05,1.659561781768644906e+01,1.000000000000000000e+00
2.752000000000000000e+03,1.121462148696295458e+02,5.328980805714763846e+01,-1.243679179940868768e-03,3.504214030467945662e+01,3.653856015483417652e-01,nan,1.052587615864828980e-05,3.161576680713703524e+01,1.000000000000000000e+00
2.754000000000000000e+03,4.108180797770270942e+01,1.219393450209528140e+01,-1.358270250248775008e-03,3.849746872693547317e+01,2.935614388548680731e-01,nan,9.080340364344636957e-06,6.221083590128746899e+00,1.000000000000000000e+00
2.757000000000000000e+03,1.343421972821223420e+01,3.748403715501138578e+01,-8.005834919335987412e-03,2.389451919060878140e+02,2.161488062416372369e-02,nan,1.413380976485486075e-05,1.659561781768644906e+01,1.000000000000000000e+00
2.757000000000000000e+03,6.090445621155372180e+01,3.853060895325140223e+01,-1.089729022214178415e-03,3.039999537860026990e+01,3.598219170434366898e-01,nan,8.261723607325202002e-06,2.566936157264960272e+01,1.000000000000000000e+00
2.759000000000000000e+03,4.730130868955031076e+01,1.205360656226733340e+01,-1.169218699154155224e-03,3.279689191921753633e+01,3.698644100451520256e-01,nan,9.504680558677681222e-06,6.221083590128746899e+00,1.000000000000000000e+00
2.763000000000000000e+03,1.241099996993596335e+02,2.463157602646484889e+01,-1.191551258520057036e-03,3.347029803115430724e+01,3.552736011033681418e-01,nan,9.686677800756347782e-06,1.036337078235853504e+01,1.000000000000000000e+00
2.766000000000000000e+03,4.761746344667793096e+01,6.676642695052544596e+00,-1.411426689147250464e-03,4.010032446131589268e+01,2.654562065298103901e-01,nan,7.754367691185587924e-06,5.447135437742949904e+01,1.000000000000000000e+00
2.768000000000000000e+03,1.295492133843354452e+02,5.067880113873864190e+01,-1.564761267240401266e-02,4.693719764346713532e+02,6.124706315032357740e-02,nan,1.524520010685704674e-04,2.660907705201919882e+01,1.000000000000000000e+00
2.770000000000000000e+03,1.842749237372895621e+01,5.266657677276035088e+01,-1.145010360978912468e-03,3.206692440318212789e+01,3.588617056369320935e-01,nan,8.684682816045465731e-06,5.447135437742949904e+01,1.000000000000000000e+00
2.773000000000000000e+03,1.071230892162000430e+02,2.230194417428529974e+01,-1.166885227215171692e-03,3.272652943903787559e+01,3.561080579909629007e-01,nan,8.731311557954152169e-06,3.616873036734453706e+01,1.000000000000000000e+00
2.776000000000000000e+03,5.974616919275104010e+01,2.297449491511567388e+01,-1.204150134290830594e-03,3.385019895556536795e+01,3.213653089339287838e-01,nan,7.702631700756441886e-06,1.500958061528135090e+01,1.000000000000000000e+00
2.777000000000000000e+03,6.407965027812515757e+01,8.604092974691930351e+00,-1.113350746108426490e-03,3.111227438721031291e+01,3.496136175419987113e-01,nan,8.031199308288485765e-06,1.500958061528135090e+01,1.000000000000000000e+00
2.780000000000000000e+03,1.315889312937748343e+02,4.090888571124004613e+01,-8.001067392464257869e-03,2.388014340106471707e+02,1.769898908686562411e-02,nan,1.095815247652828634e-05,2.208729465642825929e+01,1.000000000000000000e+00
2.782000000000000000e+03,3.886436361769079184e+01,3.596318534187585669e+01,-1.160938237978664800e-03,3.254720655741596147e+01,3.275341391259106727e-01,nan,7.618135571990907770e-06,2.902709373386673519e+01,1.000000000000000000e+00
2.783000000000000000e+03,6.698577132432572512e+01,2.876884039380039937e+01,-1.150499347747504326e-03,3.223243688107363880e+01,3.497117755947907192e-01,nan,8.382940823337532666e-06,1.171806695998716386e+01,1.000000000000000000e+00
2.785000000000000000e+03,1.109259127156321654e+02,4.871197794952707483e+01,-1.110269934857192192e-03,3.101937696814098899e+01,3.738321060794526085e-01,nan,8.781260695876630327e-06,1.425949315973197429e+01,1.000000000000000000e+00
2.786000000000000000e+03,1.006236456033437463e+02,3.885315258747184686e+01,-1.097580624466390833e-03,3.063674911821907898e+01,3.419147636504479282e-01,nan,7.873888964382389107e-06,1.425949315973197429e+01,1.000000000000000000e+00
2.791000000000000000e+03,1.064616401805134700e+02,1.311861736999909844e+01,-7.080520978814187558e-03,2.110436848374860119e+02,1.749392482317546627e-02,nan,9.140699688740569514e-06,4.112837433992945435e+00,1.000000000000000000e+00
2.794000000000000000e+03,4.734716305687480542e+01,3.481295137673609474e+01,-8.674450651735696877e-03,2.591063348077161095e+02,1.399434399794230455e-02,nan,1.106377977076249223e-05,2.335063745891111608e+01,1.000000000000000000e+00
2.796000000000000000e+03,3.412401387999008051e+01,1.556715714570068698e+01,-7.731245544227684056e-03,2.306653454074747458e+02,1.547070850690457355e-02,nan,9.764952308207516191e-06,9.044541363677618406e+00,1.000000000000000000e+00
2.797000000000000000e+03,5.897788944013530710e+00,4.004683010850965985e+01,-1.339903750815076922e-03,3.794365343103080335e+01,2.869641839163005193e-01,nan,8.013825562159661067e-06,3.489797318435819307e+01,1.000000000000000000e+00
2.804000000000000000e+03,3.444928000863784945e+01,4.168712854102219723e+01,-1.236863027686701177e-03,3.483660906606753116e+01,2.882863073566396261e-01,nan,6.895541887980682352e-06,9.691773621290646901e+00,1.000000000000000000e+00
2.805000000000000000e+03,6.825895385435003959e+01,7.841938984161334503e+00,-7.552150928711392174e-03,2.252650056287846496e+02,1.594874481440333724e-02,nan,9.775819832148651328e-06,6.491348039102359913e+00,1.000000000000000000e+00
2.806000000000000000e+03,2.007845416113935499e+01,3.014741385916967786e+01,-3.051001804919271920e-02,9.175263708697626726e+02,2.475956465372020077e-03,nan,3.024637458284555415e-05,1.293142973779395000e+01,1.000000000000000000e+00
2.806000000000000000e+03,8.867480234990424037e+01,2.531924377260799730e+01,-1.142303722613374631e-03,3.198530962771941333e+01,3.329062032430578633e-01,nan,7.964576134785673859e-06,2.012272558864964012e+01,1.000000000000000000e+00
2.809000000000000000e+03,3.285746934676187436e+01,3.212697086747500919e+01,-1.113139685291231933e-03,3.110591015273272930e+01,3.641066650310851305e-01,nan,8.719079448896008467e-06,4.534965007077541799e+00,1.000000000000000000e+00
2.809000000000000000e+03,5.492867123421619624e+01,3.641709817341655508e+01,-1.317441859046234029e-03,3.726634748705127009e+01,2.892489867381583535e-01,nan,7.919388560073679949e-06,1.110214593234138647e+01,1.000000000000000000e+00
2.810000000000000000e+03,1.033754033110284496e+02,3.906029236788954506e+01,-7.372391069985994271e-03,2.198446064007678729e+02,1.862571175649618826e-02,nan,1.040390278549636880e-05,2.012272558864964012e+01,1.000000000000000000e+00
2.812000000000000000e+03,1.018302291174669421e+02,1.835572303861462728e+01,-1.411103673157905122e-02,4.230387455204214007e+02,5.205522975027188082e-03,nan,1.151218305549725124e-05,2.076214715291267865e+01,1.000000000000000000e+00
2.814000000000000000e+03,5.956964318927995095e+01,2.633151323176264569e+01,-7.921167091693248272e-03,2.363921557007488161e+02,1.348111389544748295e-02,nan,8.900063722941333163e-06,1.110214593234138647e+01,1.000000000000000000e+00
2.815000000000000000e+03,1.354113325232880811e+02,1.122156093335493843e+01,-1.519808752216622594e-02,4.558171939899143013e+02,5.357585913100204600e-03,nan,1.715260807685888291e-05,3.433055162528815885e+01,1.000000000000000000e+00
2.816000000000000000e+03,1.061947392287708567e+02,4.220307470824175766e+01,-1.243593603914358711e-03,3.503955988304738867e+01,2.989665919762877211e-01,nan,7.382164297553983899e-06,2.424345540896639761e+01,1.000000000000000000e+00
2.820000000000000000e+03,5.021164572980845264e+01,2.907348500133609903e+01,-1.462844425580767972e-02,4.386404230294319291e+02,5.291815269652611065e-03,nan,1.310212040464973546e-05,1.815326369803408468e+01,1.000000000000000000e+00
2.820000000000000000e+03,4.163631743296679133e+01,4.679321441388189839e+01,-7.614656883484890310e-03,2.271497825272705882e+02,2.147987207111179409e-02,nan,1.209171769243350978e-05,1.968565634802289210e+01,1.000000000000000000e+00
2.827000000000000000e+03,1.141506028643006516e+02,3.254213381540618144e+01,-8.037855901388422236e-03,2.399107384281425084e+02,1.455542963081235541e-02,nan,8.993717977493159797e-06,2.985789681388869710e+01,1.000000000000000000e+00
2.827000000000000000e+03,6.638585788739673887e+01,5.069914548795146203e+01,-1.767083299531539134e-03,5.082463649646824422e+01,2.223738938498118767e-01,nan,9.505745924463509597e-06,1.922670927831550358e+01,1.000000000000000000e+00
2.828000000000000000e+03,7.271044463371273991e+01,5.976378904680675674e+00,-8.532088510555469602e-03,2.548136098043497668e+02,1.856293053541691052e-02,nan,1.364614091439544545e-05,3.259232399598882068e+01,1.000000000000000000e+00
2.828000000000000000e+03,5.646356521068265977e+01,3.423055545387478560e+01,-7.917507432980903578e-03,2.362818039715037628e+02,1.698059254782913197e-02,nan,1.127802237676363251e-05,1.922670927831550358e+01,1.000000000000000000e+00
2.835000000000000000e+03,7.624686704077340949e+01,3.852580201610977184e+01,-1.178671499384174480e-03,3.308192747405553291e+01,3.664848559221569602e-01,nan,9.678623924096379572e-06,3.876112362591970140e+01,1.000000000000000000e+00
2.837000000000000000e+03,1.124118829484969240e+02,5.247271311276252703e+01,-1.482742705295425362e-03,4.225075605163726067e+01,2.313015067957236992e-01,nan,7.073102124919198211e-06,3.876112362591970140e+01,1.000000000000000000e+00
2.841000000000000000e+03,5.960513150645547142e+01,2.734640804782081602e+01,-1.073298237572946866e-03,2.990454876990498434e+01,3.541820910151194379e-01,nan,7.471712681446701160e-06,1.385358660975352940e+01,1.000000000000000000e+00

# Refeyn DiscoverMP; 2026.1.1; Refeyn Ltd; www.refeyn.com; email: support@refeyn.com
# Time created: 2025-07-01 15:49:21
# Time changed: 2026-06-03 11:54:07
# Version commit: 5702903d36991d4e78ba38ff0682028af1695d17
