frame_indices,x_coords,y_coords,contrasts,calibrated_values,fit_errors,diffblur_errors,residual_errors,neareast_neighbour_distances,selections
5.000000000000000000e+00,5.904283793174653994e+01,6.151477230412128350e+00,-8.755779839188239724e-03,2.615586991342615306e+02,2.399115219939607080e-02,nan,1.841673200669662918e-05,2.031871447774507189e+01,1.000000000000000000e+00
5.000000000000000000e+00,1.044549237526706946e+02,4.556810436681708154e+01,-5.775824534650615162e-03,1.717024456482425308e+02,3.326021467129358644e-02,nan,1.161815371668020920e-05,1.085938055061253138e+01,1.000000000000000000e+00
8.000000000000000000e+00,8.121494286756791325e+01,3.583044657655428722e+01,-8.752332257445616728e-03,2.614547422801076664e+02,1.965393632052303552e-02,nan,1.483438251402885471e-05,1.446063727966188317e+01,1.000000000000000000e+00
1.000000000000000000e+01,9.893450297153053441e+01,8.588190474362765059e+00,-8.403706657366416879e-03,2.509424402181501534e+02,2.186298457022328723e-02,nan,1.507338401518602337e-05,1.105021817419869912e+01,1.000000000000000000e+00
1.000000000000000000e+01,4.842124358123228234e+01,3.980632324653948473e+01,-8.893631941804093846e-03,2.657154304306568520e+02,1.877966088302684966e-02,nan,1.515631249088855815e-05,1.505458485678152059e+01,1.000000000000000000e+00
1.000000000000000000e+01,2.029780117406813744e+01,3.296626556650853246e+01,-1.372790370847675086e-03,3.893530201765483412e+01,3.330010823900362293e-01,nan,1.138296123979802003e-05,3.920867744888388184e+00,1.000000000000000000e+00
1.400000000000000000e+01,4.037782886084325895e+01,1.914320050844934684e+01,-1.792127158542583185e-02,5.379308810994964460e+02,4.277293701055118191e-03,nan,1.878582532559870327e-05,2.124988769025376101e+01,1.000000000000000000e+00
1.400000000000000000e+01,1.429256520481474126e+02,2.744803971672581966e+01,-2.638177489250807112e-02,7.930451536601857470e+02,4.248408467197983818e-03,nan,3.054429285244241447e-05,2.259531967499608385e+01,1.000000000000000000e+00
1.400000000000000000e+01,1.043970865975631028e+02,3.464978622500346006e+01,-9.007148360697317044e-03,2.691383542897371512e+02,1.804907580639225628e-02,nan,1.520810434914984407e-05,1.082190028570966689e+01,1.000000000000000000e+00
1.400000000000000000e+01,9.049624360709682946e+01,1.572283136202754683e+01,-1.978785953875625888e-03,5.720822464741768698e+01,1.965387984662554377e-01,nan,1.063322382751358258e-05,1.105021817419869912e+01,1.000000000000000000e+00
1.600000000000000000e+01,5.709585945450701416e+01,6.025838734154905119e+00,-1.603865742679769354e-03,4.590304651842092198e+01,2.591515956011031241e-01,nan,9.715128033705713864e-06,9.163034639913647084e+00,1.000000000000000000e+00
1.600000000000000000e+01,1.140423867093304864e+02,2.974247417584833642e+01,-9.148346017652105380e-03,2.733959659511073141e+02,1.970148140668637193e-02,nan,1.692058560436732951e-05,1.082190028570966689e+01,1.000000000000000000e+00
1.600000000000000000e+01,4.770676260191599738e+00,5.134159396798033725e+01,-1.246246228333384868e-03,3.511954594587064094e+01,3.646460771876778306e-01,nan,1.073138350856167874e-05,3.404604282241569280e+01,1.000000000000000000e+00
1.700000000000000000e+01,1.264984258446611278e+02,4.296237858355345907e+01,-8.737847802483400886e-03,2.610179844352131795e+02,1.074393167062350773e-01,nan,8.978922592556794397e-05,7.288726011504757629e+00,1.000000000000000000e+00
1.700000000000000000e+01,1.310971565962379373e+02,4.861721742699434401e+01,-7.811684634472972587e-03,2.330908701367414153e+02,1.368972874088232317e-01,nan,1.043538258856140295e-04,7.288726011504757629e+00,1.000000000000000000e+00
1.800000000000000000e+01,7.448279748211329832e+01,4.066509754004861321e+01,-6.802371391686413971e-03,2.026564852811950743e+02,3.322678741441680295e-01,nan,2.661880438299538739e-04,2.081115580319169212e+01,1.000000000000000000e+00
1.900000000000000000e+01,1.105775138753461846e+02,4.881174064928851664e+01,-9.514803269543925870e-03,2.844459557504981717e+02,1.293648101239575077e-02,nan,1.243178668762862785e-05,1.545181654212514566e+01,1.000000000000000000e+00
2.000000000000000000e+01,3.152418250679473388e+01,2.671468143639231485e+01,-1.726173815536415773e-02,5.180436019232334957e+02,7.691504459565456919e-03,nan,2.550094000635794229e-05,1.753220905995262768e+01,1.000000000000000000e+00
2.000000000000000000e+01,8.775618810596058950e+01,2.463633254671609407e+01,-1.429831276827317910e-03,4.065528825334579466e+01,3.482284323686253291e-01,nan,1.340227264459117041e-05,1.015082948741468627e+01,1.000000000000000000e+00
2.100000000000000000e+01,3.826073529538181361e+01,1.052835353138357632e+01,-1.593332561428770916e-03,4.558543363239451196e+01,2.156274325516174262e-01,nan,8.334296833742212439e-06,4.832009071216303298e+00,1.000000000000000000e+00
2.100000000000000000e+01,5.696004463488127101e+01,1.518786679277966734e+01,-1.327760463801958739e-03,3.757749012839914116e+01,3.106185369155999298e-01,nan,9.035841815015370807e-06,9.163034639913647084e+00,1.000000000000000000e+00
2.100000000000000000e+01,4.334763732954128557e+01,4.259468122316236816e+01,-1.346885910018582764e-03,3.815419036972737388e+01,2.999101474256495869e-01,nan,9.198542630099838878e-06,1.859136098676450999e+01,1.000000000000000000e+00
2.200000000000000000e+01,9.658145748756226112e+01,1.962096021510086885e+01,-9.390196769115391126e-03,2.806886264806722693e+02,1.565469512695749632e-02,nan,1.327714524067921973e-05,1.015082948741468627e+01,1.000000000000000000e+00
2.400000000000000000e+01,7.483292195508616373e+01,2.399770669131167011e+01,-7.496367339549113093e-03,2.235829319679840808e+02,1.878457234518915442e-02,nan,1.223513763142209832e-05,1.083497663336017069e+01,1.000000000000000000e+00
2.400000000000000000e+01,2.477541752847109890e+01,4.343809986234807496e+01,-8.472462058868352949e-03,2.530156601676183357e+02,1.451059136857502097e-02,nan,1.054801330045697261e-05,1.498366524477697226e+01,1.000000000000000000e+00
2.500000000000000000e+01,1.176979093475949014e+02,1.137400661880167974e+01,-7.153559123346141767e-03,2.132460447249710001e+02,1.930656124610363733e-02,nan,1.043131633858612663e-05,2.018019729379676974e+01,1.000000000000000000e+00
2.500000000000000000e+01,9.184609494461301438e+01,4.141420429439630624e+01,-9.182931554870476035e-03,2.744388429347023362e+02,2.363454508389573050e-02,nan,2.054071222446148895e-05,1.190149640060044867e+01,1.000000000000000000e+00
2.500000000000000000e+01,1.289421898943361633e+01,3.430862312797216873e+01,-2.755889311102290018e-02,8.285394554924380373e+02,3.278275597665247787e-03,nan,3.273975676460754179e-05,1.498366524477697226e+01,1.000000000000000000e+00
2.700000000000000000e+01,8.131175414525714018e+01,4.695255066281094969e+01,-8.764612689860033432e-03,2.618250410044769296e+02,1.155580851825876998e-02,nan,9.226554552251127678e-06,1.069074168813137327e+01,1.000000000000000000e+00
2.700000000000000000e+01,5.267841053867331880e+01,3.261318974274166749e+01,-1.382459206307686591e-03,3.922685180321251153e+01,2.801830951551226301e-01,nan,8.258437070027315540e-06,1.303057234529369346e+01,1.000000000000000000e+00
2.800000000000000000e+01,9.491984708045990260e+01,1.887013985993939968e+01,-1.826301994126191403e-02,5.482358097820432477e+02,5.307980775596254919e-02,nan,1.869835328406658451e-04,5.985883958267297800e+00,1.000000000000000000e+00
3.000000000000000000e+01,1.259522579848314763e+02,2.978884007966993508e+01,-7.161424425074109160e-03,2.134832115525190659e+02,2.776666632040136751e-02,nan,1.394347252199529690e-05,5.834157125422610335e+00,1.000000000000000000e+00
3.000000000000000000e+01,9.630142639827938922e+01,1.304587635710788618e+01,-1.817851907344219739e-02,5.456878080093202925e+02,7.296895887647503187e-02,nan,2.598529778148844869e-04,5.985883958267297800e+00,1.000000000000000000e+00
3.100000000000000000e+01,1.673784472312704708e+01,3.730603798259031123e+01,-7.197524194789089655e-03,2.145717480326994462e+02,1.844723575492757117e-02,nan,9.987743577064009536e-06,2.145949510393968751e+01,1.000000000000000000e+00
3.200000000000000000e+01,7.062690894980165979e+01,4.659752814028315981e+01,-8.591164702812870493e-03,2.565949671617526633e+02,1.980278741920082908e-02,nan,1.488016973244823306e-05,1.069074168813137327e+01,1.000000000000000000e+00
3.200000000000000000e+01,3.684417228935412680e+01,1.250805209709342414e+01,-1.491670748138248462e-03,4.251996830445096975e+01,2.447968449988746631e-01,nan,8.001805370285130755e-06,6.867224022351381407e+00,1.000000000000000000e+00
3.300000000000000000e+01,4.974041214561267310e+01,3.877782590200570212e+01,-9.396754836678868766e-03,2.808863755477353834e+02,1.194016171742440235e-02,nan,1.111529858152772350e-05,1.362795279358679501e+01,1.000000000000000000e+00
3.600000000000000000e+01,1.427701870111439177e+02,4.160908963841674790e+01,-1.459995482345269584e-03,4.156484635748856249e+01,2.908081728837182967e-01,nan,9.700123626860859529e-06,1.064724087716309420e+01,1.000000000000000000e+00
3.700000000000000000e+01,4.849597511258028248e+01,9.863533174252946623e+00,-8.647732451432374109e-03,2.583006860197998549e+02,1.264902557178326781e-02,nan,8.675019805113030308e-06,1.194813748517326069e+01,1.000000000000000000e+00
3.700000000000000000e+01,9.020889934636299756e+01,2.773869547416890669e+01,-8.923217251965188945e-03,2.666075327803966957e+02,1.372571501430097651e-02,nan,1.085453669269558654e-05,1.152055918556428082e+01,1.000000000000000000e+00
3.700000000000000000e+01,2.750465614089017308e+01,4.012934988693203309e+01,-1.532244712039043492e-03,4.374341765607408661e+01,3.021225325907581638e-01,nan,1.073057824431640797e-05,1.206320390214458627e+01,1.000000000000000000e+00
3.700000000000000000e+01,3.122948868422439972e+01,8.554054905965521982e+00,-1.287745938455527994e-03,3.637090983936708710e+01,3.621023882286499296e-01,nan,1.211717810048178172e-05,6.867224022351381407e+00,1.000000000000000000e+00
3.800000000000000000e+01,1.117179852372540125e+02,2.832391527749225091e+01,-8.347550130794035780e-03,2.492491211677272815e+02,1.843289059319053180e-02,nan,1.339288672811257433e-05,9.134014315052468191e+00,1.000000000000000000e+00
3.900000000000000000e+01,9.207936258636063087e+01,1.280230630123856272e+01,-9.572281612405416501e-03,2.861791322643384206e+02,1.969150954713427826e-02,nan,1.809365607897070336e-05,1.505305132713674254e+01,1.000000000000000000e+00
3.900000000000000000e+01,5.529864031932299184e+01,4.168908551361526804e+01,-9.031914188144574834e-03,2.698851320905662305e+02,1.538517737273370489e-02,nan,1.311906360028937143e-05,1.207189249889792393e+01,1.000000000000000000e+00
3.900000000000000000e+01,1.237075525977751198e+02,4.409879991174091174e+01,-1.312818499885831181e-03,3.712693676097713080e+01,2.900512516783919637e-01,nan,7.880473838778871725e-06,8.849857498127878586e+00,1.000000000000000000e+00
4.000000000000000000e+01,4.322676753837200891e+01,4.166726658873952260e+01,-8.960838864657674069e-03,2.677419582402353626e+02,1.605487227680346685e-02,nan,1.239004280986501771e-05,5.432190474617910603e+00,1.000000000000000000e+00
4.200000000000000000e+01,6.931675637450646832e+01,1.943086251151699884e+01,-8.684010132210217420e-03,2.593945871514359283e+02,1.722044511704357017e-02,nan,1.348392361467429083e-05,6.305645246543300608e+00,1.000000000000000000e+00
4.200000000000000000e+01,2.179950922208924879e+01,2.950051236725883541e+01,-1.601270206438819982e-02,4.803807203917481843e+02,8.863222050934926877e-03,nan,2.229469235207524487e-05,9.745606375843868463e+00,1.000000000000000000e+00
4.200000000000000000e+01,8.707138510705732415e+01,3.882378854307201266e+01,-1.035910644218519805e-03,2.877717982562182186e+01,3.250310680088192017e-01,nan,5.965715608077263999e-06,1.152055918556428082e+01,1.000000000000000000e+00
4.300000000000000000e+01,1.038373224557277439e+02,4.943886070767953811e+01,-7.706372708108508857e-03,2.299153409145088176e+02,2.371582836894481350e-02,nan,1.514023518212015273e-05,1.984380034769971246e+01,1.000000000000000000e+00
4.400000000000000000e+01,2.155427237599621293e+01,1.396891088239632772e+01,-1.392688374836393910e-03,3.953529762415053739e+01,3.170166884339561397e-01,nan,1.052176307687469121e-05,1.196457429310245679e+01,1.000000000000000000e+00
4.500000000000000000e+01,3.779807527558649838e+01,4.147234694246881759e+01,-1.392958594229230188e-03,3.954344570013763871e+01,3.003560261046442914e-01,nan,9.499183084208844954e-06,5.432190474617910603e+00,1.000000000000000000e+00
4.600000000000000000e+01,1.363132968387433550e+02,4.507436499480648706e+01,-8.958578910486928934e-03,2.676738125823042651e+02,1.795615425173247015e-02,nan,1.736766571404741658e-05,6.520339636468194477e+00,1.000000000000000000e+00
4.600000000000000000e+01,5.387301291147653615e+01,2.398647629077727572e+01,-1.415808803775913836e-03,4.023246080654173795e+01,3.145922630682279619e-01,nan,1.079457280219075878e-05,6.449579996055494924e+00,1.000000000000000000e+00
4.700000000000000000e+01,3.131085394669739941e+01,2.737656200000508377e+01,-1.125864229118318360e-03,3.148960041609996807e+01,3.729176135860805541e-01,nan,9.061110058892099558e-06,9.745606375843868463e+00,1.000000000000000000e+00
4.800000000000000000e+01,1.438979063606289515e+02,2.634094210556347448e+01,-1.811723301079035467e-02,5.438398151980125022e+02,1.022473815944446862e-02,nan,3.306130664950605435e-05,1.672353108138988631e+01,1.000000000000000000e+00
4.800000000000000000e+01,4.996518633500354412e+01,1.477970543168171780e+01,-1.562613873296396809e-03,4.465915590488045694e+01,3.613077494674354906e-01,nan,1.676408281919067111e-05,1.000178675056011102e+01,1.000000000000000000e+00
4.800000000000000000e+01,6.030347481581344482e+01,2.448270388210098147e+01,-1.197965462478153050e-03,3.366370909872706108e+01,3.630430925330754288e-01,nan,9.650885434945013163e-06,6.449579996055494924e+00,1.000000000000000000e+00
4.900000000000000000e+01,6.156259664857756775e+00,3.075031483308612934e+01,-8.999664607924758378e-03,2.689126925205375187e+02,3.597456991506553514e-02,nan,3.132462595491308609e-05,2.173220493372303252e+01,1.000000000000000000e+00
4.900000000000000000e+01,4.097852407701385147e+01,3.358619169234781765e+01,-1.079746069398943324e-03,3.009897383732452880e+01,3.704023495770901730e-01,nan,8.359397983004212242e-06,8.503334593411675968e+00,1.000000000000000000e+00
5.000000000000000000e+01,1.041496265405006056e+02,3.304543579761587324e+01,-1.121670675272164967e-03,3.136314984926312732e+01,3.716495024149298887e-01,nan,9.059913555080488889e-06,1.605480592849074739e+01,1.000000000000000000e+00
5.100000000000000000e+01,6.302248987931317004e+01,4.172854000612800718e+01,-1.196114905139587488e-03,3.360790821169651821e+01,3.667644025115576190e-01,nan,9.805300109646748863e-06,8.673924623322625038e+00,1.000000000000000000e+00
5.100000000000000000e+01,8.863108682756136147e+01,2.893061884185353350e+01,-1.628303405510580625e-03,4.663992898863365610e+01,2.902004647333835674e-01,nan,1.414590176627920176e-05,1.070467247307949243e+01,1.000000000000000000e+00
5.300000000000000000e+01,8.475866442720358407e+01,1.895092157644948117e+01,-1.614425908741166146e-03,4.622147309247806390e+01,2.583580659791876455e-01,nan,9.970689041501374522e-06,1.070467247307949243e+01,1.000000000000000000e+00
5.300000000000000000e+01,8.720060147694256614e+01,4.423373149516670111e+01,-8.782218053756771226e-03,2.623559053562374288e+02,1.209621528967508297e-02,nan,9.050010382576529093e-06,1.536982580312244728e+01,1.000000000000000000e+00
5.300000000000000000e+01,1.203648392983901800e+02,3.663628742961691387e+01,-1.381661720057137570e-03,3.920280475573773060e+01,3.732231071838807424e-01,nan,1.353842618935758329e-05,1.596678440669502486e+01,1.000000000000000000e+00
5.300000000000000000e+01,8.353304315107692446e+00,5.237117804633790286e+01,-1.327509929517188200e-03,3.756993562844909462e+01,2.869928782976619575e-01,nan,7.832696049888440948e-06,1.361325957166080158e+01,1.000000000000000000e+00
5.400000000000000000e+01,2.773902668569910901e+01,1.013710339595133902e+01,-8.642392484204225803e-03,2.581396670111828939e+02,1.739446715742687388e-02,nan,1.348635473763384384e-05,1.194644595038218604e+01,1.000000000000000000e+00
5.600000000000000000e+01,1.097445442229951311e+02,1.866780161980767971e+01,-2.681926795829887855e-02,8.062371259552783158e+02,3.011010148246784368e-03,nan,2.441624748661481441e-05,2.087240162956280898e+01,1.000000000000000000e+00
5.600000000000000000e+01,1.362795796588584665e+02,3.534817115040873148e+01,-8.725180276975379179e-03,2.606360134770057471e+02,1.626467095900863136e-02,nan,1.367682660024548201e-05,1.596678440669502486e+01,1.000000000000000000e+00
5.700000000000000000e+01,9.112092303207086275e+01,8.814510483260715290e+00,-6.933119146192879591e-03,2.065989952087000745e+02,2.369728667765691466e-02,nan,1.157419821799052527e-05,1.196767163676076073e+01,1.000000000000000000e+00
5.800000000000000000e+01,5.951590904975622465e+01,4.448027606756387797e+01,-8.456181084556169472e-03,2.525247308732872398e+02,1.174806355922802803e-01,nan,9.281249831552528266e-05,5.701145272721152679e+00,1.000000000000000000e+00
5.900000000000000000e+01,3.804919905831317806e+01,1.617182927973334472e+01,-8.669479249404024243e-03,2.589564293418806642e+02,1.493290873832064936e-02,nan,1.161850079727560001e-05,1.194644595038218604e+01,1.000000000000000000e+00
5.900000000000000000e+01,5.688542521715690015e+01,1.314704091820338760e+01,-1.173741824094691856e-03,3.293328022698407409e+01,3.483796177667577432e-01,nan,8.578590227588351341e-06,1.595384302877774019e+01,1.000000000000000000e+00
5.900000000000000000e+01,7.342548942182868643e+01,4.471058295475752686e+01,-1.359798398036010571e-03,3.854354781903623461e+01,3.164859104696242653e-01,nan,9.670591638171623010e-06,1.391148688636237374e+01,1.000000000000000000e+00
6.100000000000000000e+01,5.550074571397848189e+01,4.852768521511702460e+01,-8.826614036438466815e-03,2.636946021707610726e+02,1.168054097900039778e-01,nan,1.018098139244796136e-04,5.701145272721152679e+00,1.000000000000000000e+00
6.200000000000000000e+01,1.125627388010548486e+02,8.947523519581061180e+00,-8.470724696999276659e-03,2.529632725266805551e+02,2.067847506856945738e-02,nan,1.585853495740879794e-05,1.380194066861323599e+01,1.000000000000000000e+00
6.200000000000000000e+01,9.366763598468240559e+01,2.557550898729994771e+01,-1.766217163416404848e-02,5.301180958327703365e+02,5.474777141640352340e-03,nan,1.999047902438043765e-05,1.695337186861082301e+01,1.000000000000000000e+00
6.200000000000000000e+01,9.615286324906725213e+01,5.292231473259508334e+01,-1.216750982249405243e-03,3.423015934845460606e+01,3.732248548568176671e-01,nan,1.056606350133577486e-05,2.416538971078670173e+01,1.000000000000000000e+00
6.500000000000000000e+01,3.439963783077892856e+01,4.371343484485849018e+01,-7.588743361500226679e-03,2.263683976532680049e+02,1.280490076166673763e-01,nan,9.428046667699888257e-05,4.098651773037468082e+00,1.000000000000000000e+00
6.500000000000000000e+01,4.672178899579635214e+01,4.574031077694608882e+01,-1.402010557078924632e-03,3.981639458199826009e+01,3.232069227435009351e-01,nan,1.090403285356486401e-05,9.210838035612388452e+00,1.000000000000000000e+00
6.700000000000000000e+01,1.104310330032079293e+02,2.258384988012794281e+01,-1.783291080426832294e-03,5.131335874889789750e+01,3.050970082744551837e-01,nan,1.770510668355252626e-05,1.257995390185082130e+01,1.000000000000000000e+00
6.800000000000000000e+01,3.667592667831932829e+01,4.030499598825765872e+01,-7.413390408730429447e-03,2.210808823171782080e+02,1.236927961164915324e-01,nan,7.724760548646700936e-05,4.098651773037468082e+00,1.000000000000000000e+00
7.000000000000000000e+01,1.302188476224546037e+02,4.244075500069318707e+01,-2.486446940733108221e-02,7.472929955374836481e+02,2.702302716012461303e-03,nan,2.447436291986189043e-05,1.486494167820308654e+01,1.000000000000000000e+00
7.000000000000000000e+01,1.184044571659213005e+02,6.023027733620113899e+00,-1.807721546247010279e-03,5.205002420363700821e+01,2.628410930943725354e-01,nan,1.753315536301832818e-05,1.721770641195469764e+01,1.000000000000000000e+00
7.000000000000000000e+01,9.726351658258069222e+01,3.404575538919967670e+01,-1.338801644553323398e-03,3.791042100654649971e+01,3.282730811853081798e-01,nan,1.021280493625192113e-05,1.745734133785488140e+01,1.000000000000000000e+00
7.000000000000000000e+01,3.431079501285712752e+01,2.681842102962317043e+01,-1.199176599456548567e-03,3.370022918718989047e+01,3.716651323215985903e-01,nan,1.027951739007696669e-05,1.324816128805770887e+01,1.000000000000000000e+00
7.100000000000000000e+01,1.420961323422140481e+02,5.137924473789980340e+01,-9.045314588895875252e-03,2.702892018445285203e+02,1.752316171055701144e-02,nan,1.467563035478108586e-05,1.486494167820308654e+01,1.000000000000000000e+00
7.400000000000000000e+01,9.978226743466724002e+00,4.036784417898661559e+01,-1.113106293797111413e-03,3.110490328039628949e+01,3.645927140820558465e-01,nan,8.349029196101198891e-06,1.628484775229573955e+01,1.000000000000000000e+00
7.600000000000000000e+01,2.666706986178372674e+01,7.672654638602821819e+00,-8.901275153201470766e-03,2.659459004446615040e+02,1.339349034095604907e-02,nan,1.091066452382706218e-05,1.510458182043085529e+01,1.000000000000000000e+00
7.600000000000000000e+01,9.834198780855440702e+01,8.685067866389276858e+00,-8.436783284313097153e-03,2.519398181891745878e+02,2.214615032931832594e-02,nan,1.633657951138562647e-05,1.000271405052345663e+01,1.000000000000000000e+00
7.600000000000000000e+01,1.353007742280801438e+02,3.612216186853124356e+01,-7.188547465397879949e-03,2.143010677072517183e+02,2.811011101097582454e-02,nan,1.510741630793822742e-05,1.670196005210481616e+01,1.000000000000000000e+00
7.700000000000000000e+01,1.433597291690517750e+02,1.550981829059560901e+01,-8.939625477184163366e-03,2.671022991422568111e+02,1.394579442708521189e-02,nan,1.252160621953858538e-05,2.213177495176280374e+01,1.000000000000000000e+00
7.800000000000000000e+01,4.236102345129938129e+01,4.929689769783821163e+01,-2.753105489509072214e-03,8.055671325297119267e+01,1.595311054124757266e-01,nan,1.518809380692540900e-05,6.181431331345073943e+00,1.000000000000000000e+00
7.800000000000000000e+01,1.129610674919159692e+02,5.179933429626922248e+01,-1.734967055293009340e-03,4.985621748061189606e+01,2.240198081219562098e-01,nan,9.345456894716948430e-06,1.147347345984349687e+01,1.000000000000000000e+00
7.800000000000000000e+01,2.643929704301242722e+01,3.249739200067082834e+01,-1.539523224965594437e-03,4.396289071378523516e+01,3.013622863541572938e-01,nan,1.075231606841631225e-05,6.583563655866062625e+00,1.000000000000000000e+00
7.900000000000000000e+01,1.560209485624799974e+01,1.795442102852629418e+01,-1.393083569382087524e-03,3.954721414558965620e+01,2.758238112232618278e-01,nan,8.625049159758267842e-06,1.196605299476507156e+01,1.000000000000000000e+00
7.900000000000000000e+01,8.844234324648392942e+01,5.236920587259740500e+01,-7.019538261900933745e-03,2.092048389793352214e+02,2.632135425486659130e-02,nan,1.299073492223099968e-05,6.981844634168883346e+00,1.000000000000000000e+00
7.900000000000000000e+01,5.717658274164467258e+01,1.667469433330285966e+01,-8.779726080272163766e-03,2.622807634905952909e+02,2.804236175877861115e-02,nan,2.501611924242075959e-05,9.420504349411203293e+00,1.000000000000000000e+00
7.900000000000000000e+01,9.973828106785866510e+00,5.844698679611635583e+00,-1.150896455742004458e-03,3.224441109980128317e+01,3.687705772710359042e-01,nan,1.000688514436854252e-05,1.335375460201752418e+01,1.000000000000000000e+00
7.900000000000000000e+01,5.699802433822120662e+01,3.448087909676188190e+01,-1.149611311257686544e-03,3.220565942175658591e+01,3.558949965335185261e-01,nan,8.535777781213871852e-06,1.450377120998749980e+01,1.000000000000000000e+00
8.000000000000000000e+01,9.755343499603225155e+01,1.865665113277194109e+01,-1.761499011244223659e-02,5.286954051067599494e+02,4.416923632104996500e-03,nan,1.492089455436628255e-05,1.000271405052345663e+01,1.000000000000000000e+00
8.000000000000000000e+01,6.821187110918660323e+01,2.080701693091444682e+01,-8.050435199115586749e-03,2.402900490048907614e+02,1.937888444654844999e-02,nan,1.203624002967918691e-05,1.178361911322398647e+01,1.000000000000000000e+00
8.100000000000000000e+01,8.146075133704256643e+01,5.242861046581825946e+01,-1.713135175289047128e-03,4.919790863258145208e+01,3.407175085688900484e-01,nan,1.743078907938065060e-05,5.239182763041798196e+00,1.000000000000000000e+00
8.100000000000000000e+01,1.153590542454549279e+02,2.088274138157374438e+01,-1.904701836706243533e-03,5.497432496391459722e+01,2.616104024308422149e-01,nan,1.393586992414969996e-05,1.794423457969778823e+01,1.000000000000000000e+00
8.100000000000000000e+01,8.539877761886492280e+00,3.515733659388568100e+01,-1.195468887363339370e-03,3.358842847756405092e+01,3.315168205285781156e-01,nan,8.159041318237443980e-06,1.809598065429215552e+01,1.000000000000000000e+00
8.200000000000000000e+01,3.654092062019307008e+01,1.888847280802216488e+01,-9.035908126985929198e-03,2.700055635548872033e+02,7.315166616851664916e-02,nan,6.986817576819942272e-05,7.630058557742298575e+00,1.000000000000000000e+00
8.200000000000000000e+01,3.712125312982679048e+01,5.257636416090038978e+01,-1.362933381140764332e-03,3.863807871220305401e+01,3.458852847105470252e-01,nan,1.162066865133589120e-05,6.181431331345073943e+00,1.000000000000000000e+00
8.200000000000000000e+01,7.747471547591523233e+01,3.571543582481035628e+01,-1.363277979216909576e-03,3.864846957009066841e+01,3.662321314081090629e-01,nan,1.168705724128021935e-05,1.435686210687274489e+01,1.000000000000000000e+00
8.300000000000000000e+01,2.899860487299200784e+01,1.773466746737783950e+01,-1.742425366850239646e-02,5.229440227858295884e+02,1.285867012448305147e-02,nan,4.893458786434107802e-05,7.630058557742298575e+00,1.000000000000000000e+00
8.300000000000000000e+01,4.946561875611219961e+01,2.208643496004177820e+01,-1.777977657334603445e-02,5.336643031232799785e+02,5.660516248665259376e-03,nan,2.480344895788319195e-05,9.420504349411203293e+00,1.000000000000000000e+00
8.300000000000000000e+01,1.031549435789603564e+02,3.992052546944532310e+01,-1.372619207053231384e-03,3.893014082034501655e+01,3.119641152972812970e-01,nan,9.654400162920004629e-06,7.701547792804329440e+00,1.000000000000000000e+00
8.400000000000000000e+01,5.231671739424901091e+01,4.998026620868384384e+01,-8.381565594511423273e-03,2.502748084072572681e+02,2.099689948323325561e-01,nan,1.981689079708553796e-04,9.029330897515729148e+00,1.000000000000000000e+00
8.600000000000000000e+01,9.172908285460154332e+01,3.742789025900768252e+01,-1.259603659579206772e-03,3.552232001638068937e+01,3.313353693200060679e-01,nan,9.439556964572405769e-06,1.169459377596155747e+01,1.000000000000000000e+00
8.700000000000000000e+01,8.438825477252427731e+01,1.292704739643854239e+01,-8.691016123780023750e-03,2.596058427207589716e+02,1.522200173076349028e-02,nan,1.175326544867056274e-05,1.816387155695577249e+01,1.000000000000000000e+00
8.800000000000000000e+01,4.784842272658332263e+01,4.213404678658363167e+01,-1.815483037445124589e-03,5.228406077440882171e+01,2.952181019899162706e-01,nan,1.610413771222166525e-05,9.029330897515729148e+00,1.000000000000000000e+00
8.800000000000000000e+01,1.289603824168795256e+02,5.111205901884267888e+01,-1.643231544480915855e-03,4.709006548475841925e+01,2.488448953381842133e-01,nan,9.741583291163001846e-06,2.812776380739986237e+01,1.000000000000000000e+00
8.900000000000000000e+01,1.318438946956671884e+02,1.204612593641133245e+01,-1.485890553142883621e-03,4.234567486256234758e+01,2.411827608635389586e-01,nan,7.615379873935170231e-06,1.370645419213983374e+01,1.000000000000000000e+00
8.900000000000000000e+01,1.183499778124216988e+02,9.641735437908659279e+00,-1.266759472270571722e-03,3.573809322550052769e+01,2.960884523110469679e-01,nan,7.772560479924486721e-06,1.370645419213983374e+01,1.000000000000000000e+00
9.000000000000000000e+01,2.154116590864519765e+01,4.752805675431713439e+01,-9.071195503708398555e-03,2.710696034962925296e+02,1.199476806105537197e-02,nan,1.003618069288561825e-05,1.584671280836507101e+01,1.000000000000000000e+00
9.100000000000000000e+01,1.765647902691376814e+01,2.293853783911221811e+01,-9.084817435875101876e-03,2.714803532105170802e+02,2.853654746648248697e-02,nan,2.449507785462918860e-05,9.833972729867536344e+00,1.000000000000000000e+00
9.100000000000000000e+01,3.391955726980594221e+01,1.081467587892720772e+01,-1.073436922382467592e-03,2.990873061027687996e+01,3.547595025963812265e-01,nan,8.037158419425492536e-06,2.028486486925791610e+01,1.000000000000000000e+00
9.200000000000000000e+01,1.114763566989061871e+02,2.723170100759618251e+01,-8.944112666844637391e-03,2.672376038734914232e+02,1.274686057537710582e-02,nan,1.081968046015232171e-05,8.927491365468714690e+00,1.000000000000000000e+00
9.200000000000000000e+01,6.622529717317405584e+01,1.274483548191885340e+01,-8.476422705801695684e-03,2.531350877624782356e+02,2.401258715911480657e-02,nan,1.730431710189927599e-05,3.794253037672102646e+00,1.000000000000000000e+00
9.400000000000000000e+01,2.213692000871037990e+01,3.169254653572748737e+01,-1.765257392537736281e-02,5.298286907694432557e+02,4.896967434395937957e-03,nan,1.658867239517998858e-05,9.833972729867536344e+00,1.000000000000000000e+00
9.400000000000000000e+01,6.506800374152233246e+01,3.569398240598905403e+01,-1.165664920437240598e-03,3.268973284849790417e+01,3.419375328078340104e-01,nan,8.239916736167777130e-06,7.634864740549875073e+00,1.000000000000000000e+00
9.500000000000000000e+01,5.848577142789567773e+01,5.309653786644874174e+01,-8.839839727077971124e-03,2.640934037933295713e+02,1.690037697890933721e-02,nan,1.309832088977783574e-05,1.298880811498446697e+01,1.000000000000000000e+00
9.600000000000000000e+01,3.311132246923062183e+01,4.433134151132799872e+01,-1.196916144944003757e-03,3.363206844217349811e+01,3.682297915199072014e-01,nan,1.077891143333521976e-05,1.650810210660520028e+01,1.000000000000000000e+00
9.700000000000000000e+01,1.395886578258191832e+02,4.351339793836556424e+01,-9.077027210160381818e-03,2.712454501918479082e+02,1.462578661077806874e-02,nan,1.204742007229087960e-05,2.147666372623889686e+01,1.000000000000000000e+00
9.800000000000000000e+01,3.341581309418222645e+01,2.782604779623708424e+01,-1.834124257659085905e-02,5.505945005106455028e+02,6.125516117643559078e-03,nan,2.383274009930831362e-05,1.192322279151008324e+01,1.000000000000000000e+00
9.900000000000000000e+01,8.979380475529541172e+01,1.195209165266031626e+01,-9.165209470472016062e-03,2.739044590445869289e+02,1.348046477545161714e-02,nan,1.315738554315804892e-05,1.263373205724715120e+01,1.000000000000000000e+00
9.900000000000000000e+01,5.884169551695630673e+01,4.011260724853828208e+01,-1.317856077470455677e-03,3.727883764610458428e+01,2.954611475244490748e-01,nan,8.101792469448059020e-06,7.634864740549875073e+00,1.000000000000000000e+00
9.900000000000000000e+01,1.035782142191130362e+02,4.385453050532618136e+01,-1.537146257397389295e-03,4.389121668565083212e+01,3.393532975205358904e-01,nan,1.408045748580991846e-05,5.795105767139477670e+00,1.000000000000000000e+00
1.020000000000000000e+02,7.962276300643016214e+01,1.944616233801913907e+01,-7.962539508510979233e-03,2.376396812482771566e+02,2.264636687914090007e-02,nan,1.411823249121951791e-05,1.263373205724715120e+01,1.000000000000000000e+00
1.020000000000000000e+02,4.562025887680024994e+01,7.015159968058299889e+00,-1.530483773796505837e-03,4.369031910360460813e+01,2.688094631256463529e-01,nan,8.735212414345446460e-06,1.488736565276858492e+01,1.000000000000000000e+00
1.020000000000000000e+02,1.031340716351838580e+02,6.872272842125786596e+00,-1.223987380107401882e-03,3.444836248702641512e+01,2.844060428861493461e-01,nan,6.703728176790238127e-06,1.427470768788310629e+01,1.000000000000000000e+00
1.040000000000000000e+02,1.038937986836892833e+02,5.188660084649756499e+01,-9.183284236203792528e-03,2.744494775315494053e+02,5.294493892532525781e-02,nan,4.566891183411789289e-05,6.414988082834006455e+00,1.000000000000000000e+00
1.050000000000000000e+02,1.028332160613233128e+02,2.369840415426983071e+01,-2.036043945175607453e-03,5.893475677778791066e+01,1.736852259588098635e-01,nan,9.849496227472285525e-06,1.469571355633245169e+01,1.000000000000000000e+00
1.060000000000000000e+02,2.011220115044693557e+01,1.789750949929704049e+01,-1.337784075126825182e-03,3.787973766838104694e+01,3.333416609594527236e-01,nan,1.111310163644150487e-05,1.442655375907318849e+01,1.000000000000000000e+00
1.070000000000000000e+02,9.803046562892269833e+01,4.928402566184220746e+01,-9.042651101704215003e-03,2.702088882304665844e+02,4.677333820988294200e-02,nan,3.980654579907277175e-05,6.414988082834006455e+00,1.000000000000000000e+00
1.080000000000000000e+02,1.073700354646798729e+02,8.502920889445766406e+00,-8.425251844140514354e-03,2.515921042454021688e+02,1.654522729030882822e-02,nan,1.266682625572338525e-05,1.585829252946926715e+01,1.000000000000000000e+00
1.080000000000000000e+02,8.996316137187506001e+01,1.660434401776235802e+01,-1.584492427330070913e-03,4.531887214094743399e+01,3.687703625946122665e-01,nan,1.468668739599893183e-05,1.186922945143082408e+01,1.000000000000000000e+00
1.100000000000000000e+02,1.426373917879176645e+02,5.036076972678994679e+01,-8.199840165300106842e-03,2.447951402366632294e+02,2.915742808618049242e-02,nan,1.905396888279962494e-05,1.376103514160230290e+01,1.000000000000000000e+00
1.100000000000000000e+02,5.028258787516680428e+01,4.493229516497159892e+01,-2.441445149711855313e-03,7.115904529073213780e+01,1.565922457092361331e-01,nan,1.191859812927147745e-05,1.483759290668652753e+01,1.000000000000000000e+00
1.110000000000000000e+02,7.783165436920256752e+01,3.669339162704267210e+01,-8.657324461099537988e-03,2.585899192343989057e+02,1.365320323811192171e-02,nan,1.004273336988704999e-05,1.472998478847437198e+01,1.000000000000000000e+00
1.110000000000000000e+02,9.108106917768202493e+01,4.787877121586126883e+00,-8.844942735283540386e-03,2.642472776444448641e+02,1.921243434211006296e-02,nan,1.580807344809785574e-05,1.186922945143082408e+01,1.000000000000000000e+00
1.120000000000000000e+02,1.403857431100089741e+02,3.678519731161402007e+01,-6.486030986206376379e-03,1.931176966895001499e+02,2.741438288427344716e-02,nan,1.149137622211391676e-05,1.376103514160230290e+01,1.000000000000000000e+00
1.130000000000000000e+02,1.103402543297891185e+02,4.950113038630503581e+01,-1.622729696537044677e-03,4.647186183486772393e+01,2.360603291578792229e-01,nan,8.877076564513978958e-06,2.671781858043889102e+01,1.000000000000000000e+00
1.130000000000000000e+02,4.100803831397681165e+01,2.608880975248154854e+01,-1.195714841883645978e-03,3.359584488132321667e+01,3.010229195574810612e-01,nan,6.948390804966073616e-06,6.483807361172384098e+00,1.000000000000000000e+00
1.140000000000000000e+02,8.156352684806780928e+01,2.244398533519406769e+01,-9.124970756730983040e-03,2.726911186779177001e+02,1.578915306077710579e-02,nan,1.289181272064125428e-05,1.472998478847437198e+01,1.000000000000000000e+00
1.140000000000000000e+02,1.011871435879018293e+02,2.333033236550871692e+01,-2.647742202112916832e-02,7.959292548483815608e+02,3.447473288291535987e-03,nan,3.300857166579096468e-05,1.964362352037020543e+01,1.000000000000000000e+00
1.140000000000000000e+02,1.309115741885296131e+02,1.109834328366183165e+01,-1.320482505678630255e-03,3.735803379997884122e+01,3.205376675147209031e-01,nan,9.478306841192667059e-06,1.689587986629515726e+01,1.000000000000000000e+00
1.150000000000000000e+02,5.782770194803151043e+01,7.608841772780362334e+00,-1.163396491671939842e-03,3.262133165139287883e+01,3.303385227207400465e-01,nan,7.981736015335220118e-06,1.661025282695943162e+01,1.000000000000000000e+00
1.150000000000000000e+02,3.478139725327145726e+01,2.789676412080263290e+01,-1.445811718740175420e-03,4.113715542670701097e+01,2.957332909776344554e-01,nan,1.025562221660055718e-05,6.483807361172384098e+00,1.000000000000000000e+00
1.170000000000000000e+02,1.220672452013507581e+02,2.549447475092851079e+01,-8.866432061973097273e-03,2.648952572914283223e+02,1.663536998573456049e-02,nan,1.305145372483419590e-05,1.444858452132529791e+01,1.000000000000000000e+00
1.170000000000000000e+02,1.439874086871573056e+01,5.296318227166015902e+01,-1.506793042659602825e-03,4.297595928113842234e+01,3.568453165221384671e-01,nan,1.498670129834402271e-05,7.690830007885168129e+00,1.000000000000000000e+00
1.190000000000000000e+02,3.671033544740838295e+01,4.750460795236622857e+01,-9.223453286471967189e-03,2.756607172966873804e+02,1.278264787144023362e-02,nan,1.219859104084527290e-05,1.654974879256718623e+01,1.000000000000000000e+00
1.200000000000000000e+02,1.163421272785873413e+02,9.842402020297283727e+00,-8.752931220128044518e-03,2.614728031357651048e+02,1.310409334132800474e-02,nan,1.060367723560695111e-05,1.666626400830481813e+01,1.000000000000000000e+00
1.200000000000000000e+02,4.288149175714710282e+01,2.626075645382324808e+01,-1.163657326607124174e-03,3.262919675259699659e+01,3.509788434286335024e-01,nan,8.497459790391898848e-06,8.263658515338818233e+00,1.000000000000000000e+00
1.200000000000000000e+02,1.105745614863200927e+02,4.572527778583103952e+01,-1.564011219105678396e-03,4.470129085202386676e+01,3.137056072717268052e-01,nan,1.205792190575223677e-05,1.828941730063515436e+01,1.000000000000000000e+00
1.210000000000000000e+02,8.606691152987997384e+01,2.052800241319251739e+01,-1.451262346783408668e-03,4.130151125256956135e+01,3.171046038581620818e-01,nan,1.131174997321681371e-05,1.377350649308601405e+01,1.000000000000000000e+00
1.220000000000000000e+02,2.016470354078372296e+01,4.787372840365963356e+01,-8.672780688689712622e-03,2.590559794810628773e+02,1.467591358531894485e-02,nan,1.082343703378916236e-05,7.690830007885168129e+00,1.000000000000000000e+00
1.220000000000000000e+02,1.318034142309212484e+02,3.617008280375217311e+01,-1.723082949434351580e-03,4.949786941181227462e+01,3.506950261074234243e-01,nan,1.852576399230167965e-05,8.376528226979473857e+00,1.000000000000000000e+00
1.260000000000000000e+02,2.944466529951798961e+01,3.933043714457799922e+01,-1.927508020486824779e-03,5.566201253685106565e+01,1.772694840782108594e-01,nan,8.381017467115378419e-06,1.261370349188021045e+01,1.000000000000000000e+00
1.270000000000000000e+02,7.657081032304385815e+01,1.322575422283709656e+01,-1.879278499446925075e-03,5.420772090319083247e+01,2.768508770481833414e-01,nan,1.382932438845350805e-05,6.948633107602730341e+00,1.000000000000000000e+00
1.290000000000000000e+02,1.128830267304072663e+02,1.130677740501692163e+01,-6.814432757272010331e-03,2.030201783613552493e+02,2.698835078593975201e-02,nan,1.360771935244942051e-05,2.024452534749926969e+01,1.000000000000000000e+00
1.290000000000000000e+02,1.330260517663417374e+02,1.333146230575026614e+01,-9.061375027780798480e-03,2.707734812111830820e+02,2.465582916332720309e-02,nan,2.064705369022200098e-05,6.656888622044710324e+00,1.000000000000000000e+00
1.300000000000000000e+02,1.554535391876607875e+01,5.442146966702994249e+00,-8.651044640837513358e-03,2.584005603133265367e+02,3.540007531803579521e-02,nan,3.045410927833341200e-05,7.521582024089903840e+00,1.000000000000000000e+00
1.300000000000000000e+02,6.694827032097299480e+01,2.190356326360543449e+01,-8.742901010031500775e-03,2.611703566193422148e+02,1.456476498404302156e-02,nan,1.124727309504636595e-05,1.295753239777908661e+01,1.000000000000000000e+00
1.310000000000000000e+02,5.001638640787714252e+01,4.576710663751742203e+01,-8.468216123491649830e-03,2.528876301112905480e+02,2.058887058455804997e-02,nan,1.472333305905008070e-05,1.920713210244706559e+01,1.000000000000000000e+00
1.320000000000000000e+02,2.304633827906153698e+01,5.998411087166743094e+00,-8.679955080956838070e-03,2.592723129304878285e+02,2.420290314842643564e-02,nan,2.041951660044916123e-05,7.521582024089903840e+00,1.000000000000000000e+00
1.320000000000000000e+02,9.143073508427633556e+01,1.307926379077736456e+01,-8.988063021753964210e-03,2.685628634253777705e+02,1.879135982534863025e-02,nan,1.571191754614650302e-05,1.486064680140723659e+01,1.000000000000000000e+00
1.320000000000000000e+02,2.445956902770892682e+01,2.873673589923588523e+01,-8.755519688894475988e-03,2.615508546774317438e+02,2.046534506614039461e-02,nan,1.578882270780900522e-05,1.192601903877828384e+01,1.000000000000000000e+00
1.320000000000000000e+02,1.207046923323145649e+02,4.986841643457237438e+01,-8.915655510100956027e-03,2.663795193626405080e+02,1.995368643215933435e-02,nan,1.800012590377095359e-05,3.267015909906532301e+01,1.000000000000000000e+00
1.340000000000000000e+02,1.371532751279366380e+02,8.108417843962332228e+00,-9.160565311369363306e-03,2.737644211262590943e+02,2.084107747991492676e-02,nan,1.700072137245670973e-05,6.656888622044710324e+00,1.000000000000000000e+00
1.340000000000000000e+02,8.087628765985006396e+01,3.296608404384893731e+01,-1.859121949913429203e-03,5.359992922875618859e+01,2.637482489101733441e-01,nan,1.356868826609334874e-05,1.778676567016554699e+01,1.000000000000000000e+00
1.360000000000000000e+02,1.419250780182778442e+02,2.502823674727531511e+01,-8.509272397549833347e-03,2.541256228299551765e+02,1.911025143207911725e-02,nan,1.358282855138774343e-05,1.757982862672944435e+01,1.000000000000000000e+00
1.360000000000000000e+02,1.378989788112804327e+01,4.764174602291915051e+01,-3.671679542533275858e-03,1.082549887366800476e+02,7.069548632887767692e-02,nan,1.049489899374102523e-05,2.170809273411064666e+01,1.000000000000000000e+00
1.360000000000000000e+02,3.554264210402664759e+01,3.314075920733762359e+01,-1.411516711645567808e-03,4.010303895989106593e+01,2.854620123761332229e-01,nan,8.901544375897055280e-06,1.192601903877828384e+01,1.000000000000000000e+00
1.370000000000000000e+02,6.096885179635087582e+01,2.779467669447162592e+01,-1.526078543080656557e-03,4.355748572611569358e+01,2.492734214061362863e-01,nan,8.696011687385076408e-06,8.795850968252555191e+00,1.000000000000000000e+00
1.380000000000000000e+02,1.330160745067370271e+02,4.544776685062065980e+01,-2.726602202416775894e-03,7.975754486291117473e+01,1.259852800664246208e-01,nan,1.113068196642815823e-05,2.227841002428300143e+01,1.000000000000000000e+00
1.390000000000000000e+02,6.131023048834752842e+01,3.658390048524860561e+01,-1.164693037474883288e-03,3.266042711975380541e+01,3.293777192186507774e-01,nan,7.799671766098689835e-06,7.589882354985300061e+00,1.000000000000000000e+00
1.410000000000000000e+02,5.220380472746241196e+01,1.046660248098666912e+01,-8.728963511601576380e-03,2.607500914596691359e+02,1.231063599241288831e-02,nan,1.077186035937675182e-05,1.941875912791217829e+01,1.000000000000000000e+00
1.420000000000000000e+02,7.984476868734840593e+01,1.960637058834013047e+01,-1.729563815321165550e-03,4.969329057368262426e+01,2.677890197359873437e-01,nan,1.133589800126184585e-05,5.743817604441692204e+00,1.000000000000000000e+00
1.420000000000000000e+02,8.846604872894204163e+01,3.211006491493662907e+01,-1.252356917838094415e-03,3.530380497293504760e+01,3.684094932255003174e-01,nan,1.124003816414769027e-05,1.518778592713704967e+01,1.000000000000000000e+00
1.440000000000000000e+02,6.666653760717952082e+01,4.196128723080326495e+01,-8.870940244818980094e-03,2.650311950418852689e+02,2.708033305695656257e-02,nan,2.309776106831409927e-05,7.589882354985300061e+00,1.000000000000000000e+00
1.440000000000000000e+02,8.887727714060727635e+01,1.500195509786041725e+01,-1.153776900130672276e-03,3.233126674516831400e+01,3.149743531025140930e-01,nan,6.972827090734323549e-06,1.013838502756541082e+01,1.000000000000000000e+00
1.460000000000000000e+02,3.468008218747905147e+01,4.143743128666110209e+01,-8.818091218802646264e-03,2.634376088995085752e+02,1.368249595450066192e-02,nan,1.384269308551762845e-05,7.617191389186814376e+00,1.000000000000000000e+00
1.470000000000000000e+02,7.451006936473537223e+01,1.747742159637100912e+01,-8.721191868498694502e-03,2.605157487728536694e+02,1.437556152339103388e-02,nan,1.148837260931392994e-05,5.743817604441692204e+00,1.000000000000000000e+00
1.470000000000000000e+02,4.466588395734802219e+01,2.674272318573936857e+01,-8.775823025445632017e-03,2.621630725026369646e+02,1.350686534460854293e-02,nan,1.064856243759338470e-05,1.576829835146535430e+01,1.000000000000000000e+00
1.470000000000000000e+02,9.416886164276799320e+01,4.794788991541013701e+01,-1.231064212922255378e-03,3.466175417190214603e+01,3.685793102231911256e-01,nan,1.064559408298467549e-05,9.672217305214244831e+00,1.000000000000000000e+00
1.490000000000000000e+02,1.433231979189247340e+02,5.072175012088505852e+00,-1.329462152174186451e-03,3.762880208650008029e+01,3.343180129576869275e-01,nan,1.028406861012242399e-05,9.890935016450745465e+00,1.000000000000000000e+00
1.500000000000000000e+02,6.108354781767070563e+01,1.932986153448394617e+01,-8.834890065284494581e-03,2.639441538820615847e+02,1.580560814658038549e-02,nan,1.254623371291912958e-05,1.355370851752787331e+01,1.000000000000000000e+00
1.500000000000000000e+02,6.815615521387988451e+01,3.867520129332284995e+01,-8.848028111133467849e-03,2.643403127024031392e+02,2.304970580277954095e-02,nan,1.761368972805594190e-05,1.013156035502694863e+01,1.000000000000000000e+00
1.510000000000000000e+02,9.237401742129551963e+01,3.844366339138763777e+01,-1.570958126396058236e-03,4.491076482013262705e+01,2.821926477730559712e-01,nan,1.187947850635816290e-05,7.689959704897715298e+00,1.000000000000000000e+00
1.520000000000000000e+02,7.090336357014287216e+01,7.880865628772371956e+00,-1.649849883943904074e-03,4.728963196400636093e+01,2.789048606663817598e-01,nan,1.238565176714623760e-05,9.594036163970733000e+00,1.000000000000000000e+00
1.520000000000000000e+02,2.469939692001919340e+01,4.181202232041965772e+01,-1.448117135398856690e-03,4.120667194038019687e+01,2.739952093835603675e-01,nan,8.161425316598895752e-06,6.563831434175962265e+00,1.000000000000000000e+00
1.520000000000000000e+02,3.285046283337872808e+01,4.517498532404225386e+01,-1.341628181121560549e-03,3.799565113935294391e+01,3.134148798533541447e-01,nan,9.535996371481608868e-06,6.453089855720993029e+00,1.000000000000000000e+00
1.530000000000000000e+02,1.046604440300340997e+02,2.380726424819784626e+01,-8.877680039828379083e-03,2.652344238379299668e+02,1.477237708011924777e-02,nan,1.177021504122133163e-05,1.910969541072505606e+01,1.000000000000000000e+00
1.530000000000000000e+02,7.708132452669991608e+01,3.388042622403655457e+01,-1.457861912496931280e-03,4.150051163648436159e+01,2.815204018076979953e-01,nan,9.553009273228118598e-06,9.720027265530935878e+00,1.000000000000000000e+00
1.540000000000000000e+02,1.340119591335466680e+02,8.408554454136831779e+00,-8.399938435858031113e-03,2.508288149343972577e+02,1.984663678057496661e-02,nan,1.362958126556601879e-05,9.890935016450745465e+00,1.000000000000000000e+00
1.540000000000000000e+02,5.593569069306215447e+00,1.617017412794476527e+01,-9.159359143275438986e-03,2.737280508673396753e+02,1.726879835131089891e-02,nan,1.469215129267967749e-05,7.631103431230582324e+00,1.000000000000000000e+00
1.550000000000000000e+02,2.736632573165199744e+01,3.581440831066883845e+01,-1.700650753257380897e-03,4.882145889556839791e+01,3.134229650298223646e-01,nan,1.514498046060991338e-05,6.563831434175962265e+00,1.000000000000000000e+00
1.550000000000000000e+02,9.126752224225278098e+01,4.605360088664380669e+01,-9.181077468685988618e-03,2.743829356404134501e+02,1.369724790660309388e-02,nan,1.254232268645528920e-05,7.689959704897715298e+00,1.000000000000000000e+00
1.550000000000000000e+02,1.325396534154275798e+02,4.626833919818395913e+01,-8.892213048915754633e-03,2.656726457624271234e+02,1.409947710381243002e-02,nan,1.158501545392056989e-05,3.580153912701945984e+01,1.000000000000000000e+00
1.560000000000000000e+02,7.228076334398114966e+01,1.737551147675472407e+01,-3.532829525640954899e-02,1.062814569467345564e+03,3.205609418403088107e-03,nan,4.915242809682988305e-05,9.594036163970733000e+00,1.000000000000000000e+00
1.570000000000000000e+02,3.674879188265148144e+01,3.439835148551422606e+01,-8.988379765302548230e-03,2.685724143701681896e+02,1.459646269596370782e-02,nan,1.191583681228077494e-05,8.741999467161884141e+00,1.000000000000000000e+00
1.570000000000000000e+02,8.178340970621144379e+01,4.238744244638401426e+01,-9.131314405401025000e-03,2.728824022525584496e+02,1.601344595560116879e-02,nan,1.322959513487398878e-05,9.720027265530935878e+00,1.000000000000000000e+00
1.580000000000000000e+02,7.910748498289862596e+00,8.899381937816224664e+00,-1.521822956363473589e-03,4.342916464753822225e+01,3.066454108359822905e-01,nan,1.355085482624574921e-05,7.631103431230582324e+00,1.000000000000000000e+00
1.590000000000000000e+02,6.128084279518762401e+01,1.135818309654450964e+01,-1.762287961369486330e-02,5.289333016360651527e+02,5.089477488416482842e-03,nan,1.997270289589767983e-05,1.253820134289816401e+01,1.000000000000000000e+00
1.600000000000000000e+02,1.078516836834699149e+02,1.175476214882315773e+01,-1.232778084444180727e-03,3.471343349530746281e+01,3.355308133954709726e-01,nan,9.043680813539820958e-06,2.041911170212737758e+01,1.000000000000000000e+00
1.610000000000000000e+02,2.199928769860717992e+01,2.462851815668546251e+01,-1.566418528155787745e-03,4.477387978377610978e+01,2.554347573545627803e-01,nan,9.074573838426212236e-06,1.005267900384245650e+01,1.000000000000000000e+00
1.610000000000000000e+02,1.341828883494056583e+02,2.175320866393269625e+01,-1.228877767544105494e-03,3.459582506557185866e+01,3.668826684086253787e-01,nan,1.061428081615491305e-05,9.959063671765607140e+00,1.000000000000000000e+00
1.610000000000000000e+02,1.173718211086211198e+02,2.981873474928373824e+01,-1.376574130035058876e-03,3.904939581770408807e+01,2.907846686564660166e-01,nan,8.997054223445961443e-06,1.864576876419036822e+01,1.000000000000000000e+00
1.620000000000000000e+02,9.368063204658027132e+01,4.416488867749549030e+01,-1.095290605138832338e-03,3.056769688885455238e+01,3.576566646957840545e-01,nan,7.943506799485161883e-06,1.202926492021285121e+01,1.000000000000000000e+00
1.650000000000000000e+02,6.678138127881652508e+01,2.846499134308724166e+01,-8.886844412662162768e-03,2.655107622807042276e+02,1.258886096517797260e-02,nan,1.015810965995379444e-05,1.005089377302707554e+01,1.000000000000000000e+00
1.650000000000000000e+02,5.593122717344608219e+01,3.140478241569408624e+01,-9.144514284144991678e-03,2.732804255546517425e+02,1.387118062705816612e-02,nan,1.156981464417614975e-05,1.124136182412371099e+01,1.000000000000000000e+00
1.660000000000000000e+02,5.580683022237356994e+01,1.732878802685414499e+01,-9.336093100237013304e-03,2.790572083926705886e+02,1.409718749739852228e-02,nan,1.309910411376099099e-05,1.407654405868463243e+01,1.000000000000000000e+00
1.660000000000000000e+02,1.225684472316912519e+02,6.967194033717070134e+00,-1.796579233304102571e-03,5.171404383014149886e+01,3.041058901414761539e-01,nan,1.684009453339539529e-05,9.026147326911514668e+00,1.000000000000000000e+00
1.670000000000000000e+02,1.482594251141126662e+01,1.947276276121437633e+01,-1.327414689126479906e-03,3.756706379185592226e+01,3.096414688609763211e-01,nan,8.951255732828581282e-06,5.999846944101509649e+00,1.000000000000000000e+00
1.670000000000000000e+02,1.071500142962315465e+02,4.207883771061151634e+01,-9.372708297934826543e-03,2.801612868601447417e+02,1.290839118559761189e-02,nan,1.246361631442341999e-05,1.069531928772045326e+01,1.000000000000000000e+00
1.670000000000000000e+02,3.397544000928285612e+01,1.750589668131917165e+01,-1.457534065492575252e-03,4.149062588300235888e+01,2.920888791863515133e-01,nan,9.876532231822174156e-06,6.519153496209968424e+00,1.000000000000000000e+00
1.680000000000000000e+02,9.631217496003137057e+01,4.997181332164996803e+01,-8.503439951365010865e-03,2.539497538288231908e+02,2.148423213608119386e-02,nan,1.602398611212706663e-05,8.021804281367588274e+00,1.000000000000000000e+00
1.690000000000000000e+02,1.305011251396280727e+02,1.127346350694363508e+01,-1.000967972866171262e-03,2.772353397739911784e+01,3.366486543548060650e-01,nan,6.063774260064794297e-06,9.026147326911514668e+00,1.000000000000000000e+00
1.690000000000000000e+02,3.417845278121151154e+01,2.920067576488975902e+01,-1.179433974989291473e-03,3.310491882602177327e+01,2.967215732283035035e-01,nan,6.638215773511525492e-06,1.169654102711935373e+01,1.000000000000000000e+00
1.700000000000000000e+02,7.226013536237763901e+01,3.689136181491773669e+01,-8.925230828985795950e-03,2.666682492907758615e+02,2.401050181796215988e-02,nan,1.880826060955485796e-05,1.005089377302707554e+01,1.000000000000000000e+00
1.700000000000000000e+02,3.967678134819919933e+01,1.434455689504021869e+01,-1.227477814176554990e-03,3.455361149127036668e+01,3.248897741027249042e-01,nan,8.364074684669393366e-06,6.519153496209968424e+00,1.000000000000000000e+00
1.720000000000000000e+02,2.296350327152884319e+01,1.530082470112857784e+01,-8.457386233966988909e-03,2.525610704152871051e+02,1.446941156605940915e-02,nan,1.033089333653743226e-05,9.144668517874107394e+00,1.000000000000000000e+00
1.720000000000000000e+02,1.736757003601560356e+01,2.490767700881919566e+01,-1.358172727012572044e-03,3.849452805442951586e+01,2.919231053114484942e-01,nan,8.813491022112201608e-06,5.999846944101509649e+00,1.000000000000000000e+00
1.720000000000000000e+02,1.442871245941771292e+02,5.262749342407069264e+01,-1.133891863763152735e-03,3.173166215858348593e+01,3.363727606159819805e-01,nan,7.577041023844182566e-06,1.834401597834714437e+01,1.000000000000000000e+00
1.730000000000000000e+02,1.261973910676794759e+02,2.068981665709080886e+01,-1.599284248616314897e-03,4.576489817395293613e+01,2.985070327843104554e-01,nan,1.258341662421908151e-05,1.013957827662517275e+01,1.000000000000000000e+00
1.740000000000000000e+02,5.630346299780978114e+01,1.659268674940841848e+01,-1.730309797815305977e-03,4.971578459967943786e+01,2.289421601714668464e-01,nan,1.013740639998538873e-05,1.677798052566514286e+01,1.000000000000000000e+00
1.750000000000000000e+02,5.792004295787983637e+01,3.585586596877111276e+01,-1.513811029075462196e-03,4.318757653774111560e+01,2.608291047919852890e-01,nan,8.968969734784298852e-06,1.437743029254263050e+01,1.000000000000000000e+00
1.770000000000000000e+02,6.554638875672492482e+00,4.349562616270505799e+01,-1.453926664082522396e-03,4.138184989732433650e+01,2.478680340068936117e-01,nan,7.354392330729921505e-06,2.150421665687371942e+01,1.000000000000000000e+00
1.780000000000000000e+02,1.758256525892747035e+01,4.893007720772534874e+00,-1.645642439091239348e-02,4.937605270582614594e+02,1.080170015450565568e-02,nan,2.990314335171942263e-05,1.067040724187537215e+01,1.000000000000000000e+00
1.780000000000000000e+02,1.210361486515353562e+02,2.941750961397259445e+01,-8.599127541599558416e-03,2.568350750786047456e+02,1.647557943349986509e-02,nan,1.310960593628027151e-05,3.499347058927359200e+00,1.000000000000000000e+00
1.800000000000000000e+02,1.256414133583073323e+02,7.040141813847231589e+00,-1.523098584380517357e-03,4.346762937024020346e+01,2.535865295197342606e-01,nan,8.662947768021751120e-06,1.901840383401138723e+01,1.000000000000000000e+00
1.800000000000000000e+02,7.665851106529697034e+00,8.832090244292459147e+00,-1.538244820995388886e-03,4.392434228622009584e+01,2.892109684690634674e-01,nan,1.122057194183593380e-05,1.067040724187537215e+01,1.000000000000000000e+00
1.810000000000000000e+02,9.435094795007248081e+01,4.829339472460891614e+01,-9.091818104060893357e-03,2.716914482608743810e+02,1.385854187116930536e-02,nan,1.171139709519224890e-05,1.848827455538356901e+01,1.000000000000000000e+00
1.810000000000000000e+02,5.517103076634742820e+01,5.176402154380196663e+01,-8.613164493252877321e-03,2.572583391067635148e+02,1.705574954710609159e-02,nan,1.274031351377683256e-05,1.244582327596623905e+01,1.000000000000000000e+00
1.830000000000000000e+02,1.212449165723043620e+02,4.301883994039208403e+01,-1.335188909035407018e-03,3.780148417854054799e+01,3.408673482319636294e-01,nan,1.074435534474574538e-05,1.285029494398371064e+01,1.000000000000000000e+00
1.840000000000000000e+02,9.998978199023734703e+01,1.171427132187102771e+01,-1.154327214384525020e-03,3.234786067763967310e+01,2.987060274238982904e-01,nan,6.529013577745178184e-06,1.116821325554698952e+01,1.000000000000000000e+00
1.850000000000000000e+02,1.095298606370574248e+02,3.773797404724455617e+01,-9.454862206285991402e-03,2.826385194556903002e+02,1.187702789162237149e-02,nan,1.102945504400547099e-05,1.088550424429399754e+01,1.000000000000000000e+00
1.850000000000000000e+02,1.096451567016896007e+02,1.732700029295308042e+01,-1.298782250621292010e-03,3.670369391233881373e+01,2.965616005275424349e-01,nan,7.983119219196770205e-06,1.116821325554698952e+01,1.000000000000000000e+00
1.860000000000000000e+02,3.672807306632687130e+01,5.381434751929401905e+00,-8.624381991382061921e-03,2.575965865810931632e+02,1.647617488256813978e-02,nan,1.351286687913807194e-05,1.760833116306551460e+01,1.000000000000000000e+00
1.860000000000000000e+02,1.312947402696858603e+02,6.494533664540993456e+00,-5.291151933729944072e-03,1.570878425299540311e+02,4.130570303175207236e-02,nan,1.079865997259386550e-05,2.420840353933557410e+01,1.000000000000000000e+00
1.860000000000000000e+02,7.011480166107610046e+01,1.354888361429289922e+01,-8.904346723391317817e-03,2.660385192128553626e+02,1.496965494280577680e-02,nan,1.261191242876611937e-05,1.022345630035102637e+01,1.000000000000000000e+00
1.860000000000000000e+02,2.225946642203066617e+01,1.772138800592571428e+01,-1.821791001810684624e-02,5.468755851224369735e+02,4.908790481045977039e-03,nan,1.981214934585049834e-05,1.901617796872406529e+01,1.000000000000000000e+00
1.860000000000000000e+02,4.327256331698203695e+01,4.811368054973370789e+01,-1.531106445023407408e-03,4.370909485621999835e+01,2.717639738547104056e-01,nan,9.725321345014272198e-06,1.244582327596623905e+01,1.000000000000000000e+00
1.870000000000000000e+02,8.361496705813918595e+01,2.481687758254910747e+01,-1.308775761865173465e-03,3.700503382779936601e+01,3.170478510617534829e-01,nan,9.156868174433709150e-06,1.758471364045254504e+01,1.000000000000000000e+00
1.870000000000000000e+02,4.475367411110540417e+01,2.105443874664062065e+01,-1.292491148876933997e-03,3.651399481444073558e+01,3.008841017212958713e-01,nan,8.015873637965547854e-06,1.661374973318845960e+01,1.000000000000000000e+00
1.890000000000000000e+02,7.759512356643047326e+01,6.580107328784615461e+00,-8.688059983985875132e-03,2.595167045896338323e+02,2.200264981620825289e-02,nan,1.667361020039707852e-05,1.022345630035102637e+01,1.000000000000000000e+00
1.890000000000000000e+02,8.588590208779190505e+01,4.424743175091604286e+01,-1.175998000005559502e-03,3.300131195693897013e+01,3.547809804295992686e-01,nan,8.961067488406194932e-06,1.418278516955026092e+01,1.000000000000000000e+00
1.900000000000000000e+02,1.399560103678599035e+02,3.882465684864173028e+01,-9.367494406803031012e-03,2.800040694943427866e+02,3.482519180996090924e-02,nan,3.613210500257712777e-05,8.119997235392112600e+00,1.000000000000000000e+00
1.900000000000000000e+02,1.434894461183665157e+02,4.613555193062843074e+01,-8.996748426834942983e-03,2.688247592864992157e+02,4.779606287705384648e-02,nan,3.328276661198864263e-05,8.119997235392112600e+00,1.000000000000000000e+00
1.900000000000000000e+02,1.091566531961994890e+01,5.180574427883937716e+01,-1.308860063235740877e-03,3.700757581402022822e+01,3.589741885575944425e-01,nan,1.161060218199055043e-05,8.512222462414547053e+00,1.000000000000000000e+00
1.910000000000000000e+02,1.034530802657069444e+02,4.867297193590727034e+01,-1.502514824348155425e-03,4.284695577948301803e+01,2.762163780314828010e-01,nan,8.328380247164486795e-06,6.608994083616090975e+00,1.000000000000000000e+00
1.940000000000000000e+02,4.586636735384174557e+01,3.062626668602787205e+01,-1.645422971412791686e-03,4.715614480265519148e+01,3.036474607178317742e-01,nan,1.432454315021983709e-05,2.745914286705381002e+01,1.000000000000000000e+00
1.940000000000000000e+02,1.196794295495609646e+02,2.668953212739300795e+01,-1.536477493029520056e-03,4.387105106086103490e+01,2.497924568369543907e-01,nan,9.636986221270634764e-06,1.417000531759216209e+01,1.000000000000000000e+00
1.940000000000000000e+02,1.827097909039198953e+01,4.752120339525266957e+01,-1.231685819787092101e-03,3.468049783021486121e+01,3.150762453921434059e-01,nan,8.030947957506748318e-06,8.512222462414547053e+00,1.000000000000000000e+00
1.970000000000000000e+02,1.024836880566233255e+01,1.456795881914866442e+01,-1.746804862124953089e-02,5.242645964096898297e+02,4.572734239533304823e-03,nan,1.519016789852430246e-05,9.325786548340172288e+00,1.000000000000000000e+00
1.990000000000000000e+02,2.527739967872508586e+01,6.902203322238238847e+00,-7.026779243792586303e-03,2.094231803428292551e+02,2.128382975740739091e-02,nan,1.089587791074334580e-05,1.203824556670950585e+01,1.000000000000000000e+00
1.990000000000000000e+02,1.338418633383295173e+02,2.622636921940382848e+01,-9.153884758623602458e-03,2.735629786952146674e+02,1.620762602432479493e-02,nan,1.400999920820374806e-05,1.417000531759216209e+01,1.000000000000000000e+00
2.000000000000000000e+02,5.041133228894867102e+01,2.480574336090007037e+01,-1.284644711763223814e-03,3.627739682212251182e+01,3.178115159011928315e-01,nan,8.973057821554217785e-06,3.030586971511722183e+01,1.000000000000000000e+00
2.000000000000000000e+02,1.382993198036665206e+02,5.052727105266609442e+01,1.266819534179628674e-03,-3.573990430572607835e+01,3.241779373713077339e-01,nan,9.419609669409186175e-06,2.470633012104840986e+01,1.000000000000000000e+00
2.020000000000000000e+02,1.917192190884068381e+01,1.727729356405534134e+01,-9.049098105742428913e-03,2.704032883371396565e+02,1.463609493358253300e-02,nan,1.301846118390052675e-05,9.325786548340172288e+00,1.000000000000000000e+00
2.030000000000000000e+02,7.922657324871132722e+00,3.709785196994946688e+01,-1.626913387390654941e-02,4.881130516931180523e+02,6.694742437311274053e-03,nan,1.853096578784307115e-05,1.460904199250677316e+01,1.000000000000000000e+00
2.040000000000000000e+02,2.252551437155720748e+01,3.667279431165226100e+01,-9.051128333617200136e-03,2.704645069300065074e+02,1.056397221152372001e-02,nan,9.337691708428769315e-06,1.460904199250677316e+01,1.000000000000000000e+00
2.040000000000000000e+02,1.412140043815151387e+02,9.772920484921170825e+00,-1.802024038247506885e-03,5.187822406882879989e+01,2.029614960288876890e-01,nan,8.987937659679806916e-06,1.293254538919530283e+01,1.000000000000000000e+00
2.040000000000000000e+02,8.898898042248525542e+01,1.037960723693167431e+01,-1.253513125143955248e-03,3.533866873636117134e+01,3.238690707665298207e-01,nan,8.619176228214077572e-06,1.443348330329842888e+01,1.000000000000000000e+00
2.050000000000000000e+02,8.026019974459838124e+01,5.019530632885183508e+01,-1.642456613600387985e-03,4.706669856192947066e+01,2.453198371926110788e-01,nan,9.480799904053300822e-06,1.902982739312750127e+01,1.000000000000000000e+00
2.050000000000000000e+02,1.002858717473556851e+02,1.936324161621613626e+01,-1.319393861700698294e-03,3.732520731124321145e+01,3.125482161034723871e-01,nan,8.869298450539266947e-06,1.443348330329842888e+01,1.000000000000000000e+00
2.060000000000000000e+02,4.982528962261608285e+01,3.122205698804988216e+01,-8.726798790967965624e-03,2.606848174316714335e+02,1.445963972551522758e-02,nan,1.044546303434961088e-05,1.372515078244309095e+01,1.000000000000000000e+00
2.070000000000000000e+02,4.363811804932339555e+01,4.347353330412857275e+01,-8.895491526001485585e-03,2.657715035095936855e+02,2.331195089693260947e-02,nan,1.859912128998166881e-05,1.372515078244309095e+01,1.000000000000000000e+00
2.100000000000000000e+02,9.926163119705366356e+00,1.027349132593243830e+01,-1.347508209830956946e-03,3.817295492287347258e+01,3.104923815406146481e-01,nan,9.327055247989387844e-06,2.824391369573187305e+01,1.000000000000000000e+00
2.120000000000000000e+02,3.777595599770024393e+01,1.497537366226712940e+01,-1.576260140424026041e-03,4.507063940474738928e+01,2.438298321887164555e-01,nan,9.047465324844187958e-06,2.750829629444604763e+01,1.000000000000000000e+00
2.120000000000000000e+02,1.195610100956266280e+02,3.761174178088179332e+01,-9.226950393152834329e-03,2.757661675039120155e+02,1.220439849717691594e-02,nan,1.093794276280651749e-05,3.192758211089705611e+01,1.000000000000000000e+00
2.120000000000000000e+02,1.372816273178569872e+02,4.471058860030566073e+00,-1.470075893486760864e-03,4.186880661400444836e+01,3.501938128202769507e-01,nan,1.367767176205502261e-05,9.052694454548777969e+00,1.000000000000000000e+00
2.120000000000000000e+02,1.020738109163635414e+02,7.871778322227349634e+00,-1.368681614751664785e-03,3.881140840464891539e+01,3.111332116659819569e-01,nan,9.702903787440984163e-06,6.702948042065590251e+00,1.000000000000000000e+00
2.130000000000000000e+02,3.452013883127185778e+01,4.229031498751665907e+01,-1.794839099478419409e-02,5.387486277677051021e+02,2.750446366294057032e-02,nan,9.291406098253861094e-05,1.249134478159833250e+01,1.000000000000000000e+00
2.140000000000000000e+02,7.094230256613305130e+01,4.936408188491743942e+01,-2.724505290422801068e-02,8.190760567854423471e+02,3.053181260067039382e-03,nan,3.506022762403946286e-05,2.921943397979347168e+01,1.000000000000000000e+00
2.160000000000000000e+02,9.572963877278853317e+01,5.708218231238930684e+00,-1.413539992148643305e-03,4.016404806478631428e+01,2.945134047987778558e-01,nan,9.557671896005269076e-06,6.702948042065590251e+00,1.000000000000000000e+00
2.180000000000000000e+02,1.310567510272885450e+01,1.563276301996293327e+01,-8.659076936205238259e-03,2.586427625931855232e+02,1.223679356735241086e-02,nan,1.118426310710249767e-05,3.419363001618739162e+01,1.000000000000000000e+00
2.180000000000000000e+02,1.085421889605811856e+02,2.190918509614464682e+01,-9.161875306257373508e-03,2.738039221323792844e+02,1.371845133927673821e-02,nan,1.162660452672005794e-05,1.538022138242466674e+01,1.000000000000000000e+00
2.220000000000000000e+02,6.539812661921160952e+01,4.219816167614493452e+01,-1.208453935067875951e-03,3.397997385956699645e+01,3.281309275482764409e-01,nan,8.339274298736415185e-06,7.137222518053269127e+00,1.000000000000000000e+00
2.220000000000000000e+02,8.382098290667151730e+01,8.454408585621521866e+00,-1.258484626523999166e-03,3.548857718885745527e+01,3.453143941025156316e-01,nan,1.037988599420910379e-05,1.298598256300547682e+01,1.000000000000000000e+00
2.230000000000000000e+02,2.618314755332841770e+01,5.153732939269498559e+01,-1.594107873615817047e-03,4.560881205297146579e+01,2.421192885698726371e-01,nan,9.465131859042275275e-06,1.539059103036669107e+01,1.000000000000000000e+00
2.230000000000000000e+02,7.253528633849145990e+01,4.222810184474536044e+01,-1.413853383849415432e-03,4.017349793944118375e+01,2.968784322451061275e-01,nan,9.702517872892452012e-06,7.137222518053269127e+00,1.000000000000000000e+00
2.240000000000000000e+02,6.588084019215504128e+00,6.532698367907435077e+00,-1.912382976895934386e-03,5.520593866593741694e+01,2.307973231831123018e-01,nan,1.196691516390535772e-05,6.063151158181200095e+00,1.000000000000000000e+00
2.250000000000000000e+02,1.206739163127026728e+02,2.648973932227496775e+01,-8.229453223432190573e-03,2.456880792864405691e+02,2.353686881040011336e-01,nan,1.077932796590405163e-04,5.504625637397512428e+00,1.000000000000000000e+00
2.250000000000000000e+02,4.080114329263424366e+01,4.672230158076695972e+01,-9.346488919166064460e-03,2.793706793160301345e+02,1.354508901160300649e-02,nan,1.304225762132944071e-05,1.539059103036669107e+01,1.000000000000000000e+00
2.260000000000000000e+02,1.385252936114291344e+02,1.490442692421452264e+01,-8.274233261892957603e-03,2.470383567489640200e+02,2.601796843048620467e-02,nan,1.793429552354417836e-05,1.829952745963103666e+01,1.000000000000000000e+00
2.260000000000000000e+02,4.352362257228269726e+01,1.593408667860806460e+01,-8.841596942473278417e-03,2.641463900887112004e+02,1.054459153084208456e-02,nan,1.014473181140001038e-05,1.082390959028657385e+01,1.000000000000000000e+00
2.260000000000000000e+02,1.212772944962892154e+02,2.101828264461902762e+01,-8.489778159038351840e-03,2.535378021889752631e+02,1.849072150424648786e-01,nan,1.692592415605373066e-04,5.504625637397512428e+00,1.000000000000000000e+00
2.270000000000000000e+02,9.301617797371402219e+01,1.762414853862561515e+01,-8.553418917474953781e-03,2.554567974549157157e+02,1.327196667334806790e-02,nan,1.010777044760319850e-05,1.298598256300547682e+01,1.000000000000000000e+00
2.270000000000000000e+02,9.167109107131479107e+01,3.500714017117155663e+01,-3.482297726628410389e-02,1.047577434419508791e+03,2.554798955142656425e-03,nan,4.326838249472254709e-05,1.709487307487603758e+01,1.000000000000000000e+00
2.280000000000000000e+02,7.710755934547588453e+00,2.598295737034868580e+01,-8.984195937272159566e-03,2.684462570712757952e+02,1.887059794867840257e-02,nan,1.509623983205052303e-05,1.747822963373396377e+01,1.000000000000000000e+00
2.290000000000000000e+02,1.209747828884726673e+01,9.064175554986695360e+00,-1.325008932292177834e-03,3.749452166493220062e+01,2.525942946446356752e-01,nan,7.073595338060601132e-06,6.063151158181200095e+00,1.000000000000000000e+00
2.310000000000000000e+02,7.102319340784374901e+01,1.219440312885548572e+01,-1.287303080882748040e-03,3.635755610810228688e+01,3.489927757103943318e-01,nan,1.038216785798868488e-05,1.053553760889929336e+01,1.000000000000000000e+00
2.320000000000000000e+02,7.649911852877289675e+01,4.288406435605975275e+01,-8.842702738457270187e-03,2.641797337714469904e+02,1.520121030039800480e-02,nan,1.218615559652849664e-05,1.159525590821163732e+01,1.000000000000000000e+00
2.320000000000000000e+02,1.397703344976443702e+02,1.891741391457664534e+01,-1.346489614575050115e-03,3.814224065230201433e+01,2.704667610522206722e-01,nan,7.476242952526753323e-06,2.206296657192785915e+01,1.000000000000000000e+00
2.330000000000000000e+02,8.858719436995222907e+01,2.339786340715486901e+01,-1.171010112864643953e-03,3.285090941546081922e+01,3.464826228656878726e-01,nan,9.422151019143039789e-06,6.711708418729521064e+00,1.000000000000000000e+00
2.340000000000000000e+02,9.768361581784506598e+01,3.212790112130727493e+01,-1.264042165882281596e-03,3.565615677120083404e+01,2.899155438713585387e-01,nan,7.416757278634587033e-06,8.660485458395388747e+00,1.000000000000000000e+00
2.340000000000000000e+02,2.777439019628214112e+01,5.155999999418177282e+01,-8.919260711300551481e-03,2.664882290041460919e+02,1.389207970921690904e-02,nan,1.128017177597080120e-05,1.922790858609720388e+01,1.000000000000000000e+00
2.350000000000000000e+02,6.628120050341103742e+00,3.994475515272196731e+01,-1.508977225330325033e-03,4.304182015879028711e+01,2.175401972618294932e-01,nan,6.691985199823507281e-06,1.880051981248276860e+01,1.000000000000000000e+00
2.350000000000000000e+02,1.189823854112467671e+02,4.521655864101460054e+01,1.515513513348987901e-03,-4.323891249509757273e+01,3.363428348789000433e-01,nan,1.325054145043221447e-05,1.171532318727405908e+01,1.000000000000000000e+00
2.350000000000000000e+02,6.313934125395270058e+01,1.918313891754566214e+01,-9.655405790548408354e-04,2.665527202266021689e+01,3.662012129320352249e-01,nan,6.513863023911730830e-06,1.053553760889929336e+01,1.000000000000000000e+00
2.370000000000000000e+02,6.642404755788392734e+00,4.575148509855679890e+00,-1.485732595554034932e-03,4.234091187933169209e+01,2.618224574403336113e-01,nan,8.726681974676364135e-06,1.764932864608175933e+01,1.000000000000000000e+00
2.370000000000000000e+02,4.179781901978231673e+01,3.840492824874704780e+01,-1.193908818120835219e-03,3.354138684002783322e+01,3.659163353474137459e-01,nan,9.768283183786867155e-06,7.966513863807903384e+00,1.000000000000000000e+00
2.380000000000000000e+02,1.103720550726032101e+01,2.166855449029925040e+01,-8.849123630093236673e-03,2.643733464962986659e+02,3.273097265681224055e-02,nan,2.556859829017354415e-05,1.764932864608175933e+01,1.000000000000000000e+00
2.390000000000000000e+02,1.076183527955734434e+02,4.236918088381515446e+01,-8.047599943171999601e-03,2.402045559518987830e+02,1.588968402660462242e-02,nan,1.108532066390079887e-05,1.171532318727405908e+01,1.000000000000000000e+00
2.400000000000000000e+02,1.398430658975264294e+02,2.130135936641355343e+01,-8.804359318392011857e-03,2.630235432515225966e+02,1.526199920239024177e-02,nan,1.284588089593644739e-05,2.227426229261044455e+01,1.000000000000000000e+00
2.400000000000000000e+02,1.065750024225417150e+02,2.597807395528322516e+01,-1.376240519694896421e-03,3.903933627914471316e+01,2.778785525712335058e-01,nan,8.098133234181946575e-06,1.642427978157559565e+01,1.000000000000000000e+00
2.410000000000000000e+02,7.280839414034706181e+01,2.059326350059790300e+01,-1.505591918231869580e-03,4.293974110669724809e+01,3.031097108478363333e-01,nan,1.112591072890888882e-05,1.781573361116226195e+01,1.000000000000000000e+00
2.410000000000000000e+02,8.840160634744799495e+01,5.304794841623937174e+01,-8.852712762071588554e-03,2.644815715936181846e+02,1.483242863886913288e-02,nan,1.218935864861752138e-05,5.801103593223976063e+00,1.000000000000000000e+00
2.410000000000000000e+02,2.830955099761664684e+01,5.285421470886539197e+01,-1.333359628368233204e-03,3.774632485884325206e+01,2.957330410578846713e-01,nan,8.402935995698052418e-06,1.976651849578818343e+01,1.000000000000000000e+00
2.410000000000000000e+02,3.960706286845466906e+01,3.074555943482617693e+01,-1.567804660713129289e-03,4.481567661148290682e+01,3.554286616689225076e-01,nan,1.648015901767510737e-05,7.966513863807903384e+00,1.000000000000000000e+00
2.420000000000000000e+02,3.857650076928990757e+01,7.417687209657207958e+00,-6.752212339331009096e-03,2.011440114141532831e+02,2.177641266206165049e-02,nan,1.030223555923105380e-05,1.706307987241470059e+01,1.000000000000000000e+00
2.430000000000000000e+02,5.478000558225073924e+00,4.360430644804927880e+01,-9.166173847951842105e-03,2.739335384563323714e+02,9.158791998575166460e-03,nan,7.922257339574101869e-06,2.262922830361902271e+01,1.000000000000000000e+00
2.440000000000000000e+02,1.210028422368509524e+02,9.419072840002424840e+00,-1.187694140725341092e-03,3.335399220812411869e+01,3.500287203637323374e-01,nan,9.247080461423381909e-06,2.196276575577942936e+01,1.000000000000000000e+00
2.450000000000000000e+02,5.079130527179040655e+01,2.480835918161992737e+01,-3.612406066319128611e-02,1.086809727380722279e+03,3.490722650540289962e-03,nan,8.587462595566791221e-05,3.250221524163881437e+00,1.000000000000000000e+00
2.450000000000000000e+02,4.754275893652321372e+01,4.471137639484541637e+01,-2.117537127144054464e-03,6.139206612239073024e+01,2.130579256396331056e-01,nan,1.276540508552219784e-05,7.818122554612582320e+00,1.000000000000000000e+00
2.460000000000000000e+02,4.347469042603420064e+01,2.376260791362414082e+01,-9.022273992090880726e-03,2.695944458849924672e+02,2.465204519415262752e-01,nan,3.345645982471210354e-04,7.390970742443438546e+00,1.000000000000000000e+00
2.480000000000000000e+02,5.531868032193096951e+01,4.552260194110261438e+01,-1.758196592779294682e-03,5.055667067383672020e+01,2.364564711465256819e-01,nan,9.397267837772124650e-06,7.818122554612582320e+00,1.000000000000000000e+00
2.490000000000000000e+02,1.101953730226324879e+01,5.138878109745985689e+00,-8.536214586563522014e-03,2.549380256743185953e+02,1.815094121895088897e-02,nan,1.339868148175411617e-05,1.580268028908639089e+01,1.000000000000000000e+00
2.490000000000000000e+02,8.109124127606390786e+00,2.067123786194923341e+01,-9.339542161906164847e-03,2.791612098718740640e+02,1.430943850386923177e-02,nan,1.438284688779359714e-05,1.155483870556440529e+01,1.000000000000000000e+00
2.490000000000000000e+02,1.230401023131466189e+02,3.284265436577533848e+01,-7.850738127368264707e-03,2.342684718785428117e+02,1.539842817002035069e-02,nan,1.038444454486963418e-05,1.650890657646863957e+01,1.000000000000000000e+00
2.520000000000000000e+02,1.136088586003670464e+01,3.175908450352536505e+01,-1.593907643639189348e-03,4.560277440686719075e+01,3.317592982460693118e-01,nan,1.144566666637089746e-05,6.498946531326559750e+00,1.000000000000000000e+00
2.520000000000000000e+02,8.949046945841446643e+01,5.134444648687236423e+01,-1.802379250026515988e-03,5.188893496761551916e+01,2.019664902426353548e-01,nan,9.292211636017725027e-06,2.257907308747244102e+01,1.000000000000000000e+00
2.530000000000000000e+02,1.065468055160694547e+02,3.356039882872412505e+01,-9.215894910191545913e-03,2.754328053632559659e+02,1.388852941189089307e-02,nan,1.276997652500432325e-05,1.650890657646863957e+01,1.000000000000000000e+00
2.530000000000000000e+02,1.998413951139713163e+01,2.515387335679578129e+01,-1.192949766732206160e-03,3.351246802887937548e+01,3.137620437431084541e-01,nan,7.540558475814295646e-06,8.789982960234107523e+00,1.000000000000000000e+00
2.560000000000000000e+02,1.337048157238607189e+02,3.415346463689024858e+01,-1.324175274940479156e-03,3.746938393008072410e+01,3.012142862564377577e-01,nan,8.687923102658282263e-06,9.655047427076288713e+00,1.000000000000000000e+00
2.570000000000000000e+02,5.763035645828504272e+01,2.191787425192530137e+01,-1.412590458119197551e-03,4.013541623587479990e+01,3.353950626102827348e-01,nan,1.035784445813736447e-05,3.752958216156474691e+01,1.000000000000000000e+00
2.570000000000000000e+02,1.271522181733401453e+02,1.524918318909113779e+01,-1.139845973992755597e-03,3.191119976347984988e+01,3.488986952319773627e-01,nan,8.095841013956877100e-06,1.338427547372958060e+01,1.000000000000000000e+00
2.580000000000000000e+02,1.258294263153468506e+02,2.856793131558958265e+01,-1.254196370754376375e-03,3.535927102213026529e+01,3.467354889185724209e-01,nan,9.972003989737773693e-06,9.655047427076288713e+00,1.000000000000000000e+00
2.650000000000000000e+02,6.051497158383205033e+01,2.411000943432798849e+01,-1.820359526242668405e-02,5.464439443145938640e+02,6.381892906432762302e-03,nan,2.218507215000322844e-05,1.052025754123862811e+01,1.000000000000000000e+00
2.650000000000000000e+02,1.047086649934023086e+02,3.765552786947439046e+01,-8.983549831162009405e-03,2.684267746735620221e+02,1.176844345674354919e-02,nan,9.610578057118947422e-06,9.029835182901731372e+00,1.000000000000000000e+00
2.660000000000000000e+02,5.641111519751902392e+01,3.379681393811075196e+01,-1.818795567796882215e-02,5.459723552060854672e+02,5.496421260017925192e-03,nan,1.902293452176312394e-05,1.052025754123862811e+01,1.000000000000000000e+00
2.680000000000000000e+02,1.734428782883764697e+01,3.041060678726888256e+01,-3.494813265808501684e-02,1.051351314716867819e+03,2.157244470297081662e-03,nan,4.051794768393468890e-05,1.027524674857980536e+01,1.000000000000000000e+00
2.700000000000000000e+02,9.374508609270070281e+01,2.115647266222506673e+01,-1.212610447289074519e-03,3.410530748963756764e+01,2.968754232104831026e-01,nan,7.161966833751376313e-06,1.980956549356321617e+01,1.000000000000000000e+00
2.720000000000000000e+02,4.970967281934500193e+01,3.294299965768690441e+01,-8.740631127779950257e-03,2.611019115944561122e+02,2.061133469937803664e-02,nan,1.650304006592403605e-05,1.298943749092451405e+01,1.000000000000000000e+00
2.730000000000000000e+02,6.839318765623609409e+01,4.125793321785370438e+01,-9.143093676046471982e-03,2.732375891667333008e+02,1.303753703686671983e-02,nan,1.095473940295604176e-05,1.548316786600248385e+01,1.000000000000000000e+00
2.760000000000000000e+02,2.237213551492348884e+01,3.596715870559820871e+01,-9.152588745641326157e-03,2.735238992932923452e+02,1.612321916650516496e-02,nan,1.420205257510902962e-05,1.603362098337971631e+01,1.000000000000000000e+00
2.760000000000000000e+02,1.110903230231600105e+02,3.259134890509984217e+01,-8.860135036896641877e-03,2.647053795839955797e+02,1.220489730931917371e-02,nan,1.030161933409736031e-05,2.997834438892575193e+01,1.000000000000000000e+00
2.760000000000000000e+02,3.979560751152110498e+01,4.133566284661793588e+01,-8.946936762779645821e-03,2.673227604125235644e+02,1.549768932342809880e-02,nan,1.313865689088538934e-05,1.298943749092451405e+01,1.000000000000000000e+00
2.760000000000000000e+02,1.128693973870414169e+01,4.755143410121804237e+01,-1.374418261803177308e-03,3.898438872111057663e+01,2.997792961922041144e-01,nan,9.748954755596870713e-06,1.603362098337971631e+01,1.000000000000000000e+00
2.760000000000000000e+02,2.294713342919519405e+01,1.225868954125579080e+01,-1.229660238547480421e-03,3.461941934992828607e+01,3.404229251835444447e-01,nan,9.246867710271008516e-06,1.589835566626906349e+01,1.000000000000000000e+00
2.780000000000000000e+02,6.823165995777455350e+01,1.080056226787433538e+01,-1.790086431427159817e-03,5.151826275570703473e+01,3.168430775107107245e-01,nan,1.733769784631658116e-05,9.705393157946279103e+00,1.000000000000000000e+00
2.800000000000000000e+02,9.130953867993960671e+01,1.006532610772075031e+01,-8.773749573351901504e-03,2.621005505458003313e+02,1.356913195610498502e-02,nan,1.090392689603357137e-05,2.308958766470626855e+01,1.000000000000000000e+00
2.800000000000000000e+02,6.602279723740480222e+01,2.025125440299709467e+01,-1.752680394089140004e-02,5.260362783162448750e+02,9.262401550371057724e-03,nan,2.869586201628985663e-05,9.705393157946279103e+00,1.000000000000000000e+00
2.830000000000000000e+02,9.328336227043280360e+01,4.203282217665994835e+01,-8.450488002873471349e-03,2.523530642076770789e+02,1.972997738611925733e-02,nan,1.352222202507041603e-05,1.080529771809819017e+01,1.000000000000000000e+00
2.830000000000000000e+02,5.290460082124189967e+01,4.014384296930243323e+01,-1.199403036104328222e-03,3.370705705765843163e+01,3.496594584966001840e-01,nan,9.061506784234116965e-06,9.636799474404670107e+00,1.000000000000000000e+00
2.840000000000000000e+02,2.109893104444862644e+01,5.058640560496506566e+01,-1.330688305839936069e-03,3.766577498150781622e+01,2.641173203168872829e-01,nan,7.261174512088921425e-06,1.458945693553648759e+01,1.000000000000000000e+00
2.840000000000000000e+02,3.923629371708634039e+01,1.023387712107964198e+01,-1.270208849153102752e-03,3.584210420950876141e+01,3.247867092636222974e-01,nan,9.007148338235685571e-06,1.408461720213209745e+01,1.000000000000000000e+00
2.850000000000000000e+02,1.032881452335340953e+02,3.795130571363102945e+01,-7.744723520902795956e-03,2.310717543515127090e+02,2.157107967697324824e-02,nan,1.258657691397461508e-05,1.080529771809819017e+01,1.000000000000000000e+00
2.860000000000000000e+02,1.285856785689590254e+02,8.290122949148102549e+00,-8.691794802130855743e-03,2.596293226431491235e+02,1.593861417619912846e-02,nan,1.294498997135586806e-05,2.857031746131275796e+01,1.000000000000000000e+00
2.860000000000000000e+02,8.498258062043338157e+01,3.051921135227052062e+01,-9.161119158396827458e-03,2.737811215844225785e+02,6.958369259428098808e-02,nan,6.701568618254070042e-05,6.145021163426767963e+00,1.000000000000000000e+00
2.860000000000000000e+02,5.334650168411016580e+01,3.051718063299487937e+01,-1.675641729748830007e-03,4.806734786833242623e+01,2.614000544019158268e-01,nan,1.113604909589626301e-05,9.636799474404670107e+00,1.000000000000000000e+00
2.870000000000000000e+02,8.353249932011858903e+01,2.454773336759702573e+01,-9.556752972144698030e-03,2.857108885180528546e+02,1.516928500043174255e-01,nan,6.002946870598844045e-05,6.145021163426767963e+00,1.000000000000000000e+00
2.870000000000000000e+02,6.030715517865179720e+01,2.038704071322272071e+01,-1.280551052492822370e-03,3.615395843211496185e+01,3.560559872271338300e-01,nan,1.064665610077683134e-05,6.585618302938486934e+00,1.000000000000000000e+00
2.870000000000000000e+02,3.932625789621221912e+01,3.437919187484518346e+01,-1.472444503462233979e-03,4.194022863098622622e+01,2.594341221822996646e-01,nan,8.541242396401995602e-06,1.199083602466060050e+01,1.000000000000000000e+00
2.880000000000000000e+02,1.157067835524784130e+02,3.379300715848143710e+01,-8.985980218632259181e-03,2.685000595017818341e+02,1.624397422645851297e-02,nan,1.289734671825037999e-05,1.309633630335260435e+01,1.000000000000000000e+00
2.890000000000000000e+02,6.589716243511441007e+01,1.690534754686045105e+01,-1.317702407476034491e-03,3.727420394909883328e+01,3.030960722463199586e-01,nan,9.460804266427332493e-06,6.585618302938486934e+00,1.000000000000000000e+00
2.900000000000000000e+02,1.260504678766903766e+02,4.638234515821564941e+01,-1.816770911171628269e-02,5.453618492073413790e+02,5.125740431227931992e-03,nan,1.856134073700008844e-05,1.629365633215884657e+01,1.000000000000000000e+00
2.900000000000000000e+02,3.038251767315320251e+01,1.001709089761924609e+01,-2.099905342459396345e-03,6.086040508988361353e+01,1.674295182955798378e-01,nan,9.005296916561871074e-06,5.455961491646751149e+00,1.000000000000000000e+00
2.910000000000000000e+02,4.839955157850724277e+01,4.803303891807470194e+00,-8.706856769124809645e-03,2.600834945302730148e+02,1.206528041405607876e-02,nan,9.138948921219734511e-06,1.875625457517168471e+01,1.000000000000000000e+00
2.930000000000000000e+02,1.361112666418113690e+02,3.109371349544817420e+01,-8.490699686025129922e-03,2.535655895059165914e+02,1.604647189311547706e-02,nan,1.270204486133261851e-05,1.830196519262443289e+01,1.000000000000000000e+00
2.930000000000000000e+02,6.370980706630745338e+00,4.672186483659576339e+01,-1.303869149651904619e-03,3.685708201452158761e+01,2.696330571883772675e-01,nan,6.893471598308845827e-06,8.642821750790075086e+00,1.000000000000000000e+00
2.930000000000000000e+02,1.501200193633072999e+01,4.689827323720130892e+01,-1.173169849581687284e-03,3.291603316064390583e+01,3.234647867559476975e-01,nan,8.152188850182049887e-06,8.642821750790075086e+00,1.000000000000000000e+00
2.940000000000000000e+02,9.272152116018595791e+01,9.923948100835039199e+00,-9.867536460540136944e-03,2.950821162911696547e+02,4.121710162416392098e-02,nan,4.151281719571571049e-05,2.771797538126271832e+01,1.000000000000000000e+00
2.940000000000000000e+02,4.948390808272702657e+01,4.791420125788229711e+01,-1.999585799135695455e-03,5.783541397650353844e+01,2.060796232331071343e-01,nan,1.109155444250473967e-05,1.367968439145132642e+01,1.000000000000000000e+00
2.950000000000000000e+02,5.797543042231540511e+01,2.094463825639683563e+01,-1.436680671718712412e-03,4.086182187572926239e+01,2.753609835543125994e-01,nan,9.154600799815058748e-06,8.444291333444237324e+00,1.000000000000000000e+00
2.960000000000000000e+02,2.001533369981857291e+01,2.405443967932575333e+01,-1.325036004687510285e-03,3.749533799396028400e+01,3.430736444501261140e-01,nan,1.098022460260414415e-05,1.636156944448283923e+01,1.000000000000000000e+00
2.960000000000000000e+02,3.613932705312136306e+01,4.490489532561058894e+01,-1.559858336040885344e-03,4.457606665392948031e+01,2.136098942903046360e-01,nan,6.984386068192744318e-06,1.367968439145132642e+01,1.000000000000000000e+00
2.970000000000000000e+02,1.025766347833387186e+02,5.290140516473184107e+01,-8.747324521886199952e-03,2.613037412382018374e+02,1.047062981717405972e-02,nan,8.140780876795881187e-06,1.547992397547198706e+01,1.000000000000000000e+00
3.020000000000000000e+02,1.144220057453958219e+02,1.848740096771092212e+01,-1.384646443634156765e-03,3.929280478960198053e+01,2.830713232882303698e-01,nan,8.510243781231886871e-06,9.611774200253790923e+00,1.000000000000000000e+00
3.040000000000000000e+02,1.225772692471888625e+01,3.569290790558565618e+01,-1.436884832167159868e-03,4.086797803954137720e+01,3.294043624689078076e-01,nan,1.166199644160313109e-05,2.609111396765235469e+01,1.000000000000000000e+00
3.050000000000000000e+02,1.238257677835403854e+02,2.047623550246126456e+01,-9.347052370343568103e-03,2.793876693734836181e+02,1.114996883364183233e-02,nan,1.013508119223376682e-05,9.611774200253790923e+00,1.000000000000000000e+00
3.050000000000000000e+02,3.424653462216959809e+01,2.164874313449455911e+01,-1.961691475875167179e-03,5.669276532288304082e+01,2.477777595342643968e-01,nan,1.366070865445102109e-05,1.295601639784264059e+01,1.000000000000000000e+00
3.070000000000000000e+02,7.560152817586282481e+01,4.311688272078438189e+01,-1.736994895424136048e-03,4.991736407451355007e+01,2.845253428703606868e-01,nan,1.359272331903129267e-05,2.434334672969427160e+01,1.000000000000000000e+00
3.080000000000000000e+02,5.170937812907926201e+01,3.845172504455337759e+01,-8.840476152201239349e-03,2.641125942748492434e+02,1.698202088959743783e-02,nan,1.303824049308702267e-05,1.663574285862397062e+01,1.000000000000000000e+00
3.100000000000000000e+02,3.554006963643331574e+01,3.454002422164959540e+01,-8.941699598448458325e-03,2.671648412769665129e+02,1.324239243309843772e-02,nan,1.142563835803232272e-05,1.295601639784264059e+01,1.000000000000000000e+00
3.110000000000000000e+02,3.070103730645853801e+01,5.174455588499622394e+01,-1.392892052080675885e-03,3.954143921763808578e+01,3.142657287292847101e-01,nan,1.027435136649725516e-05,1.787210518225645117e+01,1.000000000000000000e+00
3.120000000000000000e+02,6.297950844813830429e+01,1.636145389765653846e+01,-1.374829614467353240e-03,3.899679246730370608e+01,3.424727384379475659e-01,nan,1.087895619945358231e-05,1.641529099442994166e+01,1.000000000000000000e+00
3.140000000000000000e+02,1.169397885405125805e+02,3.062490244404790829e+01,-8.880539033382109371e-03,2.653206326643132797e+02,1.462198809505310670e-02,nan,1.192813237376870675e-05,8.638857299856656624e+00,1.000000000000000000e+00
3.140000000000000000e+02,1.209555274813496624e+02,8.057742637465935331e+00,-8.462582302435170400e-03,2.527177503643778209e+02,1.497158719111213454e-02,nan,1.147506816234696837e-05,1.440532628047156294e+01,1.000000000000000000e+00
3.150000000000000000e+02,4.868976132500215215e+01,2.926980552803740565e+01,-1.933247314130261650e-03,5.583507265747437742e+01,2.133231904691911263e-01,nan,1.080043093818267045e-05,1.416649556463826798e+01,1.000000000000000000e+00
3.160000000000000000e+02,1.006100731066747755e+02,6.878778204940008578e+00,-8.943039292441914284e-03,2.672052378167691131e+02,1.629899018583325088e-02,nan,1.490871120465530330e-05,9.333604627950959909e+00,1.000000000000000000e+00
3.160000000000000000e+02,1.416403102772291334e+02,4.656887584984036010e+01,-1.633903857043035633e-03,4.680880252568643130e+01,2.377701011785139373e-01,nan,8.997389082605168221e-06,2.939942281798443702e+01,1.000000000000000000e+00
3.170000000000000000e+02,9.158933691163045410e+01,9.275128315071011542e+00,-9.370818749141042112e-03,2.801043102420291007e+02,2.303051210500917101e-02,nan,2.338227272955543869e-05,9.333604627950959909e+00,1.000000000000000000e+00
3.180000000000000000e+02,4.997396595348469361e+01,1.429808217632937506e+01,-1.286758225812482037e-03,3.634112678943686348e+01,2.974166367222881302e-01,nan,7.999991566315273035e-06,1.502669896044688613e+01,1.000000000000000000e+00
3.190000000000000000e+02,1.173092119542924365e+02,2.199394758443719056e+01,-9.558700559764038776e-03,2.857696152132295424e+02,1.386797382725879491e-02,nan,1.267855897811306883e-05,8.638857299856656624e+00,1.000000000000000000e+00
3.190000000000000000e+02,3.074978212534202626e+01,1.699899979915814541e+01,-1.095236365012746240e-03,3.056606135609629504e+01,3.688548913555694808e-01,nan,8.735459680293412963e-06,1.941299049254207887e+01,1.000000000000000000e+00
3.190000000000000000e+02,6.332332924398525620e+01,4.744031015601417067e+01,-1.323071320745768803e-03,3.743609578384383241e+01,3.673697891840067564e-01,nan,1.215359698670966523e-05,1.235393288096423170e+01,1.000000000000000000e+00
3.200000000000000000e+02,8.616218334387880873e+01,2.638382084246399728e+01,-1.358808640931711761e-03,3.851370312132615936e+01,3.594281878183868129e-01,nan,1.285136007733933688e-05,1.069881620222925633e+01,1.000000000000000000e+00
3.200000000000000000e+02,8.514881013602906989e+01,4.338595696043635996e+01,-1.513767270015233977e-03,4.318625704640438556e+01,2.969758919968970012e-01,nan,1.094139941301380607e-05,9.399276890677661811e+00,1.000000000000000000e+00
3.230000000000000000e+02,9.091955134392462412e+01,3.596672843052010649e+01,-1.275076658261180794e-03,3.598888597112477328e+01,3.716392246253708009e-01,nan,1.126878510249013303e-05,9.399276890677661811e+00,1.000000000000000000e+00
3.260000000000000000e+02,1.189299027453436537e+02,2.038631400359826173e+01,-1.601889538110989365e-03,4.584345692041515719e+01,2.501147084465414894e-01,nan,9.678867574209894017e-06,1.074129487615324230e+01,1.000000000000000000e+00
3.280000000000000000e+02,1.296702563636837908e+02,2.024411776776963734e+01,-9.179788910378162969e-03,2.743440810234454830e+02,1.109066369544609021e-02,nan,9.460547357381424060e-06,4.956915886440662611e+00,1.000000000000000000e+00
3.280000000000000000e+02,7.703716963058599276e+01,2.352282893794403051e+01,-1.269533279349304312e-03,3.582173337661567558e+01,2.862987690826443998e-01,nan,7.368624094485030127e-06,1.223640044881673639e+01,1.000000000000000000e+00
3.290000000000000000e+02,4.890011756472698323e+01,3.005014967653398017e+01,-8.526361578485611506e-03,2.546409224291456326e+02,2.226615694347922059e-02,nan,1.652437057822221859e-05,1.332164489890266523e+01,1.000000000000000000e+00
3.290000000000000000e+02,1.000889397094791775e+02,1.726539245823813928e+01,-1.137173867034451617e-03,3.183062623278913605e+01,3.659975783688376172e-01,nan,8.999996202246445722e-06,1.477320525267254681e+01,1.000000000000000000e+00
3.310000000000000000e+02,1.414454546675542872e+02,4.951560164363361594e+01,-3.662677337066148897e-02,1.101968303888330183e+03,2.094131465116944035e-03,nan,4.360824167107776227e-05,3.011531610443286411e+01,1.000000000000000000e+00
3.310000000000000000e+02,1.322806251493932450e+02,1.044399204255281077e+01,-8.544426679287309492e-03,2.551856494840836831e+02,1.384701128132603820e-02,nan,1.109295704822514599e-05,1.014181884217337526e+01,1.000000000000000000e+00
3.310000000000000000e+02,6.808085456396146640e+01,1.518532833097811974e+01,-1.309907031908756148e-03,3.703914564405463494e+01,3.379897692509875595e-01,nan,1.027456463693167261e-05,1.178826626227756336e+01,1.000000000000000000e+00
3.310000000000000000e+02,5.088363590774260814e+01,8.640193209391465956e+00,-1.261873771347666673e-03,3.559077196201817372e+01,3.419645484682871661e-01,nan,9.641855418490996859e-06,1.261055113565859465e+01,1.000000000000000000e+00
3.310000000000000000e+02,9.697573924077153151e+01,4.247982228651204650e+01,-1.334509220650557937e-03,3.778098915577711381e+01,2.816380531331877934e-01,nan,7.934947305404633578e-06,2.280105872770639053e+01,1.000000000000000000e+00
3.330000000000000000e+02,2.913244950293043800e+01,2.471533175474306887e+01,-8.936309109753393792e-03,2.670022988663941987e+02,1.291159912208950100e-02,nan,1.082489575022065753e-05,2.047488663851481761e+01,1.000000000000000000e+00
3.340000000000000000e+02,1.206436095741465806e+02,2.128634752845119138e+01,-9.079224808330135787e-03,2.713117155945205354e+02,1.458792179967560720e-02,nan,1.294311328861075113e-05,4.132014929359612232e+00,1.000000000000000000e+00
3.360000000000000000e+02,7.141495101995614903e+01,4.122215051302620736e+01,-1.213302350299934112e-03,3.412617082682818648e+01,3.531709949431948159e-01,nan,9.619375112938478728e-06,2.559171023513663812e+01,1.000000000000000000e+00
3.370000000000000000e+02,8.669328574448041991e+01,1.012945674249989914e+01,-1.072304963297589968e-03,2.987459801697533379e+01,3.579682681672854416e-01,nan,7.810861976931109615e-06,3.063949250470642482e+01,1.000000000000000000e+00
3.380000000000000000e+02,6.005317012594120207e+00,1.011041290479670351e+01,-7.614373605795162099e-03,2.271412406971778921e+02,2.501494734363662875e-02,nan,1.494480947566364799e-05,2.735265822254006096e+01,1.000000000000000000e+00
3.380000000000000000e+02,2.209635315563669522e+01,5.260930858955408951e+01,-1.359876750700792858e-03,3.854591043061542877e+01,3.305113989720528389e-01,nan,1.112028587397600977e-05,6.942111740725481539e+00,1.000000000000000000e+00
3.390000000000000000e+02,2.853606153386202493e+01,5.001641996407611401e+01,-1.629529294352358030e-03,4.667689389825653024e+01,2.553598696502428211e-01,nan,1.034940733165073982e-05,6.942111740725481539e+00,1.000000000000000000e+00
3.400000000000000000e+02,1.815382088882767064e+01,3.641063958720440041e+01,-1.329975888155347612e-03,3.764429305392426528e+01,2.869292080369284514e-01,nan,7.995868541324624621e-06,1.015839910046289951e+01,1.000000000000000000e+00
3.410000000000000000e+02,2.782826002113101893e+01,3.331252729749586194e+01,-1.093897461502611225e-03,3.052568865217794780e+01,3.579004445734430551e-01,nan,8.244523330645529884e-06,1.015839910046289951e+01,1.000000000000000000e+00
3.420000000000000000e+02,1.141085946232470576e+02,2.381080682309429974e+01,-1.460319415305057992e-03,4.157461408860282148e+01,2.360986849580888336e-01,nan,7.031730523888438273e-06,1.194211031889801511e+01,1.000000000000000000e+00
3.420000000000000000e+02,1.130079441626261740e+02,3.570208797494103692e+01,-1.363328476889639129e-03,3.864999225456661947e+01,3.323422387632525288e-01,nan,1.074188297772846950e-05,1.194211031889801511e+01,1.000000000000000000e+00
3.440000000000000000e+02,9.689281430154976249e+01,3.965943428147087246e+01,-1.191539940821246570e-03,3.346995676227297878e+01,2.992349932938016543e-01,nan,7.023309136891653219e-06,1.659391455411175542e+01,1.000000000000000000e+00
3.450000000000000000e+02,6.552170925345380681e+01,5.800163763604613720e+00,-8.478804781236965252e-03,2.532069158109756870e+02,1.673885288378140768e-02,nan,1.148217898589056138e-05,2.055698147138729226e+01,1.000000000000000000e+00
3.450000000000000000e+02,2.434230456462668357e+01,1.171783066922262684e+01,-1.808871833296573153e-02,5.429799962219426561e+02,1.000191839288433471e-02,nan,3.773022071505761254e-05,1.040677186800155773e+01,1.000000000000000000e+00
3.460000000000000000e+02,3.336152977000028841e+01,6.526060507959508428e+00,-9.016278343126328532e-03,2.694136557394651845e+02,4.596889621103350532e-02,nan,2.996464739381313181e-05,1.040677186800155773e+01,1.000000000000000000e+00
3.470000000000000000e+02,1.749414682486234796e+01,2.214642768507712134e+01,-8.455749487424333785e-03,2.525117166843753864e+02,1.491782499356131275e-02,nan,1.217065514647467210e-05,1.247609314440155259e+01,1.000000000000000000e+00
3.480000000000000000e+02,3.647413493811699681e+01,1.669891065992299772e+01,-8.926315456768571521e-03,2.667009546769400572e+02,1.014713718016202471e-02,nan,8.322473085217555361e-06,1.063838291973410932e+01,1.000000000000000000e+00
3.480000000000000000e+02,7.234357374344700986e+01,2.519221502424050740e+01,-1.780739109772221107e-02,5.344969792706247063e+02,4.165069466435245005e-03,nan,1.910111631526908115e-05,2.055698147138729226e+01,1.000000000000000000e+00
3.480000000000000000e+02,2.498905532904417370e+01,4.787421521823092263e+01,-9.246520831704865828e-03,2.763562858471925665e+02,1.286204012437874855e-02,nan,1.173392806036722112e-05,1.949420925321533460e+01,1.000000000000000000e+00
3.480000000000000000e+02,1.111976657675725590e+02,4.921730995548402632e+01,-1.433886356064510009e-03,4.077756331810537915e+01,2.483616209246154449e-01,nan,7.321730124680228586e-06,5.053214004557948336e+00,1.000000000000000000e+00
3.490000000000000000e+02,4.408158437839582433e+01,5.181115932601422713e+01,-1.395519893321160764e-03,3.962067797946329506e+01,3.090621750971882520e-01,nan,1.022246024969682867e-05,1.949420925321533460e+01,1.000000000000000000e+00
3.500000000000000000e+02,7.081129113232844929e+01,5.167433970743525151e+01,-7.222998663687615721e-03,2.153398938942437724e+02,1.733847136097310671e-02,nan,9.304590328052856859e-06,1.432174045678938334e+01,1.000000000000000000e+00
3.510000000000000000e+02,1.181135632369184378e+02,2.666881324618775295e+01,-8.569050384355672220e-03,2.559281417895953439e+02,2.252834351696308968e-02,nan,1.630527215784939541e-05,1.123085839836341115e+01,1.000000000000000000e+00
3.520000000000000000e+02,1.429117138736616539e+02,4.237828482213520687e+01,-1.263753539120886227e-03,3.564745364756830526e+01,3.381368396360540096e-01,nan,9.928099544984621494e-06,2.189550814311657945e+01,1.000000000000000000e+00
3.520000000000000000e+02,8.272228696793207803e+01,4.372195466168508915e+01,-1.494548133147146360e-03,4.260673169863433429e+01,3.614902430702888747e-01,nan,1.503366839965553064e-05,1.432174045678938334e+01,1.000000000000000000e+00
3.540000000000000000e+02,1.292560744517463149e+02,2.526288857127627097e+01,-8.933741144334608753e-03,2.669248655735987654e+02,1.085350880788948924e-02,nan,9.777327310641644966e-06,1.123085839836341115e+01,1.000000000000000000e+00
3.550000000000000000e+02,4.745358354233422205e+01,2.406873511591106407e+01,-8.742023975277381231e-03,2.611439109014946780e+02,1.931274591005271990e-02,nan,1.495460032430376110e-05,1.324139320603577907e+01,1.000000000000000000e+00
3.580000000000000000e+02,6.396395916518319780e+01,1.941451136297320801e+01,-8.477005176628474997e-03,2.531526513300188697e+02,1.661952728724103157e-02,nan,1.267365807552872554e-05,4.793854140333673186e+00,1.000000000000000000e+00
3.580000000000000000e+02,1.076539368455487988e+02,2.262257079735764975e+01,-9.097367744095318648e-03,2.718587896505019899e+02,1.645333703107931811e-02,nan,1.372693461456292053e-05,1.081813377865330494e+01,1.000000000000000000e+00
3.580000000000000000e+02,3.005878558484617002e+01,2.595014961340535820e+01,-1.440396429162445636e-03,4.097386518129436439e+01,2.943608569790269192e-01,nan,9.662385674221290254e-06,9.722897317012906271e+00,1.000000000000000000e+00
3.590000000000000000e+02,8.421175497685871392e+01,2.945977182722963050e+01,-1.132538525150502285e-03,3.169085418497208195e+01,3.201918620255934655e-01,nan,6.985857662495870290e-06,7.067348069139894662e+00,1.000000000000000000e+00
3.610000000000000000e+02,8.801373477850029303e+01,3.541731816093823682e+01,-1.577704156118952487e-03,4.511418161496897028e+01,3.163583406032860479e-01,nan,1.288037785736697617e-05,7.067348069139894662e+00,1.000000000000000000e+00
3.620000000000000000e+02,1.176772577897956467e+02,1.855255166945884682e+01,-8.991116121457250893e-03,2.686549252426938779e+02,1.645458057156812259e-02,nan,1.359046905303144696e-05,1.081813377865330494e+01,1.000000000000000000e+00
3.620000000000000000e+02,1.408107613630479591e+02,3.498313156333836105e+01,-8.630369935839795129e-03,2.577771444083313668e+02,1.351266122819094750e-02,nan,1.096067484117839154e-05,1.550328751720455855e+01,1.000000000000000000e+00
3.630000000000000000e+02,4.884363625609290693e+01,3.938855139062250998e+01,-9.158772469404097977e-03,2.737103605630533707e+02,1.205554834728816971e-02,nan,1.154973598855260454e-05,3.496229299685827296e+00,1.000000000000000000e+00
3.630000000000000000e+02,5.917835627506164542e+01,1.969565633777188296e+01,-8.852073608339840541e-03,2.644622988348459671e+02,1.250021713697868631e-02,nan,9.608036806906735278e-06,4.793854140333673186e+00,1.000000000000000000e+00
3.640000000000000000e+02,1.435925843952767025e+02,1.638197125405880428e+01,-9.027973865127521605e-03,2.697663173340838512e+02,1.789290186773484503e-02,nan,1.509421613120063713e-05,1.880802233713463423e+01,1.000000000000000000e+00
3.640000000000000000e+02,2.716631001091855069e+01,4.506332883425876901e+01,-8.824165607277889567e-03,2.636207733213953475e+02,1.379504814464083129e-02,nan,1.115268466384247244e-05,9.727018587205911615e+00,1.000000000000000000e+00
3.640000000000000000e+02,1.108050684100353891e+02,4.865532284732640278e+01,1.366752162954718020e-03,-3.875322856903476776e+01,3.513086165711166720e-01,nan,1.173861628364835758e-05,1.784675033500124641e+01,1.000000000000000000e+00
3.650000000000000000e+02,2.263110490139382946e+01,7.380147037438228530e+00,-1.136715786955408555e-03,3.181681348880713145e+01,3.325270581583448237e-01,nan,7.539528293040088816e-06,9.313645743617362527e+00,1.000000000000000000e+00
3.660000000000000000e+02,3.404708920747976464e+01,1.036083427586518013e+01,-1.134636455962199485e-03,3.175411426223731581e+01,3.061739198645219151e-01,nan,6.598711986701156182e-06,1.179869459262852871e+01,1.000000000000000000e+00
3.680000000000000000e+02,1.179725819602680303e+02,2.538399530994792386e+01,-8.704707446588511727e-03,2.600186848096873291e+02,1.761692953836935249e-02,nan,1.446974003525971575e-05,2.435011161873223173e+01,1.000000000000000000e+00
3.710000000000000000e+02,9.282885353043695886e+01,4.260604164844586705e+01,-8.625527255456358344e-03,2.576311203671575072e+02,1.304284592246240937e-02,nan,9.430747511627430606e-06,1.106345054906662817e+01,1.000000000000000000e+00
3.710000000000000000e+02,1.592997533766502016e+01,1.882270821782990922e+01,-1.158461588549761830e-03,3.247252676656787429e+01,3.585370822148650216e-01,nan,9.087161779319808676e-06,1.999582770433710976e+01,1.000000000000000000e+00
3.750000000000000000e+02,8.597792264442202281e+01,5.129308280448336177e+01,-1.672402444632252591e-03,4.796967189845950230e+01,2.465911574466703726e-01,nan,9.896327007451610695e-06,9.739814761904103335e+00,1.000000000000000000e+00
3.760000000000000000e+02,1.371681457922416314e+02,2.131019995672830802e+01,-9.337089952927693157e-03,2.790872670475523023e+02,1.738420161732989744e-02,nan,1.627322115644306132e-05,1.066922605372701582e+01,1.000000000000000000e+00
3.760000000000000000e+02,6.435189659337693513e+01,4.737234057071946580e+01,-1.389973919045237559e-03,3.945344712549529476e+01,3.284053285350859719e-01,nan,1.109798819666491604e-05,1.336257523256838198e+01,1.000000000000000000e+00
3.770000000000000000e+02,8.659615963986973952e+01,3.303130189981265374e+01,-1.219633302882314847e-03,3.431707156926017888e+01,3.519706745605862830e-01,nan,8.368574295123582367e-06,5.404850697903475165e+00,1.000000000000000000e+00
3.780000000000000000e+02,3.979893722797843481e+01,2.868723416903651824e+01,-9.188293344311924613e-03,2.746005199606818223e+02,1.507186757192646720e-02,nan,1.228790419956796460e-05,1.412944386549578724e+01,1.000000000000000000e+00
3.780000000000000000e+02,5.337649514379712912e+01,3.259761842007702626e+01,-2.266099008664554035e-03,6.587173535230799359e+01,1.522965726671342557e-01,nan,9.432156610444594069e-06,9.074420271752737577e+00,1.000000000000000000e+00
3.790000000000000000e+02,6.244422062504300186e+01,3.224911036398455622e+01,-9.034234333863978492e-03,2.699550927378181768e+02,1.618499362682368492e-02,nan,1.330057349393284549e-05,9.074420271752737577e+00,1.000000000000000000e+00
3.800000000000000000e+02,9.481300384930085556e+01,6.499610932307620992e+00,-1.213461276364231727e-03,3.413096301303894364e+01,3.358850260114240038e-01,nan,8.762855710989758053e-06,2.260574350691174672e+01,1.000000000000000000e+00
3.800000000000000000e+02,8.364281529021000949e+01,2.850469519953918862e+01,-1.338594446637919599e-03,3.790417325229999790e+01,3.734498291216318266e-01,nan,1.305321461487104261e-05,5.404850697903475165e+00,1.000000000000000000e+00
3.810000000000000000e+02,1.265008954383627753e+02,2.110488441128967807e+01,-8.891534838557205861e-03,2.656521953074146154e+02,1.040247677422123651e-02,nan,9.889503261562919255e-06,1.066922605372701582e+01,1.000000000000000000e+00
3.820000000000000000e+02,1.020340091599458532e+02,2.792101895801684108e+01,-1.719951787622786598e-03,4.940345374422917502e+01,1.973779528941992378e-01,nan,7.731878756107202238e-06,1.197338167981921231e+01,1.000000000000000000e+00
3.820000000000000000e+02,9.587525277172264282e+01,5.192753462981643509e+01,-1.211787156848047548e-03,3.408048235402265647e+01,3.324264955502742591e-01,nan,8.907747845772173961e-06,1.776063720796098266e+01,1.000000000000000000e+00
3.840000000000000000e+02,1.238231007771801728e+02,4.119432459718719031e+01,-1.414222616440238616e-03,4.018463161558249652e+01,2.407071352581033885e-01,nan,6.731718876973930059e-06,1.648363604898448642e+01,1.000000000000000000e+00
3.860000000000000000e+02,3.132310014292906786e+01,3.107993957372423566e+01,-9.492222479335166857e-03,2.837650645955793607e+02,1.839856403803230567e-02,nan,1.915037191163897871e-05,9.003621872637685541e+00,1.000000000000000000e+00
3.860000000000000000e+02,8.907058186630413843e+01,2.292601255186269071e+01,-1.016306917216752660e-03,2.818605771715958497e+01,3.589835558262940429e-01,nan,6.912114870735604291e-06,1.389246328751873882e+01,1.000000000000000000e+00
3.870000000000000000e+02,1.075535524902909117e+02,3.854629590852847087e+01,-4.681765668284093053e-03,1.387126787630944307e+02,4.063867071916249518e-02,nan,9.000235016176907698e-06,1.197338167981921231e+01,1.000000000000000000e+00
3.870000000000000000e+02,3.583606262661957942e+01,1.634275882525452417e+01,-9.958950393624283609e-04,2.757056698553319052e+01,3.587740997119295283e-01,nan,6.770657121405716949e-06,1.541270017849774199e+01,1.000000000000000000e+00
3.880000000000000000e+02,1.421025028652255457e+02,5.187390048131737785e+01,-1.361819353152247903e-03,3.860448680524584830e+01,3.270736984303566075e-01,nan,1.063001070016500724e-05,2.117049554831753611e+01,1.000000000000000000e+00
3.890000000000000000e+02,9.714506923531868665e+01,1.145452662187182113e+01,-9.133083678421263785e-03,2.729357521282261700e+02,1.218766597836296040e-02,nan,1.144740443859026770e-05,1.402826916317027184e+01,1.000000000000000000e+00
3.900000000000000000e+02,3.979234903011873570e+01,3.413559500460585383e+01,-9.285444541052513892e-03,2.775299741533335123e+02,1.219840022491536224e-02,nan,1.079320185137235430e-05,9.003621872637685541e+00,1.000000000000000000e+00
3.920000000000000000e+02,8.098203536549006287e+01,2.258145370642260374e+01,-4.704597958136072684e-03,1.394011535269547153e+02,4.950930205426895547e-02,nan,1.106418648698135393e-05,1.212954385418495029e+01,1.000000000000000000e+00
3.940000000000000000e+02,8.099915289503610438e+01,1.045192193059637731e+01,-2.001802363590230414e-03,5.790225128013406675e+01,1.891316687046242784e-01,nan,1.016300221954718206e-05,7.451652369606077464e+00,1.000000000000000000e+00
3.940000000000000000e+02,9.077109868040589902e+01,5.007116125407510054e+01,-8.470614342632508745e-03,2.529599449499419563e+02,2.111891674063237634e-02,nan,1.649045140161718899e-05,9.703582822358452376e+00,1.000000000000000000e+00
3.950000000000000000e+02,5.565904162076551387e+01,1.534329830798604632e+01,-8.856657346720064536e-03,2.646005148534486011e+02,2.021984826706569871e-01,nan,2.479545007610823313e-04,6.828850429548276146e+00,1.000000000000000000e+00
3.960000000000000000e+02,4.901127304625597958e+01,1.690546704692084745e+01,-2.521596337815781505e-02,7.578917891815764278e+02,9.136265703770463098e-03,nan,8.292804532209926657e-05,6.828850429548276146e+00,1.000000000000000000e+00
3.960000000000000000e+02,8.477927895678816128e+01,4.243849356904940606e+01,-1.422239446216326531e-03,4.042636755283548666e+01,3.398162246135193465e-01,nan,1.270595320950188139e-05,9.703582822358452376e+00,1.000000000000000000e+00
3.960000000000000000e+02,2.275491508783795780e+01,4.569503610742845723e+01,-1.318578585309409818e-03,3.730062382773752461e+01,3.048389084964250317e-01,nan,8.678592563493774077e-06,1.360865757786534225e+01,1.000000000000000000e+00
3.970000000000000000e+02,1.493211300953360343e+01,1.303268962963329436e+01,-1.198656348305789576e-03,3.368454176422491742e+01,3.232145542212921940e-01,nan,7.869869445750548952e-06,2.824926531285104758e+01,1.000000000000000000e+00
3.970000000000000000e+02,6.681498129859814128e+01,2.972755584302123566e+01,-1.161093466347939192e-03,3.255188724496738217e+01,3.357676031579348574e-01,nan,8.120205325787264959e-06,1.053568987098879361e+01,1.000000000000000000e+00
3.970000000000000000e+02,7.584677897248782585e+01,5.169842795729656615e+01,-1.316639739023354972e-03,3.724216071485630408e+01,2.937769209634105705e-01,nan,8.230893133143135667e-06,1.286607713501546613e+01,1.000000000000000000e+00
3.980000000000000000e+02,4.272213231395056710e+01,7.959641455607958882e+00,-8.606033846105254348e-03,2.570433247283127116e+02,3.220885754217472918e-02,nan,2.512352406613814170e-05,1.093531374314114757e+01,1.000000000000000000e+00
4.000000000000000000e+02,9.877548999495886051e+00,4.129401307881234118e+01,-1.774186342407298167e-02,5.325210867984092147e+02,4.760408963554452200e-03,nan,1.995176662601318913e-05,1.360865757786534225e+01,1.000000000000000000e+00
4.020000000000000000e+02,1.412049924196052757e+02,4.595752423797857489e+01,-1.453745290938368009e-03,4.137638085180144998e+01,2.907661890561794582e-01,nan,9.784993065082556974e-06,2.452473692201894906e+01,1.000000000000000000e+00
4.030000000000000000e+02,9.822427526526128361e+01,3.933488431702510013e+01,-8.696006039904365451e-03,2.597563064433055047e+02,2.634047163211672427e-02,nan,2.074864407171390579e-05,1.297647906407832252e+01,1.000000000000000000e+00
4.030000000000000000e+02,5.810098859312676467e+01,2.806105502371075744e+01,-1.125142553554386339e-03,3.146783933051972326e+01,3.511561413206262250e-01,nan,8.074809312192343468e-06,1.682574966106344405e+01,1.000000000000000000e+00
4.030000000000000000e+02,1.049817843336020928e+02,5.041301954330550217e+01,-1.406651422753003042e-03,3.995633319173833087e+01,2.984276560818641677e-01,nan,9.443813243146958499e-06,1.297647906407832252e+01,1.000000000000000000e+00
4.040000000000000000e+02,2.309428310115330873e+01,1.745542382259842284e+01,-9.054850904486967667e-03,2.705767556846049047e+02,1.202374945271178497e-02,nan,1.155279907156048707e-05,2.111662772992614379e+01,1.000000000000000000e+00
4.050000000000000000e+02,7.190872765836125780e+01,1.786234362517463126e+01,-1.244165189850428115e-03,3.505679523241061446e+01,3.562819506166750028e-01,nan,1.026658767242877258e-05,1.259008128219971745e+01,1.000000000000000000e+00
4.070000000000000000e+02,1.416126448436197620e+02,2.143617556798420765e+01,-8.386932924000986556e-03,2.504366524853958822e+02,1.669392714944839540e-02,nan,1.211864268717854592e-05,2.452473692201894906e+01,1.000000000000000000e+00
4.070000000000000000e+02,4.822243669007658440e+01,4.168163004665014171e+01,-1.311903625111120100e-03,3.709935003189458058e+01,2.846524052657134485e-01,nan,7.920853412015865596e-06,7.210651984943768689e+00,1.000000000000000000e+00
4.090000000000000000e+02,3.715544304940100773e+01,3.320965333705201061e+01,-8.862893745675065257e-03,2.647885644676449033e+02,1.389021470968287986e-02,nan,1.199659267694742811e-05,1.393745807565808725e+01,1.000000000000000000e+00
4.090000000000000000e+02,8.776230702039629250e+01,1.930903020165845874e+01,-1.265636199138412896e-03,3.570422254457333366e+01,3.567639296938247551e-01,nan,9.638773790975728534e-06,8.413144539255164034e+00,1.000000000000000000e+00
4.110000000000000000e+02,5.272715908106423655e+01,7.465482649521554492e+00,-8.657661127600703097e-03,2.586000709270846869e+02,1.347542756210029502e-02,nan,1.012503487762475184e-05,1.697542475467219347e+01,1.000000000000000000e+00
4.110000000000000000e+02,5.541841120582386537e+01,4.122179005633916660e+01,-1.664554489228780264e-03,4.773302812430370068e+01,3.041249181828047377e-01,nan,1.399677679114463824e-05,7.210651984943768689e+00,1.000000000000000000e+00
4.120000000000000000e+02,9.614735568657245324e+01,1.862203682159109874e+01,-1.274733223668816440e-03,3.597853019641219419e+01,3.594258475400654573e-01,nan,1.062328190087484399e-05,6.146007181373611239e+00,1.000000000000000000e+00
4.130000000000000000e+02,3.448848020873548137e+01,1.241739683983514020e+01,-1.558194012062044014e-03,4.452588136521125506e+01,2.637416679645798734e-01,nan,9.447680666134610628e-06,1.700334030670471108e+01,1.000000000000000000e+00
4.130000000000000000e+02,1.163069596870229390e+02,3.510174296221182288e+01,-1.499854050672759075e-03,4.276672398758960014e+01,3.563366927024560482e-01,nan,1.466342972405947432e-05,5.430837593809783925e+00,1.000000000000000000e+00
4.140000000000000000e+02,1.005841492931570542e+02,4.566988554547153711e+01,-1.259814450360055398e-03,3.552867610830180212e+01,3.723526727995850605e-01,nan,1.140249843369132904e-05,8.548744763023549353e+00,1.000000000000000000e+00
4.150000000000000000e+02,7.255783634317836572e+01,1.939170851793108241e+01,-9.187919572166167864e-03,2.745892494008099334e+02,1.046088174613879485e-02,nan,9.862240429352069464e-06,1.652750207858832709e+01,1.000000000000000000e+00
4.150000000000000000e+02,9.108389904861383002e+01,1.513853123827294489e+01,-1.274323059679498054e-03,3.596616229299468159e+01,3.225644749738814099e-01,nan,9.218572554031935148e-06,6.146007181373611239e+00,1.000000000000000000e+00
4.160000000000000000e+02,8.169428541465990179e+00,2.513858483127544119e+01,1.259871490017221325e-03,-3.553039605688132241e+01,3.636585511799701464e-01,nan,1.089573680465317995e-05,1.350355525239052845e+01,1.000000000000000000e+00
4.170000000000000000e+02,2.156984851253121604e+01,2.347282702972081481e+01,-8.687303182764026521e-03,2.594938843405094531e+02,1.352349008101705330e-02,nan,1.092859704147919748e-05,1.350355525239052845e+01,1.000000000000000000e+00
4.180000000000000000e+02,1.113198870906398810e+02,3.725188339686784644e+01,-9.450448476645450721e-03,2.825054298053873936e+02,1.415393221307115201e-02,nan,1.308049113061375093e-05,5.430837593809783925e+00,1.000000000000000000e+00
4.230000000000000000e+02,1.057686273655946820e+02,7.887739697042698950e+00,-8.835973930557797923e-03,2.639768362758526337e+02,1.469067672885904230e-02,nan,1.302470435811105780e-05,1.258638723584167707e+01,1.000000000000000000e+00
4.250000000000000000e+02,1.253188479870922976e+02,7.770122745215513049e+00,1.471239458852377155e-03,-4.190389224910816068e+01,2.670212949042204409e-01,nan,9.323556595266687655e-06,1.494453252704758484e+01,1.000000000000000000e+00
4.260000000000000000e+02,1.934345769457987174e+01,2.561363968077676745e+01,-1.078579626027051895e-03,3.006380142009324885e+01,3.526137687294346179e-01,nan,8.336923887364615181e-06,6.559926274904503529e+00,1.000000000000000000e+00
4.280000000000000000e+02,5.112749901434562361e+01,1.228332041470247837e+01,-8.652793340747255701e-03,2.584532898365249025e+02,1.693012413045069664e-02,nan,1.358582388006116152e-05,1.339713750755333876e+01,1.000000000000000000e+00
4.300000000000000000e+02,8.896588180538465451e+01,2.734597526160981218e+01,-1.397607630798825213e-03,3.968363069144512423e+01,2.303100942184412858e-01,nan,6.220225822930195528e-06,1.196814849439710216e+01,1.000000000000000000e+00
4.310000000000000000e+02,6.086101159540157823e+01,2.865499895357186588e+01,-9.189217161276868120e-03,2.746283763286112958e+02,1.522885018983732852e-02,nan,1.281613933044710141e-05,1.904660403708889760e+01,1.000000000000000000e+00
4.310000000000000000e+02,1.010596690513777531e+02,4.696546471007683721e+01,-9.361608827049863052e-03,2.798265983271048754e+02,1.395125003222663640e-02,nan,1.171382281691115096e-05,1.438461731134581711e+01,1.000000000000000000e+00
4.310000000000000000e+02,1.951581823068136146e+01,3.217130119825213086e+01,-1.158854889863697012e-03,3.248438620033439150e+01,3.402554592101668662e-01,nan,8.846003393379838810e-06,6.559926274904503529e+00,1.000000000000000000e+00
4.320000000000000000e+02,1.429769319220147850e+02,1.855405942418246923e+01,-1.138046564381734686e-03,3.185694116239047347e+01,3.596339396986916181e-01,nan,8.685015921062147983e-06,2.905625304006005649e+01,1.000000000000000000e+00
4.330000000000000000e+02,5.120801166107643354e+01,5.010552505800083622e+01,-8.525403852098068294e-03,2.546120435714935297e+02,2.151094206407933029e-02,nan,1.639386503822214147e-05,2.352244625647744769e+01,1.000000000000000000e+00
4.330000000000000000e+02,1.154368313694787247e+02,4.588221365625570591e+00,-1.353471352745139709e-03,3.835276489534327737e+01,3.337879559623081471e-01,nan,1.113593290925283872e-05,1.295819034144338211e+01,1.000000000000000000e+00
4.350000000000000000e+02,9.354260769910776219e+01,1.628748718784203930e+01,-1.817607177598068577e-03,5.234811115655117675e+01,2.293238924577327698e-01,nan,1.059492392238917622e-05,1.145279623891767784e+01,1.000000000000000000e+00
4.360000000000000000e+02,7.840952475469931926e+01,5.275207745441898055e+01,-8.762276191129557759e-03,2.617545872557661255e+02,1.947548597043757823e-02,nan,1.448008445143839132e-05,1.882480613790297497e+01,1.000000000000000000e+00
4.370000000000000000e+02,4.723031912352809947e+00,4.570143258567480160e+01,1.820205006423985779e-03,-5.242644493730937683e+01,2.743384212318836779e-01,nan,1.390130063504431091e-05,1.954576912793847043e+01,1.000000000000000000e+00
4.370000000000000000e+02,1.045555063292130313e+02,1.314382603352015444e+01,-1.830147677719100308e-03,5.272625184745382398e+01,2.226940631203170318e-01,nan,1.047559675636246552e-05,1.145279623891767784e+01,1.000000000000000000e+00
4.390000000000000000e+02,3.274065986334210976e+01,9.947916245740145769e+00,-1.259890830744524442e-03,3.553097924861325652e+01,3.068113584310744324e-01,nan,8.348596404402308541e-06,8.445081729704831730e+00,1.000000000000000000e+00
4.400000000000000000e+02,9.280605933837372845e+01,4.062305778625551511e+01,-1.321424448331673732e-03,3.738643672188585043e+01,3.115285057639192168e-01,nan,8.916189531402876506e-06,1.882480613790297497e+01,1.000000000000000000e+00
4.410000000000000000e+02,2.110985821662374207e+01,2.128893781424186926e+01,-1.526981367864185249e-03,4.358470910509680607e+01,2.748178951184618857e-01,nan,9.886261748608586662e-06,1.353663006802570834e+01,1.000000000000000000e+00
4.430000000000000000e+02,1.097022167086508659e+02,1.849187518396505325e+01,-1.807112421447576445e-02,5.424494709592012214e+02,4.092064273471862634e-03,nan,1.809675224765559608e-05,1.412161609142178698e+01,1.000000000000000000e+00
4.440000000000000000e+02,1.430666031182746565e+02,2.850881721523688483e+01,-9.079736613712034027e-03,2.713271483475089099e+02,1.739316498823828550e-02,nan,1.408905190406951975e-05,1.720531561130939124e+01,1.000000000000000000e+00
4.440000000000000000e+02,1.185099279792808602e+02,3.928914430690853976e+01,-8.744227275584834716e-03,2.612103482439041500e+02,1.691548070222570477e-02,nan,1.243350889412707688e-05,1.707146917880001524e+01,1.000000000000000000e+00
4.440000000000000000e+02,4.118425951424801923e+01,9.789706395806707206e+00,-1.216707357437743281e-03,3.422884390518973419e+01,3.463980390159611122e-01,nan,9.060230110499268585e-06,8.445081729704831730e+00,1.000000000000000000e+00
4.450000000000000000e+02,1.376632108844553670e+02,1.217400048371926324e+01,-1.303777030240649282e-03,3.685430428656165702e+01,3.207634591011592207e-01,nan,9.347290715074533550e-06,1.720531561130939124e+01,1.000000000000000000e+00
4.470000000000000000e+02,7.737713373457111743e+01,3.557063208808970955e+01,-8.833841448405013036e-03,2.639125343527387599e+02,1.154204646654544142e-02,nan,1.026317020323529121e-05,1.188183837387201081e+01,1.000000000000000000e+00
4.480000000000000000e+02,6.965872429632959495e+01,2.653712563231730925e+01,-8.853207843834533589e-03,2.644965000700016731e+02,1.546951369281324151e-02,nan,1.228666608831963492e-05,1.188183837387201081e+01,1.000000000000000000e+00
4.480000000000000000e+02,3.576862119435018172e+01,3.824057400677267538e+01,-1.996799385384524263e-03,5.775139368936670792e+01,1.763608307135470232e-01,nan,8.712109110927814689e-06,5.701301159316346734e+00,1.000000000000000000e+00
4.480000000000000000e+02,1.231327353817560351e+02,2.285549858715604188e+01,-1.287824088086967755e-03,3.637326632876872168e+01,3.514694323950582344e-01,nan,1.053905489885800552e-05,1.083194589327002078e+01,1.000000000000000000e+00
4.490000000000000000e+02,9.201915037234746819e+01,3.018680416794161658e+01,-1.371970322628211390e-03,3.891057464655411025e+01,3.223686728616095287e-01,nan,1.036672947441322775e-05,1.289290022996648233e+01,1.000000000000000000e+00
4.520000000000000000e+02,1.330511085856396676e+02,2.720945366538231980e+01,-9.350440551674818468e-03,2.794898350939203056e+02,3.353682038211724947e-02,nan,3.033124537556205398e-05,8.211060038486836632e+00,1.000000000000000000e+00
4.530000000000000000e+02,7.553765944894247752e+01,5.097325937948961894e+01,-6.027338919678797667e-03,1.792864991077219372e+02,2.389019642727141512e-02,nan,8.818941578991100773e-06,1.106900905414308056e+01,1.000000000000000000e+00
4.530000000000000000e+02,1.047783787405004006e+02,3.203855139399361462e+01,-1.595849771488711769e-03,4.566133647056096834e+01,2.788726401089843820e-01,nan,1.103009544859089449e-05,1.289290022996648233e+01,1.000000000000000000e+00
4.530000000000000000e+02,3.991248031357482517e+01,4.936506153247231765e+01,-1.205650017124745149e-03,3.389542575877222674e+01,3.252187726630137998e-01,nan,8.146042019708802758e-06,8.208097379382770953e+00,1.000000000000000000e+00
4.540000000000000000e+02,6.491550525015573214e+01,4.785993292408880251e+01,-1.490414371328236840e-03,4.248208407412629128e+01,2.600162465422982683e-01,nan,8.522563550083207075e-06,1.106900905414308056e+01,1.000000000000000000e+00
4.550000000000000000e+02,1.125726135492466256e+02,4.357959951568394530e+01,-9.221630708212240346e-03,2.756057600784180863e+02,1.525629436926090321e-02,nan,1.389316606279208184e-05,1.392644563415386472e+01,1.000000000000000000e+00
4.550000000000000000e+02,1.268615712964228948e+02,5.229555492014350904e+01,-1.136480593536975904e-03,3.180972157055159855e+01,2.850097316860528140e-01,nan,5.786936408938010595e-06,1.673744879344270231e+01,1.000000000000000000e+00
4.560000000000000000e+02,1.281533175616414439e+02,2.061907051712167416e+01,-1.828448349598299147e-02,5.488830123124944294e+02,5.976382576566852123e-03,nan,2.377571791106877688e-05,8.211060038486836632e+00,1.000000000000000000e+00
4.570000000000000000e+02,5.571494322225178308e+01,9.726345857499870462e+00,-8.610368542188160876e-03,2.571740312356947697e+02,2.034887946814967208e-02,nan,1.749907264654160046e-05,1.323558780694290782e+01,1.000000000000000000e+00
4.570000000000000000e+02,1.010564405919631383e+02,8.043154795389114042e+00,-1.022795792655425843e-03,2.838172039551210091e+01,3.624420951173682459e-01,nan,7.333850492194470904e-06,1.357611215262096493e+01,1.000000000000000000e+00
4.580000000000000000e+02,6.636503260614539990e+00,1.616775985085459055e+01,-1.356899720849814471e-03,3.845614238996138567e+01,3.079200760122027258e-01,nan,9.384096893491609585e-06,2.388575284848549884e+01,1.000000000000000000e+00
4.590000000000000000e+02,3.864341379042640767e+01,1.265794712574772873e+01,-1.277142862626070609e-03,3.605118938315338539e+01,3.547289532502321263e-01,nan,1.067563697665123302e-05,1.028571131638376634e+01,1.000000000000000000e+00
4.610000000000000000e+02,3.094586498607360170e+01,2.629880390683361213e+01,-8.908837805895734874e-03,2.661739413271833428e+02,1.887181071785448694e-02,nan,1.548508549185551278e-05,1.566286153030441675e+01,1.000000000000000000e+00
4.610000000000000000e+02,7.900181328965530270e+01,1.299084263573617903e+01,-1.305377251779062803e-03,3.690255665865949908e+01,3.649127401980527541e-01,nan,1.183318929325305244e-05,1.392786313773818740e+01,1.000000000000000000e+00
4.610000000000000000e+02,6.034789094587570446e+01,2.212459492684283546e+01,-1.381083561378165922e-03,3.918537121479377561e+01,3.266580945007913073e-01,nan,1.105609818543692203e-05,9.368482740033202916e+00,1.000000000000000000e+00
4.620000000000000000e+02,9.195291802215035659e+01,1.811473351977249280e+01,-9.154464955777354140e-03,2.735804737034250138e+02,1.206190009490271109e-02,nan,1.094277147080905763e-05,1.357611215262096493e+01,1.000000000000000000e+00
4.650000000000000000e+02,5.363011860522611585e+01,2.865452629168147070e+01,-9.098348100405322103e-03,2.718883508808211786e+02,1.197267137569446582e-02,nan,1.270499676185663567e-05,9.368482740033202916e+00,1.000000000000000000e+00
4.660000000000000000e+02,9.258520496898306362e+00,2.014733436794839250e+01,-1.171233494999490221e-03,3.285764518149812119e+01,3.284373033147227616e-01,nan,7.807318933901573134e-06,2.254288110424208469e+01,1.000000000000000000e+00
4.670000000000000000e+02,7.871401291330147387e+01,4.629942466050933803e+01,-9.089333864489325399e-03,2.716165396002233479e+02,1.374130721285538037e-02,nan,1.200463963946468452e-05,1.059255907850293354e+01,1.000000000000000000e+00
4.700000000000000000e+02,7.941674827557910987e+01,3.573020184886517114e+01,-1.318152143687846946e-03,3.728776509580090703e+01,3.470090831149411637e-01,nan,1.085107998984137001e-05,5.612131953670398410e+00,1.000000000000000000e+00
4.710000000000000000e+02,1.053434474787867998e+02,2.739181349574212732e+01,-8.698571468092594627e-03,2.598336632295735740e+02,1.568089851169873761e-02,nan,1.188516255255932957e-05,1.941925409779666367e+01,1.000000000000000000e+00
4.720000000000000000e+02,3.303690746206561357e+01,5.251139977976833251e+01,-8.955383555234281215e-03,2.675774612541072770e+02,1.852066137200858442e-02,nan,1.509824613487478893e-05,1.499525766587271036e+01,1.000000000000000000e+00
4.730000000000000000e+02,7.272434713316624766e+01,4.520387895337208306e+01,1.323956698152007824e-03,-3.746279306233142137e+01,3.429142486100907883e-01,nan,1.105309222142542796e-05,3.862286382793964190e+00,1.000000000000000000e+00
4.740000000000000000e+02,4.897399548897627852e+01,1.786652705284140197e+01,-8.153307441638326866e-03,2.433920130802321466e+02,2.087434387080555620e-02,nan,1.444122126343005605e-05,2.374781450322371867e+01,1.000000000000000000e+00
4.740000000000000000e+02,1.806725980187360037e+01,5.338741427486649371e+01,-1.074273237688762664e-02,3.214723866383454833e+02,1.209577395898098207e-02,nan,1.517448944800102151e-05,3.770031736639870346e+00,1.000000000000000000e+00
4.760000000000000000e+02,7.407613484523199077e+01,5.215979885768140889e+01,-1.905530659899991319e-03,5.499931693170655933e+01,2.607194041608345003e-01,nan,1.401853231940042100e-05,5.625047726268909365e+00,1.000000000000000000e+00
4.770000000000000000e+02,2.559224457219905347e+01,2.202013003643411082e+01,-7.892583128668254761e-03,2.355302475294088538e+02,1.355665163101293924e-02,nan,9.051367295157658997e-06,1.470786573374698669e+01,1.000000000000000000e+00
4.790000000000000000e+02,1.164398283062160147e+02,4.388305658733439429e+01,-1.437715984770567609e-03,4.089304024732135190e+01,2.783394726325094659e-01,nan,8.826745499355041167e-06,1.084574573003917486e+01,1.000000000000000000e+00
4.800000000000000000e+02,4.722012904977696479e+01,5.834454810338006503e+00,-1.344519844329638940e-03,3.808284507203563862e+01,2.470544752233277963e-01,nan,6.632848858534355220e-06,1.999723940954456225e+01,1.000000000000000000e+00
4.810000000000000000e+02,4.008677194210885375e+01,2.451612498131369833e+01,-1.324534078156546814e-03,3.748020312347113503e+01,2.782524986296707192e-01,nan,7.828625708206324069e-06,7.124532847667888191e+00,1.000000000000000000e+00
4.830000000000000000e+02,1.400460276536852859e+02,3.317768740901398417e+01,-1.084095941890913769e-03,3.023013796742916171e+01,3.234720053339129597e-01,nan,6.890514312325374752e-06,1.611678956821621256e+01,1.000000000000000000e+00
4.830000000000000000e+02,1.267780459816032987e+02,4.716199783977746307e+01,-1.288497651421116911e-03,3.639357665946396025e+01,3.564691051765930263e-01,nan,1.086566206802200850e-05,1.084574573003917486e+01,1.000000000000000000e+00
4.840000000000000000e+02,1.096651756454465598e+01,3.082033633482199164e+01,-9.104771631667618603e-03,2.720820431997969990e+02,1.602572449935935062e-02,nan,1.327396315413021210e-05,1.290115053936099088e+01,1.000000000000000000e+00
4.840000000000000000e+02,7.750968956146913058e+01,2.804165337669970626e+01,-1.359274952762988889e-03,3.852776408192210056e+01,2.701479032460810670e-01,nan,7.492946823479124181e-06,2.010778547413506345e+01,1.000000000000000000e+00
4.850000000000000000e+02,1.081988095490530952e+02,1.898572387968344088e+01,-2.419270129532677047e-02,7.270367971763307651e+02,3.265148117203131584e-03,nan,2.648181260598884846e-05,1.939484822724553581e+01,1.000000000000000000e+00
4.850000000000000000e+02,1.024376587552074227e+02,5.269322911459553183e+01,-9.283977021287201717e-03,2.774857232117751664e+02,1.617506397078860569e-02,nan,1.393408349468661737e-05,2.245729039302443297e+01,1.000000000000000000e+00
4.850000000000000000e+02,8.355721725327519778e+00,4.345455298347816608e+01,-8.837883911032219653e-03,2.640344289818243055e+02,1.782605057597841380e-02,nan,1.342712857157196507e-05,1.290115053936099088e+01,1.000000000000000000e+00
4.860000000000000000e+02,8.049196568135855046e+01,4.792705168346174105e+01,-8.564251146020719976e-03,2.557834276807264473e+02,1.788937576471794078e-02,nan,1.425600107454515532e-05,2.010778547413506345e+01,1.000000000000000000e+00
4.860000000000000000e+02,3.296225599337342516e+01,2.453164251053770784e+01,-8.510679431691828278e-03,2.541680499147956311e+02,1.487911443819789348e-02,nan,1.060057651310117599e-05,7.124532847667888191e+00,1.000000000000000000e+00
4.900000000000000000e+02,2.829139915992873711e+01,9.984991818834728861e+00,-1.598028295211811846e-03,4.572702671081058412e+01,3.109687316448048744e-01,nan,1.280597473280071307e-05,1.527815269935994991e+01,1.000000000000000000e+00
4.920000000000000000e+02,1.009563325842849082e+02,1.378759329814906920e+01,-1.768324819294985265e-02,5.307536290590527415e+02,4.179301138748869882e-03,nan,1.816736037064971062e-05,2.906418022507135390e+01,1.000000000000000000e+00
4.930000000000000000e+02,5.902463335228724617e+01,3.559161264271647696e+01,-1.339743229701954950e-03,3.793881314842368369e+01,3.190707137891198863e-01,nan,1.052936987999589988e-05,8.018594270085175779e+00,1.000000000000000000e+00
4.960000000000000000e+02,2.936691300739304467e+01,4.806582770615555944e+01,-8.879099096064439062e-03,2.652772134316746246e+02,1.226314658056637530e-02,nan,1.041177765339133698e-05,1.921264477045267682e+01,1.000000000000000000e+00
4.980000000000000000e+02,2.935265307534224632e+01,2.284489981739866948e+01,-8.509496510771848501e-03,2.541323806408714177e+02,2.904542379927899098e-02,nan,2.061421709091541040e-05,2.019705445780841657e+01,1.000000000000000000e+00
4.980000000000000000e+02,6.457593933108557849e+01,2.980534821754537234e+01,-8.981402901937558803e-03,2.683620371198425687e+02,1.358318363206501012e-02,nan,1.116583649045535381e-05,8.018594270085175779e+00,1.000000000000000000e+00
4.980000000000000000e+02,1.082607652122258557e+01,4.302964845312128972e+01,-9.218890826265471392e-03,2.755231428907188160e+02,1.598628349834640971e-02,nan,1.425465771912470751e-05,6.167444501053200412e+00,1.000000000000000000e+00
4.990000000000000000e+02,6.682128974887979211e+01,1.842151948031008502e+01,-8.779396333972790470e-03,2.622708204666118945e+02,1.289926865372392761e-02,nan,9.968107016947995406e-06,1.160315281367062745e+01,1.000000000000000000e+00
5.030000000000000000e+02,4.950641843372657291e+01,2.761661055450628055e+01,-1.687575628689023249e-02,5.064048754759650137e+02,1.082136946747058737e-02,nan,3.750219449245483020e-05,9.256244922661645447e+00,1.000000000000000000e+00
5.030000000000000000e+02,4.495142172538333369e+01,3.567453057491363921e+01,-9.201222878685105799e-03,2.749903914182581843e+02,6.764416336305756339e-02,nan,6.405922905558685313e-05,9.256244922661645447e+00,1.000000000000000000e+00
5.030000000000000000e+02,1.616654625235015885e+01,4.611457223248465453e+01,-9.211470210151678426e-03,2.752993849163867708e+02,2.231136223765972648e-02,nan,1.857631052816143558e-05,6.167444501053200412e+00,1.000000000000000000e+00
5.060000000000000000e+02,1.289220779577899236e+02,5.549335855121227290e+00,-1.794027685646131312e-02,5.385039576315955401e+02,8.401742342060036783e-03,nan,2.778931846216554105e-05,3.165928520998915729e+01,1.000000000000000000e+00
5.060000000000000000e+02,5.585245885028298218e+00,2.243969116549159182e+01,-9.241200297061741287e-03,2.761958528001446211e+02,1.951436985743315589e-02,nan,1.719286836054034154e-05,2.593190912755465405e+01,1.000000000000000000e+00
5.080000000000000000e+02,1.305548696474721169e+02,4.118724987195912490e+01,-1.286297816480187978e-03,3.632724381018313409e+01,3.164475071078513002e-01,nan,9.380293088251498608e-06,9.803378438727724742e+00,1.000000000000000000e+00
5.090000000000000000e+02,5.153236250606360613e+01,2.126706560756333175e+01,-1.122178067849283851e-03,3.137844954048906487e+01,3.617362265726137283e-01,nan,9.207432539863360897e-06,3.307105424795179260e+01,1.000000000000000000e+00
5.100000000000000000e+02,1.386607553833785289e+02,3.567355372061557972e+01,-1.734303933101377388e-03,4.983622198750743593e+01,2.207532997672555508e-01,nan,9.148851959832684727e-06,9.803378438727724742e+00,1.000000000000000000e+00
5.130000000000000000e+02,9.091478133748664447e+01,3.001673562310921994e+01,-9.211586837628255725e-03,2.753029016497023918e+02,1.309055595814401229e-02,nan,1.188943790064810968e-05,7.779153522452336489e+00,1.000000000000000000e+00
5.150000000000000000e+02,4.225516316013363394e+01,2.035101102567436726e+01,-1.822231819678964354e-03,5.248756056724210595e+01,1.799065152018204383e-01,nan,7.590090302425429229e-06,1.842177069511653542e+01,1.000000000000000000e+00
5.150000000000000000e+02,9.568651769099435000e+01,5.175682116204014704e+01,-1.289769545950064742e-03,3.643192880421814550e+01,3.053288661503880119e-01,nan,8.493157293299953252e-06,2.225760065836883328e+01,1.000000000000000000e+00
5.160000000000000000e+02,6.205099715490425893e+01,8.627665972666115124e+00,-8.057093880453548157e-03,2.404908319351835075e+02,1.842090281861707979e-02,nan,1.199766807183159517e-05,1.755476011681481907e+01,1.000000000000000000e+00
5.170000000000000000e+02,1.311273925374936766e+02,3.481162307725821847e+01,-9.412503639791264254e-03,2.813612579872182664e+02,1.770185368090226863e-02,nan,1.618985806931054857e-05,1.724192671030461455e+01,1.000000000000000000e+00
5.170000000000000000e+02,1.281149520458717461e+02,1.783489668587309041e+01,-1.732039729007776993e-03,4.976794817928325187e+01,2.772406552846922168e-01,nan,1.252094945490617436e-05,3.165593760432796611e+00,1.000000000000000000e+00
5.190000000000000000e+02,3.057696307400293989e+01,4.047083515001019549e+01,-1.303244743635729227e-03,3.683825395183815488e+01,3.514282513484082715e-01,nan,1.086849010481842176e-05,3.561262444467484301e+00,1.000000000000000000e+00
5.190000000000000000e+02,1.768119053355578174e+01,2.999007888237278152e+01,-1.287881334580018257e-03,3.637499251418596913e+01,2.968912241936556562e-01,nan,7.895321627453878607e-06,1.280902147268193580e+01,1.000000000000000000e+00
5.200000000000000000e+02,2.389950470944705074e+01,1.879170400484985493e+01,-1.455450538265792891e-03,4.142780012506239729e+01,3.717208353115543096e-01,nan,1.626504889448479574e-05,8.437023199037760435e+00,1.000000000000000000e+00
5.210000000000000000e+02,4.504880741972180402e+01,1.299746539229267661e+01,-1.277851505446306541e-03,3.607255748514780436e+01,3.579516352673257629e-01,nan,1.085220147620863681e-05,1.376063448677298062e+01,1.000000000000000000e+00
5.210000000000000000e+02,1.054388654361157904e+02,1.619039960114460186e+01,-1.294974731731217453e-03,3.658888367272938780e+01,3.416024065218111749e-01,nan,1.070153708173434971e-05,2.267174076665545357e+01,1.000000000000000000e+00
5.220000000000000000e+02,6.058021689851066327e+01,3.549405714063064465e+01,-2.182883301431133571e-03,6.336248574316166327e+01,1.605935613444279264e-01,nan,8.973245653113709328e-06,1.481265278124408802e+01,1.000000000000000000e+00
5.220000000000000000e+02,9.125265802399495385e+01,3.837089426203058906e+01,-1.071068650189719012e-03,2.983731877864589066e+01,3.462193872510159753e-01,nan,7.298681873544028818e-06,1.061025463478879871e+01,1.000000000000000000e+00
5.230000000000000000e+02,3.143390570509341941e+01,1.499484186646447981e+01,-8.753158153815721043e-03,2.614796459937546729e+02,1.366734001929581499e-02,nan,1.089953338396366014e-05,8.437023199037760435e+00,1.000000000000000000e+00
5.230000000000000000e+02,3.191126872186627494e+01,4.681891725768813473e+01,-1.205613514673509667e-03,3.389432508001168287e+01,3.216938751115945294e-01,nan,8.092426914162292173e-06,6.486795665638064534e+00,1.000000000000000000e+00
5.240000000000000000e+02,2.952330775250106853e+01,3.706901201206705565e+01,-9.023352656264154240e-03,2.696269714471149541e+02,1.532210034271919152e-02,nan,1.206826874356334631e-05,3.561262444467484301e+00,1.000000000000000000e+00
5.250000000000000000e+02,7.262189794863505199e+01,4.412033095408992978e+01,-1.325532112376190310e-03,3.751029740565431325e+01,3.675551084940061886e-01,nan,1.253992499889620601e-05,1.481265278124408802e+01,1.000000000000000000e+00
5.260000000000000000e+02,1.406746511451127901e+02,3.191703338796939349e+01,-8.397154573359526947e-03,2.507448715766042540e+02,2.889825180322336262e-02,nan,2.146011948598370341e-05,2.136839138250524428e+01,1.000000000000000000e+00
5.260000000000000000e+02,1.402162554757099322e+01,1.827587265258746285e+01,-1.746671616958321658e-03,5.020915165326191953e+01,2.655989169306780529e-01,nan,1.210589815440633724e-05,5.025865558309641656e+00,1.000000000000000000e+00
5.280000000000000000e+02,1.170459580417589365e+02,2.393069666856929700e+01,-9.138341872469830235e-03,2.730943053845743975e+02,1.309582851731072584e-02,nan,1.123554381865153665e-05,2.494186664963391209e+01,1.000000000000000000e+00
5.280000000000000000e+02,5.235417218625749491e+00,4.222657079348547171e+01,-1.266354714282132057e-03,3.572588833224110516e+01,3.497899295484629967e-01,nan,1.005024036734566518e-05,1.393344858593837721e+01,1.000000000000000000e+00
5.290000000000000000e+02,8.567528343866372609e+01,1.258923884201674426e+01,-9.143668334689230084e-03,2.732549171691342167e+02,1.418012598651319234e-02,nan,1.159341178007804540e-05,1.825200953866671227e+01,1.000000000000000000e+00
5.290000000000000000e+02,4.246566570458303858e+01,1.172763159793498211e+01,-1.422964547673397388e-03,4.044823194128132116e+01,2.622071140455740634e-01,nan,7.937314093168758178e-06,7.161902495859058249e+00,1.000000000000000000e+00
5.310000000000000000e+02,1.908860996614019712e+01,4.371990270475009766e+01,-1.297867767278148643e-03,3.667611898631052014e+01,3.670030864068746235e-01,nan,1.158206269118309963e-05,5.556577329474757576e+00,1.000000000000000000e+00
5.320000000000000000e+02,8.579050090706458320e+01,3.084088471669215537e+01,-1.829125695239345803e-02,5.490872561195302524e+02,4.317568171103070007e-03,nan,1.684373072673672305e-05,1.597844465431154504e+01,1.000000000000000000e+00
5.320000000000000000e+02,3.551748041172568549e+01,3.234206703985842069e+01,-1.257772363453333719e-03,3.546709992343371454e+01,3.351235580743306963e-01,nan,9.085430145396977930e-06,1.998406686675946275e+01,1.000000000000000000e+00
5.330000000000000000e+02,7.253089695056775099e+01,3.975680286838863253e+01,-9.041640809049638142e-03,2.701784243128613525e+02,1.260856773333796088e-02,nan,1.049427501741154023e-05,1.597844465431154504e+01,1.000000000000000000e+00
5.330000000000000000e+02,1.404080443688169453e+02,5.734135619729199718e+00,-1.488483609284634761e-03,4.242386472991434232e+01,2.612434479720885383e-01,nan,8.996096342954957445e-06,8.227371075620879992e+00,1.000000000000000000e+00
5.370000000000000000e+02,1.295694229961447945e+02,2.564092777357769748e+01,-9.048613131618071098e-03,2.703886646420170337e+02,1.752377022036211152e-02,nan,1.583222224839290050e-05,1.687849685328146165e+01,1.000000000000000000e+00
5.410000000000000000e+02,8.915201175293587710e+01,1.477642327085680130e+01,-7.329741560710228108e-03,2.185585719724319631e+02,2.238377712032679767e-02,nan,1.259542556026686801e-05,1.407480955539420009e+01,1.000000000000000000e+00
5.410000000000000000e+02,2.217537498118132433e+01,4.059379476404668452e+01,1.285923510973307300e-03,-3.631595716757601622e+01,3.434847950043740106e-01,nan,1.011596974230576104e-05,1.209012557192226822e+01,1.000000000000000000e+00
5.410000000000000000e+02,1.776008517691536426e+01,5.184885372831665507e+01,-1.251714248559925372e-03,3.528442620793179429e+01,3.522094811237193035e-01,nan,1.014920314330360650e-05,1.209012557192226822e+01,1.000000000000000000e+00
5.420000000000000000e+02,6.159405686100046751e+01,2.317457425621297062e+01,-2.627850533989604942e-02,7.899312092722401530e+02,4.488099442572224262e-03,nan,3.681004159452121139e-05,5.467682449527953459e+00,1.000000000000000000e+00
5.420000000000000000e+02,7.910394859560688019e+01,2.463221805397518338e+01,-9.373905663005418012e-03,2.801973916765944068e+02,2.172063764534581942e-02,nan,1.951960243961291253e-05,1.211100885914031799e+01,1.000000000000000000e+00
5.420000000000000000e+02,1.077756301790471483e+01,4.533582584290494211e+00,-1.477861885097530442e-03,4.210358195937691050e+01,3.057060341703423667e-01,nan,1.068963352908859549e-05,1.900158728444840150e+01,1.000000000000000000e+00
5.430000000000000000e+02,1.102914299374837981e+02,3.391537823713905198e+01,-2.442117242752466725e-03,7.117931128684672615e+01,1.035708081342895381e-01,nan,7.399519733750445309e-06,2.142963461255635949e+01,1.000000000000000000e+00
5.460000000000000000e+02,2.599025412159969406e+01,1.591929067435106759e+01,-1.404791603178299911e-03,3.990025301533826507e+01,2.941067242199562060e-01,nan,9.324379564699560296e-06,5.905409920455253037e+00,1.000000000000000000e+00
5.470000000000000000e+02,4.787181055850941647e+01,8.641344823534497621e+00,-1.160764758328323206e-03,3.254197552881226585e+01,3.593141010597136198e-01,nan,9.138759171075206235e-06,1.108019551258003155e+01,1.000000000000000000e+00
5.500000000000000000e+02,9.073807761457014465e+01,7.299208548944502439e+00,-8.695388272719518918e-03,2.597376785650039324e+02,1.424845007523312113e-02,nan,1.259723840163601092e-05,8.147712706554028017e+00,1.000000000000000000e+00
5.500000000000000000e+02,1.271914988969086409e+02,4.476095255879350532e+01,1.321103210868156391e-03,-3.737675026957327162e+01,2.803851855287785577e-01,nan,7.729530265204601078e-06,3.198165452052292679e+01,1.000000000000000000e+00
5.510000000000000000e+02,3.681122953245272811e+01,7.982345610307782557e+00,-8.950623836939858996e-03,2.674339388150510217e+02,1.465988504447746088e-02,nan,1.301417553291189494e-05,1.108019551258003155e+01,1.000000000000000000e+00
5.510000000000000000e+02,2.087420420671491073e+01,1.296973145354896317e+01,-8.911936750433484961e-03,2.662673855293494398e+02,1.607531668095751876e-02,nan,1.243817352239470048e-05,5.905409920455253037e+00,1.000000000000000000e+00
5.530000000000000000e+02,6.842358287748864143e+01,2.118443496438784024e+01,-1.377649643141180174e-03,3.908182636394214882e+01,2.880329474408113155e-01,nan,8.451306952473619001e-06,9.614227811201081053e+00,1.000000000000000000e+00
5.530000000000000000e+02,1.054529729363497381e+02,2.130327332720302991e+01,-1.327902423714628867e-03,3.758177072478201808e+01,2.932791665766689704e-01,nan,8.475700636864873358e-06,8.688616571274243583e+00,1.000000000000000000e+00
5.540000000000000000e+02,8.616518676501455332e+01,4.624812261522251333e+01,-1.821864879864796768e-02,5.468978619839297153e+02,6.271711835999504991e-03,nan,2.715713414493883414e-05,1.904153101957125571e+01,1.000000000000000000e+00
5.540000000000000000e+02,8.832780648415679536e+01,2.732979870638557074e+01,-1.587280364318478538e-03,4.540293835910578224e+01,2.715763311502193966e-01,nan,1.111682820430827367e-05,1.005022747533768523e+01,1.000000000000000000e+00
5.550000000000000000e+02,9.855977793490640693e+01,5.017492868279275875e+00,-9.142097549590078379e-03,2.732075524103989324e+02,1.621988229300763695e-02,nan,1.443717474123008230e-05,8.147712706554028017e+00,1.000000000000000000e+00
5.560000000000000000e+02,1.325795734097639524e+02,1.935217998919654292e+01,-1.691745986432648119e-02,5.076623866942303493e+02,4.440599089206354044e-03,nan,1.766323803425492160e-05,1.113603490533575524e+01,1.000000000000000000e+00
5.560000000000000000e+02,5.905555414596618391e+01,2.334624302502644966e+01,-1.454267837918143914e-03,4.139213750217858490e+01,3.017443110380633176e-01,nan,1.017430340365402029e-05,5.605755781960762185e+00,1.000000000000000000e+00
5.580000000000000000e+02,1.229373493960493420e+02,3.299009051524598846e+01,-9.046840204896863802e-03,2.703352045942672248e+02,1.720265750913974045e-02,nan,1.557813656303960276e-05,1.072968671173734911e+01,1.000000000000000000e+00
5.580000000000000000e+02,1.403478665048603204e+02,2.733120848905380385e+01,-5.715683234328148947e-03,1.698889714936049131e+02,5.760552675757768526e-02,nan,1.973885062383168995e-05,1.113603490533575524e+01,1.000000000000000000e+00
5.590000000000000000e+02,6.155649520281800591e+01,1.832929258505403425e+01,-1.765609472145247610e-03,5.078019535769828252e+01,2.241327222582201184e-01,nan,9.825605920485553887e-06,5.605755781960762185e+00,1.000000000000000000e+00
5.590000000000000000e+02,5.687122088896800420e+01,4.207092181461994329e+01,-8.974944970512765963e-03,2.681673075135904583e+02,1.087157643610503488e-02,nan,8.828327324820565969e-06,1.885165530002818457e+01,1.000000000000000000e+00
5.590000000000000000e+02,9.798214043187813971e+00,6.082008647745329455e+00,-1.507594738725067784e-03,4.300013326950914205e+01,3.503006945161134533e-01,nan,1.473250239815655836e-05,4.597499731417642899e+00,1.000000000000000000e+00
5.610000000000000000e+02,1.328028027601775136e+02,3.720897743625313581e+01,-1.766103252119966818e-03,5.079508458053565789e+01,2.613382697126264143e-01,nan,1.199343946121999321e-05,1.072968671173734911e+01,1.000000000000000000e+00
5.660000000000000000e+02,8.809818982917049368e+01,3.788455434927861631e+01,-8.622080491169152941e-03,2.575271881621925445e+02,1.737797399340257343e-02,nan,1.231856784678037625e-05,1.255059804108605270e+01,1.000000000000000000e+00
5.700000000000000000e+02,8.741246605468988662e+01,2.535270316543410374e+01,-9.356880623480043346e-03,2.796840261691076535e+02,1.247073765776451904e-02,nan,1.131963706391371846e-05,1.255059804108605270e+01,1.000000000000000000e+00
5.700000000000000000e+02,1.211970945534314836e+02,3.115426489679909139e+01,-9.036469943334766303e-03,2.700225043164404610e+02,1.847782735573155755e-02,nan,1.614405310287672364e-05,1.064481585170554823e+01,1.000000000000000000e+00
5.730000000000000000e+02,3.933568569818004335e+01,2.991858267851833375e+01,-9.277570304284525268e-03,2.772925379025428470e+02,1.500736792083001703e-02,nan,1.318725151640912435e-05,1.742178420352934509e+01,1.000000000000000000e+00
5.740000000000000000e+02,2.412656582186618337e+01,2.142145154958668130e+01,-1.838635958155558636e-02,5.519549387120063102e+02,7.083257532143472091e-02,nan,2.495924617925372930e-04,1.742178420352934509e+01,1.000000000000000000e+00
5.760000000000000000e+02,1.980732316245591917e+01,4.241745711445229716e+01,-1.305846028310213812e-03,3.691669193872468924e+01,3.729635026844616563e-01,nan,1.239932917320459305e-05,1.564791767890728025e+01,1.000000000000000000e+00
5.760000000000000000e+02,1.267695301188098114e+02,6.953776645980701332e+00,-1.279665083599735567e-03,3.612724331819472212e+01,3.173313781718553050e-01,nan,8.858156361951631080e-06,3.382130263061809217e+01,1.000000000000000000e+00
5.760000000000000000e+02,6.096165205368203388e+00,4.995811193758597568e+01,-1.213652347532600748e-03,3.413672448849217744e+01,3.213173638032595925e-01,nan,8.160440159087405676e-06,1.564791767890728025e+01,1.000000000000000000e+00
5.780000000000000000e+02,7.202459935865229568e+01,4.729108305485137720e+01,-1.765620321124300451e-02,5.299381266493103340e+02,3.769258618052728771e-02,nan,1.217229799784824072e-04,1.809207061607519051e+01,1.000000000000000000e+00
5.810000000000000000e+02,5.394967487479290469e+01,4.650360348062002913e+01,-8.458164541863814889e-03,2.525845391671710161e+02,1.733291500855116407e-02,nan,1.141825708057816411e-05,1.809207061607519051e+01,1.000000000000000000e+00
5.810000000000000000e+02,1.377389427458062983e+02,3.894678366705554851e+01,-1.346232616736372633e-03,3.813449125320787658e+01,2.555691305612323161e-01,nan,6.772677453314415056e-06,3.382130263061809217e+01,1.000000000000000000e+00
5.830000000000000000e+02,1.616861364591576233e+01,3.174525666255660639e+01,-7.084721349037001979e-03,2.111703409423281244e+02,2.463672316318454847e-02,nan,1.254466505219223011e-05,4.056127942240488693e+01,1.000000000000000000e+00
5.830000000000000000e+02,6.924968028655108299e+01,7.200398014698082605e+00,-1.166834535326019464e-03,3.272500089824586667e+01,3.703092134551420056e-01,nan,9.773489940472015076e-06,1.905218204196046727e+01,1.000000000000000000e+00
5.840000000000000000e+02,8.520671604704524782e+01,1.760994412864134517e+01,-1.440052707202642409e-03,4.096350074143119713e+01,2.683586160743778315e-01,nan,8.720173778254259304e-06,1.194055383160506523e+01,1.000000000000000000e+00
5.870000000000000000e+02,9.374529984627099566e+01,9.263123625655911297e+00,-1.768917335126904758e-02,5.309322936608551800e+02,6.404363806340573895e-03,nan,2.200427416270897890e-05,1.194055383160506523e+01,1.000000000000000000e+00
5.870000000000000000e+02,1.259308168152968364e+02,2.897214078530533143e+01,-1.663430029050282826e-03,4.769912164970653379e+01,1.927907248614649793e-01,nan,7.103297939645473484e-06,1.545216092464961122e+01,1.000000000000000000e+00
5.910000000000000000e+02,3.998090545894884684e+01,1.837519634628683463e+01,-1.771288681262660897e-02,5.316473388803359512e+02,4.894471994575932960e-03,nan,1.937164607230493313e-05,1.918763144487378369e+01,1.000000000000000000e+00
5.910000000000000000e+02,9.163249369607997608e+01,2.277781527107275750e+01,-1.250811713120643810e-03,3.525721155370906246e+01,3.606222534535389324e-01,nan,1.056444610208641067e-05,1.367884644620974299e+01,1.000000000000000000e+00
5.930000000000000000e+02,1.003916219446847720e+02,3.920508456269465114e+01,-9.212295099054260139e-03,2.753242582513039451e+02,1.718452104326428920e-02,nan,1.410615154823145486e-05,1.172321583523515720e+01,1.000000000000000000e+00
5.940000000000000000e+02,1.069523490148086324e+02,1.246007344016857843e+01,-1.494878812296923784e-03,4.261670285137601866e+01,2.878042377408958075e-01,nan,9.756529039578662929e-06,9.975698634209427595e+00,1.000000000000000000e+00
5.950000000000000000e+02,8.364163218116598131e+00,2.069786397448693194e+01,-1.224228211356484996e-03,3.445562440593238307e+01,3.577632054453708799e-01,nan,9.894559263461291841e-06,1.478892709683165130e+01,1.000000000000000000e+00
5.950000000000000000e+02,1.370254614999508647e+02,2.777525637283291715e+01,-1.239329745608382712e-03,3.491098938664200801e+01,3.347997029483470444e-01,nan,8.844599947415684709e-06,1.252324382373885925e+01,1.000000000000000000e+00
5.950000000000000000e+02,8.972596806588414609e+01,4.407104971435094853e+01,-1.529522929960438690e-03,4.366134624378934603e+01,2.982722057736434396e-01,nan,1.156625382913937401e-05,9.679769068212916494e+00,1.000000000000000000e+00
5.960000000000000000e+02,5.604378655734124237e+01,2.887300494600768275e+01,-8.718470562303032995e-03,2.604336917101325639e+02,1.243232564309870725e-02,nan,1.074347935746065220e-05,1.918906288950725880e+01,1.000000000000000000e+00
5.960000000000000000e+02,1.394093700534454570e+02,4.510087146530968027e+01,-1.322036367535071562e-03,3.740488826274277301e+01,3.079814302394792147e-01,nan,8.760865370324429506e-06,1.336023232844841857e+01,1.000000000000000000e+00
5.970000000000000000e+02,1.272252942337747754e+02,1.817047882726173569e+01,-1.596444498503126180e-03,4.567926960575962170e+01,2.660646582003154403e-01,nan,1.046387116222155681e-05,1.286588185525245542e+01,1.000000000000000000e+00
5.990000000000000000e+02,1.145683132043205319e+02,2.047953645611159956e+01,-1.601974319525830207e-03,4.584601338167860263e+01,3.116778603244029222e-01,nan,1.317106582259017263e-05,8.457980113965472668e+00,1.000000000000000000e+00
6.000000000000000000e+02,9.606089750240204239e+01,3.675212914856594892e+01,-2.016150256245653576e-03,5.833489128566459669e+01,1.824603165820105621e-01,nan,9.418013434610563055e-06,9.679769068212916494e+00,1.000000000000000000e+00
6.020000000000000000e+02,1.061284428504823723e+02,1.992634930998551468e+01,-1.196418839659030764e-03,3.361707291869083747e+01,3.410235674252160010e-01,nan,8.875374081705592923e-06,7.765385857195569841e+00,1.000000000000000000e+00
6.040000000000000000e+02,8.000462302866667130e+01,3.474159123509339508e+01,-8.631893070416981131e-03,2.578230723343148725e+02,1.630412657794833020e-02,nan,1.269017086170220485e-05,1.618166285266865501e+01,1.000000000000000000e+00
6.040000000000000000e+02,1.242540889617612407e+02,3.206631146856743442e+01,-9.417380442094076126e-03,2.815083109256484022e+02,1.487114942478562352e-02,nan,1.392632500784851160e-05,6.728449573564596164e+00,1.000000000000000000e+00
6.040000000000000000e+02,1.338829288166552622e+01,5.053633336740229964e+01,-1.421568418301716189e-03,4.040613367405897804e+01,3.292100198085271545e-01,nan,1.143056961498200551e-05,2.159585451230927333e+01,1.000000000000000000e+00
6.050000000000000000e+02,2.069906650052231711e+01,8.420759104403011008e+00,-8.171257800620791364e-03,2.439332802611315572e+02,1.853925900938047100e-02,nan,1.250609274574298410e-05,2.114985277239008710e+01,1.000000000000000000e+00
6.060000000000000000e+02,4.578814221524324779e+01,1.686830324183577900e+01,-8.736060791985283264e-03,2.609640997114870515e+02,1.421343155996657170e-02,nan,1.066475754952791752e-05,2.377979251585730225e+01,1.000000000000000000e+00
6.070000000000000000e+02,1.382421004244329197e+02,1.463004398859838062e+01,-1.491768597933282835e-03,4.252291882386741406e+01,2.558329330209045960e-01,nan,8.258027526655792888e-06,2.235369965604934706e+01,1.000000000000000000e+00
6.070000000000000000e+02,1.132215228536293097e+02,2.308695583090677772e+01,-9.214321345195156457e-03,2.753853567807296372e+02,1.297048543536849508e-02,nan,1.229639709458774723e-05,7.765385857195569841e+00,1.000000000000000000e+00
6.100000000000000000e+02,2.819847913269730810e+01,3.287087443335820325e+01,-1.809668370667022116e-02,5.432201805755843225e+02,5.609713934702886817e-03,nan,2.509626519816509258e-05,1.377222548055982010e+01,1.000000000000000000e+00
6.120000000000000000e+02,2.509726544528581371e+01,1.475288352106106871e+01,-9.040481192810242983e-03,2.701434577579619827e+02,2.146987021818835828e-02,nan,1.903483399297350165e-05,1.838148854236429841e+01,1.000000000000000000e+00
6.120000000000000000e+02,9.708820752522105124e+01,2.334824012241793767e+01,-1.817886421839483291e-02,5.456982153574796257e+02,4.047356380796451880e-03,nan,1.842552170265166075e-05,1.613543098175079038e+01,1.000000000000000000e+00
6.130000000000000000e+02,4.187302693516338792e+01,3.450823117074052249e+01,-1.073570032604175472e-03,2.991274435699487455e+01,3.713575891132894213e-01,nan,8.388311644003888838e-06,1.377222548055982010e+01,1.000000000000000000e+00
6.190000000000000000e+02,1.438224895114564461e+01,1.188633794132923072e+01,-2.638949359966778416e-02,7.932779001399975414e+02,2.560334339251291169e-03,nan,2.746533392181153631e-05,1.282568711664205985e+01,1.000000000000000000e+00
6.190000000000000000e+02,7.542576875461526242e+01,1.460002708398274507e+01,-1.199686885966890285e-03,3.371561614079752900e+01,3.612410830244945359e-01,nan,9.695326121250511206e-06,1.495254053713755482e+01,1.000000000000000000e+00
6.190000000000000000e+02,1.368124257931328813e+01,4.373916100904477844e+01,-1.817890483867788025e-03,5.235665384843226633e+01,2.535772388189857507e-01,nan,1.279748442928895092e-05,1.443094963378283069e+01,1.000000000000000000e+00
6.200000000000000000e+02,9.747250819466086114e+01,9.770826197610368524e+00,-1.399522849182151512e-03,3.974138133900390102e+01,2.731937058103004468e-01,nan,8.500847675620834738e-06,1.383810832311514183e+01,1.000000000000000000e+00
6.210000000000000000e+02,6.870983303098920913e+00,2.228244963650023536e+01,-8.962392844996794339e-03,2.677888162756735824e+02,1.584470968718354467e-02,nan,1.334108684811474394e-05,8.838432229961469488e+00,1.000000000000000000e+00
6.210000000000000000e+02,1.405781017072100951e+02,3.454204847189132010e+01,-1.688933604615651743e-02,5.068143535272137683e+02,4.632244711420763217e-03,nan,1.509065703807658068e-05,1.434423619819013140e+01,1.000000000000000000e+00
6.210000000000000000e+02,2.670253668224314225e+01,4.995994932064814265e+01,-1.617521233634354461e-02,4.852809832140347339e+02,6.761664242049048035e-03,nan,2.118543459235643715e-05,1.443094963378283069e+01,1.000000000000000000e+00
6.210000000000000000e+02,8.397691728925367727e+01,4.630405993759920591e+01,-1.184791341362091514e-03,3.326646248074665380e+01,3.235750569176214508e-01,nan,7.857903862570160330e-06,9.924737687122686225e+00,1.000000000000000000e+00
6.230000000000000000e+02,1.337182049983741479e+02,5.292261189155615142e+01,-1.392340232414299552e-03,3.952479989162370799e+01,2.965338655545506352e-01,nan,9.327724714627683749e-06,1.544311597347609322e+01,1.000000000000000000e+00
6.230000000000000000e+02,8.849845057216388966e+01,2.185836426352155115e+01,-1.309837542847402990e-03,3.703705030165069445e+01,3.012928849788665264e-01,nan,9.592926552363087296e-06,9.951218855247958572e+00,1.000000000000000000e+00
6.240000000000000000e+02,1.085506760791275127e+02,1.806343967502749948e+01,-1.316173187590199793e-03,3.722809252941137004e+01,2.850824832592880886e-01,nan,7.732746800096441510e-06,1.147500703168862657e+01,1.000000000000000000e+00
6.240000000000000000e+02,9.447909651325268499e+01,3.513890612831437466e+01,-1.830879586878417491e-03,5.274832151234047473e+01,2.125839163819140953e-01,nan,8.551047487977764806e-06,6.932025060328055766e+00,1.000000000000000000e+00
6.250000000000000000e+02,7.756772858880169963e+01,3.872628200734867221e+01,-1.243690519248721480e-03,3.504248222515028033e+01,2.981168277978356596e-01,nan,7.788128391756016919e-06,9.924737687122686225e+00,1.000000000000000000e+00
6.270000000000000000e+02,1.304749363250589909e+02,1.170988268610513572e+01,-8.691340239869949080e-03,2.596156159738983433e+02,1.433383862718273782e-02,nan,1.119677844721528227e-05,2.282631975905918154e+01,1.000000000000000000e+00
6.280000000000000000e+02,9.413325480262889755e+01,5.645332664964162639e+00,-8.985733651763661359e-03,2.684926246335433575e+02,2.192957010109342075e-02,nan,1.906276652062544356e-05,1.287508032810525727e+01,1.000000000000000000e+00
6.290000000000000000e+02,1.069651894692510439e+02,6.698492750945282737e+00,-1.570749517139289914e-03,4.490447450892320802e+01,3.202584783598859675e-01,nan,1.378972773773317098e-05,1.147500703168862657e+01,1.000000000000000000e+00
6.300000000000000000e+02,1.466301227799429618e+01,2.955025515143411141e+01,-1.274915543088571239e-03,3.598402777551076781e+01,2.923960804036036532e-01,nan,8.605510371946143060e-06,9.975152229379277813e+00,1.000000000000000000e+00
6.330000000000000000e+02,2.341469436381656877e+01,1.558444500057099091e+01,-2.342531799952024020e-03,6.817645591577179687e+01,1.648595140642526991e-01,nan,1.106500580281252358e-05,1.648137714213390126e+01,1.000000000000000000e+00
6.330000000000000000e+02,3.804902088130699411e+01,4.997877583923803257e+01,1.209071881448317261e-03,-3.399860714125318850e+01,3.717141661802182417e-01,nan,1.031628913133406247e-05,8.116976142856207943e+00,1.000000000000000000e+00
6.350000000000000000e+02,7.876322946378481049e+01,3.804064057396204390e+01,-9.048671282048293893e-03,2.703904180843558152e+02,1.359125233425806378e-02,nan,1.103686288987221153e-05,1.829385813281914608e+01,1.000000000000000000e+00
6.350000000000000000e+02,1.260095456951013126e+01,4.792482108830466814e+01,-1.299902331242803501e-03,3.673746832771278292e+01,3.228293277082499024e-01,nan,9.471136345982387821e-06,1.848990955525534119e+01,1.000000000000000000e+00
6.370000000000000000e+02,1.209975880889937798e+02,1.444779457554319180e+01,-1.234874262436005390e-03,3.477664071881796559e+01,3.514018011899254779e-01,nan,1.005139982725938555e-05,1.845044184970743473e+01,1.000000000000000000e+00
6.380000000000000000e+02,7.711961044111141916e+01,1.982076785508666106e+01,-1.444407690405056241e-03,4.109481897763681957e+01,3.058972584131663952e-01,nan,1.030101944862934247e-05,1.829385813281914608e+01,1.000000000000000000e+00
6.400000000000000000e+02,1.110728042746791999e+02,3.518342325191120779e+01,-8.840969913291181134e-03,2.641274829282434098e+02,1.788380262295774514e-02,nan,1.463925529631950359e-05,9.112556734473074016e+00,1.000000000000000000e+00
6.400000000000000000e+02,4.498010632818365906e+01,5.173212235566295192e+01,-9.078510131433579003e-03,2.712901655436591568e+02,1.592753580264161251e-02,nan,1.370054917973575075e-05,1.288537890973503153e+01,1.000000000000000000e+00
6.400000000000000000e+02,5.730213364461467762e+01,1.299210343796511680e+01,-1.233555742788693078e-03,3.473688266087837917e+01,3.009163816412235848e-01,nan,7.418581179332345258e-06,1.066714346598745600e+01,1.000000000000000000e+00
6.420000000000000000e+02,9.472730862043102107e+00,1.952271789763230458e+01,-1.144121046185952962e-03,3.204010839847784098e+01,3.542896252746021712e-01,nan,8.990043447849976448e-06,3.438401444129664952e+01,1.000000000000000000e+00
6.440000000000000000e+02,4.754520298190523420e+01,1.730374509365023883e+01,1.154353751860068885e-03,-3.234866087693316672e+01,3.364601187669532534e-01,nan,8.140455938154930233e-06,1.066714346598745600e+01,1.000000000000000000e+00
6.440000000000000000e+02,1.070434584148727737e+02,4.335673727873358274e+01,-1.475947676936430978e-03,4.204586177361209565e+01,2.615158899593581499e-01,nan,8.293653191877161938e-06,9.112556734473074016e+00,1.000000000000000000e+00
6.440000000000000000e+02,8.835608623981136134e+01,5.056535569989960521e+01,-1.320428765528787940e-03,3.735641334328297347e+01,3.432339305520532013e-01,nan,1.076688813932114032e-05,1.105451474475337470e+01,1.000000000000000000e+00
6.450000000000000000e+02,4.112436060447991082e+01,3.295531942328570807e+01,-1.758730872353676290e-03,5.057278110367938950e+01,2.420645555353601042e-01,nan,1.065155970042426243e-05,1.548576312405392130e+01,1.000000000000000000e+00
6.490000000000000000e+02,8.820658685551428846e+01,8.879542973754617208e+00,-9.033520018503231677e-03,2.699335535885475679e+02,1.283557676101609868e-02,nan,1.137131064948279000e-05,1.248793447627142505e+01,1.000000000000000000e+00
6.500000000000000000e+02,5.730182990116023944e+01,2.034511773142078894e+01,-1.456196905800801866e-03,4.145030576141116541e+01,2.255792653270225490e-01,nan,6.806847645971235640e-06,2.051164789953619660e+01,1.000000000000000000e+00
6.520000000000000000e+02,1.006932096375849000e+02,9.060537398872316572e+00,-8.167346228016585455e-03,2.438153324318747650e+02,2.888448871139825957e-02,nan,2.034025623136604194e-05,1.248793447627142505e+01,1.000000000000000000e+00
6.530000000000000000e+02,1.331463980855828595e+02,2.550423159601563938e+01,-1.334975438722114374e-03,3.779504728918393397e+01,3.576800748718358403e-01,nan,1.174676191894316023e-05,7.098719209615181214e+00,1.000000000000000000e+00
6.530000000000000000e+02,1.021505823934425052e+02,2.966899237659385946e+01,-1.212570652039278744e-03,3.410410752128645129e+01,2.964237419356126058e-01,nan,7.248331778770366717e-06,7.954904832459600783e+00,1.000000000000000000e+00
6.540000000000000000e+02,1.325243142323908216e+02,8.989981607618421577e+00,-1.421077791894588289e-03,4.039133954250314673e+01,2.660681201043558763e-01,nan,8.035581200647982930e-06,9.700882397199254825e+00,1.000000000000000000e+00
6.550000000000000000e+02,7.608249073837880871e+01,4.474280155855326768e+01,-8.900613376661306239e-03,2.659259455277358484e+02,1.520233290985095742e-02,nan,1.208154421063198943e-05,1.709874322393098112e+01,1.000000000000000000e+00
6.560000000000000000e+02,1.343751499407255210e+02,1.851266644252940097e+01,-1.248296761982115510e-03,3.518137683005920024e+01,3.240278118653616701e-01,nan,8.950921114442013417e-06,7.098719209615181214e+00,1.000000000000000000e+00
6.570000000000000000e+02,5.198715653599797548e+01,1.283778993626378728e+01,-1.478994496645145333e-03,4.213773422675109259e+01,3.019378698728669708e-01,nan,1.113586754132466801e-05,1.655688039608191886e+01,1.000000000000000000e+00
6.580000000000000000e+02,7.290959335310391864e+00,1.339979722124591177e+01,-8.976959517346214112e-03,2.682280532672768345e+02,1.251515918489476409e-02,nan,1.021237870269415946e-05,1.063869454658965985e+01,1.000000000000000000e+00
6.590000000000000000e+02,6.649634925257993245e+01,4.861975547547936038e+00,-1.051656590125684635e-03,2.925197611020263366e+01,3.344848284056747278e-01,nan,6.243417087906081367e-06,1.502431869791676355e+01,1.000000000000000000e+00
6.600000000000000000e+02,5.963748715981594017e+01,4.942562945833563504e+01,-8.809671865830967508e-03,2.631837354559507389e+02,9.631662464641532750e-03,nan,7.929067612436863874e-06,1.709874322393098112e+01,1.000000000000000000e+00
6.600000000000000000e+02,3.760872914512926002e+01,3.415842136387558270e+01,-1.321312149519657773e-03,3.738305051320570271e+01,3.022332937928705610e-01,nan,8.488969582753949471e-06,1.347967664404959898e+01,1.000000000000000000e+00
6.610000000000000000e+02,8.126933405422356316e+01,4.936986949947453951e+01,-1.181448582020567899e-03,3.316566639488679868e+01,3.553798221513743139e-01,nan,9.114882902836957267e-06,9.686766394598224750e+00,1.000000000000000000e+00
6.630000000000000000e+02,1.258018375567305647e+01,2.263050286527312238e+01,1.330898478921554388e-03,-3.767211244759969446e+01,3.490579055101947770e-01,nan,9.031220880342176287e-06,1.063869454658965985e+01,1.000000000000000000e+00
6.650000000000000000e+02,1.008382918179536034e+02,1.079839605155152249e+01,-1.477106173082591827e-03,4.208079455371571242e+01,2.723946081481155579e-01,nan,9.458735061436115014e-06,2.905443955694223845e+01,1.000000000000000000e+00
6.650000000000000000e+02,9.085566018825178958e+01,4.797854120048651083e+01,-1.418465174101610346e-03,4.031255982177699337e+01,3.060766914429782215e-01,nan,1.013128466123659752e-05,9.686766394598224750e+00,1.000000000000000000e+00
6.660000000000000000e+02,4.371323835402537128e+01,3.947433437390304078e+01,-8.672500735795382609e-03,2.590475379053792153e+02,1.154791901319751624e-02,nan,9.376079870421584323e-06,2.659430532440969586e+01,1.000000000000000000e+00
6.680000000000000000e+02,3.744843404119316688e+01,1.124828986744666715e+01,-1.789599074952796451e-02,5.371685739617624904e+02,4.564696782750510273e-03,nan,1.775888796975171909e-05,8.541436294435806431e+00,1.000000000000000000e+00
6.680000000000000000e+02,1.195125671527871702e+02,3.305669559771713750e+01,-8.887289567247453476e-03,2.655241852750677367e+02,1.254439119338190967e-02,nan,1.094220079053167214e-05,1.131858974014289920e+01,1.000000000000000000e+00
6.700000000000000000e+02,7.030327532509137711e+01,3.995078958194332586e+01,-1.853778280419628860e-02,5.565208875557873398e+02,4.244766750788109277e-03,nan,1.769218753305676410e-05,8.481719682439269548e+00,1.000000000000000000e+00
6.720000000000000000e+02,1.154725782541704859e+02,4.362972559884368451e+01,-9.221385208513854098e-03,2.755983573891578544e+02,1.339834686662166874e-02,nan,1.226268932177242802e-05,1.131858974014289920e+01,1.000000000000000000e+00
6.720000000000000000e+02,3.701459256077531990e+01,1.977870108507118019e+01,-9.069612041173654229e-03,2.710218564677747963e+02,1.960590342449475276e-02,nan,1.938222535782444097e-05,8.541436294435806431e+00,1.000000000000000000e+00
6.740000000000000000e+02,1.091017956038061243e+02,1.102317751985291849e+01,-6.927944297646103193e-03,2.064429551157286085e+02,1.735772657123757501e-02,nan,8.522208225450366562e-06,2.486410024909093863e+01,1.000000000000000000e+00
6.740000000000000000e+02,6.461643968586065512e+01,2.898898042132644193e+01,1.746294344218713010e-03,-5.019777553803226766e+01,2.343911885738862999e-01,nan,1.015595106437367217e-05,1.234914408618706361e+01,1.000000000000000000e+00
6.740000000000000000e+02,1.257021449609785435e+01,4.075353537311789154e+01,-1.807533087675518594e-03,5.204434150727381336e+01,1.672640986023667953e-01,nan,6.714840903749555020e-06,1.187144265049886549e+01,1.000000000000000000e+00
6.750000000000000000e+02,8.929884994640212881e+01,2.605869628332590793e+01,-7.224671639249175513e-03,2.153903400589585715e+02,2.124397301097302737e-02,nan,1.095733890586999526e-05,2.353342540751932432e+01,1.000000000000000000e+00
6.750000000000000000e+02,1.300193477648701048e+02,4.903434934587675542e+01,-1.556932841166793575e-03,4.448785257616188460e+01,2.413925750247628566e-01,nan,8.718677593378115070e-06,1.551832661869229391e+01,1.000000000000000000e+00
6.760000000000000000e+02,1.854807782320605014e+01,5.101006015720038533e+01,-7.205167519455117110e-03,2.148022214621568082e+02,1.931753557358795170e-02,nan,1.022225573992422052e-05,1.187144265049886549e+01,1.000000000000000000e+00
6.770000000000000000e+02,3.431778754104291806e+01,1.114577968547126297e+01,-7.390263947564200929e-03,2.203835372416923803e+02,1.753048026894765687e-02,nan,1.090656298228825513e-05,9.044340175276694538e+00,1.000000000000000000e+00
6.790000000000000000e+02,5.081640032056142786e+01,1.436727878454421337e+01,-1.137122270969635144e-03,3.182907042788428598e+01,3.606714082392010745e-01,nan,8.559491011950850876e-06,1.681018382094078589e+01,1.000000000000000000e+00
6.820000000000000000e+02,8.047692081881811532e+01,2.943428452456350897e+01,-1.288792976069732827e-03,3.640248174822361449e+01,2.992419588312805745e-01,nan,8.027199743356589444e-06,1.795077519704568658e+01,1.000000000000000000e+00
6.830000000000000000e+02,1.153268124278123707e+02,3.821338510472648409e+01,-1.085214936853234891e-03,3.026387964631635796e+01,3.728275168639197945e-01,nan,8.485058648836730702e-06,9.998215128167803556e+00,1.000000000000000000e+00
6.840000000000000000e+02,9.731927129751660743e+01,4.027038584589582371e+01,-1.025508242951415775e-03,2.846351042135361809e+01,3.741266935494037549e-01,nan,7.776025434195121136e-06,1.812464591677489167e+01,1.000000000000000000e+00
6.850000000000000000e+02,1.243342255160485337e+02,3.387393638317262656e+01,-1.429567713809692421e-03,4.064734089075104606e+01,2.694407543803941651e-01,nan,8.525607298618059779e-06,9.998215128167803556e+00,1.000000000000000000e+00
6.900000000000000000e+02,9.005013861872883751e+01,5.501319931900604310e+00,-7.926633238994710076e-03,2.365569794874560330e+02,3.171111008521076968e-02,nan,2.136261418184842877e-05,2.077761441924410946e+01,1.000000000000000000e+00
6.900000000000000000e+02,3.528188315690029242e+01,1.170247623328234177e+01,-8.618529225369531838e-03,2.574201048648688470e+02,1.177775037456263441e-02,nan,9.153226934604087343e-06,2.227649664116678707e+01,1.000000000000000000e+00
6.910000000000000000e+02,7.096493130614524603e+01,1.371497458683263559e+01,-1.763085335584443566e-02,5.291737383280964195e+02,6.091707419975667115e-03,nan,2.018334783126959865e-05,2.077761441924410946e+01,1.000000000000000000e+00
6.910000000000000000e+02,8.100412439430057177e+00,3.358413407937803896e+01,-1.408282269652110603e-03,4.000550902740940984e+01,3.289879184852021465e-01,nan,1.216114750276304462e-05,2.487871595068509123e+01,1.000000000000000000e+00
6.940000000000000000e+02,1.205484413284276997e+02,1.579921619175866176e+01,-8.903207845726290870e-03,2.660041779997497429e+02,1.495916507245032001e-02,nan,1.196675000725722099e-05,2.599206750992734527e+01,1.000000000000000000e+00
6.950000000000000000e+02,1.190631044528071953e+02,4.839077316707045640e+01,-1.227533554319016522e-03,3.455529225485857836e+01,3.660117825416574489e-01,nan,1.036189840413933394e-05,1.164113739902685651e+01,1.000000000000000000e+00
6.970000000000000000e+02,5.879176064405291413e+01,6.877872304348201737e+00,-8.592408364455414796e-03,2.566324679845445758e+02,6.723964298183870980e-02,nan,5.823700809249372795e-05,6.516398779031520760e+00,1.000000000000000000e+00
6.980000000000000000e+02,5.233979498600118774e+01,7.791979625555423894e+00,-9.101252018220444898e-03,2.719759143335015210e+02,4.688605324632588722e-02,nan,4.884697926701297180e-05,6.516398779031520760e+00,1.000000000000000000e+00
6.980000000000000000e+02,8.268091494835833544e+01,5.104677696512251117e+01,-1.981164305313587014e-03,5.727994040414828447e+01,2.210743244197880264e-01,nan,1.204641907546246753e-05,2.485215253245526057e+01,1.000000000000000000e+00
6.990000000000000000e+02,2.069823789034822070e+01,2.759381862991935108e+01,-9.013896338030737490e-03,2.693418298119593715e+02,1.482489673146514253e-02,nan,1.329464549164652638e-05,7.405436800293975885e+00,1.000000000000000000e+00
6.990000000000000000e+02,2.284567757109765651e+01,3.468106047852950269e+01,-2.471365207754300849e-03,7.206124147994496809e+01,3.111998127223538635e-01,nan,3.430027979925481731e-05,7.405436800293975885e+00,1.000000000000000000e+00
6.990000000000000000e+02,9.425106129632627017e+01,2.905220493057210973e+01,-1.128304843981300758e-03,3.156319363659423161e+01,3.366854667730060369e-01,nan,7.555193744758766463e-06,2.414273315684495813e+01,1.000000000000000000e+00
7.020000000000000000e+02,8.336846713470559678e+01,5.714411939603623480e+00,-8.158888705276508627e-03,2.435603080340125075e+02,2.077025355864803302e-02,nan,1.347525920882755099e-05,2.460423016369382765e+01,1.000000000000000000e+00
7.030000000000000000e+02,1.166275265790045097e+02,1.998769359593766382e+01,1.271395236249594791e-03,-3.587787800098563906e+01,3.525002610931889935e-01,nan,1.012324281527233708e-05,1.059513372515809948e+01,1.000000000000000000e+00
7.030000000000000000e+02,4.165505491633642521e+01,4.241128428001409389e+01,-1.674603537909094639e-03,4.803604269104458524e+01,3.230863725606992753e-01,nan,1.428819133347646499e-05,2.033590509755148190e+01,1.000000000000000000e+00
7.070000000000000000e+02,1.232469541477130903e+01,1.353627057546966839e+01,-8.442105594046974901e-03,2.521003047615236312e+02,4.803368608492042391e-02,nan,3.829048494728285915e-05,7.578230683185942951e+00,1.000000000000000000e+00
7.080000000000000000e+02,5.499976579096264828e+01,5.474848575114148908e+00,-6.526351576567246751e-03,1.943335059275298136e+02,2.034509832530306817e-02,nan,8.681083802040111342e-06,3.072723370301313039e+01,1.000000000000000000e+00
7.080000000000000000e+02,5.266580115946121410e+00,1.077717856611754677e+01,-8.966564784477616332e-03,2.679146150925035954e+02,3.787071848487411074e-02,nan,3.764714804333980827e-05,7.578230683185942951e+00,1.000000000000000000e+00
7.080000000000000000e+02,1.067098093640461798e+02,1.625999405089628169e+01,-1.373166372007742419e-03,3.894663979023773237e+01,3.270530199725565357e-01,nan,1.063865763294721740e-05,1.059513372515809948e+01,1.000000000000000000e+00
7.120000000000000000e+02,2.662097324939884047e+01,5.037210743541713498e+01,-9.439036598236990802e-03,2.821613210741387547e+02,1.838259462374458586e-02,nan,1.626100734717558094e-05,2.278570822916040228e+01,1.000000000000000000e+00
7.120000000000000000e+02,4.139771937687809356e+01,3.302747502684603376e+01,-8.012468477218807894e-03,2.391452172748324756e+02,1.305750099963043365e-02,nan,8.294072931383038555e-06,2.278570822916040228e+01,1.000000000000000000e+00
7.150000000000000000e+02,5.205768771630442870e+01,8.683755208239780643e+00,-8.284246870314659200e-03,2.473403026658306203e+02,1.413197203103200295e-02,nan,1.011720041759305734e-05,2.657539500373183117e+01,1.000000000000000000e+00
7.150000000000000000e+02,8.983271808629406507e+01,4.324467886438191044e+01,-1.715077118613689364e-03,4.925646513219365374e+01,2.401354776818653836e-01,nan,9.973296115355220491e-06,1.045005287429261109e+01,1.000000000000000000e+00
7.160000000000000000e+02,7.431754686201520599e+01,3.700516914460485651e+01,-9.049209874842634865e-03,2.704066585731242753e+02,2.092041368394426115e-02,nan,1.723175860673337796e-05,9.976691479088787062e+00,1.000000000000000000e+00
7.180000000000000000e+02,1.280395569624137408e+01,3.068692591207927478e+01,-1.328512253778216332e-03,3.760015927064164032e+01,3.247688370976907768e-01,nan,9.893434317163030847e-06,3.139955769928773321e+01,1.000000000000000000e+00
7.210000000000000000e+02,9.075601235685782342e+01,3.625912433287933823e+01,-1.407429632983924796e-03,3.997979899864780151e+01,3.133951944869297623e-01,nan,1.047988396753511496e-05,1.292324212638181891e+01,1.000000000000000000e+00
7.220000000000000000e+02,4.408154012535725741e+01,2.792197817470209387e+01,-9.208017779668562983e-03,2.751952818554578357e+02,9.940183768364474481e-03,nan,8.385601914811204911e-06,1.863091336050350222e+01,1.000000000000000000e+00
7.220000000000000000e+02,1.395642562139007623e+02,2.748485450310322520e+01,-9.378392894667663890e-03,2.803326976743317687e+02,1.427242762461577996e-02,nan,1.524633436207612535e-05,1.705268534606675601e+01,1.000000000000000000e+00
7.230000000000000000e+02,6.341888234457647400e+01,5.099339919093990403e+01,-1.582737812213599838e-03,4.526596425322308903e+01,2.775131687005891745e-01,nan,1.076127433695588840e-05,1.712059530160488663e+01,1.000000000000000000e+00
7.250000000000000000e+02,6.780473835716061615e+01,2.705045351456289637e+01,-3.858811899667637449e-03,1.138976950190517812e+02,4.788502380641967981e-02,nan,7.221650890539782098e-06,1.754920302973152602e+01,1.000000000000000000e+00
7.250000000000000000e+02,4.051656855407239988e+01,9.635318820338905965e+00,-1.573441849773961777e-03,4.498565791570833028e+01,2.707927821406037605e-01,nan,1.014343694708212454e-05,1.863091336050350222e+01,1.000000000000000000e+00
7.270000000000000000e+02,1.231577765540973246e+02,2.283496174257465938e+01,-1.660788988585121251e-02,4.983277505622124863e+02,5.498882113422642881e-03,nan,2.042653961354390911e-05,8.440462075122750818e+00,1.000000000000000000e+00
7.300000000000000000e+02,4.055341742320670306e+01,3.191355165265125748e+01,-1.688521157225249432e-03,4.845570842471852302e+01,2.578339384232092302e-01,nan,1.084280739954328442e-05,1.404680130015991146e+01,1.000000000000000000e+00
7.300000000000000000e+02,8.956246345673110909e+01,1.097217868216538328e+01,-1.676690285930930403e-03,4.809896556741323792e+01,2.580413346369178074e-01,nan,1.224630895667930078e-05,1.090577747949995491e+01,1.000000000000000000e+00
7.310000000000000000e+02,1.003718823260854265e+02,9.525649685146920120e+00,-8.902536922876123568e-03,2.659839472890399747e+02,1.511295782888655292e-02,nan,1.258570275783516283e-05,1.090577747949995491e+01,1.000000000000000000e+00
7.310000000000000000e+02,1.148838305226930316e+02,2.116666407399312178e+01,-1.788773435273052770e-02,5.369196142265672052e+02,5.795650664198070956e-03,nan,2.407636335020496993e-05,8.440462075122750818e+00,1.000000000000000000e+00
7.330000000000000000e+02,5.220860249984853851e+01,3.975378682740205250e+01,-1.449716089732406600e-03,4.125488610174336657e+01,3.366314049944840736e-01,nan,1.303675124083560859e-05,1.199747985545826623e+01,1.000000000000000000e+00
7.330000000000000000e+02,1.330795389856137660e+02,4.317357835489923445e+01,-1.197290447238899070e-03,3.364335498792782175e+01,3.418161102769906590e-01,nan,8.723787582453993854e-06,9.122741424597085924e+00,1.000000000000000000e+00
7.340000000000000000e+02,5.749833664608360095e+00,4.514904600884184305e+01,-1.472442526473356035e-03,4.194016901773851203e+01,2.871200748030110494e-01,nan,9.472158482175775936e-06,3.723530251380433498e+01,1.000000000000000000e+00
7.340000000000000000e+02,9.928269338773496600e+01,4.904864136623191939e+01,-1.183262121372540302e-03,3.322035105793176513e+01,3.242322738143031957e-01,nan,7.756691807927438634e-06,8.001206061373423495e+00,1.000000000000000000e+00
7.360000000000000000e+02,9.760864714500895900e+01,3.154604879409328788e+01,-1.261310196559355893e-03,3.557377817725915747e+01,3.368571098049766288e-01,nan,9.867805089851451841e-06,4.600009558474497773e+00,1.000000000000000000e+00
7.360000000000000000e+02,6.353234470343598872e+01,5.899300544884122921e+00,-1.240218060060708323e-03,3.493777522751751974e+01,3.156208524672534654e-01,nan,8.482539794220358832e-06,1.350082884798265148e+01,1.000000000000000000e+00
7.360000000000000000e+02,7.175995775824002010e+01,3.348733859048039818e+01,-1.196677265838937175e-03,3.362486538735429065e+01,2.962332065009286586e-01,nan,6.824386927835653856e-06,1.194696168368060540e+01,1.000000000000000000e+00
7.370000000000000000e+02,8.210268794512076340e+01,2.750755383242109531e+01,-1.106646280619351299e-03,3.091011090188646904e+01,3.564416550675856277e-01,nan,7.908008729342042213e-06,7.187325963465077017e+00,1.000000000000000000e+00
7.380000000000000000e+02,1.352999075289077382e+02,3.432516750141767403e+01,-8.977035766457253096e-03,2.682303524492273823e+02,1.461134972768063367e-02,nan,1.159830836492709348e-05,9.122741424597085924e+00,1.000000000000000000e+00
7.400000000000000000e+02,8.927731873100427151e+01,2.793455218294694120e+01,-1.498223085141886513e-03,4.271754457474878564e+01,3.086144475920331587e-01,nan,1.207990785946885474e-05,7.187325963465077017e+00,1.000000000000000000e+00
7.400000000000000000e+02,9.976267733547236105e+01,3.561055883549175149e+01,1.071252326351746810e-03,-2.984285726835054575e+01,3.443968947953506277e-01,nan,7.093097161625908305e-06,4.600009558474497773e+00,1.000000000000000000e+00
7.410000000000000000e+02,8.310951665461230675e+01,4.393937664497585871e+01,-4.252298890847190996e-03,1.257627276150245450e+02,6.221473144785338860e-02,nan,1.166573716109260567e-05,9.181789223283553625e+00,1.000000000000000000e+00
7.420000000000000000e+02,1.144725240845374117e+02,5.061570423895977200e+01,-1.944924081430991509e-03,5.618716873115506871e+01,2.051567052251876966e-01,nan,1.010229615146938155e-05,6.954193861536201560e+00,1.000000000000000000e+00
7.450000000000000000e+02,8.299109189406658516e+01,9.572587525778494921e+00,-1.072454962586424010e-03,2.987912102914926393e+01,3.209515166086013283e-01,nan,6.969724863029642377e-06,1.784103783592969350e+01,1.000000000000000000e+00
7.460000000000000000e+02,1.393223544124113857e+02,5.267228256605161363e+01,-1.247751017260332121e-03,3.516492068523563574e+01,2.978331869277616173e-01,nan,7.671781907132638247e-06,2.302252545299068842e+01,1.000000000000000000e+00
7.470000000000000000e+02,5.530851083823337433e+01,2.466633809500788388e+01,-2.593540303876056344e-02,7.795854543223181281e+02,2.521534021192040065e-03,nan,2.346351043208519166e-05,1.926823851053484304e+01,1.000000000000000000e+00
7.480000000000000000e+02,1.413674956270389771e+02,2.974077420646402103e+01,-1.759717498602168936e-03,5.060253139494903252e+01,2.175428988583762990e-01,nan,9.139343321932245966e-06,8.419163622653082157e+00,1.000000000000000000e+00
7.500000000000000000e+02,4.373082058192009924e+01,4.110693641451244673e+01,-8.704262276636634543e-03,2.600052613519665670e+02,1.706738125246998194e-02,nan,1.345001443962923912e-05,1.457168738179161771e+01,1.000000000000000000e+00
7.500000000000000000e+02,8.198647230577614664e+01,4.704324731582803309e+01,-1.388893887496363494e-03,3.942088033213408238e+01,3.286312116155650775e-01,nan,1.115894239277449944e-05,2.235276660337701671e+01,1.000000000000000000e+00
7.520000000000000000e+02,1.357992137180288239e+02,2.342598579458550390e+01,-1.366461711188733360e-03,3.874447041502150313e+01,3.413019803575255695e-01,nan,1.173775440754502078e-05,8.419163622653082157e+00,1.000000000000000000e+00
7.550000000000000000e+02,4.162376298801851959e+01,1.170290041176725460e+01,-7.238546973396835574e-03,2.158087307443748273e+02,2.203765810290259086e-02,nan,1.152727516026072462e-05,2.054400548728166243e+01,1.000000000000000000e+00
7.550000000000000000e+02,6.087180111745954036e+01,2.178012359562993794e+01,-1.271084332011993218e-03,3.586850313219439812e+01,3.106066900762891603e-01,nan,8.177056461045911258e-06,2.172642167798910506e+01,1.000000000000000000e+00
7.560000000000000000e+02,1.370243892650599093e+02,1.120615635391242648e+01,-1.740620997433685313e-02,5.223999412171247059e+02,5.107226926123420441e-03,nan,1.635644134162079187e-05,1.228109468574293750e+01,1.000000000000000000e+00
7.600000000000000000e+02,3.942788704634114794e+01,5.023602536134615804e+01,-8.971736645659911941e-03,2.680705651058085550e+02,1.329453794417301271e-02,nan,1.094189824033808788e-05,2.731700910325802312e+01,1.000000000000000000e+00
7.620000000000000000e+02,1.638386302963191454e+01,1.496473630244964248e+01,-9.101134845360448616e-03,2.719723811549354764e+02,1.956009667804414764e-02,nan,1.652207425221048509e-05,1.520138811944896773e+01,1.000000000000000000e+00
7.620000000000000000e+02,5.803688988554638684e+01,1.501302879263963952e+01,-1.663706599777601972e-03,4.770746124102287666e+01,2.685850619096926684e-01,nan,1.126818826710013270e-05,6.307042222873389115e+00,1.000000000000000000e+00
7.630000000000000000e+02,3.477727226122947712e+01,2.195546136773925028e+01,-9.069854166372882942e-03,2.710291574038807312e+02,1.135617485393181081e-02,nan,9.873994020686478428e-06,8.887355376097721305e+00,1.000000000000000000e+00
7.660000000000000000e+02,1.134837613762087472e+02,8.734206884684287076e+00,-8.583705638560333584e-03,2.563700498392599343e+02,1.573597728036557619e-02,nan,1.053353557643578947e-05,7.959541319171666629e+00,1.000000000000000000e+00
7.670000000000000000e+02,7.289341644497770289e+01,4.839899700069137367e+01,-1.579836053961420662e-03,4.517846591904810083e+01,2.731415822405280913e-01,nan,1.028743162167408259e-05,1.386246893047741047e+01,1.000000000000000000e+00
7.700000000000000000e+02,6.198488692689144131e+01,1.853390564525227546e+01,-1.445535657422147065e-03,4.112883119589299241e+01,3.322946043705039543e-01,nan,1.236051440967267347e-05,1.346849265348855162e+01,1.000000000000000000e+00
7.720000000000000000e+02,1.092749456960793850e+02,4.001573116537900177e+01,-9.196934696565456716e-03,2.748610874723397615e+02,1.489791289947262065e-02,nan,1.309128195271910396e-05,3.615894418786841413e+01,1.000000000000000000e+00
7.720000000000000000e+02,3.694575071946453448e+01,5.425701532419330064e+00,-1.265330193740349558e-03,3.569499539322156778e+01,3.058318768726219217e-01,nan,8.579054857577673703e-06,1.578657594593821401e+01,1.000000000000000000e+00
7.730000000000000000e+02,1.388077902759396522e+02,1.401444037906662921e+01,-9.179101963644117901e-03,2.743233671356325658e+02,1.067130276732197736e-02,nan,9.059890885240442306e-06,1.974414103326975223e+01,1.000000000000000000e+00
7.730000000000000000e+02,2.623649713089593405e+01,3.060281926238901917e+01,-9.030765917269558546e-03,2.698505076387635881e+02,1.821729346780087688e-02,nan,1.490211249774556934e-05,2.693171822340103105e+01,1.000000000000000000e+00
7.730000000000000000e+02,4.878215665967939429e+01,1.587153680372824383e+01,-1.160390537225324632e-03,3.253069143128246310e+01,3.731957205671785349e-01,nan,9.891935547357850656e-06,1.346849265348855162e+01,1.000000000000000000e+00
7.790000000000000000e+02,8.522450124404376481e+01,1.390790127980207025e+01,-1.255112154432262402e-03,3.538688515787692523e+01,3.355623495881534524e-01,nan,9.259460215970215490e-06,6.007938447731074660e+00,1.000000000000000000e+00
7.800000000000000000e+02,7.733496679833463006e+00,3.070719501833656295e+01,-9.073261863745577666e-03,2.711319116023944957e+02,1.180928311302154032e-02,nan,9.775507088583759995e-06,2.665142664615611068e+01,1.000000000000000000e+00
7.820000000000000000e+02,1.329260596719026637e+02,4.394444441666188084e+01,-1.712230725469536573e-03,4.917063625298449381e+01,2.374334446021121314e-01,nan,9.768770500918754295e-06,8.997704850420156220e+00,1.000000000000000000e+00
7.830000000000000000e+02,2.581839764206755561e+01,1.113080874656453112e+01,-1.830621028716578102e-03,5.274052506395222650e+01,2.637431367559073259e-01,nan,1.332874347768974234e-05,2.581308111873075362e+01,1.000000000000000000e+00
7.840000000000000000e+02,1.110713163808451611e+02,2.117007708168197411e+01,-8.786948250713560310e-03,2.624985376219431714e+02,1.267900665112187131e-02,nan,9.563715543181262261e-06,2.152678652127594816e+01,1.000000000000000000e+00
7.860000000000000000e+02,1.385752309820728385e+02,2.682416980114519234e+01,-1.441548046808191616e-03,4.100859055014051791e+01,2.818058335242354939e-01,nan,9.731396924684083263e-06,9.591268702862652873e+00,1.000000000000000000e+00
7.870000000000000000e+02,1.418848106576824932e+02,4.478078965043997783e+01,-1.192228996391611184e-03,3.349073423900303226e+01,3.461136564667790516e-01,nan,8.897984670572265471e-06,8.997704850420156220e+00,1.000000000000000000e+00
7.880000000000000000e+02,5.374635590582096967e+01,1.207561869394866605e+01,-1.349962469498673569e-03,3.824695958277123964e+01,3.169587943732432578e-01,nan,9.785943055471789506e-06,7.028849869637560310e+00,1.000000000000000000e+00
7.890000000000000000e+02,6.720252493338003319e+01,3.968731049197445060e+01,-1.608818747631676326e-03,4.605239723780867678e+01,2.510632169767240685e-01,nan,9.300188196425669923e-06,2.103912826965513361e+01,1.000000000000000000e+00
7.900000000000000000e+02,8.891030916744654178e+01,2.521407957944689926e+01,-9.541113387990516823e-03,2.852392994187015347e+02,1.638535787160178003e-02,nan,1.525836945735129755e-05,1.897659688199835415e+01,1.000000000000000000e+00
7.900000000000000000e+02,1.051728230430233140e+02,5.280592316292948851e+01,-8.467035813258798338e-03,2.528520395588705298e+02,1.324995253714111865e-02,nan,9.798114842516832078e-06,1.813723830683388627e+01,1.000000000000000000e+00
7.900000000000000000e+02,2.000356021707846210e+01,1.840730017973872279e+01,2.153439635958474731e-03,-6.247465448467261240e+01,2.533519936730550537e-01,nan,1.700696490413057408e-05,5.757717762102434911e+00,1.000000000000000000e+00
7.900000000000000000e+02,1.195612272507543707e+02,2.386282328443360612e+01,-1.334833796355607222e-03,3.779077626794752121e+01,3.536289374251225803e-01,nan,1.143504098117509452e-05,1.286716301660228723e+01,1.000000000000000000e+00
7.940000000000000000e+02,1.053633557797198534e+02,3.466968566241330763e+01,-8.980013834669713785e-03,2.683201518001740169e+02,3.827849668664295990e-02,nan,3.223937364092786372e-05,5.856327110123300095e+00,1.000000000000000000e+00
7.960000000000000000e+02,5.619961550518200966e+01,5.348281675211158159e+00,-9.033723284590521735e-03,2.699396827841890740e+02,2.488494095953319718e-02,nan,1.986670718620883630e-05,2.402346985079477193e+01,1.000000000000000000e+00
7.970000000000000000e+02,1.049848735262353898e+02,2.882560161060823134e+01,-9.157074705873985421e-03,2.736591669529046271e+02,7.375585707770015986e-02,nan,6.573028010400523940e-05,5.856327110123300095e+00,1.000000000000000000e+00
7.980000000000000000e+02,3.025778904646418965e+01,1.950820850551544083e+01,-8.873163581507234610e-03,2.650982365524542956e+02,2.148961248467062823e-02,nan,1.727003562319193934e-05,2.955472699677334347e+01,1.000000000000000000e+00
8.010000000000000000e+02,8.747228746666054633e+01,4.769856087202809647e+01,-9.318928261545830760e-03,2.785396274430056565e+02,1.676869820292958835e-02,nan,1.467493615087524078e-05,2.574644173040672612e+01,1.000000000000000000e+00
8.030000000000000000e+02,7.336914128454098716e+01,2.243349661273300200e+01,-1.559049409466329618e-03,4.455167463998746769e+01,2.822099172831969982e-01,nan,1.063722723072779303e-05,1.911224406709773760e+01,1.000000000000000000e+00
8.040000000000000000e+02,5.239884972389000239e+01,1.895332932594068609e+01,-1.655936399128794898e-03,4.747316204932920414e+01,1.861325068832550000e-01,nan,6.883788256700673086e-06,1.742828812221714330e+01,1.000000000000000000e+00
8.060000000000000000e+02,1.153203494619256020e+02,4.738561517881375096e+01,-8.931337152806089960e-03,2.668523766769244503e+02,1.581205094702597957e-02,nan,1.223996882846064756e-05,7.416598161047357252e+00,1.000000000000000000e+00
8.090000000000000000e+02,1.238315208415662880e+02,5.147669384439703322e+01,-9.044440013350514215e-03,2.702628302805735530e+02,1.389694761013082758e-02,nan,1.285820221404454183e-05,9.443355489528361346e+00,1.000000000000000000e+00
8.100000000000000000e+02,7.743445069466402231e+01,2.407472456044741804e+01,-1.323948015855668696e-03,3.746253126020992852e+01,2.570037671558593750e-01,nan,7.513903462481859496e-06,1.962966971866836019e+01,1.000000000000000000e+00
8.100000000000000000e+02,1.088017646911017380e+02,4.384810463211085363e+01,-2.028571631893555556e-03,5.870943994992254034e+01,2.684542594646787128e-01,nan,1.677430920805252282e-05,7.416598161047357252e+00,1.000000000000000000e+00
8.130000000000000000e+02,2.346190365355199603e+01,2.886502172456925308e+01,-9.169506599134803412e-03,2.740340327606079995e+02,1.104594580330342524e-02,nan,9.238661931383435961e-06,2.297502596893039950e+01,1.000000000000000000e+00
8.130000000000000000e+02,9.163526014469077552e+01,4.778760342269337968e+01,-9.255014783276694149e-03,2.766124087039260644e+02,1.142530089914695068e-02,nan,9.729016796717201312e-06,1.761273769358271579e+01,1.000000000000000000e+00
8.130000000000000000e+02,4.492466179084044597e+01,7.759730254278068173e+00,-1.377887875147191209e-03,3.908900990642280959e+01,2.944565313551890107e-01,nan,8.790270987948623787e-06,3.010121783093978820e+01,1.000000000000000000e+00
8.160000000000000000e+02,6.729004058299706159e+00,1.312139160289045492e+01,-1.544292278231056310e-03,4.410669463542699020e+01,2.793103572915409671e-01,nan,1.025064130812853140e-05,2.297502596893039950e+01,1.000000000000000000e+00
8.170000000000000000e+02,4.842417190577118191e+01,4.703680503011629099e+01,-1.355001484568466724e-03,3.839890381319031576e+01,3.114815792977313480e-01,nan,9.518570322392891505e-06,1.445991549916779739e+01,1.000000000000000000e+00
8.180000000000000000e+02,1.166238717516032750e+02,1.873730483505456235e+01,1.999925879239188888e-03,-5.784566860144322220e+01,3.157418161142471202e-01,nan,2.100667323100346856e-05,6.679947049936608927e+00,1.000000000000000000e+00
8.190000000000000000e+02,7.414073847060340938e+01,2.017996547674356478e+01,-1.550728316738671014e-03,4.430076409234313672e+01,2.894303637524365813e-01,nan,1.080477142833067276e-05,8.138959861251739980e+00,1.000000000000000000e+00
8.200000000000000000e+02,8.158056537884895931e+01,4.388912748265808261e+01,-8.758332153885245441e-03,2.616356605021185828e+02,1.323317786326760892e-02,nan,1.116168854442199960e-05,8.063846018809984528e+00,1.000000000000000000e+00
8.220000000000000000e+02,2.338013020759613170e+01,1.865460496795477852e+01,-2.957011207132895746e-03,8.670519602456020891e+01,1.058197989301565833e-01,nan,1.061072368121540528e-05,1.281936114957905737e+01,1.000000000000000000e+00
8.220000000000000000e+02,7.888510337828049046e+01,1.356682180328015086e+01,-1.578406902527593973e-03,4.513537191917760794e+01,2.807983129840114778e-01,nan,1.079199805591132572e-05,8.138959861251739980e+00,1.000000000000000000e+00
8.220000000000000000e+02,1.222905509545624625e+02,1.520029488303200260e+01,-1.346168008938155355e-03,3.813254309825234856e+01,3.333412499733896528e-01,nan,1.123071618893774738e-05,6.679947049936608927e+00,1.000000000000000000e+00
8.230000000000000000e+02,5.953605595489267444e+01,2.965978227953053192e+01,-9.184603291712943249e-03,2.744892517476297940e+02,1.321672953534547279e-02,nan,1.181445775776639890e-05,1.741159607845039048e+01,1.000000000000000000e+00
8.240000000000000000e+02,3.584147937015742258e+01,1.564615065850118292e+01,-8.845974869363169499e-03,2.642784001587153853e+02,1.251428436188839477e-02,nan,1.034914218523958726e-05,1.281936114957905737e+01,1.000000000000000000e+00
8.240000000000000000e+02,1.329817040973434530e+02,3.706827624180648684e+01,-1.157868135015115455e-03,3.245463203131458130e+01,3.556628387228979449e-01,nan,8.690195627658444186e-06,2.434151524104660780e+01,1.000000000000000000e+00
8.250000000000000000e+02,9.034958115742362850e+01,4.725864762462345325e+00,-8.482671505140176871e-03,2.533235112923502470e+02,1.595898214657831549e-02,nan,1.220206339910431161e-05,6.154466318467835428e+00,1.000000000000000000e+00
8.270000000000000000e+02,9.991272638478076829e+01,1.601390169549371123e+01,2.364039555963011376e-03,-6.882499127235782055e+01,1.351919127392422482e-01,nan,9.368229760286884026e-06,6.300462242617979491e+00,1.000000000000000000e+00
8.310000000000000000e+02,6.513793996837321743e+01,2.333543891081468047e+01,-9.003927777804439023e-03,2.690412422584410592e+02,1.776522109977629604e-02,nan,1.470638937700492743e-05,2.013117301345854671e+01,1.000000000000000000e+00
8.310000000000000000e+02,1.081880952433064493e+02,4.884123756029961072e+01,-8.576890666531189825e-03,2.561645541886311435e+02,1.578561377510478980e-02,nan,1.133666245078356749e-05,1.917862078609670107e+01,1.000000000000000000e+00
8.310000000000000000e+02,4.788492906621170420e+01,4.235684153536514174e+01,-1.251550138915820615e-03,3.527947771834951141e+01,3.371892721714699892e-01,nan,1.016823327553286420e-05,2.568034546098161996e+01,1.000000000000000000e+00
8.310000000000000000e+02,9.385582643407293801e+01,1.427902779293760105e+01,-1.401014272722790003e-03,3.978635306442493658e+01,2.890711572326239986e-01,nan,8.473808675284327254e-06,6.257446370209242659e+00,1.000000000000000000e+00
8.330000000000000000e+02,1.146474719831036708e+02,1.849236865250849959e+01,-9.185861706313207600e-03,2.745271974245799242e+02,1.223104924108442404e-02,nan,1.104655197912085700e-05,1.412136805223660474e+01,1.000000000000000000e+00
8.350000000000000000e+02,3.396475401690754836e+01,1.025252002545019359e+01,-8.956757204809985898e-03,2.676188816755100675e+02,1.630297365141419874e-02,nan,1.375420065165884456e-05,8.765569313122298922e+00,1.000000000000000000e+00
8.350000000000000000e+02,8.791093266319788313e+01,3.404297805496522500e+01,-9.390949271639475668e-03,2.807113171087665933e+02,1.342667145866827116e-02,nan,1.202908321004736399e-05,1.837390395153633094e+01,1.000000000000000000e+00
8.350000000000000000e+02,1.427380167913925959e+02,4.957322955054026892e+01,-1.269649676640048326e-03,3.582524316900962447e+01,2.934182527841781019e-01,nan,7.458864619982135915e-06,1.649640318482128976e+01,1.000000000000000000e+00
8.350000000000000000e+02,1.178150930202677955e+02,3.225388065634165002e+01,1.449861480300251382e-03,-4.125927014458416409e+01,3.225255877541326477e-01,nan,1.101513044704924884e-05,1.407048038155082459e+01,1.000000000000000000e+00
8.360000000000000000e+02,8.392634308220030448e+01,1.610632863844130469e+01,-1.307905168397420189e-03,3.697878233765030132e+01,2.751902142559224940e-01,nan,7.648214363536050311e-06,1.009622048169979003e+01,1.000000000000000000e+00
8.380000000000000000e+02,1.303075710804961034e+02,3.872816904058289111e+01,-8.827269998727039005e-03,2.637143817673173203e+02,1.179289618329759648e-02,nan,9.409510016768622459e-06,1.407048038155082459e+01,1.000000000000000000e+00
8.380000000000000000e+02,3.686085442742766105e+01,1.852583905685086663e+01,-1.324009262339379293e-03,3.746437805957535971e+01,3.539519530094494826e-01,nan,1.551316670234959558e-05,5.154395987750437946e+00,1.000000000000000000e+00
8.400000000000000000e+02,5.458930017662568446e+01,7.956588550998775489e+00,-1.398526504643700721e-03,3.971133800671964309e+01,3.417922433539725136e-01,nan,1.214730993596461624e-05,2.063993325904209897e+01,1.000000000000000000e+00
8.440000000000000000e+02,5.483860560802120432e+01,4.994181424766190247e+01,-8.976131265224552430e-03,2.682030785193398401e+02,1.422493064542129648e-02,nan,1.179883219855217032e-05,2.881930117748334297e+01,1.000000000000000000e+00
8.460000000000000000e+02,7.500736478879314006e+01,2.078008110301196609e+01,-1.727973905238082072e-02,5.185863930056508480e+02,3.749598970041567725e-03,nan,1.346767192004927998e-05,2.734461725239478369e+01,1.000000000000000000e+00
8.470000000000000000e+02,1.131735704128724791e+02,2.812131367331070919e+01,-1.797743585528874602e-02,5.396244336376753381e+02,3.956943206492646858e-03,nan,1.918792173578243767e-05,1.006164229577128566e+01,1.000000000000000000e+00
8.490000000000000000e+02,4.244931692399364209e+01,2.392148284580770934e+01,-9.096669644727363446e-03,2.718377394711017132e+02,1.547068088131720032e-02,nan,1.318191834147522475e-05,6.607097779884968602e+00,1.000000000000000000e+00
8.490000000000000000e+02,1.441632919985783872e+02,4.309778381944501291e+01,-2.142445111039606529e-03,6.214313044585100698e+01,1.725304731740470165e-01,nan,9.802414836859405114e-06,2.681643917429581947e+01,1.000000000000000000e+00
8.500000000000000000e+02,1.003599419443242482e+02,3.102580822473488809e+01,-1.275953645424835782e-03,3.601533025395055176e+01,3.377638376542906329e-01,nan,9.853017694694827440e-06,1.313868955144471151e+01,1.000000000000000000e+00
8.520000000000000000e+02,6.438735855679477993e+01,1.652424228685861252e+01,-1.705741703467490017e-02,5.118825932714443638e+02,4.325757862068901893e-03,nan,1.405305257823165070e-05,2.002297751340224607e+01,1.000000000000000000e+00
8.520000000000000000e+02,6.421235177988940279e+00,2.282611849776159829e+01,-9.339592185439444041e-03,2.791627182593588827e+02,1.322341154326511781e-02,nan,1.145053303332647251e-05,3.604472912024402831e+01,1.000000000000000000e+00
8.530000000000000000e+02,3.498324626129585369e+01,5.158840170728641539e+01,-2.297156267113124439e-03,6.680822217930372631e+01,1.589648115150709140e-01,nan,1.025955537683234869e-05,1.016069529704716778e+01,1.000000000000000000e+00
8.540000000000000000e+02,4.192684985021032418e+01,3.050789076133899513e+01,-8.696096692116746241e-03,2.597590399299998012e+02,1.763639147957374309e-02,nan,1.314385298623156524e-05,6.607097779884968602e+00,1.000000000000000000e+00
8.540000000000000000e+02,4.356984212121537325e+01,4.615608171875026500e+01,-1.258585347928011054e-03,3.549161429750018470e+01,3.244448485858876241e-01,nan,8.778575957066510755e-06,1.016069529704716778e+01,1.000000000000000000e+00
8.570000000000000000e+02,4.499113071797854246e+01,2.149475273619296090e+01,-1.250176902730981742e-03,3.523806976215193032e+01,3.566439033179578111e-01,nan,1.256793859596240975e-05,9.519793815881921972e+00,1.000000000000000000e+00
8.590000000000000000e+02,1.108664967629699731e+02,2.060466479302710496e+01,-9.043209155065861163e-03,2.702257155245694094e+02,1.594916491338249642e-02,nan,1.429373318850259351e-05,2.334947972923238169e+01,1.000000000000000000e+00
8.590000000000000000e+02,1.077937114549988529e+01,1.225905442478646634e+01,-1.389640463488459347e-03,3.944339225420559814e+01,2.840360432174453553e-01,nan,8.934676590774093434e-06,1.290047768242850346e+01,1.000000000000000000e+00
8.600000000000000000e+02,9.176143338000368033e+01,7.181000734407546382e+00,-1.263785475302514269e-03,3.564841663705589525e+01,2.943875171031620219e-01,nan,7.570802476306838200e-06,9.021147918909404595e+00,1.000000000000000000e+00
8.620000000000000000e+02,3.465202429628231329e+01,5.114123263176528411e+01,2.744832687557706950e-03,-8.030725884402431802e+01,2.354560603286465215e-01,nan,2.625386051720603244e-05,3.461198133555970724e+00,1.000000000000000000e+00
8.620000000000000000e+02,9.724540710429970147e+01,4.235653543466232662e+01,-1.289823492757484393e-03,3.643355549237514168e+01,2.920321474291135422e-01,nan,7.823369717629186741e-06,2.531453201676886877e+01,1.000000000000000000e+00
8.620000000000000000e+02,3.119134019678667258e+01,5.108158296094153172e+01,-2.607077753785673382e-03,7.615345753394386463e+01,2.881702552289917563e-01,nan,3.034170480304625405e-05,3.461198133555970724e+00,1.000000000000000000e+00
8.620000000000000000e+02,1.603261496184685697e+01,5.036738199493408530e+01,-1.191894840698561097e-03,3.348065825611403312e+01,3.627323039530301330e-01,nan,9.638639557902902133e-06,1.517554064171181949e+01,1.000000000000000000e+00
8.640000000000000000e+02,1.518490928596254186e+01,2.438396919264214446e+01,-8.730636699342021745e-03,2.608005440223321330e+02,1.171987005479291355e-02,nan,9.302714154110424495e-06,1.290047768242850346e+01,1.000000000000000000e+00
8.660000000000000000e+02,1.260392746118693736e+02,3.551242577653970756e+01,-1.456994169004874632e-03,4.147434608324121541e+01,3.632360709016941858e-01,nan,1.444577484535924780e-05,2.256174879536222733e+01,1.000000000000000000e+00
8.660000000000000000e+02,7.267259413822887382e+01,3.627357610860090631e+01,-1.089679237918880859e-03,3.039849420499170307e+01,3.720440638566859803e-01,nan,8.608784297595299581e-06,2.531453201676886877e+01,1.000000000000000000e+00
8.690000000000000000e+02,1.209208071365144264e+02,1.353894632041436452e+01,-8.537680578583521987e-03,2.549822305489209100e+02,1.610277236678192558e-02,nan,1.172158626114424861e-05,7.524258304427008603e+00,1.000000000000000000e+00
8.690000000000000000e+02,3.116660790292799987e+01,5.111781346932949788e+01,2.560867229635385451e-03,-7.476004583899417355e+01,1.386394127724537295e-01,nan,1.052892816853430310e-05,8.961121042060506525e+00,1.000000000000000000e+00
8.710000000000000000e+02,8.815686299457969710e+01,4.889468132437948533e+00,-1.500957338555576398e-03,4.279999204215254593e+01,3.003645809147589274e-01,nan,1.081805162898306315e-05,1.880627871992343714e+01,1.000000000000000000e+00
8.710000000000000000e+02,2.509286787000731422e+01,2.863069165827401008e+01,-1.287820154904224714e-03,3.637314772931690499e+01,2.985199021160931387e-01,nan,7.949257739128856974e-06,9.574834031974789994e+00,1.000000000000000000e+00
8.710000000000000000e+02,3.769921245953852207e+01,4.498374727817937213e+01,-1.462594854966195500e-03,4.164322668915826142e+01,2.899597747970692474e-01,nan,9.573474506007563544e-06,8.961121042060506525e+00,1.000000000000000000e+00
8.720000000000000000e+02,1.178973543872647838e+02,4.841400473087652756e+01,-9.046053059176011393e-03,2.703114693505488049e+02,8.494750340145407197e-02,nan,7.523921370032328167e-05,5.881542519930630597e+00,1.000000000000000000e+00
8.730000000000000000e+02,1.054686225548537948e+02,1.223651517316821824e+01,-1.318733501069977495e-03,3.730529508902434799e+01,3.153114183814582638e-01,nan,9.724401590689547991e-06,7.888873232805478253e+00,1.000000000000000000e+00
8.740000000000000000e+02,7.310724459720616153e+01,4.265752313508625093e+01,-1.575080362757530364e-03,4.503506491109764909e+01,2.572419318862090298e-01,nan,9.324205730261179911e-06,8.653949001047726242e+00,1.000000000000000000e+00
8.740000000000000000e+02,8.667251317775480857e+01,4.484919795238857887e+01,-1.385457048382580806e-03,3.931724740645614702e+01,3.129700938099609919e-01,nan,1.003699721404315808e-05,1.374117717545398243e+01,1.000000000000000000e+00
8.740000000000000000e+02,1.122253130024309655e+02,4.685821266813664465e+01,-8.420576333423563861e-03,2.514511209643713414e+02,1.177291428416877839e-01,nan,9.818029599950778058e-05,5.881542519930630597e+00,1.000000000000000000e+00
8.740000000000000000e+02,1.109804353894969893e+02,1.788047124662744736e+01,-1.714577022889953719e-03,4.924138546705544428e+01,2.311940241723429157e-01,nan,9.670392740972883527e-06,7.888873232805478253e+00,1.000000000000000000e+00
8.750000000000000000e+02,6.410982464874099840e+00,1.807186982533621844e+01,-8.822835760917432588e-03,2.635806737227602525e+02,1.834256026853386956e-02,nan,1.414907821085313934e-05,1.456602546221286509e+01,1.000000000000000000e+00
8.750000000000000000e+02,2.084189062662346714e+01,2.005126048738072697e+01,-1.301023782503627109e-03,3.677128407273799837e+01,3.349931879282062042e-01,nan,1.017660394933646005e-05,9.574834031974789994e+00,1.000000000000000000e+00
8.750000000000000000e+02,2.254994337121086900e+01,4.497717234523226182e+01,-1.531998531726941901e-03,4.373599444388906221e+01,2.888164561949659870e-01,nan,1.080655539943538563e-05,1.514927051512062128e+01,1.000000000000000000e+00
8.760000000000000000e+02,1.303425752592558808e+02,1.300175924102010150e+01,-1.214402871092121455e-03,3.415935544376483790e+01,3.514029424567730597e-01,nan,9.372759667863209354e-06,1.116534635456121372e+01,1.000000000000000000e+00
8.800000000000000000e+02,1.167842857036258835e+02,3.985184713617865526e+01,-8.464719056479658513e-03,2.527821811002236245e+02,1.942394229121180427e-02,nan,1.494777450482845678e-05,1.406804112830002573e+01,1.000000000000000000e+00
8.800000000000000000e+02,9.608291902640256410e+01,2.475501137509918692e+01,-1.447575280990716145e-03,4.119033310235257517e+01,3.049464260478682576e-01,nan,1.065060312267734116e-05,2.562149551259371805e+01,1.000000000000000000e+00
8.830000000000000000e+02,1.113848089215590846e+02,5.284243725624104826e+01,-9.431093222572864421e-03,2.819218000396709840e+02,2.809567805385770889e-02,nan,2.532626243449419458e-05,1.406804112830002573e+01,1.000000000000000000e+00
8.830000000000000000e+02,1.232774295720672342e+01,3.858954432134425616e+01,-1.274069739680202791e-03,3.595852379384165687e+01,3.652648443297309422e-01,nan,1.117609026634983612e-05,4.364029430002035781e+01,1.000000000000000000e+00
8.840000000000000000e+02,1.423708486266547197e+02,1.928901882998065531e+01,-1.169457438067668343e-03,3.280409074676268233e+01,3.438385736214242261e-01,nan,9.141932873572217988e-06,1.156084339487156676e+01,1.000000000000000000e+00
8.870000000000000000e+02,1.314597082826907979e+02,1.546800896411163251e+01,-1.198989682611629462e-03,3.369459297936748499e+01,3.423991416109797292e-01,nan,9.329718486718025747e-06,1.156084339487156676e+01,1.000000000000000000e+00
8.890000000000000000e+02,1.185877994945272746e+02,4.953000550354298781e+01,-2.606374280418652031e-02,7.834553548127352087e+02,3.118336041270541870e-03,nan,2.558025322756875167e-05,3.199142128320412937e+01,1.000000000000000000e+00
8.910000000000000000e+02,3.410149221724155666e+01,4.818670862192233528e+01,-1.068655487896316009e-02,3.197784352270526256e+02,1.004600976047675953e-02,nan,1.227062687741293266e-05,2.450453961803777503e+01,1.000000000000000000e+00
8.910000000000000000e+02,1.142661024117965383e+02,8.479822238464111095e+00,-1.460079685829775110e-03,4.156738539209643335e+01,3.544617405599920223e-01,nan,1.487738673604019872e-05,7.409351844505698281e+00,1.000000000000000000e+00
8.910000000000000000e+02,1.070640714853340540e+02,6.739349518207364831e+00,-1.364164001894813908e-03,3.867518630581449202e+01,3.218078054647051101e-01,nan,1.031321762139050513e-05,7.409351844505698281e+00,1.000000000000000000e+00
8.920000000000000000e+02,4.024322966423053316e+01,1.805345588854881811e+01,-3.499063991555280417e-02,1.052633059747138759e+03,2.494595617821948608e-03,nan,3.638205854797743182e-05,3.075278620159658161e+01,1.000000000000000000e+00
8.950000000000000000e+02,1.335670586242032982e+02,2.410168913649571820e+01,-8.850106008679756511e-03,2.644029687054489273e+02,6.381181404677649383e-02,nan,5.291664579220884540e-05,6.237167723634474470e+00,1.000000000000000000e+00
8.960000000000000000e+02,9.869433116369226866e+01,2.628317675991714708e+01,-1.396939259727310225e-03,3.966347692593954122e+01,3.159086163589559515e-01,nan,1.051725856244016523e-05,2.126061467374623604e+01,1.000000000000000000e+00
8.970000000000000000e+02,4.883425621881176681e+01,5.257929604676348134e+01,-8.223242298757007379e-03,2.455007978124043575e+02,3.992995207038041450e-02,nan,2.736180683041471233e-05,2.817526925644876812e+01,1.000000000000000000e+00
8.980000000000000000e+02,1.282341789444105871e+02,2.733629197666043353e+01,-8.656561770561101155e-03,2.585669214014284307e+02,5.208152308225166838e-02,nan,4.001618070116468186e-05,6.237167723634474470e+00,1.000000000000000000e+00
8.980000000000000000e+02,1.586151666029635976e+01,3.448600257083543852e+01,-1.288621740990619985e-03,3.639731840142742669e+01,3.100763919641973398e-01,nan,8.322157653552738271e-06,1.438582293096258624e+01,1.000000000000000000e+00
8.990000000000000000e+02,7.622501427239974703e+01,1.335117899449041978e+01,-1.321240163445614900e-03,3.738087987698615677e+01,2.782686415647348532e-01,nan,8.233053263999282433e-06,7.858968841139630790e+00,1.000000000000000000e+00
9.000000000000000000e+02,5.293112184355393168e+01,1.081985819390092374e+01,-8.588187578063630548e-03,2.565051962595784403e+02,1.806884135721820162e-02,nan,1.314338700296007657e-05,2.343102664165907356e+01,1.000000000000000000e+00
9.020000000000000000e+02,7.397703908929295835e+01,3.986370454651368789e+01,-1.564701059417173377e-03,4.472209199149068581e+01,2.553769035291316714e-01,nan,9.198129138782872426e-06,8.280044425822016052e+00,1.000000000000000000e+00
9.020000000000000000e+02,1.202262779255149781e+02,3.005519912793112880e+01,-1.124575959170184955e-03,3.145075449420253832e+01,3.525465269152374681e-01,nan,8.315052517641296942e-06,8.456886828240062215e+00,1.000000000000000000e+00
9.050000000000000000e+02,1.103112064355605781e+02,3.682868271023629347e+01,-9.473888794942687819e-03,2.832122387899054274e+02,1.057862099404627276e-02,nan,1.002522612495498948e-05,1.200786086239610562e+01,1.000000000000000000e+00
9.050000000000000000e+02,7.229267088419554455e+01,3.175679148152753584e+01,-1.228000730773051155e-03,3.456937928690651063e+01,3.443956229126230451e-01,nan,9.114532934859967113e-06,8.280044425822016052e+00,1.000000000000000000e+00
9.070000000000000000e+02,3.417580531434465030e+01,1.416111767142949240e+01,-1.791224235581849065e-03,5.155257159865696792e+01,2.636826821280660038e-01,nan,1.247143954856644527e-05,3.449404258312758653e+00,1.000000000000000000e+00
9.100000000000000000e+02,9.807682139014804079e+01,4.883809854045296106e+01,2.075628412111553151e-03,-6.012836927583079216e+01,2.853839071121911930e-01,nan,1.940645508214416579e-05,9.003422483163154411e+00,1.000000000000000000e+00
9.110000000000000000e+02,5.007229605086576640e+01,4.673126757222827621e+01,-2.153727598339621584e-03,6.248333757487714024e+01,2.118837250326839339e-01,nan,1.317055970054159930e-05,1.947122109355085229e+01,1.000000000000000000e+00
9.140000000000000000e+02,3.832823695533123498e+01,3.120047471305549536e+01,-8.605843074449032182e-03,2.570375722842162531e+02,1.759165285879049634e-02,nan,1.284731801001915026e-05,1.947122109355085229e+01,1.000000000000000000e+00
9.140000000000000000e+02,8.309874354027139987e+01,7.173265330335062195e+00,-8.443274012963138120e-03,2.521355367484425472e+02,1.197886809811110620e-02,nan,8.318266449110106020e-06,1.974158523563380641e+01,1.000000000000000000e+00
9.160000000000000000e+02,9.957200398459403345e+01,2.414624512895782971e+01,-1.157725917394495513e-03,3.245034366412023275e+01,3.737090616679443755e-01,nan,9.846673535824122743e-06,1.910899411356161792e+01,1.000000000000000000e+00
9.170000000000000000e+02,5.252690412187239843e+01,1.128747190931102118e+01,-1.154006931792071842e-03,3.233820301808658826e+01,3.538345843326695661e-01,nan,8.640747042775723244e-06,1.795564384623915188e+01,1.000000000000000000e+00
9.180000000000000000e+02,6.860996144483176629e+00,5.275622443596774502e+01,-1.470947649419459191e-03,4.189509315660701816e+01,2.850651668172297093e-01,nan,9.852659054881486475e-06,1.915105649574577029e+01,1.000000000000000000e+00
9.190000000000000000e+02,1.329493753877652296e+02,2.681165951605150255e+01,-1.278646050378659613e-03,3.609651584141537484e+01,3.302602399817169410e-01,nan,9.611438344123606002e-06,1.611165506200926245e+01,1.000000000000000000e+00
9.190000000000000000e+02,9.761703687864088863e+01,4.315497364105915068e+01,-1.381745277746371670e-03,3.920532431732078038e+01,2.655404399433577423e-01,nan,7.749573233082691681e-06,8.146882794868668398e+00,1.000000000000000000e+00
9.200000000000000000e+02,1.272082684122623704e+02,1.175758632860482145e+01,-1.832101347832581356e-02,5.499845212338659621e+02,6.030791841167393308e-03,nan,2.248807796099926804e-05,1.611165506200926245e+01,1.000000000000000000e+00
9.250000000000000000e+02,1.251915286703918007e+01,8.927019199510285219e+00,-9.106209097135570946e-03,2.721253878973732299e+02,1.667535490427396461e-02,nan,1.323155347320655552e-05,2.115578034402267704e+01,1.000000000000000000e+00
9.260000000000000000e+02,3.665184958753564359e+01,1.909278132167086639e+01,-9.052620740730422250e-03,2.705095083136398557e+02,1.524721575425624920e-02,nan,1.291393580140185688e-05,2.618644249469208773e+01,1.000000000000000000e+00
9.280000000000000000e+02,1.159896074190526889e+02,3.796579132206763063e+01,-1.198684548514850718e-03,3.368539210084906443e+01,3.663398418031917902e-01,nan,9.989082295047853593e-06,1.827113068248974415e+01,1.000000000000000000e+00
9.280000000000000000e+02,1.015607757342116315e+02,2.675673103018121068e+01,-1.168003306835432636e-03,3.276024351710566407e+01,3.585169762551222439e-01,nan,9.101735920432013375e-06,1.827113068248974415e+01,1.000000000000000000e+00
9.330000000000000000e+02,1.424332789403821948e+02,2.211533274464263243e+01,-1.124437757702699894e-03,3.144658722831248809e+01,3.268385181460521371e-01,nan,7.670881838272979324e-06,1.267158817852832264e+01,1.000000000000000000e+00
9.330000000000000000e+02,3.949187515196255305e+01,4.051265729865897214e+01,-1.348438440331556571e-03,3.820100468171885666e+01,2.821453421035646780e-01,nan,7.284804354571236083e-06,6.357494732198302501e+01,1.000000000000000000e+00
9.380000000000000000e+02,1.153410090155923342e+02,2.115882984532072442e+01,-9.107829120821820876e-03,2.721742373746736234e+02,1.212407468033338542e-02,nan,1.243873017195574908e-05,1.395892247905242023e+01,1.000000000000000000e+00
9.390000000000000000e+02,7.610832626397220224e+01,9.486265489922779182e+00,-1.422676361981054394e-03,4.043954211744980398e+01,2.304295509003714271e-01,nan,8.055422280096141122e-06,2.377320451667139523e+01,1.000000000000000000e+00
9.410000000000000000e+02,3.930496404260555465e+01,3.773358503892753646e+01,-8.762785402779171492e-03,2.617699417984990191e+02,1.533521778348789777e-02,nan,1.262301167680841131e-05,9.229380193281317091e+00,1.000000000000000000e+00
9.410000000000000000e+02,1.172788863567737963e+02,3.498258288806314908e+01,-1.305175178935023481e-03,3.689646344354684260e+01,3.169032020700832675e-01,nan,9.878371760989838670e-06,1.395892247905242023e+01,1.000000000000000000e+00
9.420000000000000000e+02,3.085484985508729849e+01,4.573242410879993258e+01,-9.160136018470021665e-03,2.737514764181542546e+02,1.693096432957519326e-02,nan,1.435182237986839378e-05,1.049257626269717925e+01,1.000000000000000000e+00
9.430000000000000000e+02,7.006614469886800123e+01,3.247881417261126558e+01,-1.506111445748937842e-03,4.295540670953214857e+01,2.680812307358347857e-01,nan,9.131708553009935023e-06,2.377320451667139523e+01,1.000000000000000000e+00
9.430000000000000000e+02,3.041629826304993145e+01,3.524901678438303776e+01,-1.283802651639370622e-03,3.625200571379809844e+01,3.289722172208744411e-01,nan,9.170683012546108320e-06,9.229380193281317091e+00,1.000000000000000000e+00
9.460000000000000000e+02,1.060079119246904753e+02,4.593481914059793070e+01,-9.235276389491252347e-03,2.760172259128651149e+02,1.560128226802848239e-02,nan,1.462027261563604286e-05,1.571579917089847100e+01,1.000000000000000000e+00
9.460000000000000000e+02,6.607201040706639716e+00,1.404144060586314779e+01,-1.101715545581089060e-03,3.076143169961929402e+01,3.478932442729217867e-01,nan,7.656632509093336858e-06,1.313606591341930319e+01,1.000000000000000000e+00
9.470000000000000000e+02,1.174685517171034519e+02,5.233853683856377614e+00,-8.885758606048012667e-03,2.654780213485804552e+02,1.656074375875993265e-02,nan,1.317791017966337613e-05,4.026197644533790054e+01,1.000000000000000000e+00
9.480000000000000000e+02,1.738240941765657865e+01,6.528045094178409613e+00,-1.280693448333170784e-03,3.615825217326813146e+01,3.015949313461092629e-01,nan,7.776598896688690751e-06,1.313606591341930319e+01,1.000000000000000000e+00
9.490000000000000000e+02,1.315641263611749991e+02,4.489882503373667078e+01,-8.947320028677553314e-03,2.673343172427963168e+02,1.841546945306060667e-02,nan,1.639884283002991059e-05,2.557720430604234707e+01,1.000000000000000000e+00
9.490000000000000000e+02,2.442905590685227679e+01,4.758067204555488416e+01,-8.973354544582675188e-03,2.681193505139310673e+02,1.096851580355695521e-02,nan,8.879944230278181744e-06,1.760734731270046538e+01,1.000000000000000000e+00
9.500000000000000000e+02,6.655279762943396804e+01,2.405322408635230147e+01,-1.776826050400526907e-02,5.333170526647678571e+02,5.024924389713247841e-03,nan,1.887837721886317878e-05,1.132750851501952916e+01,1.000000000000000000e+00
9.530000000000000000e+02,8.773009782449167915e+01,2.159961514854935416e+01,-1.643515079410647886e-03,4.709861507155233795e+01,2.922813503367602816e-01,nan,1.290394679070020564e-05,7.555691803292418740e+00,1.000000000000000000e+00
9.530000000000000000e+02,7.437865792308211610e+01,3.224275153438868102e+01,-1.450979204430909945e-03,4.129297350337580497e+01,3.310784485227680207e-01,nan,1.205645246310397894e-05,7.087712458944714022e+00,1.000000000000000000e+00
9.540000000000000000e+02,1.380938499246557001e+02,8.564830294637838293e+00,-1.437014594876044171e-03,4.087189084683911489e+01,2.967092755227450640e-01,nan,1.004065294824159101e-05,5.882164629085627539e+00,1.000000000000000000e+00
9.580000000000000000e+02,6.165892900275377997e+01,3.136949866572575019e+01,-9.005092327337829716e-03,2.690763575697042143e+02,1.369446007321339920e-02,nan,1.234031219574207425e-05,4.559730049386104156e+00,1.000000000000000000e+00
9.590000000000000000e+02,1.301089682797586704e+02,2.493710198489262453e+01,-1.890543164521240119e-03,5.454739062871036026e+01,1.752660464791420125e-01,nan,8.065495027718898004e-06,1.084921289806690936e+01,1.000000000000000000e+00
9.590000000000000000e+02,8.433569240144808532e+01,5.175579711219664603e+01,-1.253604608287789890e-03,3.534142727859487110e+01,3.487895547897610360e-01,nan,9.941473117724044842e-06,3.049322486371265128e+01,1.000000000000000000e+00
9.600000000000000000e+02,5.288206863592888141e+01,2.502253555317874856e+01,-1.303312942880914885e-03,3.684031040169618620e+01,3.523761159543160604e-01,nan,1.085851744630148471e-05,1.083130733802591372e+01,1.000000000000000000e+00
9.600000000000000000e+02,1.387004646300986366e+01,2.980259939117576806e+01,-1.235702059253391454e-03,3.480160173771133714e+01,3.162132376200292860e-01,nan,8.076954772829698172e-06,2.119182708798537718e+01,1.000000000000000000e+00
9.620000000000000000e+02,1.261626850196547593e+02,1.483105087980686854e+01,-1.412318019055810395e-03,4.012720122892421415e+01,3.192339831229263902e-01,nan,1.098570358186464687e-05,1.084921289806690936e+01,1.000000000000000000e+00
9.620000000000000000e+02,1.265245546217443859e+02,4.717314153480248962e+01,-1.484501536775011642e-03,4.230379107770903602e+01,3.059914104289304104e-01,nan,1.115881918607727961e-05,5.322573214461747249e+00,1.000000000000000000e+00
9.630000000000000000e+02,9.273322153910993393e+01,1.662308104298681855e+01,-1.834263811246987161e-02,5.506365808819525682e+02,5.538384224996084626e-03,nan,2.260563669177233421e-05,3.347746108507673313e+01,1.000000000000000000e+00
9.630000000000000000e+02,3.801690750341213487e+01,1.303567871283429369e+01,-1.168328033374503409e-03,3.277003517745841066e+01,2.933465021014309837e-01,nan,6.579845323532244444e-06,1.798978936830709685e+01,1.000000000000000000e+00
9.650000000000000000e+02,1.313243431967322010e+02,5.279299533628527996e+00,-1.304034622903580418e-03,3.686207162172311058e+01,3.444299438667178803e-01,nan,1.059545707454047093e-05,1.085719433906431242e+01,1.000000000000000000e+00
9.690000000000000000e+02,2.334548392108280623e+01,5.238402276811009450e+00,-1.210790243681737332e-03,3.405042187558557032e+01,3.447467970262733106e-01,nan,9.160674532953818987e-06,1.557713385462630207e+01,1.000000000000000000e+00
9.700000000000000000e+02,7.154603249817338906e+01,1.541923728781753944e+01,-9.123222381045339655e-03,2.726383989312293465e+02,1.297395231434039786e-02,nan,1.159004980593086478e-05,2.902747144840649796e+01,1.000000000000000000e+00
9.720000000000000000e+02,1.164252933707680739e+02,5.123773601311326331e+01,-9.144216968717923735e-03,2.732714604368397318e+02,1.382644422001610973e-02,nan,1.171106384188613707e-05,3.445816077332236205e+01,1.000000000000000000e+00
9.730000000000000000e+02,1.116823888894048480e+02,1.710754848124060246e+01,-9.070328376271235421e-03,2.710434565192960008e+02,1.397647363978049562e-02,nan,1.200411756601530542e-05,2.212620136905070467e+01,1.000000000000000000e+00
9.750000000000000000e+02,1.309636162116578078e+02,6.253836675070914453e+00,-8.503443557875172559e-03,2.539498625779345105e+02,1.781368667013427665e-02,nan,1.373094713634316947e-05,2.212620136905070467e+01,1.000000000000000000e+00
9.760000000000000000e+02,6.491437377717819857e+01,5.138332732511911161e+01,-1.506755883226090168e-03,4.297483879202503232e+01,2.637151896689013952e-01,nan,8.883833249644948021e-06,1.211187937674277215e+01,1.000000000000000000e+00
9.770000000000000000e+02,2.389131834248807706e+01,9.649237225721121192e+00,-1.115314891164658623e-03,3.117150034801159109e+01,3.509372170225922849e-01,nan,8.465611267524606677e-06,1.168220697977556455e+01,1.000000000000000000e+00
9.770000000000000000e+02,6.981130415281170087e+01,4.030552542524002035e+01,-1.173517514690521546e-03,3.292651650047793055e+01,3.627457255795564217e-01,nan,9.358654916988908644e-06,1.055444696660556758e+01,1.000000000000000000e+00
9.790000000000000000e+02,6.437812003602326172e+01,3.125694204860214498e+01,-8.935406749856857067e-03,2.669750895054097555e+02,1.223952967823516147e-02,nan,9.740373888578399085e-06,1.055444696660556758e+01,1.000000000000000000e+00
9.790000000000000000e+02,1.330475411455642814e+02,4.591236460058940594e+01,-8.803216714576605345e-03,2.629890896817274211e+02,1.424163182197191180e-02,nan,1.099516745710850851e-05,2.370405120426219625e+01,1.000000000000000000e+00
9.790000000000000000e+02,8.369551839857660980e+01,3.860577915886887723e+01,-1.298623161042348779e-03,3.669889679557979889e+01,3.462187184987779442e-01,nan,1.055736565731322449e-05,1.398787126736387521e+01,1.000000000000000000e+00
9.790000000000000000e+02,2.709205650595078652e+01,4.171434124125163834e+01,-1.361408259477761042e-03,3.859209086851319626e+01,2.730203621182089035e-01,nan,8.068277878473723412e-06,1.718504490542593999e+01,1.000000000000000000e+00
9.820000000000000000e+02,3.868238781354489930e+01,2.902615821208194546e+01,-1.673155835530552513e-02,5.020567948611634392e+02,5.305706750377114922e-03,nan,1.560838042616699876e-05,7.948339963270917963e+00,1.000000000000000000e+00
9.820000000000000000e+02,1.380657393620896300e+02,2.274558385414243844e+01,-1.222610840616438713e-03,3.440685492439782678e+01,3.709023879662425305e-01,nan,1.060195171331871219e-05,2.370405120426219625e+01,1.000000000000000000e+00
9.830000000000000000e+02,3.727117574478155149e+01,1.566511246302066773e+01,-8.738724451762019951e-03,2.610444185296030355e+02,2.809859231204248076e-02,nan,2.075162738433420013e-05,1.343536612867441704e+01,1.000000000000000000e+00
9.840000000000000000e+02,2.088562093176947343e+01,1.031329200854547423e+01,-1.369371396728087751e-03,3.883220778510578697e+01,2.861861872072060109e-01,nan,8.539450910482606502e-06,1.723741247134158172e+01,1.000000000000000000e+00
9.850000000000000000e+02,7.807860971560206309e+00,4.996439104883892668e+01,-1.662556799691080212e-03,4.767279067805321091e+01,2.681100685814123974e-01,nan,1.135528985425844604e-05,1.140859639687775129e+01,1.000000000000000000e+00
9.860000000000000000e+02,5.126629569252845187e+01,3.337947703146247136e+01,-1.375566180350202379e-03,3.901900254897092424e+01,2.936532449033869563e-01,nan,8.772376600683538537e-06,7.951847974462215696e+00,1.000000000000000000e+00
9.860000000000000000e+02,1.912663664323716972e+01,5.139316291345052434e+01,-9.113655563837714385e-03,2.723499253589063187e+02,1.378133921868407441e-02,nan,1.159249262569978834e-05,1.140859639687775129e+01,1.000000000000000000e+00
9.870000000000000000e+02,3.622806061291557000e+01,3.658607793149567300e+01,-1.476097418548887171e-03,4.205037701592656418e+01,2.498575646200797973e-01,nan,7.984022899085182161e-06,7.948339963270917963e+00,1.000000000000000000e+00
9.880000000000000000e+02,9.219504129915668500e+01,4.499072919870415888e+01,-3.089760992955295667e-03,9.070807431837512524e+01,1.072525227396223801e-01,nan,1.123411066996263282e-05,1.167789880920111578e+01,1.000000000000000000e+00
9.900000000000000000e+02,6.852557764464815016e+00,3.287695283306139515e+01,-1.113001981493324079e-03,3.110175789335086804e+01,3.277018184050559668e-01,nan,7.121320417010340322e-06,1.711412133284969883e+01,1.000000000000000000e+00
9.910000000000000000e+02,4.683299569545258123e+01,2.677813342997603385e+01,-1.224272213785166210e-03,3.445695123569374374e+01,3.223961381759598011e-01,nan,8.370939616230675345e-06,7.951847974462215696e+00,1.000000000000000000e+00
9.920000000000000000e+02,1.221522931874030888e+02,1.643612592156814856e+01,-1.145442543014193277e-03,3.207995622901359667e+01,3.740195403114564554e-01,nan,9.610423503017854343e-06,1.097026554762370409e+01,1.000000000000000000e+00
9.930000000000000000e+02,8.484921615323104049e+01,3.591261411222131983e+01,-9.037682578690326568e-03,2.700590695863052133e+02,3.778809672387828389e-02,nan,3.078065554783212995e-05,6.847923488868255859e+00,1.000000000000000000e+00
9.930000000000000000e+02,1.077167828288918088e+02,3.966124501691808746e+01,-1.184445564566102100e-03,3.325603608026249702e+01,3.615943417010243355e-01,nan,1.005521624748734046e-05,1.641121146533101083e+01,1.000000000000000000e+00
9.940000000000000000e+02,5.124196384440990215e+01,1.124973491715877927e+01,-1.584587993343232470e-02,4.753504396813551693e+02,5.610576078144524637e-03,nan,1.546669367252597569e-05,1.277339882289420814e+01,1.000000000000000000e+00
9.950000000000000000e+02,1.318828118053582159e+02,2.713314096648002760e+01,-1.154381648323813585e-03,3.234950205455545813e+01,3.530155718339651472e-01,nan,8.873104653261142431e-06,7.117554125752526772e+00,1.000000000000000000e+00
9.960000000000000000e+02,1.039662726720958972e+02,2.025345417901494116e+01,-1.196450272467547383e-03,3.361802072968838928e+01,3.208573345305467672e-01,nan,7.702644757788571788e-06,1.072361841393362880e+01,1.000000000000000000e+00
9.970000000000000000e+02,7.971659071793337148e+01,4.044584830541374743e+01,-8.904385981946365269e-03,2.660397029979504850e+02,3.274371854855095965e-02,nan,2.600197116833586873e-05,6.847923488868255859e+00,1.000000000000000000e+00
9.970000000000000000e+02,1.383954462671642318e+02,4.207326432214536993e+01,-1.223283409451665421e-03,3.442713526741266605e+01,3.382717892956857986e-01,nan,8.083406928879829334e-06,1.116160796139531008e+01,1.000000000000000000e+00
9.980000000000000000e+02,8.903023370954065285e+01,8.133183418986391189e+00,-7.078344577644870607e-03,2.109780585997838500e+02,2.329093928639713873e-02,nan,1.298379837517516877e-05,1.923502594714577896e+01,1.000000000000000000e+00
9.980000000000000000e+02,1.138446165846904989e+02,2.442650024060611003e+01,-8.629740016723713020e-03,2.577581501060730602e+02,2.327124120501289362e-02,nan,1.750228641512605848e-05,1.072361841393362880e+01,1.000000000000000000e+00
9.980000000000000000e+02,4.332499776313733264e+01,2.127377430039619810e+01,-1.368359980166370575e-03,3.880170997770202490e+01,2.705376334448664766e-01,nan,7.768341960477972619e-06,1.277339882289420814e+01,1.000000000000000000e+00
9.980000000000000000e+02,3.681422683417829944e+01,3.249494752140484621e+01,-1.351500636976947153e-03,3.829334080420139230e+01,3.184887845151385122e-01,nan,9.652144520626931452e-06,1.297323654857413189e+01,1.000000000000000000e+00
9.990000000000000000e+02,1.379079076753837967e+02,3.092230927760286718e+01,-1.448905543107022794e-03,4.123044523750563428e+01,2.199753387998119036e-01,nan,7.221363951515016577e-06,7.117554125752526772e+00,1.000000000000000000e+00
1.001000000000000000e+03,1.403493329654994568e+02,7.704899033261851216e+00,-9.523450693936535982e-03,2.847067063587506368e+02,1.277095739530398344e-02,nan,1.399931758705345996e-05,2.334542130485649736e+01,1.000000000000000000e+00
1.002000000000000000e+03,1.234231755948809024e+02,3.861909244843671729e+01,-2.265225940148246197e-03,6.584540923064014351e+01,1.463386783372884192e-01,nan,8.918824297134134017e-06,1.536555213512470708e+01,1.000000000000000000e+00
1.002000000000000000e+03,5.180785533317561686e+01,4.635390564829556581e+01,-2.480140060076460335e-03,7.232583449359242422e+01,1.340365688369578034e-01,nan,9.964417174378642877e-06,9.358685553233133447e+00,1.000000000000000000e+00
1.002000000000000000e+03,9.038601466067552792e+01,3.150293427487819997e+01,-1.282138159875129135e-03,3.620181536575316983e+01,2.970141980886006339e-01,nan,7.775526863699645046e-06,9.289287147801763567e+00,1.000000000000000000e+00
1.004000000000000000e+03,7.954476217789591885e+01,1.464702123105265485e+01,-1.282712220008062421e-03,3.621912532095367965e+01,2.925374745986103475e-01,nan,7.674709217560176191e-06,1.809022706881509990e+01,1.000000000000000000e+00
1.006000000000000000e+03,5.575589772605604821e+01,3.786874468645674341e+01,-1.373386847808186597e-03,3.895328791995366657e+01,3.127978756852348718e-01,nan,9.975426315694895755e-06,9.358685553233133447e+00,1.000000000000000000e+00
1.007000000000000000e+03,1.313998280748675995e+02,1.784557037110408118e+01,-1.799663971425032602e-03,5.180705965830181015e+01,2.598424822856872929e-01,nan,1.266586278438385398e-05,2.225233031131580930e+01,1.000000000000000000e+00
1.008000000000000000e+03,9.699047724661518544e+01,1.943276476182737156e+01,-1.321032449084088255e-03,3.737461655005181882e+01,3.184740782361626943e-01,nan,9.721862263887946385e-06,1.775769483469753496e+01,1.000000000000000000e+00
1.009000000000000000e+03,8.529391951652854686e+01,3.279413681371612910e+01,-1.278803952162254438e-03,3.610127714191910542e+01,3.080811785574477657e-01,nan,8.425794732146624604e-06,1.198077185064881789e+01,1.000000000000000000e+00
1.012000000000000000e+03,8.841965059454119569e+01,4.435997873574000749e+01,-8.892022608266655220e-03,2.656669032993728479e+02,2.064523196813150552e-02,nan,1.829449728366127896e-05,7.723264190299861554e+00,1.000000000000000000e+00
1.014000000000000000e+03,6.624461755683077513e+01,2.158539949286232940e+01,-1.440579296702581115e-03,4.097937928817232489e+01,3.277496362786717077e-01,nan,1.161371996464130079e-05,2.210230072819674163e+01,1.000000000000000000e+00
1.016000000000000000e+03,8.069944499122871662e+01,4.457731533125667056e+01,-1.554980634143754295e-03,4.442898658953038193e+01,3.157448511166243144e-01,nan,1.293411208472827699e-05,7.723264190299861554e+00,1.000000000000000000e+00
1.018000000000000000e+03,1.233968621215816341e+02,3.866433783720930251e+01,1.969160768516006223e-03,-5.691799106767005156e+01,1.970365344614047887e-01,nan,9.861593695314326569e-06,1.042267789587519289e+01,1.000000000000000000e+00
1.021000000000000000e+03,3.774031281062858767e+01,4.536951730081298706e+01,-1.239875666168249561e-03,3.492745083360932767e+01,2.630338468014546960e-01,nan,6.126565135814728145e-06,2.830155000001907695e+01,1.000000000000000000e+00
1.022000000000000000e+03,1.301513361510190592e+01,3.159841545119055439e+01,-8.802239758125482427e-03,2.629596309692483374e+02,1.647426690263198434e-02,nan,1.227136096609878947e-05,1.579434708307801927e+01,1.000000000000000000e+00
1.022000000000000000e+03,1.327099856679951984e+02,4.334386177991999034e+01,-8.827058229016162411e-03,2.637079961571733406e+02,4.431788271463799056e-02,nan,3.650188642561152355e-05,8.950248591370064233e+00,1.000000000000000000e+00
1.023000000000000000e+03,1.414337119318139173e+02,2.425256696863615247e+01,-9.647156231676189131e-03,2.884368683983733490e+02,9.045274438041150944e-03,nan,8.766911794478453424e-06,2.099001994990461384e+01,1.000000000000000000e+00
1.023000000000000000e+03,8.628115660073203230e+01,3.216500340883519726e+01,-8.121168867203503242e-03,2.424229207295188928e+02,1.404143882312081093e-02,nan,8.797695229332305441e-06,1.299243675006080245e+01,1.000000000000000000e+00
1.025000000000000000e+03,6.517580721973894242e+01,3.016477280228752988e+01,-9.490166058472184960e-03,2.837030561909376729e+02,1.399128593979015456e-02,nan,1.423806340925655594e-05,2.119992205111036299e+01,1.000000000000000000e+00
1.025000000000000000e+03,1.360702164907075939e+02,5.163939061570950884e+01,-1.750261074905100009e-02,5.253067675160873478e+02,4.972716182404801621e-03,nan,1.615417070867484163e-05,8.950248591370064233e+00,1.000000000000000000e+00
1.031000000000000000e+03,5.687268238027722589e+01,2.294497394390123191e+01,-8.625277355056524750e-03,2.576235849810933587e+02,1.196673966866801386e-02,nan,9.177451491742333867e-06,2.465987645705589415e+01,1.000000000000000000e+00
1.031000000000000000e+03,1.800727830992412137e+01,3.117932652458859621e+01,-1.294876763444090641e-03,3.658592958035482923e+01,3.265161405996709343e-01,nan,9.482654084558922054e-06,1.132973848969462871e+01,1.000000000000000000e+00
1.039000000000000000e+03,6.427298000054119598e+01,5.349463596064094162e+00,-8.841798118951181909e-03,2.641524562751960730e+02,1.276758049101722747e-02,nan,1.054687575214262500e-05,1.529123583084873772e+01,1.000000000000000000e+00
1.039000000000000000e+03,2.468695098460164061e+01,2.082495152702542640e+01,-1.437656070210784716e-03,4.089123361020060088e+01,2.852559385228817801e-01,nan,9.270063653300427079e-06,1.090669184244026368e+01,1.000000000000000000e+00
1.041000000000000000e+03,3.276637891746752018e+01,3.390892876401481715e+01,-9.223909242686411519e-03,2.756744659985961334e+02,1.817820401452951984e-02,nan,1.603344364097895452e-05,1.537750357048991212e+01,1.000000000000000000e+00
1.042000000000000000e+03,9.660941534043983836e+01,5.647854637951423840e+00,-1.577937665609272519e-03,4.512122275680141570e+01,2.433877930105490250e-01,nan,8.546951042185234817e-06,9.854941780180336508e+00,1.000000000000000000e+00
1.044000000000000000e+03,9.665485124780607862e+01,4.386359043182675777e+01,-7.281134734009371383e-03,2.170929032308463036e+02,2.922274435545879623e-02,nan,1.654547726766206894e-05,3.436035919325037824e+00,1.000000000000000000e+00
1.044000000000000000e+03,9.778245492141248008e+01,1.903329238641365251e+01,-1.793836303009283938e-03,5.163133472390410361e+01,2.693083885810263478e-01,nan,1.383413150989264661e-05,5.716873580562721990e+00,1.000000000000000000e+00
1.045000000000000000e+03,1.144748653982596096e+02,2.486437973131113566e+01,-8.757694999046241463e-03,2.616164480170735374e+02,1.247817888061053537e-02,nan,9.350715090282473205e-06,1.722278670334127781e+01,1.000000000000000000e+00
1.046000000000000000e+03,5.771891745706913213e+00,2.417251287436068452e+01,-8.970471258032549147e-03,2.680324091672852092e+02,1.658171672995290002e-02,nan,1.277258016156276513e-05,2.075105311802056463e+01,1.000000000000000000e+00
1.047000000000000000e+03,1.053047482334920062e+02,1.028585672610845769e+01,-9.206491637857817587e-03,2.751492632506844416e+02,1.187458868540525181e-02,nan,1.065918719325114863e-05,9.854941780180336508e+00,1.000000000000000000e+00
1.051000000000000000e+03,8.965006565786685755e+00,4.467642038616676814e+01,-1.314641508882419133e-03,3.718190696749508817e+01,3.631181220703542101e-01,nan,1.046395191798621662e-05,1.672499715392541830e+01,1.000000000000000000e+00
1.055000000000000000e+03,1.424231253037697797e+02,5.269564488698097193e+01,-7.644356529657597883e-03,2.280453325145057022e+02,1.550911142981059587e-02,nan,9.101351915052396577e-06,1.072021955413157279e+01,1.000000000000000000e+00
1.058000000000000000e+03,7.757849031619531388e+01,2.651938632750886171e+01,-8.945055979577457711e-03,2.672660481081776425e+02,1.326155331565403994e-02,nan,1.184352426283910081e-05,1.016941867302393376e+01,1.000000000000000000e+00
1.058000000000000000e+03,1.165691137183522557e+02,3.398523964880381243e+01,-9.293134969054629713e-03,2.777618679159418775e+02,1.051446871765249202e-02,nan,9.384511109230929196e-06,1.709695220289967565e+01,1.000000000000000000e+00
1.058000000000000000e+03,2.407652614712866779e+01,4.983658227671239871e+01,-1.073348043453907583e-03,2.990605059439808500e+01,3.700583559339261086e-01,nan,8.160243058969059420e-06,2.455425139188018591e+01,1.000000000000000000e+00
1.059000000000000000e+03,1.386473276703871704e+02,4.266237724774562423e+01,-9.599373405167813816e-03,2.869960461939338643e+02,1.336324098740204747e-02,nan,1.332042736045969464e-05,1.072021955413157279e+01,1.000000000000000000e+00
1.060000000000000000e+03,4.694875654786200059e+00,3.476134146243911260e+01,-9.462362329534981104e-03,2.828646748529914703e+02,1.422170186202709186e-02,nan,1.324097548874855517e-05,6.568981227191072136e+00,1.000000000000000000e+00
1.061000000000000000e+03,1.164277026463081341e+02,5.314756460436150576e+01,-9.229455445567961991e-03,2.758417037458370942e+02,1.356207042676726982e-02,nan,1.252531348211291770e-05,1.916284672990121862e+01,1.000000000000000000e+00
1.062000000000000000e+03,9.697821228596106380e+01,3.406684651164132305e+01,-1.745749664712475165e-03,5.018135151324685239e+01,2.241531084102993399e-01,nan,9.339801750785521121e-06,1.959107140035300532e+01,1.000000000000000000e+00
1.062000000000000000e+03,1.242154991667138688e+02,1.336004147158129030e+01,-1.382245035151850442e-03,3.922039378095999496e+01,3.174496582561687763e-01,nan,1.021904227226098180e-05,1.210163900111886370e+01,1.000000000000000000e+00
1.064000000000000000e+03,7.456342424193789498e+01,3.475232927278279504e+01,-1.597659509075215548e-03,4.571590649685245467e+01,2.117450930293492961e-01,nan,7.179171359772052522e-06,2.242526721522635924e+01,1.000000000000000000e+00
1.067000000000000000e+03,5.825925213435805716e+01,1.394942040025695995e+01,-6.942727913914374833e-03,2.068887337382532792e+02,2.610213955472162617e-02,nan,1.271190428541806537e-05,2.248193293697249118e+01,1.000000000000000000e+00
1.067000000000000000e+03,1.250275663826951273e+02,3.149563680804886801e+01,-1.257379045578101281e-03,3.545523999028516471e+01,3.301132068367246264e-01,nan,9.034820602630060660e-06,8.559765938411720398e+00,1.000000000000000000e+00
1.068000000000000000e+03,1.012366735458831641e+02,5.137419749738496222e+01,-2.086760577461020411e-03,6.046404366328447111e+01,2.354988745185709886e-01,nan,1.232875759030953815e-05,1.191576282623456429e+01,1.000000000000000000e+00
1.068000000000000000e+03,1.226570099893616117e+02,4.715240014372383826e+01,-1.353904828610312267e-03,3.836583573474872821e+01,3.196234075206931813e-01,nan,9.877619233268516942e-06,1.387862621920719519e+01,1.000000000000000000e+00
1.072000000000000000e+03,3.898558673917036543e+01,5.025711159409381423e+01,-8.751107726401582271e-03,2.614178183129169497e+02,1.514855334499531914e-02,nan,1.175670497317091660e-05,1.845732644113788012e+01,1.000000000000000000e+00
1.075000000000000000e+03,2.077472753698971530e+01,5.326335617381114673e+01,-9.046848512230755771e-03,2.703354550899370565e+02,1.692466096341305182e-02,nan,1.389751589889476685e-05,1.307009686484421884e+01,1.000000000000000000e+00
1.076000000000000000e+03,6.887968676294536863e+01,2.052901979777982433e+01,-1.659470487474361787e-03,4.757972738530511236e+01,2.725744742027911283e-01,nan,1.358715148574307002e-05,1.761974180301898585e+01,1.000000000000000000e+00
1.077000000000000000e+03,1.146030264132809684e+01,4.409444561041869548e+01,-1.457443781340089957e-03,4.148790349462319682e+01,2.864077483530074186e-01,nan,9.482869182503857227e-06,1.240528302032757146e+01,1.000000000000000000e+00
1.077000000000000000e+03,1.251327283390318996e+02,1.724685642542980446e+01,-1.113874333462309789e-03,3.112806240856787454e+01,3.625402693724758540e-01,nan,8.313481887478166348e-06,3.694789395213501848e+01,1.000000000000000000e+00
1.078000000000000000e+03,2.216377296681450204e+01,3.782333966283182036e+01,-8.200253775162072781e-03,2.448076120453996509e+02,1.970848992146878587e-02,nan,1.289746896888831887e-05,1.240528302032757146e+01,1.000000000000000000e+00
1.078000000000000000e+03,7.048881562687097357e+01,3.807513063478117488e+01,-1.476958910366890816e-03,4.207635405895697289e+01,2.496831951505270597e-01,nan,8.002231329441774957e-06,1.761974180301898585e+01,1.000000000000000000e+00
1.083000000000000000e+03,5.061757040079364600e+01,1.006551898851945737e+01,-1.755408201726397707e-02,5.268588093593825761e+02,5.812503759422771310e-03,nan,2.159026520474553910e-05,1.371043314634752974e+01,1.000000000000000000e+00
1.084000000000000000e+03,3.946145072700760892e+01,1.803527249064417148e+01,-1.211647378325796630e-03,3.407626753432111144e+01,3.409517828807672180e-01,nan,8.763805757769605961e-06,1.371043314634752974e+01,1.000000000000000000e+00
1.087000000000000000e+03,1.058244352154647032e+02,5.105531408070298482e+01,-8.962648066166027661e-03,2.677965121018635841e+02,1.204290307128830229e-02,nan,9.560846402989391641e-06,2.464384174316269593e+01,1.000000000000000000e+00
1.088000000000000000e+03,8.252605839528710874e+01,2.796711919793598966e+01,-8.921978441956029612e-03,2.665701782516108551e+02,2.566471214189769423e-02,nan,2.473191122020753911e-05,8.460193966410544775e+00,1.000000000000000000e+00
1.089000000000000000e+03,6.111394333773478849e+01,2.050267113045211431e+01,-1.864456361540470968e-03,5.376078071623600607e+01,1.853876715234636929e-01,nan,7.494559838037831454e-06,1.603054722505783047e+01,1.000000000000000000e+00
1.089000000000000000e+03,8.700545296298435005e+01,3.514415941352443440e+01,-9.043830387007774016e-03,2.702444478776222354e+02,3.431812794277255829e-02,nan,3.087350460601935055e-05,8.460193966410544775e+00,1.000000000000000000e+00
1.092000000000000000e+03,1.084266404666567354e+02,2.389629275835241984e+01,-1.226656564122611485e-03,3.452884788058459975e+01,3.230201041079631130e-01,nan,8.145278172983321167e-06,2.419466425392219477e+01,1.000000000000000000e+00
1.093000000000000000e+03,7.638763473317955288e+01,1.563514655511344031e+01,-1.088959507233918950e-03,3.037679176443122486e+01,3.656676938428627954e-01,nan,8.604162651572287509e-06,9.906030446704871650e+00,1.000000000000000000e+00
1.097000000000000000e+03,4.644955460525055457e+01,1.865784997901175046e+01,-7.348262141458494594e-03,2.191170333681080820e+02,1.739230695648485980e-02,nan,9.531606942212364204e-06,1.145115233256579046e+01,1.000000000000000000e+00
1.098000000000000000e+03,3.180911125033012254e+01,2.693799580614072653e+01,-8.391651898160230189e-03,2.505789463438310349e+02,2.061786997299053237e-02,nan,1.458176450882614711e-05,1.154302094139570301e+01,1.000000000000000000e+00
1.099000000000000000e+03,7.281885977958489775e+01,1.392055939107196316e+01,-9.176836097141536849e-03,2.742550431998637350e+02,1.503211187538333604e-02,nan,1.427357524685216195e-05,4.690717927177051827e+00,1.000000000000000000e+00
1.099000000000000000e+03,1.114721339389513162e+02,2.620869687881634391e+01,-9.007511836078348211e-03,2.691493143655221729e+02,1.236628533284345188e-02,nan,1.121053851644266199e-05,9.508058163533856799e+00,1.000000000000000000e+00
1.099000000000000000e+03,9.975036048230819574e+01,1.729670708941943857e+01,-1.252734535562351550e-03,3.531519149067912622e+01,3.176350213513051690e-01,nan,8.325562106780295152e-06,9.560418986796252128e+00,1.000000000000000000e+00
1.100000000000000000e+03,9.699531857985306260e+01,4.633711362296568836e+01,-1.806102079278689701e-03,5.200119151336274115e+01,2.161532407715347492e-01,nan,1.004904141645031336e-05,9.066975189675591906e+00,1.000000000000000000e+00
1.100000000000000000e+03,6.254294694934218057e+01,2.208234534363144874e+01,-1.198001165013076741e-03,3.366478565716514026e+01,2.813124306997919488e-01,nan,7.408460954624227614e-06,6.186990441493910531e+00,1.000000000000000000e+00
1.100000000000000000e+03,4.304320514838602918e+01,2.959062973172540723e+01,-1.665571483354803687e-03,4.776369411511323193e+01,2.414187406333498931e-01,nan,9.456592230189506040e-06,6.566034918969493539e+00,1.000000000000000000e+00
1.102000000000000000e+03,5.684223593375049433e+01,2.448666325935070986e+01,-1.315565211277233216e-03,3.720975988072760288e+01,3.092870357442552010e-01,nan,8.914724336009147680e-06,6.186990441493910531e+00,1.000000000000000000e+00
1.102000000000000000e+03,1.093045275819734172e+02,1.695101613673348595e+01,-1.339446064198142891e-03,3.792985255133110911e+01,2.924144346467063560e-01,nan,8.392136522605500451e-06,9.508058163533856799e+00,1.000000000000000000e+00
1.103000000000000000e+03,7.331310567671939005e+00,3.718084844679574985e+01,-8.782501241190098992e-03,2.623644444647786145e+02,1.456820175802375772e-02,nan,1.176261945867340126e-05,2.034640744568545756e+01,1.000000000000000000e+00
1.104000000000000000e+03,4.870681438610665737e+01,1.200372441674348600e+01,-1.160115746539906040e-03,3.252240551456184647e+01,3.583009845661634385e-01,nan,9.137143926005728947e-06,1.489996127196778275e+01,1.000000000000000000e+00
1.104000000000000000e+03,3.714930040356804852e+01,2.669672209392166806e+01,-1.519337758393090893e-03,4.335422708775347900e+01,3.021360704365565475e-01,nan,1.110160569956672959e-05,6.566034918969493539e+00,1.000000000000000000e+00
1.106000000000000000e+03,6.650860395175210726e+01,4.491145257160092541e+01,-9.585440684017806565e-03,2.865759250862452632e+02,6.939159390080273937e-03,nan,7.604745573604105004e-06,1.799651991535467133e+01,1.000000000000000000e+00
1.106000000000000000e+03,8.315562966693127578e+01,9.484679083084868623e+00,-1.284382038949120333e-03,3.626947630233081554e+01,2.907379494658558494e-01,nan,8.094271979849814442e-06,7.604378950145949112e+00,1.000000000000000000e+00
1.107000000000000000e+03,1.715305059477366711e+01,1.936204605196931183e+01,-8.861483119089626909e-03,2.647460290578545141e+02,1.291286463278373819e-02,nan,1.108707603815678814e-05,1.404024819255010925e+01,1.000000000000000000e+00
1.107000000000000000e+03,3.523074232336286826e+01,5.316737136789612350e+00,-1.291525836287848832e-03,3.648488720582459166e+01,3.157449887534571342e-01,nan,8.965135059962438808e-06,1.504394619514868303e+01,1.000000000000000000e+00
1.108000000000000000e+03,1.291158818433828799e+02,4.841352604888693634e+01,-1.629846190248555524e-03,4.668644943686948778e+01,2.522009426681153244e-01,nan,9.631884334593550058e-06,8.635179355050786043e+00,1.000000000000000000e+00
1.109000000000000000e+03,1.161794233108047507e+02,1.439472641350563187e+01,-9.008483869625480422e-03,2.691786246349329303e+02,1.663309903445087112e-02,nan,1.478907196458043689e-05,2.432041204046278793e+01,1.000000000000000000e+00
1.109000000000000000e+03,1.383733090963627888e+02,2.803278774391765182e+01,-7.671230741732901030e-03,2.288556856123519481e+02,1.533450192853802463e-02,nan,9.553561789696827413e-06,1.379051688208739357e+01,1.000000000000000000e+00
1.109000000000000000e+03,2.092404147781756407e+01,4.351607954030678371e+01,-2.679586889934239269e-02,8.055315610866621228e+02,2.997840195087309034e-03,nan,2.646541779528352583e-05,2.336984835459820076e+01,1.000000000000000000e+00
1.109000000000000000e+03,9.292673413231248958e+01,7.267673180484553797e+00,-1.214736968976304473e-03,3.416942968351084176e+01,3.525074419668368098e-01,nan,9.648870822718569700e-06,1.001946094585718328e+01,1.000000000000000000e+00
1.110000000000000000e+03,6.003390458423652376e+01,2.459513592173306051e+01,-1.837837956391575678e-03,5.295814110724233359e+01,2.081072463627098301e-01,nan,8.962810210006259950e-06,2.132309672907302911e+01,1.000000000000000000e+00
1.112000000000000000e+03,9.288491334819043743e+01,5.060886278677600814e+01,-9.132256829789062169e-03,2.729108197004892418e+02,1.398213479398591197e-02,nan,1.172118769658305169e-05,2.509637565952592198e+01,1.000000000000000000e+00
1.117000000000000000e+03,1.249131983177406546e+01,4.858878137214419723e+01,-1.244832542941625006e-03,3.507691830218819007e+01,3.452384625535596108e-01,nan,9.558451959373047660e-06,7.031696712494895252e+00,1.000000000000000000e+00
1.120000000000000000e+03,8.616491508963400747e+01,1.634085787224714892e+01,-9.081127809985076876e-03,2.713690978642580376e+02,1.140948805093966456e-02,nan,9.721482807979333571e-06,1.640319800813998441e+01,1.000000000000000000e+00
1.120000000000000000e+03,3.021679201765929434e+01,1.542199880328215400e+01,-1.205151074588508772e-03,3.388038086633952872e+01,3.310719661951988524e-01,nan,8.710811650872259503e-06,6.766673384100653443e+00,1.000000000000000000e+00
1.123000000000000000e+03,3.181774597417598471e+01,8.847440634385193903e+00,-1.224144775584914361e-03,3.445310852060060114e+01,2.962760088267785141e-01,nan,7.134515149496090941e-06,6.766673384100653443e+00,1.000000000000000000e+00
1.123000000000000000e+03,6.220546538461877617e+01,3.694509624333486641e+01,-1.464753036240909424e-03,4.170830353222170572e+01,2.539214232583080211e-01,nan,7.888528982329751028e-06,1.063064560722928498e+01,1.000000000000000000e+00
1.126000000000000000e+03,2.160724384608380078e+01,1.622062894112742981e+01,-8.976317506620310957e-03,2.682086943599672395e+02,1.467955044971003264e-02,nan,1.363754733377593633e-05,1.259437412158521852e+01,1.000000000000000000e+00
1.128000000000000000e+03,1.042259158856758887e+02,1.714316682069148712e+01,-1.413706916947255138e-03,4.016908144129176605e+01,2.519065417319031885e-01,nan,7.155195398253797484e-06,1.163436220050746428e+01,1.000000000000000000e+00
1.129000000000000000e+03,4.533097471515102228e+01,4.433457398616425138e+01,-9.432710716159638936e-03,2.819705732254714121e+02,1.555401194320182867e-02,nan,1.545463729395953574e-05,1.795938778439498051e+01,1.000000000000000000e+00
1.129000000000000000e+03,4.832348897954160094e+01,8.198238963103960941e+00,-1.261294059004497295e-03,3.557329157257156282e+01,3.059878506126939568e-01,nan,8.321654574312859298e-06,1.958520498581403047e+01,1.000000000000000000e+00
1.131000000000000000e+03,5.502187297939052257e+01,2.660236638406371412e+01,-8.787703188851929761e-03,2.625213016924728322e+02,1.233967736013452665e-02,nan,9.503784189225705157e-06,1.453340806748271952e+01,1.000000000000000000e+00
1.131000000000000000e+03,1.937479977815900511e+01,3.870248415730772251e+01,-1.298783455770551260e-03,3.670373025187624449e+01,2.937791645221971004e-01,nan,7.872592355431329639e-06,1.341746637417106314e+01,1.000000000000000000e+00
1.131000000000000000e+03,2.693344806722897289e+01,4.981707301502149932e+01,1.469840944882987426e-03,-4.186172207778180621e+01,2.619717505219317788e-01,nan,8.427060999822991446e-06,1.344125178076341243e+01,1.000000000000000000e+00
1.133000000000000000e+03,1.306388134019698271e+02,3.598693207922249826e+01,-8.918073529934447338e-03,2.664524312626148799e+02,1.443116359365459456e-02,nan,1.186565081184102424e-05,3.090105609826131694e+00,1.000000000000000000e+00
1.133000000000000000e+03,1.392840720688312786e+02,9.212205070834743381e+00,-1.079435500315664015e-03,3.008960907462839884e+01,3.732764361452950430e-01,nan,8.349507244924204294e-06,1.737033747535850381e+01,1.000000000000000000e+00
1.134000000000000000e+03,2.049545322270916969e+01,1.925015824991710645e+01,-1.224643963356928820e-03,3.446816080776442703e+01,3.337524409659233804e-01,nan,8.829427712418184669e-06,6.348551781073396683e+00,1.000000000000000000e+00
1.134000000000000000e+03,4.049501132268592585e+01,2.703853202110724396e+01,-1.464587462211969487e-03,4.170331088622715754e+01,3.024782472985261261e-01,nan,1.106440929709479702e-05,1.453340806748271952e+01,1.000000000000000000e+00
1.136000000000000000e+03,1.229291644763716391e+02,1.506418094654972606e+01,-7.500357942302776637e-03,2.237032628373931686e+02,1.683075740010853139e-02,nan,9.627232873934655165e-06,1.737033747535850381e+01,1.000000000000000000e+00
1.141000000000000000e+03,1.057420287457405976e+02,4.056721468607700132e+01,-8.450745946360211508e-03,2.523608421214243833e+02,1.638233531400523635e-02,nan,1.145821431400451033e-05,3.075389998914935674e+01,1.000000000000000000e+00
1.143000000000000000e+03,1.223305588301953293e+02,6.115996859902225857e+00,-2.541294442661989200e-02,7.638314685437461549e+02,3.995755434700098974e-03,nan,2.889556105070214702e-05,2.770390278979349930e+01,1.000000000000000000e+00
1.147000000000000000e+03,4.705159555558815754e+01,9.657379945262343668e+00,-1.269786874274959031e-03,3.582938016577647034e+01,3.509801041058356885e-01,nan,1.047350197119153133e-05,1.817952560355795200e+01,1.000000000000000000e+00
1.147000000000000000e+03,9.557483132691923799e+01,1.330190498321993431e+01,-1.610023954387229759e-03,4.608873850895632529e+01,3.480837065469782887e-01,nan,1.719735370402268319e-05,2.250311391180702003e+01,1.000000000000000000e+00
1.148000000000000000e+03,6.276323956246832125e+01,1.880283749376618019e+01,-8.740725414782948843e-03,2.611047546830181432e+02,1.445782232626291464e-02,nan,1.154193704001301644e-05,1.270642358493326896e+01,1.000000000000000000e+00
1.149000000000000000e+03,1.236216425423807976e+02,3.461773085324988841e+01,-9.287225713388389675e-03,2.775836828356989372e+02,1.136445892884263564e-02,nan,1.071573932274247676e-05,9.567393005724511568e+00,1.000000000000000000e+00
1.151000000000000000e+03,5.457666591513206811e+01,4.019358626850594618e+01,-1.865054057073642141e-03,5.377880336283553930e+01,2.506045997279604531e-01,nan,1.272872671230026991e-05,7.086764237757574136e+00,1.000000000000000000e+00
1.152000000000000000e+03,1.224931115342581762e+02,2.511712946756424003e+01,-8.873327493141265968e-03,2.651031790713284977e+02,1.747283700288615460e-02,nan,1.516270966994883522e-05,9.567393005724511568e+00,1.000000000000000000e+00
1.152000000000000000e+03,1.810056896904059798e+01,2.853311386181942311e+01,-1.155444858412727665e-03,3.238156162105730829e+01,3.670276655458315496e-01,nan,9.415165656211425365e-06,1.366119438412477827e+01,1.000000000000000000e+00
1.153000000000000000e+03,1.017834444857420664e+02,1.026686498924749813e+01,-9.147652635695556131e-03,2.733750580184428713e+02,1.540792044248251447e-02,nan,1.309500213832266694e-05,2.473783459364626225e+01,1.000000000000000000e+00
1.155000000000000000e+03,3.837092049694781082e+01,1.179062167234149605e+01,-2.471994689213089305e-03,7.208022258527883253e+01,1.244883767606583813e-01,nan,8.625679111370628148e-06,1.404282422476181225e+01,1.000000000000000000e+00
1.155000000000000000e+03,5.160869243053316779e+01,1.647701756278193130e+01,-1.140006445535753522e-03,3.191603855137138268e+01,3.172130596616220544e-01,nan,6.915392419103189392e-06,1.404282422476181225e+01,1.000000000000000000e+00
1.158000000000000000e+03,9.688734814230552672e+01,3.451534331219364304e+01,-1.398810339156138401e-03,3.971989662699789392e+01,3.280167500257168411e-01,nan,1.132050989810249224e-05,1.356006921684680044e+01,1.000000000000000000e+00
1.159000000000000000e+03,1.268978149835047589e+02,5.017644115233760260e+01,-9.004459676407063420e-03,2.690572808935150420e+02,1.089044355323920410e-02,nan,9.476869194633460907e-06,2.101991794669463687e+01,1.000000000000000000e+00
1.162000000000000000e+03,1.646861303645143693e+01,4.746667008933825826e+01,1.841459253401300962e-03,-5.306733609468344071e+01,3.184433588814726823e-01,nan,1.838780343813387899e-05,5.351277071373128358e+00,1.000000000000000000e+00
1.163000000000000000e+03,1.039569613632522191e+02,2.294399740638424490e+01,-1.453151029868750234e-03,4.135846176649599215e+01,2.779481046858138793e-01,nan,9.142914341492113848e-06,1.356006921684680044e+01,1.000000000000000000e+00
1.163000000000000000e+03,1.406992948803353158e+02,3.432222710233949670e+01,-1.204368257560933667e-03,3.385677614812249914e+01,3.020313572767123755e-01,nan,7.200750824486108893e-06,1.747317056862028295e+01,1.000000000000000000e+00
1.166000000000000000e+03,3.056121529911015955e+01,3.800455948234973391e+01,-1.295734226467094635e-03,3.661178514088374669e+01,3.008398623922551307e-01,nan,8.450355088049610027e-06,1.697448012966460595e+01,1.000000000000000000e+00
1.167000000000000000e+03,1.710547398207456027e+01,5.277991527759597545e+01,-1.869351865131690894e-03,5.390839756504059466e+01,2.001421287626120593e-01,nan,9.099106495001601104e-06,5.351277071373128358e+00,1.000000000000000000e+00
1.167000000000000000e+03,1.292856886813117683e+02,4.755254392597260704e+01,-1.348107082260806104e-03,3.819101305709460803e+01,3.066218958642086267e-01,nan,9.232812472025056361e-06,1.613325681067097506e+01,1.000000000000000000e+00
1.169000000000000000e+03,1.140435528120543296e+01,3.264069252788458897e+01,-2.677419616057652094e-02,8.048780509130976952e+02,2.817989582753810396e-03,nan,2.460641915685407352e-05,1.989362597544248246e+01,1.000000000000000000e+00
1.169000000000000000e+03,7.155372666430700690e+01,1.788176527514081116e+01,-1.403437316494921200e-03,3.985941645402168376e+01,2.914360355656615553e-01,nan,8.991955220443099270e-06,2.087205451060306416e+01,1.000000000000000000e+00
1.170000000000000000e+03,1.355758346222524153e+02,3.269602887833342919e+01,-8.872041284731048416e-03,2.650643953121330014e+02,1.548233232553319905e-02,nan,1.287152866694463903e-05,1.613325681067097506e+01,1.000000000000000000e+00
1.177000000000000000e+03,1.218577655441172141e+02,1.770274588182364539e+01,-8.455588976915449570e-03,2.525068767215237813e+02,1.831659484798708881e-02,nan,1.326987826727094280e-05,2.167458832899425403e+01,1.000000000000000000e+00
1.177000000000000000e+03,4.584884828772500498e+01,2.175552697845941807e+01,-1.736104412134811467e-02,5.210380300740654320e+02,5.320326410169329279e-03,nan,1.931029709904021391e-05,2.198650377854110971e+01,1.000000000000000000e+00
1.179000000000000000e+03,7.771204129155801610e+00,1.308245731818264623e+01,-9.218909688349138931e-03,2.755237116496423369e+02,1.216458290193411784e-02,nan,1.107785570087728143e-05,1.033290905423288741e+01,1.000000000000000000e+00
1.181000000000000000e+03,1.425064579610582705e+01,5.033491843810186772e+00,-1.282461129431364862e-03,3.621155404682305345e+01,3.287998156329409172e-01,nan,9.484341641400922447e-06,1.033290905423288741e+01,1.000000000000000000e+00
1.182000000000000000e+03,4.520509317696588880e+01,4.373260430373572660e+01,-9.039050026520006539e-03,2.701003030030030345e+02,1.073631924542994831e-02,nan,9.507281886750190984e-06,7.128450869937367429e+00,1.000000000000000000e+00
1.184000000000000000e+03,6.701583252051364070e+01,1.934691203192880593e+01,-1.648523914952343752e-02,4.946293945375655312e+02,5.419642592882523147e-03,nan,1.716646845600276706e-05,2.229497089077758787e+01,1.000000000000000000e+00
1.186000000000000000e+03,3.250068291939115994e+01,3.007667732142881789e+01,-8.623890769848874260e-03,2.575817745043694345e+02,2.078647047829751404e-02,nan,1.556461967283814018e-05,1.865171256852485016e+01,1.000000000000000000e+00
1.187000000000000000e+03,8.776693324013230324e+01,1.119476225749127885e+01,-2.316322902277804553e-03,6.738616441394364642e+01,2.490339418317304432e-01,nan,1.967021815133443278e-05,2.138569323403987710e+01,1.000000000000000000e+00
1.187000000000000000e+03,1.079595955245913785e+02,1.823779178790239541e+01,-1.091943041154042580e-03,3.046675592590792547e+01,3.689592188701040776e-01,nan,8.460294717127284827e-06,2.138569323403987710e+01,1.000000000000000000e+00
1.191000000000000000e+03,8.548841231796559725e+01,3.590332468557340206e+01,-1.244316659282325866e-03,3.506136257462787853e+01,3.144708686905995920e-01,nan,8.213002576366484049e-06,2.481339789015569508e+01,1.000000000000000000e+00
1.193000000000000000e+03,4.967551025827272326e+01,7.003756274639250101e+00,-1.064037490412776026e-03,2.962530429834290047e+01,3.424265295648143415e-01,nan,6.857538341223770062e-06,1.026312399930620245e+01,1.000000000000000000e+00
1.194000000000000000e+03,5.723855434565048483e+01,2.418579188327408858e+01,-1.815809052063065924e-03,5.229389127492179057e+01,2.215038760420394715e-01,nan,1.016876329698090036e-05,1.877290556957061085e+01,1.000000000000000000e+00
1.194000000000000000e+03,1.144698962617292004e+01,3.985809690449614351e+01,-1.406120810379254005e-03,3.994033334104063471e+01,3.341769062000823354e-01,nan,1.157490730829820617e-05,1.349692078749143498e+01,1.000000000000000000e+00
1.195000000000000000e+03,3.980573842895603320e+01,1.326280963248774292e+01,-8.958500580166332827e-03,2.676714506444816948e+02,1.545919030509734782e-02,nan,1.258190208024412983e-05,7.246691950413937100e+00,1.000000000000000000e+00
1.196000000000000000e+03,1.308420588031991088e+02,4.011601319939978794e+01,-1.234540203386648568e-03,3.476656765008011973e+01,3.608240173485071089e-01,nan,1.057736908338700884e-05,1.649429462498145327e+01,1.000000000000000000e+00
1.196000000000000000e+03,1.181208772266032412e+02,5.061521766788072085e+01,-1.202949913581386789e-03,3.381400803144556022e+01,3.214199932535229953e-01,nan,8.087855199184555672e-06,1.649429462498145327e+01,1.000000000000000000e+00
1.197000000000000000e+03,5.968602659918622777e+01,4.740732453854624495e+00,-1.470849138676764718e-03,4.189212270726733323e+01,2.674057288966342760e-01,nan,9.238543029742688503e-06,1.026312399930620245e+01,1.000000000000000000e+00
1.197000000000000000e+03,2.493422574696419147e+01,3.883135309861824425e+01,-1.281289143048442141e-03,3.617621448809016726e+01,3.185097345528418167e-01,nan,8.914306882331695257e-06,1.082363781914782841e+01,1.000000000000000000e+00
1.197000000000000000e+03,7.066014628250160001e+01,4.103400779892943007e+01,-1.492326118421333486e-03,4.253973004993568452e+01,3.203724965747875020e-01,nan,1.103005785726543088e-05,1.105979214333804883e+01,1.000000000000000000e+00
1.200000000000000000e+03,8.835196937459261335e+01,3.943858327686427856e+01,-1.614787932432735097e-03,4.623238939466153141e+01,2.593896768130853348e-01,nan,9.940520835014405736e-06,4.674206636629098632e+00,1.000000000000000000e+00
1.201000000000000000e+03,6.775042269531135730e+01,3.036383859221153614e+01,-6.888600442873052399e-03,2.052565979303637391e+02,2.507617995572974934e-02,nan,1.262925165438283910e-05,1.105979214333804883e+01,1.000000000000000000e+00
1.203000000000000000e+03,7.097162955472127521e+01,1.902336045162290290e+01,-8.927887854579324642e-03,2.667483680646673747e+02,2.218581241891770528e-02,nan,2.010108927365065267e-05,8.752855572507618476e+00,1.000000000000000000e+00
1.203000000000000000e+03,2.661673456983095676e+01,4.154135600378277360e+01,-9.285159249645352428e-03,2.775213716024965152e+02,1.303327792218433867e-02,nan,1.278469204922539380e-05,1.400824596658776144e+01,1.000000000000000000e+00
1.203000000000000000e+03,9.833354037865692021e+01,3.456235433876621954e+01,-1.414329866707507606e-03,4.018786559267855552e+01,2.842047882636353773e-01,nan,8.832756519826419429e-06,1.110897692705868600e+01,1.000000000000000000e+00
1.207000000000000000e+03,7.466606036834066629e+01,2.695832495290186159e+01,-9.185360527850364165e-03,2.745120851110057743e+02,1.398961604428461403e-02,nan,1.240124476920272128e-05,8.752855572507618476e+00,1.000000000000000000e+00
1.207000000000000000e+03,5.604721679398245016e+01,3.715699514262982461e+01,-7.306342145231885937e-03,2.178529963534134595e+02,2.052693433223806707e-02,nan,1.237842781472625392e-05,1.887917978671265473e+01,1.000000000000000000e+00
1.210000000000000000e+03,4.747457412113831055e+01,2.033637603919753545e+01,-1.331768916930868140e-03,3.769835925012377231e+01,3.494539475113832561e-01,nan,1.144271076487693514e-05,7.607186001576498491e+00,1.000000000000000000e+00
1.211000000000000000e+03,9.015167913231923791e+00,3.631215801369289409e+01,-1.415472468826536271e-03,4.022231911132185900e+01,2.793104560823393978e-01,nan,8.530010285290065165e-06,1.653514846273049699e+01,1.000000000000000000e+00
1.212000000000000000e+03,7.552056786712932457e+00,5.278244764429729941e+01,-1.701546458800520757e-03,4.884846760412541755e+01,2.256526235225969623e-01,nan,8.931548190180589602e-06,1.653514846273049699e+01,1.000000000000000000e+00
1.213000000000000000e+03,5.097380704783147820e+01,4.267838763181968176e+01,-1.173632935859345505e-03,3.292999685932348086e+01,3.311387264764225069e-01,nan,7.850007939350587269e-06,7.254431076894919173e+00,1.000000000000000000e+00
1.213000000000000000e+03,4.983827921140992601e+01,1.310573449720380346e+01,-1.314286114629251200e-03,3.717119056646333064e+01,2.904429714003344820e-01,nan,8.301320245868190240e-06,4.569907624332692819e+00,1.000000000000000000e+00
1.215000000000000000e+03,1.008008334905183006e+02,3.056424952130372219e+01,-9.185503431802050089e-03,2.745163941735233379e+02,1.412100825633000323e-02,nan,1.185459481534717118e-05,1.093660604570607298e+01,1.000000000000000000e+00
1.216000000000000000e+03,4.703642670482685872e+01,1.671595308148485159e+01,-1.483918073216158482e-03,4.228619757576478833e+01,2.655913887581182742e-01,nan,8.736418901871414544e-06,4.569907624332692819e+00,1.000000000000000000e+00
1.219000000000000000e+03,1.211116205449842909e+02,2.013250702862649533e+01,-1.534700049410089905e-03,4.381745481256113095e+01,2.477849469183346365e-01,nan,8.593386563184549239e-06,2.283307518065385366e+01,1.000000000000000000e+00
1.225000000000000000e+03,1.172921577466963043e+02,2.313112041268254870e+01,-8.046418880718591432e-03,2.401689427173530191e+02,1.962988103205909329e-02,nan,1.364607315296699368e-05,1.187629646680323781e+01,1.000000000000000000e+00
1.228000000000000000e+03,1.256657951850713744e+02,1.470920769536907358e+01,-2.743612121649568678e-02,8.248374461170632230e+02,2.316607364269196445e-03,nan,2.220218017558122002e-05,1.187629646680323781e+01,1.000000000000000000e+00
1.229000000000000000e+03,2.632520528914383107e+01,2.266845277070624576e+01,-8.893295107783978637e-03,2.657052736866787654e+02,1.176346776361203439e-02,nan,9.411731788045091520e-06,1.588537027416302827e+01,1.000000000000000000e+00
1.229000000000000000e+03,9.666931945413880101e+01,4.408699914915605689e+01,-8.784522188457263153e-03,2.624253832143107275e+02,1.102235227989367683e-02,nan,8.110967294136568902e-06,2.940153589285360169e+01,1.000000000000000000e+00
1.231000000000000000e+03,1.393630267484063836e+02,2.517321271104564318e+01,-8.835938406038893259e-03,2.639757650852308757e+02,1.656638765570994654e-02,nan,1.302359361102472905e-05,1.225886509415823511e+01,1.000000000000000000e+00
1.231000000000000000e+03,3.115583403737321788e+01,7.535375930749270701e+00,-1.274738315502452375e-03,3.597868373331028380e+01,3.409083895918926244e-01,nan,9.788997389314224188e-06,1.588537027416302827e+01,1.000000000000000000e+00
1.231000000000000000e+03,6.064300290647162939e+01,2.013271408497477211e+01,-1.240823314765135887e-03,3.495602581002183484e+01,3.528282211272472102e-01,nan,9.643219554463077834e-06,1.374694663051556986e+01,1.000000000000000000e+00
1.235000000000000000e+03,1.428454747215423879e+02,3.692703462186138097e+01,-1.182997863760469701e-03,3.321238275084350988e+01,3.323912336290192338e-01,nan,8.189085274224155224e-06,1.225886509415823511e+01,1.000000000000000000e+00
1.238000000000000000e+03,7.199243460529551442e+01,1.592309710951094814e+01,-8.997534469654063644e-03,2.688484612738068904e+02,9.868769109337538481e-03,nan,8.802722449612752133e-06,8.134146049994047445e+00,1.000000000000000000e+00
1.238000000000000000e+03,5.124498156193190823e+01,3.984618103336432426e+01,-1.786043085824880541e-02,5.360963167370149449e+02,5.261226422724196716e-03,nan,1.676431571411861657e-05,1.499867742507885282e+01,1.000000000000000000e+00
1.238000000000000000e+03,5.231837695965521107e+01,1.348645379755044438e+01,-1.344516762575147153e-03,3.808275214617450644e+01,2.964557263210590987e-01,nan,8.699164268842764802e-06,1.488682659036487621e+01,1.000000000000000000e+00
1.243000000000000000e+03,8.069513790753719107e+00,9.755546219323424140e+00,-6.968879542879911036e-03,2.076772983847838248e+02,2.424887960420263333e-02,nan,1.176432093362740893e-05,3.139674414319376794e+01,1.000000000000000000e+00
1.243000000000000000e+03,4.476952188710103542e+01,2.631736931536006807e+01,-1.652063779930541430e-03,4.735638880383682192e+01,2.913695232182860195e-01,nan,1.256828252655802355e-05,1.385472827499081205e+01,1.000000000000000000e+00
1.245000000000000000e+03,1.406022362138979815e+02,4.020997207816891716e+01,-9.213069119569445437e-03,2.753475977233792378e+02,1.655456981056113719e-02,nan,1.431628972520262674e-05,3.953368149140228383e+01,1.000000000000000000e+00
1.246000000000000000e+03,3.949315097118051199e+01,1.245347430305121961e+01,-6.751158893441845839e-03,2.011122462730096174e+02,2.710551372853664542e-02,nan,1.298639603670268530e-05,1.478870016598965620e+01,1.000000000000000000e+00
1.246000000000000000e+03,2.935266966148956058e+01,3.283763492409914164e+01,-1.552272473391714657e-03,4.434732590869882074e+01,2.751593792267152949e-01,nan,9.739611222555251424e-06,1.673897237451711106e+01,1.000000000000000000e+00
1.248000000000000000e+03,8.677433345893062722e+01,4.488271048172462230e+01,-8.945398332734930125e-03,2.672763712737810806e+02,1.338013979618046800e-02,nan,1.060001462323599222e-05,3.412412827424554251e+01,1.000000000000000000e+00
1.253000000000000000e+03,6.965515598095997518e+01,1.536339658463503710e+01,-8.883778948498703351e-03,2.654183276309279336e+02,1.245261767442285006e-02,nan,1.032997860605699588e-05,3.020365922961106264e+01,1.000000000000000000e+00
1.253000000000000000e+03,3.952269359551279848e+01,1.329077953170883575e+01,2.962185795531434122e-03,-8.686122827313684525e+01,1.113757321132576861e-01,nan,1.177877617907573393e-05,3.020365922961106264e+01,1.000000000000000000e+00
1.256000000000000000e+03,1.309973730837145922e+02,3.234226089484112521e+01,-1.172842286244262780e-03,3.290615596072902349e+01,3.470007538119013191e-01,nan,8.782482422905048096e-06,1.383369797918926025e+01,1.000000000000000000e+00
1.257000000000000000e+03,1.375117983296433124e+02,1.062236232434398353e+01,1.237322977213497956e-03,-3.485047818054978563e+01,3.395126071762243347e-01,nan,9.247139268382745055e-06,2.267579613150279982e+01,1.000000000000000000e+00
1.257000000000000000e+03,1.124701942300099518e+02,2.399588854304123942e+01,-1.410474729855953121e-03,4.007161950213179580e+01,3.242213281449984885e-01,nan,1.195937162630598853e-05,1.077815413546428402e+01,1.000000000000000000e+00
1.258000000000000000e+03,3.881533664902971736e+01,4.617142157322115281e+01,-1.202194075878548632e-03,3.379121683584705238e+01,3.440451089616102243e-01,nan,8.841416917363956526e-06,2.123004348743214820e+01,1.000000000000000000e+00
1.259000000000000000e+03,1.148975813321620478e+02,3.449714553561748431e+01,-7.260592727480932873e-03,2.164734886567685805e+02,2.431032934938626155e-02,nan,1.297566035572720277e-05,1.077815413546428402e+01,1.000000000000000000e+00
1.259000000000000000e+03,5.347410733196674926e+01,3.081449517034593555e+01,-1.389693917527994992e-03,3.944500408365788502e+01,3.544395224232712582e-01,nan,1.242836252037919111e-05,2.123004348743214820e+01,1.000000000000000000e+00
1.264000000000000000e+03,1.224363441594557571e+02,1.597009935351172949e+01,-9.012481050558436915e-03,2.692991538598492980e+02,1.148210735950006001e-02,nan,9.661521231687632562e-06,1.783491109428533505e+01,1.000000000000000000e+00
1.264000000000000000e+03,7.967316649987811417e+00,5.009552032061171190e+01,-1.204198756382286089e-03,3.385166508459361268e+01,3.535679358985220899e-01,nan,9.399764957313918906e-06,7.995702179376880103e+00,1.000000000000000000e+00
1.268000000000000000e+03,1.027165519463458878e+02,7.355788893828234087e+00,-1.250839520437505709e-03,3.525805004323569847e+01,3.659419361161043716e-01,nan,1.083165698078840408e-05,2.151921349919743420e+01,1.000000000000000000e+00
1.268000000000000000e+03,3.799434478581574837e+01,2.007843947624823500e+01,-1.365847508936211428e-03,3.872595003211164766e+01,3.074224366682873910e-01,nan,9.413919043353673871e-06,3.446246728279761129e+01,1.000000000000000000e+00
1.269000000000000000e+03,1.388943738996036075e+02,9.098614010918685935e+00,-1.566681605626917646e-03,4.478181250541670266e+01,2.583870637027467776e-01,nan,9.928561869080635596e-06,1.591913834527708360e+01,1.000000000000000000e+00
1.273000000000000000e+03,1.245211327169956661e+02,1.594177874389525051e+01,-1.799798623520353861e-03,5.181111989799439499e+01,2.120693655417458245e-01,nan,9.281779414715415761e-06,1.345102582189636742e+01,1.000000000000000000e+00
1.274000000000000000e+03,3.903573645607140463e+01,2.945350672591104413e+01,-1.753067729966682449e-03,5.040201721434242899e+01,2.639433448224591805e-01,nan,1.298896989959685482e-05,1.656195314148712683e+01,1.000000000000000000e+00
1.275000000000000000e+03,9.312518582972710135e+01,1.176456917186736817e+01,-1.346181017173969175e-03,3.813293534283833708e+01,3.065602836211569482e-01,nan,9.260422110047183381e-06,1.928962950594589287e+01,1.000000000000000000e+00
1.275000000000000000e+03,3.973500055422555022e+01,5.659990283390240684e+00,-1.373926240298346682e-03,3.896955252239601464e+01,3.355346376875004699e-01,nan,1.057806699605801468e-05,7.244501787659283210e+00,1.000000000000000000e+00
1.277000000000000000e+03,1.154889725895519774e+02,5.974322744818088893e+00,-8.471727111080221487e-03,2.529934988772631641e+02,1.593016006949710128e-02,nan,1.148900915436709856e-05,1.345102582189636742e+01,1.000000000000000000e+00
1.277000000000000000e+03,6.839937571931034199e+01,3.307869701469372359e+01,-1.283739955375074078e-03,3.625011519839047480e+01,3.101741420600692134e-01,nan,8.571557692003004073e-06,1.669294425226817324e+01,1.000000000000000000e+00
1.278000000000000000e+03,2.685086615689031220e+01,4.308428247500119568e+01,-8.359220683334120730e-03,2.496010298442658097e+02,1.952438761383024080e-02,nan,1.460015623244346499e-05,1.828302796939964381e+01,1.000000000000000000e+00
1.278000000000000000e+03,1.397463331099550601e+02,2.999192754959106466e+01,-1.297195355216627715e-03,3.665584337058062658e+01,3.447831072188162205e-01,nan,1.026084145289562394e-05,1.089037060323532202e+01,1.000000000000000000e+00
1.279000000000000000e+03,6.184398423590008065e+01,5.328426673700205640e+01,-1.445656704652646587e-03,4.113248120051251533e+01,3.059170844719228954e-01,nan,1.032064265932209166e-05,1.070802037153059239e+01,1.000000000000000000e+00
1.279000000000000000e+03,3.968607260410346527e+01,1.290432684425593557e+01,-2.474752981742817885e-03,7.216339491754921198e+01,1.959356034839432326e-01,nan,1.568274610233579049e-05,5.968597712408206135e+00,1.000000000000000000e+00
1.279000000000000000e+03,1.334582943452972188e+02,4.974080898890122882e+01,-1.197906864444550114e-03,3.366194215955411551e+01,3.702449677529726646e-01,nan,1.021370595777718793e-05,1.210471456824656755e+01,1.000000000000000000e+00
1.280000000000000000e+03,3.788339774101268631e+01,1.859418817741205388e+01,-1.437962967942862892e-03,4.090048766859735707e+01,3.552652197835124426e-01,nan,1.377285968188990261e-05,5.968597712408206135e+00,1.000000000000000000e+00
1.280000000000000000e+03,1.041999250984538463e+02,3.216407091638693316e+01,-1.255974818997475069e-03,3.541289756340768236e+01,3.174053560623424364e-01,nan,8.883887734130854259e-06,1.697581029250999762e+01,1.000000000000000000e+00
1.281000000000000000e+03,2.766897063968518822e+01,2.304399987866158028e+01,-1.392351050283120555e-03,3.952512608885272982e+01,3.026176436229786049e-01,nan,9.638739880026577742e-06,1.114160424646787106e+01,1.000000000000000000e+00
1.282000000000000000e+03,8.086630802257005257e+01,4.417959728247707574e+01,-1.813881384838736052e-02,5.444905542244014214e+02,3.954644709779020495e-03,nan,1.445283147689749766e-05,1.669294425226817324e+01,1.000000000000000000e+00
1.282000000000000000e+03,1.342248055046206332e+02,2.060508011398511741e+01,-1.393022689835481543e-03,3.954537841068329129e+01,2.763681940180076069e-01,nan,8.044144160936629427e-06,1.084892428274672227e+01,1.000000000000000000e+00
1.286000000000000000e+03,1.316576440759979505e+02,1.006426229504130276e+01,-1.050853481640669001e-03,2.922775953235784030e+01,3.629235265202227501e-01,nan,7.679069507603898404e-06,1.084892428274672227e+01,1.000000000000000000e+00
1.287000000000000000e+03,9.740643156371567102e+01,3.767934880071749149e+01,-6.724667633109972578e-03,2.003134405325610032e+02,1.929713491226148214e-02,nan,8.497614703150709438e-06,1.777157610008119804e+01,1.000000000000000000e+00
1.288000000000000000e+03,2.581365492281550189e+01,3.076148516332069249e+01,-6.942475999221309028e-03,2.068811376140823768e+02,2.655423406682144716e-02,nan,1.377388189379930499e-05,8.294829808814640160e+00,1.000000000000000000e+00
1.288000000000000000e+03,8.267932511199005319e+01,4.989285178844059487e+01,-1.366890945436453463e-03,3.875741335457139769e+01,2.816698502528000025e-01,nan,8.474103416531901542e-06,9.639010614511178687e+00,1.000000000000000000e+00
1.288000000000000000e+03,7.174710982762575462e+00,3.069967182363640745e+01,-1.386303109672576764e-03,3.934275916417372798e+01,3.088663501925289490e-01,nan,9.834162260198019053e-06,1.470337505478136642e+01,1.000000000000000000e+00
1.290000000000000000e+03,1.902872652250317387e+01,2.200073202702007791e+01,-1.648156692590169040e-03,4.723857622124072719e+01,2.777103319252257618e-01,nan,1.211177922362754420e-05,1.108088664830418146e+01,1.000000000000000000e+00
1.290000000000000000e+03,2.987719517149762183e+01,3.799279501731950859e+01,-8.717534466691939307e-03,2.604054650973409366e+02,1.377924414317965862e-02,nan,1.075268530917669398e-05,8.294829808814640160e+00,1.000000000000000000e+00
1.292000000000000000e+03,7.487629625152689528e+01,4.423394144903441116e+01,-1.425889762122877890e-03,4.053643756324928660e+01,2.757669422778171731e-01,nan,8.505443238497073933e-06,9.639010614511178687e+00,1.000000000000000000e+00
1.293000000000000000e+03,8.346056552082184510e+01,1.116034943087030662e+01,-1.410281892494462440e-03,4.006580476967279481e+01,3.647608698895367096e-01,nan,1.282918617065185066e-05,1.093402395277229822e+01,1.000000000000000000e+00
1.294000000000000000e+03,7.528046428364133646e+01,1.841561121451920968e+01,-9.313892836388438373e-03,2.783877914612164091e+02,1.463127739882275069e-02,nan,1.462675286995704760e-05,8.624312509498617274e+00,1.000000000000000000e+00
1.294000000000000000e+03,9.276458021385943198e+01,3.556338181031004808e+01,-9.040291652226677827e-03,2.701377424350855563e+02,1.472611128752843168e-02,nan,1.214137218952320393e-05,1.593616643063004190e+01,1.000000000000000000e+00
1.294000000000000000e+03,1.235701399014092345e+02,9.513231768250989262e+00,-1.427591383154697829e-03,4.058774749079736921e+01,2.909200736549149013e-01,nan,1.052012475579306211e-05,1.258491391792611758e+01,1.000000000000000000e+00
1.295000000000000000e+03,1.281217511037111763e+02,2.124621492619892749e+01,-1.140960640391982606e-03,3.194481092079109175e+01,3.624521486572089835e-01,nan,9.088367888314401340e-06,1.258491391792611758e+01,1.000000000000000000e+00
1.295000000000000000e+03,7.659992740975170022e+00,4.954850513958110980e+01,-1.412143431741994404e-03,4.012193680032630994e+01,2.844032089403719654e-01,nan,8.807126817760801716e-06,2.104118794655473579e+01,1.000000000000000000e+00
1.296000000000000000e+03,1.388865523908273474e+02,6.115488623772491472e+00,-8.112456117132795311e-03,2.421602003196786086e+02,8.603239211967983469e-02,nan,6.005464348981080514e-05,4.820836910085957605e+00,1.000000000000000000e+00
1.296000000000000000e+03,2.324889319717312475e+01,3.541635127794376103e+01,-8.768962901493281004e-03,2.619562153608974882e+02,1.468963398977196633e-02,nan,1.185540060395991088e-05,1.904319815359137991e+01,1.000000000000000000e+00
1.297000000000000000e+03,1.137754950979257558e+02,5.292334035525291114e+01,1.373064795932808389e-03,-3.894357691022624834e+01,3.415330012478022814e-01,nan,1.162131231504837819e-05,2.725484736606709291e+01,1.000000000000000000e+00
1.298000000000000000e+03,1.528429882430490849e+01,1.811870310275468299e+01,-1.608255500160147948e-03,4.603541332281506726e+01,2.438830623418293264e-01,nan,9.092545396486772586e-06,1.049199699810326614e+01,1.000000000000000000e+00
1.298000000000000000e+03,8.202788386783166175e+01,2.378693276664948542e+01,-8.704769167823185258e-03,2.600205459244832582e+02,1.572714706197941847e-02,nan,1.396267853754059900e-05,8.624312509498617274e+00,1.000000000000000000e+00
1.298000000000000000e+03,3.837732925150853447e+01,1.093139016878919989e+01,-1.684325469784581000e-03,4.832919352241689381e+01,2.721775382281523825e-01,nan,1.184904421300278224e-05,2.418564701475856893e+01,1.000000000000000000e+00
1.299000000000000000e+03,1.045370126575673595e+02,1.088842693745243828e+01,-8.828670836962459675e-03,2.637566220235329979e+02,1.080214040168259171e-02,nan,1.030560273758618252e-05,1.908274336759971135e+01,1.000000000000000000e+00
1.299000000000000000e+03,8.401585638439877357e+01,8.305871252806493743e+00,-1.083425403083770411e-03,3.020991883698276226e+01,3.679983086165781181e-01,nan,8.548849079078165098e-06,1.336091004563036755e+01,1.000000000000000000e+00
1.300000000000000000e+03,1.434312963005149015e+02,7.723521990654226066e+00,-7.952283677265430464e-03,2.373304314515749809e+02,6.212745643849038046e-02,nan,4.077795041026287942e-05,4.820836910085957605e+00,1.000000000000000000e+00
1.301000000000000000e+03,1.252661697992173231e+02,1.608645030277390475e+01,-1.817957809819039511e-02,5.457197413729104483e+02,4.631895424751619750e-03,nan,1.959299608300106953e-05,1.688001477327398803e+01,1.000000000000000000e+00
1.302000000000000000e+03,6.420494804927027133e+01,1.309958475956581303e+01,-9.094768750962198278e-03,2.717804207617396628e+02,1.155556938639668019e-02,nan,1.071989505008614928e-05,1.694761016511078822e+01,1.000000000000000000e+00
1.302000000000000000e+03,3.478341764024331439e+01,4.191286762159795387e+01,-1.774804843166475840e-02,5.327075867801819413e+02,5.549737786396780059e-03,nan,2.219931177104626137e-05,2.095216264643309145e+01,1.000000000000000000e+00
1.302000000000000000e+03,5.992289050050161769e+00,2.627749446064654393e+01,-1.490570519836859195e-03,4.248679250715240840e+01,2.303968447807661635e-01,nan,6.997007332693509928e-06,7.171442887041062697e+00,1.000000000000000000e+00
1.303000000000000000e+03,1.002659034778835974e+02,5.304583349671120374e+01,-1.216364474722764081e-03,3.421850477154358572e+01,3.646770307802607025e-01,nan,1.033520411734638752e-05,3.447765408533830822e+01,1.000000000000000000e+00
1.304000000000000000e+03,5.468224801321028394e+01,3.535316722062891159e+01,1.710479553142533289e-03,-4.911783217761016829e+01,2.416201918857580067e-01,nan,9.971256325683346797e-06,7.420768120805408152e+00,1.000000000000000000e+00
1.305000000000000000e+03,5.636819624416239094e+01,2.812645440875439462e+01,-2.036862192843913108e-03,5.895942985586584939e+01,1.434120400895205760e-01,nan,7.042087532908840065e-06,7.420768120805408152e+00,1.000000000000000000e+00
1.305000000000000000e+03,3.961233339576035917e+01,1.294943008089493297e+01,2.883349431880699500e-03,-8.448403145232225597e+01,9.910778620279758755e-02,nan,9.210003968171482573e-06,2.260754314919905994e+01,1.000000000000000000e+00
1.311000000000000000e+03,3.932897944145081937e+01,1.325428911133179000e+01,-3.575132218074933508e-03,1.053437434415859997e+02,8.787769967452008224e-02,nan,1.204159801522974005e-05,3.152909353344025689e+01,1.000000000000000000e+00
1.314000000000000000e+03,1.282433558294872000e+02,1.158992136899665049e+01,-1.337717174207308070e-03,3.787772036766065753e+01,3.255514978974627383e-01,nan,1.029075909949430024e-05,1.843441068261989102e+01,1.000000000000000000e+00
1.315000000000000000e+03,2.071737859041351371e+01,3.870408386103638776e+01,-8.765060421093146328e-03,2.618385416939385664e+02,1.477358912885140541e-02,nan,1.153533798192523351e-05,1.838014737919168340e+01,1.000000000000000000e+00
1.315000000000000000e+03,1.303136695089182240e+02,4.497819360239878961e+01,-1.677289569484595975e-03,4.811703609847998564e+01,2.903591773008600274e-01,nan,1.290708958323123456e-05,1.948211366783997178e+01,1.000000000000000000e+00
1.316000000000000000e+03,8.875824793102633237e+01,3.915659990251148770e+01,-1.403109759360001785e-03,3.984953944113439661e+01,2.638574194512333104e-01,nan,7.818001231712630271e-06,1.780066617560574116e+01,1.000000000000000000e+00
1.318000000000000000e+03,1.000388764721012365e+02,1.913652806533063711e+01,-1.534516541323326317e-03,4.381192139092361515e+01,3.327756871902406433e-01,nan,1.378837787252001150e-05,2.297946597829452386e+01,1.000000000000000000e+00
1.318000000000000000e+03,1.381449717213244810e+02,2.713937473385825072e+01,-1.168937034721868927e-03,3.278839873457581433e+01,3.307953894481618917e-01,nan,7.782760588015718409e-06,1.283108993869798908e+01,1.000000000000000000e+00
1.321000000000000000e+03,1.350021691307808851e+02,1.469913113126632886e+01,-8.448669332557515177e-03,2.522982248278148063e+02,1.874307439076317028e-02,nan,1.290803757251522075e-05,1.283108993869798908e+01,1.000000000000000000e+00
1.321000000000000000e+03,2.370788677806729083e+01,1.887391541696025143e+01,-1.249671411782258190e-03,3.522282741178706544e+01,3.656206771286787394e-01,nan,1.137004401767818232e-05,4.995014576121690197e+00,1.000000000000000000e+00
1.322000000000000000e+03,4.891021461197222919e+01,3.994275763124571199e+01,1.322865153669725707e-03,-3.742987911307122317e+01,2.801058045683618714e-01,nan,7.617709348108115664e-06,1.831794923043440093e+01,1.000000000000000000e+00
1.323000000000000000e+03,1.387465115139730472e+02,4.637360076479026105e+01,-9.046946668722435220e-03,2.703384148573483685e+02,1.514085757934469090e-02,nan,1.256672165472065255e-05,1.924363014431326491e+01,1.000000000000000000e+00
1.323000000000000000e+03,6.631281115879848187e+01,3.107552789097515245e+01,-1.295493855373032379e-03,3.660453709728863458e+01,3.044676749977618391e-01,nan,8.494534880911110193e-06,1.885014168954909408e+01,1.000000000000000000e+00
1.324000000000000000e+03,3.760426464225557908e+01,1.667971602861317493e+01,-8.758746956917870877e-03,2.616481682891950413e+02,2.166143442571411004e-02,nan,1.663662352196685441e-05,1.103658012361849927e+01,1.000000000000000000e+00
1.325000000000000000e+03,1.127342916464323821e+02,4.024505576667989715e+01,-8.658181909109174262e-03,2.586157743422213571e+02,2.618218679472794630e-02,nan,2.004196665591673993e-05,8.592120959691854409e+00,1.000000000000000000e+00
1.325000000000000000e+03,6.433594935811908044e+01,4.982172374872430254e+01,-7.205051353075183317e-03,2.147987186325452456e+02,2.010734860012441949e-02,nan,1.082701081958245143e-05,1.831794923043440093e+01,1.000000000000000000e+00
1.326000000000000000e+03,3.221883004212686075e+01,4.896343141660818965e+00,-1.202647406182325669e-03,3.380488635720767832e+01,3.319481711724259210e-01,nan,8.400572976851511102e-06,1.076676844766792307e+01,1.000000000000000000e+00
1.329000000000000000e+03,6.671053416245118051e+00,3.327003783939646553e+01,-1.360029378694761976e-03,3.855051270760068149e+01,2.746733918832675592e-01,nan,7.814189442709093740e-06,3.081360957343561857e+00,1.000000000000000000e+00
1.330000000000000000e+03,3.963550389922652073e+01,1.270122954077720756e+01,7.576011157023614280e-03,-2.259844763940651546e+02,1.251693032229509450e-01,nan,8.274714282392205394e-05,9.787041055923497268e+00,1.000000000000000000e+00
1.330000000000000000e+03,1.049447883081572428e+02,4.387109773127111367e+01,-9.061398687807560928e-03,2.707741946451594686e+02,1.007823632926263535e-02,nan,7.900635960062427394e-06,8.592120959691854409e+00,1.000000000000000000e+00
1.331000000000000000e+03,1.005817320209437895e+02,3.029551568640971482e+01,-1.216788045895255375e-03,3.423127694922920483e+01,3.344289376297502336e-01,nan,8.552721898437536457e-06,1.325761833596995309e+01,1.000000000000000000e+00
1.332000000000000000e+03,2.389612380867610497e+01,3.861944471809893287e+01,-9.042754470945480599e-03,2.702120051808220182e+02,1.028780262909700927e-02,nan,9.798516763605146814e-06,1.525297247285743296e+01,1.000000000000000000e+00
1.332000000000000000e+03,3.910779302223505738e+01,2.393201369658107680e+01,-1.183092697145965693e-03,3.321524231478163358e+01,3.505810049000838147e-01,nan,9.227666514627167808e-06,1.062880031213601129e+01,1.000000000000000000e+00
1.334000000000000000e+03,9.712392508148937509e+00,3.277502079171135563e+01,-1.319014172832461314e-03,3.731375834114014367e+01,3.356738867128953308e-01,nan,1.021504739429574262e-05,3.081360957343561857e+00,1.000000000000000000e+00
1.336000000000000000e+03,3.831566017597260299e+01,1.035526637819175555e+01,4.106464082729132346e-03,-1.213652893496293359e+02,4.767583128872376896e-02,nan,8.084652954471337503e-06,1.222578673084829148e+01,1.000000000000000000e+00
1.337000000000000000e+03,8.925695032264546569e+01,4.739087636591226271e+01,-1.738393344218219783e-02,5.217282245249213020e+02,8.187728934039073536e-03,nan,2.657343156969962214e-05,1.018413057526439225e+01,1.000000000000000000e+00
1.338000000000000000e+03,1.127637806306022128e+02,5.153381049780404766e+01,-1.707134388686324181e-02,5.123025374090602782e+02,4.523987244707705635e-03,nan,1.341776651185952399e-05,2.386912177580624217e+01,1.000000000000000000e+00
1.338000000000000000e+03,7.920118838021552676e+01,4.900275952892771159e+01,-9.026229395445192413e-03,2.697137153672908312e+02,1.732619663825807343e-02,nan,1.398794451430570250e-05,1.018413057526439225e+01,1.000000000000000000e+00
1.340000000000000000e+03,2.132154474690853263e+01,5.749260572007389491e+00,1.407755097673383604e-03,-3.998961291686067909e+01,3.229554468229747233e-01,nan,1.084880308382170122e-05,4.441591761570531816e+00,1.000000000000000000e+00
1.341000000000000000e+03,3.526598971261235960e+01,4.879989209851626697e+01,-1.475778899349096786e-03,4.204077252893544880e+01,2.554913491400233605e-01,nan,8.083003146186592598e-06,1.169176851411671514e+01,1.000000000000000000e+00
1.342000000000000000e+03,1.598448578549991872e+01,3.052433471816366151e+01,-8.754768400207089268e-03,2.615282006508320478e+02,1.418567121900016215e-02,nan,1.105755034590851356e-05,1.696341418723748617e+01,1.000000000000000000e+00
1.343000000000000000e+03,1.257777934236263633e+02,4.903279645561931410e+00,-1.354695604062648153e-03,3.838968042778402889e+01,2.782181930630168720e-01,nan,7.915266254649648046e-06,4.841250805875378660e+01,1.000000000000000000e+00
1.344000000000000000e+03,8.964152028890711676e+01,4.183159244044197322e+01,-8.988733915861161702e-03,2.685830932693847899e+02,1.317014394039195402e-02,nan,1.069475471405753336e-05,1.182355296987480919e+01,1.000000000000000000e+00
1.346000000000000000e+03,3.130936162361100727e+01,3.779795839788815925e+01,-1.248199812368798066e-03,3.517845345432387916e+01,2.852498350733497778e-01,nan,7.213929085286952767e-06,1.169176851411671514e+01,1.000000000000000000e+00
1.347000000000000000e+03,7.992019321965970846e+01,3.510164408669118075e+01,-1.093849076937410039e-03,3.052422968541126025e+01,3.056240871142296145e-01,nan,5.905244778589264124e-06,1.182355296987480919e+01,1.000000000000000000e+00
1.349000000000000000e+03,1.173283621660548590e+02,1.269038445162876094e+01,-1.362594593624335193e-03,3.862786306336167286e+01,2.559705177560649414e-01,nan,7.231816458566727018e-06,1.262467568397118711e+01,1.000000000000000000e+00
1.350000000000000000e+03,4.480247311010780464e+01,3.036745626739489268e+01,-1.328570525183272793e-03,3.760191636080194399e+01,3.062714188394107806e-01,nan,8.972147719692814531e-06,1.540377939008140906e+01,1.000000000000000000e+00
1.353000000000000000e+03,7.892807333247206714e+01,4.542823305984526883e+01,-9.494878357158700183e-03,2.838451487601223562e+02,1.086748602367171301e-02,nan,1.078430208327366730e-05,8.547797895025563975e+00,1.000000000000000000e+00
1.357000000000000000e+03,3.787171341222035181e+01,2.544627346539279955e+01,-1.705266542493654586e-02,5.117393153341994321e+02,4.506594155085696940e-03,nan,1.696739875795151955e-05,1.387096024338101508e+01,1.000000000000000000e+00
1.358000000000000000e+03,7.982630561539483693e+00,1.347370521354108952e+01,-7.461321715877612670e-02,2.247394719130104022e+03,2.203525109554460570e-03,nan,1.478649275559705003e-04,2.093613727552931891e+01,1.000000000000000000e+00
1.358000000000000000e+03,1.556371981280909367e+01,3.298905634499892159e+01,-8.831439647948368526e-03,2.638401115246761037e+02,1.182972947184091073e-02,nan,1.076944734114612024e-05,1.970374522642404003e+01,1.000000000000000000e+00
1.358000000000000000e+03,7.327382719430273994e+01,5.183872051893921196e+01,-9.191034315174631888e-03,2.746831699830704565e+02,1.742903633722914236e-02,nan,1.498853343222220118e-05,8.547797895025563975e+00,1.000000000000000000e+00
1.359000000000000000e+03,1.066129716113223509e+02,2.322670361416971474e+01,-2.723103838515885181e-02,8.186534691794988703e+02,3.186337703230512908e-03,nan,3.106961296553519198e-05,2.010388752018075209e+01,1.000000000000000000e+00
1.359000000000000000e+03,8.202218248546624579e+01,4.372141433633710506e+01,-1.306883882151456703e-03,3.694798692415556474e+01,2.799517302650182948e-01,nan,7.292128963265677132e-06,1.193416859117294848e+01,1.000000000000000000e+00
1.360000000000000000e+03,1.004347430220950912e+02,4.235771992076812609e+01,-1.374928599399156265e-03,3.899977721513191398e+01,3.505842562737717660e-01,nan,1.230704461760517246e-05,1.846299130623409823e+01,1.000000000000000000e+00
1.361000000000000000e+03,5.473187529960877384e+01,2.148521784073750140e+01,-1.331957441524199513e-03,3.770404393728029646e+01,3.117737279188160793e-01,nan,9.250884254813679830e-06,1.731920958157613200e+01,1.000000000000000000e+00
1.361000000000000000e+03,3.436999875686816353e+01,3.886795490051665780e+01,-1.132097420964460650e-03,3.167755332455503137e+01,3.693127010103939289e-01,nan,1.007347872650583484e-05,1.387096024338101508e+01,1.000000000000000000e+00
1.363000000000000000e+03,8.587972361380685982e+01,2.171022175897561013e+01,-1.422035675129683591e-03,4.042022312966691544e+01,3.017304175735781024e-01,nan,9.442789609189663737e-06,2.039183119273854672e+01,1.000000000000000000e+00
1.364000000000000000e+03,1.276016606844218728e+02,2.454674267609122751e+01,-2.496799180022928055e-03,7.282816622403295526e+01,1.957404452140590889e-01,nan,1.499515372369437556e-05,8.272908657052610693e+00,1.000000000000000000e+00
1.368000000000000000e+03,1.383452618351075785e+02,3.734838406295010316e+01,-1.321519666462826282e-03,3.738930788727422794e+01,2.836870900396414319e-01,nan,7.625003104919367108e-06,1.420681867003063203e+01,1.000000000000000000e+00
1.373000000000000000e+03,3.927763075576202567e+01,1.976477840555751087e+01,-1.324708585507402073e-03,3.748546514090131154e+01,2.879032031385800883e-01,nan,7.960484433731811925e-06,1.463978084569425064e+01,1.000000000000000000e+00
1.379000000000000000e+03,2.820963754122680811e+01,1.283471293214634024e+01,-9.225452406792410825e-03,2.757209978861275204e+02,1.306471997661862172e-02,nan,1.199643296160798888e-05,2.103420772871858446e+01,1.000000000000000000e+00
1.379000000000000000e+03,1.132247977160453729e+02,5.250249765769029153e+01,-1.270035838867334408e-03,3.583688733391669956e+01,3.161025269358921364e-01,nan,8.577207287862900924e-06,1.463688401132878880e+01,1.000000000000000000e+00
1.379000000000000000e+03,9.859886831911404670e+01,5.306868034646872445e+01,-1.112264214666033825e-03,3.107951159893644189e+01,3.513396600008719117e-01,nan,7.798239896264198921e-06,1.463688401132878880e+01,1.000000000000000000e+00
1.380000000000000000e+03,1.751805226370583313e+01,3.923791608069063130e+01,-8.970855298521389701e-03,2.680439893542301775e+02,1.267136296682824792e-02,nan,1.075447540205074620e-05,1.470162289450934168e+01,1.000000000000000000e+00
1.382000000000000000e+03,6.590063110615356834e+01,3.014624085193311842e+01,-9.183632099983511654e-03,2.744599668620173816e+02,1.407673857465974177e-02,nan,1.200811860181498492e-05,1.569431012201035713e+01,1.000000000000000000e+00
1.382000000000000000e+03,9.600217942971954699e+01,2.229531680979961905e+01,-1.235286613397891661e-03,3.478907456723845826e+01,3.356558500258953748e-01,nan,9.216126892506760630e-06,1.652484388076862487e+01,1.000000000000000000e+00
1.384000000000000000e+03,9.788597700943863344e+01,5.878198549811942009e+00,-2.193187217845605792e-03,6.367318547876767809e+01,2.016897451400888608e-01,nan,1.277892724272481212e-05,1.652484388076862487e+01,1.000000000000000000e+00
1.385000000000000000e+03,3.192580740697509611e+01,3.631314130919808036e+01,-1.377255616886599284e-03,3.906994507063622279e+01,2.985650987252165267e-01,nan,9.105068889968689308e-06,1.290595706291163758e+01,1.000000000000000000e+00
1.387000000000000000e+03,3.681579486388947231e+01,4.825683212824304036e+01,-1.411272434534897174e-02,4.230896330791929927e+02,5.101952086010830278e-03,nan,1.272306513772617601e-05,1.290595706291163758e+01,1.000000000000000000e+00
1.391000000000000000e+03,9.108993326141118985e+01,1.592576252117472180e+01,-1.612950690253547609e-03,4.617699000705430734e+01,2.881694004946572241e-01,nan,1.212680803957738141e-05,6.582796915381723402e+00,1.000000000000000000e+00
1.392000000000000000e+03,1.660085279382252210e+01,5.085656319635290146e+01,-1.206096159736470179e-03,3.390887854564760318e+01,3.510292303247106727e-01,nan,9.344714628498970794e-06,2.038142498753849097e+01,1.000000000000000000e+00
1.395000000000000000e+03,4.017223151773513479e+01,6.805487563725022504e+00,-3.331649293111537541e-02,1.002151572465300092e+03,2.256254700993332030e-03,nan,3.701427258084484664e-05,2.134536066762316509e+01,1.000000000000000000e+00
1.395000000000000000e+03,6.320674539731500374e+01,8.919874323410788008e+00,-8.331147213526757592e-03,2.487545148594935824e+02,1.589739534344247751e-02,nan,1.168736318444992312e-05,6.261573126956857749e+00,1.000000000000000000e+00
1.395000000000000000e+03,1.143166561538137813e+02,2.574752946304485945e+01,-8.971233211196536286e-03,2.680553847657928372e+02,1.346744443325897933e-02,nan,1.178338252257946417e-05,2.521800472243733537e+01,1.000000000000000000e+00
1.395000000000000000e+03,6.781205819995886230e+00,3.024659024290922815e+01,-1.555524330150494369e-03,4.444538095830717594e+01,2.920871919567943342e-01,nan,1.115492804314947326e-05,5.550055046334515296e+00,1.000000000000000000e+00
1.397000000000000000e+03,3.809374070413788615e+01,3.354917651237999365e+01,1.345497930408465735e-03,-3.811233784680859316e+01,3.289230097581038459e-01,nan,1.038761672446311481e-05,8.007895125851019813e+00,1.000000000000000000e+00
1.398000000000000000e+03,8.094955504844401162e+01,3.786517650745278729e+01,-1.343901114946878398e-03,3.806418818004402738e+01,3.380711656241152108e-01,nan,1.089545008446425780e-05,2.561826297352709858e+01,1.000000000000000000e+00
1.398000000000000000e+03,3.243452159160222692e+01,3.921482946530074543e+01,-1.421787543054513128e-03,4.041274106488205575e+01,2.784246097407520049e-01,nan,9.778901202804314113e-06,7.628214610699362908e+00,1.000000000000000000e+00
1.399000000000000000e+03,1.383254277163679831e+02,4.703940906175431280e+01,-2.190279411560983481e-03,6.358550477489892927e+01,2.093278842941134199e-01,nan,1.410479986528116907e-05,1.146188009312256106e+01,1.000000000000000000e+00
1.403000000000000000e+03,5.644940543042290315e+00,5.286409553221165680e+01,-1.454034471023345860e-03,4.138510066010840660e+01,3.545605184211435557e-01,nan,1.390790044383443024e-05,1.731654597408827811e+01,1.000000000000000000e+00
1.406000000000000000e+03,1.432307531352818728e+02,7.252215351611171812e+00,2.516940942537829531e-03,-7.343551201725283306e+01,2.180323411323868976e-01,nan,1.954105526055999455e-05,1.776638680982062368e+01,1.000000000000000000e+00
1.407000000000000000e+03,1.249445920302206616e+02,8.735970657399162675e+00,-1.444069133054428885e-03,4.108461026911317049e+01,2.615752606186564355e-01,nan,8.000815780137330064e-06,7.248450523789868427e+00,1.000000000000000000e+00
1.407000000000000000e+03,4.765061191718043432e+00,3.556991799178418034e+01,-1.157781186164319291e-03,3.245201021414652587e+01,3.567179642836859621e-01,nan,8.784403026066608854e-06,1.731654597408827811e+01,1.000000000000000000e+00
1.411000000000000000e+03,1.293599072849588083e+02,4.122883802585432278e+01,-1.146623110533358768e-03,3.211555453953118899e+01,3.657360697269383953e-01,nan,9.044802020063129699e-06,9.169619571479289633e+00,1.000000000000000000e+00
1.412000000000000000e+03,2.447874167139367430e+01,2.268475216831602737e+01,-8.831519169471455447e-03,2.638425093814913680e+02,1.476901716988066049e-02,nan,1.328190872971267113e-05,1.553190376978173681e+01,1.000000000000000000e+00
1.416000000000000000e+03,2.901286927638045654e+01,3.754011219678578470e+01,-1.415564260563211647e-03,4.022508695872751616e+01,3.158273236291283537e-01,nan,9.620078074228820335e-06,1.553190376978173681e+01,1.000000000000000000e+00
1.418000000000000000e+03,7.361163243958860569e+00,1.516561599756226819e+01,-7.921594656561795067e-03,2.364050483025778533e+02,2.925852284464969255e-02,nan,1.858123782758445291e-05,7.709096492738926720e+00,1.000000000000000000e+00
1.418000000000000000e+03,1.213778682044884221e+02,1.200135106000391438e+01,-1.216599654300165112e-03,3.422559627244277891e+01,3.287701858197958904e-01,nan,8.517624150622683698e-06,9.478444271370189966e+00,1.000000000000000000e+00
1.418000000000000000e+03,5.414807178102915231e+01,5.257644305169755938e+01,-1.191933161781639139e-03,3.348181377309433060e+01,3.735330740922395698e-01,nan,1.028418838242544785e-05,1.766363241269472795e+01,1.000000000000000000e+00
1.420000000000000000e+03,1.325775347617070850e+02,2.994772986970793838e+01,-1.322369451258266319e-03,3.741493192192714901e+01,3.540433851997732972e-01,nan,1.195436837896508786e-05,1.668600021050213300e+01,1.000000000000000000e+00
1.421000000000000000e+03,1.129138307519149720e+02,7.735090893663342015e+00,-1.167620314035831266e-03,3.274869492171838203e+01,3.720490762811377028e-01,nan,9.664822976671110668e-06,9.478444271370189966e+00,1.000000000000000000e+00
1.421000000000000000e+03,6.802449306375146421e+01,4.164717764201832040e+01,-1.253742683357322082e-03,3.534559073313698718e+01,3.419499024989893776e-01,nan,9.754940256215199627e-06,1.766363241269472795e+01,1.000000000000000000e+00
1.422000000000000000e+03,4.744118215485197076e+00,2.241690857566866413e+01,-1.699169564091649459e-02,5.099008594487868891e+02,7.689705963836890312e-03,nan,2.540584049298389129e-05,7.709096492738926720e+00,1.000000000000000000e+00
1.423000000000000000e+03,4.710125295550044200e+01,3.136350338687286765e+01,-9.299332989282121931e-03,2.779487602749732105e+02,8.750876186003120338e-03,nan,9.313187068219639172e-06,6.317423630754118946e+00,1.000000000000000000e+00
1.423000000000000000e+03,2.690732677142595364e+01,4.538736097119949875e+01,-7.702712984751315661e-03,2.298049872359916037e+02,2.602884151792062006e-02,nan,1.544342988664904875e-05,2.363811222514906518e+01,1.000000000000000000e+00
1.424000000000000000e+03,1.190848418616476607e+02,5.077270897370393499e+01,-8.294821653130873135e-03,2.476591699870439243e+02,3.415294632375243111e-02,nan,2.306968579238217754e-05,2.148079907280089884e+01,1.000000000000000000e+00
1.426000000000000000e+03,1.063250011829490944e+02,3.349233876180531411e+01,-9.016789172616770584e-03,2.694290590658545170e+02,1.283693810823205439e-02,nan,1.083779759450857825e-05,2.120120169381184283e+01,1.000000000000000000e+00
1.429000000000000000e+03,7.168778848103617918e+01,1.947725649060581077e+01,-1.302217446205833178e-03,3.680727727976334052e+01,3.225011688144693300e-01,nan,9.077698696264274980e-06,2.413812838412537687e+01,1.000000000000000000e+00
1.434000000000000000e+03,9.935178692631210140e+01,1.771280058911303357e+01,-9.290883141085712338e-03,2.776939672919044142e+02,1.248776972823684162e-02,nan,1.160258620156517078e-05,1.703974637395308278e+01,1.000000000000000000e+00
1.434000000000000000e+03,1.321748177903113515e+02,2.864897359855168091e+01,-8.846450921244607135e-03,2.642927548164733480e+02,1.503872190152510946e-02,nan,1.212799704805272447e-05,8.745944207076011168e+00,1.000000000000000000e+00
1.434000000000000000e+03,8.107739793872812584e+01,4.171426339622467339e+01,-1.182636569477748308e-03,3.320148844293163393e+01,3.286495211666670135e-01,nan,7.888930817863728238e-06,7.466271715660842467e+00,1.000000000000000000e+00
1.434000000000000000e+03,7.779691853808628821e+01,4.842124992029356179e+01,-1.271066287864231099e-03,3.586795903694814314e+01,3.298458262828727339e-01,nan,9.095125853659171244e-06,7.466271715660842467e+00,1.000000000000000000e+00
1.436000000000000000e+03,2.151602965816242019e+01,4.327790173958878484e+01,-1.709935697597834850e-03,4.910143299819637974e+01,2.079771890311685745e-01,nan,7.952261232565943424e-06,5.594770008630739966e+01,1.000000000000000000e+00
1.438000000000000000e+03,1.442502771706206204e+02,6.293638420707461378e+00,-1.164568910847626646e-03,3.265668426036723559e+01,3.598588250004479683e-01,nan,8.993171691658847261e-06,1.788799493339974589e+01,1.000000000000000000e+00
1.439000000000000000e+03,1.264503420005423067e+02,8.066396350697907280e+00,-1.647915001115249616e-03,4.723128836346558046e+01,2.281098725026020624e-01,nan,8.405792582991962442e-06,1.134221579107641631e+01,1.000000000000000000e+00
1.439000000000000000e+03,7.362053315068422421e+01,7.075312865699421749e+00,-1.495850924101757313e-03,4.264601548053487790e+01,3.197557209780663712e-01,nan,1.188864634926681313e-05,1.002488126829181248e+01,1.000000000000000000e+00
1.440000000000000000e+03,1.031705277800747211e+02,2.595462179280076498e+01,-1.321173202308924960e-03,3.737886076050378392e+01,3.134598190597319700e-01,nan,9.218748304273294573e-06,1.579933384572004229e+01,1.000000000000000000e+00
1.442000000000000000e+03,9.609864614697627871e+01,1.102803119740377902e+01,-9.206327041058151930e-03,2.751443000716289475e+02,1.827205609647764017e-02,nan,1.524434112650423807e-05,1.651710073333540052e+01,1.000000000000000000e+00
1.442000000000000000e+03,1.142767053508045336e+02,7.828913013560436340e+00,-7.104704040868401425e-03,2.117728901885537596e+02,2.254705992348993160e-02,nan,1.204506217206793171e-05,1.217595284219090068e+01,1.000000000000000000e+00
1.442000000000000000e+03,1.573150153343863167e+01,2.996275968559073632e+01,-1.179990952653894474e-03,3.312171368403203076e+01,3.517624239000076702e-01,nan,8.787365806197005230e-06,9.956787338108711083e+00,1.000000000000000000e+00
1.445000000000000000e+03,1.374947307562736967e+02,4.637421089165764698e+01,-1.903195226144448757e-03,5.492889529577856678e+01,1.951414040950851803e-01,nan,9.566960633991163093e-06,3.993883484676864981e+01,1.000000000000000000e+00
1.449000000000000000e+03,1.060560587387650742e+02,1.498818058895115435e+01,-8.982151439799933301e-03,2.683846081992822974e+02,1.275770698248046564e-02,nan,9.962212743434009781e-06,2.313640699279707746e+01,1.000000000000000000e+00
1.449000000000000000e+03,6.033955564145890094e+01,2.081288288390218000e+01,-8.170075396465598799e-03,2.438976265695039558e+02,1.660479616031029781e-02,nan,1.153119684634376199e-05,1.006072671806303198e+01,1.000000000000000000e+00
1.449000000000000000e+03,1.897063495708750480e+01,2.794578533189758929e+01,-1.685292851645375876e-03,4.835836352693642226e+01,2.142913767519697421e-01,nan,8.183411450290045363e-06,6.160936629593916969e+00,1.000000000000000000e+00
1.449000000000000000e+03,4.295519135810331335e+01,1.791919000891363467e+01,-1.194635414738899355e-03,3.356329631289658266e+01,3.307560663413288138e-01,nan,8.347781771804618602e-06,1.026353393436099815e+01,1.000000000000000000e+00
1.451000000000000000e+03,1.442115739508397496e+02,2.224496159418346863e+01,-8.663185579853242141e-03,2.587666528154840080e+02,1.439187314331491496e-02,nan,1.156676967515973279e-05,3.883946719069099629e+01,1.000000000000000000e+00
1.452000000000000000e+03,1.064318315778733961e+02,5.060807091023326620e+01,-1.238746424148801355e-03,3.489340016949631718e+01,2.963784834509756161e-01,nan,7.725589263206480270e-06,1.304259752715482001e+01,1.000000000000000000e+00
1.452000000000000000e+03,3.836744622010705541e+01,8.738083138248669002e+00,-1.170174526463281560e-03,3.282571351289947614e+01,3.705997982541515690e-01,nan,9.817086076965683935e-06,1.026353393436099815e+01,1.000000000000000000e+00
1.453000000000000000e+03,2.784078993583731787e+01,1.995722953088225182e+01,-1.341266848814315956e-03,3.798475568486642118e+01,3.150648908608663090e-01,nan,9.407803734208980122e-06,1.193719703837445678e+01,1.000000000000000000e+00
1.453000000000000000e+03,1.032654209534604632e+02,3.795567216481941841e+01,-1.282032041372297738e-03,3.619861551538109978e+01,2.717104020029559308e-01,nan,7.074019879818528762e-06,1.304259752715482001e+01,1.000000000000000000e+00
1.454000000000000000e+03,4.881881259450437227e+01,4.028016787580450853e+01,-1.025049854315981555e-03,2.844968837329874844e+01,3.353757053770423102e-01,nan,6.076098950372176055e-06,1.278694731097401061e+01,1.000000000000000000e+00
1.455000000000000000e+03,1.309446172701369981e+01,4.312836757171314872e+01,-1.425761236164305775e-03,4.053256204837313703e+01,2.313957448889859547e-01,nan,6.919697411528937382e-06,9.039014206941351048e+00,1.000000000000000000e+00
1.457000000000000000e+03,2.164817104923545443e+01,4.020641023728401109e+01,-1.975124800867840771e-03,5.709782785984918974e+01,1.736324887794371552e-01,nan,8.717749061524533168e-06,9.039014206941351048e+00,1.000000000000000000e+00
1.458000000000000000e+03,6.774115798965461011e+01,5.750444043555211771e+00,-8.725739105926737585e-03,2.606528641578975680e+02,1.555960300404501950e-02,nan,1.147726368312826352e-05,3.937457280002880822e+01,1.000000000000000000e+00
1.460000000000000000e+03,9.064953280224368370e+01,3.906704862304442827e+01,-1.384563373608952916e-03,3.929029993282428279e+01,2.919950538711686416e-01,nan,8.846641269343412378e-06,3.861331060468927490e+01,1.000000000000000000e+00
1.462000000000000000e+03,2.216006324496785496e+01,5.011197409625339105e+01,-9.064081906125388138e-03,2.708551032228679105e+02,1.718988179761549162e-02,nan,1.488073010493474113e-05,9.918781628011178242e+00,1.000000000000000000e+00
1.465000000000000000e+03,3.161578554495951110e+01,2.908421983500423735e+01,-8.712807279430412333e-03,2.602629235846541746e+02,1.624333988932558093e-02,nan,1.324525668808390418e-05,1.584994957629493051e+01,1.000000000000000000e+00
1.465000000000000000e+03,1.154481098307862794e+02,8.532050299188167486e+00,-1.292399553938915202e-03,3.651123290121468301e+01,2.908579434860080193e-01,nan,7.700538426771603453e-06,9.106160160416365557e+00,1.000000000000000000e+00
1.466000000000000000e+03,1.163004692465409562e+02,2.979869806368621710e+01,-1.679786590859807431e-03,4.819233017598153879e+01,2.473218244941445265e-01,nan,9.948349370910059239e-06,1.527885693837696302e+01,1.000000000000000000e+00
1.467000000000000000e+03,7.388079286619486652e+01,3.872758376578428852e+01,-1.741181296923439287e-02,5.225688914456827661e+02,2.882987116494928337e-03,nan,1.076664743784756445e-05,2.829092052305181326e+01,1.000000000000000000e+00
1.467000000000000000e+03,1.195420839819363152e+02,4.686553249637500329e+01,-1.911795548079064542e-03,5.518822559735774291e+01,1.808253315644053894e-01,nan,8.334265589387108864e-06,1.217822095145420569e+01,1.000000000000000000e+00
1.467000000000000000e+03,1.214228307683296322e+02,1.540408512052276890e+01,-1.040481209558705459e-03,2.891499863020481698e+01,3.720851791191110980e-01,nan,7.674036754225737507e-06,9.106160160416365557e+00,1.000000000000000000e+00
1.469000000000000000e+03,5.496259852461262341e+01,1.680557538109057347e+01,-1.491672111617705840e-03,4.252000941820713109e+01,2.882728280759713213e-01,nan,1.005334141917337447e-05,1.153809108790515481e+01,1.000000000000000000e+00
1.470000000000000000e+03,6.280962873559619197e+01,8.346753783450182596e+00,-2.230530260439375634e-02,6.701250123104930481e+02,2.500567958515831357e-03,nan,2.136977138527182876e-05,1.153809108790515481e+01,1.000000000000000000e+00
1.470000000000000000e+03,4.745880249562162589e+01,2.861548166488709910e+01,-1.663775256995455795e-02,4.992282167230562777e+02,5.230896724924716246e-03,nan,1.562262488609829732e-05,1.399217071353682940e+01,1.000000000000000000e+00
1.470000000000000000e+03,1.280948526771552167e+02,5.615477338062923707e+00,1.160938126387039753e-03,-3.254720319253148375e+01,3.320315466621950318e-01,nan,7.981477662479587740e-06,1.184621115254502222e+01,1.000000000000000000e+00
1.473000000000000000e+03,3.229858081983422835e+01,2.197328024634585475e+01,-9.374758446674459969e-03,2.802231061379547441e+02,1.191448618137147530e-02,nan,1.139095312428244025e-05,1.655147005384975856e+01,1.000000000000000000e+00
1.473000000000000000e+03,1.237483940929092228e+02,1.853596417026571430e+01,-1.115152727949545158e-03,3.116661055018772686e+01,3.487295250825164228e-01,nan,7.895471115706176007e-06,1.363197279214169377e+01,1.000000000000000000e+00
1.474000000000000000e+03,1.027807167455529935e+02,2.637535997389614550e+01,-1.414195249184764438e-03,4.018380639547219602e+01,2.989904073369493709e-01,nan,9.720112868007015972e-06,1.107258002265561458e+01,1.000000000000000000e+00
1.475000000000000000e+03,9.664600133303711971e+01,4.433528667791224365e+01,-1.730087462404794520e-03,4.970908039610450402e+01,3.469912776928029130e-01,nan,2.015218673840445983e-05,8.171254016677737653e+00,1.000000000000000000e+00
1.475000000000000000e+03,1.035320883352308243e+02,1.532830294080641842e+01,-1.219767216095909036e-03,3.432110952904015022e+01,3.250661810925158379e-01,nan,8.417860526902057553e-06,1.107258002265561458e+01,1.000000000000000000e+00
1.475000000000000000e+03,4.099885327216730957e+01,4.148932857911128735e+01,-1.033346207220511891e-03,2.869985292726497406e+01,3.448402584498798662e-01,nan,6.690947531066976073e-06,1.440371057542075484e+01,1.000000000000000000e+00
1.476000000000000000e+03,8.375336208617120803e+01,1.208359906076815271e+01,-9.017836698861737138e-03,2.694606457086667319e+02,1.317917246491884242e-02,nan,1.142048951293614614e-05,1.528474401377734004e+01,1.000000000000000000e+00
1.477000000000000000e+03,9.698016920504532834e+01,3.617086850890659377e+01,-8.592312981833502908e-03,2.566295918591746386e+02,1.497847483595138307e-02,nan,1.123187072758832981e-05,8.171254016677737653e+00,1.000000000000000000e+00
1.480000000000000000e+03,3.771679148768064493e+01,1.506836125079566635e+01,-1.192883118370477750e-03,3.351045834367477738e+01,3.329473320004312509e-01,nan,8.390715075372601883e-06,1.903419086309786934e+01,1.000000000000000000e+00
1.480000000000000000e+03,7.896647624073372640e+01,2.659942227095683620e+01,1.129667977747018113e-03,-3.160429696891641171e+01,3.627193457690419676e-01,nan,8.728291982146592462e-06,1.528474401377734004e+01,1.000000000000000000e+00
1.482000000000000000e+03,1.322903425321584905e+02,1.932104667865242931e+01,-1.422377158012065297e-03,4.043052005338039834e+01,3.146146553762866338e-01,nan,1.072879476663320663e-05,2.990952971247770975e+01,1.000000000000000000e+00
1.483000000000000000e+03,5.556653908015643140e+01,3.310195200368969637e+01,-1.643826005082951996e-03,4.710799058667611661e+01,2.367884348338439304e-01,nan,9.059867447497047866e-06,1.619008741826336006e+01,1.000000000000000000e+00
1.486000000000000000e+03,3.305627185392920353e+01,2.417368987250899437e+01,-1.271087448534820785e-03,3.586859710644453259e+01,2.817067120247046530e-01,nan,7.101888144195211355e-06,1.180081543336850736e+01,1.000000000000000000e+00
1.486000000000000000e+03,5.607851913195013083e+01,4.928394221001397568e+01,-1.680533888685470812e-03,4.821486386390299828e+01,2.448129881879216319e-01,nan,9.903051271412798169e-06,1.619008741826336006e+01,1.000000000000000000e+00
1.487000000000000000e+03,3.809174056995492919e+01,1.350114098752586855e+01,-1.016994629315991043e-03,2.820679468345584695e+01,3.707806291214992278e-01,nan,7.588174770260570414e-06,1.180081543336850736e+01,1.000000000000000000e+00
1.488000000000000000e+03,8.522986642000229551e+01,2.695718550593185370e+01,-8.461131132885039985e-03,2.526739924399723236e+02,2.045804934840522726e-02,nan,1.741734081947945965e-05,8.420148049996010187e+00,1.000000000000000000e+00
1.490000000000000000e+03,3.113865603798454629e+01,3.948772583437000350e+01,-9.147103767680627578e-03,2.733585076952199984e+02,1.293555573079685495e-02,nan,1.198168004614385735e-05,1.543363041732998475e+01,1.000000000000000000e+00
1.490000000000000000e+03,1.012414088686871594e+02,1.416044213763652948e+01,-1.276001799196967634e-03,3.601678226148516160e+01,3.332386047968147746e-01,nan,9.538959948945463724e-06,2.049697861686076905e+01,1.000000000000000000e+00
1.491000000000000000e+03,8.964432090350791782e+01,3.412736575449665111e+01,-9.105192593264671563e-03,2.720947366894997117e+02,2.020390621617484950e-02,nan,1.910258346396154048e-05,8.420148049996010187e+00,1.000000000000000000e+00
1.496000000000000000e+03,1.098465397680420637e+02,1.804081306344358993e+01,-1.227345192805042676e-03,3.454961248512482541e+01,3.718280846658265082e-01,nan,1.084450961190300862e-05,1.860378094800542215e+01,1.000000000000000000e+00
1.497000000000000000e+03,1.394598386459672952e+02,2.096362959553553296e+01,-8.930176193253905673e-03,2.668173696163657951e+02,2.013938572559259566e-02,nan,1.687071352395504503e-05,1.740404049275382903e+01,1.000000000000000000e+00
1.499000000000000000e+03,2.364276283711334870e+01,5.012584686954473767e+01,-1.125026910787077158e-03,3.146435228969151510e+01,3.388687989262839650e-01,nan,7.757544547803083554e-06,3.249381058651314191e+01,1.000000000000000000e+00
1.500000000000000000e+03,1.257241557306198700e+02,8.345351397990830478e+00,-1.191519001200549250e-03,3.346932535821721899e+01,3.598282719097304350e-01,nan,1.035520162159824183e-05,9.634419044451290048e+00,1.000000000000000000e+00
1.502000000000000000e+03,2.222533046751609831e+01,1.766296634563233425e+01,-1.248513375985462305e-03,3.518790851285447729e+01,3.699893772050011354e-01,nan,1.066511677326301086e-05,9.143653035569281329e+00,1.000000000000000000e+00
1.503000000000000000e+03,1.212595804582999506e+02,1.688289190810703388e+01,-1.585681067968850626e-03,4.535471388474115173e+01,2.731327317153767753e-01,nan,1.011542025818617378e-05,9.634419044451290048e+00,1.000000000000000000e+00
1.507000000000000000e+03,9.004569381265100958e+01,2.341739761547552945e+01,-1.285391935543073226e-03,3.629992827729927285e+01,3.173382585094552955e-01,nan,8.804652062263891970e-06,1.460086709500908775e+01,1.000000000000000000e+00
1.509000000000000000e+03,1.069724511876646460e+02,4.129661477555081461e+01,-1.833389329397588918e-02,5.503728934950686380e+02,4.515049120591640985e-03,nan,2.124984855063544365e-05,2.462075387736348375e+01,1.000000000000000000e+00
1.511000000000000000e+03,3.999273635237181423e+01,3.208842974897387279e+01,-1.279428499415401384e-03,3.612010946339967177e+01,3.246781877571323083e-01,nan,9.231985307281643578e-06,3.775027751742621174e+00,1.000000000000000000e+00
1.512000000000000000e+03,1.340915533914548234e+02,1.113508455493047755e+01,-6.937456876235172792e-03,2.067297932007507484e+02,3.596149676328508349e-02,nan,2.190199063267221256e-05,7.653171562842651987e+00,1.000000000000000000e+00
1.512000000000000000e+03,7.403670612971717446e+01,2.898552680823643612e+01,-1.160015462357679187e-03,3.251938158971132964e+01,3.107141861903659485e-01,nan,6.796906509909613319e-06,1.694968286840799365e+01,1.000000000000000000e+00
1.514000000000000000e+03,1.417358343705049322e+02,1.076629832466129422e+01,-9.095903392688063291e-03,2.718146342462104030e+02,2.172642117341549994e-02,nan,2.059102079271919356e-05,7.653171562842651987e+00,1.000000000000000000e+00
1.516000000000000000e+03,8.001951834596414415e+01,5.099143164877612122e+01,-8.940725599961500680e-03,2.671354717576298299e+02,1.326323860546074762e-02,nan,1.085574873434736488e-05,1.881329769522981366e+01,1.000000000000000000e+00
1.516000000000000000e+03,4.894967214637419239e+00,4.727312467403582019e+01,-1.241073446550194047e-03,3.496356817317368382e+01,3.310934661022196801e-01,nan,8.865912298046037547e-06,3.824170966906295632e+01,1.000000000000000000e+00
1.516000000000000000e+03,1.032245627937936945e+02,9.418722025289934408e+00,-1.703883594351780469e-03,4.891894055524834073e+01,2.064021432772944475e-01,nan,6.852333272334572098e-06,3.091467303545768885e+01,1.000000000000000000e+00
1.516000000000000000e+03,4.199827215356064158e+01,3.750473107786518767e+01,-1.227980849188410606e-03,3.456877978640177673e+01,3.304509055716918775e-01,nan,8.492153169382811074e-06,5.775681252908606567e+00,1.000000000000000000e+00
1.517000000000000000e+03,2.669362945362169626e+01,5.615437887617278356e+00,-1.261347715490701961e-03,3.557490950651111916e+01,3.719572554985228763e-01,nan,1.135801260783667037e-05,3.083376112101132804e+01,1.000000000000000000e+00
1.518000000000000000e+03,1.304433701412986295e+02,2.483998110340513321e+01,-1.335548693946773729e-03,3.781233297353655587e+01,3.214876400187541838e-01,nan,9.581337432247462695e-06,1.804406537686601197e+01,1.000000000000000000e+00
1.520000000000000000e+03,5.716595593421439503e+01,1.032268163823809992e+01,-1.364879650379879341e-03,3.869676565352585129e+01,2.821525231502803877e-01,nan,7.929586956440245346e-06,2.784427982149147951e+01,1.000000000000000000e+00
1.520000000000000000e+03,7.116222450618133166e+01,3.439358492080911844e+01,-1.537676254555635658e-03,4.390719798541252317e+01,2.461985532596043802e-01,nan,8.146229623925618570e-06,1.881329769522981366e+01,1.000000000000000000e+00
1.524000000000000000e+03,1.431438226191913259e+02,2.864844794552863760e+01,-1.860382650578575048e-02,5.585123401061464392e+02,3.396362827863930178e-03,nan,1.361763168026957629e-05,2.395203432790093245e+01,1.000000000000000000e+00
1.528000000000000000e+03,6.503356227074185369e+01,9.216264249413116616e+00,-1.806041152717401815e-02,5.421264453271602406e+02,4.445681343914431594e-03,nan,1.608165341742310526e-05,1.129829226458851288e+01,1.000000000000000000e+00
1.532000000000000000e+03,3.003744487337630176e+01,2.658632174217780531e+01,-9.521151554172026243e-03,2.846373791157665210e+02,1.001589965278903982e-02,nan,9.916346041399193788e-06,1.930805578141813683e+01,1.000000000000000000e+00
1.533000000000000000e+03,6.884228511344750245e+01,1.985322990713303071e+01,-1.358374523898216776e-03,3.850061294841486159e+01,3.205049086918626555e-01,nan,9.995457625848677222e-06,7.374209753350334573e+00,1.000000000000000000e+00
1.535000000000000000e+03,5.800098698774331751e+01,1.810216116027578437e+01,-1.346844728552319854e-03,3.815294860201836968e+01,2.982290568459393665e-01,nan,8.668988824185939443e-06,9.735144784466719159e+00,1.000000000000000000e+00
1.536000000000000000e+03,1.618064370269784646e+01,1.314050159706807896e+01,-1.929916905622596499e-03,5.573464899319288435e+01,1.726791754286804981e-01,nan,8.015319157273828046e-06,1.930805578141813683e+01,1.000000000000000000e+00
1.538000000000000000e+03,1.000997087788034463e+02,2.990737992888163177e+01,-7.140404238465750120e-03,2.128493781479280642e+02,2.078561572025217075e-02,nan,1.073441892942018555e-05,3.283462298939004143e+01,1.000000000000000000e+00
1.538000000000000000e+03,1.443036975770547770e+02,4.244949588086465297e+01,-9.064759420692871522e-03,2.708755326973044930e+02,1.216901221510846565e-02,nan,1.018374623678179872e-05,1.242230802601613071e+01,1.000000000000000000e+00
1.543000000000000000e+03,2.217798194441964910e+01,2.779357242238748782e+01,-6.754379115281361305e-03,2.012093474172623928e+02,2.012661184989927854e-02,nan,8.930889856388493311e-06,1.566365114990627916e+01,1.000000000000000000e+00
1.544000000000000000e+03,1.004768623440239281e+02,9.657356154497641398e+00,-8.717765940085166546e-03,2.604124448436027137e+02,1.617363538480021123e-02,nan,1.288405161825405447e-05,1.127586332003643221e+01,1.000000000000000000e+00
1.544000000000000000e+03,2.983674647078893472e+01,4.145714784303005729e+01,-1.178161865316134770e-03,3.306656019390432988e+01,3.412830586649769904e-01,nan,8.284995675734768008e-06,1.566365114990627916e+01,1.000000000000000000e+00
1.545000000000000000e+03,1.067181489121371953e+02,2.728449297637422433e+01,-1.657482957316840652e-03,4.751979628050854387e+01,3.271421377152328169e-01,nan,1.547813175939935040e-05,1.869945481992639102e+01,1.000000000000000000e+00
1.546000000000000000e+03,1.040657940184958932e+02,4.619806528492912179e+01,-9.058989086783011263e-03,2.707015366022242233e+02,1.277644686798051765e-02,nan,1.172809195450594869e-05,1.909864403440091252e+01,1.000000000000000000e+00
1.546000000000000000e+03,6.451940791251560370e+01,5.722175314417058622e+00,-1.677807047637646558e-03,4.813263990569924289e+01,2.856737494283834167e-01,nan,1.256581968544127301e-05,1.650050912965462047e+01,1.000000000000000000e+00
1.546000000000000000e+03,4.605821493454726578e+01,1.672276383162492408e+01,-1.458868856989463652e-03,4.153087459509302448e+01,2.160672557720210163e-01,nan,6.198430546139217779e-06,2.149019762344481066e+01,1.000000000000000000e+00
1.552000000000000000e+03,1.235546506740619179e+02,4.046900793386326001e+01,-3.646330118702820200e-02,1.097039036006997094e+03,1.281473799634169630e-03,nan,2.749011236654567704e-05,4.875836963705634020e+01,1.000000000000000000e+00
1.555000000000000000e+03,3.141667871974379622e+01,4.925712300758318918e+01,-9.476023384847992101e-03,2.832766042692560404e+02,6.728363206594212276e-02,nan,6.286549655113350557e-05,2.232365225545478538e+01,1.000000000000000000e+00
1.559000000000000000e+03,4.305325280361599027e+01,3.020625442861741305e+01,-8.701884758489829980e-03,2.599335707219287315e+02,1.744468168683277476e-02,nan,1.431998970435974933e-05,2.232365225545478538e+01,1.000000000000000000e+00
1.559000000000000000e+03,1.412530815039350500e+02,3.323541049411392123e+01,-1.130751351326284623e-03,3.163696453638307560e+01,3.551234392655048255e-01,nan,9.184468706050947858e-06,4.970019781903883604e+00,1.000000000000000000e+00
1.562000000000000000e+03,1.221791066307468014e+02,3.186387659111406379e+01,-1.816618001782612998e-02,5.453157415868719227e+02,3.743956364344769305e-03,nan,1.655487854280633214e-05,1.399207862631409327e+01,1.000000000000000000e+00
1.562000000000000000e+03,6.370222152374679148e+00,1.517543448231177372e+01,-1.076076121371316672e-03,2.998831184861993648e+01,3.675897628478783652e-01,nan,8.097764060163581824e-06,3.469257488928737843e+01,1.000000000000000000e+00
1.564000000000000000e+03,3.988821657761840100e+01,6.224523793552545925e+00,-8.639317174682621323e-03,2.580469354888340376e+02,1.568447619773782886e-02,nan,1.242092448227850574e-05,2.418968496208013619e+01,1.000000000000000000e+00
1.564000000000000000e+03,1.378909681919047046e+02,3.689564145808112272e+01,-1.317315822244887738e-03,3.726254702912054739e+01,2.854054529416031327e-01,nan,7.666262107130075097e-06,4.970019781903883604e+00,1.000000000000000000e+00
1.565000000000000000e+03,1.222891071664732010e+02,4.585552281902790384e+01,-9.612290357047524256e-03,2.873855382445705686e+02,1.300064195226169339e-02,nan,1.327584211395106193e-05,6.918217259676286979e+00,1.000000000000000000e+00
1.566000000000000000e+03,1.080370455623629340e+02,4.727835528646161833e+01,-1.408287654766619433e-03,4.000567140776914954e+01,3.035451351908198259e-01,nan,9.868641634802074016e-06,1.432290865005211167e+01,1.000000000000000000e+00
1.567000000000000000e+03,3.076886331878795744e+01,4.640649115989483420e+01,-8.866170975388040776e-03,2.648873846020853193e+02,1.879903442147101700e-02,nan,1.581046267549730309e-05,3.963171194846120216e+01,1.000000000000000000e+00
1.571000000000000000e+03,1.361014461323245257e+02,4.746237836790658093e+01,-1.605729443103962994e-03,4.595924371623906524e+01,2.139429545868033467e-01,nan,7.713667793106940344e-06,1.645284328839817789e+01,1.000000000000000000e+00
1.571000000000000000e+03,5.111318777679597503e+01,7.336391899022710383e+00,-1.192337535461754274e-03,3.349400707809061117e+01,3.711735296610354506e-01,nan,1.024172723550962111e-05,2.570558862933480526e+01,1.000000000000000000e+00
1.572000000000000000e+03,7.083077044846311310e+01,2.382863917968639456e+01,-2.964045998234349135e-03,8.691732000221546173e+01,9.432818109632989945e-02,nan,8.990926490764560659e-06,1.136789309325199326e+01,1.000000000000000000e+00
1.575000000000000000e+03,3.112773095483347419e+01,5.021803855238957937e+01,-2.037843074745071797e-03,5.898900693462812228e+01,1.887299854252485476e-01,nan,1.006894354197270186e-05,4.731019027743111849e+01,1.000000000000000000e+00
1.575000000000000000e+03,7.946038100986727670e+01,3.470017570752526126e+01,-1.318227611573738424e-03,3.729004072103407452e+01,3.733123353553139401e-01,nan,1.251967282236088649e-05,1.388021919559028561e+01,1.000000000000000000e+00
1.576000000000000000e+03,1.159981460834149800e+02,5.280855760247902708e+01,-1.288411498741135353e-03,3.639097884967831220e+01,2.873091226718846869e-01,nan,7.443662988127912541e-06,2.044944121952651983e+01,1.000000000000000000e+00
1.577000000000000000e+03,1.172017458547162079e+02,3.239456745401971460e+01,-1.295187647532110124e-03,3.659530384156448690e+01,3.227537299908556090e-01,nan,9.458530662122190220e-06,2.044944121952651983e+01,1.000000000000000000e+00
1.578000000000000000e+03,5.316611470949388973e+01,7.495889263889483622e+00,-1.416937424715509564e-03,4.026649274288773483e+01,2.853364881268144471e-01,nan,9.645965054165864431e-06,1.223052300427644390e+01,1.000000000000000000e+00
1.583000000000000000e+03,4.171461873288339461e+01,1.179111136010394389e+01,-1.405138779854360129e-03,3.991072162718656813e+01,2.595933992096621790e-01,nan,7.744397462075324338e-06,1.223052300427644390e+01,1.000000000000000000e+00
1.585000000000000000e+03,1.001990755829751407e+02,1.064793301417392790e+01,-8.796667593097228649e-03,2.627916103709251843e+02,3.827846049210148482e-02,nan,3.127030062686739117e-05,6.859278957142168842e+00,1.000000000000000000e+00
1.586000000000000000e+03,3.485801511811386177e+01,2.759920183933760285e+01,-7.739793813332233180e-03,2.309231061310518385e+02,1.773194382203779895e-02,nan,1.156269012626018759e-05,1.723103994916466064e+01,1.000000000000000000e+00
1.586000000000000000e+03,1.327552573962530857e+02,5.025018941146901597e+01,-1.799551512856453414e-03,5.180366863239294872e+01,2.223842895113397056e-01,nan,9.847331214091928993e-06,3.894814011045760793e+01,1.000000000000000000e+00
1.587000000000000000e+03,1.065207669708172631e+02,7.985992780288857951e+00,-9.019524153555938048e-03,2.695115284707395631e+02,3.108744148460551582e-02,nan,2.871202907060165123e-05,6.859278957142168842e+00,1.000000000000000000e+00
1.588000000000000000e+03,1.358123292017228891e+02,1.142221071002179933e+01,-1.271143374572587109e-03,3.587028347543750328e+01,2.990980214145532168e-01,nan,7.894651295559146798e-06,1.046316634956936831e+01,1.000000000000000000e+00
1.592000000000000000e+03,1.431915696144527885e+02,1.884007165438403675e+01,-1.621753106914345516e-03,4.644241418357058393e+01,2.541029589077320461e-01,nan,1.000161588400778731e-05,1.046316634956936831e+01,1.000000000000000000e+00
1.593000000000000000e+03,9.458042575190552270e+01,1.318273865116711185e+01,-1.015816912969299884e-03,2.817128234593126734e+01,3.747086121325873265e-01,nan,7.411439513985096318e-06,9.069796513241643154e+00,1.000000000000000000e+00
1.595000000000000000e+03,9.504207430415681301e+01,2.224077869335143376e+01,-1.563365811267977213e-03,4.468182950970842171e+01,3.536512576240061767e-01,nan,1.604900349635504569e-05,9.069796513241643154e+00,1.000000000000000000e+00
1.596000000000000000e+03,3.609087782376608544e+01,2.247623340809090564e+01,-1.801979218629298427e-02,5.409016276981564033e+02,3.912331023436466104e-03,nan,1.428817317946309076e-05,1.104107591361904639e+01,1.000000000000000000e+00
1.596000000000000000e+03,9.297890149537209936e+01,3.757671054692777091e+01,-9.134513422478193409e-03,2.729788639977915068e+02,1.188433981124470407e-02,nan,1.007933918832440648e-05,1.547409085718595456e+01,1.000000000000000000e+00
1.599000000000000000e+03,7.674190687534057531e+01,2.327831009026930786e+01,-2.830410924925533950e-03,8.288774714131551491e+01,1.332156105408096591e-01,nan,1.301453999114269158e-05,1.832955534982496459e+01,1.000000000000000000e+00
1.599000000000000000e+03,1.366426486130189915e+02,4.475341360338249785e+01,-9.078519603539848479e-03,2.712904511613597833e+02,1.415320958004784302e-02,nan,1.220794150914361121e-05,7.400316353056761720e+00,1.000000000000000000e+00
1.600000000000000000e+03,2.506260077633458749e+01,2.300770560434792245e+01,-8.891964636217207854e-03,2.656651552358491699e+02,1.437941451929558578e-02,nan,1.134396961040163912e-05,1.104107591361904639e+01,1.000000000000000000e+00
1.603000000000000000e+03,8.571051181216856207e+01,4.502341523705620574e+01,-1.824019525056846253e-02,5.475475641598462744e+02,2.083822782047284328e-02,nan,7.200175853265802155e-05,7.569572998267541486e+00,1.000000000000000000e+00
1.603000000000000000e+03,8.147741594209350069e+01,5.129871082617824385e+01,-9.472107900858466392e-03,2.831585384978172897e+02,2.713418212378768679e-01,nan,3.717462141942366760e-04,7.569572998267541486e+00,1.000000000000000000e+00
1.605000000000000000e+03,8.903294794431734260e+01,1.911001632143534223e+01,-1.871641273811513887e-03,5.397743138120355155e+01,2.191443045165786252e-01,nan,1.079574827179001504e-05,2.185391930739792699e+01,1.000000000000000000e+00
1.607000000000000000e+03,5.355378933923107709e+00,2.426539129084042656e+01,1.488899728995246021e-03,-4.243641221951604336e+01,3.356962618887263661e-01,nan,1.412164903842200689e-05,3.647435817413493986e+00,1.000000000000000000e+00
1.608000000000000000e+03,1.139323395516211832e+02,2.400973405981569897e+01,-9.063027050353172562e-03,2.708232955687346930e+02,9.304095536494139118e-03,nan,8.680663853301521512e-06,6.573104883065873594e+00,1.000000000000000000e+00
1.608000000000000000e+03,9.240837064508555443e+01,4.070168857453789002e+01,-1.412979774613912698e-03,4.014715551316601960e+01,3.107700092940361980e-01,nan,1.028109742405596653e-05,7.971112487677356029e+00,1.000000000000000000e+00
1.612000000000000000e+03,2.381671053432624063e+01,4.876569555455385085e+01,-1.105806414324398334e-03,3.088478594530784349e+01,3.488434382979093140e-01,nan,7.802777460018600888e-06,2.710135178949769497e+01,1.000000000000000000e+00
1.614000000000000000e+03,1.070907678900782969e+02,1.300400620049674849e+01,-1.305554194500779417e-03,3.690789211118486435e+01,3.377520895077921192e-01,nan,1.014289467910083142e-05,1.095705729409793250e+01,1.000000000000000000e+00
1.615000000000000000e+03,3.624991090052076714e+01,6.523801006469343022e+00,1.670978496341856984e-03,-4.792673479187339325e+01,2.445137453277385076e-01,nan,9.818434676717151339e-06,1.244911798025146688e+01,1.000000000000000000e+00
1.615000000000000000e+03,9.208209129416009375e+01,3.499455698904974810e+01,-1.138065841473960126e-03,3.185752243529844208e+01,3.164004117486026724e-01,nan,7.397050827921070729e-06,1.053767315557042394e+01,1.000000000000000000e+00
1.615000000000000000e+03,1.132719308772977200e+02,3.786433826610444697e+01,-1.162817504229633975e-03,3.260387312028611007e+01,3.496004476751584100e-01,nan,9.247585881791574430e-06,9.156451722645030600e+00,1.000000000000000000e+00
1.616000000000000000e+03,9.833755223381149335e+01,4.347463741119936032e+01,-1.254291326210891242e-03,3.536213426694386897e+01,3.283600913610723593e-01,nan,8.480798804542972341e-06,1.053767315557042394e+01,1.000000000000000000e+00
1.617000000000000000e+03,5.725006087916405306e+01,4.710700402469135639e+01,-1.038458867881227954e-03,2.885401783424118349e+01,3.682643329751232875e-01,nan,7.553052320402855214e-06,6.739087616696235905e+00,1.000000000000000000e+00
1.618000000000000000e+03,5.114509860298574750e+01,3.791350475846039814e+01,-1.359286776086010042e-03,3.852812059717211213e+01,3.243444839959587211e-01,nan,1.050577786193071929e-05,7.557728833844023164e+00,1.000000000000000000e+00
1.620000000000000000e+03,2.978233196296109497e+01,3.787319839435954094e+01,-1.698913892463025386e-03,4.876908636381602946e+01,2.066992719430781333e-01,nan,7.954841151350097709e-06,1.128504728957780046e+01,1.000000000000000000e+00
1.622000000000000000e+03,9.654780983651420456e+01,4.160270382964950642e+01,-9.295313113443313263e-03,2.778275467179093994e+02,1.193126264357491362e-02,nan,1.128287392479596011e-05,2.032355483413041597e+01,1.000000000000000000e+00
1.624000000000000000e+03,3.799897154719094772e+01,4.560877376215697154e+01,-1.509912278617608558e-03,4.307001534181103608e+01,3.117886495154069681e-01,nan,1.209588995950809292e-05,1.128504728957780046e+01,1.000000000000000000e+00
1.625000000000000000e+03,1.379308403310824644e+02,7.315576856795469318e+00,-7.105318355188525517e-03,2.117914139507005018e+02,2.183255597090849598e-02,nan,1.137249606484881773e-05,5.223333762447327189e+01,1.000000000000000000e+00
1.625000000000000000e+03,5.322025261695111453e+01,9.541061043567209410e+00,-8.817015900945232576e-03,2.634051842407136519e+02,1.309034437021583397e-02,nan,1.078764016809078401e-05,1.387773398825757631e+01,1.000000000000000000e+00
1.628000000000000000e+03,8.787306229749506770e+01,2.223336549091649772e+01,-1.694592381243776105e-02,5.085206759889742898e+02,3.566407266340387849e-03,nan,1.279969811773335634e-05,1.546860469992468801e+01,1.000000000000000000e+00
1.628000000000000000e+03,8.000919948141942939e+01,3.555392827829432889e+01,-1.493466842282723320e-03,4.257412693242936541e+01,3.743468539688041830e-01,nan,1.592977124570131207e-05,1.546860469992468801e+01,1.000000000000000000e+00
1.632000000000000000e+03,1.362406322173495710e+02,1.079863240697461357e+01,-9.121864989346499183e-03,2.725974687426506762e+02,1.619729249979928731e-02,nan,1.457687577025590827e-05,1.248517820257298183e+01,1.000000000000000000e+00
1.632000000000000000e+03,1.389429685089860413e+02,2.298785113981011818e+01,-1.366005982319432391e-03,3.873072856837755040e+01,3.198342191430804116e-01,nan,1.018593992809748689e-05,1.248517820257298183e+01,1.000000000000000000e+00
1.633000000000000000e+03,4.283186036315612455e+01,2.659647626851306512e+01,-1.258943026692827200e-03,3.550239958468517898e+01,3.116852503992415535e-01,nan,8.200704695518058781e-06,8.717924328969655079e+00,1.000000000000000000e+00
1.635000000000000000e+03,1.102334690645105582e+02,5.104193775292980462e+00,-8.179664628666233339e-03,2.441867760336064634e+02,1.752300478133472783e-02,nan,1.140145304226421894e-05,2.381637767910859793e+01,1.000000000000000000e+00
1.636000000000000000e+03,2.531458756005833521e+01,3.277203208118600486e+01,-8.495666389613807171e-03,2.537153532879353008e+02,1.428098558934154383e-02,nan,9.987934875510544978e-06,1.857396931335862789e+01,1.000000000000000000e+00
1.636000000000000000e+03,1.430640043337053271e+02,4.838027536591635425e+01,-1.722793783312928997e-02,5.170244019647574305e+02,4.377042264123054416e-03,nan,1.631637632975784056e-05,1.109315114584350326e+01,1.000000000000000000e+00
1.636000000000000000e+03,1.151365094142951051e+02,2.841041700176892704e+01,-1.211538618643571551e-03,3.407298804299444583e+01,3.530601817469890547e-01,nan,9.317207976407399606e-06,2.381637767910859793e+01,1.000000000000000000e+00
1.637000000000000000e+03,4.567857840547191017e+01,3.509779671709548410e+01,-1.471405088846307980e-03,4.190888658264627509e+01,2.193117791478929046e-01,nan,6.482127742811248556e-06,8.965280418477259872e+00,1.000000000000000000e+00
1.637000000000000000e+03,8.768382978997313160e+01,2.988502774104177462e+01,-1.419254957328949839e-03,4.033637459569885664e+01,3.023485798005582925e-01,nan,1.013608658051634562e-05,2.305342420459545849e+01,1.000000000000000000e+00
1.640000000000000000e+03,8.526873443821931176e+01,6.958456213685907166e+00,-1.014272198283694068e-02,3.033799387482822567e+02,9.454010810434843037e-03,nan,1.104095484675835340e-05,2.305342420459545849e+01,1.000000000000000000e+00
1.640000000000000000e+03,5.749527158754402478e+01,5.197620956627973499e+01,-6.994539113344215228e-03,2.084510257170266811e+02,2.881168409419154752e-02,nan,1.462071497044543296e-05,2.060376320157892138e+01,1.000000000000000000e+00
1.642000000000000000e+03,3.523500622236382895e+01,1.758361215464085703e+01,-1.409012745153791170e-03,4.002753546241814320e+01,2.906625699650811079e-01,nan,9.060607959381693251e-06,1.593631940192616270e+01,1.000000000000000000e+00
1.643000000000000000e+03,5.090553854628573305e+01,1.468521729452827529e+01,-1.308660846401164118e-03,3.700156871775299550e+01,3.146988882372817597e-01,nan,9.051194116700536153e-06,1.593631940192616270e+01,1.000000000000000000e+00
1.644000000000000000e+03,1.302355368862235139e+02,4.804413594463900949e+01,-1.577821964782154945e-02,4.733102413718299886e+02,8.221882589573792366e-03,nan,2.173963766745830214e-05,3.541779221302243741e+01,1.000000000000000000e+00
1.644000000000000000e+03,9.602049146584690220e+01,3.889259661366313736e+01,-1.400003270524632351e-03,3.975586775155657193e+01,2.097482829155064010e-01,nan,5.423948807400131992e-06,1.137015186641778186e+01,1.000000000000000000e+00
1.647000000000000000e+03,8.586142633010200598e+01,3.378635053331249338e+01,-1.245665007998430877e-03,3.510202008510711380e+01,3.033761872296429907e-01,nan,7.991647135953302812e-06,1.137015186641778186e+01,1.000000000000000000e+00
1.649000000000000000e+03,6.783385458790645828e+01,5.139416242637241616e+00,-1.199400751845309089e-03,3.370698817912285250e+01,3.525173704379050976e-01,nan,8.900685802033190272e-06,1.153178262982893543e+01,1.000000000000000000e+00
1.652000000000000000e+03,6.480978208206184377e+01,1.626762347026465605e+01,-1.273703861853157579e-03,3.594749127576266545e+01,3.032103006273149104e-01,nan,8.034583645335646948e-06,6.288318386751071465e+00,1.000000000000000000e+00
1.654000000000000000e+03,2.200991760184649948e+01,2.956171948159997243e+01,-9.376037452004975375e-03,2.802616726986724984e+02,1.711978806968017519e-02,nan,1.572985253883241522e-05,1.066350014071148422e+01,1.000000000000000000e+00
1.656000000000000000e+03,2.465389695862337760e+01,1.923120117844153043e+01,-1.196984533329501768e-03,3.363413059528480176e+01,3.645127149631272045e-01,nan,9.848531397729484352e-06,1.066350014071148422e+01,1.000000000000000000e+00
1.657000000000000000e+03,1.341752224022291955e+02,7.081816604013885907e+00,-1.179483696937296336e-03,3.310641811963767367e+01,3.706889463669749141e-01,nan,9.883776500674178102e-06,3.872193923306720365e+01,1.000000000000000000e+00
1.658000000000000000e+03,9.311874803858358973e+01,5.164856429965672291e+00,-1.072439069667298090e-03,2.987864180109928824e+01,3.674441381210458157e-01,nan,7.975078631798552360e-06,1.742172779219900036e+01,1.000000000000000000e+00
1.659000000000000000e+03,5.814228805261853239e+01,3.417318121331211955e+01,-6.776785462093491523e-03,2.018849784831984095e+02,2.146712177447129832e-02,nan,9.957876729844871062e-06,1.287394982978461577e+01,1.000000000000000000e+00
1.660000000000000000e+03,1.441160614917711200e+02,4.716366831187185937e+01,-1.224267257828442427e-03,3.445680179596793380e+01,3.477462672216592443e-01,nan,9.547277230513089190e-06,2.393403672279627159e+01,1.000000000000000000e+00
1.664000000000000000e+03,1.211390553775904237e+02,1.249671184024356663e+01,-1.240308553368287903e-03,3.494050392266682792e+01,3.450049677413706828e-01,nan,1.034070090836277517e-05,6.801958695712099434e+00,1.000000000000000000e+00
1.665000000000000000e+03,5.314106887918671873e+01,4.944310470018357506e+01,-1.258691419159353644e-03,3.549481272246870134e+01,3.269988305974960152e-01,nan,8.867845090531802771e-06,1.052873716475324173e+01,1.000000000000000000e+00
1.665000000000000000e+03,1.235957544946507767e+02,3.484477572397685918e+01,-1.465596218266911489e-03,4.173372846988701923e+01,2.986304114298365953e-01,nan,1.032988336425633354e-05,1.561734541129298393e+01,1.000000000000000000e+00
1.666000000000000000e+03,8.587145127184859916e+01,2.202162980275237558e+01,-9.033058146173864739e-03,2.699196264947274813e+02,1.952046539164309369e-02,nan,1.684015619140516142e-05,5.018145633920324755e+00,1.000000000000000000e+00
1.666000000000000000e+03,1.349721443848527542e+02,4.554427247670987100e+01,-1.952513427552359741e-03,5.641601451546478074e+01,1.979240527301342478e-01,nan,9.771611211593932595e-06,1.561734541129298393e+01,1.000000000000000000e+00
1.666000000000000000e+03,1.267566910875755184e+02,8.661505049459828243e+00,-1.004042666133315737e-03,2.781624691748368861e+01,3.737464186749894779e-01,nan,7.449696452043988385e-06,6.801958695712099434e+00,1.000000000000000000e+00
1.667000000000000000e+03,1.593520128935003477e+01,4.739795859762247687e+01,-9.123025984278245598e-03,2.726324768700289383e+02,1.582904554995967494e-02,nan,1.341813032132149103e-05,1.921964135973005128e+01,1.000000000000000000e+00
1.670000000000000000e+03,6.332956052949194969e+01,5.209808947906964249e+01,-8.976651699002718976e-03,2.682187714491708448e+02,1.433580347328067273e-02,nan,1.174530599630589172e-05,1.052873716475324173e+01,1.000000000000000000e+00
1.671000000000000000e+03,8.754568459422921478e+01,2.675224587103185314e+01,-8.950548645123538802e-03,2.674316715142975909e+02,2.765187069503916018e-02,nan,2.362704115500960240e-05,5.018145633920324755e+00,1.000000000000000000e+00
1.672000000000000000e+03,3.365092579568827347e+01,3.994492436905672150e+01,-8.936090424738384053e-03,2.669957047352297650e+02,1.172225587506625644e-02,nan,9.692630657058847501e-06,1.921964135973005128e+01,1.000000000000000000e+00
1.672000000000000000e+03,8.375222630456066497e+01,4.734074227418426517e+01,-9.406019514045666982e-03,2.811657385290088769e+02,1.362872227076794562e-02,nan,1.292399831849226028e-05,1.159748060329699371e+01,1.000000000000000000e+00
1.673000000000000000e+03,8.484881924751566373e+01,3.411830538349624931e+01,-8.704479152005915876e-03,2.600118009158745735e+02,2.609698755313871743e-02,nan,2.246262236894702065e-05,7.844228160849964659e+00,1.000000000000000000e+00
1.674000000000000000e+03,1.368774046636197284e+02,8.735241025199918852e+00,-1.470089797101656760e-03,4.186922585745502801e+01,2.966742887225821690e-01,nan,1.022668301412329016e-05,3.369870961853352043e+01,1.000000000000000000e+00
1.675000000000000000e+03,4.637907685146148040e+00,1.980351821406254231e+01,-1.093266538737058292e-03,3.050666408631774829e+01,3.715469969454505694e-01,nan,8.813579242875651301e-06,1.954358288379002673e+01,1.000000000000000000e+00
1.676000000000000000e+03,1.283604210770679401e+02,4.133990358350055061e+01,-1.362588359192427184e-03,3.862767507306094217e+01,3.155125898199300227e-01,nan,9.980610983590148527e-06,2.972097484839090598e+01,1.000000000000000000e+00
1.678000000000000000e+03,1.401059342695569399e+01,3.744626388366869918e+01,-9.342998299393593178e-03,2.792654247121705566e+02,1.253201130067305158e-02,nan,1.163791830905043004e-05,1.997783053229571237e+01,1.000000000000000000e+00
1.679000000000000000e+03,2.416541454205777484e+01,1.901098563502248595e+01,-1.260949645045739403e-03,3.556290626647816566e+01,3.151595928489677734e-01,nan,8.295723400225500722e-06,1.954358288379002673e+01,1.000000000000000000e+00
1.681000000000000000e+03,6.276502352093356762e+01,3.671460939859445460e+01,-1.463997428154155660e-03,4.168551926036499822e+01,2.667782278124274375e-01,nan,8.857967113095412508e-06,1.587718661846891166e+01,1.000000000000000000e+00
1.681000000000000000e+03,9.055362718628201435e+01,2.972021562720996357e+01,-1.458578223642397224e-03,4.152211096576417759e+01,2.963494876824540603e-01,nan,1.061837883487349758e-05,9.922822528562416977e+00,1.000000000000000000e+00
1.682000000000000000e+03,6.810790058746430020e+01,5.166582070636574997e+01,-1.706250794869742377e-03,4.899032007207208039e+01,2.057819785165445614e-01,nan,7.881725679444987850e-06,1.587718661846891166e+01,1.000000000000000000e+00
1.689000000000000000e+03,3.599307589249225714e+01,1.791177335504091062e+01,-9.200645272948880862e-03,2.749729745505051710e+02,1.140498926367661259e-02,nan,9.827918485230154513e-06,2.637242726040637919e+01,1.000000000000000000e+00
1.689000000000000000e+03,1.583362453796075719e+01,3.491475664297316683e+01,-1.401093875514424153e-03,3.978875337177598226e+01,2.833365536355570979e-01,nan,8.577715711040123926e-06,2.637242726040637919e+01,1.000000000000000000e+00
1.694000000000000000e+03,1.268022153599404334e+02,1.468455713159759846e+01,-8.691672126474148108e-03,2.596256235356863158e+02,1.052350366650467439e-02,nan,7.819148067534799877e-06,1.016403948028000492e+01,1.000000000000000000e+00
1.695000000000000000e+03,4.867534577623273684e+00,4.335187561229316344e+01,-9.464360572936062962e-03,2.829249290001933446e+02,1.384142644277486234e-02,nan,1.274233959238152101e-05,1.163937838105839262e+01,1.000000000000000000e+00
1.697000000000000000e+03,4.499377061977486392e+01,1.386024058144138671e+01,-1.069641502582968163e-03,2.979428520129025060e+01,3.512404675581495272e-01,nan,7.460496819336125944e-06,2.325456373421744516e+01,1.000000000000000000e+00
1.698000000000000000e+03,6.818450343391596391e+01,1.213842583766072281e+01,-8.444959639110896296e-03,2.521863643733351523e+02,1.440968610274229178e-02,nan,1.069345844340330659e-05,2.325456373421744516e+01,1.000000000000000000e+00
1.698000000000000000e+03,1.959721775378903175e+01,2.374997710447457422e+01,-1.517397807711023689e-03,4.329573067340364645e+01,2.364600336439655059e-01,nan,7.743241828606349744e-06,1.325501192851732846e+01,1.000000000000000000e+00
1.698000000000000000e+03,9.427291228157372416e+01,5.193826218850966825e+01,-2.003963795054572190e-03,5.796742612797719119e+01,1.532647137288584149e-01,nan,7.545544966391910143e-06,6.854526952569639064e+00,1.000000000000000000e+00
1.698000000000000000e+03,1.070980521913177199e+02,3.573438800688595762e+01,-8.616176256855036936e-03,2.573491544935793627e+02,2.327375598857683858e-02,nan,1.655324436866035300e-05,7.335113810790461208e+00,1.000000000000000000e+00
1.699000000000000000e+03,8.844976689662514602e+00,1.599854798952756774e+01,-1.438314923347220513e-03,4.091110037610393135e+01,3.402512571062172864e-01,nan,1.254321841774413012e-05,1.325501192851732846e+01,1.000000000000000000e+00
1.699000000000000000e+03,1.150259884499779162e+02,1.795112086521395867e+01,-1.387985530959575785e-03,3.939349015111324803e+01,3.228543496055038542e-01,nan,1.085002010781347993e-05,1.222088208194085368e+01,1.000000000000000000e+00
1.703000000000000000e+03,1.093357922655498129e+02,4.271983101198053134e+01,-1.202830336553639993e-03,3.381040235866920796e+01,3.589425187831787323e-01,nan,9.983236388584634685e-06,7.335113810790461208e+00,1.000000000000000000e+00
1.704000000000000000e+03,7.382797947494579205e+01,1.431709803967104122e+01,-1.366714897379463483e-03,3.875210487937027182e+01,2.712703616120341055e-01,nan,7.897315796222335020e-06,4.135797462888378107e+01,1.000000000000000000e+00
1.706000000000000000e+03,2.727563194449199813e+01,2.303273644111888885e+01,-8.989230895791996967e-03,2.685980789822827433e+02,1.253649728073258363e-02,nan,9.710606335589948751e-06,4.736120156141458892e+01,1.000000000000000000e+00
1.706000000000000000e+03,1.297767515666320719e+02,4.863544154174057610e+01,-9.035772006693816583e-03,2.700014590438382811e+02,1.961411899164211547e-02,nan,1.839887880983724446e-05,2.127973836982751266e+01,1.000000000000000000e+00
1.710000000000000000e+03,1.288838089312845057e+02,7.549165824078700737e+00,-8.866091548636368530e-03,2.648849896029653905e+02,1.393349855831360617e-02,nan,1.058012670140508664e-05,1.456557934433053170e+01,1.000000000000000000e+00
1.710000000000000000e+03,1.354131075926485153e+02,2.056931792098979628e+01,-1.406213554075529072e-03,3.994312989341477049e+01,2.897450081672565680e-01,nan,8.272318737997041714e-06,1.124774695447590744e+01,1.000000000000000000e+00
1.712000000000000000e+03,3.125229992813767410e+01,5.431660519030431011e+00,-8.597432978274765353e-03,2.567839779660309887e+02,2.351669170929993058e-02,nan,1.718758037343432572e-05,4.316975941707041642e+01,1.000000000000000000e+00
1.713000000000000000e+03,1.286540598859191959e+02,2.955970643595838965e+01,-1.003702568468043885e-02,3.001928193491347088e+02,1.048202635394757110e-02,nan,1.077659396650825090e-05,1.124774695447590744e+01,1.000000000000000000e+00
1.714000000000000000e+03,1.177427608736005169e+02,3.910050333994034588e+01,-9.108823112143109302e-03,2.722042097490888750e+02,1.325873539022293102e-02,nan,1.098206960286184407e-05,1.019448521321179690e+01,1.000000000000000000e+00
1.714000000000000000e+03,7.122255851157574114e+01,2.174136796278414607e+01,-1.308206073603092713e-03,3.698785570005778567e+01,3.407034647859078502e-01,nan,1.033211056902052133e-05,1.644488420016663710e+01,1.000000000000000000e+00
1.715000000000000000e+03,9.165814860348865523e+01,4.513522411233874010e+01,-8.734315514842203032e-03,2.609114733968798419e+02,1.439733845378909916e-02,nan,1.092073964033256474e-05,1.488981555254030376e+01,1.000000000000000000e+00
1.719000000000000000e+03,1.040464843086920332e+01,2.160030203569137797e+01,-9.041297959769066528e-03,2.701680861873815047e+02,9.603797960469728778e-03,nan,7.418648271481605023e-06,9.185489865592126435e+00,1.000000000000000000e+00
1.719000000000000000e+03,1.077416468697291805e+02,3.712433344745574004e+01,-9.217174051124377154e-03,2.754713760128660169e+02,1.291838838563919012e-02,nan,1.085561932105808780e-05,1.019448521321179690e+01,1.000000000000000000e+00
1.719000000000000000e+03,8.040673654962711225e+01,3.538266885830965691e+01,-1.165950599525877093e-03,3.269834708931053768e+01,3.623472703723306099e-01,nan,9.344275404466349848e-06,1.488981555254030376e+01,1.000000000000000000e+00
1.719000000000000000e+03,1.197476485822600409e+02,2.475593252156806656e+01,-1.207533271437997730e-03,3.395221257590756636e+01,3.544171674543702411e-01,nan,9.408918528179166217e-06,4.097022584658302158e+00,1.000000000000000000e+00
1.720000000000000000e+03,2.020135949176195211e+01,1.959658694713496274e+01,-9.273644255744875955e-03,2.771741535723349443e+02,1.332277269473602921e-02,nan,1.249138428867867766e-05,9.999521076867980085e+00,1.000000000000000000e+00
1.721000000000000000e+03,5.543501744885458038e+01,1.509680704379918126e+01,-8.609437696803116241e-03,2.571459629358959091e+02,1.128307141129314406e-02,nan,8.476691136742720538e-06,2.357232270029857446e+01,1.000000000000000000e+00
1.722000000000000000e+03,9.721392807308448880e+01,3.359873174693095166e+01,-1.250784225085705510e-03,3.525638269166825012e+01,3.476112852549895216e-01,nan,9.787230467636956658e-06,1.110237498970239400e+01,1.000000000000000000e+00
1.724000000000000000e+03,7.701398287090630568e+00,1.282159696426673179e+01,-1.267498499076459128e-03,3.576037751275197252e+01,3.588078853479619301e-01,nan,1.022308162430584056e-05,9.185489865592126435e+00,1.000000000000000000e+00
1.724000000000000000e+03,1.192999367207099084e+02,2.068344579375328962e+01,-1.211420017940726757e-03,3.406941180988712148e+01,3.603267495590237735e-01,nan,1.026950159348472885e-05,4.097022584658302158e+00,1.000000000000000000e+00
1.725000000000000000e+03,3.021062038387023208e+01,1.187959878743657605e+01,-1.787604958801424296e-02,5.365672770023570592e+02,4.853004660644533175e-03,nan,2.131671504500203015e-05,1.263871867964523332e+01,1.000000000000000000e+00
1.726000000000000000e+03,5.490286861150794095e+01,5.050941015933780420e+01,-8.425878819094404643e-03,2.516110097706965121e+02,1.793723349157494429e-02,nan,1.080450001490374933e-05,2.651843595680141519e+01,1.000000000000000000e+00
1.726000000000000000e+03,2.887765179706433827e+01,4.541867982311097052e+01,-1.286163464992317543e-03,3.632319263487458727e+01,2.885317057016484332e-01,nan,7.429883384183099383e-06,2.116270809690711729e+01,1.000000000000000000e+00
1.728000000000000000e+03,2.183145279203193567e+01,2.507609086800960796e+01,1.128352631302204740e-03,-3.156463459432068674e+01,3.512946540463477429e-01,nan,8.038689816556294937e-06,1.498225074554425795e+01,1.000000000000000000e+00
1.728000000000000000e+03,3.679652240276792696e+01,2.579339760029894535e+01,-1.380893826253370418e-03,3.917965002580719158e+01,2.819836787406666545e-01,nan,8.318368674062106495e-06,1.498225074554425795e+01,1.000000000000000000e+00
1.730000000000000000e+03,6.240785242362612451e+01,2.113472245422101992e+01,-1.394445299729110254e-03,3.958827515984559398e+01,2.827939158706510581e-01,nan,8.718330515909997007e-06,1.531640728782090655e+01,1.000000000000000000e+00
1.735000000000000000e+03,1.500344492362004267e+01,1.672878939353899597e+01,-7.848947992989518951e-03,2.342144929587027491e+02,1.760266780342312209e-02,nan,1.081148288542613234e-05,3.177069661859337657e+01,1.000000000000000000e+00
1.735000000000000000e+03,3.883831741402713789e+01,3.773536019880694425e+01,-9.083021458435489373e-03,2.714261981016055074e+02,1.247751005893726894e-02,nan,1.168741410544538086e-05,1.699613251815467407e+01,1.000000000000000000e+00
1.735000000000000000e+03,1.338875390984883325e+02,3.330983743079476511e+01,-1.844632430883951261e-03,5.316301868421858501e+01,2.594572804106427544e-01,nan,1.289525072712770176e-05,1.585821539273914382e+01,1.000000000000000000e+00
1.740000000000000000e+03,2.908022702893334710e+01,5.165111359598292751e+01,-2.798365237683175799e-03,8.192145566989701422e+01,1.151520149665724579e-01,nan,1.029721122372397855e-05,1.699613251815467407e+01,1.000000000000000000e+00
1.740000000000000000e+03,1.223435048503754530e+02,4.418265991260258829e+01,-1.723002801421853313e-03,4.949545266411257671e+01,2.350030290777265218e-01,nan,9.529227763901258497e-06,1.242540856147250494e+01,1.000000000000000000e+00
1.741000000000000000e+03,9.409728904799980853e+01,4.769785370090638565e+01,-1.690319564737492730e-02,5.072322698088439665e+02,4.885030268004353360e-03,nan,1.557891678947576216e-05,2.846410537016235054e+01,1.000000000000000000e+00
1.742000000000000000e+03,9.855559702369548347e+01,1.595827820308608302e+01,-9.252935686032864523e-03,2.765497165257315828e+02,1.101810053234042464e-02,nan,9.999361109016971773e-06,2.868757957283072457e+01,1.000000000000000000e+00
1.744000000000000000e+03,5.606326414745750952e+01,4.192815520389998341e+01,-8.526625817748358094e-03,2.546488901829364409e+02,1.182871793447148878e-02,nan,9.668836159403640057e-06,1.570670020493961516e+01,1.000000000000000000e+00
1.745000000000000000e+03,1.266802992734356934e+02,1.030333831737972616e+01,-9.000564774989814470e-03,2.689398357598519169e+02,1.286223059605984265e-02,nan,1.138541965622169607e-05,9.885215484790586871e+00,1.000000000000000000e+00
1.745000000000000000e+03,1.347166383225369088e+02,4.304408800025273507e+01,-1.459551175250955145e-03,4.155144891799288587e+01,2.890167919369259764e-01,nan,9.778318118052238973e-06,1.181425661721044662e+01,1.000000000000000000e+00
1.745000000000000000e+03,1.318677302281257369e+02,3.157847061230107855e+01,-1.372217708438472610e-03,3.891803420879714537e+01,2.581399648802089608e-01,nan,7.109759157233531283e-06,1.181425661721044662e+01,1.000000000000000000e+00
1.747000000000000000e+03,2.487690820669707747e+01,5.603295336876477073e+00,-8.918790750983278393e-03,2.664740580287180478e+02,2.024338245872925324e-02,nan,1.667648668171239091e-05,1.115030590067405214e+01,1.000000000000000000e+00
1.748000000000000000e+03,8.887335757941454517e+01,7.474991642670905989e+00,-8.875486295548443497e-03,2.651682746437454057e+02,1.482889240618689985e-02,nan,1.153518000882979457e-05,1.892722283522828164e+01,1.000000000000000000e+00
1.748000000000000000e+03,3.309634348030870399e+01,1.313789588776937478e+01,-8.715562772220419169e-03,2.603460114948119895e+02,1.984817008540351591e-02,nan,1.634031498412313763e-05,1.115030590067405214e+01,1.000000000000000000e+00
1.748000000000000000e+03,5.247866796507805986e+01,2.663596433610341307e+01,-1.518710700191143502e-03,4.333531905223399150e+01,3.440762572413615938e-01,nan,1.468423817701949430e-05,1.358705485831874604e+01,1.000000000000000000e+00
1.750000000000000000e+03,1.171558124256586950e+02,1.294939868465530530e+01,-1.110276639588170505e-03,3.101957913963175884e+01,3.503892583823176032e-01,nan,7.807114501817144703e-06,9.885215484790586871e+00,1.000000000000000000e+00
1.751000000000000000e+03,7.271675295120755500e+00,4.731558395398135275e+01,-1.268602047054068292e-03,3.579365341009816603e+01,3.682513847599850898e-01,nan,1.148430238952690318e-05,4.283722503181488150e+01,1.000000000000000000e+00
1.752000000000000000e+03,5.864890920892644743e+01,4.668247845516941652e+01,-1.278370936643380288e-03,3.608822018359222028e+01,2.878217698123437529e-01,nan,7.459174767100381170e-06,2.097461812127220426e+01,1.000000000000000000e+00
1.753000000000000000e+03,7.007544507424140079e+01,5.266315636045660220e+00,-8.422580989960341824e-03,2.515115684904287718e+02,1.654537365069719268e-02,nan,1.170092357138046361e-05,1.892722283522828164e+01,1.000000000000000000e+00
1.754000000000000000e+03,1.367262999120392806e+02,5.212380685531453395e+01,-1.235981035767813770e-03,3.481001387206730868e+01,3.425962563282484163e-01,nan,9.361088353296364583e-06,1.689412790994853708e+01,1.000000000000000000e+00
1.756000000000000000e+03,3.714111702994031106e+01,1.026173229609144499e+01,-1.559334311281649439e-03,4.456026544324448935e+01,2.907809543234211036e-01,nan,1.100623495663644354e-05,2.025829194267347333e+01,1.000000000000000000e+00
1.760000000000000000e+03,5.436267414991663571e+01,2.093020748226410177e+01,-8.570936603858726396e-03,2.559850180177517132e+02,1.220320977255529016e-02,nan,9.655996931617914292e-06,2.025829194267347333e+01,1.000000000000000000e+00
1.761000000000000000e+03,6.945480053608237370e+01,3.595229606588492288e+01,-1.822544728375907405e-02,5.471028604953282866e+02,6.197585316760401142e-03,nan,2.216065715279976836e-05,2.129402320535391624e+01,1.000000000000000000e+00
1.761000000000000000e+03,1.538627015153639555e+01,1.418289062487035146e+01,-1.321793207136101166e-03,3.739755611168185823e+01,2.720990400001811471e-01,nan,7.147886041448250970e-06,2.210540308029131751e+01,1.000000000000000000e+00
1.762000000000000000e+03,1.175823412224463453e+02,2.076898995261575820e+01,-1.334934717851858979e-03,3.779381941008310264e+01,2.648425617263107101e-01,nan,7.152493845713065512e-06,1.660292054533956474e+01,1.000000000000000000e+00
1.764000000000000000e+03,1.016774565349589068e+02,3.121810971412590874e+01,-1.091466491675383054e-03,3.045238626382344194e+01,3.593200616199205832e-01,nan,7.620103001715203580e-06,1.096872730572507493e+01,1.000000000000000000e+00
1.765000000000000000e+03,1.009868864674252933e+02,2.027114247706954231e+01,-1.132960111907441343e-03,3.170356652546933063e+01,3.137080768851778778e-01,nan,7.427841946455814440e-06,1.096872730572507493e+01,1.000000000000000000e+00
1.767000000000000000e+03,6.708244654037213195e+01,3.057922931771250674e+01,-9.172532059715219482e-03,2.741252611600446016e+02,1.091479542374340639e-02,nan,1.055856544113672923e-05,1.959507190909828367e+01,1.000000000000000000e+00
1.769000000000000000e+03,5.008636411809823130e+01,4.033115350825074330e+01,-9.016522278742064925e-03,2.694210112660694563e+02,1.395570469874773956e-02,nan,1.175410556358508610e-05,1.959507190909828367e+01,1.000000000000000000e+00
1.773000000000000000e+03,1.340548454872206889e+02,2.545870000454668158e+01,-1.659322331085149108e-02,4.978855011503035826e+02,4.691112614568893058e-03,nan,1.553672807232863440e-05,1.534398727674245322e+01,1.000000000000000000e+00
1.774000000000000000e+03,8.003699514601987630e+01,6.235806501009644620e+00,-9.476308627377520721e-03,2.832852053462584649e+02,1.515333821323017194e-02,nan,1.399693642543557068e-05,2.364400846524988253e+01,1.000000000000000000e+00
1.775000000000000000e+03,1.443347433339931740e+02,1.406740307185474670e+01,-1.081968533757434727e-03,3.016598904404798631e+01,2.975233392737355320e-01,nan,5.603395995570236535e-06,1.534398727674245322e+01,1.000000000000000000e+00
1.775000000000000000e+03,5.329838389925988196e+01,4.154455724636333258e+01,-1.160511212441116703e-03,3.253433021833513550e+01,3.386591076698471925e-01,nan,8.381441254983649049e-06,1.882509941203973014e+01,1.000000000000000000e+00
1.776000000000000000e+03,5.985302178251470195e+01,1.855028397941373797e+01,-9.361864268036156761e-03,2.798343007815612395e+02,1.896723302679392820e-02,nan,1.759971982237820226e-05,2.364400846524988253e+01,1.000000000000000000e+00
1.778000000000000000e+03,1.068747677452095388e+02,1.194269833764869126e+01,-8.743934150326409388e-03,2.612015094745829060e+02,1.337742619970205826e-02,nan,1.087482785977753897e-05,1.146832610042477896e+01,1.000000000000000000e+00
1.779000000000000000e+03,1.217910969441172000e+02,1.847789470412951118e+01,-8.908002881195451611e-03,2.661487653772634872e+02,2.819926906335723515e-02,nan,2.803850708052370395e-05,6.567745099883386395e+00,1.000000000000000000e+00
1.779000000000000000e+03,1.574971923974039711e+01,4.604598885426874233e+01,-1.237138973189730231e-03,3.484492980464732170e+01,3.157842352927843210e-01,nan,8.230894512247013273e-06,1.918362074756237945e+01,1.000000000000000000e+00
1.781000000000000000e+03,3.518904205430190046e+01,1.866141066946855531e+01,1.723310197378370408e-03,-4.950472174574857576e+01,2.608333072026444155e-01,nan,1.130859701464233896e-05,1.398436819445940138e+01,1.000000000000000000e+00
1.781000000000000000e+03,1.153352313914229939e+02,1.968498859549777080e+01,-8.980115584132537798e-03,2.683232199084471858e+02,4.185481004476143685e-02,nan,3.979759925913736068e-05,6.567745099883386395e+00,1.000000000000000000e+00
1.781000000000000000e+03,8.180960498899443678e+01,3.086402260983997792e+01,-1.125613818386918480e-03,3.148204964172357734e+01,3.460475579783088840e-01,nan,7.570083457975222253e-06,5.996592235099957868e+00,1.000000000000000000e+00
1.783000000000000000e+03,6.321376246893741779e+01,4.970596162382130245e+01,-3.004664152872646779e-02,9.035539203370035466e+02,1.761082666634317118e-02,nan,1.659312811003348434e-04,2.292704863200392040e+01,1.000000000000000000e+00
1.785000000000000000e+03,9.907487246368648925e+01,4.998346173587377450e+01,-8.891922278987846734e-03,2.656638780147000034e+02,1.486467964344606596e-02,nan,1.167575019123701457e-05,2.576125799464714206e+01,1.000000000000000000e+00
1.787000000000000000e+03,1.239233781939710788e+01,4.544152355594951231e+00,-2.098754534695861356e-03,6.082570414186723440e+01,2.380860857393557461e-01,nan,1.534251939533362363e-05,3.138969226491971654e+01,1.000000000000000000e+00
1.788000000000000000e+03,6.493022671725016437e+01,2.684325597775795202e+01,-1.201892714355809943e-03,3.378212971385669761e+01,3.338430260997288235e-01,nan,8.454914128730699473e-06,1.694979571966287679e+01,1.000000000000000000e+00
1.789000000000000000e+03,4.317447048692721268e+01,1.069013388216468563e+01,-1.186840843737224172e-03,3.332826226836752426e+01,3.493583271105542565e-01,nan,8.928160192670634880e-06,1.789042956661322847e+01,1.000000000000000000e+00
1.793000000000000000e+03,7.237020834884162923e+01,1.161360567777129660e+01,-9.074065849227264113e-03,2.711561546248087780e+02,1.603690585619377273e-02,nan,1.305124782447490461e-05,1.694979571966287679e+01,1.000000000000000000e+00
1.793000000000000000e+03,1.067691263052088679e+01,3.518422338639978619e+01,-1.554224932614730117e-03,4.440619950005680039e+01,2.951702552956784187e-01,nan,1.146456450194749632e-05,2.508293090073902576e+01,1.000000000000000000e+00
1.794000000000000000e+03,2.586830138167296766e+01,1.522488646398127976e+01,-1.223362776472880324e-03,3.442952846544682899e+01,3.537050525309263227e-01,nan,9.611202407394242518e-06,1.789042956661322847e+01,1.000000000000000000e+00
1.795000000000000000e+03,1.381180275466985563e+02,5.209756203871867086e+01,-9.306943458845728587e-03,2.781782430062121421e+02,1.120515933646881734e-02,nan,9.513781745210271303e-06,3.299071374133361445e+01,1.000000000000000000e+00
1.799000000000000000e+03,1.070564369630763366e+02,4.098159228443947910e+01,-8.856998106940836002e-03,2.646107899863436614e+02,1.256483201682823125e-02,nan,1.081978658601261527e-05,2.360450000929808212e+01,1.000000000000000000e+00
1.799000000000000000e+03,2.263720695112207082e+01,5.025874201240310413e+01,-1.305298670831724897e-03,3.690018716354914829e+01,3.295074557208380606e-01,nan,1.039710566056746945e-05,2.140509130518420733e+01,1.000000000000000000e+00
1.800000000000000000e+03,2.279406429004144741e+01,1.734583146857508495e+01,-9.406015999149770074e-03,2.811656325423934391e+02,9.819301219812226478e-03,nan,9.397392641480484417e-06,1.261133424068868791e+01,1.000000000000000000e+00
1.800000000000000000e+03,1.614735717151313210e+01,2.806343548303988200e+01,-1.418433418969139524e-03,4.031160229156557051e+01,3.395147061418400947e-01,nan,1.229730336009389222e-05,1.261133424068868791e+01,1.000000000000000000e+00
1.803000000000000000e+03,7.496498139564457119e+01,2.216979547690709396e+01,-1.225792076618447768e-03,3.450278050695944643e+01,3.183753818260522950e-01,nan,8.270014729229595882e-06,1.655380940671916434e+01,1.000000000000000000e+00
1.804000000000000000e+03,4.398606248393511464e+01,5.180932294300635732e+01,-1.359712324536699714e-03,3.854095239682948915e+01,3.561612232403076339e-01,nan,1.208258321438416802e-05,2.140509130518420733e+01,1.000000000000000000e+00
1.805000000000000000e+03,9.929261602606162285e+01,4.550073039252401941e+01,-1.310379077138047440e-03,3.705337948699700235e+01,3.683376744705105788e-01,nan,1.326434186796849804e-05,3.370706648090011726e+01,1.000000000000000000e+00
1.807000000000000000e+03,5.856147214944868296e+01,1.994415168601200605e+01,-8.770007079905342562e-03,2.619877010546379097e+02,1.540515170578482529e-02,nan,1.215804871281969834e-05,1.655380940671916434e+01,1.000000000000000000e+00
1.809000000000000000e+03,1.354429292218048175e+01,4.421605093075545767e+01,-1.431693578440029323e-03,4.071144327202154045e+01,2.799251381019870477e-01,nan,7.997146616556858689e-06,7.932920891201288072e+00,1.000000000000000000e+00
1.810000000000000000e+03,4.079231180747464691e+01,3.768196401364772896e+01,-1.178893083255841976e-03,3.308860901606075799e+01,3.296264686461065629e-01,nan,7.933936250288612461e-06,1.105891383441037057e+01,1.000000000000000000e+00
1.811000000000000000e+03,7.924956348353862268e+01,2.368578254311965026e+01,-1.286822686605958686e-03,3.634307051167650116e+01,2.580969954594419802e-01,nan,6.311290853437781138e-06,2.102372289863304289e+01,1.000000000000000000e+00
1.811000000000000000e+03,1.934022330498135034e+01,4.963254655650681713e+01,-1.288169907749155607e-03,3.638369402182126322e+01,3.148415137029277888e-01,nan,8.749804474678505144e-06,7.932920891201288072e+00,1.000000000000000000e+00
1.812000000000000000e+03,1.137894919434120595e+02,4.544791373563281667e+01,-1.720671869315473432e-02,5.163845694084080833e+02,4.505497316414808218e-03,nan,1.487686273847335839e-05,2.077066497157569813e+01,1.000000000000000000e+00
1.813000000000000000e+03,5.064107955537534167e+01,3.265191937718334003e+01,-1.375514765455111612e-03,3.901745220697780780e+01,2.636785974474453731e-01,nan,7.500531004467718715e-06,1.105891383441037057e+01,1.000000000000000000e+00
1.815000000000000000e+03,4.780110079084235508e+01,5.099698402210614745e+01,-9.176193863872741593e-03,2.742356775820941834e+02,1.187684200670358070e-02,nan,1.064561255206014864e-05,1.504702232466691747e+01,1.000000000000000000e+00
1.816000000000000000e+03,1.872997119192174154e+01,3.659658194219539240e+01,-9.061976371491963292e-03,2.707916138633273704e+02,1.952167952339667334e-02,nan,1.808124039923137669e-05,1.305024065169195602e+01,1.000000000000000000e+00
1.821000000000000000e+03,1.150032286898973410e+02,1.246002209612908196e+01,-1.280552452302755918e-03,3.615400064136422031e+01,3.344098088923007639e-01,nan,9.537139832716647677e-06,1.473674636158631124e+01,1.000000000000000000e+00
1.822000000000000000e+03,3.938053299995117129e+01,2.412488849745064812e+01,-1.405559751124898409e-03,3.992341540857927384e+01,2.829805161507944478e-01,nan,8.928820156948071081e-06,2.614010714411826797e+01,1.000000000000000000e+00
1.824000000000000000e+03,1.278471169511308574e+02,5.175835962265135493e+01,-1.512364039564069885e-03,4.314394465637386844e+01,3.265175932985285856e-01,nan,1.285636674023135043e-05,2.340271532570003998e+01,1.000000000000000000e+00
1.826000000000000000e+03,1.204593505727738858e+02,2.614952271977942289e+01,-9.262618246766435651e-03,2.768416801771141422e+02,1.308200476901344445e-02,nan,1.129210099694349779e-05,3.555561597605648494e+00,1.000000000000000000e+00
1.826000000000000000e+03,1.900471905649491333e+01,7.750169945743063948e+00,-8.579426463584500021e-03,2.562410174907700480e+02,1.621533145720532865e-02,nan,1.230342174993870968e-05,2.614010714411826797e+01,1.000000000000000000e+00
1.833000000000000000e+03,1.420136077458642490e+02,3.955585636406794237e+01,-1.177500837508137438e-03,3.304662785391712987e+01,3.687518810093274313e-01,nan,9.970373292313133224e-06,9.111281737187866270e+00,1.000000000000000000e+00
1.836000000000000000e+03,1.339732165094386005e+02,4.384159593380649511e+01,-1.426195256912805376e-03,4.054564931794929095e+01,2.910192160395851380e-01,nan,9.443141171181831516e-06,9.111281737187866270e+00,1.000000000000000000e+00
1.837000000000000000e+03,9.937646968508577316e+00,4.233192968399009715e+01,-1.355072382831902598e-03,3.840104164805022435e+01,3.114579168509739038e-01,nan,9.625088919241964815e-06,2.366823947518847859e+01,1.000000000000000000e+00
1.839000000000000000e+03,3.266205117535692892e+01,4.894910531250737762e+01,-1.631375028223935354e-03,4.673254934059811205e+01,2.665920226024715012e-01,nan,1.068694681414118589e-05,1.285070108854634618e+01,1.000000000000000000e+00
1.840000000000000000e+03,1.075870024710519033e+02,1.183856209642759438e+01,-9.049971271869391987e-03,2.704296174021159800e+02,1.239843383435823565e-02,nan,1.034222006969701210e-05,2.612764141385812877e+01,1.000000000000000000e+00
1.840000000000000000e+03,6.863991635889556164e+01,5.134011368456128110e+01,-1.932636035923902904e-03,5.581664044495850163e+01,1.951366465993792376e-01,nan,8.720325368544465876e-06,2.576478086352471308e+01,1.000000000000000000e+00
1.842000000000000000e+03,4.417889813939534349e+01,4.324798660877164735e+01,-9.009771791576448238e-03,2.692174600634778585e+02,1.340975614594397403e-02,nan,1.128548472230090511e-05,1.285070108854634618e+01,1.000000000000000000e+00
1.843000000000000000e+03,1.280770755015978324e+01,2.485359426498941104e+01,-8.432310019336952331e-03,2.518049333367090412e+02,1.753966557309127872e-02,nan,1.273515653742702049e-05,7.785220866778257864e+00,1.000000000000000000e+00
1.843000000000000000e+03,1.841656760828781003e+01,5.388045532197156540e+00,-8.329268431197252298e-03,2.486978628885770490e+02,1.590627332103733416e-02,nan,1.103741229767026777e-05,1.015410032530083839e+01,1.000000000000000000e+00
1.845000000000000000e+03,1.224887069520596867e+02,5.110547495713139909e+01,-9.001332581527032167e-03,2.689629878583855316e+02,1.368775896818519300e-02,nan,1.182121154773648420e-05,2.302665100433271661e+01,1.000000000000000000e+00
1.845000000000000000e+03,1.037760086895400065e+02,3.768677232940952848e+01,-2.645460015114446239e-03,7.731081925613921157e+01,1.362957001190759909e-01,nan,1.258420994413972847e-05,2.285448852624473304e+01,1.000000000000000000e+00
1.846000000000000000e+03,9.177833655621823539e+01,1.466285016338984448e+01,-9.073189388109239792e-03,2.711297262041301792e+02,1.847703982059334393e-02,nan,1.502587820277223477e-05,1.613957689101110660e+01,1.000000000000000000e+00
1.847000000000000000e+03,2.604966178713889136e+01,1.208443460938378244e+01,-1.099508712324872607e-03,3.069488782623636070e+01,3.711931360016939019e-01,nan,8.893405717936819009e-06,1.015410032530083839e+01,1.000000000000000000e+00
1.847000000000000000e+03,7.565391730509479373e+01,1.396353189903553904e+01,1.237615909756854338e-03,-3.485931113882605814e+01,3.289984580157639948e-01,nan,8.699416108525121117e-06,1.613957689101110660e+01,1.000000000000000000e+00
1.848000000000000000e+03,3.360536345100273081e+01,2.306212963856729914e+01,-8.880174009520857420e-03,2.653096258963408900e+02,1.353078642622340677e-02,nan,1.015025110519249758e-05,1.332660556132263174e+01,1.000000000000000000e+00
1.848000000000000000e+03,3.438858025233356130e+01,3.739344386954698507e+01,-9.302825275063816152e-03,2.780540651149376572e+02,1.284330263414978912e-02,nan,1.132398817417413727e-05,1.145102017943951012e+01,1.000000000000000000e+00
1.849000000000000000e+03,1.401489072203529247e+02,1.391177490553123341e+01,-1.416065730231372537e-03,4.024020805317788785e+01,2.853591151970122919e-01,nan,8.734408006612204284e-06,1.926371956855814815e+01,1.000000000000000000e+00
1.850000000000000000e+03,8.179436417987317043e+01,3.143097897869164825e+01,-1.458288803867217659e-03,4.151338392994495052e+01,3.006486681628280921e-01,nan,1.020591048311343126e-05,1.851531245489965727e+01,1.000000000000000000e+00
1.852000000000000000e+03,2.871885996029595844e+01,4.734231993471072286e+01,-9.105898501084690524e-03,2.721160223215080123e+02,1.432918933342186563e-02,nan,1.280033237896752042e-05,1.145102017943951012e+01,1.000000000000000000e+00
1.855000000000000000e+03,7.151327779933708939e+01,4.703375732990012104e+00,-1.152357338917970415e-03,3.228846192458149744e+01,3.075444601012147228e-01,nan,6.886122731571461362e-06,2.863678600024250898e+01,1.000000000000000000e+00
1.857000000000000000e+03,7.792443086767333682e+01,3.828456676170452511e+01,-1.063599923272094553e-03,2.961211009242633452e+01,3.660909991740736169e-01,nan,7.814852812653678041e-06,9.592057039719046330e+00,1.000000000000000000e+00
1.858000000000000000e+03,1.006217393534685556e+02,3.640892087240559505e+01,-1.792767080217143663e-02,5.381238402492963360e+02,4.400369199695663980e-03,nan,1.724870341203827383e-05,2.277467584843735082e+01,1.000000000000000000e+00
1.858000000000000000e+03,1.207279728690805740e+02,2.409356734642312858e+01,-1.295312080798089859e-03,3.659905594719941035e+01,3.012255297131002374e-01,nan,8.123788379177108161e-06,2.357813730247257666e+01,1.000000000000000000e+00
1.860000000000000000e+03,6.892964721110658388e+01,4.161644689532027996e+01,-8.893157261449431174e-04,2.435682154101145613e+01,3.702773303894772994e-01,nan,5.843483915609747075e-06,9.592057039719046330e+00,1.000000000000000000e+00
1.862000000000000000e+03,5.064065744409957404e+01,2.293685844714299904e+01,-8.943287326234264714e-03,2.672127169179773318e+02,1.446732312437615242e-02,nan,1.213550391579304139e-05,1.863793346322388444e+01,1.000000000000000000e+00
1.862000000000000000e+03,3.686499190880639532e+01,1.038283109177626073e+01,-1.135988442659529359e-03,3.179488147079242921e+01,3.272190420917850950e-01,nan,7.386641048449183654e-06,1.863793346322388444e+01,1.000000000000000000e+00
1.864000000000000000e+03,2.496434890817985064e+01,2.813020121964220266e+01,-1.309869099362718538e-03,3.703800184284830976e+01,3.260533253942565768e-01,nan,9.515890730816593826e-06,1.504808198700514588e+01,1.000000000000000000e+00
1.867000000000000000e+03,1.253791834657663884e+02,4.838782031486888258e+01,-7.942231247347128140e-03,2.370273149284801661e+02,1.858284299862755784e-02,nan,1.282370251738241108e-05,4.015833517643404349e+01,1.000000000000000000e+00
1.868000000000000000e+03,7.610447525833089344e+01,4.300878532796831877e+01,-1.329743354960355364e-03,3.763728135086908111e+01,3.099785514415764887e-01,nan,9.000163493765767181e-06,3.323736592698971748e+01,1.000000000000000000e+00
1.868000000000000000e+03,1.585959197315897207e+01,1.614904215042782454e+01,1.464090124420775255e-03,-4.168831438256628985e+01,2.997718076401293397e-01,nan,1.056859572402784967e-05,1.504808198700514588e+01,1.000000000000000000e+00
1.869000000000000000e+03,3.071349686056571571e+01,1.121695746407144512e+01,-8.691181343676046903e-03,2.596108246883863444e+02,1.357024498554382230e-02,nan,1.107823186225538619e-05,1.565132421737908608e+01,1.000000000000000000e+00
1.871000000000000000e+03,4.298022934382490945e+01,4.574864414913970023e+01,-1.699471643249164665e-02,5.099919470611050656e+02,5.452761437736985961e-03,nan,2.030211177271079353e-05,2.641365632817964837e+01,1.000000000000000000e+00
1.875000000000000000e+03,5.510735385747569381e+01,2.228347652447536831e+01,-1.656620941137844881e-03,4.749380342612883510e+01,2.290473930721788065e-01,nan,9.358561813171916273e-06,9.780904123701287034e+00,1.000000000000000000e+00
1.876000000000000000e+03,7.587867714649310358e+01,1.871123797702318825e+01,-1.403127585578373008e-03,3.985007696503424057e+01,3.280551953096441098e-01,nan,1.124595645631298799e-05,2.107626056530854797e+01,1.000000000000000000e+00
1.879000000000000000e+03,1.336967012843943614e+01,2.956905463493686170e+01,-1.208771014462983739e-03,3.398953493132489001e+01,3.270189126190786721e-01,nan,8.079176889624433534e-06,3.450454276527155884e+01,1.000000000000000000e+00
1.879000000000000000e+03,4.786691335473810938e+01,2.885934960744723909e+01,-1.337341011764935734e-03,3.786637773184251188e+01,3.452934747541288596e-01,nan,1.294974091304580452e-05,9.780904123701287034e+00,1.000000000000000000e+00
1.880000000000000000e+03,7.544316865006595663e+01,4.039090574186801774e+01,-8.244173841327197619e-03,2.461319582838975180e+02,1.711446314934539359e-02,nan,1.222927810249149969e-05,1.502159966821951542e+01,1.000000000000000000e+00
1.886000000000000000e+03,1.173025046917419587e+02,2.723714251845483503e+01,-1.637261360454803040e-03,4.691004319771548836e+01,2.853621250713996860e-01,nan,1.205249591204767589e-05,1.551740771537892982e+01,1.000000000000000000e+00
1.886000000000000000e+03,5.641425743152057137e+00,3.462328033612782718e+01,-1.479572819455713751e-03,4.215517271684658596e+01,2.470409088495543193e-01,nan,8.141099780269608381e-06,9.473511428803009338e+00,1.000000000000000000e+00
1.888000000000000000e+03,1.129521355637416313e+01,4.222473428617728075e+01,-1.941889333349805253e-03,5.609566028053030351e+01,1.990477288455394511e-01,nan,9.734007583040481799e-06,9.473511428803009338e+00,1.000000000000000000e+00
1.889000000000000000e+03,1.121182113646961795e+02,4.836107599367409193e+01,-6.759288180007378376e-03,2.013573731825242135e+02,1.862817763779078817e-02,nan,8.647759996403587236e-06,2.175080372690490194e+01,1.000000000000000000e+00
1.890000000000000000e+03,1.327710696563092085e+02,2.846736206888641973e+01,-1.569732288928716354e-03,4.487380145963174982e+01,2.355641175753081518e-01,nan,8.011804009564092317e-06,1.551740771537892982e+01,1.000000000000000000e+00
1.893000000000000000e+03,1.008604523982132122e+02,7.674566441025104879e+00,-1.748265244623171955e-02,5.247049536853398877e+02,5.182030358417910598e-03,nan,1.778847799991310527e-05,2.003703605881816685e+01,1.000000000000000000e+00
1.893000000000000000e+03,4.411689716554367635e+01,2.478119660939628588e+01,-9.227882976575936189e-03,2.757942882117412751e+02,1.440174424138807030e-02,nan,1.304603091793354077e-05,1.951191022230907635e+01,1.000000000000000000e+00
1.894000000000000000e+03,9.811767863836161041e+01,2.853572654902845329e+01,-1.362740481046559012e-03,3.863226208812952933e+01,3.503453716583767585e-01,nan,1.187529072214061303e-05,9.763482200818566881e+00,1.000000000000000000e+00
1.895000000000000000e+03,8.960530957568083466e+01,3.331747911753470959e+01,-1.657530730516925321e-03,4.752123681244206210e+01,2.119971340596004117e-01,nan,7.952150662206288766e-06,9.763482200818566881e+00,1.000000000000000000e+00
1.896000000000000000e+03,2.523886590963435950e+01,1.984818774822845455e+01,-1.036050720084002357e-03,2.878140361127958258e+01,3.586206151501485362e-01,nan,7.131276856037273393e-06,1.951191022230907635e+01,1.000000000000000000e+00
1.898000000000000000e+03,1.208364532991704152e+02,2.010320429465482306e+01,-9.260221174839794456e-03,2.767693999310524759e+02,1.355161357710388259e-02,nan,1.256494479101815459e-05,1.417479578859329159e+01,1.000000000000000000e+00
1.899000000000000000e+03,1.292460360037840701e+02,4.925329172920280740e+01,-5.414591735897553680e-03,1.608099916967375407e+02,3.124217804280671196e-02,nan,8.977595521364389742e-06,1.654525009402327740e+01,1.000000000000000000e+00
1.899000000000000000e+03,1.098578368972765418e+02,4.140480433083857292e+01,-1.432300684660781261e-03,4.072974968432972531e+01,2.979936011164620036e-01,nan,9.832614702843134758e-06,1.741965782955128361e+01,1.000000000000000000e+00
1.901000000000000000e+03,4.310537740183283972e+01,3.207987180449102738e+01,-1.602296388380564053e-03,4.585572490339399820e+01,3.073461801052959075e-01,nan,1.317383221384589860e-05,1.077270466769410895e+01,1.000000000000000000e+00
1.903000000000000000e+03,4.736263840014403037e+00,2.880154555499700209e+01,-7.331434635975940702e-03,2.186096242147307578e+02,2.289211892672060600e-02,nan,1.284196144079094150e-05,2.000789731100379143e+01,1.000000000000000000e+00
1.905000000000000000e+03,3.540146695556767042e+01,2.454986983282562463e+01,-1.323998666330133056e-03,3.746405855220177017e+01,2.981474083712527534e-01,nan,8.665087558480030750e-06,1.077270466769410895e+01,1.000000000000000000e+00
1.906000000000000000e+03,7.815678170394911639e+00,9.032044747199151402e+00,-8.836078911261986690e-03,2.639800018175479295e+02,1.742894166797337441e-02,nan,1.366001212444307448e-05,2.000789731100379143e+01,1.000000000000000000e+00
1.907000000000000000e+03,4.481547490997134275e+01,1.885102818932500313e+01,-1.244676925978901528e-03,3.507222589716187144e+01,3.603940822267491795e-01,nan,1.102104199490201523e-05,1.100456004769261398e+01,1.000000000000000000e+00
1.910000000000000000e+03,1.321229648026666581e+01,4.280006522153431092e+01,-3.345059609572141601e-02,1.006195259944024656e+03,2.546302721729731822e-03,nan,3.429703779780015498e-05,2.873027876836584937e+01,1.000000000000000000e+00
1.914000000000000000e+03,9.554531300537300353e+01,2.023380506057623407e+01,-1.503074884222850181e-03,4.286384357709236070e+01,2.522949124328516257e-01,nan,8.613325360139680668e-06,7.626044859580550117e+00,1.000000000000000000e+00
1.914000000000000000e+03,1.274172056349489708e+02,2.853949058939120675e+01,-1.303974871319873953e-03,3.686026989891084327e+01,3.482228356983949613e-01,nan,1.108785813892161732e-05,2.162807857753026397e+01,1.000000000000000000e+00
1.916000000000000000e+03,1.405075190962999727e+02,1.132271166767079507e+01,1.101488266012810380e-03,-3.075457841209906107e+01,3.667205956376635712e-01,nan,8.371218284616283639e-06,2.162807857753026397e+01,1.000000000000000000e+00
1.917000000000000000e+03,1.243772732058440411e+01,2.179313735832326770e+01,-8.635274785330469133e-03,2.579250430692520126e+02,1.659628532120993594e-02,nan,1.222602041314492878e-05,2.646590360970852629e+01,1.000000000000000000e+00
1.918000000000000000e+03,6.306779005727478449e+01,1.806782165957234199e+01,-8.648616247594841794e-03,2.583273356181624649e+02,1.560183710674933888e-02,nan,1.228062530934910803e-05,2.571850384717125948e+01,1.000000000000000000e+00
1.921000000000000000e+03,1.113602646391200182e+02,3.851753311882627884e+01,-8.681701995564864924e-03,2.593249886204883978e+02,1.076577559368874226e-02,nan,7.723980657305069613e-06,1.349674700856002296e+01,1.000000000000000000e+00
1.921000000000000000e+03,1.199272385421571698e+02,4.894677748060792766e+01,-1.252971821442496782e-03,3.532234650409913002e+01,3.426180118117025941e-01,nan,9.848090117072141197e-06,1.349674700856002296e+01,1.000000000000000000e+00
1.923000000000000000e+03,1.774373892020653898e+01,4.562360409931839911e+01,-9.383353244704089116e-03,2.804822698741475619e+02,1.206294839343957648e-02,nan,1.293693146138737385e-05,3.749228998210861619e+01,1.000000000000000000e+00
1.924000000000000000e+03,3.803395176288182711e+01,1.036726161588885553e+01,-8.806683627796985450e-03,2.630936294487066220e+02,1.315949162833207620e-02,nan,1.068883222559462767e-05,3.528411509394251411e+00,1.000000000000000000e+00
1.925000000000000000e+03,5.254318785484895216e+01,1.041107825343854643e+01,-8.912946400092082444e-03,2.662978300583384907e+02,1.464300528493900355e-02,nan,1.266956054855091725e-05,1.450930225304330889e+01,1.000000000000000000e+00
1.926000000000000000e+03,1.324336936077260987e+02,2.464521237082839988e+01,-1.583349149083843315e-03,4.528439823466379011e+01,2.522408422915632942e-01,nan,9.289141591205216943e-06,6.324340030661375955e+00,1.000000000000000000e+00
1.926000000000000000e+03,6.369822242239956012e+01,2.975777235364649087e+01,-1.099845945343761507e-03,3.070505660144684512e+01,3.341584397309018684e-01,nan,7.260449408141176308e-06,1.227308826480900805e+01,1.000000000000000000e+00
1.928000000000000000e+03,8.380419386836311446e+01,3.481618764350520223e+01,-1.460965254968745602e-03,4.159408845200795923e+01,2.479247007922915635e-01,nan,7.595067419269935851e-06,6.316094672025718282e+00,1.000000000000000000e+00
1.929000000000000000e+03,1.083038996591256762e+02,2.350939069370955181e+01,-9.028383653609384565e-03,2.697786739146157515e+02,9.306892202765371103e-03,nan,8.366559409090291281e-06,2.415651148001562376e+01,1.000000000000000000e+00
1.929000000000000000e+03,7.594453485900437784e+01,2.894750865530453865e+01,1.559753745068270196e-03,-4.457291286402755048e+01,3.128044544851572573e-01,nan,1.259427335045944502e-05,3.842105230684131456e+00,1.000000000000000000e+00
1.929000000000000000e+03,1.319388777118143139e+02,3.095016550725843629e+01,1.166610887054035043e-03,-3.271825710722707470e+01,3.471919937596059658e-01,nan,8.560758801205350645e-06,6.324340030661375955e+00,1.000000000000000000e+00
1.931000000000000000e+03,1.381696782756016546e+02,4.264248723374853256e+01,-8.208286149475985810e-03,2.450498167057670003e+02,1.472404677775407400e-02,nan,1.127919803002741612e-05,1.324889667185328257e+01,1.000000000000000000e+00
1.932000000000000000e+03,1.143744759750549633e+01,5.200225788951344441e+01,-8.737905796955882168e-03,2.610197331748711349e+02,1.271901145479248374e-02,nan,9.443960707924301410e-06,2.929826533336096972e+01,1.000000000000000000e+00
1.933000000000000000e+03,1.682185678382666083e+01,2.320301329424182768e+01,-8.457975687496939107e-03,2.525788445361690151e+02,1.142275315796525970e-02,nan,8.801551676848922017e-06,2.929826533336096972e+01,1.000000000000000000e+00
1.935000000000000000e+03,9.528732596470126737e+01,4.917331293211672261e+01,-8.626417148140609961e-03,2.576579537973400988e+02,1.335321459994021076e-02,nan,1.076287224427580453e-05,1.273444654538362641e+01,1.000000000000000000e+00
1.938000000000000000e+03,7.675244734054689388e+01,2.101166197825405391e+01,-9.059147766080829015e-03,2.707063213475477710e+02,1.302749913784906344e-02,nan,1.089380550729626964e-05,4.005757170687327395e+00,1.000000000000000000e+00
1.938000000000000000e+03,8.393608474249029427e+01,4.340135905735201760e+01,1.037022787326587463e-03,-2.881071489672811836e+01,3.389890901259902112e-01,nan,6.591285652920043739e-06,1.273444654538362641e+01,1.000000000000000000e+00
1.942000000000000000e+03,1.410311618777967340e+02,1.075522225866461135e+01,-1.481430149241543112e-03,4.221117781725479290e+01,2.313448416906620508e-01,nan,7.049708637059562000e-06,3.517791063955495190e+01,1.000000000000000000e+00
1.946000000000000000e+03,5.035948139679592828e+01,4.357856507478005881e+01,-1.361464648987501273e-03,3.859379121283495095e+01,2.836812046684007438e-01,nan,9.360681569012461087e-06,2.690481571093405222e+01,1.000000000000000000e+00
1.948000000000000000e+03,7.888193317447606034e+01,1.804145782804339504e+01,-1.803960827051320423e-02,5.414991531322060609e+02,4.784536460064936492e-03,nan,1.817171386308974739e-05,6.666676202789359351e+00,1.000000000000000000e+00
1.949000000000000000e+03,1.309871324383414901e+02,4.557970600404098604e+01,1.265162975982569299e-03,-3.568995318295499430e+01,3.230359797443559389e-01,nan,8.768634974698385673e-06,2.007231469012621972e+01,1.000000000000000000e+00
1.950000000000000000e+03,1.418571995780879433e+02,2.870548135824284941e+01,-1.279858092867094043e-03,3.613306323422719402e+01,2.821572216030289182e-01,nan,7.393144622943237967e-06,2.007231469012621972e+01,1.000000000000000000e+00
1.951000000000000000e+03,1.218016769808561719e+02,2.127530803669710480e+01,-1.441456844521150525e-03,4.100584047673827826e+01,3.345435426642877630e-01,nan,1.182650482630491123e-05,1.105373932319998254e+01,1.000000000000000000e+00
1.952000000000000000e+03,2.667700318183513986e+01,1.918767133566399963e+01,-8.738188735955793734e-03,2.610282647922609272e+02,1.622136581308009085e-02,nan,1.270718910428012601e-05,9.335731827329144750e+00,1.000000000000000000e+00
1.953000000000000000e+03,8.971717625655901429e+01,3.167943476374303202e+01,-1.252779763075483098e-03,3.531655526109484100e+01,2.984599275030199728e-01,nan,7.643357213881569936e-06,1.724263556350321736e+01,1.000000000000000000e+00
1.954000000000000000e+03,6.918713268407338468e+00,3.216606662828036889e+01,-9.218747410336817702e-03,2.755188183902743049e+02,1.701113220300776163e-02,nan,1.394687303022467637e-05,1.606071909886599158e+01,1.000000000000000000e+00
1.955000000000000000e+03,3.511851683317713935e+01,4.380720656365863874e+01,-1.432649664917111636e-03,4.074027268053933426e+01,2.990186179246423492e-01,nan,9.963172768800248843e-06,2.083606018093089318e+01,1.000000000000000000e+00
1.956000000000000000e+03,5.667477986227479647e+01,4.685760619930462667e+00,-8.501193971673565164e-03,2.538820295511563927e+02,1.326982185101344136e-02,nan,9.285116644825387093e-06,9.854052921344489846e+00,1.000000000000000000e+00
1.956000000000000000e+03,1.127100085681798163e+02,1.498828024137119108e+01,-1.429326687588132559e-03,4.064007309273129920e+01,2.402843455378355086e-01,nan,6.862003346796035394e-06,1.105373932319998254e+01,1.000000000000000000e+00
1.956000000000000000e+03,2.225977178805401380e+01,2.741226588892927296e+01,-9.216696988554692882e-03,2.754569908792618094e+02,1.431452095732144159e-02,nan,1.324739710886097732e-05,9.335731827329144750e+00,1.000000000000000000e+00
1.956000000000000000e+03,1.065003453573987287e+02,3.563338419543850932e+01,-7.788079387861039996e-03,2.323790879768103537e+02,1.603046456786016982e-02,nan,1.048271015613155313e-05,1.183375488187665958e+01,1.000000000000000000e+00
1.957000000000000000e+03,8.014398530793296516e+01,1.236038396738796230e+01,-8.956786319577329444e-03,2.676197595893199264e+02,1.447519074712444453e-02,nan,1.251724552391602828e-05,1.680743223735479575e+01,1.000000000000000000e+00
1.957000000000000000e+03,5.937864206248885068e+01,1.416159769002149993e+01,-1.337226240865696048e-03,3.786291698093823044e+01,3.239063791631175970e-01,nan,9.812230788735441575e-06,7.629837980166358946e+00,1.000000000000000000e+00
1.960000000000000000e+03,1.084354396362339656e+02,4.730785055310808929e+01,-2.025452853681553728e-02,6.082868786383992301e+02,3.947019803787310543e-03,nan,1.886148647702383691e-05,1.171644209435851636e+01,1.000000000000000000e+00
1.960000000000000000e+03,6.489630304831136698e+01,1.943130781953727393e+01,-1.138909553526055518e-03,3.188296335513601321e+01,3.548929438109365009e-01,nan,8.550642801392586712e-06,7.629837980166358946e+00,1.000000000000000000e+00
1.963000000000000000e+03,1.095274716540483126e+02,3.564241093762318968e+01,-1.245471238855018611e-03,3.509617725610839756e+01,3.623580745372917411e-01,nan,1.057229082100990947e-05,1.171644209435851636e+01,1.000000000000000000e+00
1.963000000000000000e+03,1.754467575417783465e+01,4.024561642516132309e+01,-1.403924229712440663e-03,3.987409861970132141e+01,2.714390180709206346e-01,nan,8.575954315981832427e-06,1.621761512309222653e+01,1.000000000000000000e+00
1.963000000000000000e+03,3.107127826638113177e+01,4.919223951756916335e+01,-1.838718026399259551e-03,5.298467834878265847e+01,2.533482275637527481e-01,nan,1.311848116994944393e-05,1.621761512309222653e+01,1.000000000000000000e+00
1.966000000000000000e+03,8.595965577437523564e+01,3.151278655019858732e+01,-1.223993595926314197e-03,3.444854991607911643e+01,3.586357530435356766e-01,nan,9.914336227442464080e-06,2.392688326797668097e+01,1.000000000000000000e+00
1.969000000000000000e+03,1.135361400758881132e+02,4.707639707166062060e+00,-8.704814362835544550e-03,2.600219087148850008e+02,1.824419160875312418e-02,nan,1.413307226084301209e-05,3.845748800569432291e+01,1.000000000000000000e+00
1.976000000000000000e+03,1.016474252354140901e+02,4.158218519687805781e+01,-1.790536265080798842e-02,5.374511701254638183e+02,7.911480546940030667e-02,nan,9.724697611813390994e-05,6.307509229053223976e+00,1.000000000000000000e+00
1.977000000000000000e+03,7.282401804277614588e+01,2.967339785456834633e+01,-1.234086298371839079e-03,3.475288079913735828e+01,3.202000346715497825e-01,nan,8.242585826013398061e-06,2.206046997327595705e+01,1.000000000000000000e+00
1.978000000000000000e+03,1.007672152856861487e+02,4.782797602902986256e+01,-1.868639569349881541e-02,5.610020948517906163e+02,4.144625467419471576e-02,nan,1.608890436989733922e-04,6.307509229053223976e+00,1.000000000000000000e+00
1.980000000000000000e+03,8.889877508000056139e+01,1.456490614837827025e+01,-2.261877952223307394e-03,6.574445548438987430e+01,1.241297540449555203e-01,nan,7.095957382408576613e-06,1.268082584378363009e+01,1.000000000000000000e+00
1.982000000000000000e+03,3.477744563995322125e+01,4.939779070841419184e+01,-1.448106105822417888e-03,4.120633935941334869e+01,3.193567811134919721e-01,nan,1.136432965001876386e-05,3.314132214191428716e+01,1.000000000000000000e+00
1.982000000000000000e+03,1.357418866055612838e+01,2.392684398906772358e+01,-1.292534178658129654e-03,3.651529231542026110e+01,3.231990829959300315e-01,nan,9.229711099301583159e-06,2.524207483324967782e+01,1.000000000000000000e+00
1.984000000000000000e+03,1.014395261341498014e+02,3.440087576613297671e+01,-8.736380449160216152e-03,2.609737385124770412e+02,1.476673665267458357e-02,nan,1.227546172589422836e-05,1.723841851282651660e+01,1.000000000000000000e+00
1.989000000000000000e+03,1.186757408954409101e+02,3.467650872136583473e+01,-8.654595760377661179e-03,2.585076392004067429e+02,1.426959421177609322e-02,nan,1.075498474820531284e-05,1.723841851282651660e+01,1.000000000000000000e+00
1.990000000000000000e+03,2.356436924027346080e+01,4.559101942310099531e+01,-1.764957697491195687e-02,5.297383220513976312e+02,4.825562432274499436e-03,nan,1.798606832968289515e-05,1.963695547929120266e+01,1.000000000000000000e+00
1.992000000000000000e+03,3.919910367591610623e+01,3.370972742169833225e+01,-1.132486287433167368e-03,3.168927903196115281e+01,3.623752089230433127e-01,nan,8.724984827604550727e-06,1.963695547929120266e+01,1.000000000000000000e+00
1.994000000000000000e+03,9.669582810316683208e+01,3.110832211054771435e+01,-8.823208873549474862e-03,2.635919243959473306e+02,2.018551455646810933e-02,nan,1.545212734610916278e-05,2.226765641116270089e+01,1.000000000000000000e+00
1.997000000000000000e+03,7.606708926718708597e+01,4.177823193140340408e+01,-1.091211825475091194e-03,3.044470717192132625e+01,3.363537849964786108e-01,nan,7.295778175955978977e-06,2.322481090446705210e+01,1.000000000000000000e+00
1.999000000000000000e+03,1.401299101828675475e+02,1.809269235881421523e+01,-1.304603040815341224e-03,3.687921144388332806e+01,3.455396952168164892e-01,nan,1.069184214296395530e-05,2.099289898206971827e+01,1.000000000000000000e+00
1.999000000000000000e+03,1.250886510145175947e+02,5.293673493205920266e+01,-1.295742890570064643e-03,3.661204639441044151e+01,3.120619893421409108e-01,nan,8.809220045209592429e-06,1.219707386743959887e+01,1.000000000000000000e+00
2.000000000000000000e+03,2.129051211282182976e+01,1.558247512783691668e+01,-9.073647316779393304e-03,2.711435343825955329e+02,1.225825163638827320e-02,nan,1.171867220789157736e-05,2.336974748892818710e+01,1.000000000000000000e+00
2.003000000000000000e+03,1.385289031508605717e+02,3.902445253694658334e+01,-1.622461296622647840e-03,4.646376862262827956e+01,2.892383458153114928e-01,nan,1.350896318345865873e-05,5.620657298319025053e+00,1.000000000000000000e+00
2.003000000000000000e+03,1.827574111133046131e+01,3.875694930752073475e+01,-1.498291891382816637e-03,4.271961932768787307e+01,2.465544873671156045e-01,nan,7.993985032738737192e-06,9.647652115619486324e+00,1.000000000000000000e+00
2.003000000000000000e+03,1.036284475185197635e+02,3.875974109175892579e+01,-1.140312506590119125e-03,3.192526738095865824e+01,3.603080657967678846e-01,nan,8.699820542613741748e-06,1.230765649538401796e+01,1.000000000000000000e+00
2.003000000000000000e+03,1.135657957005697511e+02,4.893768300171347363e+01,-1.739432069868827911e-03,4.999085355415722631e+01,2.425870021021782064e-01,nan,1.180101949939753868e-05,1.074066866262710818e+01,1.000000000000000000e+00
2.006000000000000000e+03,6.910255083083796990e+01,9.054439240561540814e+00,-8.621924056904558750e-03,2.575224711126073203e+02,1.706558539952163223e-02,nan,1.465468870355785913e-05,4.011956241982176152e+01,1.000000000000000000e+00
2.006000000000000000e+03,1.091085201864262615e+02,1.207134240070862496e+01,-8.838351301547493072e-03,2.640485224685800745e+02,1.483363645428237287e-02,nan,1.153008637968647423e-05,2.724521648176045119e+01,1.000000000000000000e+00
2.006000000000000000e+03,1.159324779662172631e+02,3.846100517074961544e+01,-1.447289460994928252e-03,4.118171461268805444e+01,3.017566261033637343e-01,nan,1.026297969748000613e-05,1.074066866262710818e+01,1.000000000000000000e+00
2.006000000000000000e+03,1.394536517065917280e+02,3.348039007573458292e+01,-1.815122528648449628e-03,5.227319015169557304e+01,2.204744628146277918e-01,nan,1.009426580606017652e-05,5.620657298319025053e+00,1.000000000000000000e+00
2.007000000000000000e+03,1.852628969341130372e+01,4.840134751332053753e+01,-8.573037975044852516e-03,2.560483818345448981e+02,1.350395951221605717e-02,nan,1.007792674362719044e-05,9.647652115619486324e+00,1.000000000000000000e+00
2.010000000000000000e+03,1.304715693147942375e+02,2.909776703947524013e+01,-1.244738248345781881e-03,3.507407498467482299e+01,3.635408357370059074e-01,nan,1.120561571849159544e-05,9.994257789900638400e+00,1.000000000000000000e+00
2.013000000000000000e+03,9.101775436209848635e+01,2.574905578099141579e+01,-2.623530139232637878e-02,7.886284565569543474e+02,3.770632241025695386e-03,nan,3.960310899224314836e-05,6.595343353697086464e+00,1.000000000000000000e+00
2.015000000000000000e+03,2.732664764493361176e+01,5.717422634896420774e+00,-1.326549411907231198e-03,3.754097260551158399e+01,3.698950359119971276e-01,nan,1.237432283390729720e-05,2.656249049544091534e+01,1.000000000000000000e+00
2.015000000000000000e+03,1.348670657966381725e+02,1.007501470648922215e+01,-1.091004373485800032e-03,3.043845175644326773e+01,3.264424645935182223e-01,nan,7.002221064782547295e-06,9.570773352125556244e+00,1.000000000000000000e+00
2.016000000000000000e+03,6.889874434134065950e+01,4.514910991156687459e+01,-1.273495095850632475e-03,3.594119623811106834e+01,3.441941286172183201e-01,nan,1.030441684979810790e-05,1.105762402676778855e+01,1.000000000000000000e+00
2.017000000000000000e+03,9.752878152391613753e+01,2.680028327836252089e+01,-1.779706494913059489e-02,5.341856091557878017e+02,1.198060648750498558e-02,nan,4.824193953626481550e-05,6.595343353697086464e+00,1.000000000000000000e+00
2.017000000000000000e+03,1.582496971471053548e+01,3.020067008226422089e+01,-1.386319037504462432e-03,3.934323944496761527e+01,2.766131102701272493e-01,nan,8.224728521770268699e-06,1.124194791296539719e+01,1.000000000000000000e+00
2.017000000000000000e+03,2.687368854560196496e+01,3.227605078799803806e+01,-1.345799194462397744e-03,3.812142202976768601e+01,3.002060040501671745e-01,nan,8.731791929207425486e-06,1.124194791296539719e+01,1.000000000000000000e+00
2.018000000000000000e+03,5.865793636908058062e+01,4.932006917684946501e+01,-8.879097713694465363e-03,2.652771717483022371e+02,8.763081676559814071e-03,nan,8.420365844133013890e-06,1.105762402676778855e+01,1.000000000000000000e+00
2.026000000000000000e+03,5.304740725345683217e+01,4.086252040371986283e+01,-1.601428117577524549e-03,4.582954344984882766e+01,3.293772929222950063e-01,nan,1.450866832340342831e-05,3.463819045744563851e+01,1.000000000000000000e+00
2.027000000000000000e+03,2.173717322688548492e+01,2.604788293371703389e+01,-1.164334456217278740e-03,3.264961461920066199e+01,3.435104815091317709e-01,nan,8.347586281406628352e-06,7.867944019943166722e+00,1.000000000000000000e+00
2.028000000000000000e+03,1.370361505751634468e+02,4.565613559201643312e+01,-1.211086064106366589e-03,3.405934191375572340e+01,3.053930002550619971e-01,nan,7.359059388403778109e-06,2.693313487436345000e+01,1.000000000000000000e+00
2.029000000000000000e+03,1.198889470550120393e+02,8.353478674608451726e+00,-8.633750901072004269e-03,2.578790925377110170e+02,1.537451928316513339e-02,nan,1.211136629844057416e-05,1.585113969324425653e+01,1.000000000000000000e+00
2.029000000000000000e+03,1.390604439847597860e+02,1.879918136499140502e+01,-8.974469675092354090e-03,2.681529756658234760e+02,1.030438494924135195e-02,nan,8.735911717067546345e-06,2.052584584734649908e+01,1.000000000000000000e+00
2.030000000000000000e+03,9.292198147210477543e+01,3.030876025878424684e+01,-1.391631595242377468e-03,3.950343195994604883e+01,2.669447729604651487e-01,nan,7.838449136646777137e-06,1.756497037133848238e+01,1.000000000000000000e+00
2.031000000000000000e+03,9.016899482528042142e+01,4.765664914096254989e+01,-9.227025214429418476e-03,2.757684236315742510e+02,1.125239491343632547e-02,nan,1.023462105964169995e-05,1.756497037133848238e+01,1.000000000000000000e+00
2.032000000000000000e+03,7.979091753378162366e+01,1.717582989791008075e+01,-1.249741373919301948e-03,3.522493701910602937e+01,3.362893399760535917e-01,nan,9.189848774085869433e-06,1.435917861180652544e+01,1.000000000000000000e+00
2.032000000000000000e+03,1.192556909291995026e+02,2.419196396373457247e+01,-9.347280283689730906e-03,2.793945417716616362e+02,1.188355168421728614e-02,nan,1.510833826015005202e-05,1.585113969324425653e+01,1.000000000000000000e+00
2.037000000000000000e+03,9.215202228457593492e+01,9.869045396800698811e+00,1.402724388044905828e-03,-3.983791912504348431e+01,3.740491723676135916e-01,nan,1.409817743750297173e-05,1.435917861180652544e+01,1.000000000000000000e+00
2.038000000000000000e+03,1.337867491433893292e+02,3.542484380156474089e+01,-1.132354622986381145e-03,3.168530888050032246e+01,3.651977744274427229e-01,nan,8.754524922608894060e-06,1.592088532749435004e+01,1.000000000000000000e+00
2.039000000000000000e+03,1.303907819888130462e+02,5.097932857915425586e+01,-1.449787580522183400e-03,4.125704180338034632e+01,2.460548461710856394e-01,nan,7.301317691785440725e-06,1.592088532749435004e+01,1.000000000000000000e+00
2.039000000000000000e+03,5.736550166683408492e+01,5.300021908868726683e+01,-1.494218669474275778e-03,4.259679719684539378e+01,2.861805031575249680e-01,nan,1.072867850959877283e-05,3.502365192268954530e+01,1.000000000000000000e+00
2.041000000000000000e+03,1.241810416801316137e+02,2.024773359915803539e+01,-1.071984689967339123e-03,2.986494063671059962e+01,3.518745588862158824e-01,nan,7.351367249296397716e-06,1.502170202345110717e+01,1.000000000000000000e+00
2.043000000000000000e+03,2.405631323874003868e+01,3.637386503504592383e+01,-1.327761099670706586e-03,3.757750930210396234e+01,2.984791663409066542e-01,nan,8.436436621868661923e-06,1.913676830788153893e+01,1.000000000000000000e+00
2.044000000000000000e+03,1.102395239820807973e+02,2.584108822373629266e+01,-1.250330758639386789e-03,3.524270906512567336e+01,3.487004139398750535e-01,nan,9.703706392056903935e-06,1.502170202345110717e+01,1.000000000000000000e+00
2.045000000000000000e+03,6.122236114534915430e+01,1.832059111547446761e+01,-1.432485929407531673e-03,4.073533547244393560e+01,2.452929737215779893e-01,nan,7.813051105064737647e-06,9.368444095295970442e+00,1.000000000000000000e+00
2.046000000000000000e+03,8.615696277444997975e+01,6.319459396425080477e+00,-1.029902765470437761e-03,2.859602090861427470e+01,3.692480222974654502e-01,nan,7.546287368304865778e-06,1.540046146156463891e+01,1.000000000000000000e+00
2.046000000000000000e+03,8.072223269559160030e+01,3.321026768035353882e+01,-1.358812123185300542e-03,3.851380812365981399e+01,2.715211454537310720e-01,nan,7.593704703360800927e-06,9.339425488498456218e+00,1.000000000000000000e+00
2.050000000000000000e+03,1.172642306125581939e+02,4.297483202401127045e+01,-3.437108196807846933e-02,1.033951183581828445e+03,2.548047365929506647e-03,nan,3.603164719953912685e-05,1.037085483085777504e+01,1.000000000000000000e+00
2.050000000000000000e+03,5.486395148055272841e+01,2.520087972143492649e+01,1.281167801483192254e-03,-3.617255560823083727e+01,3.206100448478163001e-01,nan,8.924341630648422219e-06,9.368444095295970442e+00,1.000000000000000000e+00
2.050000000000000000e+03,9.734139555757965923e+01,2.903956385174974031e+01,-1.391836013390025445e-03,3.950959589430581076e+01,3.163486403171157368e-01,nan,1.037981977344179520e-05,1.080328014150764737e+01,1.000000000000000000e+00
2.052000000000000000e+03,3.908570089097861455e+01,3.240393990812272307e+01,1.352777586362565376e-03,-3.833184537086660271e+01,3.080119770748525054e-01,nan,9.107340480699160811e-06,1.521099042736704909e+01,1.000000000000000000e+00
2.053000000000000000e+03,1.257338103951315560e+02,3.698977995829365994e+01,-9.019319676801048832e-03,2.695053627691630140e+02,2.840215920619471035e-02,nan,2.526771709292493042e-05,1.037085483085777504e+01,1.000000000000000000e+00
2.055000000000000000e+03,6.345544862284594245e+01,6.942519163582598019e+00,-1.234836812898517603e-03,3.477551148203770026e+01,3.282204821080513257e-01,nan,8.483481495948999267e-06,1.575510362777419715e+01,1.000000000000000000e+00
2.055000000000000000e+03,1.247374602387750997e+02,1.608945917834005002e+01,-9.072828620427884211e-03,2.711188477751227879e+02,1.309145069619610524e-02,nan,1.218511086797511381e-05,2.092405606805315799e+01,1.000000000000000000e+00
2.055000000000000000e+03,7.483992440798952828e+01,4.237877243669986171e+01,-9.067582174280842608e-03,2.709606487597981754e+02,1.155100365208316937e-02,nan,1.072462774006493696e-05,2.375019199188967889e+01,1.000000000000000000e+00
2.058000000000000000e+03,4.752278982573690769e+01,5.384945324790342269e+00,-1.681893525468498851e-02,5.046915192167630266e+02,4.489003125842772057e-03,nan,1.456722746322242941e-05,1.600861182640100111e+01,1.000000000000000000e+00
2.058000000000000000e+03,1.272559291365714529e+02,4.928112496808347487e+01,-1.283567495294487496e-03,3.624491491344197414e+01,3.301859293515777560e-01,nan,9.197779723414796778e-06,1.238523345006978715e+01,1.000000000000000000e+00
2.059000000000000000e+03,3.893981641816179007e+01,4.197516780517968016e+01,-1.308667319301564042e-03,3.700176389872709848e+01,2.772122535460613824e-01,nan,7.215357100488203751e-06,8.448319402995068117e+00,1.000000000000000000e+00
2.061000000000000000e+03,9.077245892990212894e+01,5.152966946157167172e+01,-1.834599785715729584e-02,5.507378891364159017e+02,4.584741402428704760e-03,nan,1.641991202784973309e-05,6.612099301008172780e+00,1.000000000000000000e+00
2.061000000000000000e+03,1.027949703525241461e+02,1.477592938045808779e+01,-1.086333870340341770e-03,3.029761947150714718e+01,3.574987848671530299e-01,nan,8.067290805176613390e-06,1.320551266683217584e+01,1.000000000000000000e+00
2.065000000000000000e+03,5.860515148489179893e+01,4.330011818377896304e+01,-8.896507080532632325e-03,2.658021260914963477e+02,1.615111004677050044e-02,nan,1.374303549521986696e-05,2.161375547532040642e+01,1.000000000000000000e+00
2.067000000000000000e+03,1.089845045303646742e+02,4.996079058227391556e+01,-1.786813131495002330e-02,5.363285129005778344e+02,4.826702368455615400e-03,nan,1.953952688572625185e-05,1.892238369113512420e+01,1.000000000000000000e+00
2.068000000000000000e+03,4.424555850853545991e+01,5.741580932244811919e+00,-8.557479022973759827e-03,2.555792240793437031e+02,1.755175872097036738e-02,nan,1.275456437538430888e-05,2.822653065507581616e+01,1.000000000000000000e+00
2.068000000000000000e+03,3.726890609506062901e+01,4.928899137610835623e+01,-1.374492471448988300e-03,3.898662640592918649e+01,3.191851469604450875e-01,nan,9.850074407345679178e-06,1.588678789278268155e+01,1.000000000000000000e+00
2.071000000000000000e+03,1.104330878713524413e+02,2.029594200707507667e+01,-1.355350334520195573e-03,3.840942288025262741e+01,3.389371090788817487e-01,nan,1.129211370709303695e-05,1.500431028715478554e+01,1.000000000000000000e+00
2.072000000000000000e+03,1.426423452248044725e+02,3.174700651473581914e+01,-1.238804679930539205e-03,3.489515678855798342e+01,3.421889589657945985e-01,nan,9.157827364078971808e-06,1.918070266230379772e+01,1.000000000000000000e+00
2.082000000000000000e+03,7.116216611168417217e+01,9.862663223977083504e+00,-8.560088340551174485e-03,2.556579042868302167e+02,2.779755360829427868e-02,nan,2.105866498718835536e-05,2.231058997193671090e+01,1.000000000000000000e+00
2.085000000000000000e+03,1.323170095051136173e+02,5.153605187296356860e+01,-9.890292126814032980e-04,2.736353788623702243e+01,3.654372913067730488e-01,nan,6.765212087873629306e-06,2.901053879456448570e+01,1.000000000000000000e+00
2.086000000000000000e+03,8.054398524953485605e+01,3.010479489434573708e+01,-1.275915765748443899e-03,3.601418804695212827e+01,3.288735647978817678e-01,nan,9.295258263785752311e-06,1.323722691243197502e+01,1.000000000000000000e+00
2.087000000000000000e+03,1.002420776372703948e+01,6.955068498053189607e+00,-8.412072756479860997e-03,2.511947078684340227e+02,1.448820801170613848e-02,nan,1.017091539949756744e-05,6.067942953041954013e+01,1.000000000000000000e+00
2.088000000000000000e+03,1.221561263142741325e+02,9.394247477586107564e+00,-9.116162663794620535e-03,2.724255233415000248e+02,1.761726445420286336e-02,nan,1.571309574414620316e-05,2.438143534922382472e+01,1.000000000000000000e+00
2.088000000000000000e+03,7.468408172648733512e+01,4.197432340359110725e+01,1.149802625119424222e-03,-3.221142821527826072e+01,3.706985498100744403e-01,nan,1.003394080134825745e-05,1.323722691243197502e+01,1.000000000000000000e+00
2.089000000000000000e+03,1.095033317358585094e+02,3.023558090529167330e+01,-8.771090827808900037e-03,2.620203799093135899e+02,1.454465698238349702e-02,nan,1.218070742885185379e-05,1.727408782209404592e+01,1.000000000000000000e+00
2.089000000000000000e+03,9.411351376214511788e+01,1.523764899412898011e+01,-1.364099914702729486e-03,3.867325384898590102e+01,2.701028629192440134e-01,nan,7.902065559962335534e-06,1.841822716199489207e+01,1.000000000000000000e+00
2.090000000000000000e+03,5.881711970242675847e+01,4.302784095429012012e+01,-1.836021604986422945e-02,5.511666182270979562e+02,3.972144601357974203e-03,nan,1.711132356800606721e-05,1.590189872633489543e+01,1.000000000000000000e+00
2.092000000000000000e+03,9.255808328148181374e+01,3.359008010858000404e+01,-9.190602004278880174e-03,2.746701342716373802e+02,1.493124624835440173e-02,nan,1.273588434856439402e-05,1.727408782209404592e+01,1.000000000000000000e+00
2.096000000000000000e+03,1.268415712144070540e+02,5.317412321639211825e+01,-1.720154801659388825e-03,4.940957533964584769e+01,2.194974755174934344e-01,nan,8.842407982951930968e-06,3.399024803919029125e+01,1.000000000000000000e+00
2.097000000000000000e+03,7.389573092676970134e+01,4.430221956714592579e+01,-1.307167526660066607e-03,3.695653981514247022e+01,2.965738966005637689e-01,nan,8.324263761783671719e-06,1.060662838108647854e+01,1.000000000000000000e+00
2.097000000000000000e+03,2.379620940902819015e+01,4.291341855008027295e+01,-1.131404502615220194e-03,3.165665937130021135e+01,3.252170853565212738e-01,nan,7.224042781889060886e-06,4.040461015017265822e+01,1.000000000000000000e+00
2.099000000000000000e+03,1.113965560874138134e+02,1.762562148699817044e+01,-9.345374692041958503e-03,2.793370814044264421e+02,1.467611593062079223e-02,nan,1.269302429867688108e-05,2.183230396607346790e+01,1.000000000000000000e+00
2.099000000000000000e+03,9.701056196323723668e+01,3.688155285986764653e+01,-1.312353955974426183e-03,3.711292910945463319e+01,3.722339015828843856e-01,nan,1.212043191607129241e-05,2.403638325492214989e+01,1.000000000000000000e+00
2.099000000000000000e+03,9.292552796587295916e+01,5.986436953695410956e+00,-1.354529787267300545e-03,3.838468046151865565e+01,3.151742023785304436e-01,nan,1.024756835637646710e-05,2.183230396607346790e+01,1.000000000000000000e+00
2.102000000000000000e+03,6.411028271725719208e+01,4.021008455551476146e+01,-8.661492352078086973e-03,2.587155959744830511e+02,1.464402543862064476e-02,nan,1.046163468335833946e-05,1.060662838108647854e+01,1.000000000000000000e+00
2.106000000000000000e+03,3.378812202829742262e+01,8.548131978888621418e+00,-1.113252711787073631e-03,3.110931830366892825e+01,3.617926708761058929e-01,nan,7.597023901068448361e-06,2.308428072935857145e+01,1.000000000000000000e+00
2.106000000000000000e+03,6.910810371161868204e+01,1.832468144927977960e+01,-1.296889519822898990e-03,3.664662134546432526e+01,3.362745390778691945e-01,nan,1.031048268387288500e-05,2.244881029841181430e+01,1.000000000000000000e+00
2.107000000000000000e+03,5.038885493178223207e+00,3.426007131192690025e+01,-1.201571734208562239e-03,3.377245102054504144e+01,3.229863338125078531e-01,nan,7.899833671197246029e-06,1.548681593943445023e+01,1.000000000000000000e+00
2.108000000000000000e+03,1.073600412061086189e+02,4.297383219304898461e+01,-9.091056013211244735e-03,2.716684685106542929e+02,1.700428696233535764e-02,nan,1.507098174139442676e-05,3.101377430052214113e+00,1.000000000000000000e+00
2.110000000000000000e+03,4.678020675686668994e+01,5.104897940251527899e+01,-1.095820337223222174e-03,3.058367019569647738e+01,3.511106657176535917e-01,nan,7.668271154773500422e-06,1.712773752485788492e+01,1.000000000000000000e+00
2.114000000000000000e+03,7.626438350782613895e+01,3.838816186499651906e+01,-9.043312325838047047e-03,2.702288264903760933e+02,1.196069110699737870e-02,nan,1.127088935582059830e-05,1.841709121235419744e+01,1.000000000000000000e+00
2.114000000000000000e+03,1.193398779972955168e+02,4.197530625211529554e+01,-1.450058267039845911e-03,4.126520396484272624e+01,2.600519541731667328e-01,nan,7.878284534480822101e-06,8.967939279368577488e+00,1.000000000000000000e+00
2.115000000000000000e+03,6.388039890017946476e+01,5.201996930061357460e+01,-8.767342698797366343e-03,2.619073604858189697e+02,1.421953798300223948e-02,nan,1.076491625697060546e-05,1.712773752485788492e+01,1.000000000000000000e+00
2.116000000000000000e+03,5.347113078308743184e+01,1.538874802930530628e+01,-1.422730277190874075e-03,4.044116785282675153e+01,2.855616374129027468e-01,nan,9.369278820309762549e-06,2.927654031015363501e+01,1.000000000000000000e+00
2.117000000000000000e+03,1.333945623413895021e+02,3.501350000798498030e+01,-1.247130605437411300e-03,3.514621306168798753e+01,3.530101818286593973e-01,nan,1.023401402538054663e-05,6.334611773899958109e+00,1.000000000000000000e+00
2.118000000000000000e+03,1.013556639574531033e+02,2.701364611858844356e+01,-1.120299248012319180e-03,3.132179643858925289e+01,3.677914968970735776e-01,nan,8.816759214736583748e-06,1.855653471200093918e+01,1.000000000000000000e+00
2.122000000000000000e+03,1.367570805102959923e+02,2.964500134543455445e+01,-1.489813806474415449e-03,4.246397490730167590e+01,2.857815515480762736e-01,nan,1.137168973400941406e-05,6.334611773899958109e+00,1.000000000000000000e+00
2.123000000000000000e+03,2.785679418602153845e+01,3.310097639441929829e+01,-1.935021168761309274e-03,5.588856068500689389e+01,1.736849706060515919e-01,nan,8.146911461481706629e-06,1.407539706609646046e+01,1.000000000000000000e+00
2.127000000000000000e+03,6.757804767291598580e+01,1.475219821914443408e+01,-1.736204810311327285e-02,5.210683036959040919e+02,3.935866576378455051e-03,nan,1.378739198028507872e-05,1.705763621730747204e+01,1.000000000000000000e+00
2.127000000000000000e+03,9.616363716322297250e+01,2.425945928614547498e+01,-1.531823503130836771e-03,4.373071670906029595e+01,2.582623533751231548e-01,nan,9.457095838055262961e-06,9.220771815643569624e+00,1.000000000000000000e+00
2.128000000000000000e+03,1.165630458827557590e+02,9.913087400537234473e+00,-1.319443522285980962e-03,3.732670475455473280e+01,3.138033807368032502e-01,nan,9.155755063375201516e-06,1.602318934244817328e+01,1.000000000000000000e+00
2.128000000000000000e+03,6.522604312214488687e+01,3.164690235728049217e+01,-1.461537961225917387e-03,4.161135758303790766e+01,3.196187511275021542e-01,nan,1.126768880534993353e-05,8.265317398773650126e+00,1.000000000000000000e+00
2.128000000000000000e+03,9.623300825152902860e+01,4.084835347410662365e+01,1.584060358507551969e-03,-4.530584372888348099e+01,2.897704578620436955e-01,nan,1.139114259370622125e-05,7.150874568110289431e+00,1.000000000000000000e+00
2.128000000000000000e+03,3.717436510311495823e+01,4.365084249656541715e+01,-1.318527413692391001e-03,3.729908082144373083e+01,3.430764944292847840e-01,nan,1.064772716811002451e-05,1.407539706609646046e+01,1.000000000000000000e+00
2.129000000000000000e+03,1.027511023695361132e+02,4.378934925065033923e+01,-1.470862497476839318e-03,4.189252552261289964e+01,2.926131584281908005e-01,nan,9.984498451796393364e-06,7.095109841755172120e+00,1.000000000000000000e+00
2.129000000000000000e+03,1.305999935045626614e+02,4.718477776327485884e+01,-1.208885880552684408e-03,3.399299855256020919e+01,3.510231220395751972e-01,nan,9.624817159585196256e-06,2.472782055852524863e+01,1.000000000000000000e+00
2.131000000000000000e+03,9.866137485876329549e+01,4.958716888860037386e+01,-1.418390202561187717e-03,4.031029916312543548e+01,2.978517841268342181e-01,nan,1.039001097372215863e-05,7.095109841755172120e+00,1.000000000000000000e+00
2.132000000000000000e+03,1.015941904822160353e+02,1.680749823379554897e+01,-1.488345740174504446e-03,4.241970748578088291e+01,2.742529952857849507e-01,nan,8.758867465474538499e-06,9.220771815643569624e+00,1.000000000000000000e+00
2.134000000000000000e+03,2.467833568329805516e+01,2.988637015773562666e+01,-1.285738006130048320e-03,3.631036353662679517e+01,2.885472287850415762e-01,nan,7.596959477863437146e-06,1.142710084541218762e+01,1.000000000000000000e+00
2.140000000000000000e+03,5.781502644853751605e+01,3.381330256344599405e+01,-1.663454275224646216e-03,4.769985275811824721e+01,2.407209289321906587e-01,nan,9.351651272147130497e-06,2.135847368719330674e+01,1.000000000000000000e+00
2.145000000000000000e+03,3.655061169250366504e+01,3.581556711387350589e+01,-8.066732131467331882e-03,2.407814594908846857e+02,1.555742209120369868e-02,nan,1.042105221947168263e-05,2.113397469390039873e+01,1.000000000000000000e+00
2.148000000000000000e+03,4.419507577043738422e+01,1.435864401655804912e+01,-1.384012889612554632e-03,3.927370088201132603e+01,3.015959167275689135e-01,nan,9.481480619157886815e-06,1.992694642044546427e+01,1.000000000000000000e+00
2.150000000000000000e+03,2.435654625437378584e+01,1.855434889345149685e+01,-9.033892288971827333e-03,2.699447788675107631e+02,1.281970927549647143e-02,nan,1.155968065277282456e-05,1.212769224865521345e+01,1.000000000000000000e+00
2.152000000000000000e+03,3.062991814015548186e+01,4.938878873931969338e+01,1.226166948935902834e-03,-3.451408424092178251e+01,3.214806644766382560e-01,nan,8.129697530885505606e-06,2.044664811947955130e+01,1.000000000000000000e+00
2.153000000000000000e+03,9.650264765104432740e+01,4.024375999548217919e+01,-1.749945031589396826e-03,5.030785674941112973e+01,2.509730317359423202e-01,nan,1.181348119544085622e-05,2.856925518461902769e+01,1.000000000000000000e+00
2.153000000000000000e+03,3.061550757592260297e+01,2.894214569804137227e+01,-1.205560590871499783e-03,3.389272923910709068e+01,3.091833066835992794e-01,nan,7.435235262900792214e-06,1.212769224865521345e+01,1.000000000000000000e+00
2.156000000000000000e+03,1.209303942393976854e+02,2.542864816940836548e+01,-1.280057366424231478e-03,3.613907204088141611e+01,2.929080391546133866e-01,nan,7.808662657056140332e-06,9.089123582900958453e+00,1.000000000000000000e+00
2.160000000000000000e+03,1.188895797686524816e+02,3.428569303783052646e+01,-1.474865319952143889e-03,4.201322486010055002e+01,2.893601377500725214e-01,nan,1.023348868609528970e-05,9.089123582900958453e+00,1.000000000000000000e+00
2.163000000000000000e+03,5.081825345536690008e+01,5.320662690179240428e+01,-1.136602705574416179e-03,3.181340368288838860e+01,3.410946965861467728e-01,nan,7.878703278850650500e-06,9.898622194323307255e+00,1.000000000000000000e+00
2.163000000000000000e+03,6.070627071970451283e+01,5.366470541701799846e+01,-1.082594479802281113e-03,3.018486354407442462e+01,3.591407733772019606e-01,nan,7.781343259256136673e-06,9.898622194323307255e+00,1.000000000000000000e+00
2.163000000000000000e+03,8.803788954233890962e+00,2.326943799106495092e+01,-1.432209439867352871e-03,4.072699832920869767e+01,2.823657029578814370e-01,nan,9.189045409455963236e-06,2.214635923605179713e+01,1.000000000000000000e+00
2.166000000000000000e+03,9.076574854907694601e+01,5.345366240599737040e+01,-1.507791322021827468e-03,4.300606095524250350e+01,3.739745122080742057e-01,nan,1.701429893094415970e-05,5.337025680591276355e+00,1.000000000000000000e+00
2.168000000000000000e+03,1.837617996550445199e+01,4.324018053458604527e+01,-9.111793181604259384e-03,2.722937679092283361e+02,1.369407438919834075e-02,nan,1.188465273216245071e-05,2.214635923605179713e+01,1.000000000000000000e+00
2.168000000000000000e+03,1.295286649512152906e+02,4.480633890534424069e+01,-1.408357567107262681e-03,4.000777951354948669e+01,3.226220607522924944e-01,nan,1.091423498466813482e-05,6.150646695190757463e+00,1.000000000000000000e+00
2.169000000000000000e+03,1.235862291959522707e+02,4.321954589312348816e+01,-1.612244549975639122e-03,4.615569736561374015e+01,3.101329831543974125e-01,nan,1.255281114911576231e-05,6.150646695190757463e+00,1.000000000000000000e+00
2.171000000000000000e+03,9.415093682951030019e+01,4.932760576298973376e+01,-9.018142513548904615e-03,2.694698671094065503e+02,1.253892661791011776e-02,nan,1.107360738866690320e-05,5.337025680591276355e+00,1.000000000000000000e+00
2.175000000000000000e+03,7.224760472350597240e+01,3.157845102524031589e+01,-1.720310278076752665e-03,4.941426350672958989e+01,2.173030428432840555e-01,nan,8.768748312690944599e-06,2.665293404301509028e+01,1.000000000000000000e+00
2.178000000000000000e+03,1.306554985382808276e+01,3.464890913931048999e+01,-8.598028403442576836e-03,2.568019321530382513e+02,1.523846805539186278e-02,nan,1.081070011282841186e-05,1.363080585697135838e+01,1.000000000000000000e+00
2.178000000000000000e+03,1.098982149939057820e+02,3.261592823519296758e+01,-1.404621289246208143e-03,3.989511744440170560e+01,3.417243566065106819e-01,nan,1.249410643745697841e-05,1.171129212479223192e+01,1.000000000000000000e+00
2.179000000000000000e+03,2.650449859768115246e+01,3.692783980313830483e+01,-9.299927697581224922e-03,2.779666928458386792e+02,1.116286323975457240e-02,nan,1.056746995746098689e-05,1.363080585697135838e+01,1.000000000000000000e+00
2.181000000000000000e+03,1.431289829606762112e+02,2.998555998698475733e+01,-9.071074619185475613e-03,2.710659583978852538e+02,1.325113036143898970e-02,nan,1.141851411491896487e-05,8.113890304847521051e+00,1.000000000000000000e+00
2.181000000000000000e+03,1.095348882474619359e+02,4.582566764998257014e+01,-1.278361990847839318e-03,3.608795043603240060e+01,3.192533216630260018e-01,nan,8.924467897836843745e-06,8.524688872503501713e+00,1.000000000000000000e+00
2.182000000000000000e+03,6.878090262320448289e+01,5.169590582537748702e+01,-1.092288604189433146e-03,3.047717588074958428e+01,3.626535988412066258e-01,nan,8.180771379492334650e-06,1.713402113820389161e+01,1.000000000000000000e+00
2.183000000000000000e+03,1.178374071146184718e+02,5.103026233537574008e+00,-2.498711529414594443e-02,7.509912053320642826e+02,5.219557596044643866e-03,nan,3.359159658640774098e-05,2.431097555693585832e+01,1.000000000000000000e+00
2.183000000000000000e+03,4.579254260755547534e+00,1.566946852349320629e+01,-9.220027091063833988e-03,2.755574053165993291e+02,1.279835917592864192e-02,nan,1.140901693785932708e-05,1.890837128797577904e+01,1.000000000000000000e+00
2.185000000000000000e+03,2.208868403952752146e+01,2.280714136456683150e+01,-1.748930733193687723e-03,5.027727204446051701e+01,2.440191790552904694e-01,nan,1.105229141909833580e-05,1.251974556898384172e+01,1.000000000000000000e+00
2.187000000000000000e+03,3.698916758220156709e+01,2.042477830856088516e+01,-8.414920450939718938e-03,2.512805759869410451e+02,1.719306445948287632e-02,nan,1.528523611579591157e-05,1.011223023675244193e+01,1.000000000000000000e+00
2.187000000000000000e+03,1.337014363407438964e+02,4.990113857577568979e+01,-1.748821822071028884e-03,5.027398798666603597e+01,1.962294688552701505e-01,nan,7.750228974205261706e-06,1.590758377449387062e+01,1.000000000000000000e+00
2.189000000000000000e+03,1.211538883349211737e+01,3.037532554872631607e+01,-8.716466434135145339e-03,2.603732601162768105e+02,1.605911151552286142e-02,nan,1.201865256592279284e-05,1.251974556898384172e+01,1.000000000000000000e+00
2.190000000000000000e+03,9.646194955478989641e+01,1.153556253822967115e+01,-1.728666277799556159e-02,5.187951679637712914e+02,6.037991693314759267e-03,nan,1.757611372009802115e-05,3.215929289917609424e+01,1.000000000000000000e+00
2.190000000000000000e+03,7.646268686851064444e+01,4.339151362937814582e+01,2.090706240095892721e-03,-6.058301942823958086e+01,2.097203020858732225e-01,nan,1.231438579028057343e-05,9.598497813548432234e+00,1.000000000000000000e+00
2.190000000000000000e+03,6.073473787354325282e+01,2.679557876805139216e+01,-1.316650185261240315e-03,3.724247570609055913e+01,2.505437684617899396e-01,nan,6.383395616695412280e-06,1.121961078642574172e+01,1.000000000000000000e+00
2.191000000000000000e+03,5.851671545859662871e+01,1.579739515594183707e+01,-1.851837378829370708e-03,5.338027349604457328e+01,2.193258815247115523e-01,nan,1.024362575671651396e-05,1.121961078642574172e+01,1.000000000000000000e+00
2.192000000000000000e+03,4.400288749752733253e+01,2.770934647080997593e+01,-1.065622589111866721e-03,2.967310066303634741e+01,3.474754002014378562e-01,nan,7.120690059296225111e-06,1.011223023675244193e+01,1.000000000000000000e+00
2.194000000000000000e+03,1.305884453445538043e+02,1.203390801436813184e+01,-8.665703606398730136e-03,2.588425802735943080e+02,1.462383552022605837e-02,nan,1.195688257206758531e-05,3.413013423797745816e+01,1.000000000000000000e+00
2.196000000000000000e+03,7.283868150208468784e+00,1.004871745263393024e+01,-8.668395330225524623e-03,2.589237453226561456e+02,1.436034812401953964e-02,nan,1.074508726636409035e-05,3.945337677073101190e+01,1.000000000000000000e+00
2.196000000000000000e+03,4.668404640434629727e+01,1.209686104023264264e+01,-1.146664975492363249e-03,3.211681691697784657e+01,3.528101283198599170e-01,nan,8.944268147698894331e-06,1.239782278018769901e+01,1.000000000000000000e+00
2.201000000000000000e+03,9.735356008326654376e+01,3.447931384070866301e+01,-1.479889157803740635e-03,4.216471144339874400e+01,3.165607800070746602e-01,nan,1.166946122625934158e-05,3.560565703151015526e+01,1.000000000000000000e+00
2.203000000000000000e+03,5.704296070698796939e+01,2.110852144406913666e+01,1.160607017996549478e-03,-3.253721909665529921e+01,3.298715183481162327e-01,nan,7.645976140188857423e-06,1.598376035913620363e+01,1.000000000000000000e+00
2.204000000000000000e+03,4.496841956976743937e+00,3.059626478472682010e+01,-8.900267986018173261e-03,2.659155307711340015e+02,1.471497372234509271e-02,nan,1.168605904065464835e-05,3.919969086087277077e+01,1.000000000000000000e+00
2.205000000000000000e+03,1.311286282126094989e+02,4.574907805757541723e+01,-8.678273600117098613e-03,2.592216103013788029e+02,1.940796733160543575e-02,nan,1.472523847908475877e-05,3.560565703151015526e+01,1.000000000000000000e+00
2.209000000000000000e+03,6.218034562951002897e+01,3.827248994961235695e+01,-9.104798263183043819e-03,2.720828462347275263e+02,1.736394054206324977e-02,nan,1.470857326291789305e-05,1.121915751683273754e+01,1.000000000000000000e+00
2.211000000000000000e+03,3.537447416023648827e+01,1.480847485781604966e+01,-1.292733969636380856e-03,3.652131672416176400e+01,3.213771355943183528e-01,nan,9.147599295650295117e-06,2.515245655681136583e+01,1.000000000000000000e+00
2.212000000000000000e+03,6.931577383482647292e+01,1.951738100758112182e+01,-2.569091463206776664e-03,7.500803573850504335e+01,2.187638237332772961e-01,nan,1.990901065712610319e-05,1.111397767786857393e+01,1.000000000000000000e+00
2.213000000000000000e+03,1.228050993256636048e+02,2.803905455804276770e+01,-1.454616637501460197e-03,4.140265505045407934e+01,2.942983915074861567e-01,nan,9.992156048832049397e-06,2.595514247063361779e+01,1.000000000000000000e+00
2.214000000000000000e+03,6.118774232230806120e+01,2.709732847149329515e+01,-1.290563462228871278e-03,3.645586820434488118e+01,3.351005734739791464e-01,nan,9.853332550727942531e-06,1.111397767786857393e+01,1.000000000000000000e+00
2.219000000000000000e+03,5.275570881398259360e+01,1.968705348030431779e+01,-8.669960162719677135e-03,2.589709305891746567e+02,1.362775581805153458e-02,nan,9.936510076459271627e-06,1.122547836533322574e+01,1.000000000000000000e+00
2.219000000000000000e+03,3.691059821468128632e+01,1.471466773266784500e+01,-1.383649226298954435e-03,3.926273513939073467e+01,3.188121500382339324e-01,nan,1.029629622547558207e-05,1.660699099558342340e+01,1.000000000000000000e+00
2.220000000000000000e+03,1.298849960297753796e+02,4.745722772154998381e+01,-9.191302471146729422e-03,2.746912558395817427e+02,1.446553242102166514e-02,nan,1.224189071982098367e-05,2.060959958818181192e+01,1.000000000000000000e+00
2.221000000000000000e+03,8.922946987192980828e+01,3.759826781040325727e+01,-8.575717121386697631e-03,2.561291676276917428e+02,1.603403158002292272e-02,nan,1.158021046462715542e-05,2.180121621315456792e+01,1.000000000000000000e+00
2.225000000000000000e+03,2.770653472488485036e+01,4.154951129247901065e+01,-1.151191749661452466e-03,3.225331526196720233e+01,3.600658214956616865e-01,nan,9.618582211625193815e-06,4.536420102818898670e+01,1.000000000000000000e+00
2.229000000000000000e+03,7.143197655061797491e+01,2.946661130653313876e+01,-1.589093532304781172e-03,4.545761182415468937e+01,2.410279755500898125e-01,nan,8.634577847380353464e-06,3.135468125392980099e+01,1.000000000000000000e+00
2.231000000000000000e+03,2.524050433477697197e+01,3.865754688763514224e+01,-1.186824731171193855e-03,3.332777641718200101e+01,3.296939355987048570e-01,nan,8.308676261372493677e-06,3.278915845409557761e+01,1.000000000000000000e+00
2.232000000000000000e+03,2.457576280017605086e+01,5.875127348803599325e+00,-1.716455376781768349e-02,5.151131469097095987e+02,5.560915327473159309e-03,nan,1.869062722301151414e-05,3.278915845409557761e+01,1.000000000000000000e+00
2.233000000000000000e+03,1.079804692727427948e+02,4.957419172822337572e+01,-9.143070884101553789e-03,2.732369019085127206e+02,1.244124356436326906e-02,nan,1.095565577140521691e-05,2.185764226910379904e+01,1.000000000000000000e+00
2.234000000000000000e+03,1.025163470518866973e+02,2.535833343431079712e+01,-9.345846048425979907e-03,2.793512944762334200e+02,8.500630901374206516e-03,nan,7.712630826826168278e-06,1.928368066819466975e+01,1.000000000000000000e+00
2.237000000000000000e+03,6.714715687254563470e+00,4.025118744500088042e+01,-1.348353248262016031e-03,3.819843583775533347e+01,2.669968896002666847e-01,nan,7.524804845168572303e-06,2.389548247210937504e+01,1.000000000000000000e+00
2.237000000000000000e+03,1.286507221903174241e+02,4.246805565525019688e+01,-1.170851222621255728e-03,3.284611830937791410e+01,3.330603126475103481e-01,nan,8.128517388507944640e-06,1.241636917292935216e+01,1.000000000000000000e+00
2.238000000000000000e+03,1.643941223570950427e+01,1.842404013676669194e+01,-1.353543571291518886e-03,3.835494254143077342e+01,3.042629012680946321e-01,nan,8.153974252021015280e-06,2.389548247210937504e+01,1.000000000000000000e+00
2.239000000000000000e+03,5.891596092846501165e+01,2.292758045089812313e+01,-1.439210158476965720e-03,4.093809490002362850e+01,2.885177331112320775e-01,nan,9.570120924419969264e-06,4.271462354052808763e+01,1.000000000000000000e+00
2.240000000000000000e+03,1.270020328279943698e+02,3.016163266459068026e+01,-1.235653794769535742e-03,3.480014639182439851e+01,3.045923060098967294e-01,nan,7.861726632147094564e-06,1.241636917292935216e+01,1.000000000000000000e+00
2.246000000000000000e+03,2.996397593243900204e+01,4.061302597164097250e+01,-1.089123788532456128e-03,3.038174543000529937e+01,3.322876480721893566e-01,nan,6.864408135574070069e-06,1.824243897374035228e+01,1.000000000000000000e+00
2.248000000000000000e+03,1.271720540626017453e+02,3.034032684777295330e+01,1.489927996329785649e-03,-4.246741813766625739e+01,3.721820528422538077e-01,nan,1.577487990884687361e-05,4.100724966895036516e+01,1.000000000000000000e+00
2.253000000000000000e+03,6.393085688492150354e+01,1.690064269973967370e+01,-9.350248210699213525e-03,2.794840353292616442e+02,1.503538756464151138e-02,nan,1.319447292724382372e-05,3.283469817952503433e+01,1.000000000000000000e+00
2.261000000000000000e+03,1.012714777862821620e+02,3.386106759750013850e+01,-1.213164658691225344e-03,3.412201893499403837e+01,3.595199754878295462e-01,nan,9.922413641735246517e-06,2.136039507091964040e+01,1.000000000000000000e+00
2.262000000000000000e+03,1.215690414469838174e+02,4.051504287740100096e+01,-1.372537150251297361e-03,3.892766651585340298e+01,3.171773992207854720e-01,nan,1.033833614143488228e-05,1.069814340718937018e+01,1.000000000000000000e+00
2.265000000000000000e+03,1.268755709322224412e+01,4.563002377451505964e+01,-1.391613799245546576e-03,3.950289534733315122e+01,3.656122322921375734e-01,nan,1.352276037864291198e-05,6.526317594627700203e+01,1.000000000000000000e+00
2.270000000000000000e+03,7.185632211485481946e+01,1.809206124259310045e+01,-7.107914463377110019e-03,2.118696958481220349e+02,1.898960447970765575e-02,nan,1.024403826311479592e-05,1.520869037996371986e+01,1.000000000000000000e+00
2.270000000000000000e+03,1.409754792135937009e+02,1.231139156360320186e+01,-1.108532432225161441e-03,3.096698508269940575e+01,3.734283058207378270e-01,nan,8.770631452760426893e-06,3.293895206495877659e+01,1.000000000000000000e+00
2.277000000000000000e+03,5.077676530286563406e+01,5.131535232853727990e+01,-1.324156949559570241e-03,3.746883135465461834e+01,2.630501393909370211e-01,nan,8.237301561683902813e-06,1.930280163476720290e+01,1.000000000000000000e+00
2.279000000000000000e+03,9.534134768625861511e+00,4.624777554242110256e+01,-1.208718501898548014e-03,3.398795149069611909e+01,3.510538898748265524e-01,nan,9.657876816709827234e-06,3.927471455232848996e+01,1.000000000000000000e+00
2.281000000000000000e+03,1.828602839698949012e+01,7.960603263906054217e+00,-3.422646997926672829e-03,1.007457715949446566e+02,7.074436503820413780e-02,nan,9.034565835688059812e-06,3.220878780606405201e+00,1.000000000000000000e+00
2.282000000000000000e+03,7.849852188268248199e+01,6.361693204356621223e+00,-1.749415362607648072e-02,5.250517551725787371e+02,5.040013537416565548e-03,nan,1.654767654959758718e-05,2.558374780569000606e+01,1.000000000000000000e+00
2.282000000000000000e+03,5.385750834083334126e+01,3.225998108352646909e+01,-1.356998448835126068e-03,3.845911938993880597e+01,2.636324515572608940e-01,nan,7.362030602868187417e-06,1.930280163476720290e+01,1.000000000000000000e+00
2.282000000000000000e+03,9.632466989046943695e+01,3.259630140414078170e+01,-9.238665252504978803e-03,2.761194121884535662e+02,1.436593359276860937e-02,nan,1.270938198378080111e-05,1.420939184964800894e+01,1.000000000000000000e+00
2.283000000000000000e+03,1.362508441358211542e+02,5.313590736548036375e+01,-2.628506029977349320e-02,7.901288646315140340e+02,3.504272812906550350e-03,nan,2.485002244899911538e-05,2.748202720977966962e+01,1.000000000000000000e+00
2.284000000000000000e+03,8.214457570182777602e+01,3.168430056088774549e+01,-9.228743641619295210e-03,2.758202403245749679e+02,1.782389477450951887e-02,nan,1.560044637979550577e-05,1.420939184964800894e+01,1.000000000000000000e+00
2.286000000000000000e+03,1.652750953330200545e+01,5.262146014769822244e+00,-7.547880874938852139e-03,2.251362483170222788e+02,1.840110144654927282e-02,nan,1.118620176413589350e-05,3.220878780606405201e+00,1.000000000000000000e+00
2.286000000000000000e+03,1.167706550200085189e+02,9.659002448431120769e+00,-8.712956290245708543e-03,2.602674167908345453e+02,1.204924516525884837e-02,nan,9.501206573753751537e-06,2.667927288025819621e+01,1.000000000000000000e+00
2.286000000000000000e+03,1.106726745310360656e+02,4.308508355705956205e+01,-9.605186225143697021e-03,2.871713233950469544e+02,1.361577491218002312e-02,nan,1.297705909307235903e-05,1.006690332186014913e+01,1.000000000000000000e+00
2.291000000000000000e+03,1.010870862958204839e+02,4.616063890147714233e+01,-8.838793422002177297e-03,2.640618539731120791e+02,1.552227860439359119e-02,nan,1.229306624648590452e-05,1.006690332186014913e+01,1.000000000000000000e+00
2.298000000000000000e+03,1.331414363473602975e+02,2.136226796349951584e+01,-1.173436269929477999e-03,3.292406668190795926e+01,2.938145962158612567e-01,nan,6.863472585879500132e-06,2.788488862145450042e+01,1.000000000000000000e+00
2.299000000000000000e+03,1.780223670082262899e+01,1.376331082807549322e+01,-1.324464379965169161e-03,3.747810147505298772e+01,2.596687541459358206e-01,nan,6.969801790064155642e-06,3.489867102323627535e+01,1.000000000000000000e+00
2.299000000000000000e+03,1.401587472575475317e+02,4.834975323020582039e+01,-1.422369486019825664e-03,4.043028871552161263e+01,3.396165718304647863e-01,nan,1.216213279913172046e-05,2.788488862145450042e+01,1.000000000000000000e+00
2.301000000000000000e+03,1.630439176299655557e+01,4.862982341150286913e+01,-8.895736709605771286e-03,2.657788966674922335e+02,1.435101153362072779e-02,nan,1.310355109267678550e-05,1.554043179144878017e+01,1.000000000000000000e+00
2.305000000000000000e+03,5.893952199219186383e+01,2.672813452999859862e+01,-1.275448751569594093e-03,3.600010590807830368e+01,3.402657354622490304e-01,nan,1.010047351007632608e-05,8.462879539050849331e+00,1.000000000000000000e+00
2.306000000000000000e+03,2.526463683291553508e+01,3.593261787045311451e+01,-1.578508392413798022e-03,4.513843220029227155e+01,2.718178498086171180e-01,nan,1.033199273536992379e-05,1.171656439751223644e+01,1.000000000000000000e+00
2.308000000000000000e+03,1.918977318507467089e+01,2.591393966715738983e+01,-8.959440707330587270e-03,2.676997988229432508e+02,1.351759595626478294e-02,nan,1.191929021315720035e-05,5.864421822546828089e+00,1.000000000000000000e+00
2.312000000000000000e+03,1.698336025708876207e+01,4.785887835240716370e+00,-1.225246515286397683e-03,3.448632989198873844e+01,3.362431994258583412e-01,nan,8.810766185584329954e-06,1.605048874037596107e+01,1.000000000000000000e+00
2.313000000000000000e+03,3.385034311911274330e+01,4.981522098477133653e+01,-8.875085342105681896e-03,2.651561844710726064e+02,1.054787484348862492e-02,nan,9.150910710327194445e-06,1.866917067675288067e+01,1.000000000000000000e+00
2.313000000000000000e+03,1.362441169396884391e+02,4.933293436427582890e+01,-1.188156289543451606e-03,3.336792763906336035e+01,3.694298382404284098e-01,nan,9.954811470969432874e-06,3.014881900047952357e+01,1.000000000000000000e+00
2.314000000000000000e+03,9.950221459420664871e+01,3.204820641399914649e+01,-1.440902211587946581e-03,4.098911632072097433e+01,3.316804351248801019e-01,nan,1.140168778941103978e-05,1.143527967104752108e+01,1.000000000000000000e+00
2.315000000000000000e+03,9.311907874081705927e+01,5.006547287985933536e+01,-1.440411271196135809e-03,4.097431272140997294e+01,2.797994495883664445e-01,nan,8.960614158592745320e-06,1.911455765181705146e+01,1.000000000000000000e+00
2.320000000000000000e+03,7.695860374483886801e+01,3.694706268681923689e+01,-1.356362302974458301e-03,3.843993732917997619e+01,3.103552845917496583e-01,nan,9.482708004089568322e-06,2.081474568877781550e+01,1.000000000000000000e+00
2.322000000000000000e+03,1.364258886865440275e+02,1.243826637069897956e+01,-1.211209827868345908e-03,3.406307383146330636e+01,3.598640701557495047e-01,nan,1.028486599066894519e-05,2.336235947191210016e+01,1.000000000000000000e+00
2.322000000000000000e+03,1.257897965590641860e+02,3.323906886364627411e+01,-1.214347341456661076e-03,3.415768102771158254e+01,3.576324395821224300e-01,nan,9.753765352973256311e-06,1.575667542687666689e+01,1.000000000000000000e+00
2.325000000000000000e+03,1.101720651670148925e+02,3.532695934778020330e+01,-1.794420150208424908e-02,5.386222996588737715e+02,4.236261862748058604e-03,nan,1.545205426710123320e-05,1.575667542687666689e+01,1.000000000000000000e+00
2.325000000000000000e+03,2.515471870052243375e+01,5.048089153535934770e+01,-8.703400835412013897e-03,2.599792858345066406e+02,1.451814298302378514e-02,nan,1.051503835235911350e-05,2.032339467547010159e+01,1.000000000000000000e+00
2.326000000000000000e+03,5.842881992392447188e+01,4.684884745013614804e+01,-1.024698671682800193e-03,2.843909896759223344e+01,3.679363695250732480e-01,nan,7.354015358615498436e-06,1.186390975868613218e+01,1.000000000000000000e+00
2.328000000000000000e+03,1.346053681385006087e+02,3.684144810611333298e+01,-1.299777662231060144e-03,3.673370911350443180e+01,3.283627499414603079e-01,nan,9.727702069440340919e-06,2.183988278475053590e+01,1.000000000000000000e+00
2.329000000000000000e+03,2.926526675708736391e+01,3.057753086914026852e+01,-1.307400459501185811e-03,3.696356356895010720e+01,2.573869386481789645e-01,nan,6.843297677782312984e-06,2.032339467547010159e+01,1.000000000000000000e+00
2.330000000000000000e+03,4.682312647458532950e+01,4.328168961664860603e+01,-7.865512907919867611e-03,2.347139840727772366e+02,1.848408493636988226e-02,nan,1.192274520298791704e-05,1.214152937026653944e+01,1.000000000000000000e+00
2.331000000000000000e+03,1.163453987212285909e+02,2.486004597898591584e+01,-9.147316932005749440e-03,2.733649353579447165e+02,1.120856294269723108e-02,nan,1.087854294437672218e-05,2.183988278475053590e+01,1.000000000000000000e+00
2.332000000000000000e+03,2.217666318573924755e+01,4.631683192782293901e+00,-8.523693952398644913e-03,2.545604840126661657e+02,1.439545237816164391e-02,nan,1.035193436365282287e-05,6.758964133188435142e+00,1.000000000000000000e+00
2.337000000000000000e+03,8.464970119711189511e+01,4.891159875043204153e+01,-1.410750034176316836e-03,4.007992090677324626e+01,2.889604278048717445e-01,nan,9.168129949174717963e-06,3.923939353524091178e+00,1.000000000000000000e+00
2.338000000000000000e+03,1.276858684608422152e+02,1.462131347090168099e+01,-8.943786718609710376e-03,2.672277753746624853e+02,1.317222545136742529e-02,nan,1.064676190502708520e-05,5.502667859596243005e+01,1.000000000000000000e+00
2.338000000000000000e+03,6.669475089703124127e+01,2.215866371528648671e+01,-1.114927256245984433e-03,3.115981177622013476e+01,3.597703556716010942e-01,nan,8.430879522002961306e-06,1.923511272000546413e+01,1.000000000000000000e+00
2.339000000000000000e+03,3.818209704954882966e+01,1.721530075346705502e+01,-1.245587900285734890e-03,3.509969501326217767e+01,3.606190385422273215e-01,nan,1.071162248153997650e-05,1.088628000892026648e+01,1.000000000000000000e+00
2.341000000000000000e+03,3.341552199090224207e+01,3.919199387328445994e+01,-1.383753578840231542e-03,3.926588173973961204e+01,3.022981148244757721e-01,nan,9.331516377367854494e-06,2.152767975716609428e+01,1.000000000000000000e+00
2.344000000000000000e+03,6.602493750099264425e+00,1.772043010740551239e+01,-8.804459470957985007e-03,2.630265632076748261e+02,1.389745690555121982e-02,nan,1.125411193255034191e-05,3.158364292184826994e+01,1.000000000000000000e+00
2.344000000000000000e+03,1.396400815150627466e+02,1.811601362675987303e+01,-1.301054878858232339e-03,3.677222173845319730e+01,3.616755146264321041e-01,nan,1.146947511079790733e-05,4.012712503728376845e+00,1.000000000000000000e+00
2.350000000000000000e+03,1.292547159321738448e+01,4.205545751934583620e+01,-1.215711890345830878e-03,3.419882703104008925e+01,3.419572737789606798e-01,nan,8.792609755091992246e-06,5.603934313868087003e+01,1.000000000000000000e+00
2.352000000000000000e+03,1.383655349101900640e+02,4.529299284727775188e+01,-8.239171894277842745e-03,2.459811317861623934e+02,1.852794834219917419e-02,nan,1.222198107723560889e-05,3.261934788122924367e+00,1.000000000000000000e+00
2.353000000000000000e+03,8.665294604784318722e+01,4.460508774213585781e+01,-1.280937008276543301e-03,3.616559637201413580e+01,3.077166461814928589e-01,nan,8.374257685355250005e-06,1.773452409809384278e+01,1.000000000000000000e+00
2.356000000000000000e+03,3.556863112953346473e+01,5.074762434907764685e+01,-9.112831636942120631e-03,2.723250810319220818e+02,2.091558607222976374e-02,nan,1.667786305937504497e-05,1.888128721775964536e+01,1.000000000000000000e+00
2.358000000000000000e+03,4.204669043834438469e+01,1.679615535228711920e+01,-1.138504098043767150e-03,3.187073742995575287e+01,2.973829602536124384e-01,nan,6.214723765290067808e-06,5.731636680313061838e+00,1.000000000000000000e+00
2.359000000000000000e+03,4.007411315287291131e+01,3.241176770868860757e+01,-7.422451299234587678e-03,2.213541003995806307e+02,2.009805549543841607e-02,nan,1.097832779005525514e-05,1.573970807901330993e+01,1.000000000000000000e+00
2.361000000000000000e+03,8.820268732977278603e+01,8.639170930591610897e+00,-1.334076270323012901e-03,3.776793416320071373e+01,2.895502933688135494e-01,nan,7.240192509311261294e-06,2.210761449137136836e+01,1.000000000000000000e+00
2.362000000000000000e+03,9.909124290955334402e+01,2.787938859789264967e+01,-1.333412101883148368e-03,3.774790712199006038e+01,3.438248937503474156e-01,nan,1.108494219872499787e-05,2.210761449137136836e+01,1.000000000000000000e+00
2.364000000000000000e+03,1.991947844149490265e+01,9.724296376046464019e+00,-1.197584741098753781e-03,3.365222899473933893e+01,3.322693166449633972e-01,nan,8.263970062358659183e-06,2.175380201241896927e+01,1.000000000000000000e+00
2.364000000000000000e+03,1.218863088294780361e+01,4.602903009559715741e+01,-1.618320622820294818e-03,4.633891257723035295e+01,2.786428724894047804e-01,nan,1.113603883427177457e-05,2.634699043893655457e+01,1.000000000000000000e+00
2.367000000000000000e+03,3.752521636707084696e+01,3.880259659108472903e+01,-1.454651468139927378e-03,4.140370531811225874e+01,2.319129538782220834e-01,nan,7.171310253667019052e-06,4.134880328457761323e+00,1.000000000000000000e+00
2.369000000000000000e+03,9.234594575923199500e+01,5.007604001479468536e+01,-8.610079349127296167e-03,2.571653110361186236e+02,1.543429959960418429e-02,nan,1.131087119866828053e-05,2.111891480260864640e+01,1.000000000000000000e+00
2.370000000000000000e+03,7.217101282647743687e+01,4.383259196113890255e+01,-1.186511542020186665e-03,3.331833265012310363e+01,3.425895891608544686e-01,nan,8.676343150613601129e-06,2.111891480260864640e+01,1.000000000000000000e+00
2.371000000000000000e+03,3.339485131708004673e+01,3.899578014235516576e+01,1.514968823525757353e-03,-4.322248815921812337e+01,3.038382394265529696e-01,nan,1.127523020621422707e-05,3.422165979524922186e+00,1.000000000000000000e+00
2.375000000000000000e+03,4.612042272438166890e+01,2.910697564035888973e+01,-1.095053101929111547e-03,3.056053532217470092e+01,3.328320276527876320e-01,nan,6.815745041841821193e-06,1.611609822882183707e+01,1.000000000000000000e+00
2.376000000000000000e+03,7.617266058942540496e+01,2.234329090114132299e+01,-8.633677302702754547e-03,2.578768732850552965e+02,1.248881593785078348e-02,nan,9.242623577066350321e-06,1.445816020895115805e+01,1.000000000000000000e+00
2.377000000000000000e+03,9.986875059806281740e+01,5.035677417194647632e+01,-1.292363539103870418e-03,3.651014692581696153e+01,2.891346794724677371e-01,nan,7.757797146744591188e-06,6.584698555467705994e+00,1.000000000000000000e+00
2.378000000000000000e+03,9.687598128950124021e+01,2.082286700077994723e+01,-1.521092240024634213e-03,4.340713095043238212e+01,3.052911721251911903e-01,nan,1.134794288843253478e-05,2.075907456624641156e+01,1.000000000000000000e+00
2.379000000000000000e+03,7.210383910629003879e+01,3.621711836028448062e+01,-9.228463705867964023e-03,2.758117992658137041e+02,1.262505250276324542e-02,nan,1.046254808154836957e-05,1.250316088635452338e+01,1.000000000000000000e+00
2.380000000000000000e+03,8.001873881495913565e+01,4.589613663445751257e+01,-8.842936546417327209e-03,2.641867839132037261e+02,2.225942531512792311e-02,nan,1.672354336847593493e-05,4.603850673662820192e+00,1.000000000000000000e+00
2.382000000000000000e+03,1.050909990211556391e+02,4.634599164557047857e+01,-1.398782209960319420e-03,3.971904843167562404e+01,2.734914851581466966e-01,nan,8.135395651709529500e-06,6.584698555467705994e+00,1.000000000000000000e+00
2.386000000000000000e+03,7.353928606306428151e+01,1.310834993486568933e+01,-6.195007140996195392e-03,1.843422924524424786e+02,1.600261584948152738e-01,nan,7.405359807287932442e-05,3.636249203047886347e+00,1.000000000000000000e+00
2.389000000000000000e+03,7.191693829486086997e+01,9.854076439034123780e+00,-7.639154178946410204e-03,2.278884631334395294e+02,1.084530468307860485e-01,nan,7.076111515553912550e-05,3.636249203047886347e+00,1.000000000000000000e+00
2.392000000000000000e+03,4.900687520056056456e+01,4.944487496538008742e+01,-1.328645431070023036e-03,3.760417503976171361e+01,3.323341675074165114e-01,nan,1.043937459986341311e-05,2.592651057134085946e+01,1.000000000000000000e+00
2.393000000000000000e+03,2.178266035356588404e+01,2.546867683618022937e+01,-1.207140742060811229e-03,3.394037641878015421e+01,3.500413969577131912e-01,nan,8.751691930796426697e-06,2.079189561379572382e+01,1.000000000000000000e+00
2.395000000000000000e+03,4.000878863300232524e+01,1.546311982237509852e+01,-9.156176425546050032e-03,2.736320806054264381e+02,1.317685947072400054e-02,nan,1.126751115533872258e-05,2.030891901682818812e+01,1.000000000000000000e+00
2.396000000000000000e+03,6.620023822013078529e+01,3.003940618765857096e+01,1.625870794672063142e-03,-4.656657711795096333e+01,3.283580128867500392e-01,nan,1.461493939517132036e-05,1.023457429006084674e+01,1.000000000000000000e+00
2.397000000000000000e+03,7.950302275999520418e+01,1.477215712941979575e+01,-8.102310474332602430e-03,2.418542730965941701e+02,1.715693029191045493e-02,nan,1.281061603615536696e-05,1.043432308205252568e+01,1.000000000000000000e+00
2.397000000000000000e+03,8.148516962474965908e+01,2.501648199674015061e+01,-9.327771767024307242e-03,2.788062905935465210e+02,1.088965730115432073e-02,nan,1.042036229405685965e-05,8.418858421965696337e+00,1.000000000000000000e+00
2.398000000000000000e+03,1.500758746466645022e+01,5.146922627140325091e+01,-8.018445465729929361e-03,2.393254447413050627e+02,1.570184922728290466e-02,nan,1.066938778274425377e-05,2.681231428370175607e+01,1.000000000000000000e+00
2.399000000000000000e+03,3.652387944952243259e+01,3.547080833491904883e+01,-1.834291599175979365e-02,5.506449599310865324e+02,5.021997921457632685e-03,nan,2.136310670455686088e-05,1.727358199350364387e+01,1.000000000000000000e+00
2.401000000000000000e+03,1.145264914472356566e+02,4.746234868214487790e+01,-8.689780029748617879e-03,2.595685700883643108e+02,1.267478838271252073e-02,nan,9.930172909515447611e-06,6.599676084809412480e+00,1.000000000000000000e+00
2.401000000000000000e+03,7.630661460558027898e+01,3.165423350177092843e+01,1.313020814011128063e-03,-3.713303725157804536e+01,3.460630529410055889e-01,nan,1.117482657685534910e-05,8.418858421965696337e+00,1.000000000000000000e+00
2.401000000000000000e+03,1.358305140809638942e+02,4.505811061498062742e+01,-1.268286353396832393e-03,3.578413412326680287e+01,3.246282263760644771e-01,nan,8.993336373650345604e-06,2.143925700816161140e+01,1.000000000000000000e+00
2.403000000000000000e+03,3.057422798650222617e+01,1.925420319219960064e+01,-1.577051818515694563e-03,4.509451131556966885e+01,2.240037538400364570e-01,nan,7.704342937285590161e-06,1.112287629142060297e+01,1.000000000000000000e+00
2.405000000000000000e+03,1.148364053570542183e+02,1.782548530999352110e+01,1.407749621908262324e-03,-3.998944780306248248e+01,3.534886440071238756e-01,nan,1.271181704606518956e-05,5.141138093861975733e+00,1.000000000000000000e+00
2.408000000000000000e+03,1.975274552256810523e+01,2.182595245622454527e+01,-1.249414417943456443e-03,3.521507813330340753e+01,2.981110893079776947e-01,nan,7.500407272540425149e-06,1.112287629142060297e+01,1.000000000000000000e+00
2.408000000000000000e+03,3.887789970601950529e+01,2.799111333956434677e+01,-1.272958912552892442e-03,3.592502840423673405e+01,3.004867837173536005e-01,nan,7.739707826102104740e-06,1.205340462063047546e+01,1.000000000000000000e+00
2.410000000000000000e+03,2.716740276600868853e+01,8.542327589931835163e+00,-1.369266048366398619e-03,3.882903115722889709e+01,2.744058742799425632e-01,nan,8.096684704071930371e-06,1.521288373800627980e+01,1.000000000000000000e+00
2.410000000000000000e+03,1.183292348738406190e+02,1.405302684543431191e+01,-1.288556545456558122e-03,3.639535252414534483e+01,3.644300389185939348e-01,nan,1.143614800113235274e-05,5.141138093861975733e+00,1.000000000000000000e+00
2.415000000000000000e+03,8.257419254233025185e+01,8.300903579585195757e+00,-1.615372741384336853e-03,4.625002346498332173e+01,2.425151491532057113e-01,nan,8.949114831420482101e-06,1.006853578687491613e+01,1.000000000000000000e+00
2.415000000000000000e+03,7.794828813743879437e+01,4.750107872858171731e+01,-1.292034564157269359e-03,3.650022716086366614e+01,3.234816470821603174e-01,nan,8.729108863291738961e-06,2.426070037729025586e+01,1.000000000000000000e+00
2.416000000000000000e+03,9.240853932694290052e+01,1.045984688860461631e+01,-1.750347306050076745e-03,5.031998675547355759e+01,2.429063692669425345e-01,nan,1.064300030689455790e-05,1.006853578687491613e+01,1.000000000000000000e+00
2.416000000000000000e+03,1.815065166794237328e+01,4.882953148944191213e+01,-1.355696558369640873e-03,3.841986276098885611e+01,3.052829315701154345e-01,nan,9.172802655901641662e-06,8.695452596986944727e+00,1.000000000000000000e+00
2.417000000000000000e+03,6.470063591083852828e+01,1.125915187991519417e+01,-1.637887274564344331e-03,4.692891673477887338e+01,2.460836913267180348e-01,nan,9.888479822085095608e-06,6.722812078232401234e+00,1.000000000000000000e+00
2.419000000000000000e+03,1.327032289330549020e+02,4.453834524662465810e+01,-1.288594794310753133e-03,3.639650586316786729e+01,3.626865183568371842e-01,nan,1.136061699047397859e-05,1.263759495706846536e+01,1.000000000000000000e+00
2.420000000000000000e+03,1.366551950539981988e+02,1.135568559290115331e+01,-7.666079349584911488e-03,2.287003528132489691e+02,5.287806186782273432e-02,nan,3.197331976336895479e-05,2.084863869507335110e+01,1.000000000000000000e+00
2.420000000000000000e+03,1.025644059207809136e+02,2.848507621096630160e+01,-1.635112068438021073e-03,4.684523439740181772e+01,2.829564784562798030e-01,nan,1.186580311605956065e-05,1.038572171325902005e+01,1.000000000000000000e+00
2.420000000000000000e+03,1.356342329830451909e+01,4.144250016750773113e+01,-1.349957059281215723e-03,3.824679644546828428e+01,2.997538467899265591e-01,nan,8.749930937498853872e-06,8.695452596986944727e+00,1.000000000000000000e+00
2.422000000000000000e+03,6.888504397496804188e+01,3.735109613251274396e+01,-1.541191675823001643e-03,4.401320044257339958e+01,2.432349751761317957e-01,nan,8.467071323880646659e-06,7.699949656705217471e+00,1.000000000000000000e+00
2.424000000000000000e+03,9.245310740162247498e+01,2.611339795249104156e+01,-1.345028327656187404e-03,3.809817765323716543e+01,3.536564875866881064e-01,nan,1.164073053942832860e-05,1.038572171325902005e+01,1.000000000000000000e+00
2.425000000000000000e+03,6.384213776798372919e+01,4.316988653115694063e+01,-1.160112917938240862e-03,3.252232022215901708e+01,3.155883084423117824e-01,nan,7.193589298792578017e-06,7.699949656705217471e+00,1.000000000000000000e+00
2.426000000000000000e+03,1.087662705625889004e+02,3.716524473827731612e+01,-8.935930378536521487e-03,2.669908787728866741e+02,1.489956602645403638e-02,nan,1.262464615854641772e-05,1.970438046965208301e+01,1.000000000000000000e+00
2.427000000000000000e+03,1.331649036710400651e+02,3.772232803696762460e+01,-1.505148341634322384e-03,4.292636569427781268e+01,3.308135991752183536e-01,nan,1.287698191809644356e-05,1.961297151454994747e+01,1.000000000000000000e+00
2.428000000000000000e+03,2.179873990427070396e+01,4.723607104636921861e+01,-1.763428577377527603e-02,5.292772379393804840e+02,3.472055499877280127e-03,nan,1.273556502664278076e-05,1.048183322607441603e+01,1.000000000000000000e+00
2.428000000000000000e+03,1.143793805334738778e+02,1.774469961903898252e+01,-1.533798827610757766e-03,4.379027976925608101e+01,3.338409561787977209e-01,nan,1.379056278424203484e-05,2.021545389729402586e+01,1.000000000000000000e+00
2.431000000000000000e+03,1.433640057299458874e+02,2.096980676933239707e+01,-2.154843359159543722e-03,6.251698173286569471e+01,1.822346338171934033e-01,nan,1.080030346337993676e-05,7.267157440407823188e+00,1.000000000000000000e+00
2.432000000000000000e+03,1.408359265910121962e+02,1.415655548004597719e+01,-1.314500352917919194e-03,3.717765061300954699e+01,3.082158673187860298e-01,nan,8.899036851268712523e-06,7.267157440407823188e+00,1.000000000000000000e+00
2.433000000000000000e+03,1.621935299463228830e+01,3.836255598796124389e+01,-1.283552754023159969e-03,3.624447041167005068e+01,2.932190806189766130e-01,nan,7.641850265262891025e-06,1.048183322607441603e+01,1.000000000000000000e+00
2.433000000000000000e+03,7.756543551936972847e+01,3.783592628047761508e+01,-1.104769786761630040e-03,3.085352793653541070e+01,3.550521662440402348e-01,nan,8.114461050083414891e-06,2.597518278212783116e+01,1.000000000000000000e+00
2.435000000000000000e+03,1.001704878370061778e+02,2.504054702537661470e+01,-1.180102288866748160e-03,3.312507086692303915e+01,3.654444441198670956e-01,nan,9.618001616495186476e-06,1.755449301744072343e+01,1.000000000000000000e+00
2.438000000000000000e+03,1.220300601788347166e+02,5.257634263743622682e+01,-1.333207436116412179e-03,3.774173572103389773e+01,3.171160773835662861e-01,nan,1.011897495815015271e-05,1.735235141595194719e+01,1.000000000000000000e+00
2.440000000000000000e+03,1.242035918572813387e+02,3.536065619438439711e+01,-1.235807539386805411e-03,3.480478233897449769e+01,3.315182269663849990e-01,nan,8.793686032452978314e-06,1.735235141595194719e+01,1.000000000000000000e+00
2.441000000000000000e+03,4.118725544748565426e+01,2.656669540701195942e+01,-8.661911008802473944e-03,2.587282199640753220e+02,1.511384624763745244e-02,nan,1.131650004565383833e-05,1.633811916831860600e+01,1.000000000000000000e+00
2.442000000000000000e+03,1.121970591188188138e+02,2.009156883054247800e+01,-7.310597566188422811e-03,2.179813124337177896e+02,3.288688245909388019e-02,nan,1.712615324897701720e-05,1.923975268684333884e+01,1.000000000000000000e+00
2.443000000000000000e+03,5.872309591681215579e+00,7.916659737566753563e+00,-1.266659418191409944e-03,3.573507623907600816e+01,3.328519616901726152e-01,nan,9.395854695662399870e-06,3.993706588208474528e+01,1.000000000000000000e+00
2.444000000000000000e+03,2.013190067419302665e+01,5.084478621038792312e+01,-1.677445781881262490e-03,4.812174645795791861e+01,2.211385242700035780e-01,nan,8.703704445735606737e-06,3.213648483711597947e+01,1.000000000000000000e+00
2.446000000000000000e+03,1.245307072633403038e+02,5.325079508498558489e+00,-8.737779921836366995e-03,2.610159375922228264e+02,1.324661689645567630e-02,nan,1.084401289393260184e-05,1.923975268684333884e+01,1.000000000000000000e+00
2.450000000000000000e+03,3.036982285969239470e+01,3.890839246011773866e+01,-1.753246235776720341e-02,5.262068997146086531e+02,3.733530540096396955e-03,nan,1.281233924612722137e-05,7.246366720021515562e+01,1.000000000000000000e+00
2.452000000000000000e+03,1.419107130970566004e+02,2.233062889976184096e+01,-1.483848736210409544e-03,4.228410681837824114e+01,2.167286186782558799e-01,nan,6.537774730241195943e-06,1.325019605413615764e+01,1.000000000000000000e+00
2.456000000000000000e+03,1.054347080577882565e+02,4.018049736443700937e+01,-8.940397068681988149e-03,2.671255653708176396e+02,1.114041855612069032e-02,nan,1.002398191458725081e-05,3.730231186928101295e+01,1.000000000000000000e+00
2.456000000000000000e+03,5.994870909927614733e+00,3.355251584877186133e+01,-1.277438452132425130e-03,3.606010245831608074e+01,3.215262786572277154e-01,nan,9.070082151248451638e-06,7.566443099723697685e+01,1.000000000000000000e+00
2.457000000000000000e+03,7.904114969149613046e+01,1.382063113643361518e+01,-1.071614233337317814e-03,2.985377005143299911e+01,3.088816568891867842e-01,nan,6.040519855375093868e-06,2.187738228101191140e+01,1.000000000000000000e+00
2.462000000000000000e+03,4.646848714078107179e+01,1.054243174695534968e+01,-7.247589512247103703e-03,2.160813954591273216e+02,1.698927040457076654e-02,nan,9.550612133273850361e-06,3.104319638358625255e+01,1.000000000000000000e+00
2.463000000000000000e+03,9.256223804690185020e+00,5.291109710839923963e+01,-2.704645638082722042e-02,8.130876651068924730e+02,4.768524727039813449e-03,nan,4.122786984855207777e-05,4.283447699199720660e+01,1.000000000000000000e+00
2.464000000000000000e+03,6.646857456339793657e+01,4.135737109188806215e+01,-1.470350590244080217e-03,4.187708969845873241e+01,2.586359084280176468e-01,nan,8.688288342460101263e-06,1.597500502774892972e+01,1.000000000000000000e+00
2.467000000000000000e+03,1.009940982274171688e+02,1.306466753789105084e+01,-1.270512171313284422e-03,3.585125045169290559e+01,3.066200122004970607e-01,nan,8.378741960831437893e-06,2.166436413667019778e+01,1.000000000000000000e+00
2.467000000000000000e+03,5.049360529533542064e+01,4.132356989277087678e+01,-1.124241953821154653e-03,3.144068304472057562e+01,3.476197445180112533e-01,nan,9.169435712493999554e-06,1.597500502774892972e+01,1.000000000000000000e+00
2.468000000000000000e+03,9.866170518402199718e+01,5.166572194622163750e+01,-1.648399505175057386e-02,4.945918805638929712e+02,4.916596127661154725e-03,nan,1.958849756205213657e-05,8.638497015014319658e+00,1.000000000000000000e+00
2.470000000000000000e+03,6.907955062976574823e+01,8.533213910467772223e+00,-9.303869873882843894e-03,2.780855634854436857e+02,1.362463035781613652e-02,nan,1.192749024389351813e-05,1.183161570125885831e+01,1.000000000000000000e+00
2.470000000000000000e+03,8.089859221155690250e+01,2.115882045297522396e+01,-1.266934789571272021e-03,3.574337966579989256e+01,3.486367767736534562e-01,nan,1.029197025188311959e-05,1.729438303260094045e+01,1.000000000000000000e+00
2.471000000000000000e+03,1.790025503837791021e+01,1.640334605687198533e+01,-8.891804643640867714e-03,2.656603308905062590e+02,9.268060552148238429e-03,nan,9.623420076632217379e-06,2.373582825395009976e+01,1.000000000000000000e+00
2.471000000000000000e+03,1.287243043540116503e+02,4.567303261422014771e+01,-1.181189161277853726e-03,3.315784393661657958e+01,3.536437889963597314e-01,nan,9.064913773149387927e-06,2.206292289104510473e+01,1.000000000000000000e+00
2.472000000000000000e+03,9.524908699703344439e+01,4.372987493482794008e+01,-9.129552923589244126e-03,2.728292873095425648e+02,1.717772985034338173e-02,nan,1.506327175832197299e-05,8.638497015014319658e+00,1.000000000000000000e+00
2.473000000000000000e+03,5.882153738796991860e+01,1.442900006953227532e+01,-1.798806653921710547e-02,5.399449865762854870e+02,6.040401970122011299e-03,nan,2.269476234821988061e-05,1.183161570125885831e+01,1.000000000000000000e+00
2.473000000000000000e+03,2.722986105818041125e+01,3.822874397801607671e+01,-9.034730355411592015e-03,2.699700495520526147e+02,1.597375045577831276e-02,nan,1.343308847462303052e-05,1.357118629297873902e+01,1.000000000000000000e+00
2.473000000000000000e+03,4.227316061615945841e+01,3.434839947222005918e+01,-1.820815683336808946e-03,5.244485901868608124e+01,3.061518479705241935e-01,nan,1.634506735069734268e-05,1.395064567530397071e+01,1.000000000000000000e+00
2.474000000000000000e+03,1.431446339819313707e+01,4.239642926881350604e+01,-8.048204186583562611e-03,2.402227760403256127e+02,1.386976190278799148e-02,nan,8.739702946042100754e-06,1.357118629297873902e+01,1.000000000000000000e+00
2.474000000000000000e+03,4.490992123485484200e+01,1.125633215522920061e+01,-8.743462995415699976e-03,2.611873024779130787e+02,2.132518668719685095e-02,nan,1.579295087439253425e-05,1.426880813824548433e+01,1.000000000000000000e+00
2.475000000000000000e+03,5.559891345794930118e+01,3.021986147949099433e+01,-1.825654458875010724e-02,5.480405548680429320e+02,4.860060351361772391e-03,nan,1.833557456384790157e-05,1.395064567530397071e+01,1.000000000000000000e+00
2.478000000000000000e+03,1.073222937868254121e+02,2.504396326617792568e+01,-8.837880459940525985e-03,2.640343249191326436e+02,1.155295233841491243e-02,nan,8.777574883051826645e-06,2.696440821759955853e+01,1.000000000000000000e+00
2.479000000000000000e+03,8.094359229055720562e+01,3.063354445765623879e+01,-1.835907688351145692e-02,5.511322683090297687e+02,3.777318860621126095e-02,nan,1.319507047570149896e-04,6.288188424862673820e+00,1.000000000000000000e+00
2.479000000000000000e+03,8.071353751777714081e+01,3.691752317086795898e+01,-9.596065488968645932e-03,2.868963007527689797e+02,2.155447076432910336e-01,nan,2.797383030588165105e-04,6.288188424862673820e+00,1.000000000000000000e+00
2.486000000000000000e+03,1.272837480008291777e+01,2.697878031364664508e+01,-1.191418131599923528e-03,3.346628378091937606e+01,3.243318100841026119e-01,nan,8.179755307023665883e-06,2.760036116169720088e+01,1.000000000000000000e+00
2.488000000000000000e+03,4.217288031182496866e+01,3.404050655754794263e+01,1.951440187962555708e-03,-5.638365252383161419e+01,2.594245239007199055e-01,nan,1.492301316358399332e-05,8.128310525480349824e+00,1.000000000000000000e+00
2.488000000000000000e+03,3.692837710389036232e+01,4.025054827243184974e+01,-2.175876070561924558e-03,6.315119280455284212e+01,2.285622734141888879e-01,nan,1.494775587198261747e-05,8.128310525480349824e+00,1.000000000000000000e+00
2.491000000000000000e+03,1.383684531588251048e+02,4.680829978274896064e+01,-9.144844908989112342e-03,2.732903950698847098e+02,1.564605416772879565e-02,nan,1.405183329681917610e-05,2.533823154706388436e+01,1.000000000000000000e+00
2.492000000000000000e+03,1.160636266624438804e+02,3.478662382226185912e+01,-1.394155279397655623e-03,3.957953001511822322e+01,3.274975626293026298e-01,nan,1.095760187576062293e-05,1.000896330343909391e+01,1.000000000000000000e+00
2.495000000000000000e+03,1.512080422633277443e+01,2.341515424704574500e+01,-8.305641425848518666e-03,2.479854246253257486e+02,1.481532306355637374e-02,nan,1.070371892604804789e-05,8.260827057055795564e+00,1.000000000000000000e+00
2.497000000000000000e+03,1.305012482279517769e+02,2.591759439365847584e+01,-1.357367166142884989e-03,3.847023752846263278e+01,2.955966244295492595e-01,nan,8.733652860352292453e-06,1.073874284517713562e+01,1.000000000000000000e+00
2.502000000000000000e+03,3.254600707748107880e+01,2.868202284019295689e+01,-8.244829422652593873e-03,2.461517263930586807e+02,1.440437002374228559e-02,nan,1.096366323335688599e-05,6.280659629304320646e+00,1.000000000000000000e+00
2.502000000000000000e+03,1.373639143823264703e+02,3.417740136164768927e+01,-1.278258380245691920e-03,3.608482620778769956e+01,3.163969224709745065e-01,nan,9.201212689175930295e-06,1.073874284517713562e+01,1.000000000000000000e+00
2.503000000000000000e+03,9.409851768650010229e+01,5.270535553166049603e+00,-1.131688131358374533e-03,3.166521178690254956e+01,3.553943604327484129e-01,nan,8.149216351885179462e-06,3.987560489696242882e+01,1.000000000000000000e+00
2.504000000000000000e+03,5.407916503577187939e+01,2.663483753959355482e+01,-1.202534626012829793e-03,3.380148563388710414e+01,3.708081824383954173e-01,nan,1.038367545152135661e-05,2.163025333443167852e+01,1.000000000000000000e+00
2.507000000000000000e+03,1.335828513408970650e+02,1.084290145706266451e+01,-1.270277404060114789e-03,3.584417138383611245e+01,3.047767560846202928e-01,nan,8.156755834674353495e-06,2.363885199243697954e+01,1.000000000000000000e+00
2.510000000000000000e+03,9.380186152147169310e+01,2.326862047677943224e+01,-9.340513413224714803e-03,2.791904965543103572e+02,1.174307541197505689e-02,nan,1.150368782901397210e-05,3.534115707319935495e+01,1.000000000000000000e+00
2.512000000000000000e+03,1.228983168004862705e+02,4.332837305423794305e+01,-1.502230359669573653e-03,4.283837815745373945e+01,2.474195891833951277e-01,nan,8.421603588760128919e-06,3.419744351901341872e+01,1.000000000000000000e+00
2.517000000000000000e+03,5.794899785259556779e+01,4.395692719677019511e+01,-1.410046981162876942e-03,4.005872135733920913e+01,2.906698723873517576e-01,nan,9.134481405097891334e-06,2.861580848699065172e+01,1.000000000000000000e+00
2.522000000000000000e+03,8.028706125527672555e+01,2.607186586665664763e+01,-1.257516180766251115e-03,3.545937510406002247e+01,3.090017290259096105e-01,nan,7.987994635271697386e-06,1.954139399300355606e+01,1.000000000000000000e+00
2.524000000000000000e+03,6.397508237289450506e+01,1.033901337397848330e+01,-1.667693541349545353e-02,5.004097188469816047e+02,6.148676908389993923e-02,nan,1.751163767882865066e-04,2.266281762305060710e+01,1.000000000000000000e+00
2.526000000000000000e+03,3.803200458701680020e+01,1.583158042464645021e+01,-1.188103476024689100e-03,3.336633512359099996e+01,3.511853770678272646e-01,nan,9.546444670546195039e-06,9.191299489419016311e+00,1.000000000000000000e+00
2.526000000000000000e+03,4.127470663968991005e+01,7.231297307109918471e+00,-1.637522088644379793e-03,4.691790508015979100e+01,2.299005248483702024e-01,nan,8.667442385921925196e-06,9.191299489419016311e+00,1.000000000000000000e+00
2.527000000000000000e+03,9.293322674370479319e+01,4.096953607474912928e+01,-1.260812563379009720e-03,3.555877276656453034e+01,3.463618192214638070e-01,nan,1.013168309607051761e-05,1.954139399300355606e+01,1.000000000000000000e+00
2.528000000000000000e+03,1.149751476785407363e+02,1.115286953273481885e+01,-1.567366238271426186e-03,4.480245661519784761e+01,2.691553792833202285e-01,nan,1.052876776037927238e-05,2.233248118385286674e+01,1.000000000000000000e+00
2.530000000000000000e+03,1.105576672823184836e+01,3.627044680313998981e+01,-1.266710001657846054e-03,3.573660151053741174e+01,3.709467297040265343e-01,nan,1.161603954622194754e-05,1.740354142899360212e+01,1.000000000000000000e+00
2.530000000000000000e+03,1.420823491002990693e+02,3.057205078963629674e+01,-1.650438963555716934e-03,4.730739480992619406e+01,2.507102107889073173e-01,nan,9.638553280284980278e-06,3.334523908458553620e+01,1.000000000000000000e+00
2.531000000000000000e+03,1.233201472272524946e+01,1.891376378687077420e+01,-1.416036432560250496e-03,4.023932462416843947e+01,2.506571094830741808e-01,nan,7.512326355789417815e-06,9.076957423102003375e+00,1.000000000000000000e+00
2.532000000000000000e+03,9.272746993135666571e+01,9.208505707574264676e+00,-8.985919748585119438e-03,2.684982361147411893e+02,1.171345193253969796e-02,nan,9.794976172320319686e-06,2.233248118385286674e+01,1.000000000000000000e+00
2.535000000000000000e+03,2.111565700063833972e+01,2.120260288004973859e+01,-1.280673647560216571e-03,3.615765510952321904e+01,3.059097491200576391e-01,nan,8.321305115841052345e-06,8.614284091623408912e+00,1.000000000000000000e+00
2.538000000000000000e+03,3.273575030391310037e+01,3.094841264125230040e+01,-9.151622984961740523e-03,2.734947781731536338e+02,1.210702103681349229e-02,nan,1.143427313233117918e-05,1.516599407484923390e+01,1.000000000000000000e+00
2.539000000000000000e+03,6.001401082074788462e+01,7.041612450128165612e+00,1.296706661386328851e-03,-3.664110751309124225e+01,2.964345338929333940e-01,nan,7.955167222179074178e-06,3.627173268817799823e+01,1.000000000000000000e+00
2.543000000000000000e+03,1.210649115599574230e+02,2.085315199175918721e+01,-9.012355216723081860e-03,2.692953595220652119e+02,1.509621365116731173e-02,nan,1.206336679045662403e-05,1.487816016440348221e+01,1.000000000000000000e+00
2.547000000000000000e+03,1.195161411322374079e+02,6.055822501615954145e+00,-8.391385758440393292e-03,2.505709212844981550e+02,1.603911847476791053e-02,nan,1.152373333271178178e-05,1.487816016440348221e+01,1.000000000000000000e+00
2.549000000000000000e+03,1.299310969172676096e+02,4.715638933323365478e+01,-8.845335114633865944e-03,2.642591092777287827e+02,1.890970703689087706e-02,nan,1.551003771143109048e-05,1.709931851597829677e+01,1.000000000000000000e+00
2.549000000000000000e+03,7.165575957364676185e+01,5.013991842206792882e+01,-1.181866236597957538e-03,3.317826016618208484e+01,3.586392133360856160e-01,nan,9.323690163219374103e-06,2.481940529843751619e+01,1.000000000000000000e+00
2.550000000000000000e+03,1.437452012723425696e+02,2.245744459184822617e+01,-8.875065696804324000e-03,2.651555920953493910e+02,1.868057089673114124e-02,nan,1.575635152266128682e-05,1.273410692289733603e+01,1.000000000000000000e+00
2.551000000000000000e+03,2.768731106593092051e+01,1.027306033632470061e+01,-1.762599813927693583e-03,5.068944345571806309e+01,1.953066511520200610e-01,nan,8.184633342869832945e-06,1.654136648988728453e+01,1.000000000000000000e+00
2.553000000000000000e+03,1.535669833803204476e+01,2.484847001531468536e+01,-1.623449162028053634e-03,4.649355627888709819e+01,2.439939799968777745e-01,nan,9.385293346781899457e-06,1.909153156653013639e+01,1.000000000000000000e+00
2.555000000000000000e+03,9.790659996967060863e+01,7.897913047389463870e+00,-1.233750333418919681e-03,3.474275026062694138e+01,3.387564310856209238e-01,nan,9.480793836569503463e-06,3.491163287879103905e+00,1.000000000000000000e+00
2.556000000000000000e+03,1.068125806990716598e+02,5.119679374762534962e+01,-8.499557251134501681e-03,2.538326766043454938e+02,1.570353036211180608e-02,nan,1.260462027821731526e-05,3.143885839087730716e+01,1.000000000000000000e+00
2.560000000000000000e+03,1.926975113133782713e+01,2.669839777010565740e+01,-8.686058990133922741e-03,2.594563675065536472e+02,1.129939789748335421e-02,nan,8.741051652919530922e-06,4.451423833154392184e+01,1.000000000000000000e+00
2.560000000000000000e+03,1.007801333569818496e+02,2.034211183407209944e+01,-1.710552236869060123e-03,4.912002385053397546e+01,2.381610392502420126e-01,nan,8.796385492520073638e-06,9.337998538921967295e+00,1.000000000000000000e+00
2.562000000000000000e+03,1.142559608609918627e+02,4.069264876265348363e+01,-1.198334461491827293e-03,3.367483573168639310e+01,3.656421928759394646e-01,nan,9.977385158620622014e-06,1.240933375215984746e+01,1.000000000000000000e+00
2.566000000000000000e+03,6.660073239063536654e+00,7.404881929459903311e+00,-1.175503281022100823e-03,3.298639441964761687e+01,3.313163532180563031e-01,nan,7.968670373187336194e-06,5.201665877423780415e+01,1.000000000000000000e+00
2.566000000000000000e+03,3.902537267232851548e+01,4.812613169700250637e+01,-1.283360828918760988e-03,3.623868318700767333e+01,3.467200755247923372e-01,nan,1.031789197951697782e-05,2.333848586541581938e+01,1.000000000000000000e+00
2.570000000000000000e+03,7.946718014562249266e+01,5.315611161906802806e+01,-1.537297743232609757e-03,4.389578452248663609e+01,2.422226289258361254e-01,nan,8.154734764887352922e-06,2.168478461978549277e+01,1.000000000000000000e+00
2.571000000000000000e+03,1.123032417613752330e+02,1.501702044975098183e+01,-1.159166865071448822e-03,3.249379336268559371e+01,3.639769228770962650e-01,nan,9.399567401511594754e-06,6.300144639782285338e+00,1.000000000000000000e+00
2.572000000000000000e+03,6.509898387376957807e+00,4.509783061968531115e+01,-1.854614806244200484e-02,5.567731298509179396e+02,4.193323977288332394e-03,nan,1.758455861755653566e-05,3.575536198553368195e+01,1.000000000000000000e+00
2.574000000000000000e+03,6.149383282376997784e+01,1.710843241998045627e+01,-7.962339393311089128e-03,2.376336470630998292e+02,2.605556110057416497e-02,nan,1.621072311746860951e-05,2.581467986225313993e+01,1.000000000000000000e+00
2.577000000000000000e+03,9.062635560220404329e+01,2.981272306038111708e+01,-9.349171418563419905e-03,2.794515662157288602e+02,1.301978912741075245e-02,nan,1.275997274724621315e-05,1.385684779071539019e+01,1.000000000000000000e+00
2.577000000000000000e+03,8.723022677070920849e+01,1.509952152136709458e+01,-8.668542449205222933e-03,2.589281814832630175e+02,1.465056086765070820e-02,nan,1.197999858381682533e-05,1.510006591269571530e+01,1.000000000000000000e+00
2.577000000000000000e+03,7.075409151531418672e+01,4.665645251447215003e+01,-8.946342600025794164e-03,2.673048442917882426e+02,1.128767268848185346e-02,nan,8.685265949852407079e-06,2.332106535102487044e+01,1.000000000000000000e+00
2.577000000000000000e+03,3.489840705057044090e+01,2.335988024260662144e+01,-1.198082679491169981e-03,3.366724360866366084e+01,3.651870616969046246e-01,nan,1.019133179599490412e-05,7.407034412300080639e+00,1.000000000000000000e+00
2.578000000000000000e+03,1.006819225455693534e+01,4.679407376919352402e+01,-9.310887426016010993e-03,2.782971676468782789e+02,1.174320292454511527e-02,nan,1.061734265021438859e-05,3.231092378983893809e+01,1.000000000000000000e+00
2.580000000000000000e+03,1.245559843031330018e+02,1.939111891743450400e+01,-1.413111406357641644e-03,4.015112467851333378e+01,3.018404736695032842e-01,nan,9.165332205335258162e-06,1.927123490736554245e+01,1.000000000000000000e+00
2.580000000000000000e+03,3.778197825322544645e+01,3.018257589053174073e+01,-1.457135363831617639e-03,4.147860360956163106e+01,3.259053981181944115e-01,nan,1.230108695285930047e-05,7.407034412300080639e+00,1.000000000000000000e+00
2.581000000000000000e+03,9.383145468520719135e+01,4.329380501114405888e+01,-1.237347336954812112e-03,3.485121271340906901e+01,3.599061522752894371e-01,nan,1.039321177118023453e-05,8.554071467603428403e+00,1.000000000000000000e+00
2.586000000000000000e+03,4.720897921724298385e+01,1.941140917699170032e+01,-1.393193586839774076e-03,3.955053156332095909e+01,2.942918235076062983e-01,nan,9.155038002138546650e-06,3.281507119872920697e+01,1.000000000000000000e+00
2.593000000000000000e+03,4.430022157252836479e+01,2.395859357371972465e+01,-1.255037117878883167e-03,3.538462253885344921e+01,3.373239417583578925e-01,nan,9.456049668136300241e-06,1.394100562904504415e+01,1.000000000000000000e+00
2.595000000000000000e+03,5.343151903877205200e+01,3.449287307124765078e+01,-1.346605299212724326e-03,3.814572895567068400e+01,2.647563366640079963e-01,nan,7.714974291675038518e-06,1.394100562904504415e+01,1.000000000000000000e+00
2.597000000000000000e+03,1.407094067756305265e+02,4.532431093096475649e+01,-7.166664943966092466e-03,2.136412318400177810e+02,1.780954073532658999e-02,nan,9.281748645924581953e-06,5.213457662783184077e+01,1.000000000000000000e+00
2.600000000000000000e+03,8.876517628288198125e+01,1.005234145536839385e+01,-8.827224758113118991e-03,2.637130176018661700e+02,1.291654029344935228e-02,nan,1.077584479059427607e-05,8.924605937168241354e+00,1.000000000000000000e+00
2.600000000000000000e+03,5.921716455621589148e+01,1.934170334634949384e+01,-1.324332430305041929e-03,3.747412272339528982e+01,3.055930492316710767e-01,nan,8.787254058313758497e-06,1.468381893812711958e+01,1.000000000000000000e+00
2.603000000000000000e+03,1.384145030995002514e+02,1.006377778345541785e+01,-8.673850062112660811e-03,2.590882248940116028e+02,1.424191732234902918e-02,nan,1.061678768961736532e-05,2.082937675175721282e+01,1.000000000000000000e+00
2.603000000000000000e+03,3.696532425934283594e+01,2.144505313978451611e+01,-1.135286675171060878e-03,3.177372068450947751e+01,3.483019492007372042e-01,nan,8.007302627372618980e-06,2.041623544877298357e+01,1.000000000000000000e+00
2.604000000000000000e+03,1.177704038511270852e+02,1.283579908387184432e+01,1.094361777301427509e-03,-3.053968942529439801e+01,3.583778250821335609e-01,nan,7.928096073371174922e-06,2.082937675175721282e+01,1.000000000000000000e+00
2.607000000000000000e+03,6.928553107901853991e+01,4.349885535803508674e+01,-9.233848964561785708e-03,2.759741839732430435e+02,1.882482533712215300e-02,nan,1.739579472325777497e-05,2.067835050924754015e+01,1.000000000000000000e+00
2.608000000000000000e+03,7.004777668088343034e+01,1.126613080870133388e+01,-9.551453716296766372e-03,2.855510971023782645e+02,1.583070303691047620e-02,nan,1.411844927181023943e-05,1.856560529865159737e+01,1.000000000000000000e+00
2.614000000000000000e+03,8.354536771472871237e+01,3.359597268234166023e+01,-8.867533256523455615e-03,2.649284622245706942e+02,2.304472963023374010e-02,nan,1.848145038507848683e-05,4.626514503639215548e+01,1.000000000000000000e+00
2.616000000000000000e+03,1.738224055751384611e+01,3.597986153150079502e+01,-1.167480215867613969e-03,3.274447046355382440e+01,3.094087973967878380e-01,nan,6.969188472634114084e-06,1.270782955855340823e+01,1.000000000000000000e+00
2.620000000000000000e+03,1.058003951573794552e+02,4.093701845851710885e+01,-1.125458597797013901e-03,3.147736918874782930e+01,3.638492005113617145e-01,nan,8.946264151237457517e-06,6.639433571956395497e+00,1.000000000000000000e+00
2.620000000000000000e+03,1.400808602556516291e+02,4.446414845704191521e+01,-1.408823892113319652e-03,4.002184087141191071e+01,3.115615286746177270e-01,nan,1.011996426520953558e-05,3.446144125512382317e+01,1.000000000000000000e+00
2.620000000000000000e+03,1.196398365944648212e+01,4.747470490911099716e+01,-1.473253229732700851e-03,4.196461460504738739e+01,3.059155500678443218e-01,nan,1.096544861349880428e-05,1.270782955855340823e+01,1.000000000000000000e+00
2.621000000000000000e+03,7.307756209253518875e+01,2.708902889769950662e+01,-1.268370507634038972e-03,3.578667167289341933e+01,3.139574937988611758e-01,nan,8.337585634923735798e-06,1.518410328016501865e+01,1.000000000000000000e+00
2.622000000000000000e+03,7.180665156441490637e+01,1.195820675043232306e+01,-8.417498302833255688e-03,2.513583073921210200e+02,1.702548062838815657e-02,nan,1.263162149496852769e-05,1.518410328016501865e+01,1.000000000000000000e+00
2.622000000000000000e+03,5.640504196090113709e+01,3.268913568014645676e+01,-1.799962015092670606e-02,5.402933690707732239e+02,4.156507840595735637e-03,nan,1.605992109678276987e-05,1.758789707482253206e+01,1.000000000000000000e+00
2.623000000000000000e+03,1.163763780103837746e+02,1.336059512915531222e+01,-1.429844458670839367e-03,4.065568573282176601e+01,3.261387409215624755e-01,nan,1.228563398250201480e-05,2.754163664811114742e+01,1.000000000000000000e+00
2.627000000000000000e+03,9.310339873868380778e+01,3.545542384504746281e+01,-1.391120970595354335e-03,3.948803481031455220e+01,2.558695042371371686e-01,nan,7.309146688046962037e-06,8.020035277455987099e+00,1.000000000000000000e+00
2.630000000000000000e+03,7.081883397442202011e+01,3.434574045360774619e+01,-9.180693892420351346e-03,2.743713694514495955e+02,1.143857680053550485e-02,nan,1.159016509153049939e-05,1.517332068562468628e+01,1.000000000000000000e+00
2.631000000000000000e+03,5.582501896085894799e+01,3.201868824794999568e+01,-1.275775245309907630e-03,3.600995085583524968e+01,3.081561007528725860e-01,nan,8.370976346891782061e-06,1.517332068562468628e+01,1.000000000000000000e+00
2.632000000000000000e+03,8.963635439812509276e+01,9.611448302740097205e+00,-1.669077299767592840e-03,4.786940695173979066e+01,2.028093392493283131e-01,nan,7.445421628557082562e-06,2.607549555216125725e+01,1.000000000000000000e+00
2.636000000000000000e+03,1.406764819544106047e+02,4.691908046313341885e+01,-1.321821699106339376e-03,3.739841524594341848e+01,3.273258817710932300e-01,nan,9.668888498331467150e-06,2.942594498886708010e+01,1.000000000000000000e+00
2.636000000000000000e+03,1.112762330402448896e+02,4.814855281862956105e+01,-1.172306341709814436e-03,3.288999532641732770e+01,2.918757504461743091e-01,nan,6.395120728260350605e-06,2.942594498886708010e+01,1.000000000000000000e+00
2.638000000000000000e+03,7.961915884630691664e+01,2.872813990037094456e+01,-9.420586297802627934e-03,2.816049788799457474e+02,1.426533672740448733e-02,nan,1.318385118186962410e-05,1.673666418296584979e+01,1.000000000000000000e+00
2.641000000000000000e+03,6.355991149188526634e+01,5.042133073448194125e+01,-1.303639492464359973e-03,3.685015703332221193e+01,3.140954748826799703e-01,nan,9.529113431493056263e-06,1.761929237789221503e+01,1.000000000000000000e+00
2.644000000000000000e+03,1.282138188708741495e+02,2.208042099203716901e+01,-7.983125888230848885e-03,2.382604338319321187e+02,2.705943683785072551e-02,nan,1.813448505377768092e-05,9.497451570919286823e+00,1.000000000000000000e+00
2.644000000000000000e+03,8.890344905208563375e+01,1.027469835955620248e+01,2.004771927532789967e-03,-5.799179419708965355e+01,2.893239930070677923e-01,nan,1.844692944092850693e-05,4.219484181918987886e+00,1.000000000000000000e+00
2.644000000000000000e+03,8.483845068502402853e+01,9.143400415930814873e+00,-1.913487843433753135e-03,5.523925432256464774e+01,3.182137251704969527e-01,nan,2.049853022304425870e-05,4.219484181918987886e+00,1.000000000000000000e+00
2.646000000000000000e+03,9.616951329055619624e+01,3.557408938567605361e+01,-1.373557982433429824e-03,3.895844823770832477e+01,3.010463828491436455e-01,nan,9.143517187242126466e-06,2.632213661179681807e+01,1.000000000000000000e+00
2.648000000000000000e+03,4.296821197222751465e+01,2.876031923491018460e+01,-8.987075444989675935e-03,2.685330844726755117e+02,1.216401677622602762e-02,nan,1.099437541001398503e-05,1.705455256106623807e+01,1.000000000000000000e+00
2.649000000000000000e+03,1.099183118055438690e+01,3.444842370661812936e+01,-8.927578257244691076e-03,2.667390326036498323e+02,1.852426706460597039e-02,nan,1.498329379073242081e-05,2.566800837644430189e+01,1.000000000000000000e+00
2.651000000000000000e+03,1.274669829158811751e+02,3.510334941519400331e+01,-1.846105014335897715e-03,5.320742231394280708e+01,2.406103915535140469e-01,nan,1.163731040407893288e-05,2.251346294499664324e+01,1.000000000000000000e+00
2.651000000000000000e+03,6.272042572980992503e+01,5.323941878159526908e+01,-1.300244209828519239e-03,3.674777718328948595e+01,3.214582780591676014e-01,nan,9.269596461557440769e-06,3.039333297623402430e+01,1.000000000000000000e+00
2.652000000000000000e+03,9.006890135682613163e+01,3.420041041853407648e+01,-8.921665352586111847e-03,2.665607374933067604e+02,1.108029567702606411e-02,nan,9.893522409989429869e-06,1.439201723195906979e+01,1.000000000000000000e+00
2.653000000000000000e+03,3.485720804938530648e+01,1.375800679909518642e+01,-8.867921769269244622e-03,2.649401772659725225e+02,1.449627712524792500e-02,nan,1.239023950785268332e-05,1.705455256106623807e+01,1.000000000000000000e+00
2.654000000000000000e+03,3.277865180948045065e+01,4.801975749870417332e+01,-1.358774712664264500e-03,3.851268006336437111e+01,2.792722685509717584e-01,nan,8.401912053601519992e-06,5.234650598244050101e+00,1.000000000000000000e+00
2.658000000000000000e+03,6.798493616154044616e+01,2.228976362501277819e+01,-1.307574605580743687e-03,3.696881469276546284e+01,3.076013665014148968e-01,nan,8.772540215850749889e-06,2.352252544013079572e+01,1.000000000000000000e+00
2.659000000000000000e+03,9.059088515231978533e+01,2.879209192400561435e+01,1.413930291145699004e-03,-4.017581696801831015e+01,3.111346445785615478e-01,nan,1.102983628635166729e-05,8.189137102774848742e+00,1.000000000000000000e+00
2.659000000000000000e+03,1.358492344332872221e+02,3.399100255503702073e+01,-1.151119651879866203e-03,3.225114125736782711e+01,3.566385654243872105e-01,nan,8.705096036625882289e-06,2.542011112085946323e+01,1.000000000000000000e+00
2.659000000000000000e+03,5.989243437476577725e+00,4.927029640939787214e+01,-1.098376655896320846e-03,3.066075229767674415e+01,3.555155228412379964e-01,nan,8.178048672323763777e-06,2.681858028474195876e+01,1.000000000000000000e+00
2.660000000000000000e+03,8.905974560228258952e+01,3.683681554675087000e+01,-9.928664565489221661e-04,2.747924443966163821e+01,3.564350876644558630e-01,nan,6.755009000830183928e-06,8.189137102774848742e+00,1.000000000000000000e+00
2.661000000000000000e+03,3.638814240549334045e+01,2.304789237036130700e+01,-1.313125694777858132e-03,3.713619977980347642e+01,3.283551801706914297e-01,nan,9.611656139814498464e-06,1.896738526371394329e+01,1.000000000000000000e+00
2.663000000000000000e+03,1.149685660296854621e+02,1.949342563971526943e+01,7.637163848069163270e-03,-2.278284475769798121e+02,6.522951343109395506e-02,nan,3.898896929458398893e-05,1.610441697802341920e+01,1.000000000000000000e+00
2.665000000000000000e+03,1.125250336032049745e+02,3.541138390963127591e+01,-1.260975873037993578e-03,3.556369713374950692e+01,3.403024014586628621e-01,nan,9.597521758536982844e-06,1.610441697802341920e+01,1.000000000000000000e+00
2.666000000000000000e+03,8.526813510036292598e+01,3.305101258882960735e+01,-8.859123913996284905e-03,2.646748906315264662e+02,1.187542566012267375e-02,nan,9.457238473119409589e-06,1.228021655415010827e+01,1.000000000000000000e+00
2.666000000000000000e+03,1.292302203766352022e+02,4.162316605629888500e+01,-1.314133866490730610e-03,3.716659974347116702e+01,3.390513774823666893e-01,nan,1.031642204067167122e-05,1.782272433083243968e+01,1.000000000000000000e+00
2.668000000000000000e+03,4.686062775878730946e+01,8.868083072018229984e+00,-8.331610159979525865e-03,2.487684743419552547e+02,1.524787291607454520e-02,nan,1.072693958607885789e-05,2.815398146185563277e+01,1.000000000000000000e+00
2.668000000000000000e+03,7.881437753120681577e+01,4.349863106652023248e+01,-9.047705491279325885e-03,2.703612960569150232e+02,1.424218011779909698e-02,nan,1.243235802156215528e-05,1.228021655415010827e+01,1.000000000000000000e+00
2.668000000000000000e+03,4.116394850581611564e+01,3.643970829874866979e+01,-1.905632544782130417e-03,5.500238912335384356e+01,2.184847378279668462e-01,nan,1.095112500861808517e-05,2.815398146185563277e+01,1.000000000000000000e+00
2.673000000000000000e+03,9.201748322892805731e+01,2.884325336081343849e+01,-1.663341787175506240e-03,4.769646084326560498e+01,2.896583344395418091e-01,nan,1.189631514378783668e-05,8.711992679086064228e+00,1.000000000000000000e+00
2.675000000000000000e+03,6.328208255110239833e+01,1.773224952837832191e+01,1.456030287785159937e-03,-4.144528163550361910e+01,2.549675626299217068e-01,nan,7.812121004484419505e-06,1.384800062633131112e+01,1.000000000000000000e+00
2.676000000000000000e+03,6.716799935213455974e+00,1.564694456379416110e+01,-1.330087668838012081e-03,3.764766363916124448e+01,3.492146736607872892e-01,nan,1.136983441514765476e-05,3.955090254724764520e+01,1.000000000000000000e+00
2.677000000000000000e+03,8.382050664879956514e+01,3.179425173175066988e+01,-1.330034611328978445e-03,3.764606376651422437e+01,3.240513924644665700e-01,nan,9.816790749768917852e-06,8.711992679086064228e+00,1.000000000000000000e+00
2.678000000000000000e+03,6.346549129302568559e+01,3.157903553020049614e+01,-9.365549857527849867e-03,2.799454344160512846e+02,1.058577754572975760e-02,nan,1.191841723675865729e-05,1.384800062633131112e+01,1.000000000000000000e+00
2.678000000000000000e+03,2.956223705133241353e+01,5.267315152675643475e+01,-8.468960140699395914e-03,2.529100648769111501e+02,2.491644991566970280e-01,nan,2.562367796969149060e-04,1.434407256097004080e+01,1.000000000000000000e+00
2.679000000000000000e+03,4.602128979715910617e+01,2.005500184496597171e+01,-1.167843163553955975e-03,3.275541462746677013e+01,3.612096190560613040e-01,nan,9.269623398418018074e-06,1.741637576589327452e+01,1.000000000000000000e+00
2.683000000000000000e+03,2.335383683336899807e+01,3.974225115717793244e+01,-1.608428584373733069e-03,4.604063242759380614e+01,2.472727589084049438e-01,nan,8.792868326623503285e-06,1.434407256097004080e+01,1.000000000000000000e+00
2.685000000000000000e+03,9.679811074056910059e+01,6.293533990537534706e+00,-8.168917336457979031e-03,2.438627069405289376e+02,2.399906351673308791e-02,nan,1.603724527563003959e-05,3.815296676415449184e+01,1.000000000000000000e+00
2.685000000000000000e+03,7.234046326632180524e+01,4.951494447138072985e+01,-8.736565423080178486e-03,2.609793161342001326e+02,1.711656617531320812e-02,nan,1.488482379452375679e-05,3.934868698910869966e+01,1.000000000000000000e+00
2.686000000000000000e+03,4.610822071240095354e+00,1.403769314824674908e+01,-1.235886738558843482e-03,3.480717047575886625e+01,2.955415660535993805e-01,nan,7.238449978390155070e-06,2.318962895908573429e+01,1.000000000000000000e+00
2.690000000000000000e+03,1.375197446070916385e+02,9.721402390492841050e+00,-1.453547226455353513e-03,4.137040850303325357e+01,3.553567729140240106e-01,nan,1.506982342069485834e-05,4.086565485253512264e+01,1.000000000000000000e+00
2.696000000000000000e+03,8.906520779772171181e+01,4.009781054527653765e+01,-8.923745914018671802e-03,2.666234738220002782e+02,1.071350479831445490e-02,nan,9.171169385988636288e-06,1.654430966088379762e+01,1.000000000000000000e+00
2.697000000000000000e+03,1.384633499553081037e+02,3.792622603026946848e+01,-1.788785965831381913e-02,5.369233926356722577e+02,5.383711474400310060e-03,nan,1.936380032479444058e-05,4.944585147337370756e+01,1.000000000000000000e+00
2.698000000000000000e+03,5.379464810344575199e+01,1.682682517888078166e+01,-8.881084470303630268e-03,2.653370795278639207e+02,1.527722212017068593e-02,nan,1.231249305697597304e-05,9.611902692753153232e+00,1.000000000000000000e+00
2.698000000000000000e+03,7.274495406355827143e+00,1.974347488948657059e+01,-1.433345347752656030e-03,4.076124999289074680e+01,2.387930862783084196e-01,nan,7.587580806346151910e-06,8.546446494817772077e+00,1.000000000000000000e+00
2.704000000000000000e+03,5.009258759168111652e+01,2.687100556132600104e+01,-8.480359081777816971e-03,2.532537835016351551e+02,1.785427045136911417e-02,nan,1.381459924027389620e-05,1.867143334906452523e+01,1.000000000000000000e+00
2.704000000000000000e+03,1.332974462467257979e+02,2.788187748804262966e+01,1.387385718590820188e-03,-3.937540367439029865e+01,3.107068959891337023e-01,nan,9.706727080425397457e-06,1.196036649874365665e+01,1.000000000000000000e+00
2.705000000000000000e+03,8.901804219062825041e+01,3.795228093016713444e+01,-1.130236594699681385e-03,3.162144279286791715e+01,3.420512763403733558e-01,nan,7.903232516506120600e-06,1.369512747048921320e+01,1.000000000000000000e+00
2.708000000000000000e+03,1.436908663418144982e+01,3.929313158880426471e+01,-8.737261950717360379e-03,2.610003189203262650e+02,1.431573952885267786e-02,nan,1.150147001870275464e-05,3.782165696665116172e+01,1.000000000000000000e+00
2.708000000000000000e+03,5.250530267422033859e+01,4.538589765496367079e+01,-8.652250190124211732e-03,2.584369119130067247e+02,1.613891960361923950e-02,nan,1.194704549203324222e-05,1.867143334906452523e+01,1.000000000000000000e+00
2.712000000000000000e+03,1.125651507054796951e+02,2.517218148778150777e+01,-1.376089214217054079e-03,3.903477388072547427e+01,3.091410538483388981e-01,nan,9.145708798478750112e-06,1.043390574729411391e+01,1.000000000000000000e+00
2.713000000000000000e+03,9.174969232356045268e+01,1.970532176862733920e+01,-1.634999991242439086e-03,4.684185487124554470e+01,2.082938354520498248e-01,nan,7.400743616725747956e-06,2.152138152717716224e+01,1.000000000000000000e+00
2.717000000000000000e+03,1.228344861394411680e+02,2.332633780853874228e+01,-8.905910312438635248e-03,2.660856669850282401e+02,3.379784935252827527e-02,nan,2.936366810894953209e-05,7.545466198023915716e+00,1.000000000000000000e+00
2.718000000000000000e+03,1.509812251490073542e+01,5.257408666513113360e+01,1.284119827192446066e-03,-3.626156968506079892e+01,3.476779278138072415e-01,nan,1.062737132046974693e-05,7.255642531148642149e+01,1.000000000000000000e+00
2.719000000000000000e+03,1.295603507706740061e+02,2.674639703432016802e+01,-9.153045213606797459e-03,2.735376634263151345e+02,2.057846208672509114e-02,nan,2.219482385874827274e-05,7.545466198023915716e+00,1.000000000000000000e+00
2.721000000000000000e+03,9.929780103717746442e+01,2.754075172172245800e+01,-7.671366902379014169e-03,2.288597913402175266e+02,2.246512084051188740e-02,nan,1.384417594744193398e-05,1.431611949240213910e+01,1.000000000000000000e+00
2.722000000000000000e+03,8.995184031091464760e+01,7.828773259152539410e+00,-1.660893430713510956e-03,4.762263418602071852e+01,2.042071083884942073e-01,nan,7.842562567601166749e-06,1.737748597041165510e+01,1.000000000000000000e+00
2.724000000000000000e+03,8.340848753577336083e+01,4.015511346717066488e+01,-1.287738639908335382e-03,3.637068976220498229e+01,2.814921658616466038e-01,nan,7.182119697978129936e-06,1.737597240384974384e+01,1.000000000000000000e+00
2.726000000000000000e+03,1.769649814410214361e+01,3.489882698896588664e+01,-1.229628819670886691e-03,3.461847195902777941e+01,3.396354208974730060e-01,nan,8.995451295677991989e-06,6.592187874561881245e+01,1.000000000000000000e+00
2.729000000000000000e+03,7.914521837019131567e+01,1.029930413745677065e+01,-2.084993796095164879e-03,6.041076891986031683e+01,2.049493521276225527e-01,nan,1.161235726205303544e-05,2.540756231852689240e+01,1.000000000000000000e+00
2.730000000000000000e+03,9.832594121874470261e+01,2.696195980745156007e+01,-8.902798541348356728e-03,2.659918360166735170e+02,1.463365415107065193e-02,nan,1.204853598288620420e-05,2.540756231852689240e+01,1.000000000000000000e+00
2.731000000000000000e+03,1.311406185483335207e+02,5.099019758566425509e+01,-1.847684652295361217e-03,5.325505401791016169e+01,2.176035314635546003e-01,nan,1.060254329175970400e-05,1.530046412549048540e+01,1.000000000000000000e+00
2.732000000000000000e+03,1.472891963275574412e+01,4.478878252958789830e+01,-8.664802930778175982e-03,2.588154216995224033e+02,1.224955424500817625e-02,nan,8.762514117067872569e-06,7.306834925459739338e+01,1.000000000000000000e+00
2.734000000000000000e+03,1.415204312744151025e+02,3.974903704829551998e+01,-1.872609678929608836e-03,5.400663224057086609e+01,2.647006878685466136e-01,nan,1.403792555792875230e-05,1.530046412549048540e+01,1.000000000000000000e+00
2.737000000000000000e+03,1.051009747151732512e+02,3.326361728128679118e+01,-1.232028192529248216e-03,3.469082158636618374e+01,2.977176294075091212e-01,nan,7.218020923878249450e-06,1.263253196659577426e+01,1.000000000000000000e+00
2.739000000000000000e+03,9.250816284670018774e+01,3.226264119150838638e+01,-1.158753499568572270e-03,3.248132892224506207e+01,3.535447256379209424e-01,nan,8.911657329826495210e-06,1.263253196659577426e+01,1.000000000000000000e+00
2.745000000000000000e+03,9.604930054150406704e+01,1.863867229717214613e+01,-1.565959266548755738e-03,4.476003141252201090e+01,2.767036636995247045e-01,nan,1.058968438688128984e-05,1.532949798767894301e+01,1.000000000000000000e+00
2.746000000000000000e+03,4.834835222200750593e+01,3.195217783556631375e+01,-1.436385330100779486e-03,4.085291627528433622e+01,2.852268549618574012e-01,nan,9.160855865407906633e-06,1.199882007781099524e+01,1.000000000000000000e+00
2.746000000000000000e+03,4.441370505463512330e+01,4.576642965921377737e+01,-1.315360315279466607e-03,3.720358153748682639e+01,3.566819679062711579e-01,nan,1.135360604152309220e-05,9.485073560621700040e+00,1.000000000000000000e+00
2.750000000000000000e+03,8.503793739392949647e+01,2.930372692368435139e+01,-9.115497525262802186e-03,2.724054670485659244e+02,1.092163648519584029e-02,nan,9.201198254787599091e-06,1.126317062998219498e+01,1.000000000000000000e+00
2.751000000000000000e+03,9.047516589043520696e+01,4.514078112961779254e+01,-7.274207168878272026e-03,2.168840124976486834e+02,1.881830298690834180e-02,nan,1.084388887976082665e-05,1.674442413595904711e+01,1.000000000000000000e+00
2.751000000000000000e+03,1.121670959801387113e+02,4.779788493576894837e+01,-1.594413771902577701e-03,4.561803597453641856e+01,2.435997302528590813e-01,nan,8.918030287037975306e-06,2.185406213163235378e+01,1.000000000000000000e+00
2.753000000000000000e+03,8.038710740614401828e+00,4.488257829213188899e+01,-1.825750958116904160e-02,5.480696528223900259e+02,3.436653101949072031e-03,nan,1.618117139920594112e-05,2.701309801656809384e+01,1.000000000000000000e+00
2.754000000000000000e+03,1.410757317527068437e+02,3.569329266613072349e+01,-1.193815455816477642e-03,3.353857163441934119e+01,3.195818526082121469e-01,nan,8.153397047230617135e-06,1.487174114454149532e+01,1.000000000000000000e+00
2.755000000000000000e+03,7.569239092097284072e+01,2.301725145949132667e+01,-1.204774093601395550e-03,3.386901354848551193e+01,3.593072412931948012e-01,nan,9.766092013095340453e-06,1.126317062998219498e+01,1.000000000000000000e+00
2.757000000000000000e+03,3.722713487730531057e+01,1.328558123497820453e+01,-9.125835112410655980e-03,2.727171820765655070e+02,1.305156737179391513e-02,nan,1.114913647471072806e-05,3.967721421500728951e+01,1.000000000000000000e+00
2.757000000000000000e+03,1.019620330378301958e+02,2.272963956581591916e+01,-1.183589931807299371e-03,3.323023570871032462e+01,3.287743459960474901e-01,nan,8.096656803447868696e-06,2.627121652206363578e+01,1.000000000000000000e+00
2.763000000000000000e+03,7.973789784680516846e+01,4.432374044877407471e+01,-1.832051880466994964e-02,5.499696050633627920e+02,3.152414693793903488e-03,nan,1.416561942427634418e-05,2.000062466185298149e+01,1.000000000000000000e+00
2.764000000000000000e+03,1.021028763398013979e+02,5.174592781490007809e+01,-1.396672660599624543e-03,3.965543801382565903e+01,3.041394996770548920e-01,nan,9.700668677568682590e-06,2.356440383905487934e+01,1.000000000000000000e+00
2.765000000000000000e+03,7.402955277887828345e+01,2.515502157009581197e+01,-1.261219137789469560e-03,3.557103243140969084e+01,2.852765403784208731e-01,nan,7.543112375522014055e-06,2.000062466185298149e+01,1.000000000000000000e+00
2.766000000000000000e+03,3.488621966927672702e+01,4.467717065428634271e+01,-1.349933932617675570e-03,3.824609909429050703e+01,2.768816037888307546e-01,nan,7.614774961491575190e-06,8.780690556948309577e+00,1.000000000000000000e+00
2.771000000000000000e+03,4.136576662358532275e+01,5.060304594185284799e+01,-1.404647857631351323e-03,3.989591857572958133e+01,2.913303354152796398e-01,nan,9.154344621432728527e-06,8.780690556948309577e+00,1.000000000000000000e+00
2.774000000000000000e+03,1.349379474969826731e+02,3.663982567707498816e+01,-8.728428609420108009e-03,2.607339622560078851e+02,1.630221553528043987e-02,nan,1.340486771955544660e-05,1.681985451297446943e+01,1.000000000000000000e+00
2.776000000000000000e+03,1.247950231091463849e+02,5.005729901225488021e+01,-1.316020253756953811e-03,3.722348103028390653e+01,3.257293419477363949e-01,nan,9.564052898685423791e-06,1.681985451297446943e+01,1.000000000000000000e+00
2.777000000000000000e+03,4.173837112482766543e+01,3.547588219784438479e+01,-1.599115958084611124e-03,4.575982361573622370e+01,2.530351685669229855e-01,nan,9.390029266402050918e-06,1.686188019488136192e+01,1.000000000000000000e+00
2.781000000000000000e+03,6.689011721869319693e+00,3.991620503031796119e+01,-7.997358767210284436e-03,2.386896057659756991e+02,1.753739769444495611e-02,nan,1.120758685477735858e-05,2.896917029804490795e+01,1.000000000000000000e+00
2.781000000000000000e+03,3.028095836687256437e+01,2.310451620211133417e+01,-1.421823014565491618e-03,4.041381065712632648e+01,3.138840214716913657e-01,nan,1.087061636997305719e-05,1.686188019488136192e+01,1.000000000000000000e+00
2.782000000000000000e+03,2.155194894250964666e+01,5.913008643624975136e+00,-1.215582933727868886e-03,3.419493853025128516e+01,3.004508575836006834e-01,nan,7.184083950653391025e-06,1.928065189935522383e+01,1.000000000000000000e+00
2.785000000000000000e+03,6.965431015308553242e+01,2.529636417926187164e+01,-8.908187098498911854e-03,2.661543201843074371e+02,1.147775234802750344e-02,nan,9.167492966469337570e-06,1.740233038753454409e+01,1.000000000000000000e+00
2.785000000000000000e+03,7.345476318237309954e+01,6.211778207116460671e+00,-1.354571796644524597e-03,3.838594719368839492e+01,2.726486255645045320e-01,nan,7.714317031928083449e-06,1.945931306485484313e+01,1.000000000000000000e+00
2.785000000000000000e+03,4.444802882510469288e+01,3.446414461002630958e+01,-1.072012206901748130e-03,2.986577037017326219e+01,3.461770462309844421e-01,nan,7.355989803562145196e-06,1.380501933812630000e+01,1.000000000000000000e+00
2.788000000000000000e+03,1.403737814149034477e+02,1.356263518269663315e+01,-7.112887488625070989e-03,2.120196502506570937e+02,1.709028879319407501e-02,nan,8.810518985187965413e-06,2.016404532383082326e+01,1.000000000000000000e+00
2.788000000000000000e+03,8.485585205112418805e+01,3.376715085105826830e+01,-9.140108570572300431e-03,2.731475776173113559e+02,1.353939442333584875e-02,nan,1.155872915998985242e-05,1.740233038753454409e+01,1.000000000000000000e+00
2.788000000000000000e+03,5.054335157000264900e+01,2.207763583791579265e+01,-1.964643961486127553e-03,5.678179326738553101e+01,1.861497798637735679e-01,nan,9.478005982709815757e-06,1.380501933812630000e+01,1.000000000000000000e+00
2.788000000000000000e+03,6.330673989229504173e+01,4.347677870587067872e+01,-1.452502914040916353e-03,4.133891876864449699e+01,3.175145577833492494e-01,nan,1.116300422714626128e-05,1.925666431589335303e+01,1.000000000000000000e+00
2.789000000000000000e+03,4.503942109278611383e+01,6.577031660784697920e+00,-8.699271109868208021e-03,2.598547599180519114e+02,1.725549414428806383e-02,nan,1.327748519611915426e-05,1.644876835979298946e+01,1.000000000000000000e+00
2.794000000000000000e+03,1.392881644651282329e+02,3.246420322708127060e+01,-8.824141129256593899e-03,2.636200352219739216e+02,2.093500985775065271e-02,nan,1.622451958933162871e-05,1.172855969202537096e+01,1.000000000000000000e+00
2.794000000000000000e+03,1.141214199848362085e+02,3.900426436565876287e+01,-1.348435248716496225e-03,3.820090844317076773e+01,2.654585620579393845e-01,nan,7.166992958356436784e-06,1.553170596047856122e+01,1.000000000000000000e+00
2.795000000000000000e+03,1.296524338078534981e+02,3.915089203020782804e+01,-9.358718541954452047e-03,2.797394459494216790e+02,1.554383821211036132e-02,nan,1.320400891203371133e-05,1.172855969202537096e+01,1.000000000000000000e+00
2.799000000000000000e+03,5.302337143769658212e+01,1.353411787439789471e+01,-2.433326762318789929e-02,7.312753720196028553e+02,3.282715347977749332e-03,nan,3.026503133516128500e-05,3.905516400673953825e+01,1.000000000000000000e+00
2.801000000000000000e+03,6.397034018916400555e+01,5.102371257409716065e+01,-1.166667032506845227e-03,3.271995009236417218e+01,3.175766484183961680e-01,nan,7.367983737075242990e-06,3.905516400673953825e+01,1.000000000000000000e+00
2.806000000000000000e+03,1.196211488183225384e+02,1.909985883464381473e+01,-9.367223252366361358e-03,2.799958932234576423e+02,1.148115868872645606e-02,nan,1.056293960279947585e-05,2.734548624451313614e+01,1.000000000000000000e+00
2.807000000000000000e+03,9.286921365157309083e+01,4.486572275722765824e+01,-3.283161780688004933e-02,9.875308625486073879e+02,2.353495643144798422e-03,nan,3.243416457559597765e-05,2.174312530536886712e+01,1.000000000000000000e+00
2.807000000000000000e+03,7.134300441432677076e+01,4.792935033238479292e+01,1.117891613241446752e-03,-3.124919768519726659e+01,3.510920613167544113e-01,nan,8.063242706962179301e-06,2.174312530536886712e+01,1.000000000000000000e+00
2.810000000000000000e+03,2.668987723055069594e+01,5.447156752032388027e+00,-8.161004765607280179e-03,2.436241147807727714e+02,2.405746306285172498e-02,nan,1.539690587901029289e-05,5.308154572791123371e+01,1.000000000000000000e+00
2.811000000000000000e+03,1.379322023178633003e+02,3.940948555907706208e+01,-1.193547852404131101e-03,3.353050243955024001e+01,3.237183755592187850e-01,nan,8.363902801141152933e-06,2.734548624451313614e+01,1.000000000000000000e+00
2.812000000000000000e+03,1.045504228154750450e+02,1.409406547728158721e+01,-1.167308151201733356e-03,3.273928210176537590e+01,3.215337108400968535e-01,nan,7.421114600617250274e-06,1.393230521444488446e+01,1.000000000000000000e+00
2.813000000000000000e+03,6.870596327523981017e+01,3.788631534700232351e+01,-9.162892809003361436e-03,2.738346034598902179e+02,1.278730529158800255e-02,nan,1.184812208236066532e-05,3.054428223077501059e+01,1.000000000000000000e+00
2.814000000000000000e+03,8.080797140004500534e+01,4.781292603192394353e+00,-1.759329885318014009e-03,5.059084347551529248e+01,2.175466688936348314e-01,nan,9.079013848267829346e-06,1.577859217077814868e+01,1.000000000000000000e+00
2.815000000000000000e+03,9.090489604595728679e+01,1.690631151396159026e+01,-1.481145463155668232e-03,4.220259351900798350e+01,3.456834050376216272e-01,nan,1.384423496972289312e-05,1.393230521444488446e+01,1.000000000000000000e+00
2.815000000000000000e+03,1.109000736139385737e+02,4.574746428874743742e+01,-9.159673475551509750e-03,2.737375291036859153e+02,1.389147477704755218e-02,nan,1.299668320615411836e-05,2.776519325780580871e+01,1.000000000000000000e+00
2.821000000000000000e+03,5.131480845201532581e+00,2.622483955914623266e+01,-1.243607836534636572e-03,3.503998904718066143e+01,3.693169903014971167e-01,nan,1.091280822530868212e-05,1.246671423445969218e+01,1.000000000000000000e+00
2.821000000000000000e+03,3.498580385399282733e+01,4.806087938918154379e+01,-1.081764485355130468e-03,3.015983625882568475e+01,3.480686256852312255e-01,nan,7.364957975161214425e-06,1.149426299380744609e+01,1.000000000000000000e+00
2.822000000000000000e+03,9.554496693620977510e+01,4.712654715306657494e+01,-1.540066643849049687e-03,4.397927672630914486e+01,2.555042030778910123e-01,nan,8.846967959890856403e-06,3.563691957873594873e+01,1.000000000000000000e+00
2.825000000000000000e+03,1.741353285848810373e+01,2.408704580234853765e+01,-8.588881593079758514e-03,2.565261232812412118e+02,1.596734546169453761e-02,nan,1.271885621772971147e-05,8.988001680770734581e+00,1.000000000000000000e+00
2.826000000000000000e+03,4.136061657958133964e+01,3.849636975802501127e+01,-1.521019458885137544e-03,4.340493634016099378e+01,2.713013657526803790e-01,nan,9.110189805396591632e-06,1.041711286954067539e+01,1.000000000000000000e+00
2.829000000000000000e+03,1.072726012226567320e+02,5.599751414435514718e+00,-8.891669382643680244e-03,2.656562522902563046e+02,1.043481688068514934e-02,nan,8.585839611106715812e-06,2.005266942267583019e+01,1.000000000000000000e+00
2.829000000000000000e+03,4.715498228774229261e+01,8.830814387775181018e+00,-9.004908193924156951e-03,2.690708052922358320e+02,2.051160653605110795e-02,nan,1.855433280272208939e-05,2.000449335411018481e+01,1.000000000000000000e+00
2.830000000000000000e+03,2.872777715224698980e+01,2.907195311757114098e+01,-1.297035885376994577e-03,3.665103478760904920e+01,3.030671579028252349e-01,nan,8.407711191139116298e-06,1.236371404070052726e+01,1.000000000000000000e+00
2.830000000000000000e+03,1.509592406891899685e+01,3.277110382334595329e+01,1.397383232160040196e-03,-3.967686427419789652e+01,3.050978215411882521e-01,nan,9.497169403668466933e-06,8.988001680770734581e+00,1.000000000000000000e+00
2.831000000000000000e+03,7.483025820551813467e+01,1.002077185053679997e+01,-1.267879744988218219e-03,3.577187343325633861e+01,3.064705152372112495e-01,nan,7.894926286712953834e-06,6.066675407817919030e+00,1.000000000000000000e+00
2.831000000000000000e+03,4.173057550595627418e+01,2.808582842101733945e+01,-1.292168549043215412e-03,3.650426728182002023e+01,3.059660901071631356e-01,nan,8.484782525211435186e-06,1.041711286954067539e+01,1.000000000000000000e+00
2.836000000000000000e+03,6.879261842462736354e+01,9.427934284227147188e+00,-1.193684590426799877e-03,3.353462557737294247e+01,3.293683060712103705e-01,nan,7.898466455671159927e-06,6.066675407817919030e+00,1.000000000000000000e+00
2.837000000000000000e+03,2.540628062511230567e+01,1.086184627809549674e+01,-1.403742842903654134e-03,3.986862916214116126e+01,2.724446347256616052e-01,nan,8.293495503665100198e-06,1.359708141937311687e+01,1.000000000000000000e+00
2.839000000000000000e+03,1.100142126738123096e+02,4.561635218662180336e+01,-9.142220755880475780e-03,2.732112675183550436e+02,1.175192391934987146e-02,nan,1.007507480879084289e-05,2.688935000133342612e+01,1.000000000000000000e+00
2.839000000000000000e+03,8.088042461379778558e+01,1.942718464565265890e+01,-1.192934668823867044e-03,3.351201277323283279e+01,3.421406914962045187e-01,nan,8.624510723240975165e-06,1.261338673947533096e+01,1.000000000000000000e+00
2.840000000000000000e+03,9.136515620222139944e+01,1.241520000802800539e+01,-1.208294104210706852e-03,3.397515439063241161e+01,3.537434569876279911e-01,nan,9.521916667185072305e-06,1.261338673947533096e+01,1.000000000000000000e+00
2.842000000000000000e+03,1.360562626080627524e+02,3.891942910835545888e+01,-1.317585569116462097e-03,3.727068085691062294e+01,3.034876921931330962e-01,nan,8.867534614514340220e-06,2.688935000133342612e+01,1.000000000000000000e+00

# Refeyn DiscoverMP; 2026.1.1; Refeyn Ltd; www.refeyn.com; email: support@refeyn.com
# Time created: 2025-07-01 16:56:30
# Time changed: 2026-06-03 11:57:02
# Version commit: 5702903d36991d4e78ba38ff0682028af1695d17
