frame_indices,x_coords,y_coords,contrasts,calibrated_values,fit_errors,diffblur_errors,residual_errors,neareast_neighbour_distances,selections,good_flags,peak_labels,peak_features
5.000000000000000000e+00,5.549319325741578979e+01,2.005917503269534663e+01,-2.060408473270339703e-03,6.364000718325461037e+01,2.211493266593448359e-01,nan,1.262284379958468719e-05,1.933188979380122774e+01,1.000000000000000000e+00,1.000000000000000000e+00,-1.000000000000000000e+00,0.000000000000000000e+00
5.000000000000000000e+00,5.509886252945281626e+01,4.744741504721290681e+01,-8.524951465126022129e-03,2.701176025244892003e+02,2.468152378464893992e-02,nan,1.836333945680364283e-05,1.554366871010414286e+01,1.000000000000000000e+00,1.000000000000000000e+00,-1.000000000000000000e+00,0.000000000000000000e+00
5.000000000000000000e+00,1.090270887672901807e+02,4.760307558552253937e+01,-6.403216167231216491e-03,2.023493468547746090e+02,5.006738805787325219e-02,nan,2.112585122109746937e-05,8.313106141046061381e+00,1.000000000000000000e+00,1.000000000000000000e+00,-1.000000000000000000e+00,0.000000000000000000e+00
6.000000000000000000e+00,7.235334358348828232e+01,1.060098842098622818e+01,-6.774904241927732183e-03,2.142210692606796840e+02,3.548365720628310349e-02,nan,1.663435408177864447e-05,1.933188979380122774e+01,1.000000000000000000e+00,1.000000000000000000e+00,-1.000000000000000000e+00,0.000000000000000000e+00
6.000000000000000000e+00,1.312928774620242223e+02,2.750815187755307889e+01,-6.738411054264708752e-03,2.130554763263469056e+02,5.561158653216113912e-02,nan,2.522855964861850039e-05,8.327814762014394745e+00,1.000000000000000000e+00,1.000000000000000000e+00,-1.000000000000000000e+00,0.000000000000000000e+00
9.000000000000000000e+00,7.004530494736377477e+01,4.318015644038549539e+01,1.693725678221660348e-03,-5.192815348067438208e+01,3.090791772025822670e-01,nan,1.478129200134311816e-05,4.248486139948037810e+00,1.000000000000000000e+00,1.000000000000000000e+00,-1.000000000000000000e+00,0.000000000000000000e+00
1.000000000000000000e+01,1.063048316443592398e+02,1.553997458616077232e+01,-7.795911154166223177e-03,2.468320445966588466e+02,5.157483632868631318e-02,nan,3.331576980190362707e-05,8.816607079669434910e+00,1.000000000000000000e+00,1.000000000000000000e+00,-1.000000000000000000e+00,0.000000000000000000e+00
1.000000000000000000e+01,1.151318844944690341e+02,5.324569934063119803e+01,-6.714255811354257787e-03,2.122839575233446112e+02,6.750976874185699028e-02,nan,3.189127723350733358e-05,8.313106141046061381e+00,1.000000000000000000e+00,1.000000000000000000e+00,-1.000000000000000000e+00,0.000000000000000000e+00
1.100000000000000000e+01,1.001875247689349351e+02,2.195067714034782824e+01,-6.119343096585281618e-03,1.932824369304460390e+02,7.348708083526689361e-02,nan,2.967015580236573156e-05,8.861069385033271573e+00,1.000000000000000000e+00,1.000000000000000000e+00,-1.000000000000000000e+00,0.000000000000000000e+00
1.100000000000000000e+01,8.730049177846967723e+01,2.749684704668007029e+01,-7.930045465130292071e-03,2.511162964015438490e+02,2.280433743338816655e-02,nan,1.410213083029895972e-05,1.229248582091989306e+01,1.000000000000000000e+00,1.000000000000000000e+00,-1.000000000000000000e+00,0.000000000000000000e+00
1.100000000000000000e+01,1.334927916212514845e+02,3.554014268945371668e+01,-1.749429582985267528e-03,5.370733699313566234e+01,3.430107897231862157e-01,nan,1.808985399575220961e-05,8.327814762014394745e+00,1.000000000000000000e+00,1.000000000000000000e+00,-1.000000000000000000e+00,0.000000000000000000e+00
1.200000000000000000e+01,5.572840057822316595e+01,1.505089142504614053e+01,-6.346239149276661391e-03,2.005295000888404502e+02,5.321763749411578814e-02,nan,2.190904112526768083e-05,1.253366741861305123e+01,1.000000000000000000e+00,1.000000000000000000e+00,-1.000000000000000000e+00,0.000000000000000000e+00
1.200000000000000000e+01,4.339284823032774341e+01,1.727056870625935403e+01,-6.516254297003666422e-03,2.059597863315776181e+02,4.267634271023923453e-02,nan,1.811342067618315914e-05,1.253366741861305123e+01,1.000000000000000000e+00,1.000000000000000000e+00,-1.000000000000000000e+00,0.000000000000000000e+00
1.200000000000000000e+01,8.797766359877560660e+01,4.734128438267456573e+01,-7.621057124739051211e-03,2.412472044034181806e+02,6.509915667226029434e-02,nan,4.290584304800249151e-05,6.926371382478851757e+00,1.000000000000000000e+00,1.000000000000000000e+00,-1.000000000000000000e+00,0.000000000000000000e+00
1.200000000000000000e+01,8.755090598006012215e+01,4.042807250519747697e+01,-6.233165294028403768e-03,1.969179195398307343e+02,9.294914555706179637e-02,nan,4.114575278413555728e-05,6.926371382478851757e+00,1.000000000000000000e+00,1.000000000000000000e+00,-1.000000000000000000e+00,0.000000000000000000e+00
1.200000000000000000e+01,6.611851034731805044e+01,4.480185883305263417e+01,-2.234643562457743707e-03,6.920507841641129687e+01,2.254148771707852328e-01,nan,1.588308548444008008e-05,4.248486139948037810e+00,1.000000000000000000e+00,1.000000000000000000e+00,-1.000000000000000000e+00,0.000000000000000000e+00
1.200000000000000000e+01,1.054897491944909760e+01,4.489768970998295572e+01,-1.992385969108316762e-03,6.146736743035045691e+01,3.438100913789057245e-01,nan,2.552717904774201024e-05,7.318699951057445752e+00,1.000000000000000000e+00,1.000000000000000000e+00,-1.000000000000000000e+00,0.000000000000000000e+00
1.400000000000000000e+01,9.865478381402145658e+01,1.115712978046420467e+01,-7.028682382264004810e-03,2.223267466817780189e+02,6.680720977435494756e-02,nan,3.564940586337367469e-05,8.790001903889425705e+00,1.000000000000000000e+00,1.000000000000000000e+00,-1.000000000000000000e+00,0.000000000000000000e+00
1.400000000000000000e+01,3.352672378947558940e+01,4.208370939015775036e+01,-7.108531279438207347e-03,2.248771215961300243e+02,2.539151113467663645e-02,nan,1.292186255361100712e-05,2.314941529227827388e+01,1.000000000000000000e+00,1.000000000000000000e+00,-1.000000000000000000e+00,0.000000000000000000e+00
1.400000000000000000e+01,9.121976179246122740e+01,1.584590158225773848e+01,-6.958434920390517593e-03,2.200830417478428274e+02,6.720936331558102772e-02,nan,3.532001313786855385e-05,8.790001903889425705e+00,1.000000000000000000e+00,1.000000000000000000e+00,-1.000000000000000000e+00,0.000000000000000000e+00
1.400000000000000000e+01,1.316927497076084705e+02,2.594906152225954088e+01,-6.839571052459562754e-03,2.162865281111848788e+02,4.072949695243333057e-02,nan,1.894261058023396528e-05,9.758534154604287636e+00,1.000000000000000000e+00,1.000000000000000000e+00,-1.000000000000000000e+00,0.000000000000000000e+00
1.700000000000000000e+01,1.008493096366004949e+02,2.092753603880327873e+01,-6.179285714935131568e-03,1.951970050152939962e+02,3.361590472359876625e-02,nan,1.272653417722728248e-05,1.001382953914023588e+01,1.000000000000000000e+00,1.000000000000000000e+00,-1.000000000000000000e+00,0.000000000000000000e+00
1.800000000000000000e+01,6.039184630702858492e+00,2.396407347885128303e+01,-7.295033032865643613e-03,2.308339902600302480e+02,5.168221502812775370e-02,nan,2.845372023603671817e-05,1.510031625003444056e+01,1.000000000000000000e+00,1.000000000000000000e+00,-1.000000000000000000e+00,0.000000000000000000e+00
1.900000000000000000e+01,1.973256566436659298e+01,1.759925873543945940e+01,-1.875503179314636209e-03,5.773412945764630422e+01,2.223933739425020262e-01,nan,1.108807656431828691e-05,1.510031625003444056e+01,1.000000000000000000e+00,1.000000000000000000e+00,-1.000000000000000000e+00,0.000000000000000000e+00
2.200000000000000000e+01,5.761563004932810372e+01,4.364913411672819166e+01,-7.083703462958541516e-03,2.240841207837364095e+02,3.628439663889870825e-02,nan,1.954830471997292784e-05,1.366756677279335008e+01,1.000000000000000000e+00,1.000000000000000000e+00,-1.000000000000000000e+00,0.000000000000000000e+00
2.200000000000000000e+01,1.047118792095890853e+02,3.365677993877970664e+01,1.849605014064747673e-03,-5.690694169026912164e+01,3.332909691743681790e-01,nan,1.999371121656406944e-05,9.697329375683656494e+00,1.000000000000000000e+00,1.000000000000000000e+00,-1.000000000000000000e+00,0.000000000000000000e+00
2.300000000000000000e+01,4.071357449221573432e+01,5.278853624100436903e+00,-6.883742047809985991e-03,2.176973503325351658e+02,3.257764635647197871e-02,nan,1.723841505234256888e-05,5.155039260484906904e+00,1.000000000000000000e+00,1.000000000000000000e+00,-1.000000000000000000e+00,0.000000000000000000e+00
2.300000000000000000e+01,4.409853931136717620e+01,4.567166705106961189e+01,-1.620174990619882615e-03,4.957894346987514211e+01,2.945426570629334773e-01,nan,1.250477382890813498e-05,1.366756677279335008e+01,1.000000000000000000e+00,1.000000000000000000e+00,-1.000000000000000000e+00,0.000000000000000000e+00
2.400000000000000000e+01,4.002413575245188326e+01,3.075045603464610977e+01,-6.395132477860142502e-03,2.020911537009928907e+02,3.614584209598359354e-02,nan,1.510465055585953842e-05,1.341907370636549501e+01,1.000000000000000000e+00,1.000000000000000000e+00,-1.000000000000000000e+00,0.000000000000000000e+00
2.500000000000000000e+01,8.868058549464350904e+01,2.323086198905581412e+01,-6.242917878452535277e-03,1.972294172254048021e+02,7.391403716499078680e-02,nan,3.503413052569361009e-05,7.495747097297153161e+00,1.000000000000000000e+00,1.000000000000000000e+00,-1.000000000000000000e+00,0.000000000000000000e+00
2.500000000000000000e+01,1.403360907499816506e+02,5.260465917834189753e+01,-6.553533913642075465e-03,2.071504978185983248e+02,1.917579614118299913e-01,nan,1.031000653485553825e-04,5.057317092947208437e+00,1.000000000000000000e+00,1.000000000000000000e+00,-1.000000000000000000e+00,0.000000000000000000e+00
2.500000000000000000e+01,7.139306896305059524e+01,2.055620744078876072e+01,-6.656963126721941217e-03,2.104540283592214962e+02,4.152580826874785469e-02,nan,1.858000376879693190e-05,5.650312570846230287e+00,1.000000000000000000e+00,1.000000000000000000e+00,-1.000000000000000000e+00,0.000000000000000000e+00
2.600000000000000000e+01,8.150346191599565771e+01,2.539306495905094252e+01,-7.285011802161454539e-03,2.305139120084403714e+02,9.033955168678875491e-02,nan,4.211292428576869629e-05,6.485979505044350724e+00,1.000000000000000000e+00,1.000000000000000000e+00,-1.000000000000000000e+00,0.000000000000000000e+00
2.600000000000000000e+01,9.047399961291472437e+01,4.396314509916047797e+01,-6.747303043949146040e-03,2.133394866036634596e+02,4.596914988888489706e-02,nan,1.783258080943233610e-05,7.960204767961469585e+00,1.000000000000000000e+00,1.000000000000000000e+00,-1.000000000000000000e+00,0.000000000000000000e+00
2.600000000000000000e+01,1.352789416554200557e+02,5.256343765494884224e+01,-5.360266821357532151e-03,1.690375298755985227e+02,2.891081687289800417e-01,nan,1.289486879390972754e-04,5.057317092947208437e+00,1.000000000000000000e+00,1.000000000000000000e+00,-1.000000000000000000e+00,0.000000000000000000e+00
3.100000000000000000e+01,9.364623261021631606e+01,6.478173865088799666e+00,-6.781063875515041042e-03,2.144178080452918493e+02,4.699840239088726168e-02,nan,2.169862946024641269e-05,2.247709912842118740e+01,1.000000000000000000e+00,1.000000000000000000e+00,-1.000000000000000000e+00,0.000000000000000000e+00
3.200000000000000000e+01,6.863797921671888957e+01,2.506352264438477562e+01,-7.168287061240190619e-03,2.267857221189749168e+02,6.409971119452639865e-02,nan,3.757554396934135110e-05,6.469039359040378301e+00,1.000000000000000000e+00,1.000000000000000000e+00,-1.000000000000000000e+00,0.000000000000000000e+00
3.300000000000000000e+01,5.565564087863495324e+00,3.451922578894183147e+01,-1.820682144765296872e-03,5.598314483241805561e+01,2.921247756259154338e-01,nan,1.618463580472278071e-05,3.283395518226383558e+01,1.000000000000000000e+00,1.000000000000000000e+00,-1.000000000000000000e+00,0.000000000000000000e+00
3.300000000000000000e+01,1.206465910518804918e+02,4.358843386260347330e+01,-7.476334511185721635e-03,2.366247620628479353e+02,3.286890162090594369e-02,nan,1.873193046776470034e-05,8.813074685513868189e+00,1.000000000000000000e+00,1.000000000000000000e+00,-1.000000000000000000e+00,0.000000000000000000e+00
3.400000000000000000e+01,6.289472507630662790e+01,4.384622452054818353e+01,-6.340331956050946141e-03,2.003408242529772849e+02,3.442215909795254269e-02,nan,1.529336171527714676e-05,1.260745472816069501e+01,1.000000000000000000e+00,1.000000000000000000e+00,-1.000000000000000000e+00,0.000000000000000000e+00
3.600000000000000000e+01,6.223290746506927462e+01,2.415603926435312232e+01,-6.733789795281464388e-03,2.129078732485250782e+02,5.829859424073902119e-02,nan,2.840743090662024517e-05,6.469039359040378301e+00,1.000000000000000000e+00,1.000000000000000000e+00,-1.000000000000000000e+00,0.000000000000000000e+00
3.600000000000000000e+01,7.287207909066948730e+01,3.613906410994955820e+01,-7.631284426505928996e-03,2.415738645676887870e+02,2.873893242987601848e-02,nan,1.641200374515262356e-05,1.153989102283874324e+01,1.000000000000000000e+00,1.000000000000000000e+00,-1.000000000000000000e+00,0.000000000000000000e+00
3.600000000000000000e+01,1.161212621420711173e+02,3.325683364571963097e+01,-1.553619864929797279e-03,4.745317180628880749e+01,3.565200890349009555e-01,nan,1.772491197123178953e-05,4.018798980335489546e+00,1.000000000000000000e+00,1.000000000000000000e+00,-1.000000000000000000e+00,0.000000000000000000e+00
3.700000000000000000e+01,3.821751095088437467e+01,1.395520463232389829e+01,-1.326316596416777377e-02,4.214562411886087148e+02,9.854659814450772437e-03,nan,1.686018996002384732e-05,6.748518877374811709e+00,1.000000000000000000e+00,1.000000000000000000e+00,-1.000000000000000000e+00,0.000000000000000000e+00
3.800000000000000000e+01,1.379548491366128360e+02,5.196392911322276831e+01,-7.442276187838602584e-03,2.355369387294851720e+02,9.921644901891901736e-02,nan,5.936220673880521860e-05,1.922822713150770113e+01,1.000000000000000000e+00,1.000000000000000000e+00,-1.000000000000000000e+00,0.000000000000000000e+00
4.000000000000000000e+01,9.569093148338419041e+01,4.780642705172306250e+01,-8.026412642832389879e-03,2.541942654314997867e+02,2.746962439385414179e-02,nan,1.766240862934434890e-05,1.690454975569597096e+01,1.000000000000000000e+00,1.000000000000000000e+00,-1.000000000000000000e+00,0.000000000000000000e+00
4.100000000000000000e+01,8.351461830316738144e+01,3.167751236986641672e+01,-7.502789503339867341e-03,2.374697348894871993e+02,2.523451628049311335e-02,nan,1.269141045675109288e-05,1.153989102283874324e+01,1.000000000000000000e+00,1.000000000000000000e+00,-1.000000000000000000e+00,0.000000000000000000e+00
4.200000000000000000e+01,4.055667668986984609e+01,2.028535555341896668e+01,-6.505034476823518853e-03,2.056014251150342886e+02,4.344866406985403717e-02,nan,1.862770619205787097e-05,6.748518877374811709e+00,1.000000000000000000e+00,1.000000000000000000e+00,-1.000000000000000000e+00,0.000000000000000000e+00
4.200000000000000000e+01,1.432624882217857589e+02,2.587009879488389075e+01,-7.468043537747371535e-03,2.363599482530016189e+02,3.628341747169505638e-02,nan,2.050160490803479437e-05,6.817190939543873895e+00,1.000000000000000000e+00,1.000000000000000000e+00,-1.000000000000000000e+00,0.000000000000000000e+00
4.200000000000000000e+01,1.487677222968009971e+01,2.324173051272731172e+01,-1.405909602048467611e-03,4.273530390357976927e+01,3.388294799399366175e-01,nan,1.213766745186724447e-05,2.512030348102759092e+01,1.000000000000000000e+00,1.000000000000000000e+00,-1.000000000000000000e+00,0.000000000000000000e+00
4.400000000000000000e+01,5.807268854786736512e+01,8.600390075893610486e+00,-1.948678174527232639e-03,6.007133984817789241e+01,2.423431450204084348e-01,nan,1.287249181972925817e-05,1.433948825513291325e+01,1.000000000000000000e+00,1.000000000000000000e+00,-1.000000000000000000e+00,0.000000000000000000e+00
4.400000000000000000e+01,1.221686747686495949e+02,4.115690315214479256e+01,-1.727918186189306322e-03,5.302026267273019045e+01,3.188827952671451360e-01,nan,1.583682755525777567e-05,1.993450100866139252e+01,1.000000000000000000e+00,1.000000000000000000e+00,-1.000000000000000000e+00,0.000000000000000000e+00
4.700000000000000000e+01,7.200618491920559450e+01,2.998861089824243109e+01,-1.625375382087291577e-03,4.974504404749933428e+01,2.860627502636399200e-01,nan,1.244952919958871386e-05,1.223093619384815156e+01,1.000000000000000000e+00,1.000000000000000000e+00,-1.000000000000000000e+00,0.000000000000000000e+00
4.800000000000000000e+01,1.324812025907468751e+02,2.409712295476851907e+01,-8.000454326706735175e-03,2.533651564442929214e+02,3.701500324881101811e-02,nan,2.404568617387478741e-05,1.239368132153752988e+01,1.000000000000000000e+00,1.000000000000000000e+00,-1.000000000000000000e+00,0.000000000000000000e+00
4.800000000000000000e+01,3.505909295285769645e+01,2.791995362950753901e+01,-6.958282267957156993e-03,2.200781660269445297e+02,4.343723046171255042e-02,nan,2.132541247431351752e-05,1.420165995534606651e+01,1.000000000000000000e+00,1.000000000000000000e+00,-1.000000000000000000e+00,0.000000000000000000e+00
5.000000000000000000e+01,7.865468990442842312e+01,6.778919468048107078e+00,-1.645232040386673117e-03,5.037926599672825745e+01,3.063581235971971628e-01,nan,1.344386105600935581e-05,1.442509150216656444e+01,1.000000000000000000e+00,1.000000000000000000e+00,-1.000000000000000000e+00,0.000000000000000000e+00
5.000000000000000000e+01,2.581165903360987457e+01,1.056890345958707300e+01,-1.869338245654122597e-03,5.753722138862042357e+01,2.820088743807905862e-01,nan,1.459326621958996445e-05,7.737621653408596423e+00,1.000000000000000000e+00,1.000000000000000000e+00,-1.000000000000000000e+00,0.000000000000000000e+00
5.200000000000000000e+01,3.930052389780436073e+01,1.436645190388220605e+01,-1.839077515902248381e-03,5.657069324884168537e+01,2.856980926010891375e-01,nan,1.511408772779745686e-05,5.863739097232678610e+00,1.000000000000000000e+00,1.000000000000000000e+00,-1.000000000000000000e+00,0.000000000000000000e+00
5.500000000000000000e+01,2.627973913145492446e+01,1.829235410507571657e+01,-8.138883350697262431e-03,2.577865814444836019e+02,2.706180889610698692e-02,nan,1.842809216840052988e-05,7.737621653408596423e+00,1.000000000000000000e+00,1.000000000000000000e+00,-1.000000000000000000e+00,0.000000000000000000e+00
5.600000000000000000e+01,4.515318400992143921e+01,1.472673764110866657e+01,-1.581391316491536237e-03,4.834019236517868023e+01,3.482023115531465152e-01,nan,1.528434216493720679e-05,5.766451575680423325e+00,1.000000000000000000e+00,1.000000000000000000e+00,-1.000000000000000000e+00,0.000000000000000000e+00
5.600000000000000000e+01,1.249316811236358404e+02,4.241963715089302411e+01,-6.815944093408297585e-03,2.155318827021780805e+02,4.361134643797004440e-02,nan,2.000380637814167035e-05,1.532218922222461366e+01,1.000000000000000000e+00,1.000000000000000000e+00,-1.000000000000000000e+00,0.000000000000000000e+00
6.100000000000000000e+01,1.135323609557545836e+02,4.725920943485827586e+00,-7.419748196708954129e-03,2.348173943715655696e+02,3.065690406058863005e-02,nan,1.660566277946867167e-05,1.623354934713407971e+01,1.000000000000000000e+00,1.000000000000000000e+00,-1.000000000000000000e+00,0.000000000000000000e+00
6.100000000000000000e+01,1.299077632249449721e+02,2.792798129372173221e+01,-6.112432437782525617e-03,1.930617103897432401e+02,5.515182832037734961e-02,nan,2.082548234247560013e-05,1.013850179714330402e+01,1.000000000000000000e+00,1.000000000000000000e+00,-1.000000000000000000e+00,0.000000000000000000e+00
6.300000000000000000e+01,1.656561978123833256e+01,8.418842870890053121e+00,-4.686753015508489557e-03,1.475254893127877835e+02,7.531257695161008847e-02,nan,1.725502200072337645e-05,2.091839477176669959e+01,1.000000000000000000e+00,1.000000000000000000e+00,-1.000000000000000000e+00,0.000000000000000000e+00
6.300000000000000000e+01,7.750551008612855242e+01,1.766723382616985560e+01,-1.899713303742102139e-03,5.850740117708463117e+01,2.866389197125143173e-01,nan,1.592201134229120912e-05,1.612391005404176880e+01,1.000000000000000000e+00,1.000000000000000000e+00,-1.000000000000000000e+00,0.000000000000000000e+00
6.400000000000000000e+01,1.244531947094775148e+02,1.938181835350410864e+01,-7.515848381364465501e-03,2.378868356398063497e+02,2.820679990473995424e-02,nan,1.563929977174098997e-05,1.013850179714330402e+01,1.000000000000000000e+00,1.000000000000000000e+00,-1.000000000000000000e+00,0.000000000000000000e+00
6.400000000000000000e+01,1.254486078634870978e+02,4.808300318682321972e+01,-6.503822131031205232e-03,2.055627027731403302e+02,6.706143081991555732e-02,nan,2.962539877157247995e-05,6.991111851525567467e+00,1.000000000000000000e+00,1.000000000000000000e+00,-1.000000000000000000e+00,0.000000000000000000e+00
6.400000000000000000e+01,1.028714652882153899e+02,4.985394469804515438e+01,-6.795385353547468352e-03,2.148752362578651400e+02,9.765282600255931200e-02,nan,4.891704048119271779e-05,6.955286442802374403e+00,1.000000000000000000e+00,1.000000000000000000e+00,-1.000000000000000000e+00,0.000000000000000000e+00
6.500000000000000000e+01,7.298720667483019042e+01,3.314513451438590153e+01,-7.975617637802136575e-03,2.525718722465204564e+02,2.641986554121522612e-02,nan,1.622483714436366611e-05,6.683479301543729711e+00,1.000000000000000000e+00,1.000000000000000000e+00,-1.000000000000000000e+00,0.000000000000000000e+00
6.600000000000000000e+01,2.972635375692675552e+01,2.467843453392503861e+01,-1.770987271528139725e-03,5.439588987259757147e+01,2.779826975579041681e-01,nan,1.332994269142773048e-05,6.116717822943394722e+00,1.000000000000000000e+00,1.000000000000000000e+00,-1.000000000000000000e+00,0.000000000000000000e+00
6.700000000000000000e+01,4.125575308951226106e+01,1.177739044805858271e+01,-7.773817672609017668e-03,2.461263784806789658e+02,2.516039868958441783e-02,nan,1.597753900000489324e-05,1.730213823420946184e+01,1.000000000000000000e+00,1.000000000000000000e+00,-1.000000000000000000e+00,0.000000000000000000e+00
6.700000000000000000e+01,6.812986170478097847e+01,4.269126717087102918e+01,-6.321539611428896380e-03,1.997405964977789665e+02,2.974258665623774611e-02,nan,1.188042587832542991e-05,1.071085658821338882e+01,1.000000000000000000e+00,1.000000000000000000e+00,-1.000000000000000000e+00,0.000000000000000000e+00
6.700000000000000000e+01,1.075313039370786043e+02,4.469042716946145077e+01,-6.726379915134991436e-03,2.126712015709853176e+02,9.542248538041964157e-02,nan,4.656226180038031023e-05,6.955286442802374403e+00,1.000000000000000000e+00,1.000000000000000000e+00,-1.000000000000000000e+00,0.000000000000000000e+00
6.800000000000000000e+01,1.282342586465759204e+01,4.991091976172496913e+01,1.378538380093002110e-03,-4.186106668402135966e+01,3.626785459649021215e-01,nan,1.279165499777698923e-05,1.353511204675271173e+01,1.000000000000000000e+00,1.000000000000000000e+00,-1.000000000000000000e+00,0.000000000000000000e+00
6.900000000000000000e+01,6.048410477765381188e+01,1.924408154021105233e+01,-6.721334912179514030e-03,2.125100641046479666e+02,3.504265280004037475e-02,nan,1.672691656661717536e-05,8.162582169232184270e+00,1.000000000000000000e+00,1.000000000000000000e+00,-1.000000000000000000e+00,0.000000000000000000e+00
6.900000000000000000e+01,7.075394440157282361e+00,3.765696558925038318e+01,-9.144827862038565000e-03,2.899164634810237544e+02,2.880345115155014124e-02,nan,2.505142719779557893e-05,1.353511204675271173e+01,1.000000000000000000e+00,1.000000000000000000e+00,-1.000000000000000000e+00,0.000000000000000000e+00
6.900000000000000000e+01,1.231278439926990274e+02,4.148833109667453556e+01,-9.039389158910874147e-03,2.865487497996186335e+02,2.362293122125513900e-02,nan,1.932196758553390888e-05,6.991111851525567467e+00,1.000000000000000000e+00,1.000000000000000000e+00,-1.000000000000000000e+00,0.000000000000000000e+00
7.000000000000000000e+01,1.371705779463182182e+02,1.800882677715237890e+01,-1.521984438851417976e-03,4.644273584623896767e+01,3.474119074624174575e-01,nan,1.413705989765772133e-05,9.526251566903628287e+00,1.000000000000000000e+00,1.000000000000000000e+00,-1.000000000000000000e+00,0.000000000000000000e+00
7.100000000000000000e+01,2.993037614002819069e+01,5.117030156325697021e+01,-7.845397846866582550e-03,2.484126502671654464e+02,2.125919817646892973e-02,nan,1.469709948087622942e-05,1.715324430672029621e+01,1.000000000000000000e+00,1.000000000000000000e+00,-1.000000000000000000e+00,0.000000000000000000e+00
7.300000000000000000e+01,6.864070899524541858e+01,1.893174309071433115e+01,-7.456059215098453929e-03,2.359771688167043635e+02,3.620054498954028421e-02,nan,1.975688817365044579e-05,8.162582169232184270e+00,1.000000000000000000e+00,1.000000000000000000e+00,-1.000000000000000000e+00,0.000000000000000000e+00
7.300000000000000000e+01,1.008747916951510604e+02,2.454594601371086071e+01,-6.626156016659023353e-03,2.094700488245169083e+02,4.773791387771775252e-02,nan,2.348516801576471549e-05,3.565464449397343305e+00,1.000000000000000000e+00,1.000000000000000000e+00,-1.000000000000000000e+00,0.000000000000000000e+00
7.300000000000000000e+01,7.332880510473468405e+01,2.676842361627634048e+01,-1.649851625635674482e-03,5.052681561545448830e+01,3.713085759846777023e-01,nan,2.038468010305106187e-05,8.610745566792832761e+00,1.000000000000000000e+00,1.000000000000000000e+00,-1.000000000000000000e+00,0.000000000000000000e+00
7.400000000000000000e+01,5.406145170261394384e+01,5.251796024038686284e+01,-1.407323448376314109e-02,4.473298412556835615e+02,1.058510927515354805e-02,nan,2.071744632780571306e-05,2.208255891117291014e+01,1.000000000000000000e+00,1.000000000000000000e+00,-1.000000000000000000e+00,0.000000000000000000e+00
7.600000000000000000e+01,9.954308677241967018e+01,4.563825770436475437e+01,-6.477555824542358294e-03,2.047237565693412762e+02,4.396897473294103520e-02,nan,1.825831023560599037e-05,1.092255834755743038e+01,1.000000000000000000e+00,1.000000000000000000e+00,-1.000000000000000000e+00,0.000000000000000000e+00
7.700000000000000000e+01,1.343474750356680545e+02,4.708431974965679778e+00,-6.516577284175976981e-03,2.059701025464668476e+02,4.507724314984418168e-02,nan,2.174824104593463237e-05,9.073599483449450886e+00,1.000000000000000000e+00,1.000000000000000000e+00,-1.000000000000000000e+00,0.000000000000000000e+00
7.700000000000000000e+01,3.293702531437783421e+01,4.218490867207484030e+01,-7.034529114741061573e-03,2.225134914004668758e+02,3.973910101110966764e-02,nan,2.007804720897013142e-05,6.730894698815732546e+00,1.000000000000000000e+00,1.000000000000000000e+00,-1.000000000000000000e+00,0.000000000000000000e+00
7.700000000000000000e+01,6.459986990949512631e+01,9.342955181467292647e+00,1.308128024698736527e-03,-3.961215892870973221e+01,3.558040549510439465e-01,nan,1.142579423979721799e-05,1.040544252232693090e+01,1.000000000000000000e+00,1.000000000000000000e+00,-1.000000000000000000e+00,0.000000000000000000e+00
7.900000000000000000e+01,4.106448074887367028e+01,3.466528105509218705e+01,-1.700458994661915076e-03,5.214321570379006232e+01,2.510620705988204637e-01,nan,1.080099757111409300e-05,7.625654702192730561e+00,1.000000000000000000e+00,1.000000000000000000e+00,-1.000000000000000000e+00,0.000000000000000000e+00
8.000000000000000000e+01,1.103386529927125110e+02,4.397752568532355610e+01,-7.397255339386209390e-03,2.340989721879394665e+02,5.794429214128260508e-02,nan,3.478191948038961162e-05,6.782553496144934968e+00,1.000000000000000000e+00,1.000000000000000000e+00,-1.000000000000000000e+00,0.000000000000000000e+00
8.000000000000000000e+01,3.702835317702070483e+01,2.226814999160687947e+01,-1.552081715076409621e-03,4.740404327803830853e+01,3.033044523393074732e-01,nan,1.201444070935945016e-05,1.303760654343825820e+01,1.000000000000000000e+00,1.000000000000000000e+00,-1.000000000000000000e+00,0.000000000000000000e+00
8.100000000000000000e+01,8.872654480773181263e+01,3.743277711459961665e+01,-1.448441878248766428e-03,4.409378541190771017e+01,3.608753200461477517e-01,nan,1.482799528594684805e-05,1.357672610693999005e+01,1.000000000000000000e+00,1.000000000000000000e+00,-1.000000000000000000e+00,0.000000000000000000e+00
8.200000000000000000e+01,5.722210749260795382e+01,2.382169223882383946e+01,-6.274000211914564085e-03,1.982221873994015482e+02,4.731510594398991021e-02,nan,2.136804038901680015e-05,1.625008323228230722e+01,1.000000000000000000e+00,1.000000000000000000e+00,-1.000000000000000000e+00,0.000000000000000000e+00
8.200000000000000000e+01,1.103744029868365146e+02,3.719506640671465192e+01,-7.095593758453316510e-03,2.244638969913895892e+02,5.239620213748785726e-02,nan,3.179566490186082686e-05,6.782553496144934968e+00,1.000000000000000000e+00,1.000000000000000000e+00,-1.000000000000000000e+00,0.000000000000000000e+00
8.200000000000000000e+01,5.645392481341680480e+01,4.774914584094343439e+01,-6.246952835112264991e-03,1.973582937986531647e+02,5.156044693918115929e-02,nan,2.002944362926903948e-05,2.019956698422370422e+01,1.000000000000000000e+00,1.000000000000000000e+00,-1.000000000000000000e+00,0.000000000000000000e+00
8.200000000000000000e+01,7.644831618131171957e+00,3.896093668236970586e+01,-1.650072226951066921e-03,5.053386162461379882e+01,3.726767885503272648e-01,nan,1.992918609296433650e-05,1.181482856288161720e+01,1.000000000000000000e+00,1.000000000000000000e+00,-1.000000000000000000e+00,0.000000000000000000e+00
8.300000000000000000e+01,6.571227368347472897e+00,1.280421272252468867e+01,-7.334955847816067125e-03,2.321091255388274703e+02,7.026772913866197179e-02,nan,4.147118042704826449e-05,9.125658201968976257e+00,1.000000000000000000e+00,1.000000000000000000e+00,-1.000000000000000000e+00,0.000000000000000000e+00
8.300000000000000000e+01,1.042091563433701111e+02,5.325801041677475212e+01,-7.975573128191417241e-03,2.525704506089194012e+02,2.103148412921063137e-02,nan,1.376780363751507236e-05,1.112196592446670351e+01,1.000000000000000000e+00,1.000000000000000000e+00,-1.000000000000000000e+00,0.000000000000000000e+00
8.400000000000000000e+01,1.474983033789571607e+01,8.755991991677580799e+00,-8.327939876241164177e-03,2.638250495662135791e+02,4.697964606703031176e-02,nan,3.486377467163711527e-05,6.359154175716406954e+00,1.000000000000000000e+00,1.000000000000000000e+00,-1.000000000000000000e+00,0.000000000000000000e+00
8.500000000000000000e+01,1.070845538693025105e+02,1.548562142629890559e+01,-7.644493606779136086e-03,2.419957659739717712e+02,2.897194869299901665e-02,nan,1.674232786482705742e-05,1.681873051077036507e+01,1.000000000000000000e+00,1.000000000000000000e+00,-1.000000000000000000e+00,0.000000000000000000e+00
8.500000000000000000e+01,1.806932923020681869e+01,3.340035905894671941e+01,-6.557930026353954618e-03,2.072909097213022562e+02,3.908847863794262523e-02,nan,1.955120654526347005e-05,1.181482856288161720e+01,1.000000000000000000e+00,1.000000000000000000e+00,-1.000000000000000000e+00,0.000000000000000000e+00
8.500000000000000000e+01,1.403053418835235107e+02,4.576737251580681942e+01,-7.729434619296276024e-03,2.447087831249884005e+02,3.410508390736521900e-02,nan,2.006925363193590565e-05,2.452412815016261760e+01,1.000000000000000000e+00,1.000000000000000000e+00,-1.000000000000000000e+00,0.000000000000000000e+00
8.600000000000000000e+01,3.545488458574257606e+01,3.589291966611896356e+01,-7.803156058573631516e-03,2.470634469467404131e+02,3.868132950168357009e-02,nan,2.459165306317700453e-05,1.756332523757460251e+01,1.000000000000000000e+00,1.000000000000000000e+00,-1.000000000000000000e+00,0.000000000000000000e+00
8.800000000000000000e+01,1.162174907089753901e+02,3.262696101682541183e+01,-1.373622616305577096e-02,4.365657906867088514e+02,1.115042721218806321e-02,nan,2.240737731028789298e-05,7.950333444381613823e+00,1.000000000000000000e+00,1.000000000000000000e+00,-1.000000000000000000e+00,0.000000000000000000e+00
8.800000000000000000e+01,1.980878037028497829e+01,1.260902539411780587e+01,-7.337330417361447032e-03,2.321849693239671524e+02,7.250062738798801476e-02,nan,4.106742752655484654e-05,6.359154175716406954e+00,1.000000000000000000e+00,1.000000000000000000e+00,-1.000000000000000000e+00,0.000000000000000000e+00
8.800000000000000000e+01,7.502886579670710887e+01,4.511965786550501178e+01,-2.132029695003849479e-02,6.788011197682446891e+02,6.363600917177802962e-03,nan,3.268609326194554153e-05,1.143910050238106990e+01,1.000000000000000000e+00,1.000000000000000000e+00,-1.000000000000000000e+00,0.000000000000000000e+00
8.800000000000000000e+01,1.222673190268389760e+02,8.250060759355763551e+00,-1.374404134083482025e-03,4.172901880752486647e+01,3.549530863733876274e-01,nan,1.234462029966275541e-05,1.681873051077036507e+01,1.000000000000000000e+00,1.000000000000000000e+00,-1.000000000000000000e+00,0.000000000000000000e+00
8.800000000000000000e+01,8.225511289005014248e+01,3.625205541334658221e+01,-2.101292948327997123e-03,6.494585789958971134e+01,2.673052931861426007e-01,nan,1.759232505075968535e-05,1.143910050238106990e+01,1.000000000000000000e+00,1.000000000000000000e+00,-1.000000000000000000e+00,0.000000000000000000e+00
8.900000000000000000e+01,5.434251917253600794e+01,4.331336469958384328e+01,-6.927166183174078562e-03,2.190843178352721736e+02,3.224198004619904800e-02,nan,1.642470147541053824e-05,9.025324844302291538e+00,1.000000000000000000e+00,1.000000000000000000e+00,-1.000000000000000000e+00,0.000000000000000000e+00
8.900000000000000000e+01,6.773811137700323570e+01,1.297498173445958969e+01,-1.762473543729640600e-03,5.412396128531172224e+01,3.271107458919202404e-01,nan,1.733698466096384052e-05,1.608319184395366364e+01,1.000000000000000000e+00,1.000000000000000000e+00,-1.000000000000000000e+00,0.000000000000000000e+00
9.000000000000000000e+01,1.229661629431959682e+02,2.842419705106275529e+01,-7.059908611591094764e-03,2.233241128917566982e+02,8.325843263792354065e-02,nan,4.682124689213137752e-05,7.950333444381613823e+00,1.000000000000000000e+00,1.000000000000000000e+00,-1.000000000000000000e+00,0.000000000000000000e+00
9.000000000000000000e+01,5.499042782259217432e+01,5.317883364372121946e+01,-1.837988613528339496e-03,5.653591369149179968e+01,3.464959415381142493e-01,nan,2.132383845874993527e-05,5.896204959171144289e+00,1.000000000000000000e+00,1.000000000000000000e+00,-1.000000000000000000e+00,0.000000000000000000e+00
9.100000000000000000e+01,9.102734456389040929e+01,5.341271196516689912e+01,-7.189261966384578005e-03,2.274556608883789863e+02,3.627471529549097795e-02,nan,1.837258764377988889e-05,1.802015730130937854e+01,1.000000000000000000e+00,1.000000000000000000e+00,-1.000000000000000000e+00,0.000000000000000000e+00
9.200000000000000000e+01,1.494466009204525747e+01,3.441945437922611006e+01,-7.027700662342374963e-03,2.222953905334822764e+02,5.086697553629693225e-02,nan,2.656965381425872397e-05,1.304793680851128457e+01,1.000000000000000000e+00,1.000000000000000000e+00,-1.000000000000000000e+00,0.000000000000000000e+00
9.300000000000000000e+01,1.368649880307660851e+02,2.809763170123249409e+01,-7.560630476847267009e-03,2.393171764080988169e+02,3.919839645907896575e-02,nan,2.362869242749168842e-05,7.365465297699078207e+00,1.000000000000000000e+00,1.000000000000000000e+00,-1.000000000000000000e+00,0.000000000000000000e+00
9.300000000000000000e+01,3.644381850404201373e+01,3.803726820939311182e+01,-7.267937401606951175e-03,2.299685554112565455e+02,2.843465202294526151e-02,nan,1.626670378277687490e-05,1.866013611403063521e+01,1.000000000000000000e+00,1.000000000000000000e+00,-1.000000000000000000e+00,0.000000000000000000e+00
9.400000000000000000e+01,1.258142688402830487e+02,3.608661878910562848e+01,-1.442013434128493199e-02,4.584098276515595103e+02,1.214872748423689863e-02,nan,2.645327692216577323e-05,8.174620119164814014e+00,1.000000000000000000e+00,1.000000000000000000e+00,-1.000000000000000000e+00,0.000000000000000000e+00
9.500000000000000000e+01,7.401097279488701020e+01,2.553553065359937690e+01,-1.314558432990626732e-02,4.177006821136370149e+02,1.077212963510920662e-02,nan,1.902756063055572843e-05,7.867430112669462794e+00,1.000000000000000000e+00,1.000000000000000000e+00,-1.000000000000000000e+00,0.000000000000000000e+00
9.700000000000000000e+01,1.440762956740686604e+02,2.959667176916104481e+01,-6.569776717912131046e-03,2.076692932185986820e+02,3.370135248054562105e-02,nan,1.618625060009717574e-05,7.365465297699078207e+00,1.000000000000000000e+00,1.000000000000000000e+00,-1.000000000000000000e+00,0.000000000000000000e+00
9.700000000000000000e+01,1.737489774079948290e+01,2.159983660296299846e+01,1.632229210305726408e-03,-4.996395541852853484e+01,3.384316944472870459e-01,nan,1.541230645451599694e-05,6.787289986122303276e+00,1.000000000000000000e+00,1.000000000000000000e+00,-1.000000000000000000e+00,0.000000000000000000e+00
9.900000000000000000e+01,5.587447481220775103e+01,2.085878265249772312e+01,-6.667574195823055584e-03,2.107929460576199858e+02,3.567909373221589409e-02,nan,1.637986435599170877e-05,1.643420460192891852e+01,1.000000000000000000e+00,1.000000000000000000e+00,-1.000000000000000000e+00,0.000000000000000000e+00
1.000000000000000000e+02,1.228960627254126905e+02,3.988467108877633649e+01,-7.883966220857820811e-03,2.496445246824125945e+02,3.358489115540397307e-02,nan,2.117544951766956737e-05,1.919674353850912496e+01,1.000000000000000000e+00,1.000000000000000000e+00,-1.000000000000000000e+00,0.000000000000000000e+00
1.010000000000000000e+02,1.064735899349451103e+02,2.164904070873880926e+01,-7.664712583467665416e-03,2.426415603777165586e+02,2.699225870794341731e-02,nan,1.720588874482295997e-05,1.145021577518059885e+01,1.000000000000000000e+00,1.000000000000000000e+00,-1.000000000000000000e+00,0.000000000000000000e+00
1.010000000000000000e+02,1.069210205503899047e+01,2.278623753776414773e+01,-1.519509129285613732e-03,4.636367442341042278e+01,3.239545071610226978e-01,nan,1.305489298649440711e-05,6.787289986122303276e+00,1.000000000000000000e+00,1.000000000000000000e+00,-1.000000000000000000e+00,0.000000000000000000e+00
1.040000000000000000e+02,1.013487889512491051e+02,1.140971181590100159e+01,-1.610110250775835311e-03,4.925747553573778248e+01,3.267335076493764756e-01,nan,1.554122206003675990e-05,1.145021577518059885e+01,1.000000000000000000e+00,1.000000000000000000e+00,-1.000000000000000000e+00,0.000000000000000000e+00
1.070000000000000000e+02,4.399019969608445990e+01,3.540929987524158662e+01,-6.515695463814754132e-03,2.059419371915550414e+02,2.745182402136914224e-02,nan,1.224050773150647079e-05,1.176147702871971568e+01,1.000000000000000000e+00,1.000000000000000000e+00,-1.000000000000000000e+00,0.000000000000000000e+00
1.080000000000000000e+02,1.933479708831045585e+01,4.386663089230025747e+01,-8.088441811669642989e-03,2.561754779686686447e+02,1.068200623866105703e-01,nan,7.623421079970344654e-05,6.286132389547628208e+00,1.000000000000000000e+00,1.000000000000000000e+00,-1.000000000000000000e+00,0.000000000000000000e+00
1.080000000000000000e+02,1.095645703684635741e+01,2.210686269168204277e+01,-1.674805643453013441e-03,5.132384730037293963e+01,3.181252642662656394e-01,nan,1.534208954726426700e-05,9.460775599150583304e+00,1.000000000000000000e+00,1.000000000000000000e+00,-1.000000000000000000e+00,0.000000000000000000e+00
1.090000000000000000e+02,1.320090867771505430e+02,1.624691340962517216e+01,-6.693983668046548340e-03,2.116364649770250992e+02,4.883217935519490460e-02,nan,2.223251177487804695e-05,1.411439863593334643e+01,1.000000000000000000e+00,1.000000000000000000e+00,-1.000000000000000000e+00,0.000000000000000000e+00
1.100000000000000000e+02,1.080912105872277635e+02,1.706601805159039031e+01,-1.080360353551514802e-02,3.428977821452322701e+02,9.850454083288684437e-02,nan,1.247654356555651057e-04,3.169022297514910491e+00,1.000000000000000000e+00,1.000000000000000000e+00,-1.000000000000000000e+00,0.000000000000000000e+00
1.100000000000000000e+02,5.265631115434313614e+01,4.336108295139118951e+01,-6.177974101317425942e-03,1.951551120576414746e+02,4.716777779550684890e-02,nan,2.027140034507459595e-05,1.176147702871971568e+01,1.000000000000000000e+00,1.000000000000000000e+00,-1.000000000000000000e+00,0.000000000000000000e+00
1.100000000000000000e+02,2.141277114900440637e+01,4.979937766104092844e+01,-8.209449278553923590e-03,2.600404581864625015e+02,8.867299768023073625e-02,nan,6.415682479278321212e-05,6.286132389547628208e+00,1.000000000000000000e+00,1.000000000000000000e+00,-1.000000000000000000e+00,0.000000000000000000e+00
1.100000000000000000e+02,9.087942537222605210e+01,3.711369855911040361e+01,-1.487146284733350567e-03,4.533000470693208683e+01,3.573288942458737738e-01,nan,1.479997079387835877e-05,2.028530914040065269e+01,1.000000000000000000e+00,1.000000000000000000e+00,-1.000000000000000000e+00,0.000000000000000000e+00
1.120000000000000000e+02,3.924033378751989432e+01,1.896538948822946224e+01,-6.838762429683131056e-03,2.162607006881750635e+02,6.156206672941222369e-02,nan,2.967748440985094001e-05,1.711617407499202770e+01,1.000000000000000000e+00,1.000000000000000000e+00,-1.000000000000000000e+00,0.000000000000000000e+00
1.120000000000000000e+02,1.100599375598991969e+02,3.051053877457207264e+01,-6.779566167898891729e-03,2.143699712426754047e+02,2.818776470867467854e-02,nan,1.207836360245472302e-05,1.328827101294571378e+01,1.000000000000000000e+00,1.000000000000000000e+00,-1.000000000000000000e+00,0.000000000000000000e+00
1.130000000000000000e+02,6.441882054947730296e+01,2.439908675524479520e+01,-6.097660420879973640e-03,1.925898919592336824e+02,5.266065005408471222e-02,nan,1.965591728274045073e-05,9.028275791348042034e+00,1.000000000000000000e+00,1.000000000000000000e+00,-1.000000000000000000e+00,0.000000000000000000e+00
1.140000000000000000e+02,3.232448355158498288e+01,5.075334746766710481e+01,-7.013507399180948267e-03,2.218420575057170083e+02,3.441368482114004479e-02,nan,1.747019285099873077e-05,9.755813772772185644e+00,1.000000000000000000e+00,1.000000000000000000e+00,-1.000000000000000000e+00,0.000000000000000000e+00
1.150000000000000000e+02,1.137563951144994832e+02,8.453354385068122312e+00,-7.017241584742365222e-03,2.219613274457963996e+02,3.813328432930995771e-02,nan,1.928023944018578608e-05,1.030884528745444406e+01,1.000000000000000000e+00,1.000000000000000000e+00,-1.000000000000000000e+00,0.000000000000000000e+00
1.150000000000000000e+02,7.111144404554410414e+01,4.682833772367286684e+01,-7.538080937030681300e-03,2.385969437848111454e+02,3.625993304369767856e-02,nan,2.027993732257651950e-05,1.586750108542510773e+01,1.000000000000000000e+00,1.000000000000000000e+00,-1.000000000000000000e+00,0.000000000000000000e+00
1.150000000000000000e+02,7.308109131522813584e+01,2.694365527376804437e+01,-6.963157426238872523e-03,2.202338786519800067e+02,3.651463070700100566e-02,nan,1.787783289012295429e-05,9.028275791348042034e+00,1.000000000000000000e+00,1.000000000000000000e+00,-1.000000000000000000e+00,0.000000000000000000e+00
1.160000000000000000e+02,8.661869193960845337e+01,5.019030938447011181e+01,-1.505481834702671051e-03,4.591564243440856075e+01,3.439913483734351463e-01,nan,1.433335221209847407e-05,1.586750108542510773e+01,1.000000000000000000e+00,1.000000000000000000e+00,-1.000000000000000000e+00,0.000000000000000000e+00
1.190000000000000000e+02,3.201768320070541307e+01,4.100235900937675382e+01,-7.296532630331104691e-03,2.308818874244606150e+02,2.683112107377794153e-02,nan,1.408499902187512266e-05,9.755813772772185644e+00,1.000000000000000000e+00,1.000000000000000000e+00,-1.000000000000000000e+00,0.000000000000000000e+00
1.190000000000000000e+02,1.434372980591074054e+02,4.913159582143914861e+01,-6.803213458068638371e-03,2.151252660278964299e+02,4.459693846429724218e-02,nan,2.050342898174789712e-05,2.288135038798931120e+01,1.000000000000000000e+00,1.000000000000000000e+00,-1.000000000000000000e+00,0.000000000000000000e+00
1.190000000000000000e+02,8.761329659936404823e+01,3.021227129307695236e+01,-1.446676532877178619e-03,4.403740025556619031e+01,3.622665647618366069e-01,nan,1.408167509558005936e-05,1.489526237103430617e+01,1.000000000000000000e+00,1.000000000000000000e+00,-1.000000000000000000e+00,0.000000000000000000e+00
1.200000000000000000e+02,5.246851894270884742e+01,5.070417492105320889e+01,-6.394180714189159377e-03,2.020607543557699728e+02,1.795879930594683760e-01,nan,9.135169079753335233e-05,1.904155378036472257e+01,1.000000000000000000e+00,1.000000000000000000e+00,-1.000000000000000000e+00,0.000000000000000000e+00
1.210000000000000000e+02,1.215895023400927784e+02,1.187053309850169569e+01,-7.316808305221709184e-03,2.315294927695881881e+02,3.103868523292407922e-02,nan,1.789778015535520251e-05,1.795689735029036882e+01,1.000000000000000000e+00,1.000000000000000000e+00,-1.000000000000000000e+00,0.000000000000000000e+00
1.210000000000000000e+02,1.212521921475683371e+02,4.353005395586919946e+01,-7.643244984686542801e-03,2.419558849665295668e+02,2.348706851244186655e-02,nan,1.409626495087670044e-05,1.760347773271312022e+01,1.000000000000000000e+00,1.000000000000000000e+00,-1.000000000000000000e+00,0.000000000000000000e+00
1.210000000000000000e+02,6.044003706736546633e+00,3.372895848519553397e+01,-6.487302454856231151e-03,2.050350640805487785e+02,5.589180678438876448e-02,nan,2.367661590996208165e-05,2.697284526409066885e+01,1.000000000000000000e+00,1.000000000000000000e+00,-1.000000000000000000e+00,0.000000000000000000e+00
1.210000000000000000e+02,1.056335011313985035e+02,5.165033222865901763e+01,-1.803061490549707959e-03,5.542034088550984450e+01,3.634105386927198866e-01,nan,2.295935199210536270e-05,1.325582893669912288e+01,1.000000000000000000e+00,1.000000000000000000e+00,-1.000000000000000000e+00,0.000000000000000000e+00
1.220000000000000000e+02,1.296466657771762243e+02,2.791834540413983490e+01,-1.643272907607575993e-03,5.031669126782757928e+01,3.716834706387835974e-01,nan,1.959698479731517796e-05,1.201098561917220309e+01,1.000000000000000000e+00,1.000000000000000000e+00,-1.000000000000000000e+00,0.000000000000000000e+00
1.230000000000000000e+02,9.102893620075728620e+01,4.714316690811046584e+01,-6.423412389812456491e-03,2.029944144920081328e+02,2.792995094809125334e-02,nan,1.269800592779583089e-05,1.528423553993037665e+01,1.000000000000000000e+00,1.000000000000000000e+00,-1.000000000000000000e+00,0.000000000000000000e+00
1.250000000000000000e+02,5.405964990665003711e+01,2.373175599120484591e+01,-7.781418692138490634e-03,2.463691551528373225e+02,2.065352374772022603e-02,nan,1.240878567510327144e-05,1.234810773032055131e+01,1.000000000000000000e+00,1.000000000000000000e+00,-1.000000000000000000e+00,0.000000000000000000e+00
1.280000000000000000e+02,1.217561931670068702e+02,2.565120573388253788e+01,-7.705820277459344940e-03,2.439545407099873273e+02,3.541933434786825874e-02,nan,2.051497445346037391e-05,7.574281451771715190e+00,1.000000000000000000e+00,1.000000000000000000e+00,-1.000000000000000000e+00,0.000000000000000000e+00
1.290000000000000000e+02,5.910868486425341928e+01,3.500042984913955735e+01,-7.501249751423974890e-03,2.374205551913374563e+02,3.479570277404908651e-02,nan,1.952901031784447467e-05,9.368671646830330602e+00,1.000000000000000000e+00,1.000000000000000000e+00,-1.000000000000000000e+00,0.000000000000000000e+00
1.310000000000000000e+02,2.228037612702615533e+01,6.609097641386318500e+00,-6.684927195536594959e-03,2.113472011159161070e+02,3.597675720884629946e-02,nan,1.574720955394171430e-05,1.967117782241346546e+01,1.000000000000000000e+00,1.000000000000000000e+00,-1.000000000000000000e+00,0.000000000000000000e+00
1.310000000000000000e+02,4.215449366216411420e+01,8.321806656251888867e+00,-6.931792483081733458e-03,2.192320819202915345e+02,2.669891297105564387e-02,nan,1.320743370968402246e-05,1.677057094048970143e+01,1.000000000000000000e+00,1.000000000000000000e+00,-1.000000000000000000e+00,0.000000000000000000e+00
1.310000000000000000e+02,1.019767017091245442e+01,4.570864818803950413e+01,-7.188253514481279978e-03,2.274234509202075856e+02,5.125595583265274424e-02,nan,2.771321053827642916e-05,5.689245184666658517e+00,1.000000000000000000e+00,1.000000000000000000e+00,-1.000000000000000000e+00,0.000000000000000000e+00
1.320000000000000000e+02,7.322932504309709145e+01,2.306811754211561549e+01,-6.798234883396817724e-03,2.149662502818863459e+02,4.360245942646612249e-02,nan,2.046543571607688448e-05,1.634418078321315448e+01,1.000000000000000000e+00,1.000000000000000000e+00,-1.000000000000000000e+00,0.000000000000000000e+00
1.330000000000000000e+02,4.532381593351095006e+01,3.264152977350876483e+01,-1.796406819047597497e-03,5.520779058283992669e+01,3.630129748793895494e-01,nan,2.219820308704038590e-05,1.277071157454339279e+01,1.000000000000000000e+00,1.000000000000000000e+00,-1.000000000000000000e+00,0.000000000000000000e+00
1.340000000000000000e+02,5.414869153695089210e+01,4.294841541903316084e+01,-3.172486340617034981e-03,9.915979012401909642e+01,1.388634223698419490e-01,nan,1.636687969278680761e-05,9.368671646830330602e+00,1.000000000000000000e+00,1.000000000000000000e+00,-1.000000000000000000e+00,0.000000000000000000e+00
1.350000000000000000e+02,9.057456436809452782e+01,5.401230676097342531e+00,-6.327541098755306778e-03,1.999322840885629375e+02,4.821242291336569341e-02,nan,1.956950676730958555e-05,2.343063472802946734e+01,1.000000000000000000e+00,1.000000000000000000e+00,-1.000000000000000000e+00,0.000000000000000000e+00
1.360000000000000000e+02,3.516048993753125984e+01,2.356437735708248482e+01,-7.027993514520402586e-03,2.223047442362244226e+02,3.873958349926898137e-02,nan,1.962343985540413580e-05,3.376300525508176165e+00,1.000000000000000000e+00,1.000000000000000000e+00,-1.000000000000000000e+00,0.000000000000000000e+00
1.360000000000000000e+02,5.709695912164045950e+01,2.769338127210176737e+01,-6.952425318705797788e-03,2.198910949843387641e+02,3.087446253754233538e-02,nan,1.472221896713993083e-05,1.026737321772280076e+01,1.000000000000000000e+00,1.000000000000000000e+00,-1.000000000000000000e+00,0.000000000000000000e+00
1.360000000000000000e+02,1.127216171320799276e+02,1.304993629388569332e+01,-6.646321088419103809e-03,2.101141215040783834e+02,5.072220727706189258e-02,nan,2.253231583872261089e-05,1.892477548540012577e+01,1.000000000000000000e+00,1.000000000000000000e+00,-1.000000000000000000e+00,0.000000000000000000e+00
1.360000000000000000e+02,1.511278859064876201e+01,4.284349170169855370e+01,-6.340666593091067588e-03,2.003515125648105482e+02,5.381004360059571390e-02,nan,2.202024699062901184e-05,5.689245184666658517e+00,1.000000000000000000e+00,1.000000000000000000e+00,-1.000000000000000000e+00,0.000000000000000000e+00
1.370000000000000000e+02,1.338857116924786261e+01,1.863483670874325426e+01,-1.910439786610723494e-03,5.885000519286303700e+01,3.162908693718220476e-01,nan,1.907137584944961696e-05,5.709229026881357250e+00,1.000000000000000000e+00,1.000000000000000000e+00,-1.000000000000000000e+00,0.000000000000000000e+00
1.390000000000000000e+02,1.196044274924153257e+02,3.067872095751072692e+01,-7.109101581809904556e-03,2.248953370620142778e+02,3.413226765768717641e-02,nan,1.681544559473253694e-05,1.864394552269066807e+01,1.000000000000000000e+00,1.000000000000000000e+00,-1.000000000000000000e+00,0.000000000000000000e+00
1.400000000000000000e+02,6.127445035111828275e+01,1.831428111165741157e+01,-7.568214182365972341e-03,2.395594000705063422e+02,2.603991977357222876e-02,nan,1.593798461166010113e-05,1.026737321772280076e+01,1.000000000000000000e+00,1.000000000000000000e+00,-1.000000000000000000e+00,0.000000000000000000e+00
1.400000000000000000e+02,7.382123280165497192e+01,2.622781582259796451e+01,-7.311842329069740895e-03,2.313708794204818275e+02,2.415773109044694333e-02,nan,1.293770829481385767e-05,1.483394018736614761e+01,1.000000000000000000e+00,1.000000000000000000e+00,-1.000000000000000000e+00,0.000000000000000000e+00
1.420000000000000000e+02,1.969115056358813121e+01,4.180428269134412034e+01,-6.699280207839452411e-03,2.118056365335366138e+02,4.660721457569561021e-02,nan,2.261866178622065466e-05,1.174092611775632555e+01,1.000000000000000000e+00,1.000000000000000000e+00,-1.000000000000000000e+00,0.000000000000000000e+00
1.430000000000000000e+02,1.382300896171745137e+02,2.985324226767765055e+01,-7.660200128348076780e-03,2.424974324968513884e+02,3.166647651033738242e-02,nan,1.884369555982785293e-05,3.292603493611949261e+00,1.000000000000000000e+00,1.000000000000000000e+00,-1.000000000000000000e+00,0.000000000000000000e+00
1.450000000000000000e+02,6.338484524904324502e+01,5.092964970301917305e+00,-5.601466505244456773e-03,1.767414512183417514e+02,2.252313779919475900e-01,nan,9.309320324203980011e-05,7.816666851656723480e+00,1.000000000000000000e+00,1.000000000000000000e+00,-1.000000000000000000e+00,0.000000000000000000e+00
1.450000000000000000e+02,2.970065192697233769e+01,4.794099423410236938e+01,-6.753065651697985443e-03,2.135235443773334794e+02,3.569232421777301933e-02,nan,1.725555073408923643e-05,1.174092611775632555e+01,1.000000000000000000e+00,1.000000000000000000e+00,-1.000000000000000000e+00,0.000000000000000000e+00
1.450000000000000000e+02,4.451645810276219350e+01,4.891846128471411248e+01,-6.852468459333214273e-03,2.166984714706402997e+02,3.100444619715869710e-02,nan,1.437279517786858616e-05,1.280732582382748141e+01,1.000000000000000000e+00,1.000000000000000000e+00,-1.000000000000000000e+00,0.000000000000000000e+00
1.460000000000000000e+02,7.115824089688740628e+01,4.593065463408345295e+01,-7.012640814953742183e-03,2.218143787931429642e+02,4.875344086090405149e-02,nan,2.450167351240796921e-05,1.064277556076928022e+01,1.000000000000000000e+00,1.000000000000000000e+00,-1.000000000000000000e+00,0.000000000000000000e+00
1.460000000000000000e+02,1.121214770560363547e+02,5.174675785781339954e+01,-6.298728895061467617e-03,1.990120218917331272e+02,4.574793401617816002e-02,nan,1.814774162428509278e-05,2.560795175768625498e+01,1.000000000000000000e+00,1.000000000000000000e+00,-1.000000000000000000e+00,0.000000000000000000e+00
1.460000000000000000e+02,7.916555554004571604e+01,5.294147369053972341e+01,-8.502061926071960429e-03,2.693865103207083393e+02,3.465490795195025342e-02,nan,2.676614542078130008e-05,8.043540258291324463e+00,1.000000000000000000e+00,1.000000000000000000e+00,-1.000000000000000000e+00,0.000000000000000000e+00
1.470000000000000000e+02,8.172655818898016378e+01,9.067720682184384984e+00,-1.327496990001207113e-02,4.218332590677941880e+02,1.130207936660965196e-02,nan,2.218198749757010086e-05,1.101296988996979209e+01,1.000000000000000000e+00,1.000000000000000000e+00,-1.000000000000000000e+00,0.000000000000000000e+00
1.470000000000000000e+02,1.245613859937302159e+01,5.272378074722152519e+01,-7.168829980695481247e-03,2.268030629741186601e+02,7.102135862853875548e-02,nan,3.848499218307883262e-05,4.498223212652654013e+00,1.000000000000000000e+00,1.000000000000000000e+00,-1.000000000000000000e+00,0.000000000000000000e+00
1.470000000000000000e+02,9.781105287199829945e+01,1.262533083653944566e+01,-5.697057973968436446e-03,1.797946440924753517e+02,4.892714278941401318e-02,nan,1.582401581973631169e-05,1.647323766654293564e+01,1.000000000000000000e+00,1.000000000000000000e+00,-1.000000000000000000e+00,0.000000000000000000e+00
1.480000000000000000e+02,1.396699305037825525e+02,2.689214517582176356e+01,-6.440048850047675778e-03,2.035257832691491728e+02,7.927073339699219900e-02,nan,3.463987765354603501e-05,3.292603493611949261e+00,1.000000000000000000e+00,1.000000000000000000e+00,-1.000000000000000000e+00,0.000000000000000000e+00
1.480000000000000000e+02,5.513913906217386085e+01,4.176400505155207554e+01,-1.603928357998218868e-03,4.906002579226980487e+01,3.051443814839810420e-01,nan,1.399795022198402381e-05,1.053757659132071112e+01,1.000000000000000000e+00,1.000000000000000000e+00,-1.000000000000000000e+00,0.000000000000000000e+00
1.500000000000000000e+02,7.082907153604887185e+01,7.477032011650261545e+00,-6.845615933090451466e-03,2.164796016847326428e+02,4.277005410956247200e-02,nan,2.050213001492096664e-05,7.816666851656723480e+00,1.000000000000000000e+00,1.000000000000000000e+00,-1.000000000000000000e+00,0.000000000000000000e+00
1.510000000000000000e+02,1.366418908822848834e+02,1.168654789542725858e+01,-6.985461357231407750e-03,2.209462665259252105e+02,5.944033981791629895e-02,nan,3.009128570860252887e-05,6.831624867629479070e+00,1.000000000000000000e+00,1.000000000000000000e+00,-1.000000000000000000e+00,0.000000000000000000e+00
1.510000000000000000e+02,1.312306775566075601e+01,4.827527340527630884e+01,-6.615660306998412572e-03,2.091348157082930754e+02,1.068267307137493738e-01,nan,5.187223747671333674e-05,4.498223212652654013e+00,1.000000000000000000e+00,1.000000000000000000e+00,-1.000000000000000000e+00,0.000000000000000000e+00
1.510000000000000000e+02,8.658499022469990791e+01,4.983494365738317811e+01,-1.899572872825310921e-03,5.850291581159984133e+01,2.932835525693731071e-01,nan,1.676251913590216005e-05,3.448073168213624751e+00,1.000000000000000000e+00,1.000000000000000000e+00,-1.000000000000000000e+00,0.000000000000000000e+00
1.520000000000000000e+02,2.129825001778680615e+01,4.605479591226986713e+01,-6.749349710609938054e-03,2.134048571659936613e+02,6.493416096013382433e-02,nan,3.311037742266879463e-05,8.471370923051862789e+00,1.000000000000000000e+00,1.000000000000000000e+00,-1.000000000000000000e+00,0.000000000000000000e+00
1.520000000000000000e+02,1.267332847513521017e+02,4.764318488877501068e+01,-8.244038732319861409e-03,2.611452458329760589e+02,4.503142404385274133e-02,nan,3.071929642996372065e-05,1.357778139390171646e+01,1.000000000000000000e+00,1.000000000000000000e+00,-1.000000000000000000e+00,0.000000000000000000e+00
1.530000000000000000e+02,1.036296586678140983e+02,7.956679354585644681e+00,-6.251793044443808289e-03,1.975128901537217700e+02,7.967412840195475798e-02,nan,3.273560241494659839e-05,5.676596400557150091e+00,1.000000000000000000e+00,1.000000000000000000e+00,-1.000000000000000000e+00,0.000000000000000000e+00
1.540000000000000000e+02,8.281745052316149724e+01,3.815316437132572958e+01,-6.826678775829039987e-03,2.158747486117681262e+02,4.045718399111064567e-02,nan,1.935359052441701678e-05,7.571726858488723622e+00,1.000000000000000000e+00,1.000000000000000000e+00,-1.000000000000000000e+00,0.000000000000000000e+00
1.550000000000000000e+02,8.781418340238272435e+01,4.661340788926065670e+01,1.573514083911518391e-03,-4.808859344424725180e+01,2.919481911358252635e-01,nan,1.174865451662722835e-05,3.448073168213624751e+00,1.000000000000000000e+00,1.000000000000000000e+00,-1.000000000000000000e+00,0.000000000000000000e+00
1.570000000000000000e+02,1.085720540916275638e+02,5.164462642099649337e+00,-6.798217505780519525e-03,2.149656952405739787e+02,6.945624424331608981e-02,nan,3.333968278182284804e-05,5.676596400557150091e+00,1.000000000000000000e+00,1.000000000000000000e+00,-1.000000000000000000e+00,0.000000000000000000e+00
1.570000000000000000e+02,6.044993925884323716e+00,1.342850634246451769e+01,1.470591073185597165e-03,-4.480123101402725894e+01,3.155876187620010320e-01,nan,1.192524284557347611e-05,1.044326566392945033e+01,1.000000000000000000e+00,1.000000000000000000e+00,-1.000000000000000000e+00,0.000000000000000000e+00
1.580000000000000000e+02,7.717066114603586868e+01,2.194207332769549978e+01,-7.345520051205897509e-03,2.324465463457392502e+02,2.577274214925451279e-02,nan,1.508577929846078647e-05,1.716641206235266637e+01,1.000000000000000000e+00,1.000000000000000000e+00,-1.000000000000000000e+00,0.000000000000000000e+00
1.580000000000000000e+02,7.534447008710768046e+01,3.937202081156650735e+01,-8.050104345478235196e-03,2.549509787518407222e+02,2.866654863653217422e-02,nan,1.975783031974759672e-05,7.571726858488723622e+00,1.000000000000000000e+00,1.000000000000000000e+00,-1.000000000000000000e+00,0.000000000000000000e+00
1.590000000000000000e+02,1.115933411547981535e+02,3.230967182546186223e+01,-6.441709723697331552e-03,2.035788315972024805e+02,4.028922578402094334e-02,nan,1.746411332971705465e-05,7.973188825740114005e+00,1.000000000000000000e+00,1.000000000000000000e+00,-1.000000000000000000e+00,0.000000000000000000e+00
1.600000000000000000e+02,3.893524576832934514e+01,1.047958081188222224e+01,-7.265742771930629174e-03,2.298984589081004231e+02,2.979803549029691467e-02,nan,1.524096977929401532e-05,2.305305099065867580e+01,1.000000000000000000e+00,1.000000000000000000e+00,-1.000000000000000000e+00,0.000000000000000000e+00
1.600000000000000000e+02,1.300776368099711533e+02,1.426195450853255942e+01,-7.321150626540270413e-03,2.316681865744225206e+02,3.339308600427415286e-02,nan,1.892096956876955857e-05,1.361602373426697454e+01,1.000000000000000000e+00,1.000000000000000000e+00,-1.000000000000000000e+00,0.000000000000000000e+00
1.600000000000000000e+02,1.342252198802520802e+01,3.361525629284607675e+01,-1.410974867901294404e-03,4.289708856714738516e+01,3.605346583785343784e-01,nan,1.336472958620422524e-05,1.317436067517085796e+01,1.000000000000000000e+00,1.000000000000000000e+00,-1.000000000000000000e+00,0.000000000000000000e+00
1.630000000000000000e+02,2.654828242428051865e+01,3.474582790469698068e+01,-7.004501585455628204e-03,2.215544116869115783e+02,4.019166227056725216e-02,nan,2.015624784041272457e-05,1.317436067517085796e+01,1.000000000000000000e+00,1.000000000000000000e+00,-1.000000000000000000e+00,0.000000000000000000e+00
1.630000000000000000e+02,5.895776263259797645e+01,4.663381046922747686e+01,-7.493947704976260463e-03,2.371873277236736612e+02,4.032583125249522560e-02,nan,2.226795078383139837e-05,1.176366555370228184e+01,1.000000000000000000e+00,1.000000000000000000e+00,-1.000000000000000000e+00,0.000000000000000000e+00
1.630000000000000000e+02,1.341558088026782229e+02,3.801372129723749538e+01,-5.619711571193918009e-03,1.773241988849336508e+02,5.854849817919560717e-02,nan,1.896075062563041671e-05,1.715212008968218171e+01,1.000000000000000000e+00,1.000000000000000000e+00,-1.000000000000000000e+00,0.000000000000000000e+00
1.650000000000000000e+02,1.399209784288517540e+02,4.854259354769624224e+00,-6.747622845647473916e-03,2.133497010744682711e+02,4.293569407041086805e-02,nan,2.024180787545010546e-05,1.361602373426697454e+01,1.000000000000000000e+00,1.000000000000000000e+00,-1.000000000000000000e+00,0.000000000000000000e+00
1.650000000000000000e+02,4.964181162067227149e+01,3.945071336541758455e+01,-7.334724093387861611e-03,2.321017232990858759e+02,4.563405102609385811e-02,nan,2.620138725718079603e-05,1.176366555370228184e+01,1.000000000000000000e+00,1.000000000000000000e+00,-1.000000000000000000e+00,0.000000000000000000e+00
1.670000000000000000e+02,1.048413776887736617e+02,2.058706649709117897e+01,-6.826439742424761543e-03,2.158671138814269739e+02,3.134173731169442867e-02,nan,1.425107918383295547e-05,9.487966082865913364e+00,1.000000000000000000e+00,1.000000000000000000e+00,-1.000000000000000000e+00,0.000000000000000000e+00
1.670000000000000000e+02,3.876925009794064181e+01,2.410480740380061349e+01,-7.703140240728942670e-03,2.438689402986022117e+02,2.838332884834005032e-02,nan,1.624779828173145415e-05,1.620442433970249141e+01,1.000000000000000000e+00,1.000000000000000000e+00,-1.000000000000000000e+00,0.000000000000000000e+00
1.690000000000000000e+02,6.018725724062035454e+01,1.186841455922617428e+01,-6.384541542757827919e-03,2.017528790828031617e+02,5.329284712431314741e-02,nan,2.240775415584839734e-05,1.050891557353924100e+01,1.000000000000000000e+00,1.000000000000000000e+00,-1.000000000000000000e+00,0.000000000000000000e+00
1.690000000000000000e+02,1.047507383157742993e+02,3.007459962713484813e+01,-1.770435080024885480e-03,5.437825286810963377e+01,3.206268300777920244e-01,nan,1.697084140386602655e-05,9.487966082865913364e+00,1.000000000000000000e+00,1.000000000000000000e+00,-1.000000000000000000e+00,0.000000000000000000e+00
1.720000000000000000e+02,2.033527875731696355e+01,4.969062121969716372e+01,-7.035426563998597831e-03,2.225421559425497833e+02,3.744440231937251617e-02,nan,1.825981259575445068e-05,1.244516751215023120e+01,1.000000000000000000e+00,1.000000000000000000e+00,-1.000000000000000000e+00,0.000000000000000000e+00
1.740000000000000000e+02,4.589504921236245849e+01,3.371220548685330698e+01,-7.649209851851193447e-03,2.421464029088247401e+02,2.585991882994043145e-02,nan,1.474575259916101760e-05,1.567271390351663563e+01,1.000000000000000000e+00,1.000000000000000000e+00,-1.000000000000000000e+00,0.000000000000000000e+00
1.750000000000000000e+02,3.618781169570243605e+01,8.582510995795962216e+00,-8.501556957186127625e-03,2.693703816072941777e+02,1.145116744772233242e-01,nan,9.272542901096946725e-05,1.192479592734457761e+01,1.000000000000000000e+00,1.000000000000000000e+00,-1.000000000000000000e+00,0.000000000000000000e+00
1.760000000000000000e+02,4.806655894661067663e+01,7.535552707298403874e+00,-6.480054232131385143e-03,2.048035557433609313e+02,4.532437253169185887e-02,nan,2.057140322455834711e-05,1.192479592734457761e+01,1.000000000000000000e+00,1.000000000000000000e+00,-1.000000000000000000e+00,0.000000000000000000e+00
1.760000000000000000e+02,1.081462497740226638e+02,1.300749446755332883e+01,-7.704013948221307903e-03,2.438968465283670071e+02,3.901911234960608876e-02,nan,2.455804105040719479e-05,1.141028701049529559e+01,1.000000000000000000e+00,1.000000000000000000e+00,-1.000000000000000000e+00,0.000000000000000000e+00
1.770000000000000000e+02,9.675035956210948029e+01,1.358050052327958213e+01,-5.408803156634160725e-03,1.705877811164395155e+02,4.861823703217460491e-02,nan,1.451196009794214683e-05,1.141028701049529559e+01,1.000000000000000000e+00,1.000000000000000000e+00,-1.000000000000000000e+00,0.000000000000000000e+00
1.780000000000000000e+02,9.580205237975846444e+00,5.672146091219151920e+00,-7.129159696708313801e-03,2.255359935378888281e+02,3.515434154637120390e-02,nan,1.758950722937102390e-05,1.482463744769326297e+01,1.000000000000000000e+00,1.000000000000000000e+00,-1.000000000000000000e+00,0.000000000000000000e+00
1.800000000000000000e+02,1.061896753494497574e+02,3.708859800431009290e+01,-1.276769917148700166e-03,3.861058052640959914e+01,3.192655832061471743e-01,nan,1.027956422799720570e-05,1.928679148200778926e+01,1.000000000000000000e+00,1.000000000000000000e+00,-1.000000000000000000e+00,0.000000000000000000e+00
1.800000000000000000e+02,8.737093072721447129e+01,4.131176938533866405e+01,-1.718569480251475826e-03,5.272166487176770033e+01,2.865657715684882811e-01,nan,1.168406136815315046e-05,1.928679148200778926e+01,1.000000000000000000e+00,1.000000000000000000e+00,-1.000000000000000000e+00,0.000000000000000000e+00
1.820000000000000000e+02,3.800606606049949932e+01,1.803056718627500032e+01,-7.921525756202222809e-03,2.508441767768942441e+02,1.873040689685978588e-02,nan,1.219941447643449321e-05,9.615799392420321112e+00,1.000000000000000000e+00,1.000000000000000000e+00,-1.000000000000000000e+00,0.000000000000000000e+00
1.820000000000000000e+02,1.120184628038039421e+02,1.109910526434395273e+01,-7.488045960617226854e-03,2.369988259246900100e+02,5.111159293147660154e-02,nan,2.941334523426015988e-05,4.660204912917862430e+00,1.000000000000000000e+00,1.000000000000000000e+00,-1.000000000000000000e+00,0.000000000000000000e+00
1.840000000000000000e+02,7.091169917670421796e+01,1.129523449612694463e+01,-3.627306642759638763e-03,1.136867570599789730e+02,1.325049480976676630e-01,nan,2.014037136298836843e-05,2.487391617398399646e+01,1.000000000000000000e+00,1.000000000000000000e+00,-1.000000000000000000e+00,0.000000000000000000e+00
1.850000000000000000e+02,1.587605924427100668e+01,2.411336975111376191e+01,-6.853760039897093849e-03,2.167397245722679600e+02,3.714272062058232571e-02,nan,1.722892629337082160e-05,7.924722766989877876e+00,1.000000000000000000e+00,1.000000000000000000e+00,-1.000000000000000000e+00,0.000000000000000000e+00
1.860000000000000000e+02,6.624879972735350009e+01,3.572818508658219372e+01,-6.669369947816336346e-03,2.108503024018919518e+02,3.028389767108852215e-02,nan,1.356182714820802125e-05,1.578344167158354239e+01,1.000000000000000000e+00,1.000000000000000000e+00,-1.000000000000000000e+00,0.000000000000000000e+00
1.860000000000000000e+02,1.902341284023136581e+01,4.752345539920803930e+01,-7.333607936023523247e-03,2.320660732169530149e+02,2.455657333093685946e-02,nan,1.272095502258715937e-05,1.584908486851911391e+01,1.000000000000000000e+00,1.000000000000000000e+00,-1.000000000000000000e+00,0.000000000000000000e+00
1.860000000000000000e+02,3.390336932015626559e+01,2.672720316877122215e+01,-6.826023513105872534e-03,2.158538195110464244e+02,3.443563821210748888e-02,nan,1.557615093967534112e-05,9.615799392420321112e+00,1.000000000000000000e+00,1.000000000000000000e+00,-1.000000000000000000e+00,0.000000000000000000e+00
1.860000000000000000e+02,1.376625744112590723e+02,3.941649943153970526e+01,-7.748516589500976243e-03,2.453182615254264931e+02,6.027297494352523710e-02,nan,3.732048269432064567e-05,3.072558018789969481e+00,1.000000000000000000e+00,1.000000000000000000e+00,-1.000000000000000000e+00,0.000000000000000000e+00
1.870000000000000000e+02,1.157481165618652170e+02,8.304969856858626542e+00,-1.344874229644264438e-02,4.273835518876999231e+02,1.763789014182892689e-02,nan,3.262071284954596228e-05,4.660204912917862430e+00,1.000000000000000000e+00,1.000000000000000000e+00,-1.000000000000000000e+00,0.000000000000000000e+00
1.900000000000000000e+02,1.790478848383158805e+01,1.645272430792820373e+01,-6.001532075884776288e-03,1.895195512493417596e+02,1.169122128155155593e-01,nan,4.753192446450798636e-05,7.924722766989877876e+00,1.000000000000000000e+00,1.000000000000000000e+00,-1.000000000000000000e+00,0.000000000000000000e+00
1.900000000000000000e+02,3.604627932516184785e+01,1.697661275328549024e+01,-6.538835188226596422e-03,2.066810203192309530e+02,9.655168114646150990e-02,nan,4.501629452630479070e-05,7.527209300550705251e+00,1.000000000000000000e+00,1.000000000000000000e+00,-1.000000000000000000e+00,0.000000000000000000e+00
1.900000000000000000e+02,1.380473477539920566e+02,3.636812900563135997e+01,-6.270937741129100663e-03,1.981243720388444558e+02,2.287751609349850668e-01,nan,1.253592648634758956e-04,3.072558018789969481e+00,1.000000000000000000e+00,1.000000000000000000e+00,-1.000000000000000000e+00,0.000000000000000000e+00
1.910000000000000000e+02,4.034513031414398654e+01,1.079771640937225641e+01,-6.687301138510596751e-03,2.114230248883570482e+02,1.302474756096804187e-01,nan,6.633945630098552469e-05,7.527209300550705251e+00,1.000000000000000000e+00,1.000000000000000000e+00,-1.000000000000000000e+00,0.000000000000000000e+00
1.930000000000000000e+02,1.380454959292830779e+02,3.078463146422891583e+01,-6.995805568520814532e-03,2.212766607820124989e+02,1.504675983770987768e-01,nan,8.876967992485096262e-05,4.117748202312125905e+00,1.000000000000000000e+00,1.000000000000000000e+00,-1.000000000000000000e+00,0.000000000000000000e+00
1.950000000000000000e+02,6.514191407709728310e+01,2.209872453114057222e+01,-7.955364602103942584e-03,2.519249899975212941e+02,2.588324765916205639e-02,nan,1.678528937537196111e-05,3.927264279985687168e+00,1.000000000000000000e+00,1.000000000000000000e+00,-1.000000000000000000e+00,0.000000000000000000e+00
1.960000000000000000e+02,9.064855716041047629e+01,5.222246535283931479e+01,-5.031096370757546718e-03,1.585238209896180877e+02,9.069457000483382991e-02,nan,2.454029236394283475e-05,2.043434173102175677e+01,1.000000000000000000e+00,1.000000000000000000e+00,-1.000000000000000000e+00,0.000000000000000000e+00
1.960000000000000000e+02,9.150023949391049882e+01,1.020537721045154989e+01,-1.554705757222771441e-03,4.748785522161071526e+01,3.314154383347415189e-01,nan,1.390209582775662198e-05,1.514789762565273001e+01,1.000000000000000000e+00,1.000000000000000000e+00,-1.000000000000000000e+00,0.000000000000000000e+00
1.970000000000000000e+02,1.008128144815516691e+02,2.215254212840659065e+01,-6.515368299084133875e-03,2.059314875453938214e+02,1.197760187189312875e-01,nan,5.700005930910951338e-05,7.387918303877085258e+00,1.000000000000000000e+00,1.000000000000000000e+00,-1.000000000000000000e+00,0.000000000000000000e+00
1.970000000000000000e+02,1.126164858008179692e+02,4.599160006214719942e+01,-8.208682395624649492e-03,2.600159639347661482e+02,3.010510059958250162e-01,nan,3.313212484813302734e-04,6.195097475342990379e+00,1.000000000000000000e+00,1.000000000000000000e+00,-1.000000000000000000e+00,0.000000000000000000e+00
1.970000000000000000e+02,4.309780969225908365e+01,1.706406884362826659e+01,-7.496727616058423797e-03,2.372761181232781951e+02,3.112844029082284525e-02,nan,1.750206942467175022e-05,2.261172916920425990e+01,1.000000000000000000e+00,1.000000000000000000e+00,-1.000000000000000000e+00,0.000000000000000000e+00
1.990000000000000000e+02,1.054933676931378557e+02,1.643644568955321006e+01,-7.433247755881516698e-03,2.352485704840346159e+02,6.343114444990605172e-02,nan,3.415254873560971363e-05,7.387918303877085258e+00,1.000000000000000000e+00,1.000000000000000000e+00,-1.000000000000000000e+00,0.000000000000000000e+00
1.990000000000000000e+02,1.081589733833158533e+02,4.168929651906524469e+01,-1.409141676355528394e-02,4.479105835315153854e+02,5.469282862464275308e-02,nan,1.099001978517961053e-04,6.195097475342990379e+00,1.000000000000000000e+00,1.000000000000000000e+00,-1.000000000000000000e+00,0.000000000000000000e+00
1.990000000000000000e+02,1.141874370239656145e+02,5.229129422877232258e+01,-8.280233550121987585e-03,2.623013088296971205e+02,6.725158647419504643e-02,nan,4.826597243253901278e-05,6.492613829461881814e+00,1.000000000000000000e+00,1.000000000000000000e+00,-1.000000000000000000e+00,0.000000000000000000e+00
2.000000000000000000e+02,1.841347332111085677e+01,7.148223161380411028e+00,-7.176199754505833105e-03,2.270384536547108496e+02,3.019641770228764788e-02,nan,1.591255883371790698e-05,1.150100842898575948e+01,1.000000000000000000e+00,1.000000000000000000e+00,-1.000000000000000000e+00,0.000000000000000000e+00
2.000000000000000000e+02,8.320992587291765830e+00,1.266320525755189053e+01,-1.900427906423433379e-03,5.853022559691625304e+01,2.793748061998798660e-01,nan,1.616842493761557378e-05,1.150100842898575948e+01,1.000000000000000000e+00,1.000000000000000000e+00,-1.000000000000000000e+00,0.000000000000000000e+00
2.020000000000000000e+02,1.244862927499855232e+02,2.913610291814090658e+01,-2.382210237805887018e-03,7.391836013126287241e+01,2.427203429459805495e-01,nan,1.979129387001977370e-05,1.431234071401553187e+01,1.000000000000000000e+00,1.000000000000000000e+00,-1.000000000000000000e+00,0.000000000000000000e+00
2.030000000000000000e+02,4.318363655822281544e+01,2.687247090166676955e+01,-8.130581732077086024e-03,2.575214276273779319e+02,2.742954249883511331e-02,nan,2.096060817580714893e-05,8.153589606401540735e+00,1.000000000000000000e+00,1.000000000000000000e+00,-1.000000000000000000e+00,0.000000000000000000e+00
2.030000000000000000e+02,3.547820894238121525e+01,2.420649852246910072e+01,-6.108437449914564353e-03,1.929341104202738961e+02,2.025234824873727302e-01,nan,7.316536530866556880e-05,5.987372099663008207e+00,1.000000000000000000e+00,1.000000000000000000e+00,-1.000000000000000000e+00,0.000000000000000000e+00
2.050000000000000000e+02,1.443614826591522728e+02,5.157620061435466141e+01,-7.182787892874280093e-03,2.272488788881427979e+02,3.106131437700332398e-02,nan,1.563217154619095758e-05,2.997634331503863692e+01,1.000000000000000000e+00,1.000000000000000000e+00,-1.000000000000000000e+00,0.000000000000000000e+00
2.050000000000000000e+02,1.463569114858088049e+01,3.223009105991587120e+01,-7.492174903408896185e-03,2.371307044163327475e+02,4.033777137460459183e-02,nan,2.375660503690728807e-05,1.901474584210004082e+01,1.000000000000000000e+00,1.000000000000000000e+00,-1.000000000000000000e+00,0.000000000000000000e+00
2.060000000000000000e+02,3.022225259683173704e+01,2.133882567615256320e+01,-8.016269216707632220e-03,2.538702842564345019e+02,7.502943078525903253e-02,nan,5.014725343025339918e-05,5.987372099663008207e+00,1.000000000000000000e+00,1.000000000000000000e+00,-1.000000000000000000e+00,0.000000000000000000e+00
2.060000000000000000e+02,1.103023113762832992e+02,2.722357341391490237e+01,-1.616891912699067006e-03,4.947408191426913504e+01,3.430496632946531399e-01,nan,1.632346371746129336e-05,1.431234071401553187e+01,1.000000000000000000e+00,1.000000000000000000e+00,-1.000000000000000000e+00,0.000000000000000000e+00
2.080000000000000000e+02,1.288950008203259472e+02,1.293477119800640551e+01,-1.677559110627115883e-03,5.141179308117692415e+01,3.152578690163122532e-01,nan,1.470672346674727401e-05,1.674014582793362038e+01,1.000000000000000000e+00,1.000000000000000000e+00,-1.000000000000000000e+00,0.000000000000000000e+00
2.100000000000000000e+02,5.275670229839757042e+01,1.114077212588305343e+01,-7.426877074983825704e-03,2.350450908453194359e+02,2.952935658013922104e-02,nan,1.575684190627223282e-05,1.348865622862000713e+01,1.000000000000000000e+00,1.000000000000000000e+00,-1.000000000000000000e+00,0.000000000000000000e+00
2.100000000000000000e+02,1.121720539023779111e+02,1.217613510607842464e+01,-7.466776006182660776e-03,2.363194632767503549e+02,3.370256608327271142e-02,nan,1.892146299920004901e-05,1.516315721550203399e+01,1.000000000000000000e+00,1.000000000000000000e+00,-1.000000000000000000e+00,0.000000000000000000e+00
2.110000000000000000e+02,9.079498273192720958e+00,1.462348452558458867e+01,-6.655415781715094160e-03,2.104046061376383818e+02,4.221453794791418801e-02,nan,2.082099007002007551e-05,1.135356550960289468e+01,1.000000000000000000e+00,1.000000000000000000e+00,-1.000000000000000000e+00,0.000000000000000000e+00
2.110000000000000000e+02,8.119083352800008413e+01,4.660215071126672370e+01,-8.058154482885675554e-03,2.552081002554255633e+02,2.301757718867610825e-01,nan,2.023996279353502264e-04,5.738565777709903948e+00,1.000000000000000000e+00,1.000000000000000000e+00,-1.000000000000000000e+00,0.000000000000000000e+00
2.120000000000000000e+02,7.998358034840346420e+01,6.079844655936365250e+00,-6.766317544267977033e-03,2.139468100149848055e+02,3.099200403377289081e-02,nan,1.391182481720995413e-05,2.769324602147523251e+01,1.000000000000000000e+00,1.000000000000000000e+00,-1.000000000000000000e+00,0.000000000000000000e+00
2.120000000000000000e+02,8.376653415092842891e+00,2.595527427329377446e+01,-7.781422421682784689e-03,2.463692742745352575e+02,4.078353454493954811e-02,nan,2.543449781374359050e-05,8.986079953140297505e+00,1.000000000000000000e+00,1.000000000000000000e+00,-1.000000000000000000e+00,0.000000000000000000e+00
2.120000000000000000e+02,1.128838702101894320e+01,3.445653537576266245e+01,-7.658936828734584298e-03,2.424570826891823856e+02,4.675131097822560200e-02,nan,2.149420354590826879e-05,8.986079953140297505e+00,1.000000000000000000e+00,1.000000000000000000e+00,-1.000000000000000000e+00,0.000000000000000000e+00
2.130000000000000000e+02,1.015347961783650419e+02,4.179812027397311169e+01,-7.199633778462282037e-03,2.277869367140380632e+02,2.572371444097487636e-02,nan,1.336865143974458361e-05,1.088864898409196158e+01,1.000000000000000000e+00,1.000000000000000000e+00,-1.000000000000000000e+00,0.000000000000000000e+00
2.130000000000000000e+02,7.634043323070332576e+01,4.353543355099797907e+01,-8.809753861633524974e-03,2.792141951300880010e+02,1.535593361646279131e-01,nan,1.426223325383721549e-04,5.738565777709903948e+00,1.000000000000000000e+00,1.000000000000000000e+00,-1.000000000000000000e+00,0.000000000000000000e+00
2.130000000000000000e+02,1.400477173210597357e+02,4.694040581147718427e+01,-6.534014401710822907e-03,2.065270443291749984e+02,1.240438605504293745e-01,nan,5.974430063530278100e-05,1.971245807317737331e+01,1.000000000000000000e+00,1.000000000000000000e+00,-1.000000000000000000e+00,0.000000000000000000e+00
2.130000000000000000e+02,4.081876102098638626e+01,4.861488336232236307e+00,1.447197483526788814e-03,-4.405403942674325890e+01,3.393599064203812743e-01,nan,1.254070247726263065e-05,1.348865622862000713e+01,1.000000000000000000e+00,1.000000000000000000e+00,-1.000000000000000000e+00,0.000000000000000000e+00
2.130000000000000000e+02,2.311769083317674145e+01,5.009996439580547900e+01,-1.284333588745195740e-03,3.885216430505609253e+01,3.437791123094218193e-01,nan,1.016588216476294591e-05,8.780806850096723792e+00,1.000000000000000000e+00,1.000000000000000000e+00,-1.000000000000000000e+00,0.000000000000000000e+00
2.150000000000000000e+02,1.322892657622644208e+02,2.608921044964147029e+01,-7.497086250188656278e-03,2.372875729025117835e+02,3.572767558176503933e-02,nan,1.974995661827373455e-05,9.235922565111938098e+00,1.000000000000000000e+00,1.000000000000000000e+00,-1.000000000000000000e+00,0.000000000000000000e+00
2.150000000000000000e+02,1.441919553721819227e+02,2.766850153965166115e+01,-7.966818777690280740e-03,2.522908365290801385e+02,3.318762207290437694e-02,nan,2.091712522625773502e-05,7.647077084709382078e+00,1.000000000000000000e+00,1.000000000000000000e+00,-1.000000000000000000e+00,0.000000000000000000e+00
2.160000000000000000e+02,4.833085905387824255e+01,3.082647661073504963e+01,-2.163172600623539284e-03,6.692229487628426909e+01,2.355204993942593417e-01,nan,1.529644056334102442e-05,1.435198532001355254e+01,1.000000000000000000e+00,1.000000000000000000e+00,-1.000000000000000000e+00,0.000000000000000000e+00
2.180000000000000000e+02,6.745754737701093973e+01,2.718717552096141432e+01,-7.218208212524955363e-03,2.283802044028626028e+02,2.888321860119047457e-01,nan,2.426753985674376022e-04,5.702779248229524534e+00,1.000000000000000000e+00,1.000000000000000000e+00,-1.000000000000000000e+00,0.000000000000000000e+00
2.180000000000000000e+02,6.267281732514352655e+01,3.029008536251243200e+01,-8.065100326215428328e-03,2.554299505904223508e+02,2.354208814976987973e-01,nan,2.127316260639990032e-04,5.702779248229524534e+00,1.000000000000000000e+00,1.000000000000000000e+00,-1.000000000000000000e+00,0.000000000000000000e+00
2.180000000000000000e+02,1.117806543465685678e+02,4.548391287473403821e+01,-7.005490192464115459e-03,2.215859878088597554e+02,1.150420816914047295e-01,nan,3.392766489444503232e-05,6.285657143731082641e+00,1.000000000000000000e+00,1.000000000000000000e+00,-1.000000000000000000e+00,0.000000000000000000e+00
2.180000000000000000e+02,8.971957184164306653e+00,1.765929283022400043e+01,-1.640624498845071619e-03,5.023210105418811366e+01,3.354235676606616146e-01,nan,1.636533404216326419e-05,5.591871693041001734e+00,1.000000000000000000e+00,1.000000000000000000e+00,-1.000000000000000000e+00,0.000000000000000000e+00
2.190000000000000000e+02,5.842552297517414672e+01,5.297365822843602956e+01,-8.196777295832539598e-03,2.596357148776449435e+02,5.797405839087610424e-02,nan,3.031208579738221335e-05,2.307778124644886830e+01,1.000000000000000000e+00,1.000000000000000000e+00,-1.000000000000000000e+00,0.000000000000000000e+00
2.200000000000000000e+02,1.121857889483594732e+02,3.921132555505730721e+01,-6.485492881165449454e-03,2.049772662710615236e+02,7.195681247340224296e-02,nan,3.311477833596741582e-05,4.641887693141342197e+00,1.000000000000000000e+00,1.000000000000000000e+00,-1.000000000000000000e+00,0.000000000000000000e+00
2.210000000000000000e+02,4.025853946993188259e+01,1.419934483017199334e+01,-8.296436527034435973e-03,2.628188321433276542e+02,3.756884744608024462e-02,nan,2.591682947489812403e-05,5.470155618363501837e+00,1.000000000000000000e+00,1.000000000000000000e+00,-1.000000000000000000e+00,0.000000000000000000e+00
2.230000000000000000e+02,8.631079967312113865e+01,3.914963631656214460e+01,-7.333129231456054706e-03,2.320507833862419602e+02,2.962356943368793516e-02,nan,1.634309475330904271e-05,2.048762257033589762e+01,1.000000000000000000e+00,1.000000000000000000e+00,-1.000000000000000000e+00,0.000000000000000000e+00
2.240000000000000000e+02,5.586746332571097184e+01,1.913815041937312245e+01,-6.628279115398985448e-03,2.095378606285457010e+02,3.522767095249901281e-02,nan,1.574531751383805624e-05,1.344198978653739474e+01,1.000000000000000000e+00,1.000000000000000000e+00,-1.000000000000000000e+00,0.000000000000000000e+00
2.240000000000000000e+02,2.588240912464323173e+01,4.781580247397293704e+01,-7.642298392979402118e-03,2.419256508139055484e+02,4.175356170061639283e-02,nan,2.605671584609130253e-05,3.294932070729934281e+01,1.000000000000000000e+00,1.000000000000000000e+00,-1.000000000000000000e+00,0.000000000000000000e+00
2.250000000000000000e+02,1.139807253678642098e+02,3.493051668223051820e+01,-1.901914589105541901e-03,5.857771026298220107e+01,2.791185247595138197e-01,nan,1.538866982904900030e-05,4.641887693141342197e+00,1.000000000000000000e+00,1.000000000000000000e+00,-1.000000000000000000e+00,0.000000000000000000e+00
2.260000000000000000e+02,2.925615226790935708e+01,1.170274500854266186e+01,-7.722220335010379806e-03,2.444783587820245430e+02,2.479709158269971514e-02,nan,1.624544546258335952e-05,1.128208911561102212e+01,1.000000000000000000e+00,1.000000000000000000e+00,-1.000000000000000000e+00,0.000000000000000000e+00
2.270000000000000000e+02,1.101844782214877085e+02,9.131873488547180173e+00,-6.996338827713333153e-03,2.212936930882255808e+02,1.186839075633602247e-01,nan,6.507688361539026010e-05,1.568799041055326349e+01,1.000000000000000000e+00,1.000000000000000000e+00,-1.000000000000000000e+00,0.000000000000000000e+00
2.270000000000000000e+02,7.876035622284710769e+01,1.222711113348992029e+01,-6.193816886998704946e-03,1.956611308582122604e+02,4.041674805194728215e-02,nan,1.683140381221503220e-05,1.658763393772492378e+01,1.000000000000000000e+00,1.000000000000000000e+00,-1.000000000000000000e+00,0.000000000000000000e+00
2.290000000000000000e+02,6.427151032326565883e+01,5.209410852543825143e+01,-2.047598313071278837e-03,6.323085048382970541e+01,2.645047044841740691e-01,nan,1.693218972863301172e-05,6.086260170019079929e+00,1.000000000000000000e+00,1.000000000000000000e+00,-1.000000000000000000e+00,0.000000000000000000e+00
2.300000000000000000e+02,6.115461650151137007e+01,2.469819586512010900e+01,-6.491481006027470524e-03,2.051685270645423600e+02,5.277135899856810752e-02,nan,2.290539699389472652e-05,1.844666152843268492e+01,1.000000000000000000e+00,1.000000000000000000e+00,-1.000000000000000000e+00,0.000000000000000000e+00
2.320000000000000000e+02,9.469920805096812444e+01,6.618021689489110848e+00,-1.042537964212941586e-02,3.308173055971958547e+02,9.406363401378570188e-02,nan,1.104117225389578474e-04,6.881018000208274366e+00,1.000000000000000000e+00,1.000000000000000000e+00,-1.000000000000000000e+00,0.000000000000000000e+00
2.320000000000000000e+02,8.909471554180093733e+01,3.327017534731324844e+01,-1.649821177479421233e-03,5.052584310090958297e+01,3.413696563602455214e-01,nan,1.733009561289398744e-05,1.514332691781524964e+01,1.000000000000000000e+00,1.000000000000000000e+00,-1.000000000000000000e+00,0.000000000000000000e+00
2.330000000000000000e+02,1.437270065535898595e+02,1.096090874378553082e+01,-7.500317367682454196e-03,2.373907748413379011e+02,2.765924015364462640e-02,nan,1.557510418121389021e-05,7.833034408248499503e+00,1.000000000000000000e+00,1.000000000000000000e+00,-1.000000000000000000e+00,0.000000000000000000e+00
2.330000000000000000e+02,1.427375130883598047e+02,4.672369220967824077e+01,-6.395890199285579787e-03,2.021153553341260931e+02,3.644836369934811859e-02,nan,1.457751419921850922e-05,9.722429443614819533e+00,1.000000000000000000e+00,1.000000000000000000e+00,-1.000000000000000000e+00,0.000000000000000000e+00
2.330000000000000000e+02,1.726088927212511237e+01,1.899577456029500055e+01,-7.044867506006361607e-03,2.228436997649011744e+02,5.156510998726937522e-02,nan,2.613414129404329977e-05,7.371629266566473326e+00,1.000000000000000000e+00,1.000000000000000000e+00,-1.000000000000000000e+00,0.000000000000000000e+00
2.340000000000000000e+02,1.007514555818607107e+02,9.891965571719664396e+00,-7.193380486953747377e-03,2.275872064940864448e+02,8.241472329326593460e-02,nan,4.942038280063747256e-05,6.881018000208274366e+00,1.000000000000000000e+00,1.000000000000000000e+00,-1.000000000000000000e+00,0.000000000000000000e+00
2.340000000000000000e+02,4.307302816010740543e+01,2.834997414378965530e+01,-6.534141755606933180e-03,2.065311120144327504e+02,5.340478607881782303e-02,nan,2.318289355651468551e-05,1.275273094518273354e+01,1.000000000000000000e+00,1.000000000000000000e+00,-1.000000000000000000e+00,0.000000000000000000e+00
2.340000000000000000e+02,3.989400966894070422e+01,8.351224384313230331e+00,-1.569784769775518568e-03,4.796947909756513440e+01,3.558247252855634146e-01,nan,1.597628044036929538e-05,6.629718427424633909e+00,1.000000000000000000e+00,1.000000000000000000e+00,-1.000000000000000000e+00,0.000000000000000000e+00
2.350000000000000000e+02,1.739533839452247932e+01,1.028879820221450636e+01,-6.099754830280716342e-03,1.926567874253586865e+02,5.299223727563229236e-02,nan,2.113438237113645038e-05,8.708014346949946471e+00,1.000000000000000000e+00,1.000000000000000000e+00,-1.000000000000000000e+00,0.000000000000000000e+00
2.360000000000000000e+02,7.406210207021680958e+01,2.938149245995735015e+01,-7.522133054936943307e-03,2.380875682033278053e+02,3.079002665381058712e-02,nan,1.813907539723515764e-05,1.552743772759907692e+01,1.000000000000000000e+00,1.000000000000000000e+00,-1.000000000000000000e+00,0.000000000000000000e+00
2.370000000000000000e+02,1.959571008422205196e+01,2.598787938066907444e+01,-1.789480105526037321e-03,5.498655125418959244e+01,3.687898609930077010e-01,nan,2.291425856005571164e-05,7.371629266566473326e+00,1.000000000000000000e+00,1.000000000000000000e+00,-1.000000000000000000e+00,0.000000000000000000e+00
2.390000000000000000e+02,5.580907588385459661e+01,2.900207454913785554e+01,-4.935536503031948477e-03,1.554716374518233977e+02,5.018928466430394586e-02,nan,1.219832643413564356e-05,1.275273094518273354e+01,1.000000000000000000e+00,1.000000000000000000e+00,-1.000000000000000000e+00,0.000000000000000000e+00
2.390000000000000000e+02,1.358198233864582960e+02,2.828082254356314351e+01,-6.597615778542516296e-03,2.085584732121052127e+02,4.992273983402550908e-02,nan,2.272681512196548874e-05,7.047290273867104382e+00,1.000000000000000000e+00,1.000000000000000000e+00,-1.000000000000000000e+00,0.000000000000000000e+00
2.400000000000000000e+02,1.301203452449192639e+02,1.195595008958706984e+01,-1.540284466575173733e-03,4.702723899268557517e+01,3.511493602735267228e-01,nan,1.454828788054933833e-05,5.728271477177831805e+00,1.000000000000000000e+00,1.000000000000000000e+00,-1.000000000000000000e+00,0.000000000000000000e+00
2.440000000000000000e+02,7.702613376499947151e+01,2.654741234387470072e+01,-8.572099676248204694e-03,2.716235170600431843e+02,2.206744599204146784e-02,nan,1.608152727239600308e-05,1.183876874256688616e+01,1.000000000000000000e+00,1.000000000000000000e+00,-1.000000000000000000e+00,0.000000000000000000e+00
2.450000000000000000e+02,6.389089953732703719e+01,5.196222225216412482e+01,-6.044222539518188074e-03,1.908830852665390125e+02,4.029120027113330949e-02,nan,1.471879965454862432e-05,1.348821700101673038e+01,1.000000000000000000e+00,1.000000000000000000e+00,-1.000000000000000000e+00,0.000000000000000000e+00
2.450000000000000000e+02,3.406334373690535955e+01,4.930570474349692489e+01,-1.436937220546361882e-03,4.372632648084186258e+01,3.677304353873247500e-01,nan,1.444847367703228629e-05,1.876597755635052778e+01,1.000000000000000000e+00,1.000000000000000000e+00,-1.000000000000000000e+00,0.000000000000000000e+00
2.460000000000000000e+02,5.233142810604113038e+01,4.501163824103227284e+01,-7.279402060550657291e-03,2.303347367813992150e+02,2.869865911482338827e-02,nan,1.476795284816512394e-05,1.348821700101673038e+01,1.000000000000000000e+00,1.000000000000000000e+00,-1.000000000000000000e+00,0.000000000000000000e+00
2.470000000000000000e+02,8.757558421692688455e+01,2.117474629224751581e+01,-7.526465655108643092e-03,2.382259515145927651e+02,2.424359534312803266e-02,nan,1.447128790904165022e-05,5.124210618707641274e+00,1.000000000000000000e+00,1.000000000000000000e+00,-1.000000000000000000e+00,0.000000000000000000e+00
2.470000000000000000e+02,6.315350531497295528e+00,3.925511410780006827e+01,-1.474444398126575212e-03,4.492430626758871171e+01,3.664678288828313590e-01,nan,1.492728478764170049e-05,1.194700638547664084e+01,1.000000000000000000e+00,1.000000000000000000e+00,-1.000000000000000000e+00,0.000000000000000000e+00
2.470000000000000000e+02,9.347415743169284497e+01,4.110558472442683353e+01,-1.477309854750713134e-03,4.501582899302375296e+01,3.639149838441302354e-01,nan,1.511174127968082646e-05,1.573935291614730403e+01,1.000000000000000000e+00,1.000000000000000000e+00,-1.000000000000000000e+00,0.000000000000000000e+00
2.490000000000000000e+02,3.287572763440723378e+01,1.408180533280676272e+01,-7.785617959682892934e-03,2.465032798180851330e+02,2.677324669436120796e-02,nan,1.791267084343744492e-05,2.350403594539706376e+01,1.000000000000000000e+00,1.000000000000000000e+00,-1.000000000000000000e+00,0.000000000000000000e+00
2.490000000000000000e+02,1.432175965425673780e+02,4.983328433923112755e+01,-7.717114263962266719e-03,2.443152707999376219e+02,2.117938065416236082e-02,nan,1.214320910632609820e-05,1.804981341400473482e+01,1.000000000000000000e+00,1.000000000000000000e+00,-1.000000000000000000e+00,0.000000000000000000e+00
2.500000000000000000e+02,1.118775939593584496e+02,4.601129821359130290e+00,-6.577746388535748480e-03,2.079238446119608170e+02,2.720228122546985983e-02,nan,1.147646927672724224e-05,2.087677305727401489e+01,1.000000000000000000e+00,1.000000000000000000e+00,-1.000000000000000000e+00,0.000000000000000000e+00
2.500000000000000000e+02,1.160211276531488238e+02,4.464975689111013679e+01,-6.961521283498259619e-03,2.201816202295142091e+02,3.756710860986367528e-02,nan,1.836135060848354618e-05,1.012423854710880633e+01,1.000000000000000000e+00,1.000000000000000000e+00,-1.000000000000000000e+00,0.000000000000000000e+00
2.520000000000000000e+02,1.272076305853481415e+02,3.603767526612957539e+01,-1.598139487425951103e-03,4.887512918364498660e+01,2.877464572913462915e-01,nan,1.145215771819437326e-05,1.411757053346756763e+01,1.000000000000000000e+00,1.000000000000000000e+00,-1.000000000000000000e+00,0.000000000000000000e+00
2.520000000000000000e+02,1.316440339586291657e+02,1.131883054706527503e+01,1.676123288193255567e-03,-5.136593289216526870e+01,2.665957051738923056e-01,nan,1.105241481706665738e-05,4.414762182916907030e+00,1.000000000000000000e+00,1.000000000000000000e+00,-1.000000000000000000e+00,0.000000000000000000e+00
2.530000000000000000e+02,1.402911470496289326e+02,2.545388501253013658e+01,-7.319040992398651718e-03,2.316008048298567985e+02,4.056632769717427589e-02,nan,2.144642177988038793e-05,1.657022418527273899e+01,1.000000000000000000e+00,1.000000000000000000e+00,-1.000000000000000000e+00,0.000000000000000000e+00
2.540000000000000000e+02,9.850208942083293095e+01,3.556663829927741460e+01,-5.906473255018336067e-03,1.864833711553732769e+02,6.985480824502110497e-02,nan,2.537637341805734558e-05,1.310119691652193730e+01,1.000000000000000000e+00,1.000000000000000000e+00,-1.000000000000000000e+00,0.000000000000000000e+00
2.540000000000000000e+02,8.336735612788527305e+01,2.551276360637244522e+01,-9.050856918377389246e-03,2.869150302005040203e+02,2.205330211276046448e-02,nan,1.956343654834073232e-05,6.396509988772194788e+00,1.000000000000000000e+00,1.000000000000000000e+00,-1.000000000000000000e+00,0.000000000000000000e+00
2.550000000000000000e+02,1.106319122418419099e+01,3.332428372799612504e+01,-1.324427535457823636e-02,4.208528748489476357e+02,1.576142379733913579e-02,nan,2.699450207393093226e-05,2.270269584996915668e+01,1.000000000000000000e+00,1.000000000000000000e+00,-1.000000000000000000e+00,0.000000000000000000e+00
2.580000000000000000e+02,5.144093364566504079e+01,4.527246043448371182e+01,-7.148834344640746241e-03,2.261644020734019875e+02,4.435126646250009408e-02,nan,2.264408406526293498e-05,6.715157615970603899e+00,1.000000000000000000e+00,1.000000000000000000e+00,-1.000000000000000000e+00,0.000000000000000000e+00
2.590000000000000000e+02,9.915616769669229313e+01,1.951535657887085407e+01,-7.971116916398169466e-03,2.524281191406995504e+02,4.078690425504383210e-02,nan,2.422381587317489233e-05,1.606460280426531284e+01,1.000000000000000000e+00,1.000000000000000000e+00,-1.000000000000000000e+00,0.000000000000000000e+00
2.590000000000000000e+02,1.387060616505387856e+01,1.079583903676214618e+01,-1.763041186812685677e-03,5.414209181347850830e+01,3.614073511900230962e-01,nan,2.291309708020499515e-05,1.551389515085855031e+01,1.000000000000000000e+00,1.000000000000000000e+00,-1.000000000000000000e+00,0.000000000000000000e+00
2.590000000000000000e+02,1.330736132285696840e+02,4.094130973132967455e+01,-1.585107806032463092e-03,4.845889709411128621e+01,2.728388981876203045e-01,nan,1.043653839016587073e-05,1.075710606991841267e+01,1.000000000000000000e+00,1.000000000000000000e+00,-1.000000000000000000e+00,0.000000000000000000e+00
2.600000000000000000e+02,5.458495184733936156e+01,1.956485285072292157e+01,-9.473256606190218893e-03,3.004064822524680949e+02,2.721517236299342279e-02,nan,2.591839651885394661e-05,9.108282449386640778e+00,1.000000000000000000e+00,1.000000000000000000e+00,-1.000000000000000000e+00,0.000000000000000000e+00
2.600000000000000000e+02,1.170194045875756927e+02,5.330698596054094907e+01,-1.725992736429423713e-03,5.295876377994352424e+01,3.029481726489484661e-01,nan,1.458037721986394802e-05,9.782009286238194434e+00,1.000000000000000000e+00,1.000000000000000000e+00,-1.000000000000000000e+00,0.000000000000000000e+00
2.620000000000000000e+02,1.443423920260339059e+02,4.693462185227704708e+01,-6.858627740361234945e-03,2.168951989945037724e+02,3.937414345931622428e-02,nan,1.815263811339092194e-05,1.276343079917284129e+01,1.000000000000000000e+00,1.000000000000000000e+00,-1.000000000000000000e+00,0.000000000000000000e+00
2.640000000000000000e+02,1.256752737207939532e+02,4.875027275641567570e+01,-7.181263842582235983e-03,2.272002007000826893e+02,2.838568291393950282e-02,nan,1.439587532178705311e-05,9.782009286238194434e+00,1.000000000000000000e+00,1.000000000000000000e+00,-1.000000000000000000e+00,0.000000000000000000e+00
2.660000000000000000e+02,6.534487112866095515e+01,5.121340813683150373e+01,-6.949902699743337048e-03,2.198105224987064048e+02,3.985970321272758188e-02,nan,1.936191446238014099e-05,2.500955386460947238e+01,1.000000000000000000e+00,1.000000000000000000e+00,-1.000000000000000000e+00,0.000000000000000000e+00
2.660000000000000000e+02,2.427294356508573259e+01,8.560623008330457751e+00,-6.108502676138568774e-03,1.929361937467986934e+02,5.084851860765682297e-02,nan,1.836655833359789514e-05,1.592967216353657989e+01,1.000000000000000000e+00,1.000000000000000000e+00,-1.000000000000000000e+00,0.000000000000000000e+00
2.670000000000000000e+02,1.301015759320451082e+02,1.447828353130531376e+01,-6.659963142106206657e-03,2.105498488933737633e+02,3.589093995934811154e-02,nan,1.590428215502349594e-05,1.654940152015168309e+01,1.000000000000000000e+00,1.000000000000000000e+00,-1.000000000000000000e+00,0.000000000000000000e+00
2.670000000000000000e+02,7.455849966575310361e+01,9.579757976792011576e+00,-7.685483338928360102e-03,2.433049786033124349e+02,3.364939982094150572e-02,nan,1.978414636155878336e-05,1.427831686459236593e+01,1.000000000000000000e+00,1.000000000000000000e+00,-1.000000000000000000e+00,0.000000000000000000e+00
2.670000000000000000e+02,5.771228682200689519e+01,2.739699696074074708e+01,-6.383425884274721886e-03,2.017172449349439773e+02,2.450598046040564082e-02,nan,1.005895173709937931e-05,1.226505534740618764e+01,1.000000000000000000e+00,1.000000000000000000e+00,-1.000000000000000000e+00,0.000000000000000000e+00
2.680000000000000000e+02,1.404196341608492844e+02,2.741738570503457595e+01,-5.893681829305157105e-03,1.860748128356945870e+02,9.864458081269655843e-02,nan,3.727597355255190040e-05,3.148933352389161389e+00,1.000000000000000000e+00,1.000000000000000000e+00,-1.000000000000000000e+00,0.000000000000000000e+00
2.690000000000000000e+02,6.906692389530661558e+01,2.275977800876266954e+01,-1.486462602110768562e-02,4.726068982433420160e+02,8.624040873556060305e-03,nan,1.981225476630310190e-05,1.226505534740618764e+01,1.000000000000000000e+00,1.000000000000000000e+00,-1.000000000000000000e+00,0.000000000000000000e+00
2.690000000000000000e+02,1.141892273940731428e+02,4.729206466752936677e+01,1.370891428535860393e-03,-4.161682294224429057e+01,3.487184574288026973e-01,nan,1.190969322803498085e-05,1.157823954882909234e+01,1.000000000000000000e+00,1.000000000000000000e+00,-1.000000000000000000e+00,0.000000000000000000e+00
2.710000000000000000e+02,6.229906083875365042e+00,9.782026788042083254e+00,-6.400612559448491841e-03,2.022661875850681668e+02,6.674689426326407826e-02,nan,2.905671439780507391e-05,1.413999879456265241e+01,1.000000000000000000e+00,1.000000000000000000e+00,-1.000000000000000000e+00,0.000000000000000000e+00
2.730000000000000000e+02,1.400374476660502125e+02,2.429173141497272681e+01,-5.821027687450416356e-03,1.837542385088400181e+02,6.562277355612533558e-02,nan,2.346486045866613544e-05,3.148933352389161389e+00,1.000000000000000000e+00,1.000000000000000000e+00,-1.000000000000000000e+00,0.000000000000000000e+00
2.730000000000000000e+02,1.308836583970155516e+02,4.034866718930949503e+01,-6.117494775636287199e-03,1.932234015329789543e+02,5.080245662100835169e-02,nan,1.948832845145470445e-05,1.606713647772918208e+01,1.000000000000000000e+00,1.000000000000000000e+00,-1.000000000000000000e+00,0.000000000000000000e+00
2.730000000000000000e+02,4.653051699266181629e+01,4.001205442494304521e+01,-6.844958012502117342e-03,2.164585876917596181e+02,3.772894522744107970e-02,nan,1.850645048151591931e-05,1.769871377406273183e+01,1.000000000000000000e+00,1.000000000000000000e+00,-1.000000000000000000e+00,0.000000000000000000e+00
2.740000000000000000e+02,1.920461474742742070e+01,1.540310328691492003e+01,-1.599159208788652770e-03,4.890769909851042740e+01,3.025552464951938303e-01,nan,1.322814574774734444e-05,1.413999879456265241e+01,1.000000000000000000e+00,1.000000000000000000e+00,-1.000000000000000000e+00,0.000000000000000000e+00
2.750000000000000000e+02,8.296055652847040562e+01,3.656029076359243390e+01,-1.358534169077957147e-03,4.122213189895011709e+01,3.295235006053558457e-01,nan,1.043338738320720077e-05,9.722363332600373553e+00,1.000000000000000000e+00,1.000000000000000000e+00,-1.000000000000000000e+00,0.000000000000000000e+00
2.760000000000000000e+02,1.333220959453659020e+02,1.335029925356698755e+01,-7.928834390565507942e-03,2.510776146626752734e+02,4.084919261365771437e-02,nan,2.641225538779911841e-05,1.283786923422814752e+01,1.000000000000000000e+00,1.000000000000000000e+00,-1.000000000000000000e+00,0.000000000000000000e+00
2.770000000000000000e+02,2.962659615266047552e+01,4.525628263233126347e+01,-7.750943409299839403e-03,2.453957741844075144e+02,2.811280457636733399e-02,nan,1.682066874676699646e-05,1.074632365558456115e+01,1.000000000000000000e+00,1.000000000000000000e+00,-1.000000000000000000e+00,0.000000000000000000e+00
2.770000000000000000e+02,8.875938421523302679e+01,2.875657714568412970e+01,-1.449421369901525642e-03,4.412507038926393221e+01,3.410305152267826267e-01,nan,1.288528327331342749e-05,9.304166831794260517e+00,1.000000000000000000e+00,1.000000000000000000e+00,-1.000000000000000000e+00,0.000000000000000000e+00
2.790000000000000000e+02,1.067536196427636810e+02,2.256731705382029318e+01,-7.190007642048287795e-03,2.274794777797108623e+02,3.350732918606857957e-02,nan,1.739735423006026879e-05,9.184179453838753560e+00,1.000000000000000000e+00,1.000000000000000000e+00,-1.000000000000000000e+00,0.000000000000000000e+00
2.820000000000000000e+02,7.592840011308922499e+01,2.265103917599815020e+01,-6.716715052531962993e-03,2.123625057216281675e+02,5.209782415592700833e-02,nan,2.348309922429440180e-05,1.420956533215369433e+01,1.000000000000000000e+00,1.000000000000000000e+00,-1.000000000000000000e+00,0.000000000000000000e+00
2.820000000000000000e+02,1.212724611740916316e+02,2.905314688951682456e+01,-1.571817050401091986e-02,4.998691211984170764e+02,2.773452140959054013e-02,nan,7.053628761509312252e-05,6.801996893864560079e+00,1.000000000000000000e+00,1.000000000000000000e+00,-1.000000000000000000e+00,0.000000000000000000e+00
2.820000000000000000e+02,3.904701082748286467e+01,5.042728441776581150e+01,-7.042019846519772738e-03,2.227527454802932425e+02,2.212812801494279391e-02,nan,1.121727397874675314e-05,1.074632365558456115e+01,1.000000000000000000e+00,1.000000000000000000e+00,-1.000000000000000000e+00,0.000000000000000000e+00
2.820000000000000000e+02,3.880875038966327395e+01,2.459137393253303117e+01,-7.142171477348116006e-03,2.259515899970660087e+02,3.459927183432309761e-02,nan,1.787676851601959041e-05,1.700457544509441377e+01,1.000000000000000000e+00,1.000000000000000000e+00,-1.000000000000000000e+00,0.000000000000000000e+00
2.830000000000000000e+02,1.147753165936529456e+02,2.703962409475652251e+01,-7.720550214890271011e-03,2.444250151215731250e+02,2.484050729736054786e-01,nan,2.152272038587258710e-04,6.801996893864560079e+00,1.000000000000000000e+00,1.000000000000000000e+00,-1.000000000000000000e+00,0.000000000000000000e+00
2.840000000000000000e+02,9.546036152226088234e+01,2.999647176196637588e+01,-6.996317107733281658e-03,2.212929993517529965e+02,3.471592328148132012e-02,nan,1.670748988113858873e-05,1.351776677761055012e+01,1.000000000000000000e+00,1.000000000000000000e+00,-1.000000000000000000e+00,0.000000000000000000e+00
2.850000000000000000e+02,1.091375151561174590e+02,5.782668483050738217e+00,-1.575973943747743843e-03,4.816716140249274503e+01,3.212890632699906268e-01,nan,1.419483019538896301e-05,2.199188411498903761e+01,1.000000000000000000e+00,1.000000000000000000e+00,-1.000000000000000000e+00,0.000000000000000000e+00
2.870000000000000000e+02,6.754800854362991913e+01,3.584796645492978229e+01,1.455921921360909003e-03,-4.433269809557146601e+01,3.320291819526327570e-01,nan,1.234554625745286382e-05,1.563297324448789638e+01,1.000000000000000000e+00,1.000000000000000000e+00,-1.000000000000000000e+00,0.000000000000000000e+00
2.880000000000000000e+02,5.129450180958643557e+01,4.799766841933218586e+01,-1.977361762788719737e-03,6.098749406626436098e+01,2.862357362711835940e-01,nan,1.717032093021305850e-05,1.632699339303083619e+01,1.000000000000000000e+00,1.000000000000000000e+00,-1.000000000000000000e+00,0.000000000000000000e+00
2.900000000000000000e+02,1.216932394965425317e+02,4.360037669678398942e+01,-6.949409409714396232e-03,2.197947668081479264e+02,4.424000144087258946e-02,nan,2.212033166658974932e-05,3.856352743659454063e+01,1.000000000000000000e+00,1.000000000000000000e+00,-1.000000000000000000e+00,0.000000000000000000e+00
2.900000000000000000e+02,7.744376000223090273e+01,9.243284813635030517e+00,-1.866303020270102149e-03,5.744027624657391584e+01,3.115340898499613376e-01,nan,1.685508513132341513e-05,7.153926139295465170e+00,1.000000000000000000e+00,1.000000000000000000e+00,-1.000000000000000000e+00,0.000000000000000000e+00
2.900000000000000000e+02,3.584767101778036391e+01,4.270936701478039765e+01,-1.467177354317893232e-03,4.469219678471475987e+01,3.567062277642240042e-01,nan,1.424284068710775458e-05,1.632699339303083619e+01,1.000000000000000000e+00,1.000000000000000000e+00,-1.000000000000000000e+00,0.000000000000000000e+00
2.930000000000000000e+02,1.047272706439765528e+02,8.969443281024881642e+00,-6.657884122195134417e-03,2.104834449677682642e+02,3.573809949853623547e-02,nan,1.657692034837582361e-05,1.931071698126123337e+01,1.000000000000000000e+00,1.000000000000000000e+00,-1.000000000000000000e+00,0.000000000000000000e+00
2.930000000000000000e+02,7.088716915051071510e+01,1.210506321344764658e+01,-1.792675842736620156e-03,5.508862314626533419e+01,3.220071828831612137e-01,nan,1.755733302097689194e-05,7.153926139295465170e+00,1.000000000000000000e+00,1.000000000000000000e+00,-1.000000000000000000e+00,0.000000000000000000e+00
2.940000000000000000e+02,5.946434936713937702e+01,1.520168754569911584e+01,-1.538329973630927138e-03,4.696481246017618361e+01,3.057038163987375601e-01,nan,1.199907276997227336e-05,1.183511276069947193e+01,1.000000000000000000e+00,1.000000000000000000e+00,-1.000000000000000000e+00,0.000000000000000000e+00
2.960000000000000000e+02,4.933704319479063116e+01,4.182739582586968652e+01,-6.024062152280362965e-03,1.902391622106851798e+02,6.209885863489061908e-02,nan,2.338672880391511538e-05,1.837349569554773154e+01,1.000000000000000000e+00,1.000000000000000000e+00,-1.000000000000000000e+00,0.000000000000000000e+00
2.970000000000000000e+02,3.175119399420374577e+01,3.650543641522695992e+01,-6.917160109156349213e-03,2.187647236884639597e+02,4.140259164063986308e-02,nan,2.257115324481953169e-05,8.069328580411715635e+00,1.000000000000000000e+00,1.000000000000000000e+00,-1.000000000000000000e+00,0.000000000000000000e+00
2.980000000000000000e+02,8.887077796190280310e+01,1.999103255633869836e+01,-2.133966628721819560e-03,6.598945571727982440e+01,2.276433256713084052e-01,nan,1.415214465048865709e-05,3.889351496918801221e+00,1.000000000000000000e+00,1.000000000000000000e+00,-1.000000000000000000e+00,0.000000000000000000e+00
3.000000000000000000e+02,3.493518635176606324e+01,2.441767863434581898e+01,1.501746586541352797e-03,-4.579633855487316652e+01,3.043261643901972180e-01,nan,1.082288646608341749e-05,3.904117382430490668e+00,1.000000000000000000e+00,1.000000000000000000e+00,-1.000000000000000000e+00,0.000000000000000000e+00
3.010000000000000000e+02,7.190559660543608800e+01,5.361062256854646435e+00,-6.830383188133987322e-03,2.159930675936113573e+02,2.769879321958218510e-01,nan,2.115131972144323992e-04,5.437141085952791997e+00,1.000000000000000000e+00,1.000000000000000000e+00,-1.000000000000000000e+00,0.000000000000000000e+00
3.010000000000000000e+02,6.718429608899977268e+01,8.057694345600548758e+00,-7.199853817319420458e-03,2.277939647582726934e+02,2.661996757900481070e-01,nan,2.025732999986622782e-04,5.437141085952791997e+00,1.000000000000000000e+00,1.000000000000000000e+00,-1.000000000000000000e+00,0.000000000000000000e+00
3.010000000000000000e+02,2.371058611077780043e+01,3.718564859068246164e+01,-6.831344987101532068e-03,2.160237874663495177e+02,4.580045381181241382e-02,nan,2.368899989858016416e-05,8.069328580411715635e+00,1.000000000000000000e+00,1.000000000000000000e+00,-1.000000000000000000e+00,0.000000000000000000e+00
3.020000000000000000e+02,1.415160215522734610e+01,2.656758346560019035e+01,-6.856500270432002928e-03,2.168272475746273642e+02,3.768534620674801605e-02,nan,1.770013334001133116e-05,1.428696893196591944e+01,1.000000000000000000e+00,1.000000000000000000e+00,-1.000000000000000000e+00,0.000000000000000000e+00
3.030000000000000000e+02,8.213693376857042949e+01,3.653860448381297488e+01,-7.674840928003887758e-03,2.429650598466289750e+02,3.347691159842380859e-02,nan,1.978758863956215126e-05,6.710368049744730001e+00,1.000000000000000000e+00,1.000000000000000000e+00,-1.000000000000000000e+00,0.000000000000000000e+00
3.030000000000000000e+02,3.560753367266466540e+01,4.958277308061011723e+01,-6.397003506327120052e-03,2.021509143769081334e+02,3.252262058058930094e-02,nan,1.305444117713489982e-05,1.718214354814467981e+01,1.000000000000000000e+00,1.000000000000000000e+00,-1.000000000000000000e+00,0.000000000000000000e+00
3.030000000000000000e+02,9.208988249538910509e+01,2.217378794095522920e+01,1.497840611721804353e-03,-4.567158166343941161e+01,3.504023672022621438e-01,nan,1.467555396160529049e-05,3.889351496918801221e+00,1.000000000000000000e+00,1.000000000000000000e+00,-1.000000000000000000e+00,0.000000000000000000e+00
3.040000000000000000e+02,3.106336951150849401e+01,2.491884416717284623e+01,-1.720818064337648534e-03,5.279348467954381618e+01,2.952164333629573312e-01,nan,1.383415722581068738e-05,3.904117382430490668e+00,1.000000000000000000e+00,1.000000000000000000e+00,-1.000000000000000000e+00,0.000000000000000000e+00
3.050000000000000000e+02,6.430288237665071449e+01,1.600936329788257950e+01,-6.650691072411163245e-03,2.102536988550986905e+02,1.943805854860969351e-01,nan,1.105691404621294405e-04,5.825695220695649823e+00,1.000000000000000000e+00,1.000000000000000000e+00,-1.000000000000000000e+00,0.000000000000000000e+00
3.050000000000000000e+02,1.408447834011658699e+02,2.315659360016142898e+01,-8.121382117090894179e-03,2.572275917935367602e+02,5.185903908914502036e-02,nan,3.829239937873139897e-05,1.297854163375370717e+01,1.000000000000000000e+00,1.000000000000000000e+00,-1.000000000000000000e+00,0.000000000000000000e+00
3.050000000000000000e+02,9.907985284276750804e+01,4.999510320480595027e+01,-6.336304839233563788e-03,2.002121980844052871e+02,8.103166364056679782e-02,nan,3.465255888478502208e-05,7.494072338965328761e+00,1.000000000000000000e+00,1.000000000000000000e+00,-1.000000000000000000e+00,0.000000000000000000e+00
3.070000000000000000e+02,6.022088206634477814e+01,2.016580387499881866e+01,-7.477896387336415915e-03,2.366746484093727361e+02,1.532289990886424036e-01,nan,1.024199393554038422e-04,5.825695220695649823e+00,1.000000000000000000e+00,1.000000000000000000e+00,-1.000000000000000000e+00,0.000000000000000000e+00
3.070000000000000000e+02,1.296330951780208238e+02,3.022823444685157313e+01,-6.681090768762711248e-03,2.112246655900526093e+02,3.720720242445840764e-02,nan,1.689209544355379025e-05,1.325556702210757187e+01,1.000000000000000000e+00,1.000000000000000000e+00,-1.000000000000000000e+00,0.000000000000000000e+00
3.080000000000000000e+02,9.038973833889319565e+01,4.440954124489269361e+01,-1.415121073749785012e-02,4.498204039118751325e+02,9.875612862176530449e-03,nan,2.139034773220813371e-05,1.033037233106709962e+01,1.000000000000000000e+00,1.000000000000000000e+00,-1.000000000000000000e+00,0.000000000000000000e+00
3.080000000000000000e+02,9.909682240675348908e+01,1.484646667788796925e+01,-7.482749497619769520e-03,2.368296568210261341e+02,2.486061261872740680e-02,nan,1.451251347919328344e-05,1.013838467477283523e+01,1.000000000000000000e+00,1.000000000000000000e+00,-1.000000000000000000e+00,0.000000000000000000e+00
3.080000000000000000e+02,8.836519620036384026e+01,2.939882999697053023e+01,-5.922550490730954520e-03,1.869968782932881766e+02,4.910476304848443441e-02,nan,1.726205493059126633e-05,8.128623543229126724e+00,1.000000000000000000e+00,1.000000000000000000e+00,-1.000000000000000000e+00,0.000000000000000000e+00
3.100000000000000000e+02,1.333778491317785608e+02,7.736066865266824522e+00,-7.242283933017062449e-03,2.291491832586890212e+02,3.669796738288433335e-02,nan,2.253417037592559522e-05,8.336880087260386318e+00,1.000000000000000000e+00,1.000000000000000000e+00,-1.000000000000000000e+00,0.000000000000000000e+00
3.100000000000000000e+02,2.291015766519965524e+01,3.104823290837761007e+01,-6.937156951773667569e-03,2.194034231268067288e+02,4.129636596869423748e-02,nan,2.112722461542872060e-05,1.148471702647902326e+01,1.000000000000000000e+00,1.000000000000000000e+00,-1.000000000000000000e+00,0.000000000000000000e+00
3.110000000000000000e+02,1.146479188396491544e+01,2.625822581144268142e+01,-7.333726501817692915e-03,2.320698602101094821e+02,3.270560563098845464e-02,nan,1.744178283680015266e-05,1.240727874495233962e+01,1.000000000000000000e+00,1.000000000000000000e+00,-1.000000000000000000e+00,0.000000000000000000e+00
3.120000000000000000e+02,3.359877120668706851e+01,2.684677295509600370e+01,-7.042047593654197045e-03,2.227536317241624317e+02,3.405115072417419508e-02,nan,1.845700357968417648e-05,1.148471702647902326e+01,1.000000000000000000e+00,1.000000000000000000e+00,-1.000000000000000000e+00,0.000000000000000000e+00
3.130000000000000000e+02,1.251668836098873214e+02,6.292593696942565096e+00,-7.732783190546132709e-03,2.448157365384578839e+02,3.732207277085997088e-02,nan,2.444468983376161115e-05,8.336880087260386318e+00,1.000000000000000000e+00,1.000000000000000000e+00,-1.000000000000000000e+00,0.000000000000000000e+00
3.140000000000000000e+02,5.837215335571062269e+01,1.642497606470285021e+01,-6.230809527314449398e-03,1.968426763173949041e+02,5.281584710843600927e-02,nan,2.058641942769583779e-05,1.017897603988520139e+01,1.000000000000000000e+00,1.000000000000000000e+00,-1.000000000000000000e+00,0.000000000000000000e+00
3.140000000000000000e+02,5.653723075396441544e+01,3.446760489124795868e+01,-7.593455399467382606e-03,2.403656049046533667e+02,8.882360631002961249e-02,nan,3.512303253540990190e-05,7.005891504293765060e+00,1.000000000000000000e+00,1.000000000000000000e+00,-1.000000000000000000e+00,0.000000000000000000e+00
3.140000000000000000e+02,6.313176204573525041e+01,3.683291096273021736e+01,-6.468279800304846221e-03,2.044274802229233785e+02,1.057880462480170758e-01,nan,4.904909814743132140e-05,7.005891504293765060e+00,1.000000000000000000e+00,1.000000000000000000e+00,-1.000000000000000000e+00,0.000000000000000000e+00
3.150000000000000000e+02,7.316733069867397887e+01,2.501643052101259812e+01,-6.210946826740814872e-03,1.962082613778401878e+02,4.185145968171022357e-02,nan,1.600929786960443506e-05,7.831845535604236908e+00,1.000000000000000000e+00,1.000000000000000000e+00,-1.000000000000000000e+00,0.000000000000000000e+00
3.170000000000000000e+02,9.470037031411260742e+00,4.228368757194659366e+01,-6.485407727722152828e-03,2.049745464688683967e+02,3.684347101680707226e-02,nan,1.584036012411258907e-05,2.864426898681581335e+01,1.000000000000000000e+00,1.000000000000000000e+00,-1.000000000000000000e+00,0.000000000000000000e+00
3.190000000000000000e+02,1.104169896006243761e+02,3.108498658364800704e+01,-7.745843603392623712e-03,2.452328863110101906e+02,3.325198732333467522e-02,nan,1.941300719503354530e-05,2.044090992131215856e+01,1.000000000000000000e+00,1.000000000000000000e+00,-1.000000000000000000e+00,0.000000000000000000e+00
3.190000000000000000e+02,3.134838497470867580e+01,7.377993525247003248e+00,-6.336318632147032275e-03,2.002126386302581693e+02,3.848403540885281249e-02,nan,1.531645438797787714e-05,2.849792888227598198e+01,1.000000000000000000e+00,1.000000000000000000e+00,-1.000000000000000000e+00,0.000000000000000000e+00
3.200000000000000000e+02,1.080574947361024698e+02,1.078071160532157968e+01,-5.724222648028967457e-03,1.806622841693242947e+02,4.533269096825098821e-02,nan,1.486938410001749104e-05,1.253035379607854338e+01,1.000000000000000000e+00,1.000000000000000000e+00,-1.000000000000000000e+00,0.000000000000000000e+00
3.210000000000000000e+02,1.312567845612675512e+02,2.697807806647893258e+01,-1.532705508987819215e-03,4.678516697927307888e+01,3.619378957399118635e-01,nan,1.581917804691388446e-05,2.124061561184243274e+01,1.000000000000000000e+00,1.000000000000000000e+00,-1.000000000000000000e+00,0.000000000000000000e+00
3.230000000000000000e+02,2.676767333622824196e+01,4.176964945298669107e+01,-6.794480769274088318e-03,2.148463438232744522e+02,2.522808599990500333e-02,nan,1.146423485157059842e-05,1.970408253022682743e+01,1.000000000000000000e+00,1.000000000000000000e+00,-1.000000000000000000e+00,0.000000000000000000e+00
3.240000000000000000e+02,7.515973115900968082e+01,3.076418953885810126e+01,-6.840259395434466864e-03,2.163085137956187793e+02,3.869756649425104555e-02,nan,1.795209760592933419e-05,6.790459954148453825e+00,1.000000000000000000e+00,1.000000000000000000e+00,-1.000000000000000000e+00,0.000000000000000000e+00
3.280000000000000000e+02,7.346560977610397281e+00,4.509700021777409518e+01,-7.412545013151903596e-03,2.345873245860393297e+02,3.287762432697449722e-02,nan,1.803906865933281505e-05,1.336793248761269481e+01,1.000000000000000000e+00,1.000000000000000000e+00,-1.000000000000000000e+00,0.000000000000000000e+00
3.290000000000000000e+02,3.049611281273524810e+01,1.315461517089613253e+01,-6.170791973677616088e-03,1.949257147984121730e+02,4.892407841918777756e-02,nan,1.988230239673654428e-05,9.486997006651824549e+00,1.000000000000000000e+00,1.000000000000000000e+00,-1.000000000000000000e+00,0.000000000000000000e+00
3.290000000000000000e+02,6.976374488022354114e+01,3.488652849484480356e+01,-7.381016771171179658e-03,2.335803120875970080e+02,2.989314210944737926e-02,nan,1.663068038534120538e-05,6.790459954148453825e+00,1.000000000000000000e+00,1.000000000000000000e+00,-1.000000000000000000e+00,0.000000000000000000e+00
3.290000000000000000e+02,1.830105113661794292e+01,3.743535781228571580e+01,-1.529930008667630291e-03,4.669651745946890742e+01,3.020114905478837874e-01,nan,1.145281712754831814e-05,1.336793248761269481e+01,1.000000000000000000e+00,1.000000000000000000e+00,-1.000000000000000000e+00,0.000000000000000000e+00
3.300000000000000000e+02,1.302379345433517699e+02,4.150349592178528724e+01,-6.868458123504252860e-03,2.172091815722684203e+02,5.117063858314241376e-02,nan,2.463891026150417642e-05,1.534992553888677058e+01,1.000000000000000000e+00,1.000000000000000000e+00,-1.000000000000000000e+00,0.000000000000000000e+00
3.300000000000000000e+02,1.349988393710779917e+02,2.691055244657434997e+01,-6.429098352749143541e-03,2.031760242292850762e+02,7.441954749510337752e-02,nan,3.311609880232800602e-05,9.231250394770931678e+00,1.000000000000000000e+00,1.000000000000000000e+00,-1.000000000000000000e+00,0.000000000000000000e+00
3.300000000000000000e+02,3.537864434782274969e+01,3.705272094861652477e+01,-1.436887210322443246e-03,4.372472915357677437e+01,3.656389392086265566e-01,nan,1.414734328311124724e-05,1.708187931279304905e+01,1.000000000000000000e+00,1.000000000000000000e+00,-1.000000000000000000e+00,0.000000000000000000e+00
3.320000000000000000e+02,1.270361658402783149e+02,2.224024045561906959e+01,-7.080438506804609226e-03,2.239798380376230682e+02,4.309353990880515628e-02,nan,2.221372659549544613e-05,9.231250394770931678e+00,1.000000000000000000e+00,1.000000000000000000e+00,-1.000000000000000000e+00,0.000000000000000000e+00
3.340000000000000000e+02,1.353861178969742696e+01,1.683366388281846682e+01,-7.439340596045460399e-03,2.354431758857520549e+02,5.044476525288044133e-02,nan,3.080178866735354995e-05,9.759771643162132193e+00,1.000000000000000000e+00,1.000000000000000000e+00,-1.000000000000000000e+00,0.000000000000000000e+00
3.340000000000000000e+02,8.875422887539129135e+01,2.396388694488030069e+01,-6.043780232845766438e-03,1.908689579851147755e+02,3.494790719275497892e-02,nan,1.266748990573554940e-05,1.658076143787040735e+01,1.000000000000000000e+00,1.000000000000000000e+00,-1.000000000000000000e+00,0.000000000000000000e+00
3.350000000000000000e+02,1.420195597520705633e+02,1.826718591939650693e+01,-6.057772358295577565e-03,1.913158666715029312e+02,6.733812814262774005e-02,nan,2.733478734184308253e-05,1.113545237479029559e+01,1.000000000000000000e+00,1.000000000000000000e+00,-1.000000000000000000e+00,0.000000000000000000e+00
3.360000000000000000e+02,8.437326350505159667e+00,4.231160731970487632e+01,-1.477672998995659126e-02,4.697994977550197291e+02,1.076039481210333548e-02,nan,2.518702795291858623e-05,1.320194993906846115e+01,1.000000000000000000e+00,1.000000000000000000e+00,-1.000000000000000000e+00,0.000000000000000000e+00
3.360000000000000000e+02,2.207991778665688543e+01,2.155587040021857348e+01,-1.364331856143583682e-02,4.335983205661491411e+02,1.819370706158152107e-02,nan,3.411634107163956939e-05,5.894628459484327010e+00,1.000000000000000000e+00,1.000000000000000000e+00,-1.000000000000000000e+00,0.000000000000000000e+00
3.380000000000000000e+02,1.220413828910312191e+02,1.712497310545027673e+01,-1.381742585522599846e-03,4.196340905113318343e+01,3.719601508301124682e-01,nan,1.417140536755342682e-05,1.137703215453070626e+01,1.000000000000000000e+00,1.000000000000000000e+00,-1.000000000000000000e+00,0.000000000000000000e+00
3.400000000000000000e+02,1.620099024417169176e+01,2.198581879894983615e+01,-7.239143998348860146e-03,2.290488937006126378e+02,7.865347609524653283e-02,nan,4.919560625538528894e-05,5.894628459484327010e+00,1.000000000000000000e+00,1.000000000000000000e+00,-1.000000000000000000e+00,0.000000000000000000e+00
3.400000000000000000e+02,8.149226461366865237e+01,1.996058321949215753e+01,-8.113115519187063737e-03,2.569635565386105895e+02,2.337775838701861009e-02,nan,1.356894903830339791e-05,2.039412096660031892e+01,1.000000000000000000e+00,1.000000000000000000e+00,-1.000000000000000000e+00,0.000000000000000000e+00
3.420000000000000000e+02,6.119534969664172763e+01,2.194940569807000941e+01,-6.310683827004546533e-03,1.993938625884668170e+02,4.708604933088322841e-02,nan,1.883124653132918806e-05,2.039412096660031892e+01,1.000000000000000000e+00,1.000000000000000000e+00,-1.000000000000000000e+00,0.000000000000000000e+00
3.440000000000000000e+02,1.068148095717730541e+02,4.929674149989784127e+01,-6.122581092891331983e-03,1.933858585786336164e+02,6.214131747954987350e-02,nan,2.456536758463036323e-05,2.081355799556792263e+01,1.000000000000000000e+00,1.000000000000000000e+00,-1.000000000000000000e+00,0.000000000000000000e+00
3.450000000000000000e+02,1.270639549890484972e+02,3.832846377502328750e+01,-6.680944304476407053e-03,2.112199875186595364e+02,5.838516989936048951e-02,nan,2.761158758668966239e-05,9.200703305780979946e+00,1.000000000000000000e+00,1.000000000000000000e+00,-1.000000000000000000e+00,0.000000000000000000e+00
3.450000000000000000e+02,2.224340856380538156e+01,4.638383667193762960e+01,-8.864542968915280902e-03,2.809641599979343596e+02,1.995928532562485369e-02,nan,1.613735884352876260e-05,1.081897570792507324e+01,1.000000000000000000e+00,1.000000000000000000e+00,-1.000000000000000000e+00,0.000000000000000000e+00
3.470000000000000000e+02,3.288751316314212403e+01,4.444650018927612933e+01,-7.705588107967798091e-03,2.439471252131166921e+02,2.267686756401665615e-02,nan,1.304012455008497286e-05,1.081897570792507324e+01,1.000000000000000000e+00,1.000000000000000000e+00,-1.000000000000000000e+00,0.000000000000000000e+00
3.480000000000000000e+02,1.321977077421974798e+02,1.337689417682294390e+01,-6.836728766136383750e-03,2.161957454454928609e+02,2.830470584612365670e-02,nan,1.509668865026992731e-05,8.331824266075868124e+00,1.000000000000000000e+00,1.000000000000000000e+00,-1.000000000000000000e+00,0.000000000000000000e+00
3.480000000000000000e+02,7.136774137257100392e+01,2.220112971759453657e+01,-6.475800897686801935e-03,2.046677041805503734e+02,3.330101147884534374e-02,nan,1.442323933951149600e-05,1.607625659946539898e+01,1.000000000000000000e+00,1.000000000000000000e+00,-1.000000000000000000e+00,0.000000000000000000e+00
3.480000000000000000e+02,3.196447099363962607e+01,2.312259361378651690e+01,1.267763847900530479e-03,-3.832292654620071914e+01,3.465944531272781015e-01,nan,1.012837730016749199e-05,7.783865617582670815e+00,1.000000000000000000e+00,1.000000000000000000e+00,-1.000000000000000000e+00,0.000000000000000000e+00
3.490000000000000000e+02,4.312324929316655187e+01,3.646317947608851284e+01,-6.480902188834953941e-03,2.048306394925643872e+02,3.458022229435286921e-02,nan,1.497013257743496407e-05,1.298089764743170171e+01,1.000000000000000000e+00,1.000000000000000000e+00,-1.000000000000000000e+00,0.000000000000000000e+00
3.490000000000000000e+02,6.534642356749024827e+01,5.744807335194493270e+00,-1.429810310436180126e-03,4.349869287029624587e+01,3.348633891911327876e-01,nan,1.202473352896130691e-05,1.752332201562429503e+01,1.000000000000000000e+00,1.000000000000000000e+00,-1.000000000000000000e+00,0.000000000000000000e+00
3.500000000000000000e+02,5.896235142260952955e+01,4.313624735298545687e+01,-6.811416777985758973e-03,2.153872801830247852e+02,4.124511051304369236e-02,nan,2.066577135969046946e-05,9.611809603001571389e+00,1.000000000000000000e+00,1.000000000000000000e+00,-1.000000000000000000e+00,0.000000000000000000e+00
3.500000000000000000e+02,1.052275589523844346e+01,3.523686428345604327e+01,-1.832786435188565400e-03,5.636975604113877836e+01,2.940841816587289603e-01,nan,1.566838091564037904e-05,1.617494025975849326e+01,1.000000000000000000e+00,1.000000000000000000e+00,-1.000000000000000000e+00,0.000000000000000000e+00
3.520000000000000000e+02,1.405293333344567372e+02,1.331935643980409978e+01,-7.524202063781441734e-03,2.381536523753241852e+02,4.716063171608719795e-02,nan,2.739858948348739101e-05,8.331824266075868124e+00,1.000000000000000000e+00,1.000000000000000000e+00,-1.000000000000000000e+00,0.000000000000000000e+00
3.520000000000000000e+02,4.423628455475589760e+01,1.362322127587703058e+01,-2.704847278173469309e-03,8.422339180125696600e+01,1.857542122231987669e-01,nan,1.828162582836384607e-05,8.808340690672810780e+00,1.000000000000000000e+00,1.000000000000000000e+00,-1.000000000000000000e+00,0.000000000000000000e+00
3.530000000000000000e+02,4.652698675497913605e+00,1.248193738346326143e+01,-7.125772747119278605e-03,2.254278143197187205e+02,7.748490356690340697e-02,nan,3.801386039888432451e-05,2.349987808451446014e+01,1.000000000000000000e+00,1.000000000000000000e+00,-1.000000000000000000e+00,0.000000000000000000e+00
3.530000000000000000e+02,9.155780450379077706e+01,2.685256877891313820e+01,-6.249352196284974070e-03,1.974349294287232510e+02,2.793740729692921754e-01,nan,2.263906863640538958e-04,3.016504292935304310e+00,1.000000000000000000e+00,1.000000000000000000e+00,-1.000000000000000000e+00,0.000000000000000000e+00
3.550000000000000000e+02,4.971208259704847876e+01,4.574764745622636042e+01,-1.817947759679145858e-03,5.589580853377533742e+01,3.110661393384992479e-01,nan,1.674534797359639236e-05,9.611809603001571389e+00,1.000000000000000000e+00,1.000000000000000000e+00,-1.000000000000000000e+00,0.000000000000000000e+00
3.560000000000000000e+02,9.066316166230099327e+01,2.323475163581433733e+01,-6.469417152683812518e-03,2.044638072741256565e+02,1.472284532612784247e-01,nan,7.311663224826332882e-05,3.688288373012348131e+00,1.000000000000000000e+00,1.000000000000000000e+00,-1.000000000000000000e+00,0.000000000000000000e+00
3.560000000000000000e+02,1.422304914864425598e+02,4.984570137778829491e+01,-1.489674589212490073e-03,4.541075878804824129e+01,3.723236071501568878e-01,nan,1.582440598367433125e-05,1.060850895191145327e+01,1.000000000000000000e+00,1.000000000000000000e+00,-1.000000000000000000e+00,0.000000000000000000e+00
3.570000000000000000e+02,1.011726681347757335e+02,1.144699504983754501e+01,-6.343861298832120625e-03,2.004535515117347870e+02,5.555734869686068667e-02,nan,2.365412400576733559e-05,1.579243273296510530e+01,1.000000000000000000e+00,1.000000000000000000e+00,-1.000000000000000000e+00,0.000000000000000000e+00
3.570000000000000000e+02,7.555023991370141800e+01,4.537740095384438632e+01,-1.284716818402508766e-02,4.081692661589172531e+02,1.081056080135234243e-02,nan,1.811329561973559407e-05,2.085845410761634255e+01,1.000000000000000000e+00,1.000000000000000000e+00,-1.000000000000000000e+00,0.000000000000000000e+00
3.590000000000000000e+02,2.642168895112606819e+01,3.392532726670311405e+01,-6.066661787315484611e-03,1.915997951611578571e+02,5.529782478484079888e-02,nan,2.104799055516911907e-05,9.879655005179461824e+00,1.000000000000000000e+00,1.000000000000000000e+00,-1.000000000000000000e+00,0.000000000000000000e+00
3.590000000000000000e+02,1.316403204563075349e+02,4.922221141373569253e+01,-7.375173964614997746e-03,2.333936927628768672e+02,4.409524168039924419e-02,nan,2.497683449424825547e-05,1.060850895191145327e+01,1.000000000000000000e+00,1.000000000000000000e+00,-1.000000000000000000e+00,0.000000000000000000e+00
3.610000000000000000e+02,7.081950043443680443e+01,1.296182594916153974e+01,-7.669265602852697213e-03,2.427869838817984203e+02,2.202369146708549330e-02,nan,1.258162027305242722e-05,1.014596634690846777e+01,1.000000000000000000e+00,1.000000000000000000e+00,-1.000000000000000000e+00,0.000000000000000000e+00
3.610000000000000000e+02,2.030412032713174497e+01,2.616756101912335097e+01,-6.787070897418558818e-03,2.146096724105475175e+02,3.568729091029043676e-02,nan,1.711595469387862725e-05,9.879655005179461824e+00,1.000000000000000000e+00,1.000000000000000000e+00,-1.000000000000000000e+00,0.000000000000000000e+00
3.620000000000000000e+02,1.440024445155843580e+02,1.329956965970360194e+01,-7.100601854253697082e-03,2.246238556426668538e+02,3.453568025162312427e-02,nan,1.837368213288532808e-05,7.286433493428552843e+00,1.000000000000000000e+00,1.000000000000000000e+00,-1.000000000000000000e+00,0.000000000000000000e+00
3.630000000000000000e+02,9.182955820824768978e+01,3.952973450636697095e+01,-8.030087998350036310e-03,2.543116563391422744e+02,3.370263218722691079e-02,nan,2.552732268445465517e-05,1.563239159907861975e+01,1.000000000000000000e+00,1.000000000000000000e+00,-1.000000000000000000e+00,0.000000000000000000e+00
3.640000000000000000e+02,7.000707695952914378e+01,2.307521317649631243e+01,-1.451925263899483389e-03,4.420504479926306374e+01,3.540645788157845697e-01,nan,1.356583283388373719e-05,1.014596634690846777e+01,1.000000000000000000e+00,1.000000000000000000e+00,-1.000000000000000000e+00,0.000000000000000000e+00
3.650000000000000000e+02,6.854286258417258182e+01,3.394311436127465953e+01,-8.533883972511018684e-03,2.704029069377393739e+02,2.058520869074564885e-02,nan,1.457960762072602438e-05,1.096609319215860978e+01,1.000000000000000000e+00,1.000000000000000000e+00,-1.000000000000000000e+00,0.000000000000000000e+00
3.650000000000000000e+02,1.300695290103389645e+01,1.901857004827353492e+01,-7.383547645989261936e-03,2.336611482653756582e+02,3.677531244670984023e-02,nan,2.107967122552538327e-05,1.021551390512468060e+01,1.000000000000000000e+00,1.000000000000000000e+00,-1.000000000000000000e+00,0.000000000000000000e+00
3.660000000000000000e+02,9.988457417279812489e+01,2.613240697742369179e+01,-6.493495788736416627e-03,2.052328792529959571e+02,4.351331846918282675e-02,nan,1.843424427548713990e-05,4.241550977443619530e+00,1.000000000000000000e+00,1.000000000000000000e+00,-1.000000000000000000e+00,0.000000000000000000e+00
3.690000000000000000e+02,3.562784338474175883e+01,5.697162015006711044e+00,-6.340465884890518489e-03,2.003451019420230068e+02,4.229472189134964033e-02,nan,1.835506995626866921e-05,1.296058519109289264e+01,1.000000000000000000e+00,1.000000000000000000e+00,-1.000000000000000000e+00,0.000000000000000000e+00
3.710000000000000000e+02,9.572847479545076865e+00,2.318442021165218137e+01,-1.389407196005218101e-02,4.416073876935815292e+02,1.166908624275064810e-02,nan,2.313456484061502798e-05,1.241873511536769392e+01,1.000000000000000000e+00,1.000000000000000000e+00,-1.000000000000000000e+00,0.000000000000000000e+00
3.710000000000000000e+02,8.823493390106760614e+01,3.896020468559950700e+01,-6.531427234980383481e-03,2.064444101869129611e+02,5.064802781498345396e-02,nan,2.178023700791216507e-05,1.374526072439977931e+01,1.000000000000000000e+00,1.000000000000000000e+00,-1.000000000000000000e+00,0.000000000000000000e+00
3.710000000000000000e+02,2.180005166110666792e+01,4.692818092653760687e+01,-6.806026575316396696e-03,2.152151170329035779e+02,4.349070755471973193e-02,nan,1.988195086333048147e-05,7.597642875841318144e+00,1.000000000000000000e+00,1.000000000000000000e+00,-1.000000000000000000e+00,0.000000000000000000e+00
3.720000000000000000e+02,2.727802192462337061e+01,1.560964152720358733e+01,-6.374550174752060573e-03,2.014337546462267028e+02,5.031564698790025325e-02,nan,2.110005648239417537e-05,3.437526452806138444e+00,1.000000000000000000e+00,1.000000000000000000e+00,-1.000000000000000000e+00,0.000000000000000000e+00
3.730000000000000000e+02,1.263011703215944408e+02,2.081565810758597834e+01,-7.018469072419046724e-03,2.220005334196930278e+02,3.258559651690295933e-02,nan,1.632096697032852208e-05,9.466903829743886334e+00,1.000000000000000000e+00,1.000000000000000000e+00,-1.000000000000000000e+00,0.000000000000000000e+00
3.740000000000000000e+02,4.601727461065033253e+01,1.781921540394876047e+01,-1.324845200357612982e-02,4.209862770774973910e+02,1.004006886019703781e-02,nan,1.748589476997524465e-05,1.596510130134618244e+01,1.000000000000000000e+00,1.000000000000000000e+00,-1.000000000000000000e+00,0.000000000000000000e+00
3.750000000000000000e+02,6.712137631320479159e+01,2.640376033919952192e+01,-7.049915886567737107e-03,2.230049451120190724e+02,2.627840207165133002e-02,nan,1.313859180227906389e-05,1.657669594694688087e+01,1.000000000000000000e+00,1.000000000000000000e+00,-1.000000000000000000e+00,0.000000000000000000e+00
3.750000000000000000e+02,5.331202145059803144e+01,3.557374217103126313e+01,-1.699115525776550293e-03,5.210030528843427078e+01,3.709344780654960649e-01,nan,1.889888348875089539e-05,6.386918799758849907e+00,1.000000000000000000e+00,1.000000000000000000e+00,-1.000000000000000000e+00,0.000000000000000000e+00
3.780000000000000000e+02,8.957959614109739732e+01,2.531177355592307876e+01,-7.501137789374720706e-03,2.374169791218877492e+02,4.792407481290861249e-02,nan,2.883754030123211837e-05,1.052546342591924322e+01,1.000000000000000000e+00,1.000000000000000000e+00,-1.000000000000000000e+00,0.000000000000000000e+00
3.780000000000000000e+02,1.261684548447636303e+02,5.308886280082754183e+01,-7.879572543446091565e-03,2.495041905632301962e+02,2.909244870800398175e-02,nan,1.965137754315882373e-05,2.340439731211294472e+01,1.000000000000000000e+00,1.000000000000000000e+00,-1.000000000000000000e+00,0.000000000000000000e+00
3.780000000000000000e+02,5.403621962014612734e+01,4.191947055837469094e+01,-1.868866062222540548e-03,5.752213984308257722e+01,2.793701419169779543e-01,nan,1.499381876272263472e-05,6.386918799758849907e+00,1.000000000000000000e+00,1.000000000000000000e+00,-1.000000000000000000e+00,0.000000000000000000e+00
3.780000000000000000e+02,1.176240034863437671e+02,1.703028575670089495e+01,-1.536354637442654842e-03,4.690172019415539495e+01,3.354812262158294311e-01,nan,1.417447298905329250e-05,9.466903829743886334e+00,1.000000000000000000e+00,1.000000000000000000e+00,-1.000000000000000000e+00,0.000000000000000000e+00
3.810000000000000000e+02,3.696810045158883185e+01,4.300963297388259576e+01,-7.265675362360401318e-03,2.298963058454661166e+02,3.029360878947440217e-02,nan,1.608200757981773408e-05,8.995583688514422249e+00,1.000000000000000000e+00,1.000000000000000000e+00,-1.000000000000000000e+00,0.000000000000000000e+00
3.820000000000000000e+02,1.538533020502307558e+01,2.256147977200956944e+01,-7.453023022661963912e-03,2.358801927869881752e+02,3.900204924687589170e-02,nan,2.277227006051387020e-05,1.942009776466086279e+01,1.000000000000000000e+00,1.000000000000000000e+00,-1.000000000000000000e+00,0.000000000000000000e+00
3.830000000000000000e+02,5.306356907399141676e+00,5.347009156287696641e+01,-1.715144879809566607e-03,5.261228308481991434e+01,3.460786347448850941e-01,nan,1.782919278814084718e-05,2.489274855091030147e+01,1.000000000000000000e+00,1.000000000000000000e+00,-1.000000000000000000e+00,0.000000000000000000e+00
3.840000000000000000e+02,1.096212757450610127e+02,2.125056356351248610e+01,-6.159389813387393386e-03,1.945615296361529829e+02,4.005305064513720037e-02,nan,1.518934347729814252e-05,9.118180274724892342e+00,1.000000000000000000e+00,1.000000000000000000e+00,-1.000000000000000000e+00,0.000000000000000000e+00
3.870000000000000000e+02,3.074823403070084638e+01,1.068202762841468356e+01,-7.167806041631061970e-03,2.267703583458002186e+02,2.500494238442896311e-02,nan,1.256119000528486074e-05,1.678708691940202868e+01,1.000000000000000000e+00,1.000000000000000000e+00,-1.000000000000000000e+00,0.000000000000000000e+00
3.900000000000000000e+02,8.991194567022286321e+01,7.012921029868619982e+00,-1.793975543698257159e-03,5.513013561351314706e+01,3.022475060692870752e-01,nan,1.552447866735283410e-05,1.480590435271820837e+01,1.000000000000000000e+00,1.000000000000000000e+00,-1.000000000000000000e+00,0.000000000000000000e+00
3.910000000000000000e+02,1.044332476446659257e+02,2.538360844726579302e+01,-6.687999610178450328e-03,2.114453340833881612e+02,3.539000776644807278e-02,nan,1.580033589259268538e-05,1.445995543897052293e+01,1.000000000000000000e+00,1.000000000000000000e+00,-1.000000000000000000e+00,0.000000000000000000e+00
3.910000000000000000e+02,7.295318950533894053e+01,4.819630744682340406e+01,-5.480922984517124993e-03,1.728912894474164545e+02,6.013230203401886964e-02,nan,1.854116374678702492e-05,2.809258882692658332e+01,1.000000000000000000e+00,1.000000000000000000e+00,-1.000000000000000000e+00,0.000000000000000000e+00
3.910000000000000000e+02,4.705640844412153712e+01,6.700855120093871520e+00,-1.836758652051226131e-03,5.649662870437411755e+01,3.740405075973448623e-01,nan,2.545934035761923962e-05,1.678708691940202868e+01,1.000000000000000000e+00,1.000000000000000000e+00,-1.000000000000000000e+00,0.000000000000000000e+00
3.930000000000000000e+02,1.208084641100905010e+01,2.388646519374450605e+01,-6.918060049102405483e-03,2.187934677831737247e+02,2.905630842018436244e-02,nan,1.394476576020355745e-05,3.896966939987638767e+01,1.000000000000000000e+00,1.000000000000000000e+00,-1.000000000000000000e+00,0.000000000000000000e+00
3.930000000000000000e+02,9.948806578362766118e+01,3.897167260881107609e+01,1.584739697134266920e-03,-4.844713969065384163e+01,3.017492439380293767e-01,nan,1.249417120145750683e-05,1.445995543897052293e+01,1.000000000000000000e+00,1.000000000000000000e+00,-1.000000000000000000e+00,0.000000000000000000e+00
3.980000000000000000e+02,1.167442114212067850e+02,3.593336978132509074e+01,-7.221452647963226210e-03,2.284838317170251116e+02,3.946009676116746245e-02,nan,2.152662895114916119e-05,1.189253858888452875e+01,1.000000000000000000e+00,1.000000000000000000e+00,-1.000000000000000000e+00,0.000000000000000000e+00
3.990000000000000000e+02,1.358941436891553565e+02,2.160389438636667592e+01,-1.589333899162808945e-03,4.859387856895664726e+01,3.202113893088240903e-01,nan,1.403169598992122669e-05,9.808391621905339974e+00,1.000000000000000000e+00,1.000000000000000000e+00,-1.000000000000000000e+00,0.000000000000000000e+00
4.020000000000000000e+02,4.170233634377535026e+01,2.871939599980276370e+01,-5.966318152200082367e-03,1.883948180247185462e+02,4.841107488827689487e-02,nan,1.839492053334375530e-05,1.741039067938853435e+01,1.000000000000000000e+00,1.000000000000000000e+00,-1.000000000000000000e+00,0.000000000000000000e+00
4.040000000000000000e+02,5.447024615296172101e+00,7.719030368922106256e+00,-7.005403407211785449e-03,2.215832158866627992e+02,4.367041225374879154e-02,nan,2.229226826249192483e-05,2.844485337267898473e+01,1.000000000000000000e+00,1.000000000000000000e+00,-1.000000000000000000e+00,0.000000000000000000e+00
4.040000000000000000e+02,1.870575515848153003e+01,3.288479576114514202e+01,-7.977026018079260219e-03,2.526168559326546301e+02,3.852631708410170219e-02,nan,2.454954559144020224e-05,7.069354846218701027e+00,1.000000000000000000e+00,1.000000000000000000e+00,-1.000000000000000000e+00,0.000000000000000000e+00
4.050000000000000000e+02,1.276176556739175112e+02,3.573269991111340005e+01,-1.939534484692575058e-03,5.977929026447418437e+01,2.954476387357259926e-01,nan,1.806412418262844617e-05,9.009542102167605648e+00,1.000000000000000000e+00,1.000000000000000000e+00,-1.000000000000000000e+00,0.000000000000000000e+00
4.060000000000000000e+02,4.086640712979140488e+01,4.629494195296150849e+01,-6.260478053521922014e-03,1.977902894675209211e+02,3.127378806654246279e-02,nan,1.204129080425892221e-05,1.759541398212575558e+01,1.000000000000000000e+00,1.000000000000000000e+00,-1.000000000000000000e+00,0.000000000000000000e+00
4.080000000000000000e+02,9.305990400445338651e+01,2.179484745633680021e+01,-6.764452600287274540e-03,2.138872436776479447e+02,3.658760839127783715e-02,nan,1.670816422863142983e-05,1.236494299527043417e+01,1.000000000000000000e+00,1.000000000000000000e+00,-1.000000000000000000e+00,0.000000000000000000e+00
4.080000000000000000e+02,1.053083421831015585e+02,2.010145516270805288e+01,-1.935530603631183859e-03,5.965140624627986909e+01,2.952327613419922780e-01,nan,1.859879133068689482e-05,7.468098796362840019e+00,1.000000000000000000e+00,1.000000000000000000e+00,-1.000000000000000000e+00,0.000000000000000000e+00
4.080000000000000000e+02,2.518422474823336188e+01,3.571414369245662357e+01,-7.818100037143891831e-03,2.475407578353686802e+02,3.059715186260980602e-02,nan,1.877536088194396287e-05,7.069354846218701027e+00,1.000000000000000000e+00,1.000000000000000000e+00,-1.000000000000000000e+00,0.000000000000000000e+00
4.080000000000000000e+02,9.563260991144692014e+01,3.678029011838552265e+01,-1.760682794755659463e-03,5.406676473754752266e+01,3.064089602509398880e-01,nan,1.555937381043295001e-05,1.520468044588340994e+01,1.000000000000000000e+00,1.000000000000000000e+00,-1.000000000000000000e+00,0.000000000000000000e+00
4.090000000000000000e+02,3.581865666007476534e+01,2.149943248627480585e+01,-1.690476036666096592e-03,5.182435988305130081e+01,2.503020357804741636e-01,nan,1.074803705956761977e-05,9.145241177427447354e+00,1.000000000000000000e+00,1.000000000000000000e+00,-1.000000000000000000e+00,0.000000000000000000e+00
4.100000000000000000e+02,6.313482667833127238e+01,2.415511810304162665e+01,-7.115397012677303519e-03,2.250964132136888907e+02,3.666788640027873747e-02,nan,1.859401919526456782e-05,9.976335200160788119e+00,1.000000000000000000e+00,1.000000000000000000e+00,-1.000000000000000000e+00,0.000000000000000000e+00
4.100000000000000000e+02,3.106232751060311514e+01,2.931049958464240746e+01,-1.913646244221159972e-03,5.895241949466296205e+01,2.839669367978489012e-01,nan,1.858857428848873135e-05,8.692453620498797662e+00,1.000000000000000000e+00,1.000000000000000000e+00,-1.000000000000000000e+00,0.000000000000000000e+00
4.120000000000000000e+02,1.382640491803393274e+02,1.683717189958693083e+01,-7.832787624019406370e-03,2.480098795696107459e+02,3.250921300434828076e-02,nan,2.016931938414167491e-05,1.347849053169444566e+01,1.000000000000000000e+00,1.000000000000000000e+00,-1.000000000000000000e+00,0.000000000000000000e+00
4.130000000000000000e+02,5.851492714087110869e+01,3.299727803655009950e+01,-1.001502759642777622e-02,3.177106554060569579e+02,3.735474124484161607e-02,nan,3.784064294107005691e-05,9.976335200160788119e+00,1.000000000000000000e+00,1.000000000000000000e+00,-1.000000000000000000e+00,0.000000000000000000e+00
4.140000000000000000e+02,7.411897253179928313e+00,3.204990384009738591e+01,-7.688445216525869631e-03,2.433995810160118651e+02,6.479010070338464544e-02,nan,4.215758079780962278e-05,2.380855281271927737e+01,1.000000000000000000e+00,1.000000000000000000e+00,-1.000000000000000000e+00,0.000000000000000000e+00
4.140000000000000000e+02,7.926078021843602528e+01,1.560642769472916314e+01,-1.487840810378531246e-03,4.535218786594276708e+01,3.380368012666791211e-01,nan,1.371804870986077370e-05,1.825175293704115731e+01,1.000000000000000000e+00,1.000000000000000000e+00,-1.000000000000000000e+00,0.000000000000000000e+00
4.150000000000000000e+02,9.590613956347240787e+01,4.901883110619510830e+01,-9.021697553160561156e-03,2.859836796596795807e+02,6.557196533251397064e-02,nan,5.863323717671550209e-05,8.332940839113440745e+00,1.000000000000000000e+00,1.000000000000000000e+00,-1.000000000000000000e+00,0.000000000000000000e+00
4.170000000000000000e+02,2.219051781804166978e+01,6.202080776658474903e+00,-7.856424861925911593e-03,2.487648532854005055e+02,2.730619755513752356e-02,nan,1.791913972789577704e-05,1.950253231834824774e+01,1.000000000000000000e+00,1.000000000000000000e+00,-1.000000000000000000e+00,0.000000000000000000e+00
4.170000000000000000e+02,1.023496078906837283e+02,3.933172739294962383e+01,-1.587834131071436464e-03,4.854597595473222071e+01,3.290411055843085464e-01,nan,1.434056584939196330e-05,1.163435698416332365e+01,1.000000000000000000e+00,1.000000000000000000e+00,-1.000000000000000000e+00,0.000000000000000000e+00
4.180000000000000000e+02,1.411597715697989770e+02,1.368792028409727912e+01,-6.958268909001240690e-03,2.200777393417020846e+02,3.632623395044831671e-02,nan,1.804073799577617757e-05,1.326319088656831013e+01,1.000000000000000000e+00,1.000000000000000000e+00,-1.000000000000000000e+00,0.000000000000000000e+00
4.190000000000000000e+02,1.260406788764938852e+02,1.201763483756120543e+01,-6.906146994222257633e-03,2.184129646404271909e+02,3.628827045612892377e-02,nan,1.726805958775407102e-05,8.186828859682915294e+00,1.000000000000000000e+00,1.000000000000000000e+00,-1.000000000000000000e+00,0.000000000000000000e+00
4.190000000000000000e+02,1.066199618147523864e+02,1.833527375367248879e+01,-7.470398761012281459e-03,2.364351741176672306e+02,1.924801831144540287e-02,nan,1.033482800519971976e-05,1.213576903810350238e+01,1.000000000000000000e+00,1.000000000000000000e+00,-1.000000000000000000e+00,0.000000000000000000e+00
4.200000000000000000e+02,8.768523629973336142e+01,4.765697481553543469e+01,-1.297721275949207179e-02,4.123228917537076654e+02,1.503905544830519414e-02,nan,2.705703615659058500e-05,8.332940839113440745e+00,1.000000000000000000e+00,1.000000000000000000e+00,-1.000000000000000000e+00,0.000000000000000000e+00
4.210000000000000000e+02,1.292598912558489701e+02,1.954497423700003012e+01,-6.432654759203197160e-03,2.032896159021402411e+02,7.549859314182305603e-02,nan,3.375611289814426351e-05,8.186828859682915294e+00,1.000000000000000000e+00,1.000000000000000000e+00,-1.000000000000000000e+00,0.000000000000000000e+00
4.220000000000000000e+02,7.936336380832229054e+01,5.081143800477691030e+01,-6.821999893143293296e-03,2.157253050320667001e+02,5.307200470858852714e-02,nan,2.559049734501355849e-05,8.899674138730237161e+00,1.000000000000000000e+00,1.000000000000000000e+00,-1.000000000000000000e+00,0.000000000000000000e+00
4.250000000000000000e+02,4.770277869719947716e+00,1.645360352304150098e+01,-8.035735223202293900e-03,2.544920287814501592e+02,2.232626352582967044e-02,nan,1.664770580720238864e-05,1.711784398772017113e+01,1.000000000000000000e+00,1.000000000000000000e+00,-1.000000000000000000e+00,0.000000000000000000e+00
4.250000000000000000e+02,1.171780598384600438e+02,2.582379977690802519e+01,-7.159157145502387243e-03,2.264941124801211174e+02,2.854410766962360846e-01,nan,2.210610468163475277e-04,1.361595757039537347e+01,1.000000000000000000e+00,1.000000000000000000e+00,-1.000000000000000000e+00,0.000000000000000000e+00
4.250000000000000000e+02,4.349935098348564111e+01,4.726069140295299320e+01,-7.882292125357516846e-03,2.495910540482610713e+02,4.769527386549032855e-02,nan,2.921874031612963120e-05,5.557153780801326270e+00,1.000000000000000000e+00,1.000000000000000000e+00,-1.000000000000000000e+00,0.000000000000000000e+00
4.260000000000000000e+02,1.113383480842307733e+02,4.421532809951571608e+01,-1.583749885318966322e-03,4.841552508715888337e+01,3.700356722792094155e-01,nan,1.787500130219451839e-05,1.929638690049938887e+01,1.000000000000000000e+00,1.000000000000000000e+00,-1.000000000000000000e+00,0.000000000000000000e+00
4.270000000000000000e+02,1.430688740424641026e+02,2.708913865092315021e+01,-6.736717819250715583e-03,2.130013943758552273e+02,2.098553787794156245e-01,nan,1.263460085969535251e-04,5.480649880662246787e+00,1.000000000000000000e+00,1.000000000000000000e+00,-1.000000000000000000e+00,0.000000000000000000e+00
4.270000000000000000e+02,6.196496883446345549e+01,1.068283655944017596e+01,1.306847451600438121e-03,-3.957125740568970684e+01,3.481917927658230161e-01,nan,1.085910832136241061e-05,1.715323104086836992e+01,1.000000000000000000e+00,1.000000000000000000e+00,-1.000000000000000000e+00,0.000000000000000000e+00
4.280000000000000000e+02,1.195783674068447056e+02,1.108042558195146299e+01,-1.317347411109171841e-02,4.185914821223955755e+02,1.031975908765792038e-02,nan,1.791776597814269777e-05,1.293802721544036949e+01,1.000000000000000000e+00,1.000000000000000000e+00,-1.000000000000000000e+00,0.000000000000000000e+00
4.280000000000000000e+02,1.328752256695644007e+02,2.316590604127006614e+01,-7.926575470681346269e-03,2.510054647293640073e+02,6.884504625339149531e-02,nan,4.539269486249957256e-05,7.916366385881984158e+00,1.000000000000000000e+00,1.000000000000000000e+00,-1.000000000000000000e+00,0.000000000000000000e+00
4.280000000000000000e+02,1.380080237705491868e+02,2.919278254656276772e+01,-6.083645457216796046e-03,1.921422538199849441e+02,3.141002293636085962e-01,nan,1.949460243315326248e-04,5.480649880662246787e+00,1.000000000000000000e+00,1.000000000000000000e+00,-1.000000000000000000e+00,0.000000000000000000e+00
4.290000000000000000e+02,4.182254597505994553e+01,4.196255181370159448e+01,-7.170081515768133955e-03,2.268430370221855128e+02,9.034867355113096465e-02,nan,5.346814525452465961e-05,5.557153780801326270e+00,1.000000000000000000e+00,1.000000000000000000e+00,-1.000000000000000000e+00,0.000000000000000000e+00
4.300000000000000000e+02,2.168746074007981051e+01,1.906693597773044146e+01,-7.856038530887623009e-03,2.487525138665286590e+02,3.164717113634141210e-02,nan,2.114193535765102974e-05,1.711784398772017113e+01,1.000000000000000000e+00,1.000000000000000000e+00,-1.000000000000000000e+00,0.000000000000000000e+00
4.300000000000000000e+02,3.492268758982707055e+01,4.324495671430960897e+01,-6.417254636891496847e-03,2.027977357759060055e+02,7.237560158003886190e-02,nan,3.519563133476254240e-05,7.018020238313072312e+00,1.000000000000000000e+00,1.000000000000000000e+00,-1.000000000000000000e+00,0.000000000000000000e+00
4.330000000000000000e+02,1.122857501111016347e+02,2.333170765590981688e+01,-7.694618000700362802e-03,2.435967398305662073e+02,2.191702191935607225e-02,nan,1.385008823903456484e-05,9.386260254012528392e+00,1.000000000000000000e+00,1.000000000000000000e+00,-1.000000000000000000e+00,0.000000000000000000e+00
4.330000000000000000e+02,1.335084782614179062e+02,5.299811526725950017e+01,-1.897638103061014903e-03,5.844111923773931494e+01,2.502273308476812286e-01,nan,1.240446483877229343e-05,1.356598368600576698e+01,1.000000000000000000e+00,1.000000000000000000e+00,-1.000000000000000000e+00,0.000000000000000000e+00
4.330000000000000000e+02,1.151082513800071041e+02,3.845001943606973782e+01,-1.584895602458385707e-03,4.845211930892933339e+01,3.720275490920141870e-01,nan,1.761993433262121236e-05,1.392621328059502694e+01,1.000000000000000000e+00,1.000000000000000000e+00,-1.000000000000000000e+00,0.000000000000000000e+00
4.340000000000000000e+02,1.104879192773843641e+02,1.411923318650742942e+01,-7.699144455639020217e-03,2.437413148658520470e+02,4.065935052824254381e-02,nan,2.486966138065403498e-05,9.386260254012528392e+00,1.000000000000000000e+00,1.000000000000000000e+00,-1.000000000000000000e+00,0.000000000000000000e+00
4.350000000000000000e+02,1.894095462107616257e+01,4.420837244704537028e+01,-1.982131356112705554e-03,6.113983494504464034e+01,2.827457078157024073e-01,nan,1.734364533370795974e-05,1.601074509691983394e+01,1.000000000000000000e+00,1.000000000000000000e+00,-1.000000000000000000e+00,0.000000000000000000e+00
4.360000000000000000e+02,1.402597191121451203e+02,2.676093803878933031e+01,-7.367922067228779674e-03,2.331620670569523952e+02,3.674716218920992539e-02,nan,2.099905237017962102e-05,1.760821867820580167e+01,1.000000000000000000e+00,1.000000000000000000e+00,-1.000000000000000000e+00,0.000000000000000000e+00
4.360000000000000000e+02,1.289200261792190076e+02,4.023167406940255120e+01,-1.780897232088445503e-03,5.471241415420514898e+01,3.274575994556517822e-01,nan,1.814245084055169619e-05,1.356598368600576698e+01,1.000000000000000000e+00,1.000000000000000000e+00,-1.000000000000000000e+00,0.000000000000000000e+00
4.370000000000000000e+02,8.202538905701047156e+01,2.556621597955322400e+01,-8.089175332636002608e-03,2.561989066387938578e+02,2.763622455905656583e-02,nan,1.809510318050921320e-05,4.069209405259127443e+00,1.000000000000000000e+00,1.000000000000000000e+00,-1.000000000000000000e+00,0.000000000000000000e+00
4.370000000000000000e+02,4.079057749983571313e+01,5.627298008118580164e+00,-1.428309692869956073e-03,4.345076312383294237e+01,3.103791082723668104e-01,nan,1.036582622271313691e-05,1.093676531070085112e+01,1.000000000000000000e+00,1.000000000000000000e+00,-1.000000000000000000e+00,0.000000000000000000e+00
4.380000000000000000e+02,6.935835750717222936e+01,3.146404534828992894e+01,-6.794871693852177173e-03,2.148588299598729918e+02,5.153192384760285627e-02,nan,2.412614190074241683e-05,1.397276205863860810e+01,1.000000000000000000e+00,1.000000000000000000e+00,-1.000000000000000000e+00,0.000000000000000000e+00
4.390000000000000000e+02,4.482821439060628421e+01,1.899385915307873773e+01,1.484815172927299223e-03,-4.525554896260624105e+01,3.263437978723584543e-01,nan,1.264456435833592195e-05,1.253454340986340299e+01,1.000000000000000000e+00,1.000000000000000000e+00,-1.000000000000000000e+00,0.000000000000000000e+00
4.400000000000000000e+02,4.333852421335390659e+01,3.191083236748155372e+01,-1.619255667770617881e-03,4.954958028496051270e+01,2.947039269663660477e-01,nan,1.253014913031886960e-05,8.236223228375596506e+00,1.000000000000000000e+00,1.000000000000000000e+00,-1.000000000000000000e+00,0.000000000000000000e+00
4.410000000000000000e+02,4.971485516113453684e+01,5.301595241515464352e+01,-8.116027236942545062e-03,2.570565568452404364e+02,4.202114176564397674e-02,nan,2.772177489400450034e-05,1.038740772591038564e+01,1.000000000000000000e+00,1.000000000000000000e+00,-1.000000000000000000e+00,0.000000000000000000e+00
4.420000000000000000e+02,8.087175994224661224e+01,2.166395957467431188e+01,1.661955978712724696e-03,-5.091342882533789549e+01,3.541217807883387803e-01,nan,1.869354106893000844e-05,4.069209405259127443e+00,1.000000000000000000e+00,1.000000000000000000e+00,-1.000000000000000000e+00,0.000000000000000000e+00
4.430000000000000000e+02,1.197643498948692411e+02,3.988037935975097525e+01,-1.738719259526698641e-03,5.336524910914476294e+01,2.996075616407299913e-01,nan,1.403089621323138179e-05,1.145009192491576044e+01,1.000000000000000000e+00,1.000000000000000000e+00,-1.000000000000000000e+00,0.000000000000000000e+00
4.450000000000000000e+02,1.034932024355070723e+02,3.282557242734234393e+01,-6.739570072867964549e-03,2.130924953970619526e+02,3.845610295993306949e-02,nan,1.987764289078011777e-05,6.570405191550276136e+00,1.000000000000000000e+00,1.000000000000000000e+00,-1.000000000000000000e+00,0.000000000000000000e+00
4.450000000000000000e+02,7.523711486969590467e+00,2.052910838725870946e+01,-6.171477634729171866e-03,1.949476148221760639e+02,9.167069002379946152e-02,nan,4.055949511848457788e-05,4.691586863271812291e+00,1.000000000000000000e+00,1.000000000000000000e+00,-1.000000000000000000e+00,0.000000000000000000e+00
4.450000000000000000e+02,1.405570500732848700e+02,4.084230509874509352e+01,-7.524347284333237317e-03,2.381582907218193270e+02,2.781335829119979675e-02,nan,1.596766917337016643e-05,3.124790909827611873e+00,1.000000000000000000e+00,1.000000000000000000e+00,-1.000000000000000000e+00,0.000000000000000000e+00
4.450000000000000000e+02,5.102007512098870023e+01,3.488222071656162626e+01,-1.391222959703897416e-03,4.226621233766953623e+01,3.400706028634982170e-01,nan,1.166329761223858463e-05,8.236223228375596506e+00,1.000000000000000000e+00,1.000000000000000000e+00,-1.000000000000000000e+00,0.000000000000000000e+00
4.460000000000000000e+02,8.663206486051905131e+01,1.140127858609873179e+01,-6.819639034530394772e-03,2.156498991743060003e+02,3.620164900435407507e-02,nan,1.819196176061313141e-05,1.176876092988315747e+01,1.000000000000000000e+00,1.000000000000000000e+00,-1.000000000000000000e+00,0.000000000000000000e+00
4.470000000000000000e+02,1.186066670998779387e+02,1.311301263114925675e+01,-8.538236657240065586e-03,2.705419317500523562e+02,4.282271933366010863e-02,nan,3.097664111066027686e-05,7.224028509081934502e+00,1.000000000000000000e+00,1.000000000000000000e+00,-1.000000000000000000e+00,0.000000000000000000e+00
4.470000000000000000e+02,6.801313577600377869e+01,4.032498163811089142e+01,-1.322056975996964293e-03,4.005704983179546730e+01,3.371645185057399186e-01,nan,1.073863617929309122e-05,8.076970615873307224e+00,1.000000000000000000e+00,1.000000000000000000e+00,-1.000000000000000000e+00,0.000000000000000000e+00
4.490000000000000000e+02,7.239094268427677115e+00,1.584616269736072525e+01,-6.724086931705790422e-03,2.125979636475597658e+02,7.135533094005586108e-02,nan,3.311004673669641515e-05,4.691586863271812291e+00,1.000000000000000000e+00,1.000000000000000000e+00,-1.000000000000000000e+00,0.000000000000000000e+00
4.500000000000000000e+02,4.948774266114187981e+01,4.966530900097172463e+01,-7.666237508854655686e-03,2.426902665163217705e+02,2.758259425633802220e-02,nan,1.768025383145739257e-05,1.486229262234340887e+01,1.000000000000000000e+00,1.000000000000000000e+00,-1.000000000000000000e+00,0.000000000000000000e+00
4.500000000000000000e+02,1.143619187515777611e+02,1.895841247715051026e+01,-7.643900320459122259e-03,2.419768164004505309e+02,4.072312745143014112e-02,nan,2.455315302722114399e-05,7.224028509081934502e+00,1.000000000000000000e+00,1.000000000000000000e+00,-1.000000000000000000e+00,0.000000000000000000e+00
4.500000000000000000e+02,8.107490352526491506e+01,2.821630860856998169e+01,-1.703785304128213477e-03,5.224945807557525512e+01,3.029187651397666770e-01,nan,1.433344405699389872e-05,1.495537777592329931e+01,1.000000000000000000e+00,1.000000000000000000e+00,-1.000000000000000000e+00,0.000000000000000000e+00
4.510000000000000000e+02,1.958890051488119610e+01,2.232162232746273034e+01,-6.866229594958615096e-03,2.171380023387429787e+02,3.554259193313868970e-02,nan,1.721582545288156138e-05,7.622434224673524383e+00,1.000000000000000000e+00,1.000000000000000000e+00,-1.000000000000000000e+00,0.000000000000000000e+00
4.530000000000000000e+02,1.287747831323288779e+02,1.265440708511368051e+01,-2.032094491324067803e-02,6.468818014626291415e+02,8.047380780154433921e-03,nan,3.426596402814183120e-05,1.450552448173244713e+01,1.000000000000000000e+00,1.000000000000000000e+00,-1.000000000000000000e+00,0.000000000000000000e+00
4.530000000000000000e+02,6.442961172952141169e+01,1.902780621590321175e+01,-7.234723289895964200e-03,2.289076962095899148e+02,2.230231302397811533e-02,nan,1.209335754645294924e-05,1.898691698390819482e+01,1.000000000000000000e+00,1.000000000000000000e+00,-1.000000000000000000e+00,0.000000000000000000e+00
4.540000000000000000e+02,9.068146416966006029e+01,3.967830306879106672e+01,-6.787785666111425739e-03,2.146325021327899663e+02,3.363607627420872603e-02,nan,1.551504446156149044e-05,1.495537777592329931e+01,1.000000000000000000e+00,1.000000000000000000e+00,-1.000000000000000000e+00,0.000000000000000000e+00
4.540000000000000000e+02,1.333642531839988976e+02,2.673038177659987014e+01,-6.254951804873563545e-03,1.976137810068906049e+02,6.048523898098456808e-02,nan,2.443873296592875420e-05,1.480527942561489674e+01,1.000000000000000000e+00,1.000000000000000000e+00,-1.000000000000000000e+00,0.000000000000000000e+00
4.560000000000000000e+02,1.430747437970926512e+02,1.022102148551213396e+01,-8.057322960778530094e-03,2.551815414274662146e+02,4.060337753745624223e-02,nan,2.599197044125723898e-05,1.450552448173244713e+01,1.000000000000000000e+00,1.000000000000000000e+00,-1.000000000000000000e+00,0.000000000000000000e+00
4.560000000000000000e+02,1.199780910028974112e+01,2.301215447355744814e+01,-6.893057645210373154e-03,2.179948906463395986e+02,3.557518907280576848e-02,nan,1.664709669672410233e-05,7.622434224673524383e+00,1.000000000000000000e+00,1.000000000000000000e+00,-1.000000000000000000e+00,0.000000000000000000e+00
4.580000000000000000e+02,1.015372136871774273e+02,4.805035460374135425e+00,-8.689133206632225145e-03,2.753615696893522795e+02,2.056432215401515773e-02,nan,1.530564594520574065e-05,2.834603718657537996e+01,1.000000000000000000e+00,1.000000000000000000e+00,-1.000000000000000000e+00,0.000000000000000000e+00
4.580000000000000000e+02,7.700599645457077713e+01,3.325234711539682309e+01,-6.166255405722207393e-03,1.947808167532270716e+02,5.441340956914553217e-02,nan,2.129136015309226196e-05,9.244682415281124221e+00,1.000000000000000000e+00,1.000000000000000000e+00,-1.000000000000000000e+00,0.000000000000000000e+00
4.590000000000000000e+02,4.272275651504436667e+01,3.334777224450974842e+01,-1.863514879025453047e-03,5.735122297546222825e+01,2.596056272291659139e-01,nan,1.337821222818053319e-05,1.560261370849126905e+01,1.000000000000000000e+00,1.000000000000000000e+00,-1.000000000000000000e+00,0.000000000000000000e+00
4.600000000000000000e+02,1.411977959317272564e+02,3.157024971374010747e+01,-6.943179670870709523e-03,2.195957888606474171e+02,3.239336100750256353e-02,nan,1.609688382998935533e-05,2.143157668558862028e+01,1.000000000000000000e+00,1.000000000000000000e+00,-1.000000000000000000e+00,0.000000000000000000e+00
4.630000000000000000e+02,1.215669437320043222e+01,2.573816837781559386e+01,-5.614747555205910554e-03,1.771656481434921488e+02,8.313229368502672578e-02,nan,2.913336387820910625e-05,8.329613860597355313e+00,1.000000000000000000e+00,1.000000000000000000e+00,-1.000000000000000000e+00,0.000000000000000000e+00
4.630000000000000000e+02,7.400242847960167580e+01,4.199550057276837123e+01,-1.590836402723798523e-03,4.864186855411965382e+01,2.924649696658777609e-01,nan,1.242693375918561514e-05,9.244682415281124221e+00,1.000000000000000000e+00,1.000000000000000000e+00,-1.000000000000000000e+00,0.000000000000000000e+00
4.630000000000000000e+02,2.720252736484731670e+01,5.238908820352818196e+01,-1.790403884081027009e-03,5.501605675440861631e+01,2.774151240991209466e-01,nan,1.376886474401552232e-05,2.456520356776626102e+01,1.000000000000000000e+00,1.000000000000000000e+00,-1.000000000000000000e+00,0.000000000000000000e+00
4.640000000000000000e+02,1.090150871719888670e+02,2.683054174101242850e+01,-7.499162706483668631e-03,2.373538949461837717e+02,2.401976617880541287e-02,nan,1.328579268744298740e-05,1.027851113256075699e+01,1.000000000000000000e+00,1.000000000000000000e+00,-1.000000000000000000e+00,0.000000000000000000e+00
4.640000000000000000e+02,5.917311239163134928e+01,4.954353716168639465e+01,-1.437309273637358761e-02,4.569073181198998554e+02,2.117413009658608569e-02,nan,5.086897324135484513e-05,7.554554003968027232e+00,1.000000000000000000e+00,1.000000000000000000e+00,-1.000000000000000000e+00,0.000000000000000000e+00
4.640000000000000000e+02,1.615489718921398321e+01,1.843085414420849588e+01,-8.875174129444229204e-03,2.813037194168243786e+02,2.899156877859687675e-02,nan,2.626865666803294503e-05,8.160015533054011172e+00,1.000000000000000000e+00,1.000000000000000000e+00,-1.000000000000000000e+00,0.000000000000000000e+00
4.650000000000000000e+02,9.048486385400811116e+01,2.225219340186900396e+01,-6.268550154975426059e-03,1.980481125030502199e+02,3.979136347948197816e-02,nan,1.499866747075237619e-05,1.424308577717023638e+01,1.000000000000000000e+00,1.000000000000000000e+00,-1.000000000000000000e+00,0.000000000000000000e+00
4.650000000000000000e+02,5.276241367839762120e+01,4.449851007690052285e+01,-6.220638102496013101e-03,1.965178008636542870e+02,3.216584950430224632e-01,nan,2.068671080971567241e-04,4.646370682281187214e+00,1.000000000000000000e+00,1.000000000000000000e+00,-1.000000000000000000e+00,0.000000000000000000e+00
4.670000000000000000e+02,1.227982666425301801e+02,4.501257459988298848e+01,-1.811945270227279491e-03,5.570408893509002723e+01,3.569165084282559519e-01,nan,2.363718920296730319e-05,2.281583562349186067e+01,1.000000000000000000e+00,1.000000000000000000e+00,-1.000000000000000000e+00,0.000000000000000000e+00
4.670000000000000000e+02,1.040282362201648283e+02,1.784282185850234370e+01,-1.741319000102374342e-03,5.344828486020292502e+01,3.360004858169224340e-01,nan,1.777067744835866201e-05,1.027851113256075699e+01,1.000000000000000000e+00,1.000000000000000000e+00,-1.000000000000000000e+00,0.000000000000000000e+00
4.690000000000000000e+02,8.627839680219789642e+00,2.158192677999092979e+01,-7.261698607727227507e-03,2.297692882457758969e+02,3.230834374565905165e-02,nan,1.772907680907263419e-05,8.160015533054011172e+00,1.000000000000000000e+00,1.000000000000000000e+00,-1.000000000000000000e+00,0.000000000000000000e+00
4.690000000000000000e+02,5.530089335166272946e+01,5.337929566198930331e+00,-5.945956999168536608e-03,1.877444825065504403e+02,5.559620802323728128e-02,nan,2.042235349988680146e-05,1.130549315833375879e+01,1.000000000000000000e+00,1.000000000000000000e+00,-1.000000000000000000e+00,0.000000000000000000e+00
4.700000000000000000e+02,1.213438270763756606e+02,5.602816725364188066e+00,-9.553811645619610451e-03,3.029794113605200891e+02,7.587681350342845299e-02,nan,7.493692350703956041e-05,2.120489123666849807e+01,1.000000000000000000e+00,1.000000000000000000e+00,-1.000000000000000000e+00,0.000000000000000000e+00
4.710000000000000000e+02,7.276838607834611139e+01,5.018881391170599215e+01,-6.271221662822626212e-03,1.981334405017842641e+02,3.593160633085179523e-02,nan,1.410440803119098901e-05,3.579221900842605208e+01,1.000000000000000000e+00,1.000000000000000000e+00,-1.000000000000000000e+00,0.000000000000000000e+00
4.730000000000000000e+02,4.315403450974562816e+01,2.943364710072757617e+01,-6.416634406002888480e-03,2.027779255924796473e+02,7.962933397501725796e-02,nan,3.433670525779858367e-05,5.101709473949354923e+00,1.000000000000000000e+00,1.000000000000000000e+00,-1.000000000000000000e+00,0.000000000000000000e+00
4.760000000000000000e+02,1.404294366311553688e+02,1.458369115003357130e+01,-7.467431400818105337e-03,2.363403965907520785e+02,2.958892445000849136e-02,nan,1.689702441053085545e-05,2.510149515043354285e+01,1.000000000000000000e+00,1.000000000000000000e+00,-1.000000000000000000e+00,0.000000000000000000e+00
4.760000000000000000e+02,2.780703168830221728e+01,1.199447744729356025e+01,-6.534533258238270532e-03,2.065436166140603120e+02,4.593204799027450491e-02,nan,1.982704608510963429e-05,1.539869389535368249e+01,1.000000000000000000e+00,1.000000000000000000e+00,-1.000000000000000000e+00,0.000000000000000000e+00
4.760000000000000000e+02,4.664903796872088293e+01,2.571714466182946524e+01,-5.416267599599971887e-03,1.708261955312069915e+02,1.683799897033714243e-01,nan,6.035656391902611574e-05,5.101709473949354923e+00,1.000000000000000000e+00,1.000000000000000000e+00,-1.000000000000000000e+00,0.000000000000000000e+00
4.760000000000000000e+02,1.104252167923376788e+02,2.803311824977363997e+01,-1.396496803627281149e-03,4.243465898778496381e+01,3.701399251054954265e-01,nan,1.440636249774696072e-05,1.219550394017746697e+01,1.000000000000000000e+00,1.000000000000000000e+00,-1.000000000000000000e+00,0.000000000000000000e+00
4.770000000000000000e+02,1.130907053702982168e+01,5.155268978368233057e+00,1.574469301098832498e-03,-4.811910309483101145e+01,3.729830329090829677e-01,nan,1.840475051803315692e-05,7.643356818370222072e+00,1.000000000000000000e+00,1.000000000000000000e+00,-1.000000000000000000e+00,0.000000000000000000e+00
4.780000000000000000e+02,8.103436884122260153e+01,2.579662154175938227e+01,-6.820259206707908993e-03,2.156697074824991489e+02,2.292796110831796241e-02,nan,1.055855935563303437e-05,1.424411620598373851e+01,1.000000000000000000e+00,1.000000000000000000e+00,-1.000000000000000000e+00,0.000000000000000000e+00
4.780000000000000000e+02,7.104928179582044834e+01,1.563823174881922995e+01,-2.045227155434783690e-03,6.315511567510844770e+01,2.488578331937738586e-01,nan,1.526127242860482328e-05,1.424411620598373851e+01,1.000000000000000000e+00,1.000000000000000000e+00,-1.000000000000000000e+00,0.000000000000000000e+00
4.790000000000000000e+02,6.394716900221104794e+01,3.056937838377969641e+01,-7.519552612487460583e-03,2.380051488346954329e+02,2.473041600389691563e-02,nan,1.367020128016687013e-05,1.653418113992469785e+01,1.000000000000000000e+00,1.000000000000000000e+00,-1.000000000000000000e+00,0.000000000000000000e+00
4.790000000000000000e+02,7.670369918171752488e+01,4.570172857265844613e+01,-8.807531005205948907e-03,2.791431970640943518e+02,2.630215250565759444e-02,nan,2.054871802962388418e-05,1.721634793813283082e+01,1.000000000000000000e+00,1.000000000000000000e+00,-1.000000000000000000e+00,0.000000000000000000e+00
4.800000000000000000e+02,9.871004917898360986e+01,1.025025388997007525e+01,-7.520455485087285986e-03,2.380339865984084042e+02,2.948924595988222652e-02,nan,1.618728404455450519e-05,1.049564728332240904e+01,1.000000000000000000e+00,1.000000000000000000e+00,-1.000000000000000000e+00,0.000000000000000000e+00
4.800000000000000000e+02,5.150720155627271168e+01,1.504066468451503802e+01,-6.373428726441111684e-03,2.013979355711836661e+02,5.100776364600789758e-02,nan,2.157803627134095435e-05,7.851818815499211013e+00,1.000000000000000000e+00,1.000000000000000000e+00,-1.000000000000000000e+00,0.000000000000000000e+00
4.810000000000000000e+02,3.274010688328802132e+01,3.215437167351583980e+01,-7.218523904319425026e-03,2.283902876032795746e+02,3.448891840863077540e-02,nan,1.894639961875826863e-05,8.877565351973554897e+00,1.000000000000000000e+00,1.000000000000000000e+00,-1.000000000000000000e+00,0.000000000000000000e+00
4.810000000000000000e+02,5.155523594724479608e+01,7.188992798304346010e+00,-6.885515949830389726e-03,2.177540087883618867e+02,5.709155856559344766e-02,nan,2.847072517854986972e-05,7.851818815499211013e+00,1.000000000000000000e+00,1.000000000000000000e+00,-1.000000000000000000e+00,0.000000000000000000e+00
4.820000000000000000e+02,3.298796613081463391e+01,1.515228783514576349e+01,-1.565830467208703409e-03,4.784317861719455323e+01,3.306473726593820439e-01,nan,1.380276962676458694e-05,1.700389040936071794e+01,1.000000000000000000e+00,1.000000000000000000e+00,-1.000000000000000000e+00,0.000000000000000000e+00
4.820000000000000000e+02,8.960360713498525698e+00,1.242881457991457594e+01,-6.981047435945767106e-03,2.208052858171214154e+02,5.902780887775482821e-02,nan,2.921256379635430627e-05,7.643356818370222072e+00,1.000000000000000000e+00,1.000000000000000000e+00,-1.000000000000000000e+00,0.000000000000000000e+00
4.830000000000000000e+02,1.211409343078626364e+02,3.810882106314198836e+01,-6.986147523761049132e-03,2.209681826946663818e+02,2.487225560075578823e-02,nan,1.194765242937399056e-05,6.484078560612457132e+00,1.000000000000000000e+00,1.000000000000000000e+00,-1.000000000000000000e+00,0.000000000000000000e+00
4.830000000000000000e+02,2.407332948599358247e+01,4.614294268789978304e+01,-5.744886108543120935e-03,1.813222753927976498e+02,6.219964251903287167e-02,nan,2.085298609960608060e-05,1.413863718387847257e+01,1.000000000000000000e+00,1.000000000000000000e+00,-1.000000000000000000e+00,0.000000000000000000e+00
4.840000000000000000e+02,8.932951726621087118e+01,3.399739800555075675e+01,-1.409665655218748578e-02,4.480779424551448642e+02,2.260187887946907281e-02,nan,4.539605115271931862e-05,1.721634793813283082e+01,1.000000000000000000e+00,1.000000000000000000e+00,-1.000000000000000000e+00,0.000000000000000000e+00
4.840000000000000000e+02,8.822130305962376440e+01,9.869705943546986049e+00,-6.531053509753945857e-03,2.064324733978513962e+02,3.464653994798339021e-02,nan,1.490703329381924108e-05,1.049564728332240904e+01,1.000000000000000000e+00,1.000000000000000000e+00,-1.000000000000000000e+00,0.000000000000000000e+00
4.850000000000000000e+02,1.156246809508243132e+02,8.029935520294163354e+00,-1.562990075301550147e-03,4.775245645917741655e+01,3.140353888674577432e-01,nan,1.275783853948075154e-05,1.705973568493027059e+01,1.000000000000000000e+00,1.000000000000000000e+00,-1.000000000000000000e+00,0.000000000000000000e+00
4.860000000000000000e+02,1.083652463891235840e+02,4.443043429747653050e+01,-6.598682430257959280e-03,2.085925420831063946e+02,4.693903111980290976e-02,nan,2.166784423803572960e-05,4.796445535320241760e+00,1.000000000000000000e+00,1.000000000000000000e+00,-1.000000000000000000e+00,0.000000000000000000e+00
4.910000000000000000e+02,4.873964546959495436e+01,2.002441535748265267e+01,-7.028519411567646716e-03,2.223215413954124529e+02,3.573527929245168266e-02,nan,1.733794677183446805e-05,3.245375228265882583e+01,1.000000000000000000e+00,1.000000000000000000e+00,-1.000000000000000000e+00,0.000000000000000000e+00
4.920000000000000000e+02,1.016866210674885878e+02,2.358429334883010497e+01,-7.715623828742703381e-03,2.442676662777718661e+02,2.672062714426559626e-02,nan,1.700885359417352477e-05,2.353378741064500801e+01,1.000000000000000000e+00,1.000000000000000000e+00,-1.000000000000000000e+00,0.000000000000000000e+00
4.920000000000000000e+02,5.781303966208064793e+01,5.118399743189356599e+01,-7.909924974105675063e-03,2.504736476313087792e+02,3.988210112714052347e-02,nan,2.535839567621886077e-05,2.746556039345314915e+01,1.000000000000000000e+00,1.000000000000000000e+00,-1.000000000000000000e+00,0.000000000000000000e+00
4.920000000000000000e+02,2.607652065177079237e+01,5.291872017735399680e+01,-1.968441226563285955e-03,6.070257201202132791e+01,2.606887024868711489e-01,nan,1.493510557345524479e-05,3.983389322984730807e+00,1.000000000000000000e+00,1.000000000000000000e+00,-1.000000000000000000e+00,0.000000000000000000e+00
4.930000000000000000e+02,1.833132213197692195e+01,4.143954638076451147e+01,-7.770680858819426461e-03,2.460261886035099224e+02,3.733281213825290212e-02,nan,2.207226836422354513e-05,5.655161332761306170e+00,1.000000000000000000e+00,1.000000000000000000e+00,-1.000000000000000000e+00,0.000000000000000000e+00
4.980000000000000000e+02,3.625448345628830538e+01,1.686317952277434884e+01,-6.969110546901351178e-03,2.204240214108282885e+02,3.905317065767943685e-02,nan,1.887502237000469104e-05,1.273734699478948862e+01,1.000000000000000000e+00,1.000000000000000000e+00,-1.000000000000000000e+00,0.000000000000000000e+00
4.980000000000000000e+02,7.233850260989127889e+01,2.398784078950957976e+01,-6.800388909096771912e-03,2.150350498934582788e+02,3.077931945115996992e-02,nan,1.395572628244194230e-05,1.327927640347379956e+01,1.000000000000000000e+00,1.000000000000000000e+00,-1.000000000000000000e+00,0.000000000000000000e+00
5.000000000000000000e+02,5.347768756662633294e+00,4.327323633501938360e+01,-6.579893124259510520e-03,2.079924113815892213e+02,8.715453581040155662e-02,nan,4.043796794356376738e-05,9.387989308474631756e+00,1.000000000000000000e+00,1.000000000000000000e+00,-1.000000000000000000e+00,0.000000000000000000e+00
5.010000000000000000e+02,1.706901916971915867e+01,4.279432990837693751e+01,-6.058220284407743461e-03,1.913301734379127197e+02,5.401495490639696140e-02,nan,2.018418972357202920e-05,4.579300897602554876e+00,1.000000000000000000e+00,1.000000000000000000e+00,-1.000000000000000000e+00,0.000000000000000000e+00
5.010000000000000000e+02,1.028324248577679754e+02,5.589877967733417385e+00,-1.337212513295390082e-03,4.054111790921806602e+01,3.459917980776392454e-01,nan,1.122001038149687673e-05,9.520583217727226710e+00,1.000000000000000000e+00,1.000000000000000000e+00,-1.000000000000000000e+00,0.000000000000000000e+00
5.010000000000000000e+02,1.070586232943848870e+02,1.412104152143499114e+01,-1.354779193140719529e-03,4.110219791397054223e+01,3.624914040827931228e-01,nan,1.295021110521737413e-05,9.520583217727226710e+00,1.000000000000000000e+00,1.000000000000000000e+00,-1.000000000000000000e+00,0.000000000000000000e+00
5.020000000000000000e+02,1.316128795664438371e+02,4.963220067970245708e+01,-8.645274954574254378e-03,2.739607364932224982e+02,2.867518595553497640e-02,nan,2.197869002602085837e-05,9.692851273684896185e+00,1.000000000000000000e+00,1.000000000000000000e+00,-1.000000000000000000e+00,0.000000000000000000e+00
5.020000000000000000e+02,6.037330035391546446e+00,5.263586676128911535e+01,-6.496113247845421677e-03,2.053164809342613069e+02,4.719703386994011929e-02,nan,1.998935028267906066e-05,9.387989308474631756e+00,1.000000000000000000e+00,1.000000000000000000e+00,-1.000000000000000000e+00,0.000000000000000000e+00
5.030000000000000000e+02,7.088547960442249973e+01,4.749787005181320154e+01,-6.752443265487487363e-03,2.135036653528952399e+02,2.976582940750627237e-02,nan,1.524355683611912985e-05,2.355488806529961110e+01,1.000000000000000000e+00,1.000000000000000000e+00,-1.000000000000000000e+00,0.000000000000000000e+00
5.030000000000000000e+02,4.858908974039076867e+01,1.368552373873277972e+01,-1.754484470033391280e-03,5.386879015753306277e+01,3.040362709820181308e-01,nan,1.508355547971032083e-05,1.273734699478948862e+01,1.000000000000000000e+00,1.000000000000000000e+00,-1.000000000000000000e+00,0.000000000000000000e+00
5.060000000000000000e+02,1.267836745514965813e+01,4.409516588271477389e+01,-6.537669789462332605e-03,2.066437974660823329e+02,4.391756827100379290e-02,nan,1.863028611898376354e-05,4.579300897602554876e+00,1.000000000000000000e+00,1.000000000000000000e+00,-1.000000000000000000e+00,0.000000000000000000e+00
5.070000000000000000e+02,1.270863412384552760e+02,4.106121377159056607e+01,-6.834537257047519458e-03,2.161257486139446371e+02,4.348225616555634332e-02,nan,2.059654293713281082e-05,6.648699631851840763e+00,1.000000000000000000e+00,1.000000000000000000e+00,-1.000000000000000000e+00,0.000000000000000000e+00
5.080000000000000000e+02,1.765188973319661514e+01,2.526313615922800437e+01,-1.374561581934414774e-03,4.173404769412879745e+01,3.573849230263107524e-01,nan,1.271646207925992424e-05,8.404958341155015944e+00,1.000000000000000000e+00,1.000000000000000000e+00,-1.000000000000000000e+00,0.000000000000000000e+00
5.090000000000000000e+02,1.377455369269869720e+02,1.698868071412941916e+01,-6.680626935995435077e-03,2.112098507648517796e+02,9.005448552350403535e-02,nan,4.287726458469047047e-05,5.737886886298324107e+00,1.000000000000000000e+00,1.000000000000000000e+00,-1.000000000000000000e+00,0.000000000000000000e+00
5.090000000000000000e+02,2.443953501935181549e+01,2.030620200736695935e+01,-1.629059936298620859e-03,4.986272876154922074e+01,3.062015733768553849e-01,nan,1.370958478243408073e-05,4.627300235143078311e+00,1.000000000000000000e+00,1.000000000000000000e+00,-1.000000000000000000e+00,0.000000000000000000e+00
5.120000000000000000e+02,9.518816063029184704e+01,1.514934762721662764e+01,-1.386581081531343927e-02,4.407047263276353988e+02,9.723483023300061312e-03,nan,1.944519041407058996e-05,3.499936632782724821e+00,1.000000000000000000e+00,1.000000000000000000e+00,-1.000000000000000000e+00,0.000000000000000000e+00
5.120000000000000000e+02,1.409934190337238533e+02,2.171886123295665172e+01,-7.230426482227034213e-03,2.287704561113738180e+02,2.425162802734962542e-01,nan,1.824946266573525874e-04,5.737886886298324107e+00,1.000000000000000000e+00,1.000000000000000000e+00,-1.000000000000000000e+00,0.000000000000000000e+00
5.130000000000000000e+02,8.416818722607752079e+01,6.728097452713886817e+00,-7.679462425675651592e-03,2.431126705481655108e+02,2.313360980758816243e-02,nan,1.396020458827378211e-05,1.386929227939023335e+01,1.000000000000000000e+00,1.000000000000000000e+00,-1.000000000000000000e+00,0.000000000000000000e+00
5.140000000000000000e+02,1.442241947087382528e+02,2.647243574753269968e+01,-8.061840192459991325e-03,2.553258218717857062e+02,1.634747358943561268e-01,nan,9.216063114723813598e-05,5.747554447579567238e+00,1.000000000000000000e+00,1.000000000000000000e+00,-1.000000000000000000e+00,0.000000000000000000e+00
5.190000000000000000e+02,1.139840773516428101e+02,7.391922613736847225e+00,-1.624502720987202990e-03,4.971717123951876971e+01,3.479210173748412682e-01,nan,1.751189559643057280e-05,1.040143727509580529e+01,1.000000000000000000e+00,1.000000000000000000e+00,-1.000000000000000000e+00,0.000000000000000000e+00
5.200000000000000000e+02,1.240350644361824237e+02,3.360990422705117453e+01,-6.053633401086728170e-03,1.911836683192326802e+02,4.522605417528124949e-02,nan,1.730706556163265629e-05,6.093044703287334052e+00,1.000000000000000000e+00,1.000000000000000000e+00,-1.000000000000000000e+00,0.000000000000000000e+00
5.200000000000000000e+02,1.438931646769369479e+02,1.902080618958945379e+01,-1.902880814249012856e-03,5.860857150784258351e+01,3.637296062658148532e-01,nan,2.453720835026239249e-05,1.870452291669906941e+01,1.000000000000000000e+00,1.000000000000000000e+00,-1.000000000000000000e+00,0.000000000000000000e+00
5.210000000000000000e+02,2.882147631150088429e+01,5.342442243982615935e+01,-6.594421466272035355e-03,2.084564468326366296e+02,4.753771960376496075e-02,nan,2.171776041410935069e-05,4.002853661959504983e+00,1.000000000000000000e+00,1.000000000000000000e+00,-1.000000000000000000e+00,0.000000000000000000e+00
5.220000000000000000e+02,9.180806583069657734e+01,4.535081568868935165e+01,-7.180539870923208223e-03,2.271770770349698410e+02,3.328534770560065414e-02,nan,1.877823060827376117e-05,1.325110024938887499e+01,1.000000000000000000e+00,1.000000000000000000e+00,-1.000000000000000000e+00,0.000000000000000000e+00
5.230000000000000000e+02,1.295573524126318432e+02,3.103511700061478251e+01,-2.488047201955758281e-03,7.729879427539543713e+01,3.092835438295610251e-01,nan,2.955020426035231848e-05,6.093044703287334052e+00,1.000000000000000000e+00,1.000000000000000000e+00,-1.000000000000000000e+00,0.000000000000000000e+00
5.240000000000000000e+02,8.647866726863009035e+01,2.784868408359991676e+01,-1.377448279702494366e-02,4.377877081212059807e+02,1.520140980333062330e-02,nan,2.980629993945201433e-05,9.659936785801081172e+00,1.000000000000000000e+00,1.000000000000000000e+00,-1.000000000000000000e+00,0.000000000000000000e+00
5.250000000000000000e+02,8.159715779629779320e+01,3.690516503688020578e+01,-7.595404255278738297e-03,2.404278513870578422e+02,4.521540315958794132e-02,nan,2.621755888650636950e-05,1.028829344379322208e+01,1.000000000000000000e+00,1.000000000000000000e+00,-1.000000000000000000e+00,0.000000000000000000e+00
5.250000000000000000e+02,3.460661591826785610e+01,3.993354111179385768e+01,-2.534348218491534830e-03,7.877764940377902292e+01,1.777766007056623687e-01,nan,1.438756689555408405e-05,9.769588244643841790e+00,1.000000000000000000e+00,1.000000000000000000e+00,-1.000000000000000000e+00,0.000000000000000000e+00
5.250000000000000000e+02,4.713409313217079699e+01,4.591239227875129103e+01,-5.928145275858756960e-03,1.871755758100491960e+02,4.363719275424260413e-02,nan,1.518817763249532441e-05,1.388107872686721933e+01,1.000000000000000000e+00,1.000000000000000000e+00,-1.000000000000000000e+00,0.000000000000000000e+00
5.260000000000000000e+02,9.452886449902213428e+01,2.250932988506043486e+01,-7.572707587658715662e-03,2.397029194996304398e+02,6.688769786775061732e-02,nan,3.608785083036624629e-05,9.659936785801081172e+00,1.000000000000000000e+00,1.000000000000000000e+00,-1.000000000000000000e+00,0.000000000000000000e+00
5.260000000000000000e+02,8.560599256880685459e+01,1.704027704668651921e+01,-1.899662323278233055e-03,5.850577286034169333e+01,2.770087695472930323e-01,nan,1.417893259583921787e-05,1.046557129028079203e+01,1.000000000000000000e+00,1.000000000000000000e+00,-1.000000000000000000e+00,0.000000000000000000e+00
5.270000000000000000e+02,1.410803943227660397e+02,3.658725318449978658e+01,-7.008066254742897211e-03,2.216682672747774916e+02,2.775801186775739282e-02,nan,1.420345391857486979e-05,1.279088390484075610e+01,1.000000000000000000e+00,1.000000000000000000e+00,-1.000000000000000000e+00,0.000000000000000000e+00
5.280000000000000000e+02,2.516833293526570259e+01,3.741090978663849143e+01,-7.079739502546112187e-03,2.239575118316392093e+02,2.453561663537007220e-02,nan,1.329868616055004374e-05,9.769588244643841790e+00,1.000000000000000000e+00,1.000000000000000000e+00,-1.000000000000000000e+00,0.000000000000000000e+00
5.280000000000000000e+02,1.202472714927221347e+02,3.824535747204532754e+01,-6.881870515137599245e-03,2.176375735522919399e+02,4.300654006867921098e-02,nan,2.100677917957551754e-05,1.177561779233352013e+01,1.000000000000000000e+00,1.000000000000000000e+00,-1.000000000000000000e+00,0.000000000000000000e+00
5.280000000000000000e+02,1.269099819216243077e+02,6.111258776239949064e+00,-7.578156489487658694e-03,2.398769575017456646e+02,1.127942580074982049e-01,nan,7.249364685623823615e-05,1.260755727294901085e+01,1.000000000000000000e+00,1.000000000000000000e+00,-1.000000000000000000e+00,0.000000000000000000e+00
5.300000000000000000e+02,3.304605713334020578e+01,2.180470208798558573e+01,-7.614903720999170213e-03,2.410506646002217224e+02,2.672819627097233752e-02,nan,1.489449716557806956e-05,1.748176928329686319e+01,1.000000000000000000e+00,1.000000000000000000e+00,-1.000000000000000000e+00,0.000000000000000000e+00
5.310000000000000000e+02,7.311027018038501524e+01,1.710886809006886367e+01,-1.736801505368856195e-03,5.330399601399699350e+01,3.538598917788245979e-01,nan,1.941986275580309044e-05,7.829360488570300980e+00,1.000000000000000000e+00,1.000000000000000000e+00,-1.000000000000000000e+00,0.000000000000000000e+00
5.330000000000000000e+02,8.151638027313023827e+01,3.288705933907333900e+01,-7.093376902171715133e-03,2.243930905701439258e+02,2.452646655027723721e-02,nan,1.195049701976879554e-05,1.181545667289959134e+01,1.000000000000000000e+00,1.000000000000000000e+00,-1.000000000000000000e+00,0.000000000000000000e+00
5.340000000000000000e+02,7.750431547298029500e+01,1.062880237847248743e+01,-5.030508895493632747e-03,1.585050570213115577e+02,7.385199901632977237e-02,nan,1.954141657372494891e-05,7.829360488570300980e+00,1.000000000000000000e+00,1.000000000000000000e+00,-1.000000000000000000e+00,0.000000000000000000e+00
5.340000000000000000e+02,1.273600631911625243e+02,2.071169913797787387e+01,-7.842981650132609811e-03,2.483354769090285288e+02,3.796248908583188530e-02,nan,2.390831963322187333e-05,1.248221053329567809e+01,1.000000000000000000e+00,1.000000000000000000e+00,-1.000000000000000000e+00,0.000000000000000000e+00
5.340000000000000000e+02,8.897714404318920245e+00,4.487555790570083047e+01,-6.667822949945429074e-03,2.108008912678357092e+02,3.207237824244635327e-02,nan,1.394060558225146133e-05,1.182135922488589053e+01,1.000000000000000000e+00,1.000000000000000000e+00,-1.000000000000000000e+00,0.000000000000000000e+00
5.350000000000000000e+02,9.110922807656031353e+01,4.122024850526798190e+01,-1.501447393015703036e-03,4.578678230939755167e+01,3.592435115097259990e-01,nan,1.545923527020780130e-05,1.270687887167249919e+01,1.000000000000000000e+00,1.000000000000000000e+00,-1.000000000000000000e+00,0.000000000000000000e+00
5.360000000000000000e+02,6.848427596400259176e+01,5.150726119074317211e+01,-1.338662900246127309e-02,4.253996523922283473e+02,1.063677106655225302e-02,nan,1.955581958046854338e-05,2.272768487375940438e+01,1.000000000000000000e+00,1.000000000000000000e+00,-1.000000000000000000e+00,0.000000000000000000e+00
5.370000000000000000e+02,1.784495727312886970e+01,5.260157751286752870e+01,-6.863412059229203298e-03,2.170480102073688329e+02,3.490626065435809000e-02,nan,1.624939838488327227e-05,1.182135922488589053e+01,1.000000000000000000e+00,1.000000000000000000e+00,-1.000000000000000000e+00,0.000000000000000000e+00
5.370000000000000000e+02,7.285610583468645984e+01,2.484935674193746635e+01,-1.431717451070076358e-03,4.355960696933782828e+01,3.334305898645477662e-01,nan,1.207097567767144714e-05,1.181545667289959134e+01,1.000000000000000000e+00,1.000000000000000000e+00,-1.000000000000000000e+00,0.000000000000000000e+00
5.380000000000000000e+02,1.399293916366177655e+02,2.112084581084612012e+01,-8.317568193934352094e-03,2.634937778854386465e+02,3.047724513525518208e-02,nan,2.246543571498051331e-05,1.257598578917968624e+01,1.000000000000000000e+00,1.000000000000000000e+00,-1.000000000000000000e+00,0.000000000000000000e+00
5.400000000000000000e+02,4.470585686740349729e+01,4.504875934764368139e+01,-7.139225983632946707e-03,2.258575108858021281e+02,3.574031288830981090e-02,nan,1.800235835614693642e-05,2.463991600616422417e+01,1.000000000000000000e+00,1.000000000000000000e+00,-1.000000000000000000e+00,0.000000000000000000e+00
5.420000000000000000e+02,1.894069484420504779e+01,3.454203440074565634e+01,-6.982996412618631098e-03,2.208675361598441782e+02,3.820002052008819593e-02,nan,1.832519465277242119e-05,9.449257624860955218e+00,1.000000000000000000e+00,1.000000000000000000e+00,-1.000000000000000000e+00,0.000000000000000000e+00
5.430000000000000000e+02,4.882734991957681459e+00,2.613497728346778359e+01,-6.915544967923962366e-03,2.187131360544703682e+02,4.351953591402946131e-02,nan,2.164894774221316274e-05,1.638001357082988818e+01,1.000000000000000000e+00,1.000000000000000000e+00,-1.000000000000000000e+00,0.000000000000000000e+00
5.430000000000000000e+02,7.348169142844683677e+01,2.753919651355721498e+01,-6.483660115814836485e-03,2.049187277196285777e+02,7.199808829443932190e-02,nan,2.835390409856500989e-05,6.955555749027049650e+00,1.000000000000000000e+00,1.000000000000000000e+00,-1.000000000000000000e+00,0.000000000000000000e+00
5.440000000000000000e+02,8.138446514412778754e+01,4.561067344288214542e+01,-7.007980005835546047e-03,2.216655124834468040e+02,3.049993421148755601e-02,nan,1.452915665473132935e-05,1.387120512870081690e+01,1.000000000000000000e+00,1.000000000000000000e+00,-1.000000000000000000e+00,0.000000000000000000e+00
5.460000000000000000e+02,7.310105962427842030e+01,3.448432971656194468e+01,-6.730480513812708149e-03,2.128021747512242143e+02,4.354938322211976409e-02,nan,1.788442129805576801e-05,6.955555749027049650e+00,1.000000000000000000e+00,1.000000000000000000e+00,-1.000000000000000000e+00,0.000000000000000000e+00
5.460000000000000000e+02,2.824640861650212642e+01,3.290125383983161811e+01,-1.549256823497104215e-03,4.731381620071365290e+01,3.697335079339431063e-01,nan,1.670322420510962644e-05,9.449257624860955218e+00,1.000000000000000000e+00,1.000000000000000000e+00,-1.000000000000000000e+00,0.000000000000000000e+00
5.470000000000000000e+02,1.149737131015829732e+02,2.923851521972495604e+01,-7.744318313551876339e-03,2.451841685317467920e+02,2.807798881548007053e-02,nan,1.707580751459140348e-05,1.192308891362763923e+01,1.000000000000000000e+00,1.000000000000000000e+00,-1.000000000000000000e+00,0.000000000000000000e+00
5.470000000000000000e+02,1.225638401659129499e+02,1.230731134145791472e+01,1.329289693518031189e-03,-4.028806293255351534e+01,3.459030365214714742e-01,nan,1.125471333531958615e-05,9.934054805190211113e+00,1.000000000000000000e+00,1.000000000000000000e+00,-1.000000000000000000e+00,0.000000000000000000e+00
5.480000000000000000e+02,4.509309207010637266e+01,4.178394544361043472e+01,-6.809859616766371186e-03,2.153375444314731340e+02,3.496255295847361388e-02,nan,1.650417427428639111e-05,1.144572445691868090e+01,1.000000000000000000e+00,1.000000000000000000e+00,-1.000000000000000000e+00,0.000000000000000000e+00
5.480000000000000000e+02,1.294082711343856431e+02,4.846719064516994990e+01,-7.312622711599105554e-03,2.313958048495976243e+02,3.626393890246382146e-02,nan,1.991826500996893366e-05,1.142057034586208530e+01,1.000000000000000000e+00,1.000000000000000000e+00,-1.000000000000000000e+00,0.000000000000000000e+00
5.490000000000000000e+02,5.093593778895015589e+01,7.909694052161894362e+00,-1.847388377388094237e-03,5.683614228320860917e+01,2.916992965292046769e-01,nan,1.807644540931470421e-05,2.397906067701375576e+01,1.000000000000000000e+00,1.000000000000000000e+00,-1.000000000000000000e+00,0.000000000000000000e+00
5.500000000000000000e+02,9.866950058528878742e+01,3.310450917833241391e+01,-6.469142030112223253e-03,2.044550198552659879e+02,4.154245304151937823e-02,nan,1.716519797095050781e-05,5.364230808323092070e+00,1.000000000000000000e+00,1.000000000000000000e+00,-1.000000000000000000e+00,0.000000000000000000e+00
5.510000000000000000e+02,1.254593846889452635e+02,3.491396591585944975e+01,-7.095326084942532065e-03,2.244553474956382502e+02,4.171375171373525870e-02,nan,2.026066220449691479e-05,1.192308891362763923e+01,1.000000000000000000e+00,1.000000000000000000e+00,-1.000000000000000000e+00,0.000000000000000000e+00
5.520000000000000000e+02,2.173240609048939120e+01,1.689141274533383452e+01,-1.852210462451310720e-03,5.699015974888842351e+01,3.059960425990529975e-01,nan,1.852197449710960521e-05,2.015910201963285076e+01,1.000000000000000000e+00,1.000000000000000000e+00,-1.000000000000000000e+00,0.000000000000000000e+00
5.550000000000000000e+02,1.292539085381367272e+02,1.657840754533556549e+01,-7.740203175820858927e-03,2.450527309739381678e+02,3.143651227255395142e-02,nan,1.862178671069154948e-05,1.872407840191263872e+01,1.000000000000000000e+00,1.000000000000000000e+00,-1.000000000000000000e+00,0.000000000000000000e+00
5.550000000000000000e+02,9.639626613443084580e+01,3.796325153581497602e+01,-7.352937066738332236e-03,2.326834459276084033e+02,5.329728134748845658e-02,nan,2.893769513133642471e-05,5.364230808323092070e+00,1.000000000000000000e+00,1.000000000000000000e+00,-1.000000000000000000e+00,0.000000000000000000e+00
5.550000000000000000e+02,1.338483389051529855e+02,4.619795823131674695e+01,-6.940390921692451802e-03,2.195067161721275966e+02,4.680107894619867093e-02,nan,2.351255887236764606e-05,1.406069114293207889e+01,1.000000000000000000e+00,1.000000000000000000e+00,-1.000000000000000000e+00,0.000000000000000000e+00
5.570000000000000000e+02,1.145146051824375206e+02,3.631081994035223204e+01,-8.133135949127871453e-03,2.576030093564019694e+02,2.265298843969210107e-02,nan,1.522436961243079902e-05,1.819353566617019524e+01,1.000000000000000000e+00,1.000000000000000000e+00,-1.000000000000000000e+00,0.000000000000000000e+00
5.570000000000000000e+02,7.157677355225145810e+00,3.081860472833701436e+01,-7.816676602091565673e-03,2.474952932994998775e+02,4.259488174224146384e-02,nan,2.848258062791933650e-05,1.872813355106109867e+01,1.000000000000000000e+00,1.000000000000000000e+00,-1.000000000000000000e+00,0.000000000000000000e+00
5.580000000000000000e+02,5.337611144495121351e+01,4.703404057489942147e+01,-5.679160711412911157e-03,1.792230052712452846e+02,2.474299307428873274e-01,nan,1.153322207447679640e-04,4.232685552403133045e+00,1.000000000000000000e+00,1.000000000000000000e+00,-1.000000000000000000e+00,0.000000000000000000e+00
5.590000000000000000e+02,1.627185263720190633e+01,4.717937473575977947e+01,-1.817207938035602039e-03,5.587217861993103440e+01,3.249399957586105447e-01,nan,1.861119670407516285e-05,1.872813355106109867e+01,1.000000000000000000e+00,1.000000000000000000e+00,-1.000000000000000000e+00,0.000000000000000000e+00
5.600000000000000000e+02,4.898208281110861861e+01,4.459004156206798086e+01,-5.260398451060620609e-03,1.658477327042388652e+02,2.869382545624027392e-01,nan,1.248336868390736824e-04,5.027983572939521473e+00,1.000000000000000000e+00,1.000000000000000000e+00,-1.000000000000000000e+00,0.000000000000000000e+00
5.610000000000000000e+02,1.159167210060369229e+02,1.137750058675144338e+01,-1.374667461576347359e-02,4.368995144151829209e+02,1.164437451414457314e-02,nan,2.141371987440025986e-05,1.761893623168290546e+01,1.000000000000000000e+00,1.000000000000000000e+00,-1.000000000000000000e+00,0.000000000000000000e+00
5.610000000000000000e+02,5.473967805656543106e+01,5.104107352724872015e+01,-5.928919852620593428e-03,1.872003158028673795e+02,3.157897542614779285e-01,nan,1.835061823591193156e-04,4.232685552403133045e+00,1.000000000000000000e+00,1.000000000000000000e+00,-1.000000000000000000e+00,0.000000000000000000e+00
5.630000000000000000e+02,6.512007573503305480e+01,1.801825791421938305e+01,-1.816919462922871866e-03,5.586296472071690999e+01,3.048953162455309007e-01,nan,1.644678837422197196e-05,6.717531481643836067e+00,1.000000000000000000e+00,1.000000000000000000e+00,-1.000000000000000000e+00,0.000000000000000000e+00
5.630000000000000000e+02,1.138484131659449474e+02,5.262535396870303117e+01,-1.446909355675804259e-03,4.404483661907423908e+01,3.701665471170033639e-01,nan,1.519598033642085139e-05,3.089996016813875102e+01,1.000000000000000000e+00,1.000000000000000000e+00,-1.000000000000000000e+00,0.000000000000000000e+00
5.650000000000000000e+02,2.432345985521917697e+01,2.420109553658011237e+01,1.501808707147208287e-03,-4.579832268791000160e+01,3.267473043787526565e-01,nan,1.224328715271596236e-05,8.240040461856230181e+00,1.000000000000000000e+00,1.000000000000000000e+00,-1.000000000000000000e+00,0.000000000000000000e+00
5.650000000000000000e+02,1.676635878355615361e+01,2.748567925536357848e+01,-1.241525170398791915e-03,3.748486281264389675e+01,3.706521428183222611e-01,nan,1.116414809449612726e-05,8.240040461856230181e+00,1.000000000000000000e+00,1.000000000000000000e+00,-1.000000000000000000e+00,0.000000000000000000e+00
5.660000000000000000e+02,1.032326228510550266e+02,2.360617868092390381e+01,-7.296777777054812807e-03,2.308897174143115478e+02,3.389823071732933624e-02,nan,1.820915940007837360e-05,1.761893623168290546e+01,1.000000000000000000e+00,1.000000000000000000e+00,-1.000000000000000000e+00,0.000000000000000000e+00
5.670000000000000000e+02,8.535034070071125711e+01,2.918002312255082487e+01,-6.650917442108343972e-03,2.102609291064545687e+02,6.199337756913381181e-02,nan,3.139777770543069870e-05,7.079877497081909610e+00,1.000000000000000000e+00,1.000000000000000000e+00,-1.000000000000000000e+00,0.000000000000000000e+00
5.670000000000000000e+02,6.004670849069677274e+01,2.242123122903423749e+01,-1.663613219160820335e-03,5.096636110888154292e+01,3.184463949740001798e-01,nan,1.520799292154132855e-05,6.717531481643836067e+00,1.000000000000000000e+00,1.000000000000000000e+00,-1.000000000000000000e+00,0.000000000000000000e+00
5.680000000000000000e+02,8.387513306900734733e+01,2.225554279424824955e+01,-7.136031817936264003e-03,2.257554891879027821e+02,4.433296876875980619e-02,nan,2.776799520534234723e-05,7.079877497081909610e+00,1.000000000000000000e+00,1.000000000000000000e+00,-1.000000000000000000e+00,0.000000000000000000e+00
5.690000000000000000e+02,3.268536730681363878e+01,3.484328789534598769e+01,-1.486498001795504183e-02,4.726182049076944054e+02,8.584501899497998245e-03,nan,2.021973987798316751e-05,1.184279045246923268e+01,1.000000000000000000e+00,1.000000000000000000e+00,-1.000000000000000000e+00,0.000000000000000000e+00
5.690000000000000000e+02,3.658998968964740328e+01,1.391804488761629521e+01,-7.383178959917056222e-03,2.336493724269721213e+02,3.028678220850589131e-02,nan,1.793620626538933665e-05,9.335307663717342663e+00,1.000000000000000000e+00,1.000000000000000000e+00,-1.000000000000000000e+00,0.000000000000000000e+00
5.690000000000000000e+02,3.674201165530182323e+01,4.596962252679471561e+01,-1.471473250934822105e-02,4.678192973403332644e+02,1.375729326838714961e-02,nan,2.987327668511878954e-05,1.184279045246923268e+01,1.000000000000000000e+00,1.000000000000000000e+00,-1.000000000000000000e+00,0.000000000000000000e+00
5.690000000000000000e+02,4.579975877368178772e+01,2.603258963320721975e+01,1.432391932240153652e-03,-4.358114990752788032e+01,3.262742646244498612e-01,nan,1.124989488776973721e-05,1.317999311942936558e+01,1.000000000000000000e+00,1.000000000000000000e+00,-1.000000000000000000e+00,0.000000000000000000e+00
5.700000000000000000e+02,1.255266126487959042e+02,7.560357426603059317e+00,-7.476167020950247322e-03,2.366194124223385700e+02,3.290618726866811894e-02,nan,2.068541827902477498e-05,1.467230720294638679e+01,1.000000000000000000e+00,1.000000000000000000e+00,-1.000000000000000000e+00,0.000000000000000000e+00
5.710000000000000000e+02,7.638409403002101783e+01,2.156044387268523010e+01,-7.429335076117272660e-03,2.351235994365716806e+02,3.513002258401520805e-02,nan,2.205415492904646567e-05,7.523219283948548330e+00,1.000000000000000000e+00,1.000000000000000000e+00,-1.000000000000000000e+00,0.000000000000000000e+00
5.720000000000000000e+02,8.167991894188354252e+00,4.447619847420784822e+01,-1.564885522790757100e-02,4.976551902912726177e+02,1.132635728753905724e-02,nan,3.066925590677833301e-05,2.634188040637857853e+01,1.000000000000000000e+00,1.000000000000000000e+00,-1.000000000000000000e+00,0.000000000000000000e+00
5.740000000000000000e+02,2.801800285460194218e+01,1.022088234370954218e+01,-1.878666468128842521e-03,5.783516494747907188e+01,2.908815564500152329e-01,nan,1.656006420741986865e-05,9.335307663717342663e+00,1.000000000000000000e+00,1.000000000000000000e+00,-1.000000000000000000e+00,0.000000000000000000e+00
5.740000000000000000e+02,1.129789296093903062e+02,1.516510916484182303e+01,-1.245251722296638035e-03,3.760388893339999328e+01,3.662576753288004916e-01,nan,1.099924568790302680e-05,1.195657626912913152e+01,1.000000000000000000e+00,1.000000000000000000e+00,-1.000000000000000000e+00,0.000000000000000000e+00
5.750000000000000000e+02,4.731808469841604392e+01,9.179952316331984719e+00,-6.532766034072340182e-03,2.064871714490006980e+02,2.583217478050414684e-02,nan,1.118334556359298525e-05,1.345452195190145694e+01,1.000000000000000000e+00,1.000000000000000000e+00,-1.000000000000000000e+00,0.000000000000000000e+00
5.760000000000000000e+02,6.225590001257191375e+01,1.627263861818732593e+01,-1.490392123640971265e-03,4.543367684792563921e+01,2.748822692614248941e-01,nan,9.505653622370986036e-06,1.508531572769295082e+01,1.000000000000000000e+00,1.000000000000000000e+00,-1.000000000000000000e+00,0.000000000000000000e+00
5.780000000000000000e+02,4.250073037511945273e+01,2.174248622784895346e+01,-1.327452924718864995e-02,4.218191846103306375e+02,1.112950332289097677e-02,nan,1.930777679051773948e-05,1.345452195190145694e+01,1.000000000000000000e+00,1.000000000000000000e+00,-1.000000000000000000e+00,0.000000000000000000e+00
5.800000000000000000e+02,1.000130615494747701e+02,1.020482910594892090e+01,-7.432862969491943472e-03,2.352362804012647928e+02,2.767318479893876582e-02,nan,1.477899448362585896e-05,5.903905683651154312e+00,1.000000000000000000e+00,1.000000000000000000e+00,-1.000000000000000000e+00,0.000000000000000000e+00
5.810000000000000000e+02,2.296126498764950341e+01,1.824304951228032223e+01,-6.832616760162672949e-03,2.160644079160572630e+02,3.895547703022883557e-02,nan,1.847127354927544850e-05,1.985035931549870014e+01,1.000000000000000000e+00,1.000000000000000000e+00,-1.000000000000000000e+00,0.000000000000000000e+00
5.820000000000000000e+02,1.021767920416635889e+02,4.077939372259185546e+01,-6.991222745960497427e-03,2.211302853640870580e+02,3.903864930991307602e-02,nan,1.888262386137655645e-05,2.478841730443409119e+01,1.000000000000000000e+00,1.000000000000000000e+00,-1.000000000000000000e+00,0.000000000000000000e+00
5.880000000000000000e+02,1.413789013883975372e+02,3.258532417930348402e+01,-6.471194820834550061e-03,2.045205860202089525e+02,4.473895843895792090e-02,nan,1.910644581317461478e-05,1.741065157428100463e+01,1.000000000000000000e+00,1.000000000000000000e+00,-1.000000000000000000e+00,0.000000000000000000e+00
5.880000000000000000e+02,1.287974407111503012e+02,6.113404139150158123e+00,-1.396323287688564473e-03,4.242911688622809407e+01,3.702285129622353566e-01,nan,1.419595682290308829e-05,1.703777966704708291e+01,1.000000000000000000e+00,1.000000000000000000e+00,-1.000000000000000000e+00,0.000000000000000000e+00
5.890000000000000000e+02,1.189604879260872963e+02,2.878902171423104406e+01,-7.818265071481341269e-03,2.475460290344601333e+02,5.867072171853027207e-02,nan,4.092629321548826735e-05,7.168208690425029062e+00,1.000000000000000000e+00,1.000000000000000000e+00,-1.000000000000000000e+00,0.000000000000000000e+00
5.890000000000000000e+02,1.844666847006523724e+01,1.895231430550962415e+01,-7.482653517265995362e-03,2.368265912071579748e+02,3.953286025903368639e-02,nan,2.183297192830035093e-05,2.654544506483636823e+01,1.000000000000000000e+00,1.000000000000000000e+00,-1.000000000000000000e+00,0.000000000000000000e+00
5.920000000000000000e+02,1.023394284115522979e+01,4.419536862614384631e+01,-6.844493600575389004e-03,2.164437543681976024e+02,5.331183161760499889e-02,nan,2.543475153495510137e-05,2.654544506483636823e+01,1.000000000000000000e+00,1.000000000000000000e+00,-1.000000000000000000e+00,0.000000000000000000e+00
5.920000000000000000e+02,1.136774779244520346e+02,1.396659847723339531e+01,-7.392847565348925794e-03,2.339581878223358160e+02,3.813112385788164360e-02,nan,2.224358814360051652e-05,9.166195055377649226e+00,1.000000000000000000e+00,1.000000000000000000e+00,-1.000000000000000000e+00,0.000000000000000000e+00
5.930000000000000000e+02,1.254071358446932436e+02,2.565470417399704317e+01,-1.347600412190710396e-02,4.282542949817756721e+02,1.431763428707133468e-02,nan,2.602539150973492591e-05,7.168208690425029062e+00,1.000000000000000000e+00,1.000000000000000000e+00,-1.000000000000000000e+00,0.000000000000000000e+00
5.930000000000000000e+02,7.460285589176953636e+01,3.690005998884734595e+01,-8.197421263833899047e-03,2.596562832247910819e+02,2.425674731160287756e-02,nan,1.609408613544623728e-05,2.177892630410972075e+01,1.000000000000000000e+00,1.000000000000000000e+00,-1.000000000000000000e+00,0.000000000000000000e+00
5.940000000000000000e+02,1.240921397987646060e+02,1.467241778086220982e+01,-6.999995622069123818e-03,2.214104911520936980e+02,3.525036517537916136e-02,nan,1.856759554767288716e-05,9.621587534811045117e+00,1.000000000000000000e+00,1.000000000000000000e+00,-1.000000000000000000e+00,0.000000000000000000e+00
5.940000000000000000e+02,1.190035471866326588e+02,6.506563758300487166e+00,-7.279528419212444659e-03,2.303387726788585042e+02,6.589831451683447749e-02,nan,2.801433052603267049e-05,9.166195055377649226e+00,1.000000000000000000e+00,1.000000000000000000e+00,-1.000000000000000000e+00,0.000000000000000000e+00
5.960000000000000000e+02,9.249493889256261525e+01,5.115661439489049656e+01,-6.807710218993133326e-03,2.152688926359465142e+02,7.973330281131130182e-02,nan,3.938002275373604172e-05,2.287741195239830816e+01,1.000000000000000000e+00,1.000000000000000000e+00,-1.000000000000000000e+00,0.000000000000000000e+00
5.970000000000000000e+02,1.332372710391813087e+02,3.384775952055305481e+01,-6.430359509098303519e-03,2.032163055810607659e+02,5.232604701741971898e-02,nan,2.166742751004562491e-05,1.133301253311275225e+01,1.000000000000000000e+00,1.000000000000000000e+00,-1.000000000000000000e+00,0.000000000000000000e+00
5.970000000000000000e+02,7.074701575831186062e+01,1.546517888758952886e+01,-6.023631580358759958e-03,1.902254097373694037e+02,3.169424961660094464e-02,nan,1.130048272870916529e-05,1.188089602632722119e+01,1.000000000000000000e+00,1.000000000000000000e+00,-1.000000000000000000e+00,0.000000000000000000e+00
5.980000000000000000e+02,5.138386862132269073e+01,3.311226579841520845e+01,-1.617677185688803834e-03,4.949916354475895020e+01,3.667859396040981101e-01,nan,1.828125423169263015e-05,1.534967356067777366e+01,1.000000000000000000e+00,1.000000000000000000e+00,-1.000000000000000000e+00,0.000000000000000000e+00
5.980000000000000000e+02,1.208530974607971871e+02,4.666547005838086193e+01,-6.930610814815817491e-03,2.191943394190281538e+02,4.855666256361912403e-02,nan,2.388380605990464981e-05,1.780552137449280181e+01,1.000000000000000000e+00,1.000000000000000000e+00,-1.000000000000000000e+00,0.000000000000000000e+00
5.990000000000000000e+02,7.124103165999548537e+01,3.444707373280321860e+01,-7.139987709176880831e-03,2.258818404105372508e+02,7.865517382851716643e-02,nan,4.158308150664821024e-05,7.114515264916631665e+00,1.000000000000000000e+00,1.000000000000000000e+00,-1.000000000000000000e+00,0.000000000000000000e+00
5.990000000000000000e+02,9.861123027523989037e+01,2.616932072240905072e+01,-1.541926794972160036e-03,4.707969498510415463e+01,3.694396450580709201e-01,nan,1.706088802968060207e-05,1.214339502806466697e+01,1.000000000000000000e+00,1.000000000000000000e+00,-1.000000000000000000e+00,0.000000000000000000e+00
6.010000000000000000e+02,1.308982147569933261e+02,8.522321847499746639e+00,-6.022557166583866056e-03,1.901910929460786690e+02,4.612384971014615864e-02,nan,1.876969624190383780e-05,1.442843450579070819e+01,1.000000000000000000e+00,1.000000000000000000e+00,-1.000000000000000000e+00,0.000000000000000000e+00
6.010000000000000000e+02,7.130711237345296638e+01,2.733286535842728071e+01,-7.644782987335150409e-03,2.420050087930573000e+02,4.312045976779688150e-02,nan,2.638048385121981020e-05,7.114515264916631665e+00,1.000000000000000000e+00,1.000000000000000000e+00,-1.000000000000000000e+00,0.000000000000000000e+00
6.010000000000000000e+02,6.335242080397524234e+01,4.272300130983644095e+01,-6.772175091055513026e-03,2.141339001429045936e+02,3.203661356898213075e-02,nan,1.449278474906942030e-05,1.143333540564692008e+01,1.000000000000000000e+00,1.000000000000000000e+00,-1.000000000000000000e+00,0.000000000000000000e+00
6.040000000000000000e+02,8.505682784447387235e+01,9.185110386200591392e+00,-7.234900545029940289e-03,2.289133577410966893e+02,3.004413315472420631e-02,nan,1.554824251156596137e-05,1.133590672043563607e+01,1.000000000000000000e+00,1.000000000000000000e+00,-1.000000000000000000e+00,0.000000000000000000e+00
6.040000000000000000e+02,1.073190706343497425e+02,3.463309996621516973e+01,-1.887306929248872781e-03,5.811114139886178265e+01,3.528566903444503300e-01,nan,2.305536433175408193e-05,5.865367159800157104e+00,1.000000000000000000e+00,1.000000000000000000e+00,-1.000000000000000000e+00,0.000000000000000000e+00
6.060000000000000000e+02,1.103711072707726117e+02,1.055213977757206756e+01,-7.317152795589447999e-03,2.315404957968460451e+02,4.141565601743135705e-02,nan,2.212593159198461410e-05,1.917936696026109544e+01,1.000000000000000000e+00,1.000000000000000000e+00,-1.000000000000000000e+00,0.000000000000000000e+00
6.060000000000000000e+02,1.430905742467048185e+02,1.623763728897937852e+01,-6.311604084425344492e-03,1.994232556236095490e+02,3.944124310789653975e-02,nan,1.564946920655108656e-05,1.442843450579070819e+01,1.000000000000000000e+00,1.000000000000000000e+00,-1.000000000000000000e+00,0.000000000000000000e+00
6.060000000000000000e+02,8.845361871111985863e+01,4.316548080569226897e+01,-7.289875514712707699e-03,2.306692590566816534e+02,2.777093247184458935e-02,nan,1.463135344468203802e-05,2.070523602998946799e+01,1.000000000000000000e+00,1.000000000000000000e+00,-1.000000000000000000e+00,0.000000000000000000e+00
6.080000000000000000e+02,1.121730550470026060e+02,3.792572312123689215e+01,-2.188912504705075365e-03,6.774442777968754115e+01,1.879224741338026972e-01,nan,1.182575214299493481e-05,3.706826640288613639e+00,1.000000000000000000e+00,1.000000000000000000e+00,-1.000000000000000000e+00,0.000000000000000000e+00
6.080000000000000000e+02,1.036508422056314913e+02,2.851560699441522573e+01,-1.315075741531444723e-03,3.983406910341762597e+01,3.345505798264674091e-01,nan,1.058977708912391587e-05,7.132995167899560229e+00,1.000000000000000000e+00,1.000000000000000000e+00,-1.000000000000000000e+00,0.000000000000000000e+00
6.090000000000000000e+02,4.467928900438307949e+01,1.167908172326486316e+01,-6.092314774734527115e-03,1.924191519451216834e+02,4.354150497053077551e-02,nan,1.687805470694179311e-05,1.365038603117982596e+01,1.000000000000000000e+00,1.000000000000000000e+00,-1.000000000000000000e+00,0.000000000000000000e+00
6.090000000000000000e+02,5.507234858580171988e+01,5.127872211188658724e+01,-7.779194206090805572e-03,2.462981050367541229e+02,2.681473390066557716e-02,nan,1.565016667362190960e-05,1.445326493521088906e+01,1.000000000000000000e+00,1.000000000000000000e+00,-1.000000000000000000e+00,0.000000000000000000e+00
6.100000000000000000e+02,1.080363483761109649e+02,5.195876556931602863e+01,1.531889679367967301e-03,-4.675910936958165820e+01,3.078573071410583006e-01,nan,1.307368952393763167e-05,7.425768885295393140e+00,1.000000000000000000e+00,1.000000000000000000e+00,-1.000000000000000000e+00,0.000000000000000000e+00
6.110000000000000000e+02,5.534876260451074614e+01,2.019350313029001143e+01,-6.232945884962657994e-03,1.969109116111421542e+02,3.896144509231824760e-02,nan,1.595633430231715300e-05,1.365038603117982596e+01,1.000000000000000000e+00,1.000000000000000000e+00,-1.000000000000000000e+00,0.000000000000000000e+00
6.110000000000000000e+02,6.940523197871054606e+01,5.314025936176233955e+01,-7.711051426523150149e-03,2.441216236856789976e+02,3.583871006425520811e-02,nan,2.089535763881846141e-05,1.445326493521088906e+01,1.000000000000000000e+00,1.000000000000000000e+00,-1.000000000000000000e+00,0.000000000000000000e+00
6.120000000000000000e+02,1.179856120821150398e+02,4.277243270705776013e+01,1.356748803991356849e-03,-4.116510731262562928e+01,3.689298300902136285e-01,nan,1.342679544794546244e-05,7.568118200432849108e+00,1.000000000000000000e+00,1.000000000000000000e+00,-1.000000000000000000e+00,0.000000000000000000e+00
6.120000000000000000e+02,1.093739767910149254e+02,4.465446589299779134e+01,-1.425888699093058555e-03,4.337343654807659732e+01,3.702168833917053314e-01,nan,1.429759585117724207e-05,7.287716951945072630e+00,1.000000000000000000e+00,1.000000000000000000e+00,-1.000000000000000000e+00,0.000000000000000000e+00
6.150000000000000000e+02,1.104473854944714759e+02,3.532413279782172566e+01,-6.872173379453158648e-03,2.173278469002542863e+02,4.400268185083067163e-02,nan,2.072729173672516718e-05,4.235469345502815841e+00,1.000000000000000000e+00,1.000000000000000000e+00,-1.000000000000000000e+00,0.000000000000000000e+00
6.150000000000000000e+02,1.389478610187973686e+02,4.948420181279116292e+01,-6.962342009894316106e-03,2.202078342423074275e+02,3.977557584479496366e-02,nan,1.912181679026442394e-05,1.194869959437105855e+01,1.000000000000000000e+00,1.000000000000000000e+00,-1.000000000000000000e+00,0.000000000000000000e+00
6.160000000000000000e+02,5.578336615994977166e+01,3.596458178588459731e+01,-1.749060105871876134e-03,5.369553588886536488e+01,3.099640675425210379e-01,nan,1.557017132476717656e-05,1.357948905150765562e+01,1.000000000000000000e+00,1.000000000000000000e+00,-1.000000000000000000e+00,0.000000000000000000e+00
6.170000000000000000e+02,1.135023157060496004e+02,6.604061752285559805e+00,-6.879278014991149770e-03,2.175547690606465210e+02,1.641789286125359126e-01,nan,3.679898992813257193e-05,1.409048344386041052e+01,1.000000000000000000e+00,1.000000000000000000e+00,-1.000000000000000000e+00,0.000000000000000000e+00
6.170000000000000000e+02,2.820759124944298080e+01,2.301118614696950715e+01,-7.166919196740331385e-03,2.267420325073443053e+02,3.595839579582249534e-02,nan,1.843491950078751565e-05,9.809408520113622743e+00,1.000000000000000000e+00,1.000000000000000000e+00,-1.000000000000000000e+00,0.000000000000000000e+00
6.170000000000000000e+02,9.342968901968738749e+01,3.102672414271174617e+01,-1.926194123455615302e-03,5.935319893633836585e+01,2.471622306335284902e-01,nan,1.350252542218011308e-05,1.755191483733022650e+01,1.000000000000000000e+00,1.000000000000000000e+00,-1.000000000000000000e+00,0.000000000000000000e+00
6.180000000000000000e+02,3.776427932918544883e+01,2.079890034694593126e+01,-1.514112546145341158e-03,4.619130748095736294e+01,3.573786739152672309e-01,nan,1.566281088317558821e-05,9.809408520113622743e+00,1.000000000000000000e+00,1.000000000000000000e+00,-1.000000000000000000e+00,0.000000000000000000e+00
6.190000000000000000e+02,1.350047150621054755e+02,9.262885307056450301e+00,1.331574890770944502e-03,-4.036105216539741036e+01,3.448511146944522876e-01,nan,1.097017077320266553e-05,1.498150734819557428e+01,1.000000000000000000e+00,1.000000000000000000e+00,-1.000000000000000000e+00,0.000000000000000000e+00
6.210000000000000000e+02,9.308584532524791655e+01,8.545645611145449294e+00,-6.467200416060129263e-03,2.043930046747555878e+02,4.630327702816994240e-02,nan,1.978866008755860521e-05,2.050858382948802472e+01,1.000000000000000000e+00,1.000000000000000000e+00,-1.000000000000000000e+00,0.000000000000000000e+00
6.210000000000000000e+02,1.162774312971179427e+02,2.353752307973223168e+01,-6.528319110240740457e-03,2.063451366384083485e+02,5.486118862318067890e-02,nan,2.097420877273554893e-05,6.862320492136476879e+00,1.000000000000000000e+00,1.000000000000000000e+00,-1.000000000000000000e+00,0.000000000000000000e+00
6.210000000000000000e+02,4.331792317958529992e+01,4.135116272403993065e+01,-1.384344494448843353e-02,4.399903600945578432e+02,1.080497899410559626e-02,nan,1.982910569638296047e-05,1.357948905150765562e+01,1.000000000000000000e+00,1.000000000000000000e+00,-1.000000000000000000e+00,0.000000000000000000e+00
6.250000000000000000e+02,4.932527983720691900e+00,1.031234360211951362e+01,-5.578522451589894640e-03,1.760086178174435361e+02,6.007225863872245331e-02,nan,1.976111460932203890e-05,3.659624575174373007e+01,1.000000000000000000e+00,1.000000000000000000e+00,-1.000000000000000000e+00,0.000000000000000000e+00
6.250000000000000000e+02,9.846816801133654451e+01,4.089022855126334832e+01,-1.704973180230714720e-03,5.228739885522769981e+01,3.189341105095234719e-01,nan,1.547219332565918909e-05,1.947239340520861006e+01,1.000000000000000000e+00,1.000000000000000000e+00,-1.000000000000000000e+00,0.000000000000000000e+00
6.250000000000000000e+02,1.147639337383180305e+02,3.023086063855166827e+01,-1.480315390244565672e-03,4.511182583955493186e+01,3.466423087615703169e-01,nan,1.398750796071927368e-05,6.862320492136476879e+00,1.000000000000000000e+00,1.000000000000000000e+00,-1.000000000000000000e+00,0.000000000000000000e+00
6.260000000000000000e+02,4.819727744810089831e+01,2.199003801549347870e+01,-6.567556600467328205e-03,2.075983826357538646e+02,5.654679830504871774e-02,nan,2.481738112134209648e-05,7.971285490787453298e+00,1.000000000000000000e+00,1.000000000000000000e+00,-1.000000000000000000e+00,0.000000000000000000e+00
6.260000000000000000e+02,5.007730798411272133e+01,8.305919872276648519e+00,-1.713957555404678739e-03,5.257435992639710776e+01,3.165641751297765261e-01,nan,1.542607733573560496e-05,9.537296227524040049e+00,1.000000000000000000e+00,1.000000000000000000e+00,-1.000000000000000000e+00,0.000000000000000000e+00
6.280000000000000000e+02,1.148910108974320821e+02,2.033354650257770047e+01,-7.875461007383588799e-03,2.493728680427652478e+02,3.232120065124255426e-02,nan,2.273305447476151470e-05,9.898129909761673062e+00,1.000000000000000000e+00,1.000000000000000000e+00,-1.000000000000000000e+00,0.000000000000000000e+00
6.280000000000000000e+02,5.429738518538458436e+01,1.685875377378845741e+01,-7.066308157170540782e-03,2.235285144688187415e+02,7.135865762026727399e-02,nan,3.934233205801517571e-05,7.971285490787453298e+00,1.000000000000000000e+00,1.000000000000000000e+00,-1.000000000000000000e+00,0.000000000000000000e+00
6.280000000000000000e+02,1.313695945958410789e+02,2.707618205147402790e+01,1.625119956988615695e-03,-4.973688576620538981e+01,3.648024563469087767e-01,nan,1.924706359729742874e-05,1.623105472260142079e+01,1.000000000000000000e+00,1.000000000000000000e+00,-1.000000000000000000e+00,0.000000000000000000e+00
6.290000000000000000e+02,1.126385220717903479e+01,4.635675421873898472e+01,-7.596527937494420256e-03,2.404637418130498929e+02,3.313363468487118269e-02,nan,1.941597533234985340e-05,1.937434414173457498e+01,1.000000000000000000e+00,1.000000000000000000e+00,-1.000000000000000000e+00,0.000000000000000000e+00
6.310000000000000000e+02,9.672231210376603272e+00,2.486380019674906805e+01,-6.469775604878444733e-03,2.044752562423335860e+02,8.689686209528213467e-02,nan,3.867858632615065400e-05,1.294599613896369483e+01,1.000000000000000000e+00,1.000000000000000000e+00,-1.000000000000000000e+00,0.000000000000000000e+00
6.310000000000000000e+02,1.361633985710295747e+02,1.156919714609835736e+01,-5.691255755994837143e-03,1.796093211676616761e+02,2.054992582278870605e-01,nan,8.816363287055518591e-05,1.623105472260142079e+01,1.000000000000000000e+00,1.000000000000000000e+00,-1.000000000000000000e+00,0.000000000000000000e+00
6.320000000000000000e+02,6.507752329938240621e+01,3.378848215205207595e+01,-5.977807613877991755e-03,1.887617915945453149e+02,4.253428579901163964e-02,nan,1.516479993003170827e-05,1.090995036337873358e+01,1.000000000000000000e+00,1.000000000000000000e+00,-1.000000000000000000e+00,0.000000000000000000e+00
6.320000000000000000e+02,1.080355463794096522e+02,4.991207436590889301e+01,-1.436287207262005802e-02,4.565808699738702217e+02,1.213650002819510743e-02,nan,2.782314082520041966e-05,1.092104719195840090e+01,1.000000000000000000e+00,1.000000000000000000e+00,-1.000000000000000000e+00,0.000000000000000000e+00
6.320000000000000000e+02,5.233296485899692385e+01,8.104430044067649774e+00,-6.566220752268951341e-03,2.075557156252491211e+02,4.695944211437974580e-02,nan,2.118206853029024262e-05,8.972019348144421258e+00,1.000000000000000000e+00,1.000000000000000000e+00,-1.000000000000000000e+00,0.000000000000000000e+00
6.340000000000000000e+02,8.723800219200573736e+01,2.579491489081695477e+01,-7.901338111103039033e-03,2.501993831045599279e+02,2.388736468298913174e-02,nan,1.448363943062708963e-05,2.355809717083054267e+01,1.000000000000000000e+00,1.000000000000000000e+00,-1.000000000000000000e+00,0.000000000000000000e+00
6.340000000000000000e+02,2.188156615834413898e+01,2.916855990646591579e+01,-6.358753061749751120e-03,2.009291946316734823e+02,2.469332687993027742e-01,nan,1.460097670963703695e-04,4.841949788996309678e+00,1.000000000000000000e+00,1.000000000000000000e+00,-1.000000000000000000e+00,0.000000000000000000e+00
6.340000000000000000e+02,1.149521420652070844e+02,4.146044873008055021e+01,-6.615169450963323712e-03,2.091191377595329755e+02,4.404331039408915238e-02,nan,1.928776536044332342e-05,1.092104719195840090e+01,1.000000000000000000e+00,1.000000000000000000e+00,-1.000000000000000000e+00,0.000000000000000000e+00
6.340000000000000000e+02,3.060997412893327052e+01,4.740211420983538204e+01,-6.330017824480995911e-03,2.000113907435583940e+02,4.649506178310824911e-02,nan,1.889488039397012087e-05,1.646542066904464718e+01,1.000000000000000000e+00,1.000000000000000000e+00,-1.000000000000000000e+00,0.000000000000000000e+00
6.340000000000000000e+02,4.429670092522638214e+01,2.973588848958360131e+01,-1.503511829733436382e-03,4.585272044759985732e+01,3.346522848812077955e-01,nan,1.316140332697343937e-05,1.830309209896901024e+01,1.000000000000000000e+00,1.000000000000000000e+00,-1.000000000000000000e+00,0.000000000000000000e+00
6.360000000000000000e+02,2.608578156639606505e+01,3.157044470009365966e+01,-6.738386410535766695e-03,2.130546892052931014e+02,1.568527617999943002e-01,nan,8.796350883636136302e-05,4.841949788996309678e+00,1.000000000000000000e+00,1.000000000000000000e+00,-1.000000000000000000e+00,0.000000000000000000e+00
6.400000000000000000e+02,9.276254913192664375e+00,4.002859045470145816e+01,-8.267175682618999391e-03,2.618842403554526186e+02,2.689135643013607080e-02,nan,1.815874623549296258e-05,1.881755605574075219e+01,1.000000000000000000e+00,1.000000000000000000e+00,-1.000000000000000000e+00,0.000000000000000000e+00
6.400000000000000000e+02,5.159480569307447695e+01,7.643133945918242134e+00,-7.064551978028865871e-03,2.234724220819913398e+02,3.799882706091284312e-02,nan,1.949746652330942441e-05,3.497465527810588526e+01,1.000000000000000000e+00,1.000000000000000000e+00,-1.000000000000000000e+00,0.000000000000000000e+00
6.400000000000000000e+02,1.366820763185744170e+02,2.477869817819031795e+01,1.414954214799314137e-03,-4.302418896381376356e+01,3.284955670369131830e-01,nan,1.184123574314606742e-05,1.060657375112098855e+01,1.000000000000000000e+00,1.000000000000000000e+00,-1.000000000000000000e+00,0.000000000000000000e+00
6.430000000000000000e+02,1.098564958473486683e+02,7.938721237882632842e+00,-1.708405734725187888e-03,5.239703469472780029e+01,2.535349942664234524e-01,nan,1.093493195055040473e-05,2.651269893738414041e+01,1.000000000000000000e+00,1.000000000000000000e+00,-1.000000000000000000e+00,0.000000000000000000e+00
6.460000000000000000e+02,5.519763089805664436e+01,3.406997534556971630e+01,-7.751290354789433165e-03,2.454068556282924192e+02,5.386512661881359687e-02,nan,3.412819772586605111e-05,7.686211371083556010e+00,1.000000000000000000e+00,1.000000000000000000e+00,-1.000000000000000000e+00,0.000000000000000000e+00
6.460000000000000000e+02,4.820172767275420256e+01,4.661672379299182722e+01,-6.843111073111409967e-03,2.163995964212839169e+02,3.111912148906925690e-02,nan,1.458211381147339562e-05,8.011692911215263280e+00,1.000000000000000000e+00,1.000000000000000000e+00,-1.000000000000000000e+00,0.000000000000000000e+00
6.470000000000000000e+02,2.348371860165125824e+01,3.972389375252993915e+01,-1.411831806466118215e-02,4.487698114724377660e+02,1.345106007066410037e-02,nan,2.767127856773961514e-05,2.566108100618174248e+01,1.000000000000000000e+00,1.000000000000000000e+00,-1.000000000000000000e+00,0.000000000000000000e+00
6.490000000000000000e+02,6.873840659591378710e+01,4.123240571505753849e+01,-7.640013163103967150e-03,2.418526605390978546e+02,3.144173564804075838e-02,nan,1.836929174448817320e-05,1.419747633072309867e+01,1.000000000000000000e+00,1.000000000000000000e+00,-1.000000000000000000e+00,0.000000000000000000e+00
6.500000000000000000e+02,5.454961150724127350e+01,4.172882095767742072e+01,-5.724721755867516471e-03,1.806782256808045872e+02,5.468009469382661969e-02,nan,1.837719868074112701e-05,7.686211371083556010e+00,1.000000000000000000e+00,1.000000000000000000e+00,-1.000000000000000000e+00,0.000000000000000000e+00
6.500000000000000000e+02,9.590830884556061164e+01,4.633632017419689930e+01,-7.714032344230678691e-03,2.442168342397639549e+02,2.180362255457346521e-02,nan,1.394974155733410485e-05,1.538190673322301194e+01,1.000000000000000000e+00,1.000000000000000000e+00,-1.000000000000000000e+00,0.000000000000000000e+00
6.500000000000000000e+02,4.104845061311792165e+01,7.312519521749067053e+00,-2.980769502808124864e-03,9.303635159060993942e+01,1.249744892327472323e-01,nan,1.265209538263087939e-05,3.026814736483573398e+01,1.000000000000000000e+00,1.000000000000000000e+00,-1.000000000000000000e+00,0.000000000000000000e+00
6.520000000000000000e+02,1.316631968471112089e+02,4.334504634014707136e+01,-6.470357869779667925e-03,2.044938537915814720e+02,4.545851049787175135e-02,nan,1.897690792255368012e-05,3.369235801253993401e+01,1.000000000000000000e+00,1.000000000000000000e+00,-1.000000000000000000e+00,0.000000000000000000e+00
6.530000000000000000e+02,9.860401962126123010e+01,1.836830813213833480e+01,-7.410053192773088937e-03,2.345077358076078156e+02,1.948120049538282217e-02,nan,1.144176647822467976e-05,1.393897233116185852e+01,1.000000000000000000e+00,1.000000000000000000e+00,-1.000000000000000000e+00,0.000000000000000000e+00
6.540000000000000000e+02,9.316284207997480848e+01,3.120141128816011289e+01,-7.024291510266085677e-03,2.221865021675526748e+02,4.330721690587857609e-02,nan,2.225771113971086669e-05,1.393897233116185852e+01,1.000000000000000000e+00,1.000000000000000000e+00,-1.000000000000000000e+00,0.000000000000000000e+00
6.540000000000000000e+02,2.526226585955139115e+01,4.155852549829403131e+01,-6.513820820722548109e-03,2.058820610644584406e+02,4.202024081246702458e-02,nan,1.796721814822330063e-05,2.606366525291524994e+01,1.000000000000000000e+00,1.000000000000000000e+00,-1.000000000000000000e+00,0.000000000000000000e+00
6.560000000000000000e+02,1.271023324880515020e+02,9.962812970532292312e+00,-7.041979758846646405e-03,2.227514650794419708e+02,2.491493741459638311e-02,nan,1.231779115509896080e-05,3.072283888539015351e+00,1.000000000000000000e+00,1.000000000000000000e+00,-1.000000000000000000e+00,0.000000000000000000e+00
6.570000000000000000e+02,2.478075750205100292e+01,1.197779321947445474e+01,-7.098609497574363304e-03,2.245602197419188713e+02,3.617214202012786206e-02,nan,1.873403021897116207e-05,2.545382821297685183e+01,1.000000000000000000e+00,1.000000000000000000e+00,-1.000000000000000000e+00,0.000000000000000000e+00
6.570000000000000000e+02,7.113587370545093336e+01,4.482796862817194494e+01,-8.064701413896903370e-03,2.554172093252803393e+02,2.679079048900379068e-02,nan,1.712591131045641476e-05,2.010333634351326637e+01,1.000000000000000000e+00,1.000000000000000000e+00,-1.000000000000000000e+00,0.000000000000000000e+00
6.570000000000000000e+02,5.104077477109331795e+01,4.540340842415474754e+01,-8.463573608615299060e-03,2.681571929123171572e+02,2.216293598096708006e-02,nan,1.632063499507227061e-05,2.010333634351326637e+01,1.000000000000000000e+00,1.000000000000000000e+00,-1.000000000000000000e+00,0.000000000000000000e+00
6.570000000000000000e+02,4.811754969236058344e+01,2.214103585959882636e+01,1.400328186200539525e-03,-4.255703340180856031e+01,3.484256560085107202e-01,nan,1.218192281075458157e-05,2.344532410083375495e+01,1.000000000000000000e+00,1.000000000000000000e+00,-1.000000000000000000e+00,0.000000000000000000e+00
6.580000000000000000e+02,1.240058484220491408e+02,2.949609977874291289e+01,-2.473408564932068864e-03,7.683123600011867893e+01,2.242287935797646625e-01,nan,1.772267295153586987e-05,1.775511553642252593e+01,1.000000000000000000e+00,1.000000000000000000e+00,-1.000000000000000000e+00,0.000000000000000000e+00
6.600000000000000000e+02,1.382549866371103917e+02,1.890335755400272433e+01,-6.868344553258643945e-03,2.172055541370042135e+02,3.907270529652862034e-02,nan,1.854948914445043309e-05,1.347684448928163548e+01,1.000000000000000000e+00,1.000000000000000000e+00,-1.000000000000000000e+00,0.000000000000000000e+00
6.600000000000000000e+02,8.886996676524577765e+01,2.093971442223362800e+01,-6.885235651291171134e-03,2.177450560490223097e+02,9.657534885418339599e-02,nan,5.022618545062177456e-05,5.818256569027419722e+00,1.000000000000000000e+00,1.000000000000000000e+00,-1.000000000000000000e+00,0.000000000000000000e+00
6.620000000000000000e+02,8.755686437733228900e+01,1.527156907989398249e+01,-6.610157338985691265e-03,2.089590508314969952e+02,9.405037342225774921e-02,nan,4.585982610554391906e-05,5.818256569027419722e+00,1.000000000000000000e+00,1.000000000000000000e+00,-1.000000000000000000e+00,0.000000000000000000e+00
6.630000000000000000e+02,2.485310283658324337e+01,3.059330010111605702e+01,-6.634311101247010282e-03,2.097305223425449014e+02,2.744631803001273962e-02,nan,1.211026831884615496e-05,1.574985454786708594e+01,1.000000000000000000e+00,1.000000000000000000e+00,-1.000000000000000000e+00,0.000000000000000000e+00
6.630000000000000000e+02,3.823244330648946487e+01,5.245335840010221062e+01,-8.125052035506655571e-03,2.573448090400675028e+02,6.787590209115068607e-02,nan,4.630867312275881685e-05,1.933685814419596483e+01,1.000000000000000000e+00,1.000000000000000000e+00,-1.000000000000000000e+00,0.000000000000000000e+00
6.640000000000000000e+02,1.124355276835080559e+02,2.731868467875228035e+01,-6.754889457366146724e-03,2.135817967563811806e+02,2.865922287171518423e-02,nan,1.346599907595420849e-05,1.307222849501821393e+01,1.000000000000000000e+00,1.000000000000000000e+00,-1.000000000000000000e+00,0.000000000000000000e+00
6.650000000000000000e+02,1.345821861947153195e+02,3.187007935631742228e+01,-1.995829803133210290e-03,6.157736353821302089e+01,2.854745134287012265e-01,nan,1.997768275450333332e-05,1.347684448928163548e+01,1.000000000000000000e+00,1.000000000000000000e+00,-1.000000000000000000e+00,0.000000000000000000e+00
6.660000000000000000e+02,1.121237803081858146e+02,1.425017399849701860e+01,1.586679876934501054e-03,-4.850910906113937671e+01,3.014341090304287762e-01,nan,1.212849254249064410e-05,1.307222849501821393e+01,1.000000000000000000e+00,1.000000000000000000e+00,-1.000000000000000000e+00,0.000000000000000000e+00
6.680000000000000000e+02,5.506876488688514115e+01,4.294271391456598508e+01,-7.988546497887964379e-03,2.529848202220213125e+02,2.362622397531599638e-02,nan,1.480689098603138741e-05,1.933685814419596483e+01,1.000000000000000000e+00,1.000000000000000000e+00,-1.000000000000000000e+00,0.000000000000000000e+00
6.680000000000000000e+02,8.125601610017392673e+00,2.930968250631097405e+01,-2.342391894930236779e-03,7.264656169202362435e+01,2.213099432911141973e-01,nan,1.634286078571181027e-05,1.677667939177640477e+01,1.000000000000000000e+00,1.000000000000000000e+00,-1.000000000000000000e+00,0.000000000000000000e+00
6.690000000000000000e+02,3.133890919276216991e+01,1.637272637385003904e+01,1.549020737890292182e-03,-4.730627562306560918e+01,3.742981296880343312e-01,nan,1.732359187829599483e-05,1.271605117850445410e+01,1.000000000000000000e+00,1.000000000000000000e+00,-1.000000000000000000e+00,0.000000000000000000e+00
6.700000000000000000e+02,2.191310336689002014e+01,4.272806116064595727e+01,-1.857793271136838186e-03,5.716847473791241185e+01,3.039789305229267935e-01,nan,1.759062277112920757e-05,7.795206138445878175e+00,1.000000000000000000e+00,1.000000000000000000e+00,-1.000000000000000000e+00,0.000000000000000000e+00
6.720000000000000000e+02,1.323791458164325832e+02,4.065463328638874430e+01,-6.704236093253407303e-03,2.119639275843269672e+02,3.483997504466174178e-02,nan,1.525199548745479664e-05,5.160920278185339782e+01,1.000000000000000000e+00,1.000000000000000000e+00,-1.000000000000000000e+00,0.000000000000000000e+00
6.730000000000000000e+02,3.241038860352260542e+01,4.702097134030253756e+01,-2.672990774893213919e-03,8.320589463222675874e+01,1.746512124327243010e-01,nan,1.562100679483126363e-05,1.134116727457202778e+01,1.000000000000000000e+00,1.000000000000000000e+00,-1.000000000000000000e+00,0.000000000000000000e+00
6.750000000000000000e+02,2.992170406577491804e+01,2.510981920707696702e+01,-7.469413712652166713e-03,2.364037116589988443e+02,3.229932330026163978e-02,nan,1.770223297749037552e-05,7.902855799095299894e+00,1.000000000000000000e+00,1.000000000000000000e+00,-1.000000000000000000e+00,0.000000000000000000e+00
6.750000000000000000e+02,2.486766468671550001e+01,3.551447632727389703e+01,-1.857049727691382785e-03,5.714472594966198926e+01,2.952464665278162759e-01,nan,1.519456737312770661e-05,7.599276446142926744e+00,1.000000000000000000e+00,1.000000000000000000e+00,-1.000000000000000000e+00,0.000000000000000000e+00
6.760000000000000000e+02,8.528086186614014252e+01,1.955341387337638182e+01,-1.575624162519758146e-03,4.815598938508315996e+01,3.269974943862596906e-01,nan,1.523149770453532558e-05,1.514584768403243231e+01,1.000000000000000000e+00,1.000000000000000000e+00,-1.000000000000000000e+00,0.000000000000000000e+00
6.770000000000000000e+02,4.778394773256313499e+01,3.951449318380431919e+01,-7.410718788211152763e-03,2.345289949353906422e+02,5.654837179150262738e-02,nan,2.850283354569143311e-05,7.444226504867526018e+00,1.000000000000000000e+00,1.000000000000000000e+00,-1.000000000000000000e+00,0.000000000000000000e+00
6.790000000000000000e+02,1.137812253690561732e+02,3.501132858532540126e+01,-7.130974620988296368e-03,2.255939622452714275e+02,2.943161378010272777e-02,nan,1.507022649985094013e-05,2.115552382681783072e+01,1.000000000000000000e+00,1.000000000000000000e+00,-1.000000000000000000e+00,0.000000000000000000e+00
6.800000000000000000e+02,2.266570576756311084e+01,2.824121162541765884e+01,-1.654806576751208843e-03,5.068507682473994436e+01,3.596557892371435861e-01,nan,1.842447386605524626e-05,7.599276446142926744e+00,1.000000000000000000e+00,1.000000000000000000e+00,-1.000000000000000000e+00,0.000000000000000000e+00
6.800000000000000000e+02,5.422181899505712721e+01,4.325218255871580197e+01,-7.485387874565188962e-03,2.369139266182848758e+02,4.482178580734175188e-02,nan,2.537993448735814686e-05,7.444226504867526018e+00,1.000000000000000000e+00,1.000000000000000000e+00,-1.000000000000000000e+00,0.000000000000000000e+00
6.810000000000000000e+02,8.973971457930575468e+01,3.961411761172697510e+01,-1.968529229042803065e-03,6.070538281247197432e+01,3.135399080748056955e-01,nan,1.811691769578320271e-05,6.789964751247001828e+00,1.000000000000000000e+00,1.000000000000000000e+00,-1.000000000000000000e+00,0.000000000000000000e+00
6.870000000000000000e+02,6.576570627588240825e+01,3.629915329015631187e+01,-7.167570808815878700e-03,2.267628450063289449e+02,3.182940425434532816e-02,nan,1.622223672864481962e-05,1.185369348035465009e+01,1.000000000000000000e+00,1.000000000000000000e+00,-1.000000000000000000e+00,0.000000000000000000e+00
6.870000000000000000e+02,7.646728698514786515e+01,4.139682133047433155e+01,-7.844354741203429793e-03,2.483793334574101550e+02,2.081230592846272653e-02,nan,1.372239965421250862e-05,1.185369348035465009e+01,1.000000000000000000e+00,1.000000000000000000e+00,-1.000000000000000000e+00,0.000000000000000000e+00
6.880000000000000000e+02,1.688574538297173078e+01,5.064911162864803629e+01,-7.957079772843178925e-03,2.519797725753900579e+02,3.847519202091709278e-02,nan,2.392963289316587803e-05,3.284027153920403919e+01,1.000000000000000000e+00,1.000000000000000000e+00,-1.000000000000000000e+00,0.000000000000000000e+00
6.880000000000000000e+02,2.512585352169019970e+01,1.885942693957191807e+01,-7.591621452450282755e-03,2.403070286107759728e+02,3.115591202940770632e-02,nan,1.750596381801283638e-05,1.225992061706685732e+01,1.000000000000000000e+00,1.000000000000000000e+00,-1.000000000000000000e+00,0.000000000000000000e+00
6.880000000000000000e+02,8.502956276186688456e+01,2.188236717247722041e+01,-6.240340026649473897e-03,1.971470806020560644e+02,2.989616254357396752e-02,nan,1.192481165138592575e-05,1.895640726108830165e+01,1.000000000000000000e+00,1.000000000000000000e+00,-1.000000000000000000e+00,0.000000000000000000e+00
6.890000000000000000e+02,1.717292468448484755e+01,9.529015563478765216e+00,-7.316569262981122319e-03,2.315218577570152263e+02,3.355092317711416694e-02,nan,1.804526277888416361e-05,1.225992061706685732e+01,1.000000000000000000e+00,1.000000000000000000e+00,-1.000000000000000000e+00,0.000000000000000000e+00
6.890000000000000000e+02,4.885353850975452872e+01,2.821444006625775103e+01,-2.022293962819447441e-02,6.437515112607436549e+02,5.772852773952341643e-03,nan,2.542705252605554926e-05,1.874523956801660063e+01,1.000000000000000000e+00,1.000000000000000000e+00,-1.000000000000000000e+00,0.000000000000000000e+00
6.900000000000000000e+02,9.729810026059011818e+01,3.633326208907886468e+01,-7.853708992169488104e-03,2.486781083666533050e+02,2.039536083221948903e-02,nan,1.289657194478108824e-05,1.821974750812069743e+01,1.000000000000000000e+00,1.000000000000000000e+00,-1.000000000000000000e+00,0.000000000000000000e+00
6.930000000000000000e+02,6.283037659596486435e+01,1.426284982264771983e+01,-7.670797153041575105e-03,2.428359016166703555e+02,2.677412009421142880e-02,nan,1.747145006525991794e-05,6.562435934520664205e+00,1.000000000000000000e+00,1.000000000000000000e+00,-1.000000000000000000e+00,0.000000000000000000e+00
6.930000000000000000e+02,7.104408399282550590e+01,3.925068015833571167e+01,-6.308003207736090877e-03,1.993082435708079743e+02,1.722788750524910650e-01,nan,8.949539876222527594e-05,6.783359082673398710e+00,1.000000000000000000e+00,1.000000000000000000e+00,-1.000000000000000000e+00,0.000000000000000000e+00
6.930000000000000000e+02,6.489423858175580051e+01,4.211308506757419678e+01,-8.422272726157710096e-03,2.668380421376904224e+02,8.046765185006765631e-02,nan,6.141071081031177056e-05,6.783359082673398710e+00,1.000000000000000000e+00,1.000000000000000000e+00,-1.000000000000000000e+00,0.000000000000000000e+00
6.940000000000000000e+02,1.406125964327175559e+01,2.571588585429897478e+01,-6.523025737807701223e-03,2.061760662474160597e+02,4.644670164233510867e-02,nan,1.968564964360255279e-05,1.648324085671703187e+01,1.000000000000000000e+00,1.000000000000000000e+00,-1.000000000000000000e+00,0.000000000000000000e+00
6.950000000000000000e+02,2.279565556802690551e+01,5.492588633251337171e+00,-6.392230489899320377e-03,2.019984641641432290e+02,1.221235571517345075e-01,nan,5.705339947886852044e-05,6.531364748389529851e+00,1.000000000000000000e+00,1.000000000000000000e+00,-1.000000000000000000e+00,0.000000000000000000e+00
6.950000000000000000e+02,7.918452123401064568e+01,3.829730234007440970e+01,-5.616806155536704405e-03,1.772313998674123923e+02,1.187206193912369034e-01,nan,4.222679958780330888e-05,5.382881743313855161e+00,1.000000000000000000e+00,1.000000000000000000e+00,-1.000000000000000000e+00,0.000000000000000000e+00
6.960000000000000000e+02,1.182994648568114258e+02,6.686012162173696538e+00,-6.758120376021681946e-03,2.136849923443103592e+02,8.063224369244670342e-02,nan,3.933322354786048441e-05,1.369473937309162714e+01,1.000000000000000000e+00,1.000000000000000000e+00,-1.000000000000000000e+00,0.000000000000000000e+00
6.970000000000000000e+02,8.344459323605441625e+01,1.817053480933814313e+01,-6.923700863854909127e-03,2.189736354868040564e+02,3.391097358052941324e-02,nan,1.609615917885877037e-05,1.425127030409389839e+01,1.000000000000000000e+00,1.000000000000000000e+00,-1.000000000000000000e+00,0.000000000000000000e+00
6.970000000000000000e+02,1.092356113260216688e+02,4.173217603086709460e+01,-6.467452828024407990e-03,2.044010667164939434e+02,3.469355623470293803e-02,nan,1.517795153699238523e-05,2.383580845657192882e+01,1.000000000000000000e+00,1.000000000000000000e+00,-1.000000000000000000e+00,0.000000000000000000e+00
6.970000000000000000e+02,2.852665777004732917e+01,8.625373215207536859e+00,-6.756603692038376172e-03,2.136365494362563595e+02,5.670539344654346170e-02,nan,2.914015059383808821e-05,6.531364748389529851e+00,1.000000000000000000e+00,1.000000000000000000e+00,-1.000000000000000000e+00,0.000000000000000000e+00
6.990000000000000000e+02,2.296964589160452519e+01,4.455334392199166871e+01,-8.425681122453874267e-03,2.669469063639920705e+02,1.239355751502243530e-01,nan,9.961452511351713448e-05,1.484236181925185072e+01,1.000000000000000000e+00,1.000000000000000000e+00,-1.000000000000000000e+00,0.000000000000000000e+00
6.990000000000000000e+02,8.406981779007810474e+01,3.603692772028745139e+01,-6.468462783486311762e-03,2.044333247083486356e+02,2.298443113013198813e-01,nan,1.326398042120385042e-04,5.382881743313855161e+00,1.000000000000000000e+00,1.000000000000000000e+00,-1.000000000000000000e+00,0.000000000000000000e+00
6.990000000000000000e+02,7.907665336265118583e+01,5.337492660127707467e+01,-6.332662006687816286e-03,2.000958459609490205e+02,3.927083532157560342e-02,nan,1.580149148368670904e-05,1.507801010875370196e+01,1.000000000000000000e+00,1.000000000000000000e+00,-1.000000000000000000e+00,0.000000000000000000e+00
7.000000000000000000e+02,1.000297182329115344e+02,1.404070450052435248e+01,-6.154702337527521300e-03,1.944118115903474404e+02,4.263494604502748864e-02,nan,1.595831044560983052e-05,1.017932815490440568e+01,1.000000000000000000e+00,1.000000000000000000e+00,-1.000000000000000000e+00,0.000000000000000000e+00
7.000000000000000000e+02,9.757411829800297198e+00,3.779075747376896999e+01,-1.905147579891477332e-03,5.868097203478591695e+01,2.958181473993897193e-01,nan,1.779779411427607230e-05,9.835831166930944391e+00,1.000000000000000000e+00,1.000000000000000000e+00,-1.000000000000000000e+00,0.000000000000000000e+00
7.000000000000000000e+02,9.251284170711740273e+01,7.176646736985742514e+00,-1.923716437924285604e-03,5.927406162513705823e+01,3.262290037243050778e-01,nan,2.121061698575576169e-05,1.017932815490440568e+01,1.000000000000000000e+00,1.000000000000000000e+00,-1.000000000000000000e+00,0.000000000000000000e+00
7.000000000000000000e+02,7.923156463837832675e+00,4.745404273276903950e+01,-1.562105921851090519e-03,4.772421658536212163e+01,3.607064355236351272e-01,nan,1.642034098348163590e-05,9.835831166930944391e+00,1.000000000000000000e+00,1.000000000000000000e+00,-1.000000000000000000e+00,0.000000000000000000e+00
7.040000000000000000e+02,1.734826807336565935e+01,7.849345580626796881e+00,-1.521396279434311140e-03,4.642395002606969712e+01,3.105784829388726909e-01,nan,1.186446057244466963e-05,3.060542027279607069e+01,1.000000000000000000e+00,1.000000000000000000e+00,-1.000000000000000000e+00,0.000000000000000000e+00
7.070000000000000000e+02,7.033071297061053428e+01,1.035350975496118053e+01,-6.145237145002727282e-03,1.941094932061362783e+02,4.423306903991730543e-02,nan,1.662372065956823486e-05,1.690267426431064024e+01,1.000000000000000000e+00,1.000000000000000000e+00,-1.000000000000000000e+00,0.000000000000000000e+00
7.070000000000000000e+02,9.386770710046990018e+01,1.279207721169398404e+01,-1.640858832644595229e-03,5.023958567908638884e+01,2.777415329449934855e-01,nan,1.206989290915257419e-05,2.366298172061311789e+01,1.000000000000000000e+00,1.000000000000000000e+00,-1.000000000000000000e+00,0.000000000000000000e+00
7.080000000000000000e+02,4.338945153935675592e+01,2.729915052159047661e+01,-6.399291502206222448e-03,2.022239929979124042e+02,2.372842071624958749e-02,nan,1.041704452458668520e-05,2.459033240905310791e+01,1.000000000000000000e+00,1.000000000000000000e+00,-1.000000000000000000e+00,0.000000000000000000e+00
7.080000000000000000e+02,8.826393006714835110e+01,4.430490514516369416e+01,-7.552342642182942323e-03,2.390524628507396301e+02,2.963884046865772337e-02,nan,1.654772244867603996e-05,1.095881794997556291e+01,1.000000000000000000e+00,1.000000000000000000e+00,-1.000000000000000000e+00,0.000000000000000000e+00
7.090000000000000000e+02,2.134377253075831149e+01,3.819284066944990741e+01,-1.688200787385537791e-03,5.175168838858625975e+01,2.932907436644783816e-01,nan,1.339079408469254336e-05,2.459033240905310791e+01,1.000000000000000000e+00,1.000000000000000000e+00,-1.000000000000000000e+00,0.000000000000000000e+00
7.110000000000000000e+02,1.023091739395361373e+02,4.101071339129457272e+01,-1.661734956876690077e-03,5.090636938474327877e+01,3.404472253763696221e-01,nan,1.647748175338419592e-05,9.495809790211806600e+00,1.000000000000000000e+00,1.000000000000000000e+00,-1.000000000000000000e+00,0.000000000000000000e+00
7.130000000000000000e+02,1.265525059211409200e+02,1.618904967638644976e+01,-6.675008121727834913e-03,2.110303857570229411e+02,2.880007867042955194e-02,nan,1.260766884167072426e-05,1.397965593452208566e+01,1.000000000000000000e+00,1.000000000000000000e+00,-1.000000000000000000e+00,0.000000000000000000e+00
7.130000000000000000e+02,1.426173968288366041e+02,1.666356030996330873e+01,-8.052185722668010401e-03,2.550174579689615939e+02,2.588041118558681575e-02,nan,1.623800610734502323e-05,3.409362465445739510e+00,1.000000000000000000e+00,1.000000000000000000e+00,-1.000000000000000000e+00,0.000000000000000000e+00
7.150000000000000000e+02,2.118123168415896984e+01,1.483988877385027116e+01,-6.187700504512121287e-03,1.954657735143740069e+02,4.310406175969294651e-02,nan,1.693256183046399461e-05,7.403265139741768586e+00,1.000000000000000000e+00,1.000000000000000000e+00,-1.000000000000000000e+00,0.000000000000000000e+00
7.150000000000000000e+02,2.909471728885963770e+01,2.498269499013620987e+01,-1.431426099281166153e-03,4.355030118904549141e+01,3.260774717027224989e-01,nan,1.152799898045029426e-05,7.193009942153221203e+00,1.000000000000000000e+00,1.000000000000000000e+00,-1.000000000000000000e+00,0.000000000000000000e+00
7.150000000000000000e+02,1.172121454917423051e+02,4.935079800458912302e+01,-1.467950054580602825e-03,4.471687684212404434e+01,3.584553698571620872e-01,nan,1.447109711452956727e-05,5.757044602565700941e+00,1.000000000000000000e+00,1.000000000000000000e+00,-1.000000000000000000e+00,0.000000000000000000e+00
7.170000000000000000e+02,1.086598406174814784e+02,3.341593989600669090e+01,-7.268909209870179876e-03,2.299995949810416107e+02,4.294544374312914137e-02,nan,2.272152399453867533e-05,1.599210081702115360e+01,1.000000000000000000e+00,1.000000000000000000e+00,-1.000000000000000000e+00,0.000000000000000000e+00
7.190000000000000000e+02,7.886429530373386854e+01,3.935813204497723206e+01,-1.914003832346324301e-03,5.896384086447974937e+01,2.337001372253815212e-01,nan,1.190237954866523140e-05,1.033422000152658704e+01,1.000000000000000000e+00,1.000000000000000000e+00,-1.000000000000000000e+00,0.000000000000000000e+00
7.200000000000000000e+02,1.426804289324027764e+02,3.917930248877131305e+01,-2.138923933238522437e-02,6.810031404434853357e+02,4.522084743544430019e-03,nan,2.291118371155725621e-05,2.105974078051104570e+01,1.000000000000000000e+00,1.000000000000000000e+00,-1.000000000000000000e+00,0.000000000000000000e+00
7.200000000000000000e+02,2.792937107712894829e+01,1.788471216156300869e+01,1.784024377947268473e-03,-5.481229523752759292e+01,2.766791173791823821e-01,nan,1.343655862068783867e-05,7.193009942153221203e+00,1.000000000000000000e+00,1.000000000000000000e+00,-1.000000000000000000e+00,0.000000000000000000e+00
7.200000000000000000e+02,1.269091625643604431e+02,2.522294770356408122e+01,-1.420574995682722871e-03,4.320371678537954807e+01,3.426415436155877403e-01,nan,1.246713838495571737e-05,1.746798038156036625e+01,1.000000000000000000e+00,1.000000000000000000e+00,-1.000000000000000000e+00,0.000000000000000000e+00
7.220000000000000000e+02,8.126762571728458795e+01,6.861940889890360218e+00,-6.922607234370770947e-03,2.189387049454860517e+02,3.297485353960738497e-02,nan,1.578375149929444550e-05,1.843107401219071306e+01,1.000000000000000000e+00,1.000000000000000000e+00,-1.000000000000000000e+00,0.000000000000000000e+00
7.220000000000000000e+02,9.843121784533755303e+00,4.845228191369238147e+01,-1.868848415675829905e-03,5.752157621212900551e+01,2.880455159183465952e-01,nan,1.565008206289949630e-05,1.432702472441262032e+01,1.000000000000000000e+00,1.000000000000000000e+00,-1.000000000000000000e+00,0.000000000000000000e+00
7.220000000000000000e+02,2.111049064299862721e+01,2.269757188510772394e+01,1.288192433167949279e-03,-3.897541585094415950e+01,3.302745536071561849e-01,nan,9.464620676000219402e-06,8.346301521840929993e+00,1.000000000000000000e+00,1.000000000000000000e+00,-1.000000000000000000e+00,0.000000000000000000e+00
7.240000000000000000e+02,2.373252721648086805e+01,4.493830209005528786e+01,-2.010527532059433638e-03,6.204680920969934732e+01,3.242309090395653071e-01,nan,2.203935002061159233e-05,5.054560516124329439e+00,1.000000000000000000e+00,1.000000000000000000e+00,-1.000000000000000000e+00,0.000000000000000000e+00
7.260000000000000000e+02,1.374453420855401191e+02,3.774811169429833768e+01,-1.648643260081729357e-03,5.048822040243075548e+01,3.178737312465966802e-01,nan,1.450873590844267119e-05,1.644422760970419262e+01,1.000000000000000000e+00,1.000000000000000000e+00,-1.000000000000000000e+00,0.000000000000000000e+00
7.270000000000000000e+02,9.336498142138567857e+01,2.344210570915170422e+01,-6.710208139311686810e-03,2.121546748205869903e+02,2.948128221295664986e-02,nan,1.396015694094400705e-05,8.808490290928503441e+00,1.000000000000000000e+00,1.000000000000000000e+00,-1.000000000000000000e+00,0.000000000000000000e+00
7.270000000000000000e+02,1.048483884599905025e+02,2.981174679830380825e+01,-6.628418715511343387e-03,2.095423194581250357e+02,7.336610959323852654e-02,nan,3.369687170973858289e-05,1.313167791330923606e+01,1.000000000000000000e+00,1.000000000000000000e+00,-1.000000000000000000e+00,0.000000000000000000e+00
7.270000000000000000e+02,4.464986989242149207e+01,4.565550258491950331e+01,-7.549161820582552841e-03,2.389508673634661591e+02,2.694789943261444165e-02,nan,1.519600286871035539e-05,1.475157168907728789e+01,1.000000000000000000e+00,1.000000000000000000e+00,-1.000000000000000000e+00,0.000000000000000000e+00
7.280000000000000000e+02,3.964386774559827131e+01,2.006860561585797598e+01,-7.716184564215585774e-03,2.442855761767715421e+02,2.603858881821530247e-02,nan,1.582902967286585957e-05,1.331156643077517998e+01,1.000000000000000000e+00,1.000000000000000000e+00,-1.000000000000000000e+00,0.000000000000000000e+00
7.280000000000000000e+02,8.060517634119900521e+00,3.345410187862513851e+01,-6.879123834385826933e-03,2.175498445299139689e+02,3.644885889761761977e-02,nan,1.685334566871282664e-05,1.355104389839421231e+01,1.000000000000000000e+00,1.000000000000000000e+00,-1.000000000000000000e+00,0.000000000000000000e+00
7.280000000000000000e+02,8.380672332364885335e+01,1.638280351290558912e+01,-1.546055645897542871e-03,4.721157054253637142e+01,3.032419319948543857e-01,nan,1.195945130883726453e-05,1.188251006146751898e+01,1.000000000000000000e+00,1.000000000000000000e+00,-1.000000000000000000e+00,0.000000000000000000e+00
7.290000000000000000e+02,1.366466412603313074e+02,2.132329210102522410e+01,-6.530998358545032738e-03,2.064307118674522883e+02,1.140456163846121918e-01,nan,5.481127641984485943e-05,5.492957083351559078e+00,1.000000000000000000e+00,1.000000000000000000e+00,-1.000000000000000000e+00,0.000000000000000000e+00
7.290000000000000000e+02,8.436077644945189036e+01,3.366850809660270727e+01,-6.608143684943938723e-03,2.088947346926896671e+02,3.961227687240342910e-02,nan,1.701187259436389215e-05,7.033686611225773433e+00,1.000000000000000000e+00,1.000000000000000000e+00,-1.000000000000000000e+00,0.000000000000000000e+00
7.290000000000000000e+02,2.483807729154976940e+01,4.000612802148489777e+01,-6.108042751510523241e-03,1.929215037476206192e+02,5.941295349481201526e-02,nan,2.349290814637301775e-05,5.054560516124329439e+00,1.000000000000000000e+00,1.000000000000000000e+00,-1.000000000000000000e+00,0.000000000000000000e+00
7.290000000000000000e+02,1.208322164377790386e+02,1.111154579340471038e+01,-1.633864786047604023e-03,5.001619573104665051e+01,2.732792795735771163e-01,nan,1.114384050354567387e-05,1.462035027015398470e+01,1.000000000000000000e+00,1.000000000000000000e+00,-1.000000000000000000e+00,0.000000000000000000e+00
7.300000000000000000e+02,5.473763168898540954e+01,3.489232790298796516e+01,-1.394074684443791711e-03,4.235729646652602298e+01,3.111459250417761835e-01,nan,1.021995278932223350e-05,1.475157168907728789e+01,1.000000000000000000e+00,1.000000000000000000e+00,-1.000000000000000000e+00,0.000000000000000000e+00
7.310000000000000000e+02,9.698136148425959391e+01,1.541021325181453072e+01,-6.652114977194741562e-03,2.102991783941903918e+02,3.685483953697832327e-02,nan,1.776801236087895583e-05,8.808490290928503441e+00,1.000000000000000000e+00,1.000000000000000000e+00,-1.000000000000000000e+00,0.000000000000000000e+00
7.320000000000000000e+02,2.737009852068450755e+01,1.491570450536687531e+01,-5.757984499020911244e-03,1.817406381714351937e+02,4.005142303596143094e-02,nan,1.369636365345943917e-05,1.331156643077517998e+01,1.000000000000000000e+00,1.000000000000000000e+00,-1.000000000000000000e+00,0.000000000000000000e+00
7.320000000000000000e+02,1.345159166391003964e+02,1.626042827626927334e+01,-7.398525159124365140e-03,2.341395302484831973e+02,7.946239970244861617e-02,nan,4.677022636614364495e-05,5.492957083351559078e+00,1.000000000000000000e+00,1.000000000000000000e+00,-1.000000000000000000e+00,0.000000000000000000e+00
7.350000000000000000e+02,8.448558932688833067e+01,9.481788578376560750e+00,-6.088980441291682796e-03,1.923126532874111945e+02,4.456869468095503439e-02,nan,1.682744549407968218e-05,1.240077106474855739e+01,1.000000000000000000e+00,1.000000000000000000e+00,-1.000000000000000000e+00,0.000000000000000000e+00
7.350000000000000000e+02,1.292509865883021973e+02,7.309211856744902036e+00,-7.774388657999850051e-03,2.461446157622041540e+02,3.880376842723798347e-02,nan,2.499739183617230871e-05,1.038478520860978804e+01,1.000000000000000000e+00,1.000000000000000000e+00,-1.000000000000000000e+00,0.000000000000000000e+00
7.360000000000000000e+02,1.018095660998115903e+02,5.117162373800153929e+00,-5.537320401212937962e-03,1.746926237408815439e+02,4.932676930539414695e-02,nan,1.516659677696485770e-05,1.136918889749968642e+01,1.000000000000000000e+00,1.000000000000000000e+00,-1.000000000000000000e+00,0.000000000000000000e+00
7.360000000000000000e+02,8.443059185366519159e+01,2.188243768550978885e+01,-1.514733197316681752e-03,4.621113108822017779e+01,3.638368740654343014e-01,nan,1.552183877564802079e-05,1.100658140374624061e+01,1.000000000000000000e+00,1.000000000000000000e+00,-1.000000000000000000e+00,0.000000000000000000e+00
7.370000000000000000e+02,1.109656688230337522e+02,3.396234905600158527e+01,-1.780318345938651774e-03,5.469392452232608548e+01,2.744789151548048256e-01,nan,1.334311556644892674e-05,1.821202899314113566e+01,1.000000000000000000e+00,1.000000000000000000e+00,-1.000000000000000000e+00,0.000000000000000000e+00
7.380000000000000000e+02,8.728374201170548474e+01,4.966970219229541783e+01,-7.070291569933481735e-03,2.236557447292686902e+02,3.239878786856276172e-02,nan,1.663741783604326142e-05,1.014926856090668572e+01,1.000000000000000000e+00,1.000000000000000000e+00,-1.000000000000000000e+00,0.000000000000000000e+00
7.380000000000000000e+02,5.805046922813141919e+01,2.072781239998977298e+01,-6.920861975457767018e-03,2.188829613509181229e+02,3.639817021115465678e-02,nan,1.744640783943776072e-05,9.442100422037034591e+00,1.000000000000000000e+00,1.000000000000000000e+00,-1.000000000000000000e+00,0.000000000000000000e+00
7.390000000000000000e+02,1.372745938581252574e+02,2.063064709946634423e+01,-8.074938367873945103e-03,2.557441777812812518e+02,2.865671408852976665e-02,nan,1.857966001435934120e-05,1.555117071304853127e+01,1.000000000000000000e+00,1.000000000000000000e+00,-1.000000000000000000e+00,0.000000000000000000e+00
7.410000000000000000e+02,5.381152498131448425e+01,5.070291572532057955e+01,-6.235823044861157037e-03,1.970028081393271577e+02,4.452582315536268709e-02,nan,1.714364519269074869e-05,2.302165206143188669e+01,1.000000000000000000e+00,1.000000000000000000e+00,-1.000000000000000000e+00,0.000000000000000000e+00
7.420000000000000000e+02,5.176356732547659334e+01,2.777253559158694785e+01,-9.815401109021839807e-03,3.113345825517308754e+02,3.559924148455329007e-02,nan,3.612661930000790871e-05,9.442100422037034591e+00,1.000000000000000000e+00,1.000000000000000000e+00,-1.000000000000000000e+00,0.000000000000000000e+00
7.440000000000000000e+02,1.259987192436451977e+02,3.429628803412059312e+01,-7.720142319695390970e-03,2.444119869432322787e+02,2.871851576332951073e-02,nan,1.707777869886764106e-05,1.163760023014854283e+01,1.000000000000000000e+00,1.000000000000000000e+00,-1.000000000000000000e+00,0.000000000000000000e+00
7.450000000000000000e+02,1.344999706549570249e+02,2.503781694021404647e+01,-6.660746239648594746e-03,2.105748610400442544e+02,5.001623188203307979e-02,nan,2.370501439495228225e-05,9.479671851203606892e+00,1.000000000000000000e+00,1.000000000000000000e+00,-1.000000000000000000e+00,0.000000000000000000e+00
7.460000000000000000e+02,7.177836963017919913e+01,1.563892963585787932e+01,-1.395743757873095167e-02,4.436312864577456025e+02,7.451030118862389529e-03,nan,1.558029968428636220e-05,1.529967562481612653e+01,1.000000000000000000e+00,1.000000000000000000e+00,-1.000000000000000000e+00,0.000000000000000000e+00
7.460000000000000000e+02,1.346386040446215873e+02,1.555915885007427590e+01,-6.423081647614727226e-03,2.029838505814964265e+02,4.995779430911895247e-02,nan,1.930262318097471160e-05,9.479671851203606892e+00,1.000000000000000000e+00,1.000000000000000000e+00,-1.000000000000000000e+00,0.000000000000000000e+00
7.460000000000000000e+02,8.870619990514106235e+01,2.032564744032966786e+01,-7.338058943546143728e-03,2.322082384606948153e+02,4.302193287960986989e-02,nan,2.376032843973379025e-05,8.044047921471669582e+00,1.000000000000000000e+00,1.000000000000000000e+00,-1.000000000000000000e+00,0.000000000000000000e+00
7.470000000000000000e+02,4.556411049151891035e+01,5.539146394119140560e+00,-6.977647513627590996e-03,2.206966922497975645e+02,3.480449966764220804e-02,nan,1.696735922770062750e-05,2.308152638458260242e+01,1.000000000000000000e+00,1.000000000000000000e+00,-1.000000000000000000e+00,0.000000000000000000e+00
7.470000000000000000e+02,7.257762563710835479e+01,3.091771440625046452e+01,-6.535756847042461549e-03,2.065826980579139729e+02,3.657373493086224503e-02,nan,1.658528430929697906e-05,9.400801358452735457e+00,1.000000000000000000e+00,1.000000000000000000e+00,-1.000000000000000000e+00,0.000000000000000000e+00
7.470000000000000000e+02,1.161438564217542222e+02,4.048623293520529387e+01,-6.031250141211298883e-03,1.904687466796366380e+02,4.712133706297272351e-02,nan,1.780626419915316423e-05,1.163760023014854283e+01,1.000000000000000000e+00,1.000000000000000000e+00,-1.000000000000000000e+00,0.000000000000000000e+00
7.470000000000000000e+02,1.700884219098174910e+01,5.086203822591065915e+01,-1.492995927431002220e-03,4.551684237810825095e+01,3.345125546389440263e-01,nan,1.276353353768237722e-05,1.206590612570611221e+01,1.000000000000000000e+00,1.000000000000000000e+00,-1.000000000000000000e+00,0.000000000000000000e+00
7.490000000000000000e+02,2.365668034035575218e+01,4.079266195058556121e+01,-7.449450669606428287e-03,2.357660917794542854e+02,5.019440778671024894e-02,nan,2.806219394305452792e-05,5.532393831989030453e+00,1.000000000000000000e+00,1.000000000000000000e+00,-1.000000000000000000e+00,0.000000000000000000e+00
7.500000000000000000e+02,7.930614090364696267e+01,3.748293705967537903e+01,-6.373223334722851775e-03,2.013913753567736649e+02,3.707382317600749211e-02,nan,1.555364083125707961e-05,9.400801358452735457e+00,1.000000000000000000e+00,1.000000000000000000e+00,-1.000000000000000000e+00,0.000000000000000000e+00
7.500000000000000000e+02,6.256732701022596821e+00,2.464569145040184850e+01,-1.796257803206638675e-03,5.520303101475480645e+01,2.962755474365197372e-01,nan,1.581709093984442493e-05,2.373779337228586073e+01,1.000000000000000000e+00,1.000000000000000000e+00,-1.000000000000000000e+00,0.000000000000000000e+00
7.510000000000000000e+02,9.433110635965745416e+01,9.806052598646754603e+00,-7.370620908685197870e-03,2.332482680915546212e+02,4.438996761566826876e-02,nan,2.413706582790631035e-05,1.192901706995265876e+01,1.000000000000000000e+00,1.000000000000000000e+00,-1.000000000000000000e+00,0.000000000000000000e+00
7.530000000000000000e+02,2.888984920754979413e+01,4.258746698725703794e+01,-8.397106257978553118e-03,2.660342247851860975e+02,5.144979854541431585e-02,nan,3.689087749100570060e-05,4.420995008543028959e+00,1.000000000000000000e+00,1.000000000000000000e+00,-1.000000000000000000e+00,0.000000000000000000e+00
7.570000000000000000e+02,9.262757403546683577e+01,3.509051357571332375e+01,-8.927031067664795844e-03,2.829600307630449834e+02,2.772967440183926602e-02,nan,2.195179084922433476e-05,9.751651145730543035e+00,1.000000000000000000e+00,1.000000000000000000e+00,-1.000000000000000000e+00,0.000000000000000000e+00
7.570000000000000000e+02,1.125414085208251151e+02,1.132795917784302908e+01,-6.221582847927844932e-03,1.965479760462186221e+02,3.183889473670542536e-02,nan,1.207166085699771446e-05,1.164602467775039152e+01,1.000000000000000000e+00,1.000000000000000000e+00,-1.000000000000000000e+00,0.000000000000000000e+00
7.570000000000000000e+02,1.284472670823930684e+02,1.225060342457855000e+01,-5.544091641026069155e-03,1.749088972370676913e+02,5.771505576920932246e-02,nan,1.875875152806677691e-05,1.247790387247900412e+01,1.000000000000000000e+00,1.000000000000000000e+00,-1.000000000000000000e+00,0.000000000000000000e+00
7.570000000000000000e+02,1.189822722570659863e+02,4.596616924489173073e+01,-6.787787253288850818e-03,2.146325528272595591e+02,3.499229882866017327e-02,nan,1.641705394702822296e-05,1.895563264498854750e+01,1.000000000000000000e+00,1.000000000000000000e+00,-1.000000000000000000e+00,0.000000000000000000e+00
7.570000000000000000e+02,8.959878389650481267e+01,1.482873136926991897e+01,1.474265542948660851e-03,-4.491859363065573518e+01,3.391804009626311345e-01,nan,1.300656337901632608e-05,1.341996059304731581e+01,1.000000000000000000e+00,1.000000000000000000e+00,-1.000000000000000000e+00,0.000000000000000000e+00
7.580000000000000000e+02,1.026294181455331653e+02,5.213849463837982867e+00,-7.463581818599753469e-03,2.362174408798046841e+02,2.590726242268237556e-02,nan,1.448604598080383704e-05,6.108831572486040251e+00,1.000000000000000000e+00,1.000000000000000000e+00,-1.000000000000000000e+00,0.000000000000000000e+00
7.590000000000000000e+02,2.486418751703850560e+01,2.833234703283139666e+01,-1.867906239865479599e-03,5.749148310331143108e+01,2.686574579677729613e-01,nan,1.418756613503503581e-05,1.026886479205030689e+01,1.000000000000000000e+00,1.000000000000000000e+00,-1.000000000000000000e+00,0.000000000000000000e+00
7.600000000000000000e+02,1.009158581214641259e+02,4.022851386549843511e+01,-8.323047995033540022e-03,2.636688028106861452e+02,3.903621936896251032e-02,nan,2.757374503243869513e-05,9.751651145730543035e+00,1.000000000000000000e+00,1.000000000000000000e+00,-1.000000000000000000e+00,0.000000000000000000e+00
7.610000000000000000e+02,1.249060357149307237e+02,2.421545885424953681e+01,-6.673235551560059362e-03,2.109737698405881758e+02,5.247908655700395109e-02,nan,2.369292161357494154e-05,1.002515802199195605e+01,1.000000000000000000e+00,1.000000000000000000e+00,-1.000000000000000000e+00,0.000000000000000000e+00
7.620000000000000000e+02,4.558937078499051410e+01,4.213333815433148999e+01,-7.047508368237188209e-03,2.229280489422112623e+02,3.942111337179987629e-02,nan,1.924487500547024138e-05,1.468378432128780275e+01,1.000000000000000000e+00,1.000000000000000000e+00,-1.000000000000000000e+00,0.000000000000000000e+00
7.620000000000000000e+02,9.572835342264176006e+01,4.917430459631650308e+01,-6.756382191538446574e-03,2.136294747071301288e+02,2.285103777817829585e-01,nan,1.429389601228920584e-04,5.544887690822443815e+00,1.000000000000000000e+00,1.000000000000000000e+00,-1.000000000000000000e+00,0.000000000000000000e+00
7.630000000000000000e+02,9.074708621841989498e+01,4.673857954122963321e+01,-6.709263468496606125e-03,2.121245020212827512e+02,2.244318877124904521e-01,nan,1.372601224160430384e-04,5.544887690822443815e+00,1.000000000000000000e+00,1.000000000000000000e+00,-1.000000000000000000e+00,0.000000000000000000e+00
7.630000000000000000e+02,1.082003936232970887e+02,7.720252345889329071e+00,-1.316407802122147039e-03,3.987661513767922372e+01,3.675858475224976774e-01,nan,1.251623130089996589e-05,6.108831572486040251e+00,1.000000000000000000e+00,1.000000000000000000e+00,-1.000000000000000000e+00,0.000000000000000000e+00
7.650000000000000000e+02,4.882496885202368020e+01,1.559178079531645444e+01,-8.157247414309596462e-03,2.583731298981244890e+02,3.055333317905117863e-02,nan,2.022003209817321625e-05,2.673805082449493042e+01,1.000000000000000000e+00,1.000000000000000000e+00,-1.000000000000000000e+00,0.000000000000000000e+00
7.650000000000000000e+02,1.191547708894129300e+02,3.242683792677270560e+01,-1.573771126064483356e-03,4.809680337427825236e+01,3.425741396831805119e-01,nan,1.609141880649578917e-05,1.002515802199195605e+01,1.000000000000000000e+00,1.000000000000000000e+00,-1.000000000000000000e+00,0.000000000000000000e+00
7.660000000000000000e+02,2.024517985281874388e+01,2.333719381773587997e+01,-7.395025166831042419e-03,2.340277404447262199e+02,3.666039962917444495e-02,nan,1.984143064423446389e-05,6.018770477091393012e+00,1.000000000000000000e+00,1.000000000000000000e+00,-1.000000000000000000e+00,0.000000000000000000e+00
7.670000000000000000e+02,1.070661019246153103e+02,3.135884385718460976e+01,-6.517891665029858055e-03,2.060120838896822590e+02,4.020173891640266284e-02,nan,1.690301365136786838e-05,1.014279439387665249e+01,1.000000000000000000e+00,1.000000000000000000e+00,-1.000000000000000000e+00,0.000000000000000000e+00
7.670000000000000000e+02,7.065651526805457650e+01,3.561320242282857151e+01,-7.314625891941659366e-03,2.314597864583031992e+02,3.199524015100407848e-02,nan,1.662693968373067186e-05,1.336299855230879352e+01,1.000000000000000000e+00,1.000000000000000000e+00,-1.000000000000000000e+00,0.000000000000000000e+00
7.680000000000000000e+02,1.354896783550974249e+02,1.832424307640679828e+01,-6.395831532321288003e-03,2.021134815104500433e+02,3.798269537843401711e-02,nan,1.849089279020965141e-05,2.158037032643420616e+01,1.000000000000000000e+00,1.000000000000000000e+00,-1.000000000000000000e+00,0.000000000000000000e+00
7.680000000000000000e+02,8.268864661666644622e+01,2.979963677696557767e+01,-6.802638252182474296e-03,2.151068939436901815e+02,5.350549012252447945e-02,nan,2.553235584373141266e-05,6.043554573059243928e+00,1.000000000000000000e+00,1.000000000000000000e+00,-1.000000000000000000e+00,0.000000000000000000e+00
7.680000000000000000e+02,4.449470813117898871e+01,4.855183124306039844e+01,-6.985130441707575015e-03,2.209356970793753021e+02,3.980819124932433173e-02,nan,1.999230163039233569e-05,8.538310909860344466e+00,1.000000000000000000e+00,1.000000000000000000e+00,-1.000000000000000000e+00,0.000000000000000000e+00
7.690000000000000000e+02,1.011044487457892416e+02,2.315305507780156447e+01,-1.760115031021419838e-03,5.404863035577986352e+01,3.444192421357072931e-01,nan,1.933489130369727546e-05,1.014279439387665249e+01,1.000000000000000000e+00,1.000000000000000000e+00,-1.000000000000000000e+00,0.000000000000000000e+00
7.700000000000000000e+02,6.617212335463709572e+00,3.599346119136833977e+01,-1.639196817149003726e-03,5.018650088045763624e+01,3.032353175567866765e-01,nan,1.130416456578061308e-05,1.548484463024508173e+01,1.000000000000000000e+00,1.000000000000000000e+00,-1.000000000000000000e+00,0.000000000000000000e+00
7.710000000000000000e+02,1.089150303581576651e+02,1.267939326568989244e+01,-7.432166787207305884e-03,2.352140443291662280e+02,3.730470473743474624e-02,nan,2.262901344866353190e-05,1.306532727787383408e+01,1.000000000000000000e+00,1.000000000000000000e+00,-1.000000000000000000e+00,0.000000000000000000e+00
7.710000000000000000e+02,3.610124466622813344e+01,5.011788496371475787e+01,-9.750127614736125645e-03,3.092497462134756461e+02,6.429696877846391434e-02,nan,6.439638458523876173e-05,8.538310909860344466e+00,1.000000000000000000e+00,1.000000000000000000e+00,-1.000000000000000000e+00,0.000000000000000000e+00
7.710000000000000000e+02,2.311797225405869227e+01,2.862611259904505800e+01,-8.893789232189173305e-03,2.818982860639405317e+02,2.349622070819723518e-02,nan,1.950759655850067251e-05,6.018770477091393012e+00,1.000000000000000000e+00,1.000000000000000000e+00,-1.000000000000000000e+00,0.000000000000000000e+00
7.720000000000000000e+02,8.991393256897616482e+01,8.260353076714617160e+00,-6.345110256434396447e-03,2.004934432353610418e+02,8.148811280919465716e-02,nan,3.441256541084026718e-05,1.455749772271547471e+01,1.000000000000000000e+00,1.000000000000000000e+00,-1.000000000000000000e+00,0.000000000000000000e+00
7.720000000000000000e+02,8.217268968703199050e+01,2.377814690117009633e+01,-7.687058515918354130e-03,2.433552897788341340e+02,2.506409474404047710e-02,nan,1.440900657617193303e-05,6.043554573059243928e+00,1.000000000000000000e+00,1.000000000000000000e+00,-1.000000000000000000e+00,0.000000000000000000e+00
7.740000000000000000e+02,1.007954945768034207e+02,5.287447569658913693e+01,-1.631622492220927969e-03,4.994457683424855787e+01,3.444837061389562916e-01,nan,1.623140261159130733e-05,2.972302636471301085e+01,1.000000000000000000e+00,1.000000000000000000e+00,-1.000000000000000000e+00,0.000000000000000000e+00
7.750000000000000000e+02,1.064973834622664128e+01,5.094401794338765654e+01,-8.315791047883132683e-03,2.634370158152214572e+02,2.410999756417220308e-02,nan,1.607920489107857352e-05,1.548484463024508173e+01,1.000000000000000000e+00,1.000000000000000000e+00,-1.000000000000000000e+00,0.000000000000000000e+00
7.760000000000000000e+02,9.243257344213585469e+00,3.207072066478295369e+01,-8.410345565997463801e-03,2.664570884720964159e+02,2.868344634248809477e-02,nan,2.006376524708287869e-05,1.383125980729466420e+01,1.000000000000000000e+00,1.000000000000000000e+00,-1.000000000000000000e+00,0.000000000000000000e+00
7.760000000000000000e+02,6.803837049054104114e+01,4.622054730952080348e+01,-6.007563945405264109e-03,1.897122092478377908e+02,4.692048042862551060e-02,nan,1.700970758677983798e-05,1.380263556334923081e+01,1.000000000000000000e+00,1.000000000000000000e+00,-1.000000000000000000e+00,0.000000000000000000e+00
7.770000000000000000e+02,5.289477103259815749e+01,4.032254293286023028e+01,-6.907045412610125432e-03,2.184416601365467159e+02,3.795383200829627324e-02,nan,1.806327941028208821e-05,1.086252236814359762e+01,1.000000000000000000e+00,1.000000000000000000e+00,-1.000000000000000000e+00,0.000000000000000000e+00
7.790000000000000000e+02,4.601433754144914445e+01,1.098147881186341479e+01,-8.020424400347359387e-03,2.540030008811383766e+02,2.601229776967162177e-02,nan,1.625322069121963085e-05,2.191544385299342323e+01,1.000000000000000000e+00,1.000000000000000000e+00,-1.000000000000000000e+00,0.000000000000000000e+00
7.790000000000000000e+02,2.795401418253272396e+01,2.339564005800022883e+01,-1.338541819407795992e-02,4.253609791551998001e+02,8.311620935103181118e-03,nan,1.557223495183706168e-05,2.062400167273277063e+01,1.000000000000000000e+00,1.000000000000000000e+00,-1.000000000000000000e+00,0.000000000000000000e+00
7.800000000000000000e+02,5.507631832114945780e+01,5.096374792225097394e+01,-6.896013922317247198e-03,2.180893141792882943e+02,2.963116350348182770e-02,nan,1.387882821009295811e-05,1.085928723099324067e+01,1.000000000000000000e+00,1.000000000000000000e+00,-1.000000000000000000e+00,0.000000000000000000e+00
7.810000000000000000e+02,7.935936613382936855e+01,8.283581106627647017e+00,-2.220735343856596565e-03,6.876084971596596063e+01,2.447739818949238311e-01,nan,1.739974887449702504e-05,2.198235974873471221e+01,1.000000000000000000e+00,1.000000000000000000e+00,-1.000000000000000000e+00,0.000000000000000000e+00
7.810000000000000000e+02,6.001860883514001266e+00,1.862463956873682491e+01,-1.681518741325215309e-03,5.153826374213670647e+01,2.795975667522287988e-01,nan,1.216573498570386956e-05,1.383125980729466420e+01,1.000000000000000000e+00,1.000000000000000000e+00,-1.000000000000000000e+00,0.000000000000000000e+00
7.820000000000000000e+02,8.217326004668537109e+01,3.921762168561313899e+01,-6.252671657771260647e-03,1.975409530759292238e+02,1.495886877723446862e-01,nan,8.213953736022786901e-05,6.376669408250816851e+00,1.000000000000000000e+00,1.000000000000000000e+00,-1.000000000000000000e+00,0.000000000000000000e+00
7.840000000000000000e+02,6.397306153290581676e+01,4.473702491658579561e+01,-7.541369044150046490e-03,2.387019659730905516e+02,3.240152027863263395e-02,nan,1.820778692555524649e-05,1.085928723099324067e+01,1.000000000000000000e+00,1.000000000000000000e+00,-1.000000000000000000e+00,0.000000000000000000e+00
7.860000000000000000e+02,6.516694298680749853e+01,2.507045887882429724e+01,-1.486884829373967022e-02,4.727417576914152733e+02,1.424812180959189600e-02,nan,3.668270186167165158e-05,1.757729096712194305e+01,1.000000000000000000e+00,1.000000000000000000e+00,-1.000000000000000000e+00,0.000000000000000000e+00
7.860000000000000000e+02,3.311963414322322308e+01,4.858210619421566179e+01,-1.611881311986584258e-03,4.931404325606360572e+01,3.516159088110809572e-01,nan,1.702981906545308809e-05,8.360158777367782790e+00,1.000000000000000000e+00,1.000000000000000000e+00,-1.000000000000000000e+00,0.000000000000000000e+00
7.880000000000000000e+02,8.716820855877735141e+01,6.617566635125144536e+00,-6.433241796003648545e-03,2.033083658659175512e+02,4.125079997548763977e-02,nan,1.704018418089833236e-05,8.798023986805967311e+00,1.000000000000000000e+00,1.000000000000000000e+00,-1.000000000000000000e+00,0.000000000000000000e+00
7.880000000000000000e+02,1.163411810597333442e+02,1.948830402035338238e+01,-6.855440481871481924e-03,2.167933979128922317e+02,3.205837857261117918e-02,nan,1.815021837173266415e-05,9.578981568469778551e+00,1.000000000000000000e+00,1.000000000000000000e+00,-1.000000000000000000e+00,0.000000000000000000e+00
7.880000000000000000e+02,1.436017675193901084e+02,4.679478077730339436e+01,-6.596000961097675704e-03,2.085068959198904395e+02,3.445277030696025644e-02,nan,1.511691317724957561e-05,1.699013639248891394e+01,1.000000000000000000e+00,1.000000000000000000e+00,-1.000000000000000000e+00,0.000000000000000000e+00
7.890000000000000000e+02,3.945329192816021191e+01,2.254440051808542833e+01,-8.791429945418172479e-03,2.786289289848791668e+02,2.318579772015572082e-02,nan,1.851889256037525758e-05,1.343548674612741145e+01,1.000000000000000000e+00,1.000000000000000000e+00,-1.000000000000000000e+00,0.000000000000000000e+00
7.890000000000000000e+02,1.267566143932143206e+02,5.261938612808816629e+01,-1.674600480270053158e-03,5.131729438538365429e+01,3.200571526105311371e-01,nan,1.507287738069273386e-05,1.782372607892919092e+01,1.000000000000000000e+00,1.000000000000000000e+00,-1.000000000000000000e+00,0.000000000000000000e+00
7.910000000000000000e+02,6.422265571089629077e+01,4.262236701678521911e+01,-6.560985978641828247e-03,2.073885168809533752e+02,4.550590278810440203e-02,nan,2.035197680195802999e-05,1.268170482334218363e+01,1.000000000000000000e+00,1.000000000000000000e+00,-1.000000000000000000e+00,0.000000000000000000e+00
7.910000000000000000e+02,5.509330114568916059e+01,5.142466912754647979e+01,-6.372238013597006021e-03,2.013599041859639271e+02,4.777712609575412994e-02,nan,1.945337259715131521e-05,1.268170482334218363e+01,1.000000000000000000e+00,1.000000000000000000e+00,-1.000000000000000000e+00,0.000000000000000000e+00
7.910000000000000000e+02,7.851629729388878332e+01,5.020801925812135025e+00,-1.381366954290461080e-03,4.195141138422234661e+01,3.677693063122035033e-01,nan,1.200469835315284019e-05,8.798023986805967311e+00,1.000000000000000000e+00,1.000000000000000000e+00,-1.000000000000000000e+00,0.000000000000000000e+00
7.920000000000000000e+02,1.124378693038088812e+02,2.823593485533639580e+01,-6.255263419138437989e-03,1.976237339709541914e+02,4.793475669136226802e-02,nan,1.921420628499658436e-05,9.578981568469778551e+00,1.000000000000000000e+00,1.000000000000000000e+00,-1.000000000000000000e+00,0.000000000000000000e+00
7.920000000000000000e+02,4.356270175954011137e+01,3.533600147117662260e+01,1.603784589734015336e-03,-4.905543383186108031e+01,3.618010806690866721e-01,nan,1.730757824485593734e-05,1.284417430449815889e+01,1.000000000000000000e+00,1.000000000000000000e+00,-1.000000000000000000e+00,0.000000000000000000e+00
7.930000000000000000e+02,1.237622267675100147e+02,3.320367600960423005e+01,-2.097920674300060573e-02,6.679066936916675559e+02,7.444990764679193518e-03,nan,3.233624319761814133e-05,1.236606340520255820e+01,1.000000000000000000e+00,1.000000000000000000e+00,-1.000000000000000000e+00,0.000000000000000000e+00
7.930000000000000000e+02,4.116910351421142877e+01,4.795517343308799951e+01,-6.534869616917311948e-03,2.065543599150652199e+02,2.819615189807911371e-02,nan,1.161366159241471145e-05,1.284417430449815889e+01,1.000000000000000000e+00,1.000000000000000000e+00,-1.000000000000000000e+00,0.000000000000000000e+00
7.960000000000000000e+02,2.842326465019132442e+01,2.160159694416822163e+01,1.695601028844241154e-03,-5.198805220630123358e+01,3.242555099359851756e-01,nan,1.861088645703819555e-05,1.129606963510729400e+01,1.000000000000000000e+00,1.000000000000000000e+00,-1.000000000000000000e+00,0.000000000000000000e+00
7.960000000000000000e+02,1.407018823599993596e+02,2.590843863378432133e+01,-2.264459697809319359e-03,7.015740620470478461e+01,1.969893345955894270e-01,nan,1.301572663366654474e-05,4.756312505647739108e+00,1.000000000000000000e+00,1.000000000000000000e+00,-1.000000000000000000e+00,0.000000000000000000e+00
7.960000000000000000e+02,3.809662212705101325e+01,1.148269869409804222e+01,-1.492907769785955380e-03,4.551402662166837132e+01,3.605329153823521038e-01,nan,1.538215725788740946e-05,7.842700856404100307e+00,1.000000000000000000e+00,1.000000000000000000e+00,-1.000000000000000000e+00,0.000000000000000000e+00
7.980000000000000000e+02,2.161750914777542221e+01,1.258589501683451495e+01,-6.109750956469203916e-03,1.929760638383590674e+02,4.467499042628897410e-02,nan,1.830067215252534059e-05,1.129606963510729400e+01,1.000000000000000000e+00,1.000000000000000000e+00,-1.000000000000000000e+00,0.000000000000000000e+00
7.990000000000000000e+02,1.183434759845755053e+02,3.545436797643600357e+01,-6.748626627920634516e-03,2.133817618945864751e+02,3.994454658082879916e-02,nan,1.841419219322792277e-05,1.182061290958821864e+01,1.000000000000000000e+00,1.000000000000000000e+00,-1.000000000000000000e+00,0.000000000000000000e+00
7.990000000000000000e+02,1.011864254047835914e+02,1.720962369005778925e+01,-6.398721539809269776e-03,2.022057883908263420e+02,4.719630999897983514e-02,nan,1.963734407003501126e-05,1.470336249880882740e+01,1.000000000000000000e+00,1.000000000000000000e+00,-1.000000000000000000e+00,0.000000000000000000e+00
7.990000000000000000e+02,8.967080972998397215e+01,5.041694376546419498e+00,-1.452583544437747835e-03,4.422607028904199922e+01,3.595164759900386642e-01,nan,1.426860715941680320e-05,1.675314621640663404e+01,1.000000000000000000e+00,1.000000000000000000e+00,-1.000000000000000000e+00,0.000000000000000000e+00
8.000000000000000000e+02,6.504370819388539360e+01,2.547878965821592701e+01,-7.846345580988732180e-03,2.484429209085411685e+02,3.159250137650781998e-02,nan,1.903634158672100126e-05,1.844747102871739131e+01,1.000000000000000000e+00,1.000000000000000000e+00,-1.000000000000000000e+00,0.000000000000000000e+00
8.020000000000000000e+02,8.639631312642978855e+01,4.144994633196643719e+01,-1.887293075294943414e-03,5.811069890337572730e+01,3.030866660723859907e-01,nan,1.773195848339229153e-05,1.203539662635731666e+01,1.000000000000000000e+00,1.000000000000000000e+00,-1.000000000000000000e+00,0.000000000000000000e+00
8.020000000000000000e+02,1.135275519979445278e+02,4.624944860204116992e+01,-1.947637453851056889e-03,6.003809921494064383e+01,2.596691716570845854e-01,nan,1.510768239528613110e-05,1.182061290958821864e+01,1.000000000000000000e+00,1.000000000000000000e+00,-1.000000000000000000e+00,0.000000000000000000e+00
8.030000000000000000e+02,9.558006147066488722e+01,3.080217871880756420e+01,-7.263517753850678646e-03,2.298273917988991002e+02,1.873929610789493161e-02,nan,1.007788873267400857e-05,1.406115887094929207e+01,1.000000000000000000e+00,1.000000000000000000e+00,-1.000000000000000000e+00,0.000000000000000000e+00
8.040000000000000000e+02,9.776193446447429380e+01,4.540891381780419067e+01,-1.604874303778753945e-03,4.909023931398884599e+01,3.206942586144493346e-01,nan,1.410217726986320352e-05,5.269159226899151172e+00,1.000000000000000000e+00,1.000000000000000000e+00,-1.000000000000000000e+00,0.000000000000000000e+00
8.050000000000000000e+02,2.988896643459590763e+01,1.477004865425382363e+01,-6.760772161385233264e-03,2.137696904066354193e+02,3.199558356443132912e-02,nan,1.539800522053630789e-05,1.177635103685103424e+01,1.000000000000000000e+00,1.000000000000000000e+00,-1.000000000000000000e+00,0.000000000000000000e+00
8.060000000000000000e+02,1.407380567579388924e+02,3.892727055571234018e+01,-7.099787639549382835e-03,2.245978496134007401e+02,3.100586936132365690e-02,nan,1.546917615506503271e-05,1.557568064765184701e+01,1.000000000000000000e+00,1.000000000000000000e+00,-1.000000000000000000e+00,0.000000000000000000e+00
8.060000000000000000e+02,1.825027080731877405e+01,1.297471920294340109e+01,-5.838160198865683694e-03,1.843014511677452845e+02,4.506909316785390196e-02,nan,1.587506358037390943e-05,1.177635103685103424e+01,1.000000000000000000e+00,1.000000000000000000e+00,-1.000000000000000000e+00,0.000000000000000000e+00
8.060000000000000000e+02,5.940063482711715892e+01,2.624442320291036523e+01,1.309521859921394631e-03,-3.965667804559686971e+01,3.749741280996369275e-01,nan,1.321714742896191745e-05,1.577560895572031363e+01,1.000000000000000000e+00,1.000000000000000000e+00,-1.000000000000000000e+00,0.000000000000000000e+00
8.080000000000000000e+02,4.089035401685300286e+01,3.632686351560877824e+01,-8.262161234282496686e-03,2.617240788040810457e+02,9.380090575522836982e-02,nan,6.958163191112952568e-05,6.605071327590316344e+00,1.000000000000000000e+00,1.000000000000000000e+00,-1.000000000000000000e+00,0.000000000000000000e+00
8.080000000000000000e+02,1.303002240648247323e+02,5.048813022565875031e+01,-6.301545659227779546e-03,1.991019893793708775e+02,4.066058624393620313e-02,nan,1.599958154437340776e-05,1.557568064765184701e+01,1.000000000000000000e+00,1.000000000000000000e+00,-1.000000000000000000e+00,0.000000000000000000e+00
8.080000000000000000e+02,9.249807335873518355e+01,4.517268253726858518e+01,-1.729084374583017255e-03,5.305751074665461431e+01,2.610395188094311036e-01,nan,1.174865728851407776e-05,5.269159226899151172e+00,1.000000000000000000e+00,1.000000000000000000e+00,-1.000000000000000000e+00,0.000000000000000000e+00
8.110000000000000000e+02,4.424974157457120327e+01,3.063990629055390258e+01,-7.613564644753858558e-03,2.410078944858518639e+02,1.073108179353686742e-01,nan,6.856822104652873545e-05,6.605071327590316344e+00,1.000000000000000000e+00,1.000000000000000000e+00,-1.000000000000000000e+00,0.000000000000000000e+00
8.120000000000000000e+02,9.221834363464650153e+01,3.839016554069925036e+01,-1.831575852520009881e-03,5.633109001344277544e+01,2.908625902215886683e-01,nan,1.531624153937641129e-05,6.788282958693652169e+00,1.000000000000000000e+00,1.000000000000000000e+00,-1.000000000000000000e+00,0.000000000000000000e+00
8.130000000000000000e+02,5.255952106024236059e+01,4.641768784409515547e+01,-7.563678756040768947e-03,2.394145384890063042e+02,3.188609187799562594e-02,nan,1.804009248385861805e-05,1.542706048198738600e+01,1.000000000000000000e+00,1.000000000000000000e+00,-1.000000000000000000e+00,0.000000000000000000e+00
8.130000000000000000e+02,1.089751207854676522e+02,1.209381768650894173e+01,-7.946838149161129100e-03,2.516526549689446028e+02,2.594398216007931524e-02,nan,1.613593278164353515e-05,1.460340209368828113e+01,1.000000000000000000e+00,1.000000000000000000e+00,-1.000000000000000000e+00,0.000000000000000000e+00
8.130000000000000000e+02,6.059538011699235938e+01,2.807923015319233073e+01,-5.378799074764019708e-03,1.696294503136630283e+02,4.832998881129912938e-02,nan,1.442875370617362420e-05,1.654499808522010440e+01,1.000000000000000000e+00,1.000000000000000000e+00,-1.000000000000000000e+00,0.000000000000000000e+00
8.140000000000000000e+02,3.634559718397761685e+01,4.121757126537731608e+01,-7.956597683258983394e-03,2.519643746271964631e+02,3.032960941007256661e-02,nan,2.037055994740644867e-05,1.320463914186821164e+01,1.000000000000000000e+00,1.000000000000000000e+00,-1.000000000000000000e+00,0.000000000000000000e+00
8.190000000000000000e+02,1.288676896058012460e+02,8.446189044509395671e+00,-6.409222945412381203e-03,2.025412034355348680e+02,4.942426670539656897e-02,nan,2.041534101048622012e-05,1.137402447023439755e+01,1.000000000000000000e+00,1.000000000000000000e+00,-1.000000000000000000e+00,0.000000000000000000e+00
8.190000000000000000e+02,1.371483915389763695e+02,1.624352244403776524e+01,-1.422383335640396013e-02,4.521399713953009041e+02,9.105687763933167922e-03,nan,2.182705799615031815e-05,1.137402447023439755e+01,1.000000000000000000e+00,1.000000000000000000e+00,-1.000000000000000000e+00,0.000000000000000000e+00
8.200000000000000000e+02,2.001341110785121913e+01,1.885798815253239979e+01,-6.310768489625834254e-03,1.993965667137979949e+02,1.318449647473348696e-01,nan,6.117888471239283960e-05,6.095997243015644607e+00,1.000000000000000000e+00,1.000000000000000000e+00,-1.000000000000000000e+00,0.000000000000000000e+00
8.200000000000000000e+02,4.116410922133400163e+01,3.041547109561248163e+01,-1.389841312960893045e-03,4.222208252099633796e+01,3.457043211080563783e-01,nan,1.198936689777275115e-05,1.462020636910628113e+01,1.000000000000000000e+00,1.000000000000000000e+00,-1.000000000000000000e+00,0.000000000000000000e+00
8.210000000000000000e+02,1.859060573234004465e+01,1.293035732308031172e+01,-6.813085472721392387e-03,2.154405783166757260e+02,1.345651627904127512e-01,nan,7.580054908152543153e-05,3.158971109418227119e+00,1.000000000000000000e+00,1.000000000000000000e+00,-1.000000000000000000e+00,0.000000000000000000e+00
8.220000000000000000e+02,9.028806578898291946e+01,2.434083216264460603e+01,-7.772002616527390849e-03,2.460684055635499590e+02,2.200870983077496401e-02,nan,1.277184449204664725e-05,1.218153273010562287e+01,1.000000000000000000e+00,1.000000000000000000e+00,-1.000000000000000000e+00,0.000000000000000000e+00
8.230000000000000000e+02,1.422325228819802589e+02,5.257458360234507211e+01,-1.491268546680368963e-03,4.546166981230138759e+01,3.233763340524251628e-01,nan,1.258446961226967311e-05,9.105603247320303240e+00,1.000000000000000000e+00,1.000000000000000000e+00,-1.000000000000000000e+00,0.000000000000000000e+00
8.240000000000000000e+02,3.447794362403845270e+01,1.151222951568164454e+01,-1.582744145975946903e-03,4.838340175820147238e+01,3.236388356542895250e-01,nan,1.462371619916694708e-05,1.595050443600807810e+01,1.000000000000000000e+00,1.000000000000000000e+00,-1.000000000000000000e+00,0.000000000000000000e+00
8.250000000000000000e+02,1.411648015634739863e+02,1.076112557868933095e+01,-7.312291134838840891e-03,2.313852142831466381e+02,3.935583404750342407e-02,nan,2.302344848032032433e-05,1.346296853072999511e+01,1.000000000000000000e+00,1.000000000000000000e+00,-1.000000000000000000e+00,0.000000000000000000e+00
8.260000000000000000e+02,1.543253619576235458e+01,1.285489029531984251e+01,1.473792055885675672e-03,-4.490347044711228364e+01,2.909191824388023262e-01,nan,1.003833438919770364e-05,3.158971109418227119e+00,1.000000000000000000e+00,1.000000000000000000e+00,-1.000000000000000000e+00,0.000000000000000000e+00
8.280000000000000000e+02,5.818544782626862144e+01,3.660275780673958934e+01,-5.975331611689346269e-03,1.886827080493333426e+02,4.537330029056774183e-02,nan,1.727483187438696571e-05,1.280675508968731968e+01,1.000000000000000000e+00,1.000000000000000000e+00,-1.000000000000000000e+00,0.000000000000000000e+00
8.280000000000000000e+02,2.260337060877377624e+01,3.824025030024404259e+01,-6.457027814928728397e-03,2.040680916495621204e+02,3.958795399089565237e-02,nan,1.641849835675696876e-05,1.466287075393551120e+01,1.000000000000000000e+00,1.000000000000000000e+00,-1.000000000000000000e+00,0.000000000000000000e+00
8.280000000000000000e+02,7.550737554893379411e+01,1.072220433558707242e+01,-6.393998935846616043e-03,2.020549483529170516e+02,3.722613410103581266e-02,nan,1.547819357662747172e-05,1.844122955566539446e+01,1.000000000000000000e+00,1.000000000000000000e+00,-1.000000000000000000e+00,0.000000000000000000e+00
8.280000000000000000e+02,5.434640979386228565e+01,2.438495264734333290e+01,-7.623426745757166077e-03,2.413228901325264530e+02,2.798426965912548248e-02,nan,1.622680159506854463e-05,1.280675508968731968e+01,1.000000000000000000e+00,1.000000000000000000e+00,-1.000000000000000000e+00,0.000000000000000000e+00
8.280000000000000000e+02,1.029169064703009617e+01,4.620406316006291547e+01,-7.092421608030159003e-03,2.243625784616405667e+02,3.387664505447740559e-02,nan,1.681367158209567332e-05,1.466287075393551120e+01,1.000000000000000000e+00,1.000000000000000000e+00,-1.000000000000000000e+00,0.000000000000000000e+00
8.290000000000000000e+02,8.332057794978740617e+01,3.665692335114871270e+01,-6.270082405795489831e-03,1.980970526160922418e+02,3.911464935229402862e-02,nan,1.514411547780265150e-05,1.556240846107055376e+01,1.000000000000000000e+00,1.000000000000000000e+00,-1.000000000000000000e+00,0.000000000000000000e+00
8.310000000000000000e+02,1.054569873654972270e+02,1.288324838709216813e+01,-7.263523046837657912e-03,2.298275608569786925e+02,3.117176071505034507e-02,nan,1.581687294229233354e-05,1.035046692986058225e+01,1.000000000000000000e+00,1.000000000000000000e+00,-1.000000000000000000e+00,0.000000000000000000e+00
8.330000000000000000e+02,9.240418714978127923e+01,4.929324405818155697e+01,-6.725655211866146677e-03,2.126480545382444802e+02,3.182390829245329567e-02,nan,1.604664084282554070e-05,1.556240846107055376e+01,1.000000000000000000e+00,1.000000000000000000e+00,-1.000000000000000000e+00,0.000000000000000000e+00
8.330000000000000000e+02,6.892267499889908322e+01,2.794778607296591488e+01,-6.670402244255455027e-03,2.108832739648774748e+02,3.220443287078855743e-02,nan,1.498740048303557286e-05,1.238888819136687758e+01,1.000000000000000000e+00,1.000000000000000000e+00,-1.000000000000000000e+00,0.000000000000000000e+00
8.340000000000000000e+02,7.148756643302729685e+01,1.582731237969281146e+01,-6.029988684842771049e-03,1.904284557452380682e+02,7.113300372984909803e-02,nan,2.713054878025907522e-05,1.238888819136687758e+01,1.000000000000000000e+00,1.000000000000000000e+00,-1.000000000000000000e+00,0.000000000000000000e+00
8.340000000000000000e+02,1.218838456634499323e+02,2.954810950625104127e+01,-1.766203203199778662e-03,5.424308666197113382e+01,3.116926329491976899e-01,nan,1.641340376141491722e-05,1.149412872046371881e+01,1.000000000000000000e+00,1.000000000000000000e+00,-1.000000000000000000e+00,0.000000000000000000e+00
8.370000000000000000e+02,5.636338797357157659e+01,1.731689530017805012e+01,-1.536735118514935723e-03,4.691387276502953085e+01,3.206652536357801342e-01,nan,1.288367152047213280e-05,1.480319247882776423e+01,1.000000000000000000e+00,1.000000000000000000e+00,-1.000000000000000000e+00,0.000000000000000000e+00
8.370000000000000000e+02,2.308654097347139356e+01,3.790624476463122505e+01,-2.068595842453047323e-03,6.390151187169835367e+01,3.295707718779877782e-01,nan,2.392370325580491996e-05,3.529368460395844842e+00,1.000000000000000000e+00,1.000000000000000000e+00,-1.000000000000000000e+00,0.000000000000000000e+00
8.380000000000000000e+02,3.568539828512976442e+01,3.570687531223340017e+01,-6.926358898070961861e-03,2.190585331375671103e+02,3.240440658064525081e-02,nan,1.522406221351142378e-05,1.199608912204764266e+01,1.000000000000000000e+00,1.000000000000000000e+00,-1.000000000000000000e+00,0.000000000000000000e+00
8.380000000000000000e+02,4.221519528788191877e+01,1.296222524449983027e+01,-1.373595005606831863e-03,4.170317523244286662e+01,3.642117887119712405e-01,nan,1.222109031499746514e-05,1.480319247882776423e+01,1.000000000000000000e+00,1.000000000000000000e+00,-1.000000000000000000e+00,0.000000000000000000e+00
8.390000000000000000e+02,2.156695405149788414e+01,2.170915510088487466e+01,-6.738256176509832551e-03,2.130505295286476724e+02,3.672456083547437355e-02,nan,1.724689829875995919e-05,1.049131132753282891e+01,1.000000000000000000e+00,1.000000000000000000e+00,-1.000000000000000000e+00,0.000000000000000000e+00
8.390000000000000000e+02,1.076389344271252924e+02,4.205700074996666871e+01,-7.983245768048662788e-03,2.528155148353680772e+02,2.448917891906843280e-02,nan,1.755844095618710896e-05,8.884146932672337016e+00,1.000000000000000000e+00,1.000000000000000000e+00,-1.000000000000000000e+00,0.000000000000000000e+00
8.390000000000000000e+02,1.425722478719821993e+02,3.514065342408040493e+01,-7.434266953891698407e-03,2.352811236830131065e+02,3.983777609109084850e-02,nan,2.213350307722380302e-05,1.213751103447586033e+01,1.000000000000000000e+00,1.000000000000000000e+00,-1.000000000000000000e+00,0.000000000000000000e+00
8.400000000000000000e+02,2.030456680375595724e+01,4.007812446854510569e+01,1.272093645687628546e-03,-3.846122034926152367e+01,3.656324634319797484e-01,nan,1.141491209771659317e-05,3.529368460395844842e+00,1.000000000000000000e+00,1.000000000000000000e+00,-1.000000000000000000e+00,0.000000000000000000e+00
8.410000000000000000e+02,7.325807833003258907e+01,9.605174884181376882e+00,-7.764511916635463695e-03,2.458291525021879238e+02,2.467563554314877727e-02,nan,1.499481316267705470e-05,9.035933351921297429e+00,1.000000000000000000e+00,1.000000000000000000e+00,-1.000000000000000000e+00,0.000000000000000000e+00
8.420000000000000000e+02,1.305721476654974822e+02,3.696185334346013462e+01,-7.137228710343667369e-03,2.257937179484623869e+02,3.436991807836442536e-02,nan,1.711522682797231681e-05,1.213751103447586033e+01,1.000000000000000000e+00,1.000000000000000000e+00,-1.000000000000000000e+00,0.000000000000000000e+00
8.430000000000000000e+02,5.705619068476102029e+01,1.425648698146501658e+01,-1.296729703804348592e-02,4.120061834692462526e+02,9.922822534448316745e-03,nan,1.681861531503537122e-05,1.030269184215202749e+01,1.000000000000000000e+00,1.000000000000000000e+00,-1.000000000000000000e+00,0.000000000000000000e+00
8.450000000000000000e+02,6.193063063688168057e+01,2.709247397859164863e+01,-6.263024135614744109e-03,1.978716113658715869e+02,4.354097220906594234e-02,nan,1.706686426698189393e-05,1.373035786267910829e+01,1.000000000000000000e+00,1.000000000000000000e+00,-1.000000000000000000e+00,0.000000000000000000e+00
8.460000000000000000e+02,7.702542551625414546e+01,1.781828554451173474e+01,-6.691087097314585286e-03,2.115439484665424459e+02,3.657493518061682991e-02,nan,1.689843522199438919e-05,9.035933351921297429e+00,1.000000000000000000e+00,1.000000000000000000e+00,-1.000000000000000000e+00,0.000000000000000000e+00
8.480000000000000000e+02,1.355880982460046482e+02,1.604779075462555227e+01,-8.880792909231011861e-03,2.814831833233353677e+02,4.654769042400119794e-02,nan,4.097380826931536479e-05,8.643464333039876379e+00,1.000000000000000000e+00,1.000000000000000000e+00,-1.000000000000000000e+00,0.000000000000000000e+00
8.480000000000000000e+02,6.730177448812943908e+01,1.317321798324681126e+01,-6.277733839552596465e-03,1.983414395194000974e+02,3.952512251343220928e-02,nan,1.537178183535513657e-05,1.030269184215202749e+01,1.000000000000000000e+00,1.000000000000000000e+00,-1.000000000000000000e+00,0.000000000000000000e+00
8.490000000000000000e+02,1.436876875744849826e+02,1.260571685286243238e+01,-7.180638882788960460e-03,2.271802394753738099e+02,8.154785360997918175e-02,nan,4.611766543147097854e-05,8.800637478912042511e+00,1.000000000000000000e+00,1.000000000000000000e+00,-1.000000000000000000e+00,0.000000000000000000e+00
8.490000000000000000e+02,1.271006446177522520e+02,1.441297988336316216e+01,-6.610348067462146378e-03,2.089651427017546723e+02,8.099762987950609450e-02,nan,3.995748306516629518e-05,8.643464333039876379e+00,1.000000000000000000e+00,1.000000000000000000e+00,-1.000000000000000000e+00,0.000000000000000000e+00
8.490000000000000000e+02,5.304289295993726938e+01,4.433201183660425926e+01,-1.968182053954518982e-03,6.069429403520162936e+01,2.538483719588271459e-01,nan,1.463773275390989567e-05,1.939570948875104506e+01,1.000000000000000000e+00,1.000000000000000000e+00,-1.000000000000000000e+00,0.000000000000000000e+00
8.510000000000000000e+02,8.251076563291694299e+01,3.747143030361610272e+01,-6.118079150981541731e-03,1.932420664898393170e+02,3.731287404169525423e-02,nan,1.525037812869677353e-05,2.040429011550712346e+01,1.000000000000000000e+00,1.000000000000000000e+00,-1.000000000000000000e+00,0.000000000000000000e+00
8.510000000000000000e+02,1.160760436290104849e+02,1.022252356933725537e+01,-2.350622433966186465e-03,7.290944522619550128e+01,2.762097394681797269e-01,nan,2.483095537867349587e-05,9.863814702698910253e+00,1.000000000000000000e+00,1.000000000000000000e+00,-1.000000000000000000e+00,0.000000000000000000e+00
8.520000000000000000e+02,6.205339820236873294e+01,2.384817392350790044e+01,-7.206664134981234301e-03,2.280114864015029923e+02,3.020014590197661608e-02,nan,1.523195898901727462e-05,1.189538305240528437e+01,1.000000000000000000e+00,1.000000000000000000e+00,-1.000000000000000000e+00,0.000000000000000000e+00
8.520000000000000000e+02,1.115357014290720059e+02,4.660984160830531664e+01,-1.716994336806210424e-03,5.267135476766511459e+01,2.635747995407519140e-01,nan,1.143331147042096666e-05,2.675705343104381484e+01,1.000000000000000000e+00,1.000000000000000000e+00,-1.000000000000000000e+00,0.000000000000000000e+00
8.530000000000000000e+02,2.673750350150369215e+01,5.083142834995348380e+01,-1.397392359174085778e-03,4.246326304472010804e+01,3.322479842925303295e-01,nan,1.121873811595050663e-05,1.493453906957556399e+01,1.000000000000000000e+00,1.000000000000000000e+00,-1.000000000000000000e+00,0.000000000000000000e+00
8.540000000000000000e+02,8.322586072981981431e+01,6.131778607936005265e+00,-6.741025815196582428e-03,2.131389918277962181e+02,3.954458216198908360e-02,nan,1.807632492365952265e-05,9.060167048368317211e+00,1.000000000000000000e+00,1.000000000000000000e+00,-1.000000000000000000e+00,0.000000000000000000e+00
8.540000000000000000e+02,7.409141033803253151e+01,1.053430560289498885e+01,-7.055138785681387865e-03,2.231717645841851834e+02,3.174165547057128389e-02,nan,1.531359828128281945e-05,8.938208149041530604e+00,1.000000000000000000e+00,1.000000000000000000e+00,-1.000000000000000000e+00,0.000000000000000000e+00
8.550000000000000000e+02,2.976570965490637022e+01,3.620711897435652560e+01,-7.883800602666655999e-03,2.496392348350251496e+02,2.725867412622762220e-02,nan,1.640744078639545868e-05,1.493453906957556399e+01,1.000000000000000000e+00,1.000000000000000000e+00,-1.000000000000000000e+00,0.000000000000000000e+00
8.550000000000000000e+02,1.251960066615738043e+02,6.464716393089698698e+00,-6.562392325225875102e-03,2.074334356109016824e+02,3.575926780950033912e-02,nan,1.551278680076675405e-05,9.863814702698910253e+00,1.000000000000000000e+00,1.000000000000000000e+00,-1.000000000000000000e+00,0.000000000000000000e+00
8.550000000000000000e+02,4.694089620903969973e+01,3.727373484446680152e+01,-7.736460406250806991e-03,2.449331868605005411e+02,2.720394536761605586e-02,nan,1.734421791252581144e-05,1.720827424768832969e+01,1.000000000000000000e+00,1.000000000000000000e+00,-1.000000000000000000e+00,0.000000000000000000e+00
8.570000000000000000e+02,1.298152296620123138e+02,2.707017027297135314e+01,-7.647184151223648634e-03,2.420817020018954224e+02,4.336011485857627079e-02,nan,2.579662520435382854e-05,1.162142814970733617e+01,1.000000000000000000e+00,1.000000000000000000e+00,-1.000000000000000000e+00,0.000000000000000000e+00
8.580000000000000000e+02,1.134858637807628590e+01,4.576799357914049438e+01,-7.230582602179088866e-03,2.287754425848686424e+02,3.010877865641692352e-02,nan,1.576097932937258972e-05,1.620052906265703641e+01,1.000000000000000000e+00,1.000000000000000000e+00,-1.000000000000000000e+00,0.000000000000000000e+00
8.590000000000000000e+02,8.178900177565661522e+01,1.507728380832463877e+01,-6.490172189762758240e-03,2.051267234543843188e+02,2.965739321143268103e-02,nan,1.214474952767695692e-05,8.938208149041530604e+00,1.000000000000000000e+00,1.000000000000000000e+00,-1.000000000000000000e+00,0.000000000000000000e+00
8.600000000000000000e+02,1.244262294839540033e+02,1.677375005428866928e+01,-6.732406950867770613e-03,2.128637051782330047e+02,3.700439603171923331e-02,nan,1.666117456616957271e-05,8.824858427678519135e+00,1.000000000000000000e+00,1.000000000000000000e+00,-1.000000000000000000e+00,0.000000000000000000e+00
8.610000000000000000e+02,1.097445254330215114e+01,2.824522437374034922e+01,-6.812388045935187895e-03,2.154183024951793755e+02,4.050388653494307878e-02,nan,1.955961389517478017e-05,1.752676287145011713e+01,1.000000000000000000e+00,1.000000000000000000e+00,-1.000000000000000000e+00,0.000000000000000000e+00
8.610000000000000000e+02,1.068828076143549737e+02,2.921350425268321160e+01,-7.926981240235572365e-03,2.510184250147120792e+02,2.658561755851251984e-02,nan,1.662569116091595944e-05,4.743979125217878234e+00,1.000000000000000000e+00,1.000000000000000000e+00,-1.000000000000000000e+00,0.000000000000000000e+00
8.630000000000000000e+02,1.063330952059935726e+02,4.035399857315457695e+01,-9.853098880101779020e-03,3.125386498975767608e+02,2.871036196937415408e-02,nan,2.934527662751129374e-05,6.938911618889552990e+00,1.000000000000000000e+00,1.000000000000000000e+00,-1.000000000000000000e+00,0.000000000000000000e+00
8.640000000000000000e+02,8.066854195858496723e+01,4.082337688743553628e+01,-1.330262773782718046e-02,4.227166508019966500e+02,6.965901724676037965e-03,nan,1.341845337830394381e-05,2.535941837472127247e+01,1.000000000000000000e+00,1.000000000000000000e+00,-1.000000000000000000e+00,0.000000000000000000e+00
8.650000000000000000e+02,6.006386775643184706e+01,9.816712260584260719e+00,-1.964007840696629925e-02,6.251349155433870237e+02,6.627946769946158057e-03,nan,2.720532143595074043e-05,2.400035817720253917e+01,1.000000000000000000e+00,1.000000000000000000e+00,-1.000000000000000000e+00,0.000000000000000000e+00
8.650000000000000000e+02,5.473632791361249872e+01,4.268345430359645576e+01,-7.953010960686714148e-03,2.518498146570931908e+02,2.623757982319441240e-02,nan,1.691427804253922601e-05,1.215510179775443333e+01,1.000000000000000000e+00,1.000000000000000000e+00,-1.000000000000000000e+00,0.000000000000000000e+00
8.660000000000000000e+02,9.353338552039843989e+01,1.745512310300049208e+01,-5.744670900825948022e-03,1.813154016552423968e+02,5.051508167385276860e-02,nan,1.706448622007531842e-05,1.239265173672159825e+01,1.000000000000000000e+00,1.000000000000000000e+00,-1.000000000000000000e+00,0.000000000000000000e+00
8.660000000000000000e+02,1.049630398237670477e+02,3.355168700249033975e+01,-6.990005606086265900e-03,2.210914098991482604e+02,1.140931042034398768e-01,nan,5.126722526778430724e-05,4.743979125217878234e+00,1.000000000000000000e+00,1.000000000000000000e+00,-1.000000000000000000e+00,0.000000000000000000e+00
8.670000000000000000e+02,1.131761121601945916e+02,3.562974930090710757e+01,-7.420434628116229225e-03,2.348393190005021154e+02,3.834756036457398487e-02,nan,2.293392122614602472e-05,8.315372043499516863e+00,1.000000000000000000e+00,1.000000000000000000e+00,-1.000000000000000000e+00,0.000000000000000000e+00
8.670000000000000000e+02,2.516446353810177428e+01,4.887284441102347188e+01,-6.591477143091168354e-03,2.083624051082550750e+02,3.673659426733133504e-02,nan,1.690832292319772523e-05,1.421823495896056500e+01,1.000000000000000000e+00,1.000000000000000000e+00,-1.000000000000000000e+00,0.000000000000000000e+00
8.680000000000000000e+02,2.270554768125728984e+01,1.046105236240516234e+01,-7.124637358120224084e-03,2.253915499788987802e+02,4.225393693482426549e-02,nan,2.167279872368106867e-05,1.478199318565677167e+01,1.000000000000000000e+00,1.000000000000000000e+00,-1.000000000000000000e+00,0.000000000000000000e+00
8.690000000000000000e+02,1.412282167922014651e+02,2.097099762051508520e+01,-7.328693573409883651e-03,2.319091084049968572e+02,2.625785201439356786e-02,nan,1.548906402315563310e-05,1.023586192453127097e+01,1.000000000000000000e+00,1.000000000000000000e+00,-1.000000000000000000e+00,0.000000000000000000e+00
8.700000000000000000e+02,6.287168507670131845e+01,3.365226038790886776e+01,-1.356998452311234879e-02,4.312560303363878234e+02,9.928022262326474667e-03,nan,1.727305816680371899e-05,1.215510179775443333e+01,1.000000000000000000e+00,1.000000000000000000e+00,-1.000000000000000000e+00,0.000000000000000000e+00
8.700000000000000000e+02,3.428494904413647504e+01,3.796528054541079911e+01,-5.854838568674951976e-03,1.848341585372790803e+02,4.775382905256386756e-02,nan,1.648189740141404739e-05,1.421823495896056500e+01,1.000000000000000000e+00,1.000000000000000000e+00,-1.000000000000000000e+00,0.000000000000000000e+00
8.710000000000000000e+02,1.033603452189803420e+02,9.904713832628724290e+00,-5.714510146615133998e-03,1.803520667356707179e+02,6.419434539372348425e-02,nan,2.150376824306205866e-05,1.236285566680335890e+01,1.000000000000000000e+00,1.000000000000000000e+00,-1.000000000000000000e+00,0.000000000000000000e+00
8.720000000000000000e+02,3.710346857320394776e+01,7.113337241602741834e+00,-1.445719177267529906e-03,4.400682230374256676e+01,3.528040056739065733e-01,nan,1.335653329169566022e-05,1.478199318565677167e+01,1.000000000000000000e+00,1.000000000000000000e+00,-1.000000000000000000e+00,0.000000000000000000e+00
8.730000000000000000e+02,6.056924797945381300e+01,4.778109456372093433e+01,-7.390512209271787522e-03,2.338835965159309467e+02,1.466135875608706174e-01,nan,9.394603259488612523e-05,1.431520770908953821e+01,1.000000000000000000e+00,1.000000000000000000e+00,-1.000000000000000000e+00,0.000000000000000000e+00
8.730000000000000000e+02,1.156662576069970640e+02,5.126698515855645155e+01,-7.356713217237052967e-03,2.328040562283836721e+02,1.155559581786328449e-01,nan,8.327380331857192771e-05,4.975926053179633435e+00,1.000000000000000000e+00,1.000000000000000000e+00,-1.000000000000000000e+00,0.000000000000000000e+00
8.740000000000000000e+02,7.319665832189543586e+00,4.278838283580171264e+01,-6.605396984728920291e-03,2.088070050486553271e+02,3.841298608348242549e-02,nan,1.671893662498141219e-05,2.444076853731647603e+01,1.000000000000000000e+00,1.000000000000000000e+00,-1.000000000000000000e+00,0.000000000000000000e+00
8.750000000000000000e+02,6.341406481772016157e+00,1.836719991322403445e+01,1.377875774082333148e-03,-4.183990303859214066e+01,3.694320069553195252e-01,nan,1.333110773217218891e-05,1.196617312668335131e+01,1.000000000000000000e+00,1.000000000000000000e+00,-1.000000000000000000e+00,0.000000000000000000e+00
8.760000000000000000e+02,1.339493243459633049e+02,3.074875627963267277e+01,-1.707878094893453252e-03,5.238018187097829781e+01,3.409252684285704049e-01,nan,1.757385241843154844e-05,1.709544594294683151e+01,1.000000000000000000e+00,1.000000000000000000e+00,-1.000000000000000000e+00,0.000000000000000000e+00
8.770000000000000000e+02,3.322789547063464966e+01,5.111190645071621219e+01,-1.585665411868035111e-03,4.847670703245065482e+01,3.697640699420903232e-01,nan,1.772445711873264196e-05,2.432121167761966163e+01,1.000000000000000000e+00,1.000000000000000000e+00,-1.000000000000000000e+00,0.000000000000000000e+00
8.780000000000000000e+02,4.278758843725771044e+01,2.874823931289016699e+01,-7.278403577120447915e-03,2.303028452064004057e+02,2.533214271802675110e-02,nan,1.335945919758920275e-05,2.432121167761966163e+01,1.000000000000000000e+00,1.000000000000000000e+00,-1.000000000000000000e+00,0.000000000000000000e+00
8.780000000000000000e+02,1.129164047183938067e+02,4.711992003032996479e+01,-7.307963016437212488e-03,2.312469741196816813e+02,3.354189419113939863e-02,nan,1.740649832982563551e-05,4.975926053179633435e+00,1.000000000000000000e+00,1.000000000000000000e+00,-1.000000000000000000e+00,0.000000000000000000e+00
8.800000000000000000e+02,8.082039919519078808e+01,5.314652253224139145e+01,-1.322400848527272585e-03,4.006803312531697259e+01,3.682652425209710367e-01,nan,1.239747389542981517e-05,7.421345736600001075e+00,1.000000000000000000e+00,1.000000000000000000e+00,-1.000000000000000000e+00,0.000000000000000000e+00
8.820000000000000000e+02,1.022654319289887752e+02,2.114345159520495088e+01,-6.121905433707301378e-03,1.933642780146610676e+02,4.698051496184918463e-02,nan,1.781080104881518133e-05,8.169265449711611282e+00,1.000000000000000000e+00,1.000000000000000000e+00,-1.000000000000000000e+00,0.000000000000000000e+00
8.830000000000000000e+02,1.361621928134634629e+01,4.300869643692306710e+01,-7.292642177327941615e-03,2.307576263000635493e+02,5.250941627366279008e-02,nan,2.888190728507408620e-05,2.304647747182340822e+01,1.000000000000000000e+00,1.000000000000000000e+00,-1.000000000000000000e+00,0.000000000000000000e+00
8.840000000000000000e+02,4.139956242518389473e+01,3.747155780476538922e+01,-6.543735989276549744e-03,2.068375519746495854e+02,3.117020007704229823e-02,nan,1.352518584668757245e-05,1.124505333588308176e+01,1.000000000000000000e+00,1.000000000000000000e+00,-1.000000000000000000e+00,0.000000000000000000e+00
8.840000000000000000e+02,5.126704647003733584e+01,4.286451461447729372e+01,-7.428831676998540016e-03,2.351075208615411327e+02,4.476732773594604975e-02,nan,2.513388721780227545e-05,1.124505333588308176e+01,1.000000000000000000e+00,1.000000000000000000e+00,-1.000000000000000000e+00,0.000000000000000000e+00
8.880000000000000000e+02,2.192292214008163143e+01,8.905490697255709520e+00,-7.343091313693574096e-03,2.323689724349629842e+02,3.325560266258298370e-02,nan,1.854382375923131423e-05,1.962118548514494520e+01,1.000000000000000000e+00,1.000000000000000000e+00,-1.000000000000000000e+00,0.000000000000000000e+00
8.880000000000000000e+02,5.845867090371006469e+01,1.413901467072464513e+01,-6.999129776380033814e-03,2.213828360284376231e+02,2.518834899399657878e-02,nan,1.237785774972771782e-05,2.890364598426979370e+01,1.000000000000000000e+00,1.000000000000000000e+00,-1.000000000000000000e+00,0.000000000000000000e+00
8.890000000000000000e+02,9.167463558302547710e+01,8.485920008650241542e+00,-6.699556289759621419e-03,2.118144545940036210e+02,4.528484038064783945e-02,nan,2.193066803325875789e-05,8.450189088351876876e+00,1.000000000000000000e+00,1.000000000000000000e+00,-1.000000000000000000e+00,0.000000000000000000e+00
8.900000000000000000e+02,9.956191272592441521e+01,4.464779747519585840e+01,-1.556787444475762200e-03,4.755434434215513306e+01,3.662169162393688060e-01,nan,1.593732699744476034e-05,1.868111180742284461e+01,1.000000000000000000e+00,1.000000000000000000e+00,-1.000000000000000000e+00,0.000000000000000000e+00
8.920000000000000000e+02,8.618842694054404774e+01,3.160426205301592972e+01,-7.722573482723713370e-03,2.444896383250241456e+02,2.506568602719905225e-02,nan,1.448177949588098355e-05,1.868111180742284461e+01,1.000000000000000000e+00,1.000000000000000000e+00,-1.000000000000000000e+00,0.000000000000000000e+00
8.920000000000000000e+02,1.777978684131413445e+01,2.808426411315928206e+01,-7.474066657877594978e-03,2.365523267958478471e+02,2.890805649138561417e-02,nan,1.571649901241018970e-05,1.301832887224174051e+01,1.000000000000000000e+00,1.000000000000000000e+00,-1.000000000000000000e+00,0.000000000000000000e+00
8.920000000000000000e+02,5.133180120772754762e+00,3.117298959170225459e+01,-6.638242763665898674e-03,2.098560996962678757e+02,3.791823933026661209e-02,nan,1.637466950614370362e-05,1.301832887224174051e+01,1.000000000000000000e+00,1.000000000000000000e+00,-1.000000000000000000e+00,0.000000000000000000e+00
8.950000000000000000e+02,3.389114798036393239e+01,7.511206880538400910e+00,-6.944690182399764454e-03,2.196440346204246339e+02,2.725794689655647307e-02,nan,9.977097293871399516e-06,1.885035892029301863e+01,1.000000000000000000e+00,1.000000000000000000e+00,-1.000000000000000000e+00,0.000000000000000000e+00
8.970000000000000000e+02,1.429495088390326600e+02,4.853856092574853420e+01,-6.651934585819222097e-03,2.102934166910840190e+02,2.706973989511185508e-02,nan,1.195178872005313715e-05,1.379648321225093532e+01,1.000000000000000000e+00,1.000000000000000000e+00,-1.000000000000000000e+00,0.000000000000000000e+00
8.980000000000000000e+02,5.633877488781394760e+01,8.291189896206100585e+00,-7.391366176930583808e-03,2.339108722551300730e+02,3.550737962225625211e-02,nan,2.104446977785822968e-05,1.917476529038042088e+01,1.000000000000000000e+00,1.000000000000000000e+00,-1.000000000000000000e+00,0.000000000000000000e+00
8.980000000000000000e+02,2.130681284754218652e+01,5.329471206116740234e+01,-7.155911194645957381e-03,2.263904367634810058e+02,2.912817826345281969e-02,nan,1.452648503473192486e-05,2.668064324735468062e+01,1.000000000000000000e+00,1.000000000000000000e+00,-1.000000000000000000e+00,0.000000000000000000e+00
9.000000000000000000e+02,1.551230113767858043e+01,1.170095868189672395e+01,-8.363229710481557069e-03,2.649522073750682694e+02,5.659868144101865006e-02,nan,4.068356375511519851e-05,5.814442781743718314e+00,1.000000000000000000e+00,1.000000000000000000e+00,-1.000000000000000000e+00,0.000000000000000000e+00
9.010000000000000000e+02,2.874191627908788504e+01,5.925904238018437908e+00,-6.742460351382768835e-03,2.131848109340388362e+02,1.797781242705978055e-01,nan,1.020080927970981881e-04,8.628271363677574968e+00,1.000000000000000000e+00,1.000000000000000000e+00,-1.000000000000000000e+00,0.000000000000000000e+00
9.010000000000000000e+02,9.431400696891347479e+01,3.932863887686520599e+01,-6.212742111729130552e-03,1.962656028059669211e+02,5.222659846842103715e-02,nan,2.040956878254014429e-05,2.173106908074151988e+01,1.000000000000000000e+00,1.000000000000000000e+00,-1.000000000000000000e+00,0.000000000000000000e+00
9.020000000000000000e+02,1.131928887526187388e+01,2.855393420363553858e+01,-8.047169628134287489e-03,2.548572438380273297e+02,2.339282068512027468e-02,nan,1.859483026196214283e-05,1.736675374873221500e+01,1.000000000000000000e+00,1.000000000000000000e+00,-1.000000000000000000e+00,0.000000000000000000e+00
9.020000000000000000e+02,4.527360458749571848e+01,3.060290536238886361e+01,-3.484658949156690944e-02,1.110831096423277131e+03,3.340207385124527306e-03,nan,4.726149760244094855e-05,3.381781885779202135e+00,1.000000000000000000e+00,1.000000000000000000e+00,-1.000000000000000000e+00,0.000000000000000000e+00
9.030000000000000000e+02,1.270938433826116096e+02,5.189111750689765934e+00,-1.414564269960501101e-03,4.301173412010164299e+01,3.734627725129995302e-01,nan,1.451838521424806517e-05,6.447612060746606311e+00,1.000000000000000000e+00,1.000000000000000000e+00,-1.000000000000000000e+00,0.000000000000000000e+00
9.040000000000000000e+02,2.074540833879435553e+01,9.166726276650148719e+00,-6.941045375691361555e-03,2.195276194421849993e+02,7.457967160561973508e-02,nan,3.862567088882315047e-05,5.814442781743718314e+00,1.000000000000000000e+00,1.000000000000000000e+00,-1.000000000000000000e+00,0.000000000000000000e+00
9.040000000000000000e+02,3.113618355019813322e+01,3.508168359671554981e+01,-7.223934272321389828e-03,2.285630948344116575e+02,2.730251327350596835e-02,nan,1.420419250052942079e-05,1.482990654246016504e+01,1.000000000000000000e+00,1.000000000000000000e+00,-1.000000000000000000e+00,0.000000000000000000e+00
9.050000000000000000e+02,1.224318303885400354e+02,4.894936789797578314e+01,-6.541591063942555490e-03,2.067690430288961920e+02,7.100220102465670813e-02,nan,2.532002103156348231e-05,8.313439106956707292e+00,1.000000000000000000e+00,1.000000000000000000e+00,-1.000000000000000000e+00,0.000000000000000000e+00
9.060000000000000000e+02,6.272481851993718038e+01,8.181872267935649035e+00,-7.578097816500028831e-03,2.398750834856841152e+02,3.404377440696237933e-02,nan,1.908831350799037531e-05,2.841210292706974627e+01,1.000000000000000000e+00,1.000000000000000000e+00,-1.000000000000000000e+00,0.000000000000000000e+00
9.060000000000000000e+02,1.154279695910526584e+02,4.447061765773056408e+01,-7.539232731369790129e-03,2.386337321124263440e+02,3.156919928058776748e-02,nan,1.979732405912488515e-05,8.313439106956707292e+00,1.000000000000000000e+00,1.000000000000000000e+00,-1.000000000000000000e+00,0.000000000000000000e+00
9.070000000000000000e+02,1.237737799843998516e+02,1.258026347748914908e+01,-1.759579207436169201e-03,5.403151614282636217e+01,3.518011401106847513e-01,nan,2.044858216356727318e-05,6.727651155087620793e+00,1.000000000000000000e+00,1.000000000000000000e+00,-1.000000000000000000e+00,0.000000000000000000e+00
9.090000000000000000e+02,8.955152709332550387e+01,3.137088671158115005e+01,-7.203650514930655217e-03,2.279152313341146794e+02,5.960481250899141159e-02,nan,3.376474127573062813e-05,1.844585364742747657e+01,1.000000000000000000e+00,1.000000000000000000e+00,-1.000000000000000000e+00,0.000000000000000000e+00
9.100000000000000000e+02,1.951142550627894678e+01,5.966711945880182277e+00,-5.781465601236706643e-03,1.824906249110372585e+02,5.610226595806233618e-02,nan,2.009660647017177655e-05,1.936360824363465127e+01,1.000000000000000000e+00,1.000000000000000000e+00,-1.000000000000000000e+00,0.000000000000000000e+00
9.100000000000000000e+02,3.565460230636004724e+01,5.213262909261970179e+01,-1.639368644824536854e-03,5.019198905886434403e+01,3.094529470245576119e-01,nan,1.391250673477412825e-05,2.680308185407379540e+01,1.000000000000000000e+00,1.000000000000000000e+00,-1.000000000000000000e+00,0.000000000000000000e+00
9.110000000000000000e+02,1.419882432314264520e+02,4.300330640956017447e+01,-1.703212702586867546e-03,5.223116917417963379e+01,3.654852401910246851e-01,nan,2.017155591940261085e-05,1.489628914768324819e+01,1.000000000000000000e+00,1.000000000000000000e+00,-1.000000000000000000e+00,0.000000000000000000e+00
9.130000000000000000e+02,7.538242076431355088e+01,1.735150929005644116e+01,-6.058636370111424203e-03,1.913434632212214694e+02,3.768235829089638944e-02,nan,1.369913744906210324e-05,1.993254919597599795e+01,1.000000000000000000e+00,1.000000000000000000e+00,-1.000000000000000000e+00,0.000000000000000000e+00
9.140000000000000000e+02,1.127542193800421160e+02,4.224301066583805664e+01,-7.524028439996037314e-03,2.381481068291425913e+02,4.660603975498578411e-02,nan,3.161471095557710380e-05,7.309687247832079571e+00,1.000000000000000000e+00,1.000000000000000000e+00,-1.000000000000000000e+00,0.000000000000000000e+00
9.140000000000000000e+02,1.057233502059155938e+02,4.024340912617162758e+01,-6.030173522510666462e-03,1.904343594629863503e+02,1.351872342521562853e-01,nan,6.008373288806464921e-05,7.309687247832079571e+00,1.000000000000000000e+00,1.000000000000000000e+00,-1.000000000000000000e+00,0.000000000000000000e+00
9.150000000000000000e+02,1.080120127672677768e+02,1.025816335144033431e+01,-7.900200318149780410e-03,2.501630419814084405e+02,1.707327566265259833e-02,nan,1.097272451983823619e-05,2.338670219221716806e+01,1.000000000000000000e+00,1.000000000000000000e+00,-1.000000000000000000e+00,0.000000000000000000e+00
9.150000000000000000e+02,1.295782273053588654e+02,3.476371084387039900e+01,-6.102669167948741522e-03,1.927498714120325189e+02,4.805558327600090163e-02,nan,1.830635458693568085e-05,1.159665198558368182e+01,1.000000000000000000e+00,1.000000000000000000e+00,-1.000000000000000000e+00,0.000000000000000000e+00
9.160000000000000000e+02,3.305104967114178294e+01,1.385471308518166822e+01,-6.063941887398985667e-03,1.915129215190403897e+02,9.444623422996067941e-02,nan,3.957595893052936944e-05,6.993501485813446550e+00,1.000000000000000000e+00,1.000000000000000000e+00,-1.000000000000000000e+00,0.000000000000000000e+00
9.160000000000000000e+02,2.615775169798946820e+01,1.503433424699976584e+01,-7.040603134225317805e-03,2.227074956694067112e+02,5.529459215589149768e-02,nan,3.016107148029635717e-05,6.993501485813446550e+00,1.000000000000000000e+00,1.000000000000000000e+00,-1.000000000000000000e+00,0.000000000000000000e+00
9.180000000000000000e+02,3.116196303278581681e+01,3.121677485393472296e+01,-1.740164148795787314e-03,5.341139889300289667e+01,3.071966217433298452e-01,nan,1.561403574003473129e-05,1.379653012781879440e+01,1.000000000000000000e+00,1.000000000000000000e+00,-1.000000000000000000e+00,0.000000000000000000e+00
9.190000000000000000e+02,7.985527323327839611e+01,1.519297256979066546e+01,-6.880067628447234483e-03,2.175799893256933615e+02,2.832577199565600168e-02,nan,1.303197620175460924e-05,2.699808093283428079e+01,1.000000000000000000e+00,1.000000000000000000e+00,-1.000000000000000000e+00,0.000000000000000000e+00
9.190000000000000000e+02,1.185662732187558390e+02,3.112788845144130079e+01,-7.363346627201586454e-03,2.330159274372402081e+02,3.031372700724099811e-02,nan,1.624119565416485224e-05,4.986117367421907254e+00,1.000000000000000000e+00,1.000000000000000000e+00,-1.000000000000000000e+00,0.000000000000000000e+00
9.210000000000000000e+02,1.056912539897877537e+02,7.357254835903863643e+00,-6.678476608658996498e-03,2.111411692790632628e+02,3.631612632614067415e-02,nan,1.710865583889477457e-05,1.391821040145430111e+01,1.000000000000000000e+00,1.000000000000000000e+00,-1.000000000000000000e+00,0.000000000000000000e+00
9.210000000000000000e+02,4.983936919629607587e+01,4.020615461103258070e+01,-9.058523193447439240e-03,2.871598911355588939e+02,2.762219077337979556e-02,nan,2.230139923245352877e-05,2.072810771426209442e+01,1.000000000000000000e+00,1.000000000000000000e+00,-1.000000000000000000e+00,0.000000000000000000e+00
9.250000000000000000e+02,7.469035536809160547e+00,1.482197180320996566e+01,-7.702223808812090448e-03,2.438396694501100512e+02,6.481224485835590521e-02,nan,4.046290807716118159e-05,6.619434811268618546e+00,1.000000000000000000e+00,1.000000000000000000e+00,-1.000000000000000000e+00,0.000000000000000000e+00
9.260000000000000000e+02,8.524237129229987886e+01,6.225980411833888617e+00,-6.520338095477896077e-03,2.060902229130775538e+02,4.199525161909911652e-02,nan,1.794266569554419573e-05,1.006963450131604709e+01,1.000000000000000000e+00,1.000000000000000000e+00,-1.000000000000000000e+00,0.000000000000000000e+00
9.260000000000000000e+02,1.280034106460781516e+02,2.052116939725715739e+01,-7.172331371588565145e-03,2.269148974491719741e+02,3.554529522685367926e-02,nan,1.813346366136511133e-05,8.273973391487178475e+00,1.000000000000000000e+00,1.000000000000000000e+00,-1.000000000000000000e+00,0.000000000000000000e+00
9.260000000000000000e+02,1.103064560408569861e+02,2.048800084696344115e+01,1.526486621573486550e-03,-4.658653562658086145e+01,3.602972481513476710e-01,nan,1.650576905336479579e-05,1.391821040145430111e+01,1.000000000000000000e+00,1.000000000000000000e+00,-1.000000000000000000e+00,0.000000000000000000e+00
9.270000000000000000e+02,1.248798587606349315e+02,1.285944248343531626e+01,1.701793722891270120e-03,-5.218584694246826672e+01,3.709971159241931549e-01,nan,2.039055105056632555e-05,8.273973391487178475e+00,1.000000000000000000e+00,1.000000000000000000e+00,-1.000000000000000000e+00,0.000000000000000000e+00
9.280000000000000000e+02,9.530036850579982399e+01,5.742006194212929238e+00,-6.264578554712555217e-03,1.979212595340209759e+02,5.705665021982264662e-02,nan,2.291639157337268721e-05,1.006963450131604709e+01,1.000000000000000000e+00,1.000000000000000000e+00,-1.000000000000000000e+00,0.000000000000000000e+00
9.280000000000000000e+02,3.692422260480753948e+01,2.678871095248187117e+01,-6.697984454475628714e-03,2.117642501526192689e+02,3.757244410241544763e-02,nan,1.658376233865386699e-05,7.615278941896897358e+00,1.000000000000000000e+00,1.000000000000000000e+00,-1.000000000000000000e+00,0.000000000000000000e+00
9.280000000000000000e+02,7.930400459723166762e+00,8.218634796170315227e+00,-2.001047636227112382e-03,6.174402120163611585e+01,3.410868462364935461e-01,nan,2.599494174373806496e-05,6.619434811268618546e+00,1.000000000000000000e+00,1.000000000000000000e+00,-1.000000000000000000e+00,0.000000000000000000e+00
9.300000000000000000e+02,9.740207937676301242e+01,3.904898665652357437e+01,-1.646037829320365136e-03,5.040500290676055783e+01,3.497023246068490243e-01,nan,1.749855807898699860e-05,2.260604192050226402e+01,1.000000000000000000e+00,1.000000000000000000e+00,-1.000000000000000000e+00,0.000000000000000000e+00
9.310000000000000000e+02,3.109277445927418526e+01,1.794135032175580946e+01,-6.340106801410688546e-03,2.003336328105568782e+02,2.736737287921975348e-02,nan,1.189493312250216593e-05,3.626568176559563650e+00,1.000000000000000000e+00,1.000000000000000000e+00,-1.000000000000000000e+00,0.000000000000000000e+00
9.320000000000000000e+02,6.977529318661822799e+01,2.638345880914900832e+01,-6.447012524349566599e-03,2.037482031256503205e+02,4.570367747533521374e-02,nan,1.938822060983986942e-05,1.300357230999721025e+01,1.000000000000000000e+00,1.000000000000000000e+00,-1.000000000000000000e+00,0.000000000000000000e+00
9.320000000000000000e+02,7.133931923739497449e+01,5.020689539855285233e+01,-6.670793316244733907e-03,2.108957648097915580e+02,1.455754289256473433e-01,nan,7.693863122365403567e-05,8.468426333861451383e+00,1.000000000000000000e+00,1.000000000000000000e+00,-1.000000000000000000e+00,0.000000000000000000e+00
9.320000000000000000e+02,4.511563550035732106e+01,9.731316960506626756e+00,-1.857307802629755943e-03,5.715296886687364974e+01,2.824114928406963321e-01,nan,1.503901458890122136e-05,6.961405649695603159e+00,1.000000000000000000e+00,1.000000000000000000e+00,-1.000000000000000000e+00,0.000000000000000000e+00
9.330000000000000000e+02,1.187136621213345649e+02,1.327052936972258657e+01,-6.346859011172521076e-03,2.005492984866331483e+02,3.156552562837278142e-02,nan,1.287761512740637728e-05,2.327952961123152420e+01,1.000000000000000000e+00,1.000000000000000000e+00,-1.000000000000000000e+00,0.000000000000000000e+00
9.330000000000000000e+02,2.551414169474618987e+01,3.402575813034674468e+01,-7.419706899398237181e-03,2.348160753348723802e+02,2.646778746274014438e-02,nan,1.413881813247093864e-05,1.351165416330614910e+01,1.000000000000000000e+00,1.000000000000000000e+00,-1.000000000000000000e+00,0.000000000000000000e+00
9.350000000000000000e+02,4.524131419085878569e+00,3.550100015066804104e+01,-6.776434795933151435e-03,2.142699551774377653e+02,3.487136778458121977e-02,nan,1.588467346212409987e-05,2.104178866899976796e+01,1.000000000000000000e+00,1.000000000000000000e+00,-1.000000000000000000e+00,0.000000000000000000e+00
9.350000000000000000e+02,1.222932240820380656e+02,4.053077076077990881e+01,-1.522156250751625917e-02,4.840074547089794805e+02,9.269843165435887045e-03,nan,2.148932546545395181e-05,2.493521142622554976e+01,1.000000000000000000e+00,1.000000000000000000e+00,-1.000000000000000000e+00,0.000000000000000000e+00
9.350000000000000000e+02,7.691054354086909939e+01,1.551234593127449912e+01,-1.921905700176040638e-03,5.921622663563783817e+01,2.702198399569237797e-01,nan,1.518644238567309886e-05,1.300357230999721025e+01,1.000000000000000000e+00,1.000000000000000000e+00,-1.000000000000000000e+00,0.000000000000000000e+00
9.360000000000000000e+02,9.711320462211432414e+01,4.589703674860059479e+00,-6.321379445439014033e-03,1.997354807937782368e+02,3.242187391180006983e-02,nan,1.273258849097176812e-05,1.654391651375342320e+01,1.000000000000000000e+00,1.000000000000000000e+00,-1.000000000000000000e+00,0.000000000000000000e+00
9.360000000000000000e+02,7.754037142335607768e+01,4.443964333547938850e+01,-7.545831141184437645e-03,2.388444854159964166e+02,5.901226787984681366e-02,nan,3.779766257446131765e-05,8.468426333861451383e+00,1.000000000000000000e+00,1.000000000000000000e+00,-1.000000000000000000e+00,0.000000000000000000e+00
9.420000000000000000e+02,1.196536503529591755e+02,5.089560843582359695e+01,-6.602665446665863767e-03,2.087197596839708353e+02,6.718322529965936596e-02,nan,3.018576973218346882e-05,2.208744052316492557e+01,1.000000000000000000e+00,1.000000000000000000e+00,-1.000000000000000000e+00,0.000000000000000000e+00
9.430000000000000000e+02,9.813413454162952121e+01,4.591911688953507564e+01,-7.247286430704753465e-03,2.293089631061671696e+02,2.792781464080595910e-02,nan,1.563281541203854515e-05,1.512674850275263871e+01,1.000000000000000000e+00,1.000000000000000000e+00,-1.000000000000000000e+00,0.000000000000000000e+00
9.440000000000000000e+02,1.145376474474982444e+02,2.136920886287681753e+01,-6.664094413058447436e-03,2.106818017464983370e+02,3.544548710214878717e-02,nan,1.580683286258006425e-05,2.952580599696443997e+01,1.000000000000000000e+00,1.000000000000000000e+00,-1.000000000000000000e+00,0.000000000000000000e+00
9.450000000000000000e+02,4.637015978034393271e+01,1.327462285682178056e+01,-5.967456850300734660e-03,1.884311880582906724e+02,4.834900813611375803e-02,nan,1.708188178962974252e-05,1.755233794329145169e+01,1.000000000000000000e+00,1.000000000000000000e+00,-1.000000000000000000e+00,0.000000000000000000e+00
9.450000000000000000e+02,1.429591864150496505e+01,3.133470953315528007e+01,-1.269883637312914327e-03,3.839063265025946237e+01,3.597454957319958790e-01,nan,1.069860736246760768e-05,3.680928789570737081e+01,1.000000000000000000e+00,1.000000000000000000e+00,-1.000000000000000000e+00,0.000000000000000000e+00
9.460000000000000000e+02,8.311326852902790563e+01,4.770576304840336945e+01,-6.648557900731735110e-03,2.101855653212397215e+02,4.530454752283497033e-02,nan,2.040182579648860422e-05,1.512674850275263871e+01,1.000000000000000000e+00,1.000000000000000000e+00,-1.000000000000000000e+00,0.000000000000000000e+00
9.480000000000000000e+02,6.168099284281974803e+01,2.185733561028768435e+01,-7.135389746372331789e-03,2.257349814129951540e+02,2.979170776172790358e-02,nan,1.580153930909457505e-05,1.755233794329145169e+01,1.000000000000000000e+00,1.000000000000000000e+00,-1.000000000000000000e+00,0.000000000000000000e+00
9.520000000000000000e+02,4.850090988766993405e+01,3.977965863967680349e+01,-7.379915223988561986e-03,2.335451286548766632e+02,3.418457797322060898e-02,nan,1.926447225993002885e-05,2.224689302968848992e+01,1.000000000000000000e+00,1.000000000000000000e+00,-1.000000000000000000e+00,0.000000000000000000e+00
9.540000000000000000e+02,1.076456653797316676e+02,4.479217419662168709e+01,1.544936844698935590e-03,-4.717583601629927159e+01,3.681842828542088997e-01,nan,1.763961878330283430e-05,4.262326611319097402e+00,1.000000000000000000e+00,1.000000000000000000e+00,-1.000000000000000000e+00,0.000000000000000000e+00
9.560000000000000000e+02,1.098271052147307358e+02,2.180324832790134693e+01,-6.535507392758293198e-03,2.065747304845205292e+02,4.841018577516142951e-02,nan,2.153508895111704737e-05,1.959709841373638284e+01,1.000000000000000000e+00,1.000000000000000000e+00,-1.000000000000000000e+00,0.000000000000000000e+00
9.570000000000000000e+02,1.205466805062347078e+02,3.820864292259020800e+01,-1.676202847512477632e-03,5.136847401795569823e+01,2.804986318231188491e-01,nan,1.285005855651689849e-05,1.302866637382520487e+01,1.000000000000000000e+00,1.000000000000000000e+00,-1.000000000000000000e+00,0.000000000000000000e+00
9.580000000000000000e+02,7.349827902615101038e+01,2.709174593413356291e+01,-5.958634148291145835e-03,1.881493908302967952e+02,5.376484641441059420e-02,nan,1.950389702823844524e-05,3.723730458686007605e+00,1.000000000000000000e+00,1.000000000000000000e+00,-1.000000000000000000e+00,0.000000000000000000e+00
9.600000000000000000e+02,5.632567284567855381e+01,3.173328226399886276e+01,-7.037225388270606022e-03,2.225996104154481259e+02,3.658435757100952923e-02,nan,1.869801426281880369e-05,8.048081256112187276e+00,1.000000000000000000e+00,1.000000000000000000e+00,-1.000000000000000000e+00,0.000000000000000000e+00
9.640000000000000000e+02,6.436986334167686152e+01,3.198350450336780426e+01,-1.514390074521553648e-03,4.620017174125101178e+01,3.133569792895301021e-01,nan,1.269568543952461712e-05,7.709394136110692131e+00,1.000000000000000000e+00,1.000000000000000000e+00,-1.000000000000000000e+00,0.000000000000000000e+00
9.660000000000000000e+02,1.322341274102903697e+02,3.359930794091555839e+01,-6.410936898862690768e-03,2.025959471331779298e+02,4.178745915062198613e-02,nan,1.709861746267009295e-05,9.294795560743471796e+00,1.000000000000000000e+00,1.000000000000000000e+00,-1.000000000000000000e+00,0.000000000000000000e+00
9.660000000000000000e+02,8.806925781559161948e+00,3.199584590385369864e+01,-1.255981785857437048e-03,3.794660731653760877e+01,3.184271812889126752e-01,nan,8.512611139254966546e-06,1.293300737455419203e+01,1.000000000000000000e+00,1.000000000000000000e+00,-1.000000000000000000e+00,0.000000000000000000e+00
9.670000000000000000e+02,7.571980829901173138e+01,6.635548291855366543e+00,-1.916736306851889865e-02,6.100363808926771299e+02,6.812524444444689742e-03,nan,2.543855018834578934e-05,1.117735819134583686e+01,1.000000000000000000e+00,1.000000000000000000e+00,-1.000000000000000000e+00,0.000000000000000000e+00
9.670000000000000000e+02,1.104101547377935191e+02,2.096731971966313068e+01,-7.493820686923608268e-03,2.371832707652607439e+02,2.747701395399282376e-02,nan,1.542797607043870731e-05,1.141765061651684832e+01,1.000000000000000000e+00,1.000000000000000000e+00,-1.000000000000000000e+00,0.000000000000000000e+00
9.670000000000000000e+02,8.900101043844246718e+00,1.906317417212049037e+01,-2.030614712015224154e-03,6.268839402392109861e+01,2.229232669790505161e-01,nan,1.239089473972692442e-05,1.293300737455419203e+01,1.000000000000000000e+00,1.000000000000000000e+00,-1.000000000000000000e+00,0.000000000000000000e+00
9.680000000000000000e+02,1.102973140027426240e+02,3.634541348917307602e+01,-6.380375400846552761e-03,2.016198124507498051e+02,3.329803841673317777e-02,nan,1.356272734846496377e-05,1.482363416203301298e+01,1.000000000000000000e+00,1.000000000000000000e+00,-1.000000000000000000e+00,0.000000000000000000e+00
9.680000000000000000e+02,7.161721723617661439e+01,3.461231021581161116e+01,-1.589485426187016740e-03,4.859871834427055148e+01,3.652287482680447450e-01,nan,1.767057532825969874e-05,7.709394136110692131e+00,1.000000000000000000e+00,1.000000000000000000e+00,-1.000000000000000000e+00,0.000000000000000000e+00
9.690000000000000000e+02,9.089351907163297994e+01,1.504875738870498481e+01,-7.415692518638976154e-03,2.346878559561783959e+02,1.264929183450056449e-01,nan,7.903528547975232352e-05,5.204653159792434813e+00,1.000000000000000000e+00,1.000000000000000000e+00,-1.000000000000000000e+00,0.000000000000000000e+00
9.690000000000000000e+02,1.213828526980357196e+02,1.781095391796266370e+01,-7.557284240886553810e-03,2.392102975837978533e+02,4.586846204532946114e-02,nan,2.665245625596322174e-05,1.141765061651684832e+01,1.000000000000000000e+00,1.000000000000000000e+00,-1.000000000000000000e+00,0.000000000000000000e+00
9.690000000000000000e+02,8.466541268591410585e+01,3.244352643664242208e+01,-7.168255223245384965e-03,2.267847052129668270e+02,3.696992885207550650e-02,nan,1.909686827640924881e-05,1.082281803829924449e+01,1.000000000000000000e+00,1.000000000000000000e+00,-1.000000000000000000e+00,0.000000000000000000e+00
9.700000000000000000e+02,7.167982420959963008e+01,1.705724991370882293e+01,-6.232096162707575181e-03,1.968837714701981554e+02,3.977117791284312531e-02,nan,1.555704296712468747e-05,1.117735819134583686e+01,1.000000000000000000e+00,1.000000000000000000e+00,-1.000000000000000000e+00,0.000000000000000000e+00
9.700000000000000000e+02,1.427154054344273675e+02,2.060836752852787868e+01,-7.436895951531223396e-03,2.353650939051078126e+02,3.757413345278270977e-02,nan,2.098048260035463629e-05,7.630925968347032295e+00,1.000000000000000000e+00,1.000000000000000000e+00,-1.000000000000000000e+00,0.000000000000000000e+00
9.710000000000000000e+02,1.236784722247073205e+02,2.996695486592100011e+01,-7.317382327317022324e-03,2.315478270434977901e+02,3.802627187838381051e-02,nan,2.080947663408505834e-05,9.294795560743471796e+00,1.000000000000000000e+00,1.000000000000000000e+00,-1.000000000000000000e+00,0.000000000000000000e+00
9.710000000000000000e+02,8.596116263733513563e+01,1.671016477967748060e+01,-6.304955677910322603e-03,1.992109054247165716e+02,2.280027362473557861e-01,nan,1.222260138853894932e-04,5.204653159792434813e+00,1.000000000000000000e+00,1.000000000000000000e+00,-1.000000000000000000e+00,0.000000000000000000e+00
9.720000000000000000e+02,1.333667379433556732e+02,3.104267870116706973e+01,-7.719043271088558804e-03,2.443768833150581372e+02,5.160234635048965846e-02,nan,3.118714387206496220e-05,9.747803568232866311e+00,1.000000000000000000e+00,1.000000000000000000e+00,-1.000000000000000000e+00,0.000000000000000000e+00
9.740000000000000000e+02,9.485382622366785199e+00,2.925710807567374871e+01,-6.196733394513973849e-03,1.957542841498379858e+02,4.026401802670720453e-02,nan,1.639293072360917334e-05,1.159781055647128234e+01,1.000000000000000000e+00,1.000000000000000000e+00,-1.000000000000000000e+00,0.000000000000000000e+00
9.740000000000000000e+02,1.093832117074604895e+02,3.497029836934083136e+01,-7.286681175965951593e-03,2.305672318315604912e+02,2.798367577165417064e-02,nan,1.442202398501936256e-05,1.368396121587203496e+01,1.000000000000000000e+00,1.000000000000000000e+00,-1.000000000000000000e+00,0.000000000000000000e+00
9.740000000000000000e+02,3.728007752920935758e+01,4.808493449577716916e+01,-6.807741803660729077e-03,2.152699014506798960e+02,3.809353259408898573e-02,nan,1.773814744319604820e-05,6.646996851196553813e+00,1.000000000000000000e+00,1.000000000000000000e+00,-1.000000000000000000e+00,0.000000000000000000e+00
9.750000000000000000e+02,1.118300374563958144e+02,4.843372431936696643e+01,-5.794303777989327255e-03,1.829006764595823711e+02,3.817013596837670608e-02,nan,1.302827512510125742e-05,1.368396121587203496e+01,1.000000000000000000e+00,1.000000000000000000e+00,-1.000000000000000000e+00,0.000000000000000000e+00
9.750000000000000000e+02,1.368177537479773491e+02,1.576597806466746476e+01,-1.668051965372090465e-03,5.110813472616396069e+01,3.054255142903417042e-01,nan,1.381558042643422155e-05,7.630925968347032295e+00,1.000000000000000000e+00,1.000000000000000000e+00,-1.000000000000000000e+00,0.000000000000000000e+00
9.760000000000000000e+02,1.238006653222746962e+02,1.206269966621270839e+01,-6.707918665573952936e-03,2.120815489967569363e+02,3.609775137930182343e-02,nan,1.612357367781768093e-05,1.353361969241871243e+01,1.000000000000000000e+00,1.000000000000000000e+00,-1.000000000000000000e+00,0.000000000000000000e+00
9.760000000000000000e+02,2.284337066521822024e+01,3.396237281078919068e+01,-3.035741378595710992e-03,9.479215408713871227e+01,1.314851319257895890e-01,nan,1.410184852538602677e-05,7.167250480604021590e+00,1.000000000000000000e+00,1.000000000000000000e+00,-1.000000000000000000e+00,0.000000000000000000e+00
9.780000000000000000e+02,1.386158281703688147e+02,4.201097209611033634e+01,-6.133026716018373688e-03,1.937194919302610288e+02,4.097548388824157062e-02,nan,1.597273255174091200e-05,2.630651598632799448e+01,1.000000000000000000e+00,1.000000000000000000e+00,-1.000000000000000000e+00,0.000000000000000000e+00
9.790000000000000000e+02,1.029089907446437451e+02,8.190636800620540114e+00,-7.298212899433908531e-03,2.309355552435640391e+02,3.296472507387104844e-02,nan,1.840200948675573556e-05,2.124746896674352570e+01,1.000000000000000000e+00,1.000000000000000000e+00,-1.000000000000000000e+00,0.000000000000000000e+00
9.790000000000000000e+02,6.844419494799730330e+01,3.511420643722725288e+01,-1.584086321877703051e-03,4.842627087564236632e+01,3.244323206075416799e-01,nan,1.396826736141596457e-05,9.135771986546641799e+00,1.000000000000000000e+00,1.000000000000000000e+00,-1.000000000000000000e+00,0.000000000000000000e+00
9.800000000000000000e+02,3.816546222545090927e+01,4.221995081989165755e+01,-7.497918987085004129e-03,2.373141705308555629e+02,2.470644333005189708e-02,nan,1.410754433864340679e-05,6.103184049726818827e+00,1.000000000000000000e+00,1.000000000000000000e+00,-1.000000000000000000e+00,0.000000000000000000e+00
9.810000000000000000e+02,1.903117011412190962e+01,4.003168961006236515e+01,-7.781202240403318864e-03,2.463622416813294365e+02,3.337533515311752463e-02,nan,2.232257687642461415e-05,7.167250480604021590e+00,1.000000000000000000e+00,1.000000000000000000e+00,-1.000000000000000000e+00,0.000000000000000000e+00
9.810000000000000000e+02,2.483258752356785592e+01,4.840283399524533792e+01,-6.354715169102923000e-03,2.008002242829553268e+02,5.762078310750473609e-02,nan,2.423440082585102791e-05,8.766532783398355733e+00,1.000000000000000000e+00,1.000000000000000000e+00,-1.000000000000000000e+00,0.000000000000000000e+00
9.820000000000000000e+02,5.225625204278652092e+01,4.100420851336517103e+01,-7.016660958858556875e-03,2.219427822467881128e+02,4.151056342241554731e-02,nan,2.131100097794223799e-05,1.084694090865310123e+01,1.000000000000000000e+00,1.000000000000000000e+00,-1.000000000000000000e+00,0.000000000000000000e+00
9.820000000000000000e+02,1.014293522034350730e+02,4.359774546624701230e+01,-6.856911244268446004e-03,2.168403740848236509e+02,3.495700508876420365e-02,nan,1.757060691556777270e-05,3.369921317312213205e+01,1.000000000000000000e+00,1.000000000000000000e+00,-1.000000000000000000e+00,0.000000000000000000e+00
9.840000000000000000e+02,7.915407392589237645e+01,1.831041768837449979e+01,-1.367470519598276485e-03,4.150755906199729850e+01,3.575925459207469626e-01,nan,1.271513553452707046e-05,1.210633528335146281e+01,1.000000000000000000e+00,1.000000000000000000e+00,-1.000000000000000000e+00,0.000000000000000000e+00
9.840000000000000000e+02,6.987985142907326974e+01,2.609194395719958948e+01,-1.563979513756059894e-03,4.778405913752338563e+01,3.592971502515176496e-01,nan,1.678240145590764019e-05,9.135771986546641799e+00,1.000000000000000000e+00,1.000000000000000000e+00,-1.000000000000000000e+00,0.000000000000000000e+00
9.850000000000000000e+02,4.284048999110322598e+01,3.561908529640040655e+01,-1.807159095465095270e-03,5.555121844493724836e+01,2.716199266931240697e-01,nan,1.332350248739910479e-05,8.088714994907133971e+00,1.000000000000000000e+00,1.000000000000000000e+00,-1.000000000000000000e+00,0.000000000000000000e+00
9.860000000000000000e+02,6.356143600390071668e+01,4.474173049828678472e+01,-6.928980042985662287e-03,2.191422525435189357e+02,5.061577162296992949e-02,nan,2.442252612394053390e-05,1.190698345436013561e+01,1.000000000000000000e+00,1.000000000000000000e+00,-1.000000000000000000e+00,0.000000000000000000e+00
9.870000000000000000e+02,3.818662233022206465e+01,7.702083415042729087e+00,-6.764311959413825577e-03,2.138827516061445237e+02,4.674794664702142111e-02,nan,2.124754963679277320e-05,2.652932891422438644e+01,1.000000000000000000e+00,1.000000000000000000e+00,-1.000000000000000000e+00,0.000000000000000000e+00
9.870000000000000000e+02,1.059678422062353889e+02,8.361046037888241855e+00,-1.705816095790211456e-03,5.231432159021760953e+01,3.186536666834327569e-01,nan,1.598069024048711796e-05,9.654151810613505802e+00,1.000000000000000000e+00,1.000000000000000000e+00,-1.000000000000000000e+00,0.000000000000000000e+00
9.890000000000000000e+02,1.155879319331716459e+02,9.171305766658916170e+00,-6.597613360344988659e-03,2.085583959748416873e+02,3.871735218110106125e-02,nan,1.436392945676872808e-05,9.654151810613505802e+00,1.000000000000000000e+00,1.000000000000000000e+00,-1.000000000000000000e+00,0.000000000000000000e+00
9.900000000000000000e+02,1.439152387028275939e+02,9.593386975656120086e+00,-5.171904840502793838e-03,1.630212455211442943e+02,2.907512591442140693e-01,nan,1.280243399787636129e-04,3.262822345505802968e+00,1.000000000000000000e+00,1.000000000000000000e+00,-1.000000000000000000e+00,0.000000000000000000e+00
9.900000000000000000e+02,6.318474342485107798e+01,1.658460751449588244e+01,-6.715461599018080624e-03,2.123224703985210908e+02,4.223057911762806427e-02,nan,2.007526554782288356e-05,1.005831781044648920e+01,1.000000000000000000e+00,1.000000000000000000e+00,-1.000000000000000000e+00,0.000000000000000000e+00
9.900000000000000000e+02,5.597790375697725551e+01,2.948961419693018371e+01,-6.561562326773708737e-03,2.074069254485040972e+02,3.178520833590103845e-02,nan,1.419675772190357029e-05,1.449696714540724685e+01,1.000000000000000000e+00,1.000000000000000000e+00,-1.000000000000000000e+00,0.000000000000000000e+00
9.900000000000000000e+02,8.421234520450714456e+01,4.862441005275780270e+01,-1.451119649344072933e-03,4.417931345887556205e+01,2.735356950314914437e-01,nan,9.646386315476973672e-06,2.101274021479346388e+01,1.000000000000000000e+00,1.000000000000000000e+00,-1.000000000000000000e+00,0.000000000000000000e+00
9.920000000000000000e+02,1.406749356858453837e+02,9.210704318003628543e+00,-6.542794966660244252e-03,2.068074956988662620e+02,1.667443385085298768e-01,nan,8.829873512985449222e-05,3.262822345505802968e+00,1.000000000000000000e+00,1.000000000000000000e+00,-1.000000000000000000e+00,0.000000000000000000e+00
9.930000000000000000e+02,2.451596238608253131e+01,1.879554752306339793e+01,-1.293671588305759720e-02,4.110294209429239913e+02,3.173027788303950381e-02,nan,5.331836657549285428e-05,3.859253653104947279e+00,1.000000000000000000e+00,1.000000000000000000e+00,-1.000000000000000000e+00,0.000000000000000000e+00
9.940000000000000000e+02,8.821175738749067818e+01,1.123329343892126353e+01,-6.699135282051731088e-03,2.118010076018102268e+02,4.158471194739166155e-02,nan,1.972252981132822388e-05,1.672353113830062199e+01,1.000000000000000000e+00,1.000000000000000000e+00,-1.000000000000000000e+00,0.000000000000000000e+00
9.940000000000000000e+02,7.192403062295591099e+01,2.156402680242354464e+01,-6.821251161265960185e-03,2.157013905252281063e+02,3.399336511995876275e-02,nan,1.572022559264212672e-05,1.005831781044648920e+01,1.000000000000000000e+00,1.000000000000000000e+00,-1.000000000000000000e+00,0.000000000000000000e+00
9.950000000000000000e+02,4.272277441575755574e+01,2.316598074226432047e+01,-7.129539195611454827e-03,2.255481147382666052e+02,4.030487410755645428e-02,nan,2.067027440434494995e-05,1.063816880310466395e+01,1.000000000000000000e+00,1.000000000000000000e+00,-1.000000000000000000e+00,0.000000000000000000e+00
9.960000000000000000e+02,8.776273270435167717e+01,4.148692557388625346e+01,-7.211212912514559405e-03,2.281567744207808346e+02,3.567078742291984739e-02,nan,1.852798460773021785e-05,1.486169551811967970e+01,1.000000000000000000e+00,1.000000000000000000e+00,-1.000000000000000000e+00,0.000000000000000000e+00
9.960000000000000000e+02,4.190512482622570190e+01,3.377268073010633032e+01,-1.482463877694262591e-03,4.518044855933467829e+01,3.636981877997053081e-01,nan,1.510516169215559760e-05,1.063816880310466395e+01,1.000000000000000000e+00,1.000000000000000000e+00,-1.000000000000000000e+00,0.000000000000000000e+00
9.970000000000000000e+02,2.012376432010242056e+01,2.037603274410427900e+01,-6.326601573119109735e-03,1.999022756263455847e+02,1.194361018227427795e-01,nan,5.600848671750667393e-05,4.667905031674066230e+00,1.000000000000000000e+00,1.000000000000000000e+00,-1.000000000000000000e+00,0.000000000000000000e+00
9.970000000000000000e+02,1.044380438391941084e+02,4.129732577598908705e+01,-6.618976233878127308e-03,2.092407264601147290e+02,3.500507333699864887e-02,nan,1.529227068919671321e-05,1.667638898344490528e+01,1.000000000000000000e+00,1.000000000000000000e+00,-1.000000000000000000e+00,0.000000000000000000e+00
9.980000000000000000e+02,5.955172124169335035e+01,3.786307237313747009e+01,-8.772994583849965874e-03,2.780401032735109652e+02,2.008377235965741470e-02,nan,1.481618466474057104e-05,1.394793742341579268e+01,1.000000000000000000e+00,1.000000000000000000e+00,-1.000000000000000000e+00,0.000000000000000000e+00
9.980000000000000000e+02,2.801668159440193762e+01,2.041998705210331622e+01,-5.957402133152598853e-03,1.881100402492036494e+02,4.654158442500555548e-02,nan,1.808190134484333845e-05,3.859253653104947279e+00,1.000000000000000000e+00,1.000000000000000000e+00,-1.000000000000000000e+00,0.000000000000000000e+00
9.980000000000000000e+02,1.548358299005757743e+01,3.481708427156033281e+01,-1.658842131613434343e-03,5.081397250458455517e+01,2.716041577939852791e-01,nan,1.095456128523822650e-05,1.516823166998505279e+01,1.000000000000000000e+00,1.000000000000000000e+00,-1.000000000000000000e+00,0.000000000000000000e+00
9.990000000000000000e+02,8.139188005746984089e+00,2.046233467545208029e+01,-7.458900160586616132e-03,2.360679086561068232e+02,4.426894073282683362e-02,nan,2.352713154790314528e-05,1.198488704402188709e+01,1.000000000000000000e+00,1.000000000000000000e+00,-1.000000000000000000e+00,0.000000000000000000e+00
9.990000000000000000e+02,7.290643819816659743e+01,4.188755909569088232e+01,-7.797154832368407423e-03,2.468717676961708776e+02,2.209897575684216520e-02,nan,1.332712115632811678e-05,1.394793742341579268e+01,1.000000000000000000e+00,1.000000000000000000e+00,-1.000000000000000000e+00,0.000000000000000000e+00
1.001000000000000000e+03,6.490230910369983519e+01,1.377224558523358766e+01,1.442891013730643541e-03,-4.391649072004612719e+01,3.111974592900675907e-01,nan,1.095364726260157737e-05,2.122877349910199385e+01,1.000000000000000000e+00,1.000000000000000000e+00,-1.000000000000000000e+00,0.000000000000000000e+00
1.005000000000000000e+03,3.823680271555452492e+01,1.801813637921887690e+01,-6.481299455769555171e-03,2.048433282041203825e+02,4.610462046684671300e-02,nan,1.976233297873802877e-05,5.812730822458403779e+00,1.000000000000000000e+00,1.000000000000000000e+00,-1.000000000000000000e+00,0.000000000000000000e+00
1.006000000000000000e+03,1.086077720009272127e+02,5.265998563896964413e+00,-6.519793190632163123e-03,2.060728186445347774e+02,6.214344322133313891e-02,nan,2.738753121647899850e-05,2.370770984576087770e+01,1.000000000000000000e+00,1.000000000000000000e+00,-1.000000000000000000e+00,0.000000000000000000e+00
1.007000000000000000e+03,8.899227029959618562e+00,4.152191669270994367e+01,-7.354139163943187139e-03,2.327218409294728190e+02,3.879358729399995376e-02,nan,2.082909365439066624e-05,1.840419407769295290e+01,1.000000000000000000e+00,1.000000000000000000e+00,-1.000000000000000000e+00,0.000000000000000000e+00
1.008000000000000000e+03,1.372913394480619331e+02,8.202428399088660171e+00,-7.329412395354048537e-03,2.319320675881435534e+02,2.861820770756950960e-02,nan,1.667576938103073995e-05,2.883348160856282050e+01,1.000000000000000000e+00,1.000000000000000000e+00,-1.000000000000000000e+00,0.000000000000000000e+00
1.008000000000000000e+03,7.905559900448162125e+01,1.181322833997593236e+01,-7.062367259413157572e-03,2.234026421382525598e+02,3.027304982956968704e-02,nan,1.526876787701317864e-05,1.014260552467847809e+01,1.000000000000000000e+00,1.000000000000000000e+00,-1.000000000000000000e+00,0.000000000000000000e+00
1.008000000000000000e+03,2.141954159484713571e+01,2.803280690571310529e+01,-8.039362170860252579e-03,2.546078735413639436e+02,2.894059882133148687e-02,nan,1.808360000525678553e-05,1.840419407769295290e+01,1.000000000000000000e+00,1.000000000000000000e+00,-1.000000000000000000e+00,0.000000000000000000e+00
1.008000000000000000e+03,1.310638218525638479e+02,4.237527387054876726e+01,-7.108218172266430636e-03,2.248671209485987106e+02,2.513874583473718616e-02,nan,1.227138781442813195e-05,1.997258089880168086e+01,1.000000000000000000e+00,1.000000000000000000e+00,-1.000000000000000000e+00,0.000000000000000000e+00
1.009000000000000000e+03,6.999397100554014628e+01,7.256985936631011214e+00,-6.316653263625090706e-03,1.995845264792483817e+02,5.064005505878355073e-02,nan,2.080322455678341979e-05,1.014260552467847809e+01,1.000000000000000000e+00,1.000000000000000000e+00,-1.000000000000000000e+00,0.000000000000000000e+00
1.012000000000000000e+03,1.135970684136810007e+02,3.268938144576662808e+01,-1.347448825244664927e-03,4.086806585884293241e+01,3.654741605980307284e-01,nan,1.236316423503133474e-05,1.266003131774177071e+01,1.000000000000000000e+00,1.000000000000000000e+00,-1.000000000000000000e+00,0.000000000000000000e+00
1.014000000000000000e+03,5.159077419025687306e+01,4.515081595336865661e+01,-1.769584693620150076e-03,5.435109151421627161e+01,2.985235413964293372e-01,nan,1.488543852658236567e-05,2.776655616464485021e+01,1.000000000000000000e+00,1.000000000000000000e+00,-1.000000000000000000e+00,0.000000000000000000e+00
1.014000000000000000e+03,1.121556853340146489e+02,2.011167069285717801e+01,-6.211345001915130441e-03,1.962209790985856159e+02,4.381728370283688445e-02,nan,1.684904395054868289e-05,6.205664200508982375e+00,1.000000000000000000e+00,1.000000000000000000e+00,-1.000000000000000000e+00,0.000000000000000000e+00
1.015000000000000000e+03,4.781441420609569803e+01,1.586330395530739601e+01,-6.057826392894001717e-03,1.913175925373470818e+02,2.540832739230380888e-02,nan,9.658307076170452007e-06,2.952997212607143851e+01,1.000000000000000000e+00,1.000000000000000000e+00,-1.000000000000000000e+00,0.000000000000000000e+00
1.015000000000000000e+03,9.637933935500194593e+01,1.139875792342794192e+01,-7.089399449458722545e-03,2.242660506737743162e+02,4.372022932827868136e-02,nan,2.248163760141494064e-05,1.185074344029143667e+01,1.000000000000000000e+00,1.000000000000000000e+00,-1.000000000000000000e+00,0.000000000000000000e+00
1.016000000000000000e+03,1.018033995196908990e+02,5.184516600877142167e+01,-8.182740849036815659e-03,2.591873905668363705e+02,2.641810443563386013e-02,nan,1.704476301796400210e-05,1.247315257854227788e+01,1.000000000000000000e+00,1.000000000000000000e+00,-1.000000000000000000e+00,0.000000000000000000e+00
1.017000000000000000e+03,8.285390928262519594e+01,4.858093037027219907e+01,-7.907027334098849780e-03,2.503810969681717609e+02,3.860757218047261574e-02,nan,2.416439201686145123e-05,6.775161596678715092e+00,1.000000000000000000e+00,1.000000000000000000e+00,-1.000000000000000000e+00,0.000000000000000000e+00
1.018000000000000000e+03,1.364912522418852063e+02,2.947733156551575817e+01,-6.491394897154058666e-03,2.051657767458977162e+02,4.306631155750273443e-02,nan,2.029000550308162674e-05,2.607557133236187497e+01,1.000000000000000000e+00,1.000000000000000000e+00,-1.000000000000000000e+00,0.000000000000000000e+00
1.018000000000000000e+03,9.707630293634591112e+01,4.030245865133902328e+01,-7.879658124874684699e-03,2.495069240352798090e+02,2.567145708678386651e-02,nan,1.558579284703897190e-05,1.247315257854227788e+01,1.000000000000000000e+00,1.000000000000000000e+00,-1.000000000000000000e+00,0.000000000000000000e+00
1.018000000000000000e+03,1.652798861452517443e+01,3.382076960710649161e+01,-6.853644203760414673e-03,2.167360247644106437e+02,3.050203874377577229e-02,nan,1.413167919517877961e-05,1.666229036360484272e+01,1.000000000000000000e+00,1.000000000000000000e+00,-1.000000000000000000e+00,0.000000000000000000e+00
1.019000000000000000e+03,8.533374573684794129e+00,1.167777127349087074e+01,-1.838215523529406707e-03,5.654316120016151359e+01,3.324355736868983557e-01,nan,2.340872347190123303e-05,1.054611624990102570e+01,1.000000000000000000e+00,1.000000000000000000e+00,-1.000000000000000000e+00,0.000000000000000000e+00
1.021000000000000000e+03,5.285531747183777185e+01,2.612928949544880552e+01,-5.863832463531035849e-03,1.851214236672311131e+02,3.390565912987297814e-02,nan,1.135045862939938933e-05,2.844514520402791646e+01,1.000000000000000000e+00,1.000000000000000000e+00,-1.000000000000000000e+00,0.000000000000000000e+00
1.021000000000000000e+03,7.770871674250659566e+01,4.417300473725410370e+01,-7.707493777196303998e-03,2.440079923154491155e+02,4.824208080363845408e-02,nan,2.865767804828121162e-05,6.775161596678715092e+00,1.000000000000000000e+00,1.000000000000000000e+00,-1.000000000000000000e+00,0.000000000000000000e+00
1.021000000000000000e+03,1.161606815130818546e+02,9.559019795446685563e+00,-2.039126728992783719e-03,6.296026796756174093e+01,2.312409635767597171e-01,nan,1.355275708294395049e-05,1.159417363615381369e+01,1.000000000000000000e+00,1.000000000000000000e+00,-1.000000000000000000e+00,0.000000000000000000e+00
1.022000000000000000e+03,1.752526442732309775e+01,1.718835062746654785e+01,-6.938534633322421957e-03,2.194474262951190440e+02,3.232747134860658456e-02,nan,1.726293115617862005e-05,1.054611624990102570e+01,1.000000000000000000e+00,1.000000000000000000e+00,-1.000000000000000000e+00,0.000000000000000000e+00
1.026000000000000000e+03,1.164788913072538321e+02,2.506630864971322481e+01,-8.623135163359309241e-03,2.732535912461140697e+02,2.377997759339312012e-02,nan,1.895437657094799978e-05,8.960627093795125120e+00,1.000000000000000000e+00,1.000000000000000000e+00,-1.000000000000000000e+00,0.000000000000000000e+00
1.028000000000000000e+03,1.284451414715682347e+02,1.147396097216378230e+01,-6.954955395007338982e-03,2.199719056574876959e+02,4.580294388334382738e-02,nan,2.162642321485957653e-05,1.323966739924671643e+01,1.000000000000000000e+00,1.000000000000000000e+00,-1.000000000000000000e+00,0.000000000000000000e+00
1.028000000000000000e+03,1.254117525860720548e+02,2.436144888533074493e+01,-7.304188090829672429e-03,2.311264029419481574e+02,9.532953584089987054e-02,nan,5.911489780772299240e-05,8.138388040722078998e+00,1.000000000000000000e+00,1.000000000000000000e+00,-1.000000000000000000e+00,0.000000000000000000e+00
1.028000000000000000e+03,1.224016915705412742e+02,3.192272474223148038e+01,-7.256497135482996991e-03,2.296031531481246191e+02,6.214746958319283809e-02,nan,4.117863344452016262e-05,8.138388040722078998e+00,1.000000000000000000e+00,1.000000000000000000e+00,-1.000000000000000000e+00,0.000000000000000000e+00
1.028000000000000000e+03,2.673248528233873955e+01,3.970670606458806873e+01,-1.624232293345321968e-03,4.970853377678091789e+01,3.281984193571416686e-01,nan,1.497638641064839602e-05,2.004608056326570775e+01,1.000000000000000000e+00,1.000000000000000000e+00,-1.000000000000000000e+00,0.000000000000000000e+00
1.029000000000000000e+03,1.386927984274006747e+02,4.273745204001528464e+01,-1.374783863121125348e-02,4.369366930851833786e+02,1.709270737822521369e-02,nan,3.615202704391493407e-05,9.310064326305980131e+00,1.000000000000000000e+00,1.000000000000000000e+00,-1.000000000000000000e+00,0.000000000000000000e+00
1.029000000000000000e+03,1.305839470128461812e+02,4.731170897383883300e+01,-6.796291772743499708e-03,2.149041872999115128e+02,1.382026455397223907e-01,nan,7.951652333210460985e-05,6.748009444615018282e+00,1.000000000000000000e+00,1.000000000000000000e+00,-1.000000000000000000e+00,0.000000000000000000e+00
1.032000000000000000e+03,1.092321739580469284e+02,1.399585015696463230e+01,-6.725442757120514599e-03,2.126412687306394957e+02,3.928421188919883900e-02,nan,1.749194304463959378e-05,1.921521276431652225e+01,1.000000000000000000e+00,1.000000000000000000e+00,-1.000000000000000000e+00,0.000000000000000000e+00
1.034000000000000000e+03,2.174247380299966181e+01,3.924564590113113383e+01,-7.753500728194973046e-03,2.454774549863842594e+02,2.970068042473583692e-02,nan,1.762375580250156136e-05,4.465103841498183357e+01,1.000000000000000000e+00,1.000000000000000000e+00,-1.000000000000000000e+00,0.000000000000000000e+00
1.037000000000000000e+03,1.275788699321601882e+02,3.855714312451439696e+01,-7.586594177266163010e-03,2.401464573697085996e+02,2.009806538093694694e-02,nan,1.179868491711534940e-05,1.720990690176359195e+01,1.000000000000000000e+00,1.000000000000000000e+00,-1.000000000000000000e+00,0.000000000000000000e+00
1.040000000000000000e+03,6.412648357331403304e+01,2.289757116758239519e+01,-6.374568607541830807e-03,2.014343433897948046e+02,4.870592566010056856e-02,nan,1.974558091511951360e-05,1.420296531085405256e+01,1.000000000000000000e+00,1.000000000000000000e+00,-1.000000000000000000e+00,0.000000000000000000e+00
1.040000000000000000e+03,4.756973227912899205e+01,5.003966912575316428e+01,1.613223585367910395e-03,-4.935691548700335574e+01,3.407269019828755852e-01,nan,1.537200196027129181e-05,1.930866840823538411e+01,1.000000000000000000e+00,1.000000000000000000e+00,-1.000000000000000000e+00,0.000000000000000000e+00
1.042000000000000000e+03,1.004631426879849414e+02,7.282217031602954194e+00,-6.899153013325429185e-03,2.181895767908515893e+02,3.271535818165516307e-02,nan,1.707423269110201246e-05,2.431602391433716193e+01,1.000000000000000000e+00,1.000000000000000000e+00,-1.000000000000000000e+00,0.000000000000000000e+00
1.042000000000000000e+03,1.299303928583337324e+02,6.144262502942845927e+00,-6.086280459197973385e-03,1.922264158208376443e+02,4.107271234064779897e-02,nan,1.511135389654728017e-05,2.532213745034579944e+01,1.000000000000000000e+00,1.000000000000000000e+00,-1.000000000000000000e+00,0.000000000000000000e+00
1.043000000000000000e+03,1.019669274554524492e+02,3.946041846806713238e+01,-7.394960186558345930e-03,2.340256649738896897e+02,2.516689672401994926e-02,nan,1.386193490599493770e-05,1.737622514817323705e+01,1.000000000000000000e+00,1.000000000000000000e+00,-1.000000000000000000e+00,0.000000000000000000e+00
1.044000000000000000e+03,7.747518295432573154e+01,2.774900893969711646e+01,-7.590662838037607815e-03,2.402764104527657310e+02,2.835339041433249108e-02,nan,1.881163991101799358e-05,3.275032213270209880e+00,1.000000000000000000e+00,1.000000000000000000e+00,-1.000000000000000000e+00,0.000000000000000000e+00
1.044000000000000000e+03,2.827025505817317352e+01,4.944397230941564203e+01,-8.240126439800158492e-03,2.610202871541092691e+02,3.068392360955318754e-02,nan,2.205381953255912538e-05,1.183361371696663511e+01,1.000000000000000000e+00,1.000000000000000000e+00,-1.000000000000000000e+00,0.000000000000000000e+00
1.044000000000000000e+03,1.114443975500766548e+01,4.880130702645116259e+01,-7.574199207190082141e-03,2.397505618487320760e+02,5.704331847411880929e-02,nan,3.378433045300537323e-05,5.396898336888372505e+00,1.000000000000000000e+00,1.000000000000000000e+00,-1.000000000000000000e+00,0.000000000000000000e+00
1.045000000000000000e+03,1.753436879623735223e+01,4.181188202028507561e+01,-7.876334963050546020e-03,2.494007821992300649e+02,3.630797491540682653e-02,nan,2.456312374575256207e-05,9.470124342835754661e+00,1.000000000000000000e+00,1.000000000000000000e+00,-1.000000000000000000e+00,0.000000000000000000e+00
1.046000000000000000e+03,3.236625806653779591e+01,3.834184760475442744e+01,-6.145297359260744503e-03,1.941114164503959785e+02,3.373358489906830293e-02,nan,1.303946655398716900e-05,1.183361371696663511e+01,1.000000000000000000e+00,1.000000000000000000e+00,-1.000000000000000000e+00,0.000000000000000000e+00
1.049000000000000000e+03,7.019392265994996549e+00,5.228132065747313817e+01,-6.822286032079766249e-03,2.157344443137778569e+02,5.061941342840736713e-02,nan,2.396188937410045119e-05,5.396898336888372505e+00,1.000000000000000000e+00,1.000000000000000000e+00,-1.000000000000000000e+00,0.000000000000000000e+00
1.049000000000000000e+03,7.529762707031933644e+01,3.019524816961448010e+01,-1.412089427480490511e-03,4.293268761600000261e+01,3.512534616335806215e-01,nan,1.284759981673595876e-05,3.275032213270209880e+00,1.000000000000000000e+00,1.000000000000000000e+00,-1.000000000000000000e+00,0.000000000000000000e+00
1.051000000000000000e+03,8.988397145465485494e+01,1.790570296318492538e+01,-7.406719113068495515e-03,2.344012452543006759e+02,4.310388867619319164e-02,nan,2.366000914760812718e-05,1.907339413631753189e+01,1.000000000000000000e+00,1.000000000000000000e+00,-1.000000000000000000e+00,0.000000000000000000e+00
1.052000000000000000e+03,3.368081176057464887e+01,2.995003337021006473e+01,-1.804071599773548725e-03,5.545260378852299965e+01,2.972586767163581944e-01,nan,1.533012455620490628e-05,1.224022393450822577e+01,1.000000000000000000e+00,1.000000000000000000e+00,-1.000000000000000000e+00,0.000000000000000000e+00
1.052000000000000000e+03,1.291781816328412447e+02,1.504014817960392314e+01,-1.718668464237209240e-03,5.272482642168348832e+01,3.470009983892897720e-01,nan,1.831979137484376061e-05,1.671880002681507449e+01,1.000000000000000000e+00,1.000000000000000000e+00,-1.000000000000000000e+00,0.000000000000000000e+00
1.053000000000000000e+03,1.202253679310512240e+02,4.150726238784115196e+01,-7.253255603403734215e-03,2.294996185672902129e+02,2.996469083651776000e-02,nan,1.457766478771075175e-05,4.386921844980046892e+00,1.000000000000000000e+00,1.000000000000000000e+00,-1.000000000000000000e+00,0.000000000000000000e+00
1.053000000000000000e+03,2.145828339358713066e+01,2.929209546653414264e+01,-6.495899731379995053e-03,2.053096612153109390e+02,5.243146048781055502e-02,nan,2.359004113654525673e-05,1.224022393450822577e+01,1.000000000000000000e+00,1.000000000000000000e+00,-1.000000000000000000e+00,0.000000000000000000e+00
1.055000000000000000e+03,5.325967172015613471e+01,3.606406284344870983e+01,-1.488466280596259473e-03,4.537216539361592282e+01,3.049860670132619189e-01,nan,1.107410196154568680e-05,1.080187471554768130e+01,1.000000000000000000e+00,1.000000000000000000e+00,-1.000000000000000000e+00,0.000000000000000000e+00
1.056000000000000000e+03,9.717788468456495821e+01,4.603033633984973960e+01,-7.355565303646174717e-03,2.327673918519223264e+02,2.301312782943520929e-02,nan,1.266713619705570442e-05,1.868255784382175122e+01,1.000000000000000000e+00,1.000000000000000000e+00,-1.000000000000000000e+00,0.000000000000000000e+00
1.056000000000000000e+03,7.271074802929150849e+01,2.739404631147135305e+01,-1.314914222052880133e-03,3.982891016896908098e+01,3.097083763052580485e-01,nan,8.476869443823892332e-06,1.962009842769448653e+01,1.000000000000000000e+00,1.000000000000000000e+00,-1.000000000000000000e+00,0.000000000000000000e+00
1.057000000000000000e+03,6.333499829512707890e+01,4.675450279549034605e+01,-6.238783615809350043e-03,1.970973688176288192e+02,3.823368969934204387e-02,nan,1.470887898611217989e-05,1.469005486581053255e+01,1.000000000000000000e+00,1.000000000000000000e+00,-1.000000000000000000e+00,0.000000000000000000e+00
1.058000000000000000e+03,4.496539179857770563e+01,4.298399188592372866e+01,-1.751663185599767634e-03,5.377867829249292697e+01,2.708594246639345338e-01,nan,1.258838956312155175e-05,1.080187471554768130e+01,1.000000000000000000e+00,1.000000000000000000e+00,-1.000000000000000000e+00,0.000000000000000000e+00
1.059000000000000000e+03,4.268139431853199994e+01,3.083356880548704737e+01,-7.152103334179636153e-03,2.262688136458884003e+02,2.595058653751713962e-02,nan,1.314128796221538611e-05,1.180076356287441008e+01,1.000000000000000000e+00,1.000000000000000000e+00,-1.000000000000000000e+00,0.000000000000000000e+00
1.061000000000000000e+03,5.825093528581631830e+01,1.272006609390531651e+01,-7.734300871084483567e-03,2.448642112764942169e+02,3.099904909186212976e-02,nan,1.864055054768351340e-05,1.863349858109950929e+01,1.000000000000000000e+00,1.000000000000000000e+00,-1.000000000000000000e+00,0.000000000000000000e+00
1.061000000000000000e+03,1.158050120069689370e+02,4.459224896326345089e+01,-7.028506444508521474e-03,2.223211272273590851e+02,3.604632021238241002e-02,nan,1.757261055028495168e-05,1.688170014197374513e+01,1.000000000000000000e+00,1.000000000000000000e+00,-1.000000000000000000e+00,0.000000000000000000e+00
1.062000000000000000e+03,7.645351092312724006e+01,1.670422341256283971e+01,-7.155229822969123334e-03,2.263686737424068838e+02,4.386020324259287673e-02,nan,2.367123015699810568e-05,1.863349858109950929e+01,1.000000000000000000e+00,1.000000000000000000e+00,-1.000000000000000000e+00,0.000000000000000000e+00
1.063000000000000000e+03,1.077087432277335495e+02,2.977866629269065513e+01,-1.332839519666094777e-02,4.235396638045791065e+02,1.004583649502355236e-02,nan,1.916916616155984532e-05,1.688170014197374513e+01,1.000000000000000000e+00,1.000000000000000000e+00,-1.000000000000000000e+00,0.000000000000000000e+00
1.063000000000000000e+03,7.450382226265858776e+01,3.841564661352443011e+01,-1.504616396583990543e-03,4.588800032855716182e+01,3.723586460907604145e-01,nan,1.681202746733250356e-05,1.168024915036391498e+01,1.000000000000000000e+00,1.000000000000000000e+00,-1.000000000000000000e+00,0.000000000000000000e+00
1.064000000000000000e+03,1.345212284615313649e+02,4.623223287862874287e+01,-8.138631628423695363e-03,2.577785414314764125e+02,6.381051394552950118e-02,nan,4.324481362531526854e-05,7.158073886923222773e+00,1.000000000000000000e+00,1.000000000000000000e+00,-1.000000000000000000e+00,0.000000000000000000e+00
1.064000000000000000e+03,8.194859520824670085e+01,4.741584527817713024e+01,-7.531228765350115803e-03,2.383780853236251289e+02,2.948979819582087103e-02,nan,1.627251141290238565e-05,8.433577670252303093e+00,1.000000000000000000e+00,1.000000000000000000e+00,-1.000000000000000000e+00,0.000000000000000000e+00
1.064000000000000000e+03,1.168544255294260203e+01,5.023206599775657111e+01,-6.496514914404281568e-03,2.053293101698788803e+02,4.317571450317658766e-02,nan,1.949044101267499875e-05,3.656570413889541271e+01,1.000000000000000000e+00,1.000000000000000000e+00,-1.000000000000000000e+00,0.000000000000000000e+00
1.067000000000000000e+03,4.602871662286473509e+01,7.385318339537503718e+00,-6.515363872623306657e-03,2.059313461641718845e+02,4.231875929492745492e-02,nan,1.810729165007133313e-05,1.293919628258203858e+01,1.000000000000000000e+00,1.000000000000000000e+00,-1.000000000000000000e+00,0.000000000000000000e+00
1.067000000000000000e+03,1.308478143760849264e+02,4.008861417891309031e+01,-7.128753969898303858e-03,2.255230346177916090e+02,4.700941637545663632e-02,nan,2.491295317424995935e-05,7.158073886923222773e+00,1.000000000000000000e+00,1.000000000000000000e+00,-1.000000000000000000e+00,0.000000000000000000e+00
1.067000000000000000e+03,1.262383724984785403e+02,1.503223507847320306e+01,-1.787489625396956189e-03,5.492297529048342852e+01,2.208964413443846864e-01,nan,9.620752896381808237e-06,2.368130896861270074e+01,1.000000000000000000e+00,1.000000000000000000e+00,-1.000000000000000000e+00,0.000000000000000000e+00
1.068000000000000000e+03,9.763803283355727558e+01,1.220989868794671551e+01,1.298862143975088165e-03,-3.931620656626926547e+01,3.716305198380204233e-01,nan,1.224424465809205598e-05,1.653387151967130819e+01,1.000000000000000000e+00,1.000000000000000000e+00,-1.000000000000000000e+00,0.000000000000000000e+00
1.068000000000000000e+03,6.547541586404123848e+01,6.504842549771573168e+00,-1.546793201183493558e-03,4.723512806888683002e+01,2.914741021171782798e-01,nan,1.160846466620926568e-05,1.946662140673462460e+01,1.000000000000000000e+00,1.000000000000000000e+00,-1.000000000000000000e+00,0.000000000000000000e+00
1.068000000000000000e+03,9.028711188069628690e+01,4.615316082691524002e+01,-1.659464317984333994e-03,5.083384514614317595e+01,2.373908503260583336e-01,nan,9.144199793835561620e-06,8.433577670252303093e+00,1.000000000000000000e+00,1.000000000000000000e+00,-1.000000000000000000e+00,0.000000000000000000e+00
1.070000000000000000e+03,5.950822079315573276e+00,7.983325563735984787e+00,-1.757884375362101567e-03,5.397738318221313136e+01,2.860741078449370312e-01,nan,1.392307184410205527e-05,9.454151933099952387e+00,1.000000000000000000e+00,1.000000000000000000e+00,-1.000000000000000000e+00,0.000000000000000000e+00
1.073000000000000000e+03,4.365785417566475957e+01,5.226674875825609234e+01,-1.726052693919210993e-03,5.296067882302229179e+01,3.111411629285064651e-01,nan,1.559460156567976365e-05,1.483541163861961465e+01,1.000000000000000000e+00,1.000000000000000000e+00,-1.000000000000000000e+00,0.000000000000000000e+00
1.076000000000000000e+03,6.631876417039732985e+01,1.475265077421798665e+01,-6.925155513796940436e-03,2.190200970266951686e+02,3.559082654641343435e-02,nan,1.678677801660928247e-05,1.441556590756926326e+01,1.000000000000000000e+00,1.000000000000000000e+00,-1.000000000000000000e+00,0.000000000000000000e+00
1.077000000000000000e+03,3.622532501491352264e+01,3.942747507311825927e+01,-8.097834001467900389e-03,2.564754646447532309e+02,2.523997399362787331e-02,nan,1.828789502328366637e-05,1.483541163861961465e+01,1.000000000000000000e+00,1.000000000000000000e+00,-1.000000000000000000e+00,0.000000000000000000e+00
1.078000000000000000e+03,6.232528115363103893e+01,4.128567157861917991e+01,-6.494322312425943045e-03,2.052592784314252583e+02,4.371910013369328940e-02,nan,1.849801501327306977e-05,3.187408842975739454e+00,1.000000000000000000e+00,1.000000000000000000e+00,-1.000000000000000000e+00,0.000000000000000000e+00
1.079000000000000000e+03,1.128246623562773436e+02,3.099655553974372779e+01,-2.371368242796082285e-03,7.357206665604792306e+01,2.585433161866619312e-01,nan,2.144061986511248738e-05,5.485177205087428121e+00,1.000000000000000000e+00,1.000000000000000000e+00,-1.000000000000000000e+00,0.000000000000000000e+00
1.081000000000000000e+03,5.433146880863480277e+01,2.275972829009978682e+01,-7.418936025626311076e-03,2.347914536156047802e+02,3.317032950738030284e-02,nan,1.847212119663342643e-05,1.441556590756926326e+01,1.000000000000000000e+00,1.000000000000000000e+00,-1.000000000000000000e+00,0.000000000000000000e+00
1.081000000000000000e+03,8.647104254865436701e+01,4.013270698495114175e+01,-9.927241816634440469e-03,3.149067763476735990e+02,9.183163704869135024e-02,nan,9.779603216009911124e-05,2.267978589153960201e+01,1.000000000000000000e+00,1.000000000000000000e+00,-1.000000000000000000e+00,0.000000000000000000e+00
1.083000000000000000e+03,6.161822851626057229e+01,5.349177968506698733e+01,-7.025136689641446781e-03,2.222134972088535676e+02,3.916263847464251935e-02,nan,2.054338901664700323e-05,1.222656936913635661e+01,1.000000000000000000e+00,1.000000000000000000e+00,-1.000000000000000000e+00,0.000000000000000000e+00
1.083000000000000000e+03,5.913795013843488135e+01,4.130794559596164817e+01,-6.054109860631549760e-03,1.911988864438883695e+02,4.484127103658552826e-02,nan,1.628305495338479221e-05,3.187408842975739454e+00,1.000000000000000000e+00,1.000000000000000000e+00,-1.000000000000000000e+00,0.000000000000000000e+00
1.083000000000000000e+03,1.024750614880095014e+02,1.670088865956704538e+01,-1.782923559012331276e-03,5.477713506504853314e+01,2.959228897015112603e-01,nan,1.736560517119839167e-05,1.764880533298021703e+01,1.000000000000000000e+00,1.000000000000000000e+00,-1.000000000000000000e+00,0.000000000000000000e+00
1.086000000000000000e+03,7.051242739532348480e+01,9.087032305464285642e+00,-6.079002903487688327e-03,1.919939705876765856e+02,3.742540252466874939e-02,nan,1.323815739551706986e-05,2.118409866556521592e+01,1.000000000000000000e+00,1.000000000000000000e+00,-1.000000000000000000e+00,0.000000000000000000e+00
1.087000000000000000e+03,9.996351494550977179e+01,4.265442072093896542e+01,-7.442670937517596730e-03,2.355495470398611815e+02,3.169762141673482247e-02,nan,1.759757360086799683e-05,1.192911668530409131e+01,1.000000000000000000e+00,1.000000000000000000e+00,-1.000000000000000000e+00,0.000000000000000000e+00
1.088000000000000000e+03,4.218419840719518277e+01,4.242813800000056546e+01,-6.545179417255333511e-03,2.068836550848745617e+02,4.291777436282240288e-02,nan,1.821250554086369227e-05,4.996010234593581956e+00,1.000000000000000000e+00,1.000000000000000000e+00,-1.000000000000000000e+00,0.000000000000000000e+00
1.093000000000000000e+03,4.672081893972546851e+01,4.452079000355692529e+01,-6.521316172385408991e-03,2.061214627034504474e+02,3.017988688458361768e-02,nan,1.312240195227003603e-05,4.996010234593581956e+00,1.000000000000000000e+00,1.000000000000000000e+00,-1.000000000000000000e+00,0.000000000000000000e+00
1.094000000000000000e+03,1.291680006925593602e+02,2.739258880012039299e+01,-6.786393867537438528e-03,2.145880480664904155e+02,3.772531977453530416e-02,nan,1.792017428828089463e-05,1.261761666144557203e+01,1.000000000000000000e+00,1.000000000000000000e+00,-1.000000000000000000e+00,0.000000000000000000e+00
1.097000000000000000e+03,3.117886927459203861e+01,2.165676137421920444e+01,-6.973698090817614242e-03,2.205705476289299725e+02,3.666426366230490785e-02,nan,1.746263778024499468e-05,2.205332563808509150e+01,1.000000000000000000e+00,1.000000000000000000e+00,-1.000000000000000000e+00,0.000000000000000000e+00
1.097000000000000000e+03,3.607761417558351980e+01,4.638055033904843327e+01,-6.736038521299060958e-03,2.129796975895929165e+02,4.568553304565836637e-02,nan,2.271165958590815907e-05,4.042737246672905016e+00,1.000000000000000000e+00,1.000000000000000000e+00,-1.000000000000000000e+00,0.000000000000000000e+00
1.097000000000000000e+03,9.162565820784939774e+01,3.752597472300588066e+01,-6.685592058820664235e-03,2.113684368586899325e+02,5.196508323520943051e-02,nan,2.492029657537554057e-05,3.142432040844652974e+01,1.000000000000000000e+00,1.000000000000000000e+00,-1.000000000000000000e+00,0.000000000000000000e+00
1.098000000000000000e+03,1.414868698191316980e+02,3.012200515853326266e+01,-1.493901128602782022e-03,4.554575451644264916e+01,2.825262225697959817e-01,nan,1.192853544655663051e-05,1.261761666144557203e+01,1.000000000000000000e+00,1.000000000000000000e+00,-1.000000000000000000e+00,0.000000000000000000e+00
1.099000000000000000e+03,5.690382953084210271e+01,4.588199615983888435e+01,-1.406611847749853058e-03,4.275773364129571519e+01,3.480329144436578037e-01,nan,1.246260473522283556e-05,9.715670671279362125e+00,1.000000000000000000e+00,1.000000000000000000e+00,-1.000000000000000000e+00,0.000000000000000000e+00
1.101000000000000000e+03,6.273669969007371350e+01,2.516005426026050884e+01,-6.426007877916126154e-03,2.030773144190497703e+02,4.595181176298523962e-02,nan,1.984659691313201684e-05,1.009072595416487594e+01,1.000000000000000000e+00,1.000000000000000000e+00,-1.000000000000000000e+00,0.000000000000000000e+00
1.101000000000000000e+03,1.148041724861064061e+01,4.813767645036718790e+01,-7.560100738952126205e-03,2.393002565721741917e+02,3.039350973897803065e-02,nan,1.881494426942330008e-05,2.465987811882617819e+01,1.000000000000000000e+00,1.000000000000000000e+00,-1.000000000000000000e+00,0.000000000000000000e+00
1.101000000000000000e+03,1.096171112087950306e+01,8.959500903604215694e+00,-8.315985182802331996e-03,2.634432164873089164e+02,1.422268127960389927e-01,nan,1.165763092249015744e-04,6.497117548797577413e+00,1.000000000000000000e+00,1.000000000000000000e+00,-1.000000000000000000e+00,0.000000000000000000e+00
1.101000000000000000e+03,4.757618443541987574e+01,4.316367065199335684e+01,-1.427732001153683185e-03,4.343231164217757367e+01,3.142919651921076696e-01,nan,1.097503538888772017e-05,6.484683675445306328e+00,1.000000000000000000e+00,1.000000000000000000e+00,-1.000000000000000000e+00,0.000000000000000000e+00
1.102000000000000000e+03,8.603339054419384624e+00,1.501347626191498996e+01,-8.838087898636760170e-03,2.801191846760014528e+02,9.369152800979463347e-02,nan,8.245073806824966328e-05,6.497117548797577413e+00,1.000000000000000000e+00,1.000000000000000000e+00,-1.000000000000000000e+00,0.000000000000000000e+00
1.104000000000000000e+03,1.348164143607674816e+02,6.562058070196404636e+00,-6.538622337405253053e-03,2.066742218609620920e+02,2.568622825658717357e-02,nan,1.073236853294445500e-05,3.257546519391077311e+01,1.000000000000000000e+00,1.000000000000000000e+00,-1.000000000000000000e+00,0.000000000000000000e+00
1.105000000000000000e+03,7.064028811824678655e+01,3.143349352752892756e+01,-5.654740820969947519e-03,1.784430336222807796e+02,5.033639643506637729e-02,nan,1.661334112643165576e-05,1.009072595416487594e+01,1.000000000000000000e+00,1.000000000000000000e+00,-1.000000000000000000e+00,0.000000000000000000e+00
1.105000000000000000e+03,9.473905667778976181e+01,3.555809573907185950e+01,-6.117452622663656532e-03,1.932220551664320567e+02,4.310581774581412340e-02,nan,1.625433688750120299e-05,9.513399091148803777e+00,1.000000000000000000e+00,1.000000000000000000e+00,-1.000000000000000000e+00,0.000000000000000000e+00
1.106000000000000000e+03,9.082029273871415853e+01,1.050528959872909240e+01,-6.453768030720914012e-03,2.039639740954815181e+02,4.371751278658464468e-02,nan,1.764649929768320220e-05,1.362053513428969609e+01,1.000000000000000000e+00,1.000000000000000000e+00,-1.000000000000000000e+00,0.000000000000000000e+00
1.106000000000000000e+03,1.036843368511851082e+02,1.688878328601494161e+01,-6.821315961672828714e-03,2.157034602511475327e+02,4.110072543787524069e-02,nan,1.897656570523753274e-05,1.436080159960497404e+01,1.000000000000000000e+00,1.000000000000000000e+00,-1.000000000000000000e+00,0.000000000000000000e+00
1.106000000000000000e+03,8.781450765105483924e+01,2.379002645540882455e+01,1.926082835252478694e-03,-5.934964438954326482e+01,2.912224786652855002e-01,nan,1.726255359698447201e-05,1.362053513428969609e+01,1.000000000000000000e+00,1.000000000000000000e+00,-1.000000000000000000e+00,0.000000000000000000e+00
1.106000000000000000e+03,1.220383598300063426e+02,3.652674153270918822e+01,-6.519792041059025919e-03,2.060727819271523629e+02,5.352291629882088841e-02,nan,2.337970497085140024e-05,2.647374728238219532e+01,1.000000000000000000e+00,1.000000000000000000e+00,-1.000000000000000000e+00,0.000000000000000000e+00
1.107000000000000000e+03,1.951200936818683829e+01,2.305014914747363974e+01,-1.642755736818143691e-03,5.030017282543849433e+01,2.897966716180967461e-01,nan,1.305827212092623017e-05,1.354943537878774151e+01,1.000000000000000000e+00,1.000000000000000000e+00,-1.000000000000000000e+00,0.000000000000000000e+00
1.108000000000000000e+03,8.777543660440423423e+01,4.203982064383394146e+01,-7.487846141497902196e-03,2.369924436991694563e+02,2.734927441309564777e-02,nan,1.585907248432886398e-05,9.513399091148803777e+00,1.000000000000000000e+00,1.000000000000000000e+00,-1.000000000000000000e+00,0.000000000000000000e+00
1.109000000000000000e+03,5.211486146134198805e+01,2.252752154149816732e+01,-6.527748282514679069e-03,2.063269043926982249e+02,3.401267839120025727e-02,nan,1.431312519753165129e-05,1.670923424393222945e+01,1.000000000000000000e+00,1.000000000000000000e+00,-1.000000000000000000e+00,0.000000000000000000e+00
1.109000000000000000e+03,3.196927874819901305e+01,3.772829205048365964e+01,-2.103032647743198393e-03,6.500142392371854783e+01,2.326731261372708692e-01,nan,1.457841207342929166e-05,6.317024067692829981e+00,1.000000000000000000e+00,1.000000000000000000e+00,-1.000000000000000000e+00,0.000000000000000000e+00
1.110000000000000000e+03,3.576763622209546867e+01,1.906822450366821897e+01,-6.848948731004173528e-03,2.165860512976210543e+02,3.995493383177617375e-02,nan,1.853841195789764264e-05,1.670923424393222945e+01,1.000000000000000000e+00,1.000000000000000000e+00,-1.000000000000000000e+00,0.000000000000000000e+00
1.111000000000000000e+03,9.770305421505939591e+01,4.695037793266915571e+01,-7.808895186325210194e-03,2.472467547689631147e+02,6.147844067147667513e-02,nan,4.016593637385337297e-05,1.107570152678028563e+01,1.000000000000000000e+00,1.000000000000000000e+00,-1.000000000000000000e+00,0.000000000000000000e+00
1.112000000000000000e+03,1.267793760915638899e+02,3.650657008229261180e+01,-7.657779052211678532e-03,2.424201032905314150e+02,3.022596435923563529e-02,nan,1.852544516676154303e-05,1.478484538491215439e+01,1.000000000000000000e+00,1.000000000000000000e+00,-1.000000000000000000e+00,0.000000000000000000e+00
1.113000000000000000e+03,1.317857760978710644e+02,2.259514988043666506e+01,-5.781569725781514173e-03,1.824939506504831854e+02,5.271130246131794372e-02,nan,1.773553731749469902e-05,1.478484538491215439e+01,1.000000000000000000e+00,1.000000000000000000e+00,-1.000000000000000000e+00,0.000000000000000000e+00
1.115000000000000000e+03,7.449143287205927777e+01,1.984368179803586330e+01,-8.469172640052900075e-03,2.683360260562736812e+02,7.014384675330320729e-02,nan,5.737252221704008373e-05,3.025262198725955365e+00,1.000000000000000000e+00,1.000000000000000000e+00,-1.000000000000000000e+00,0.000000000000000000e+00
1.115000000000000000e+03,1.043935202404052518e+02,5.806879374555960815e+00,-5.777622232784414627e-03,1.823678676678664203e+02,5.871344783159426761e-02,nan,2.031350003701665565e-05,1.058901279949146534e+01,1.000000000000000000e+00,1.000000000000000000e+00,-1.000000000000000000e+00,0.000000000000000000e+00
1.116000000000000000e+03,1.796884920905733551e+01,5.080070880193483163e+01,-1.516258387172476300e-03,4.625984567396275082e+01,3.517954343874908352e-01,nan,1.471677262188991903e-05,5.838076271273666151e+01,1.000000000000000000e+00,1.000000000000000000e+00,-1.000000000000000000e+00,0.000000000000000000e+00
1.119000000000000000e+03,9.549436521237861086e+01,1.154554052982051005e+01,-6.522432056595719313e-03,2.061571040610397461e+02,4.565914795654490987e-02,nan,2.042335536883694465e-05,1.058901279949146534e+01,1.000000000000000000e+00,1.000000000000000000e+00,-1.000000000000000000e+00,0.000000000000000000e+00
1.122000000000000000e+03,2.417805500082251768e+01,2.861320045172116977e+01,-8.464633843575384078e-03,2.681910568320607240e+02,2.645311631278257636e-02,nan,1.860079200170045724e-05,1.144511949829872144e+01,1.000000000000000000e+00,1.000000000000000000e+00,-1.000000000000000000e+00,0.000000000000000000e+00
1.124000000000000000e+03,3.499264688779895494e+01,3.235958039087323357e+01,-1.371369469611557644e-03,4.163209158101870599e+01,3.592422551862870517e-01,nan,1.233952105951139829e-05,1.144511949829872144e+01,1.000000000000000000e+00,1.000000000000000000e+00,-1.000000000000000000e+00,0.000000000000000000e+00
1.125000000000000000e+03,9.952515963017260958e+01,3.136655226421785869e+01,-1.222902356666634265e-03,3.689004987648615952e+01,3.279972421362363777e-01,nan,9.739173984146469291e-06,2.705888798303525888e+01,1.000000000000000000e+00,1.000000000000000000e+00,-1.000000000000000000e+00,0.000000000000000000e+00
1.126000000000000000e+03,8.223836840548594296e+01,6.861116656556236926e+00,-1.460497158064443966e-03,4.447883122112310872e+01,3.692756935391731110e-01,nan,1.512025460258562096e-05,2.395086683462121968e+01,1.000000000000000000e+00,1.000000000000000000e+00,-1.000000000000000000e+00,0.000000000000000000e+00
1.130000000000000000e+03,4.328364326794554984e+01,6.482298879561412264e+00,-7.960680791162653980e-03,2.520947891518629262e+02,3.370061767323240254e-02,nan,2.116849678710711595e-05,1.298227071473153948e+01,1.000000000000000000e+00,1.000000000000000000e+00,-1.000000000000000000e+00,0.000000000000000000e+00
1.130000000000000000e+03,3.257080861830726803e+01,1.381541054379274236e+01,-6.877447768622283082e-03,2.174963109655264475e+02,5.315734309069508612e-02,nan,2.800766420448236378e-05,7.473259793725808287e+00,1.000000000000000000e+00,1.000000000000000000e+00,-1.000000000000000000e+00,0.000000000000000000e+00
1.131000000000000000e+03,7.678045570726111180e+01,5.015182106071834767e+01,-1.330626265477807824e-03,4.033075306000767313e+01,3.161042766638515467e-01,nan,9.627888174496713940e-06,1.100000559510043985e+01,1.000000000000000000e+00,1.000000000000000000e+00,-1.000000000000000000e+00,0.000000000000000000e+00
1.132000000000000000e+03,7.466625403349135581e+01,2.642157899861798853e+01,-6.442170359938251614e-03,2.035935443253059134e+02,2.638101136400916591e-02,nan,1.097337048660010985e-05,3.144132244505432272e+00,1.000000000000000000e+00,1.000000000000000000e+00,-1.000000000000000000e+00,0.000000000000000000e+00
1.132000000000000000e+03,2.514890125754651251e+01,1.468999791667438970e+01,-7.482643777705826581e-03,2.368262801254672922e+02,4.207351303266781972e-02,nan,2.516214945431682597e-05,7.473259793725808287e+00,1.000000000000000000e+00,1.000000000000000000e+00,-1.000000000000000000e+00,0.000000000000000000e+00
1.132000000000000000e+03,1.391648749421894138e+02,3.761874272561620103e+01,1.454704732582515290e-03,-4.429382106863302226e+01,3.712306774590947711e-01,nan,1.658563358816448569e-05,1.094511415406158683e+01,1.000000000000000000e+00,1.000000000000000000e+00,-1.000000000000000000e+00,0.000000000000000000e+00
1.133000000000000000e+03,1.146696867435217797e+02,4.608778113120290243e+01,-6.138567808600820137e-03,1.938964745063577482e+02,4.491233246589731998e-02,nan,1.683540598800432401e-05,2.591792538772053334e+01,1.000000000000000000e+00,1.000000000000000000e+00,-1.000000000000000000e+00,0.000000000000000000e+00
1.133000000000000000e+03,1.038445969202244470e+02,2.126798099124364327e+01,1.247417229435251627e-03,-3.767305526228643231e+01,3.283924711578620759e-01,nan,8.629625999639332324e-06,2.707775929928429548e+01,1.000000000000000000e+00,1.000000000000000000e+00,-1.000000000000000000e+00,0.000000000000000000e+00
1.136000000000000000e+03,4.938573285623028397e+01,3.318316292937575440e+01,-5.896351284884328130e-03,1.861600752849584808e+02,6.470346911448443539e-02,nan,2.461035269065951086e-05,2.082070140574588635e+01,1.000000000000000000e+00,1.000000000000000000e+00,-1.000000000000000000e+00,0.000000000000000000e+00
1.138000000000000000e+03,3.141475546613231984e+01,4.396512765818345514e+01,-6.393597503366063237e-03,2.020421265937639532e+02,3.860140560926517139e-02,nan,1.551747259355974572e-05,7.033086786664929591e+00,1.000000000000000000e+00,1.000000000000000000e+00,-1.000000000000000000e+00,0.000000000000000000e+00
1.140000000000000000e+03,7.988656675734195289e+01,3.145377693607207803e+01,-2.013042481197647744e-03,6.212713672103590312e+01,1.928210701497397039e-01,nan,1.007416462476938675e-05,9.797360435553704505e+00,1.000000000000000000e+00,1.000000000000000000e+00,-1.000000000000000000e+00,0.000000000000000000e+00
1.141000000000000000e+03,1.277572987492829810e+02,1.258963722058535240e+01,-1.953493698898725942e-03,6.022514776527051339e+01,2.681924195244159703e-01,nan,1.572138085617629885e-05,1.697906330138819797e+01,1.000000000000000000e+00,1.000000000000000000e+00,-1.000000000000000000e+00,0.000000000000000000e+00
1.143000000000000000e+03,1.023624337236641679e+02,4.413294644414595780e+01,-7.441922829473083222e-03,2.355256524582517557e+02,3.945686983481100363e-02,nan,2.201071142887726310e-05,1.366011466421223730e+01,1.000000000000000000e+00,1.000000000000000000e+00,-1.000000000000000000e+00,0.000000000000000000e+00
1.143000000000000000e+03,3.637678745196643604e+01,3.898089769555934225e+01,-6.750589650765993592e-03,2.134444608722590431e+02,5.550875300375357480e-02,nan,2.581150319261306281e-05,6.465818850209537949e+00,1.000000000000000000e+00,1.000000000000000000e+00,-1.000000000000000000e+00,0.000000000000000000e+00
1.144000000000000000e+03,6.463874484832784617e+01,7.960278889522802714e+00,-6.416884457827545275e-03,2.027859122513247883e+02,3.379559248544650174e-02,nan,1.370934760010844145e-05,1.544919529174696216e+01,1.000000000000000000e+00,1.000000000000000000e+00,-1.000000000000000000e+00,0.000000000000000000e+00
1.147000000000000000e+03,3.880573058469862957e+01,4.497314674426201719e+01,-7.042594146344640510e-03,2.227710886248887618e+02,5.320764293728308392e-02,nan,2.887468666478559064e-05,6.465818850209537949e+00,1.000000000000000000e+00,1.000000000000000000e+00,-1.000000000000000000e+00,0.000000000000000000e+00
1.147000000000000000e+03,1.398155180732008773e+02,2.088559164270717616e+01,-1.284691922371189541e-03,3.886360948618000322e+01,3.627138443205453200e-01,nan,1.167595747345500058e-05,4.403398924637468959e+00,1.000000000000000000e+00,1.000000000000000000e+00,-1.000000000000000000e+00,0.000000000000000000e+00
1.147000000000000000e+03,1.033307176828817120e+02,2.149707791154401448e+01,-1.592131142405128373e-03,4.868322255800371323e+01,3.034741362513534435e-01,nan,1.346188620525514036e-05,1.541118838916555767e+01,1.000000000000000000e+00,1.000000000000000000e+00,-1.000000000000000000e+00,0.000000000000000000e+00
1.148000000000000000e+03,7.469756638859297482e+01,1.968622210888194957e+01,-1.409547455034830922e-03,4.285149697983829498e+01,3.518318959180086747e-01,nan,1.262562765678484318e-05,1.544919529174696216e+01,1.000000000000000000e+00,1.000000000000000000e+00,-1.000000000000000000e+00,0.000000000000000000e+00
1.148000000000000000e+03,1.920248833303293523e+01,4.468553332018888113e+01,1.341974414290029267e-03,-4.069321309488933025e+01,3.453437032726291989e-01,nan,1.118230575715785570e-05,6.518404027851388172e+00,1.000000000000000000e+00,1.000000000000000000e+00,-1.000000000000000000e+00,0.000000000000000000e+00
1.150000000000000000e+03,9.070074813312714923e+01,1.266596265136176491e+01,-6.864295245260241228e-03,2.170762191817939879e+02,4.507659494894422636e-02,nan,2.273100716552866479e-05,1.541118838916555767e+01,1.000000000000000000e+00,1.000000000000000000e+00,-1.000000000000000000e+00,0.000000000000000000e+00
1.152000000000000000e+03,1.354111225566670029e+01,5.212583869357898436e+01,-6.284956455760868678e-03,1.985721299840834604e+02,5.405878213256842812e-02,nan,2.424764519279295347e-05,9.349295328455099252e+00,1.000000000000000000e+00,1.000000000000000000e+00,-1.000000000000000000e+00,0.000000000000000000e+00
1.152000000000000000e+03,1.373642690747491599e+02,2.454363762889814637e+01,1.869270962480487370e-03,-5.753507236309508954e+01,3.734214706090588365e-01,nan,2.573538519846440021e-05,4.403398924637468959e+00,1.000000000000000000e+00,1.000000000000000000e+00,-1.000000000000000000e+00,0.000000000000000000e+00
1.152000000000000000e+03,1.964590001101024797e+01,3.818222822553565976e+01,1.510225582250572865e-03,-4.606715779873217542e+01,3.240411306032338068e-01,nan,1.264120481700574732e-05,6.518404027851388172e+00,1.000000000000000000e+00,1.000000000000000000e+00,-1.000000000000000000e+00,0.000000000000000000e+00
1.153000000000000000e+03,5.199460712581810640e+01,4.650635346692446603e+01,1.274251318787493915e-03,-3.853013645883863347e+01,3.626134877543365498e-01,nan,1.214286357967447237e-05,1.615574052972391783e+01,1.000000000000000000e+00,1.000000000000000000e+00,-1.000000000000000000e+00,0.000000000000000000e+00
1.154000000000000000e+03,9.976030768743466126e+01,3.433672010299348898e+01,-6.654892426591048869e-03,2.103878901675135751e+02,3.309131183355351613e-02,nan,1.494566095342674878e-05,1.254728366906532777e+01,1.000000000000000000e+00,1.000000000000000000e+00,-1.000000000000000000e+00,0.000000000000000000e+00
1.155000000000000000e+03,5.073057752207440529e+01,3.040013785851342121e+01,-7.232088840288600218e-03,2.288235518515646731e+02,3.958133200581803735e-02,nan,2.099788292320403345e-05,1.615574052972391783e+01,1.000000000000000000e+00,1.000000000000000000e+00,-1.000000000000000000e+00,0.000000000000000000e+00
1.155000000000000000e+03,1.432020713363105244e+02,3.955197416393232146e+01,-6.773809793911166402e-03,2.141861125754242607e+02,3.128481130276961064e-02,nan,1.400126849057955174e-05,1.610372940638076500e+01,1.000000000000000000e+00,1.000000000000000000e+00,-1.000000000000000000e+00,0.000000000000000000e+00
1.156000000000000000e+03,7.424328124588708988e+01,5.278843604727681083e+01,-6.868386061345032982e-03,2.172068799058753541e+02,3.398519616068262916e-02,nan,1.686674183145335621e-05,1.719029439669693105e+01,1.000000000000000000e+00,1.000000000000000000e+00,-1.000000000000000000e+00,0.000000000000000000e+00
1.157000000000000000e+03,1.340997304812163691e+02,5.045880753068415991e+00,-6.124017597557686321e-03,1.934317405581608398e+02,4.268752211620474579e-02,nan,1.619317762518736439e-05,1.976916122190394276e+01,1.000000000000000000e+00,1.000000000000000000e+00,-1.000000000000000000e+00,0.000000000000000000e+00
1.158000000000000000e+03,9.554366268032622145e+01,5.027737249428017208e+01,-1.399748704955780304e-03,4.253852476258781934e+01,3.135982269381452081e-01,nan,1.055912877586682147e-05,7.436646750511487269e+00,1.000000000000000000e+00,1.000000000000000000e+00,-1.000000000000000000e+00,0.000000000000000000e+00
1.160000000000000000e+03,7.650026786781380395e+01,3.574695040683003100e+01,-8.106821506664654842e-03,2.567625256888952094e+02,2.157062353075267502e-02,nan,1.459262390281192295e-05,1.719029439669693105e+01,1.000000000000000000e+00,1.000000000000000000e+00,-1.000000000000000000e+00,0.000000000000000000e+00
1.161000000000000000e+03,9.219807184158446489e+01,1.562502878106671034e+01,-7.577783551148052806e-03,2.398650458458607204e+02,4.043039842979878618e-02,nan,2.392752245293473532e-05,2.552083030609097491e+01,1.000000000000000000e+00,1.000000000000000000e+00,-1.000000000000000000e+00,0.000000000000000000e+00
1.162000000000000000e+03,5.084634960376703816e+01,4.756875277125845258e+01,-1.419828988593053055e-03,4.317988930829778127e+01,2.958254691002218939e-01,nan,1.035461591243408242e-05,2.185619525268484509e+01,1.000000000000000000e+00,1.000000000000000000e+00,-1.000000000000000000e+00,0.000000000000000000e+00
1.163000000000000000e+03,2.972093154526809755e+01,5.317321374240728460e+01,-6.991898303000695578e-03,2.211518626655841047e+02,4.078902176915599753e-02,nan,2.012895322780801496e-05,1.027480313255804667e+01,1.000000000000000000e+00,1.000000000000000000e+00,-1.000000000000000000e+00,0.000000000000000000e+00
1.165000000000000000e+03,4.973050703304408238e+00,3.103012358753837674e+01,-1.862480124687368628e-03,5.731817290714869984e+01,3.222003487611445616e-01,nan,1.844448270976386536e-05,1.023107128428402035e+01,1.000000000000000000e+00,1.000000000000000000e+00,-1.000000000000000000e+00,0.000000000000000000e+00
1.167000000000000000e+03,1.212934419078897434e+02,1.703454822767425725e+01,-8.251550768623791207e-03,2.613851803796416675e+02,2.962627576057141887e-02,nan,1.952036491391798763e-05,7.588322504844358107e+00,1.000000000000000000e+00,1.000000000000000000e+00,-1.000000000000000000e+00,0.000000000000000000e+00
1.168000000000000000e+03,1.077195755744711505e+02,1.610079438977371780e+01,-6.240838451548749201e-03,1.971630003004462139e+02,3.090920296859100969e-02,nan,1.188526303286968440e-05,1.360594515156182460e+01,1.000000000000000000e+00,1.000000000000000000e+00,-1.000000000000000000e+00,0.000000000000000000e+00
1.168000000000000000e+03,1.264223877623903292e+02,3.872128003664852969e+01,-6.606560092563602653e-03,2.088441547294804366e+02,4.650410078951328074e-02,nan,2.067972140876380446e-05,1.304526208458391778e+01,1.000000000000000000e+00,1.000000000000000000e+00,-1.000000000000000000e+00,0.000000000000000000e+00
1.168000000000000000e+03,9.462149994240791173e+00,2.183649496874940965e+01,-1.409565957470915913e-03,4.285208794791068954e+01,3.741420585344029659e-01,nan,1.439899974034193706e-05,1.023107128428402035e+01,1.000000000000000000e+00,1.000000000000000000e+00,-1.000000000000000000e+00,0.000000000000000000e+00
1.169000000000000000e+03,1.122641635902813704e+02,4.847393404893430358e+01,-7.312604436780195671e-03,2.313952211516210582e+02,3.451384575092864004e-02,nan,1.865838760894084766e-05,1.391378336447458253e+01,1.000000000000000000e+00,1.000000000000000000e+00,-1.000000000000000000e+00,0.000000000000000000e+00
1.169000000000000000e+03,4.888702682855334558e+01,3.476414625367685574e+01,-1.510609080274150822e-03,4.607940673107375318e+01,3.343606404587572412e-01,nan,1.344298872610187927e-05,8.744483354271597619e+00,1.000000000000000000e+00,1.000000000000000000e+00,-1.000000000000000000e+00,0.000000000000000000e+00
1.173000000000000000e+03,1.398110041408662596e+02,2.881869327040393358e+01,1.330122427326769011e-03,-4.031466046227899369e+01,3.577855593104121157e-01,nan,1.167820848188722975e-05,3.775448449469216428e+00,1.000000000000000000e+00,1.000000000000000000e+00,-1.000000000000000000e+00,0.000000000000000000e+00
1.173000000000000000e+03,4.515683673109079876e+01,4.267310768801988985e+01,-1.712883121226630194e-03,5.254004248342930339e+01,2.882587281185237105e-01,nan,1.462560556738612226e-05,7.953947824325154237e+00,1.000000000000000000e+00,1.000000000000000000e+00,-1.000000000000000000e+00,0.000000000000000000e+00
1.174000000000000000e+03,8.206716171613744848e+01,1.103008057078004001e+01,-6.486986001439897821e-03,2.050249565539185994e+02,4.489051926622222854e-02,nan,1.894685483005080129e-05,1.133793004508422442e+01,1.000000000000000000e+00,1.000000000000000000e+00,-1.000000000000000000e+00,0.000000000000000000e+00
1.174000000000000000e+03,6.142425279785054926e+00,1.400776651358057379e+01,-7.355721239581376400e-03,2.327723724479162399e+02,3.168712312067434311e-02,nan,1.700393673045206571e-05,2.319354146103800218e+01,1.000000000000000000e+00,1.000000000000000000e+00,-1.000000000000000000e+00,0.000000000000000000e+00
1.174000000000000000e+03,2.451234199881625742e+01,4.034422928265438912e+01,-1.427789510411644168e-02,4.538667043881328027e+02,1.255839601504316061e-02,nan,2.848716628841893093e-05,1.873563821653948480e+01,1.000000000000000000e+00,1.000000000000000000e+00,-1.000000000000000000e+00,0.000000000000000000e+00
1.174000000000000000e+03,9.804041725842003530e+01,3.717479491891992893e+01,-1.746177295977872218e-03,5.360345889974335876e+01,3.599141986744711641e-01,nan,2.133844216286245060e-05,1.617606522974613981e+01,1.000000000000000000e+00,1.000000000000000000e+00,-1.000000000000000000e+00,0.000000000000000000e+00
1.175000000000000000e+03,4.251911429953013766e+01,3.516926158311284922e+01,-7.642313396155147286e-03,2.419261300155527863e+02,2.410355753414139546e-02,nan,1.369836094424360646e-05,7.953947824325154237e+00,1.000000000000000000e+00,1.000000000000000000e+00,-1.000000000000000000e+00,0.000000000000000000e+00
1.175000000000000000e+03,7.887909273089167073e+01,4.341295621025258811e+01,-1.525345053297509634e-03,4.655007391956792873e+01,3.634854517828589593e-01,nan,1.609950200454020780e-05,2.015120378404082402e+01,1.000000000000000000e+00,1.000000000000000000e+00,-1.000000000000000000e+00,0.000000000000000000e+00
1.176000000000000000e+03,7.079076217167889240e+01,9.850474271645277113e+00,-6.820083842060694831e-03,2.156641063331665293e+02,2.951515466313670011e-02,nan,1.338120424065273886e-05,5.980889972375780239e+00,1.000000000000000000e+00,1.000000000000000000e+00,-1.000000000000000000e+00,0.000000000000000000e+00
1.176000000000000000e+03,1.000342657095421117e+02,1.823097263240282118e+01,1.364578910379356941e-03,-4.141520102231201150e+01,3.743192802977428624e-01,nan,1.346815853403506526e-05,1.904846016005451759e+01,1.000000000000000000e+00,1.000000000000000000e+00,-1.000000000000000000e+00,0.000000000000000000e+00
1.180000000000000000e+03,1.135716140178566036e+01,4.359717512360005998e+01,-6.360140794457301398e-03,2.009735188341410606e+02,2.712749732277597303e-02,nan,1.066885398689281697e-05,3.228152776817065472e+01,1.000000000000000000e+00,1.000000000000000000e+00,-1.000000000000000000e+00,0.000000000000000000e+00
1.182000000000000000e+03,1.395328779303794420e+02,3.568183842404848605e+01,-2.097905303295599655e-02,6.679017841906508011e+02,4.833105106374135929e-03,nan,2.518239686150182554e-05,1.632835767520773018e+01,1.000000000000000000e+00,1.000000000000000000e+00,-1.000000000000000000e+00,0.000000000000000000e+00
1.184000000000000000e+03,1.162924808004540154e+02,2.618434541012765848e+01,-6.378414206727025040e-03,2.015571718826063545e+02,4.171589462817282268e-02,nan,1.705281634325168325e-05,1.250691720362289239e+01,1.000000000000000000e+00,1.000000000000000000e+00,-1.000000000000000000e+00,0.000000000000000000e+00
1.185000000000000000e+03,1.301054294146978236e+02,2.138113550066792712e+01,-6.377339560045418992e-03,2.015228476522719063e+02,4.504777851937225019e-02,nan,1.885637992138232855e-05,9.808411086003124169e+00,1.000000000000000000e+00,1.000000000000000000e+00,-1.000000000000000000e+00,0.000000000000000000e+00
1.185000000000000000e+03,5.016048185374741308e+01,5.013073369910321730e+01,-8.397478226459875045e-03,2.660461054637835900e+02,2.996840974884951159e-02,nan,2.125704594438002445e-05,1.277833865954583992e+01,1.000000000000000000e+00,1.000000000000000000e+00,-1.000000000000000000e+00,0.000000000000000000e+00
1.186000000000000000e+03,9.180383278906452915e+01,1.433368462908093655e+01,-1.172870199993222406e-03,3.529202207890219256e+01,3.539529958840510471e-01,nan,8.943232550247031128e-06,1.672611873817475470e+01,1.000000000000000000e+00,1.000000000000000000e+00,-1.000000000000000000e+00,0.000000000000000000e+00
1.187000000000000000e+03,2.146292450740917346e+01,4.447896121559494276e+01,-6.323452819452303995e-03,1.998017043893280515e+02,4.660954913340076278e-02,nan,1.849403830776862186e-05,1.684538911921278270e+01,1.000000000000000000e+00,1.000000000000000000e+00,-1.000000000000000000e+00,0.000000000000000000e+00
1.188000000000000000e+03,7.010310863966867601e+01,2.942361910120574109e+01,-2.040562444668925224e-02,6.495864669684672208e+02,6.243196896557501319e-03,nan,2.598263635250703117e-05,1.205423319593966625e+01,1.000000000000000000e+00,1.000000000000000000e+00,-1.000000000000000000e+00,0.000000000000000000e+00
1.188000000000000000e+03,9.716987342998235988e+01,5.012957794787443788e+01,-6.839081140896256794e-03,2.162708803288669799e+02,3.191557763946706316e-02,nan,1.649686871290449437e-05,2.587398301928070055e+01,1.000000000000000000e+00,1.000000000000000000e+00,-1.000000000000000000e+00,0.000000000000000000e+00
1.189000000000000000e+03,8.215185972986290608e+01,2.906011516912636594e+01,-1.459680594042761341e-02,4.640527210474312483e+02,7.871810830146874771e-03,nan,1.625061167453908871e-05,9.965759755003182008e+00,1.000000000000000000e+00,1.000000000000000000e+00,-1.000000000000000000e+00,0.000000000000000000e+00
1.190000000000000000e+03,3.738297137308475016e+01,4.998525237865430881e+01,-7.397775411775822305e-03,2.341155833074796817e+02,3.092310776477180667e-02,nan,1.667002236877304747e-05,1.277833865954583992e+01,1.000000000000000000e+00,1.000000000000000000e+00,-1.000000000000000000e+00,0.000000000000000000e+00
1.191000000000000000e+03,1.395981747616524160e+01,1.944409172512525785e+01,-3.177881070818722870e-03,9.933209788358735182e+01,1.383546113540875533e-01,nan,1.636800018834675080e-05,1.006523017974448209e+01,1.000000000000000000e+00,1.000000000000000000e+00,-1.000000000000000000e+00,0.000000000000000000e+00
1.194000000000000000e+03,1.163435026050473340e+02,6.841401855415376154e+00,-6.502678132918248907e-03,2.055261634570996137e+02,4.609415369757452474e-02,nan,1.945554557506079849e-05,1.006052062846025130e+01,1.000000000000000000e+00,1.000000000000000000e+00,-1.000000000000000000e+00,0.000000000000000000e+00
1.195000000000000000e+03,6.100587208335468148e+01,7.044309875271064669e+00,-7.172338095956114906e-03,2.269151122255673840e+02,2.649846106610875829e-02,nan,1.342334378446873902e-05,1.544920196859187378e+01,1.000000000000000000e+00,1.000000000000000000e+00,-1.000000000000000000e+00,0.000000000000000000e+00
1.195000000000000000e+03,9.072189720933359069e+01,5.093318319245463499e+01,-1.848023301042976208e-03,5.685642175379925334e+01,2.419700976795514658e-01,nan,1.277915834167614146e-05,2.399565571131105557e+01,1.000000000000000000e+00,1.000000000000000000e+00,-1.000000000000000000e+00,0.000000000000000000e+00
1.196000000000000000e+03,1.054556244251209449e+02,3.199357455482587653e+01,-1.387176390856641921e-03,4.213696487098601295e+01,2.878107889921923679e-01,nan,8.978032926028968168e-06,1.073507837856356240e+01,1.000000000000000000e+00,1.000000000000000000e+00,-1.000000000000000000e+00,0.000000000000000000e+00
1.197000000000000000e+03,1.260915470750429819e+02,9.329313495056442918e+00,-6.309690569533002967e-03,1.993621379306623282e+02,3.543748080379727217e-02,nan,1.400143277149142890e-05,1.006052062846025130e+01,1.000000000000000000e+00,1.000000000000000000e+00,-1.000000000000000000e+00,0.000000000000000000e+00
1.198000000000000000e+03,1.445521005751500070e+02,5.166094122671479028e+01,-6.114767040193166622e-03,1.931362776240294465e+02,4.760536685743321783e-02,nan,1.774690341059023517e-05,4.351930939632800488e+01,1.000000000000000000e+00,1.000000000000000000e+00,-1.000000000000000000e+00,0.000000000000000000e+00
1.198000000000000000e+03,4.555667083498674685e+01,7.039592485135822031e+00,-7.149108218349200204e-03,2.261731496035553164e+02,3.318507100190015713e-02,nan,1.712747390367818181e-05,1.544920196859187378e+01,1.000000000000000000e+00,1.000000000000000000e+00,-1.000000000000000000e+00,0.000000000000000000e+00
1.198000000000000000e+03,2.637680512451536785e+01,3.378384199533012833e+01,-7.030301010214411866e-03,2.223784456815948829e+02,3.161577348710820079e-02,nan,1.559324509106459837e-05,1.097296835046908647e+01,1.000000000000000000e+00,1.000000000000000000e+00,-1.000000000000000000e+00,0.000000000000000000e+00
1.201000000000000000e+03,9.576566593132918115e+01,2.737333514733888862e+01,-7.248528356625866600e-03,2.293486302377967831e+02,3.440542818617797760e-02,nan,1.779321630556154676e-05,1.073507837856356240e+01,1.000000000000000000e+00,1.000000000000000000e+00,-1.000000000000000000e+00,0.000000000000000000e+00
1.201000000000000000e+03,5.381674054373907268e+01,4.054671322645920384e+01,-7.675873675016908412e-03,2.429980458009513313e+02,2.237234788730357860e-02,nan,1.307279642018775983e-05,1.241669038264078573e+01,1.000000000000000000e+00,1.000000000000000000e+00,-1.000000000000000000e+00,0.000000000000000000e+00
1.202000000000000000e+03,1.175257428928831160e+02,1.755073335922303457e+01,-7.008669252760947946e-03,2.216875270400724958e+02,2.600696589409745574e-02,nan,1.404395919266784473e-05,1.187285752757188817e+01,1.000000000000000000e+00,1.000000000000000000e+00,-1.000000000000000000e+00,0.000000000000000000e+00
1.202000000000000000e+03,1.673902949455415268e+01,3.902972755707487096e+01,-7.250099754813054374e-03,2.293988207183029715e+02,3.875129934929644193e-02,nan,2.151302704827511415e-05,1.097296835046908647e+01,1.000000000000000000e+00,1.000000000000000000e+00,-1.000000000000000000e+00,0.000000000000000000e+00
1.203000000000000000e+03,4.157178278033183005e+01,4.260467567284565149e+01,-5.710503022502886293e-03,1.802240791343858177e+02,1.166098198484520898e-01,nan,4.356109626925542394e-05,3.600394881412552373e+00,1.000000000000000000e+00,1.000000000000000000e+00,-1.000000000000000000e+00,0.000000000000000000e+00
1.205000000000000000e+03,1.039408886649476216e+02,5.234795288412802705e+01,-7.125928141703814604e-03,2.254327776249646433e+02,4.656166443808273936e-02,nan,2.346191882299145426e-05,1.266776774821470930e+01,1.000000000000000000e+00,1.000000000000000000e+00,-1.000000000000000000e+00,0.000000000000000000e+00
1.205000000000000000e+03,8.797772161491603526e+01,4.432996098827144493e+01,-1.723056941961852639e-03,5.286499446278624248e+01,2.841073095499369039e-01,nan,1.343796710155973368e-05,1.786367533038025002e+01,1.000000000000000000e+00,1.000000000000000000e+00,-1.000000000000000000e+00,0.000000000000000000e+00
1.206000000000000000e+03,3.442091654569092896e+01,2.270181679220338467e+01,1.537702021902673201e-03,-4.694475567302145436e+01,3.414111010246143607e-01,nan,1.542274838458166760e-05,3.265714831259755258e+00,1.000000000000000000e+00,1.000000000000000000e+00,-1.000000000000000000e+00,0.000000000000000000e+00
1.207000000000000000e+03,3.798407637421230021e+01,4.230267228612524377e+01,-6.191764239640850341e-03,1.955955692723325967e+02,1.162317918081521295e-01,nan,5.024933203554121213e-05,3.600394881412552373e+00,1.000000000000000000e+00,1.000000000000000000e+00,-1.000000000000000000e+00,0.000000000000000000e+00
1.208000000000000000e+03,4.888051683849086260e+01,1.117180952396310190e+01,-7.519920197901032617e-03,2.380168895180465256e+02,2.633720471047151790e-02,nan,1.673493258031305203e-05,9.070765360999908822e+00,1.000000000000000000e+00,1.000000000000000000e+00,-1.000000000000000000e+00,0.000000000000000000e+00
1.211000000000000000e+03,5.716149899506176979e+01,3.408463648698887027e+01,-7.632426925663167959e-03,2.416103560070625065e+02,2.260105475087148541e-02,nan,1.319692153142082723e-05,1.564386664553795647e+01,1.000000000000000000e+00,1.000000000000000000e+00,-1.000000000000000000e+00,0.000000000000000000e+00
1.211000000000000000e+03,5.376790927951701349e+01,1.881328708800241856e+01,-6.715046269995605423e-03,2.123092047836208280e+02,2.965176177604034180e-02,nan,1.584559881357333394e-05,9.070765360999908822e+00,1.000000000000000000e+00,1.000000000000000000e+00,-1.000000000000000000e+00,0.000000000000000000e+00
1.212000000000000000e+03,1.228708682553936455e+02,2.892454340207764929e+01,-7.080873763679535957e-03,2.239937401484147870e+02,3.487409208110148207e-02,nan,1.784802474081907621e-05,8.247984265601163045e+00,1.000000000000000000e+00,1.000000000000000000e+00,-1.000000000000000000e+00,0.000000000000000000e+00
1.212000000000000000e+03,1.106432576501948120e+02,1.781323603820552037e+01,-1.472613618703277200e-03,4.486583114670251149e+01,3.663778410460681867e-01,nan,1.501841549890205638e-05,1.652197362444359996e+01,1.000000000000000000e+00,1.000000000000000000e+00,-1.000000000000000000e+00,0.000000000000000000e+00
1.212000000000000000e+03,1.424404382560100544e+02,4.208990744013634355e+01,-1.604000841416387694e-03,4.906234091367969796e+01,3.288944238484120541e-01,nan,1.454712243092491198e-05,1.992628166288175962e+01,1.000000000000000000e+00,1.000000000000000000e+00,-1.000000000000000000e+00,0.000000000000000000e+00
1.213000000000000000e+03,1.861625832769066236e+01,5.251588972297606972e+01,-6.497431824258033048e-03,2.053585962836824024e+02,3.243030247891320883e-02,nan,1.167390510619122006e-05,1.629267298825798704e+01,1.000000000000000000e+00,1.000000000000000000e+00,-1.000000000000000000e+00,0.000000000000000000e+00
1.213000000000000000e+03,1.452596464633761286e+01,3.674500862195337447e+01,-1.508865335121582904e-03,4.602371148603574369e+01,3.383177615325708709e-01,nan,1.356536376178128784e-05,1.629267298825798704e+01,1.000000000000000000e+00,1.000000000000000000e+00,-1.000000000000000000e+00,0.000000000000000000e+00
1.213000000000000000e+03,1.231314881280093516e+02,3.716840910498682149e+01,-1.759626603133687770e-03,5.403302996208094555e+01,3.546469404375991452e-01,nan,2.119164858893451384e-05,8.247984265601163045e+00,1.000000000000000000e+00,1.000000000000000000e+00,-1.000000000000000000e+00,0.000000000000000000e+00
1.216000000000000000e+03,7.768577437226919358e+01,2.562983888483540085e+01,-7.924911359017117879e-03,2.509523129790790961e+02,2.693283251361455743e-02,nan,1.768035200733059212e-05,1.851898453125320287e+01,1.000000000000000000e+00,1.000000000000000000e+00,-1.000000000000000000e+00,0.000000000000000000e+00
1.218000000000000000e+03,1.385814491518370630e+02,1.285473140537663106e+01,-6.556242883067915118e-03,2.072370223406882701e+02,3.698152024146894590e-02,nan,1.700401724869267649e-05,1.914041043941477938e+01,1.000000000000000000e+00,1.000000000000000000e+00,-1.000000000000000000e+00,0.000000000000000000e+00
1.218000000000000000e+03,5.375544761534460747e+01,5.099124008070083391e+01,-3.316507045501362015e-03,1.037598134916924977e+02,1.215737305198784091e-01,nan,1.524666088369137089e-05,1.228376327687716696e+01,1.000000000000000000e+00,1.000000000000000000e+00,-1.000000000000000000e+00,0.000000000000000000e+00
1.218000000000000000e+03,5.350056804824965440e+01,2.536866417070769231e+01,-7.126244764204621787e-03,2.254428905521553190e+02,2.328307692047193456e-02,nan,1.444330025325907119e-05,1.646335863742875105e+01,1.000000000000000000e+00,1.000000000000000000e+00,-1.000000000000000000e+00,0.000000000000000000e+00
1.219000000000000000e+03,7.632998771923330317e+00,4.728282317181324856e+01,-1.378047866049295946e-03,4.184539965847088183e+01,3.537761094150828622e-01,nan,1.234429227598987632e-05,1.648964016802251109e+01,1.000000000000000000e+00,1.000000000000000000e+00,-1.000000000000000000e+00,0.000000000000000000e+00
1.220000000000000000e+03,2.506507667543245432e+01,4.640592879748352573e+01,-1.828642537750821851e-03,5.623739989788720806e+01,2.632039073458232181e-01,nan,1.308207704391213624e-05,1.745411939278926283e+01,1.000000000000000000e+00,1.000000000000000000e+00,-1.000000000000000000e+00,0.000000000000000000e+00
1.221000000000000000e+03,7.220482480937135961e+01,4.331915712940789831e+01,-6.698045515355045658e-03,2.117662004379785401e+02,4.600046734555240935e-02,nan,2.070623497420473726e-05,1.245784745662713533e+01,1.000000000000000000e+00,1.000000000000000000e+00,-1.000000000000000000e+00,0.000000000000000000e+00
1.223000000000000000e+03,1.251896629393085334e+02,2.653008784779483165e+01,-7.677583706963238795e-03,2.430526642457013793e+02,3.671496725295053665e-02,nan,2.128361916791375754e-05,1.914041043941477938e+01,1.000000000000000000e+00,1.000000000000000000e+00,-1.000000000000000000e+00,0.000000000000000000e+00
1.223000000000000000e+03,6.007941522837667492e+01,4.046041514284921448e+01,-1.570127525209246691e-03,4.798042671100594703e+01,3.187531696530397918e-01,nan,1.368576363301400231e-05,1.228376327687716696e+01,1.000000000000000000e+00,1.000000000000000000e+00,-1.000000000000000000e+00,0.000000000000000000e+00
1.227000000000000000e+03,9.990970957306224420e+01,3.204792410728902752e+01,-1.393170718044802001e-03,4.232842376685215413e+01,3.539557190072546433e-01,nan,1.387936009794916567e-05,2.576645296722280776e+01,1.000000000000000000e+00,1.000000000000000000e+00,-1.000000000000000000e+00,0.000000000000000000e+00
1.228000000000000000e+03,8.138269491803596623e+01,4.995490114096354262e+01,-7.495334279900634118e-03,2.372316149465300725e+02,2.711536681669846072e-02,nan,1.582462802517551072e-05,9.598976531106140797e+00,1.000000000000000000e+00,1.000000000000000000e+00,-1.000000000000000000e+00,0.000000000000000000e+00
1.230000000000000000e+03,1.330704917040514488e+02,4.278963617914154582e+01,-6.661106706015523793e-03,2.105863743409440474e+02,1.323057678768214673e-01,nan,7.085787364968429685e-05,3.728312717396787601e+00,1.000000000000000000e+00,1.000000000000000000e+00,-1.000000000000000000e+00,0.000000000000000000e+00
1.232000000000000000e+03,1.406478323347645301e+02,4.617790006804778358e+01,-6.659464949885527361e-03,2.105339366267412800e+02,5.210115140419890878e-02,nan,2.610592085736277655e-05,8.300386931626823284e+00,1.000000000000000000e+00,1.000000000000000000e+00,-1.000000000000000000e+00,0.000000000000000000e+00
1.232000000000000000e+03,1.325304787921714649e+02,3.743281622501071837e+01,-5.455526953905456833e-03,1.720801398675442613e+02,1.887156116784434179e-01,nan,1.152171749264673862e-04,3.348289464246806180e+00,1.000000000000000000e+00,1.000000000000000000e+00,-1.000000000000000000e+00,0.000000000000000000e+00
1.232000000000000000e+03,5.502202153579525579e+00,3.863288224341302168e+01,-1.367660185590378061e-03,4.151361699648957426e+01,3.563699714703539856e-01,nan,1.237207300132529060e-05,2.963111559639597559e+01,1.000000000000000000e+00,1.000000000000000000e+00,-1.000000000000000000e+00,0.000000000000000000e+00
1.233000000000000000e+03,9.067894116205943078e+01,5.234658594779033081e+01,-6.535360845741185025e-03,2.065700497707044008e+02,3.537947303031241386e-02,nan,1.470801961763926503e-05,9.598976531106140797e+00,1.000000000000000000e+00,1.000000000000000000e+00,-1.000000000000000000e+00,0.000000000000000000e+00
1.234000000000000000e+03,7.449339472421809205e+01,3.890345988087165097e+01,-1.470658794786677782e-03,4.480339404293145122e+01,2.923003351162746233e-01,nan,9.970443765935716994e-06,2.026322533409858195e+01,1.000000000000000000e+00,1.000000000000000000e+00,-1.000000000000000000e+00,0.000000000000000000e+00
1.235000000000000000e+03,9.426497687232857459e+01,3.446692516321493116e+01,-6.574881355425412494e-03,2.078323354135626460e+02,3.944070376354447127e-02,nan,1.713334705627551647e-05,1.330605414347140503e+01,1.000000000000000000e+00,1.000000000000000000e+00,-1.000000000000000000e+00,0.000000000000000000e+00
1.236000000000000000e+03,1.402795724385861718e+02,1.762688532194883351e+01,-6.018757116122186966e-03,1.900697192801456765e+02,7.305584956765243110e-02,nan,2.744916337883811163e-05,1.434028206656540050e+01,1.000000000000000000e+00,1.000000000000000000e+00,-1.000000000000000000e+00,0.000000000000000000e+00
1.237000000000000000e+03,9.092177760136166853e+01,2.158771340536270955e+01,-7.060929022969477525e-03,2.233567048457328497e+02,2.744232617219122261e-02,nan,1.360105060859885873e-05,1.330605414347140503e+01,1.000000000000000000e+00,1.000000000000000000e+00,-1.000000000000000000e+00,0.000000000000000000e+00
1.238000000000000000e+03,3.849150965886033759e+01,4.429042748474162750e+01,-1.409017936854397484e-03,4.283458416160457460e+01,3.710401963595678643e-01,nan,1.427757967745702358e-05,1.495269625900520793e+01,1.000000000000000000e+00,1.000000000000000000e+00,-1.000000000000000000e+00,0.000000000000000000e+00
1.239000000000000000e+03,5.166624584192199165e+00,2.677943796705494961e+01,-1.572495709381448257e-03,4.805606654723526105e+01,3.591913640251220841e-01,nan,1.729500047556710522e-05,3.764548736739068602e+01,1.000000000000000000e+00,1.000000000000000000e+00,-1.000000000000000000e+00,0.000000000000000000e+00
1.241000000000000000e+03,1.413043037570524234e+02,3.193050778178786686e+01,-7.603247143919109746e-03,2.406783533620672415e+02,3.168482628570967741e-02,nan,1.799481820931603260e-05,1.434028206656540050e+01,1.000000000000000000e+00,1.000000000000000000e+00,-1.000000000000000000e+00,0.000000000000000000e+00
1.242000000000000000e+03,8.225309515887789757e+01,4.742607217502464323e+01,-5.301105090809978861e-03,1.671479033582910176e+02,5.003630243002588074e-02,nan,1.420583629194531846e-05,1.039537495609894258e+01,1.000000000000000000e+00,1.000000000000000000e+00,-1.000000000000000000e+00,0.000000000000000000e+00
1.243000000000000000e+03,1.098554004570438849e+02,4.561087358617654530e+01,-7.420473981281944936e-03,2.348405759411762403e+02,3.862895228011831161e-02,nan,2.159110068376776748e-05,1.142968933296825895e+01,1.000000000000000000e+00,1.000000000000000000e+00,-1.000000000000000000e+00,0.000000000000000000e+00
1.246000000000000000e+03,7.981524239740926419e+01,3.732059374046802702e+01,-6.572396830068236682e-03,2.077529796382262930e+02,4.044783016443576074e-02,nan,1.779865413501785854e-05,1.039537495609894258e+01,1.000000000000000000e+00,1.000000000000000000e+00,-1.000000000000000000e+00,0.000000000000000000e+00
1.248000000000000000e+03,1.012656788815094160e+02,3.807068250749915705e+01,-6.620938041533954918e-03,2.093033866246163370e+02,3.074261678035306034e-02,nan,1.391832610710146623e-05,7.992528058295032878e+00,1.000000000000000000e+00,1.000000000000000000e+00,-1.000000000000000000e+00,0.000000000000000000e+00
1.249000000000000000e+03,5.488965692812758590e+01,2.789810392603347822e+01,-7.111151799711248195e-03,2.249608210510183426e+02,3.333598581873709055e-02,nan,1.711249480237231465e-05,1.822303122774730255e+01,1.000000000000000000e+00,1.000000000000000000e+00,-1.000000000000000000e+00,0.000000000000000000e+00
1.250000000000000000e+03,7.504336894303432359e+01,4.888863732634580117e+01,-1.586969505328141884e-03,4.851835979616222971e+01,3.185968551715471220e-01,nan,1.353843469416920808e-05,1.251360893864500312e+01,1.000000000000000000e+00,1.000000000000000000e+00,-1.000000000000000000e+00,0.000000000000000000e+00
1.255000000000000000e+03,2.132637026250578316e+01,2.359317979995395476e+01,-6.844939916054133995e-03,2.164580096909529630e+02,2.871027403360915109e-02,nan,1.315014190303124764e-05,1.350190947195385860e+01,1.000000000000000000e+00,1.000000000000000000e+00,-1.000000000000000000e+00,0.000000000000000000e+00
1.255000000000000000e+03,8.808725663516517557e+01,1.933342580513055253e+01,-1.700512177531109332e-03,5.214491436539049118e+01,2.861055470763343989e-01,nan,1.314163351547878476e-05,1.558098879011201099e+01,1.000000000000000000e+00,1.000000000000000000e+00,-1.000000000000000000e+00,0.000000000000000000e+00
1.256000000000000000e+03,1.411202200713801744e+02,3.668161478975332557e+01,2.191463888882390267e-03,-6.782591902669253159e+01,3.106757826217294571e-01,nan,2.458330994973684090e-05,8.683307637476870511e+00,1.000000000000000000e+00,1.000000000000000000e+00,-1.000000000000000000e+00,0.000000000000000000e+00
1.256000000000000000e+03,1.844794849028616923e+01,4.304359818536340043e+01,-1.422066558764819395e-03,4.325135733149070205e+01,3.546314015241430750e-01,nan,1.292515352141772001e-05,1.922517210932983289e+01,1.000000000000000000e+00,1.000000000000000000e+00,-1.000000000000000000e+00,0.000000000000000000e+00
1.257000000000000000e+03,7.281394422363585761e+01,2.241451971110301145e+01,-6.156047612349700889e-03,1.944547796873508503e+02,3.536516343830553577e-02,nan,1.378843930711904747e-05,5.056583508056820442e+00,1.000000000000000000e+00,1.000000000000000000e+00,-1.000000000000000000e+00,0.000000000000000000e+00
1.258000000000000000e+03,1.348160902379441666e+02,4.265302823802888810e+01,-7.630786906053494030e-03,2.415579737573436034e+02,3.939054842503908471e-02,nan,2.422500412251865401e-05,8.683307637476870511e+00,1.000000000000000000e+00,1.000000000000000000e+00,-1.000000000000000000e+00,0.000000000000000000e+00
1.259000000000000000e+03,4.960871912540713424e+01,3.629993891120081884e+01,-1.663535914235294297e-03,5.096389198845790958e+01,3.126913887986563223e-01,nan,1.563672082074429406e-05,9.603506114978909380e+00,1.000000000000000000e+00,1.000000000000000000e+00,-1.000000000000000000e+00,0.000000000000000000e+00
1.260000000000000000e+03,8.204619266109174802e+00,2.677456474638875505e+01,-1.970119147804876621e-03,6.075616484040410370e+01,2.763901997650261011e-01,nan,1.663080418310539007e-05,6.394243905319708432e+00,1.000000000000000000e+00,1.000000000000000000e+00,-1.000000000000000000e+00,0.000000000000000000e+00
1.261000000000000000e+03,1.378180094784409349e+01,1.613167463304434790e+01,-7.203046893210523181e-03,2.278959516477663101e+02,3.454740455993277060e-02,nan,1.908093771330810192e-05,3.604561497291241423e+00,1.000000000000000000e+00,1.000000000000000000e+00,-1.000000000000000000e+00,0.000000000000000000e+00
1.261000000000000000e+03,8.306821149375289792e+01,2.377990846544976122e+01,-1.157170273141688334e-02,3.674308814150695071e+02,3.625204499114298429e-02,nan,4.835664249045347457e-05,1.034477083832648958e+01,1.000000000000000000e+00,1.000000000000000000e+00,-1.000000000000000000e+00,0.000000000000000000e+00
1.262000000000000000e+03,6.837610725537146550e+01,1.999075408360143058e+01,-1.493316281857751289e-03,4.552707450306672143e+01,3.634179683420951656e-01,nan,1.515963649958219542e-05,5.056583508056820442e+00,1.000000000000000000e+00,1.000000000000000000e+00,-1.000000000000000000e+00,0.000000000000000000e+00
1.263000000000000000e+03,5.884647048207327913e+01,3.892506358878284090e+01,-1.543417544837364947e-03,4.712730955705619351e+01,2.998923363046881452e-01,nan,1.164755407519480364e-05,9.603506114978909380e+00,1.000000000000000000e+00,1.000000000000000000e+00,-1.000000000000000000e+00,0.000000000000000000e+00
1.265000000000000000e+03,1.386809510938311085e+01,2.974296439828383143e+01,-6.921250781552854003e-03,2.188953798231393932e+02,3.851945277464663420e-02,nan,1.834592979607979480e-05,6.394243905319708432e+00,1.000000000000000000e+00,1.000000000000000000e+00,-1.000000000000000000e+00,0.000000000000000000e+00
1.265000000000000000e+03,1.327150828722974438e+02,3.545641647657781448e+01,-2.130849449762029467e-03,6.588989297685461111e+01,2.704500715628510576e-01,nan,1.856356201497649016e-05,1.166318197065906226e+01,1.000000000000000000e+00,1.000000000000000000e+00,-1.000000000000000000e+00,0.000000000000000000e+00
1.265000000000000000e+03,1.357737484185144012e+02,4.671138776739379495e+01,-6.535389083097042223e-03,2.065709516722531589e+02,3.345304444418017997e-02,nan,1.389214760444917632e-05,1.166318197065906226e+01,1.000000000000000000e+00,1.000000000000000000e+00,-1.000000000000000000e+00,0.000000000000000000e+00
1.266000000000000000e+03,8.746497166962382153e+01,3.971149270393888031e+01,-6.438596712109085664e-03,2.034794019626837951e+02,3.524252936887461995e-02,nan,1.522178452625596286e-05,1.436729216775297147e+01,1.000000000000000000e+00,1.000000000000000000e+00,-1.000000000000000000e+00,0.000000000000000000e+00
1.266000000000000000e+03,4.404780920399024069e+01,4.186575777669531817e+01,-1.582042409369668673e-03,4.836098828099050451e+01,3.470059493195521982e-01,nan,1.585346122258216920e-05,1.508801040330555132e+01,1.000000000000000000e+00,1.000000000000000000e+00,-1.000000000000000000e+00,0.000000000000000000e+00
1.268000000000000000e+03,2.787330625808655071e+01,8.506501319677418849e+00,-1.722416710622452210e-03,5.284454546467639346e+01,2.808190711853417731e-01,nan,1.339619611251695441e-05,1.567300085205672211e+01,1.000000000000000000e+00,1.000000000000000000e+00,-1.000000000000000000e+00,0.000000000000000000e+00
1.270000000000000000e+03,7.719088800341089041e+01,1.873441168295198622e+01,-6.205910307770316423e-03,1.960473948901040444e+02,4.481179718568950587e-02,nan,1.788444729818538552e-05,9.226506970164013666e+00,1.000000000000000000e+00,1.000000000000000000e+00,-1.000000000000000000e+00,0.000000000000000000e+00
1.271000000000000000e+03,6.951635805567700288e+01,7.841694694243405372e+00,1.602543260310318983e-03,-4.901578575236744229e+01,3.636465100168153608e-01,nan,1.596350131129889582e-05,8.351643752279942490e+00,1.000000000000000000e+00,1.000000000000000000e+00,-1.000000000000000000e+00,0.000000000000000000e+00
1.272000000000000000e+03,9.266652352532780412e+01,2.456583883562769799e+01,-6.793571109650308783e-03,2.148172892819196136e+02,5.629651160873350157e-02,nan,2.665208353722036246e-05,1.653786072756026471e+01,1.000000000000000000e+00,1.000000000000000000e+00,-1.000000000000000000e+00,0.000000000000000000e+00
1.272000000000000000e+03,1.440323548737776775e+02,3.464178527297240606e+01,-6.864326610072966559e-03,2.170772209743596761e+02,3.084402453124091004e-02,nan,1.436338383983589353e-05,2.296815317956288638e+01,1.000000000000000000e+00,1.000000000000000000e+00,-1.000000000000000000e+00,0.000000000000000000e+00
1.274000000000000000e+03,3.357451586167645274e+01,1.706369490742326889e+01,-8.457644746362043622e-03,2.679678249674053632e+02,3.347792860879694743e-02,nan,2.694970460246739452e-05,1.352166766785861363e+01,1.000000000000000000e+00,1.000000000000000000e+00,-1.000000000000000000e+00,0.000000000000000000e+00
1.274000000000000000e+03,1.210905254949436909e+02,3.354245582629385325e+01,-6.900476291843696784e-03,2.182318423255943856e+02,3.132252327332640807e-02,nan,1.555619985798134192e-05,6.755534299680741483e+00,1.000000000000000000e+00,1.000000000000000000e+00,-1.000000000000000000e+00,0.000000000000000000e+00
1.275000000000000000e+03,2.174543079514871380e+01,1.051325652447030379e+01,-6.650907524951174717e-03,2.102606123523131600e+02,4.846866004650252080e-02,nan,2.197698169000191694e-05,9.232596008595162829e+00,1.000000000000000000e+00,1.000000000000000000e+00,-1.000000000000000000e+00,0.000000000000000000e+00
1.275000000000000000e+03,8.703411490789388694e+00,3.408787689515749975e+01,-7.172666382307093386e-03,2.269255976962988655e+02,3.990107840294321306e-02,nan,2.084353437995958741e-05,1.465212678641444199e+01,1.000000000000000000e+00,1.000000000000000000e+00,-1.000000000000000000e+00,0.000000000000000000e+00
1.277000000000000000e+03,1.143422733396592577e+02,3.322886927865194195e+01,-7.244724172252449412e-03,2.292271245346639716e+02,4.862266343002574764e-02,nan,2.955765659902065970e-05,6.755534299680741483e+00,1.000000000000000000e+00,1.000000000000000000e+00,-1.000000000000000000e+00,0.000000000000000000e+00
1.278000000000000000e+03,1.148879071983175635e+02,1.237911893415711617e+01,-8.629342196700364245e-03,2.734518439795367613e+02,2.110835514204612018e-02,nan,1.562116586297898594e-05,2.085688868780471950e+01,1.000000000000000000e+00,1.000000000000000000e+00,-1.000000000000000000e+00,0.000000000000000000e+00
1.279000000000000000e+03,1.384921620764742727e+02,1.535145112318964244e+01,-1.627769550354584219e-03,4.982151381609638463e+01,2.960739455912284601e-01,nan,1.252580070424576196e-05,1.511243472226367679e+01,1.000000000000000000e+00,1.000000000000000000e+00,-1.000000000000000000e+00,0.000000000000000000e+00
1.285000000000000000e+03,8.292975354873411220e+01,7.448620446670727979e+00,-7.302089178598679571e-03,2.310593636553607553e+02,2.948232760638280769e-02,nan,1.606414300511473242e-05,3.413435209574895168e+01,1.000000000000000000e+00,1.000000000000000000e+00,-1.000000000000000000e+00,0.000000000000000000e+00
1.286000000000000000e+03,7.491507179175646058e+01,4.143784036989500663e+01,-1.815024653871400535e-03,5.580244449259382833e+01,2.880943912594976508e-01,nan,1.543706991613180140e-05,1.618872126703623948e+01,1.000000000000000000e+00,1.000000000000000000e+00,-1.000000000000000000e+00,0.000000000000000000e+00
1.287000000000000000e+03,4.599259707883607007e+01,2.742351638917740075e+01,-7.930871028341401202e-03,2.511426649022788240e+02,7.455802092810659421e-02,nan,5.077097510124315517e-05,6.882488779414565272e+00,1.000000000000000000e+00,1.000000000000000000e+00,-1.000000000000000000e+00,0.000000000000000000e+00
1.288000000000000000e+03,1.129381082564600121e+02,3.580663763021782131e+01,-4.278895454286330349e-03,1.344985129914936692e+02,1.063030383079730523e-01,nan,2.137314161716774731e-05,1.149571874578448138e+01,1.000000000000000000e+00,1.000000000000000000e+00,-1.000000000000000000e+00,0.000000000000000000e+00
1.289000000000000000e+03,4.915733107278185088e+01,2.131179727371312893e+01,-7.104414902534612886e-03,2.247456444591315972e+02,6.211896724725896046e-02,nan,3.498702204458996491e-05,6.882488779414565272e+00,1.000000000000000000e+00,1.000000000000000000e+00,-1.000000000000000000e+00,0.000000000000000000e+00
1.290000000000000000e+03,5.104611535081724583e+01,5.013079404898196145e+01,-1.414363977049672583e-03,4.300533676167369634e+01,3.717346192486773448e-01,nan,1.456628494621814657e-05,6.028264079610661241e+00,1.000000000000000000e+00,1.000000000000000000e+00,-1.000000000000000000e+00,0.000000000000000000e+00
1.292000000000000000e+03,5.367972546378751986e+01,5.521904378805464475e+00,-7.243534964595463657e-03,2.291891412251422935e+02,4.475396833277711650e-02,nan,2.456085403890788729e-05,1.642476084028181660e+01,1.000000000000000000e+00,1.000000000000000000e+00,-1.000000000000000000e+00,0.000000000000000000e+00
1.292000000000000000e+03,1.041632643255014159e+02,2.838008638017586094e+01,-6.600814308904134897e-03,2.086606343174648543e+02,4.311087054849493949e-02,nan,1.891866891173000963e-05,1.149571874578448138e+01,1.000000000000000000e+00,1.000000000000000000e+00,-1.000000000000000000e+00,0.000000000000000000e+00
1.292000000000000000e+03,1.404941698322195975e+02,1.187354038306072113e+01,-7.145555846652645177e-03,2.260596868009122034e+02,3.290992645449886123e-02,nan,1.779905277116145747e-05,3.649835165331350595e+01,1.000000000000000000e+00,1.000000000000000000e+00,-1.000000000000000000e+00,0.000000000000000000e+00
1.293000000000000000e+03,5.477264849216133058e+01,4.539234297716657807e+01,-1.774377329021451736e-03,5.450416835727459386e+01,3.269913096283204590e-01,nan,1.813754368175920912e-05,6.028264079610661241e+00,1.000000000000000000e+00,1.000000000000000000e+00,-1.000000000000000000e+00,0.000000000000000000e+00
1.293000000000000000e+03,1.220719756617802858e+02,5.206967533051771113e+01,-1.801832477770144367e-03,5.538108619980543068e+01,3.238881492808253215e-01,nan,1.779231263704320873e-05,9.780059042537608605e+00,1.000000000000000000e+00,1.000000000000000000e+00,-1.000000000000000000e+00,0.000000000000000000e+00
1.298000000000000000e+03,6.630255208759041352e+01,3.423733477960819727e+01,-7.245247911432006922e-03,2.292438527715273153e+02,2.525329245211260787e-02,nan,1.298682333395060363e-05,1.604284528403497134e+01,1.000000000000000000e+00,1.000000000000000000e+00,-1.000000000000000000e+00,0.000000000000000000e+00
1.298000000000000000e+03,1.117015573624153575e+02,2.898828708203267013e+01,-1.773147424306688617e-03,5.446488518314718874e+01,2.312490226855724584e-01,nan,1.025514106554823071e-05,1.638778117248373078e+01,1.000000000000000000e+00,1.000000000000000000e+00,-1.000000000000000000e+00,0.000000000000000000e+00
1.300000000000000000e+03,5.679274828632395611e+01,8.421900160471592400e+00,-6.113593365270492304e-03,1.930987904302631932e+02,5.382033176787237583e-02,nan,2.401991870902424905e-05,1.804639390406183352e+01,1.000000000000000000e+00,1.000000000000000000e+00,-1.000000000000000000e+00,0.000000000000000000e+00
1.301000000000000000e+03,8.369375503974451647e+01,4.566633967160716878e+01,-6.920583541999853969e-03,2.188740681823020395e+02,3.334581287037285957e-02,nan,1.586176814993933994e-05,9.977578014574566723e+00,1.000000000000000000e+00,1.000000000000000000e+00,-1.000000000000000000e+00,0.000000000000000000e+00
1.303000000000000000e+03,1.341858188492389843e+02,1.175242365406692180e+01,-6.949279670746162652e-03,2.197906229436525507e+02,3.762587876244594121e-02,nan,1.893665708834499787e-05,1.015255279372077624e+01,1.000000000000000000e+00,1.000000000000000000e+00,-1.000000000000000000e+00,0.000000000000000000e+00
1.304000000000000000e+03,1.179674138609356646e+02,2.553887528643972971e+01,-7.718799851438005316e-03,2.443691084879484094e+02,3.079235617859688023e-02,nan,1.862221173060518489e-05,1.177977003685253266e+01,1.000000000000000000e+00,1.000000000000000000e+00,-1.000000000000000000e+00,0.000000000000000000e+00
1.304000000000000000e+03,1.311777978282577450e+01,4.948243838798813243e+01,-8.669176012309313950e-03,2.747241366180982141e+02,2.626777090401377635e-02,nan,1.929682099336546748e-05,1.611924883031440814e+01,1.000000000000000000e+00,1.000000000000000000e+00,-1.000000000000000000e+00,0.000000000000000000e+00
1.304000000000000000e+03,4.531614473278401789e+01,4.431834602088329689e+01,-6.986915889076264659e-03,2.209927242937909000e+02,3.888435362305875387e-02,nan,1.915039170189649875e-05,1.657171065392390830e+01,1.000000000000000000e+00,1.000000000000000000e+00,-1.000000000000000000e+00,0.000000000000000000e+00
1.304000000000000000e+03,9.981156598667021740e+01,4.928571558000172814e+01,1.362842169229305442e-03,-4.135972948521425252e+01,3.244798508932483783e-01,nan,1.203458874630240218e-05,1.651919222259686748e+01,1.000000000000000000e+00,1.000000000000000000e+00,-1.000000000000000000e+00,0.000000000000000000e+00
1.306000000000000000e+03,1.286493916705864535e+02,5.162867120589380221e+01,-6.411809322436927937e-03,2.026238123545794281e+02,4.117584134207918911e-02,nan,1.723562991977886500e-05,1.633730467035619682e+01,1.000000000000000000e+00,1.000000000000000000e+00,-1.000000000000000000e+00,0.000000000000000000e+00
1.307000000000000000e+03,2.881082615524108448e+01,4.580025446987444582e+01,-1.363877003978554436e-02,4.334530407197790396e+02,8.577895391817857984e-03,nan,1.787936570350042036e-05,1.611924883031440814e+01,1.000000000000000000e+00,1.000000000000000000e+00,-1.000000000000000000e+00,0.000000000000000000e+00
1.307000000000000000e+03,1.284215743147044293e+02,2.010992406838794366e+01,-1.701995717199335494e-03,5.219229864354822013e+01,3.160604319231011816e-01,nan,1.548406078451659666e-05,1.015255279372077624e+01,1.000000000000000000e+00,1.000000000000000000e+00,-1.000000000000000000e+00,0.000000000000000000e+00
1.308000000000000000e+03,6.830759613585532009e+01,1.075953634429988881e+01,-6.010047107051874442e-03,1.897915214662392316e+02,3.587058622699579313e-02,nan,1.278388122501536400e-05,1.669442243859202080e+01,1.000000000000000000e+00,1.000000000000000000e+00,-1.000000000000000000e+00,0.000000000000000000e+00
1.311000000000000000e+03,1.387519123502848402e+02,1.451649481635624639e+01,-7.306871855841131844e-03,2.312121224346834083e+02,2.404859895328925745e-02,nan,1.543287518768648967e-05,1.174743949662407161e+01,1.000000000000000000e+00,1.000000000000000000e+00,-1.000000000000000000e+00,0.000000000000000000e+00
1.311000000000000000e+03,8.929886286059601730e+01,4.050473118846747411e+01,-6.656920791262610319e-03,2.104526761640468067e+02,3.712112073923168332e-02,nan,1.742433482364343501e-05,2.026554037930174701e+01,1.000000000000000000e+00,1.000000000000000000e+00,-1.000000000000000000e+00,0.000000000000000000e+00
1.312000000000000000e+03,1.327639604803862028e+02,3.789507462973957530e+01,-6.110612876615539348e-03,1.930035935801236064e+02,3.565798647171902758e-02,nan,1.363575861711455028e-05,1.059652968907647264e+01,1.000000000000000000e+00,1.000000000000000000e+00,-1.000000000000000000e+00,0.000000000000000000e+00
1.313000000000000000e+03,7.516666821331843096e+01,2.597981462015052045e+01,-6.369175500355580243e-03,2.012620874693627684e+02,5.432462254213787922e-02,nan,2.300215726923984804e-05,9.422177222524519280e+00,1.000000000000000000e+00,1.000000000000000000e+00,-1.000000000000000000e+00,0.000000000000000000e+00
1.313000000000000000e+03,6.694900402703929387e+01,3.058930688440317880e+01,-6.873803524822308386e-03,2.173799137665900503e+02,4.334809474588985356e-02,nan,2.371120385885140395e-05,9.422177222524519280e+00,1.000000000000000000e+00,1.000000000000000000e+00,-1.000000000000000000e+00,0.000000000000000000e+00
1.314000000000000000e+03,1.433517098844145892e+02,3.832635645056637230e+01,-7.796641073517962539e-03,2.468553582311617163e+02,2.669620669755712328e-02,nan,1.596587585577838016e-05,1.059652968907647264e+01,1.000000000000000000e+00,1.000000000000000000e+00,-1.000000000000000000e+00,0.000000000000000000e+00
1.314000000000000000e+03,5.979943334064601146e+01,1.890925069037002260e+01,-6.894856077499940915e-03,2.180523325993131891e+02,5.013984710059438132e-02,nan,2.395292289443977788e-05,9.792371190315073193e+00,1.000000000000000000e+00,1.000000000000000000e+00,-1.000000000000000000e+00,0.000000000000000000e+00
1.314000000000000000e+03,2.136940507469902784e+01,1.888835616958821007e+01,-1.610828464600231680e-03,4.928041529553039624e+01,3.509199367591169239e-01,nan,1.647767584913142878e-05,1.296427652151139220e+01,1.000000000000000000e+00,1.000000000000000000e+00,-1.000000000000000000e+00,0.000000000000000000e+00
1.314000000000000000e+03,1.945049065658407628e+01,3.303136451602177459e+01,-1.445740562298953105e-03,4.400750534195116614e+01,3.321147809690621067e-01,nan,1.266230057423218237e-05,1.157876503359621800e+01,1.000000000000000000e+00,1.000000000000000000e+00,-1.000000000000000000e+00,0.000000000000000000e+00
1.315000000000000000e+03,1.083929378052018393e+02,3.061565003397345919e+01,-1.740450391346714740e-03,5.342054148416120540e+01,3.177657630600106975e-01,nan,1.624418387114219130e-05,1.148686398949341303e+01,1.000000000000000000e+00,1.000000000000000000e+00,-1.000000000000000000e+00,0.000000000000000000e+00
1.318000000000000000e+03,1.147129939660046460e+02,1.168488841238106168e+01,-6.853693083384391517e-03,2.167375859802974674e+02,3.440564064984752424e-02,nan,1.592661901026814293e-05,1.218555020479321982e+01,1.000000000000000000e+00,1.000000000000000000e+00,-1.000000000000000000e+00,0.000000000000000000e+00
1.319000000000000000e+03,9.392113929755218749e+01,5.044712501424390894e+01,-1.900575505173777427e-03,5.853493990310693107e+01,2.551961211051756440e-01,nan,1.362727446888754238e-05,1.581760859160640109e+01,1.000000000000000000e+00,1.000000000000000000e+00,-1.000000000000000000e+00,0.000000000000000000e+00
1.320000000000000000e+03,1.011862404059535407e+02,1.975492902729597233e+01,-7.634006485010160110e-03,2.416608071551292198e+02,4.209959617419645195e-02,nan,2.435265420797187312e-05,1.303425288189614051e+01,1.000000000000000000e+00,1.000000000000000000e+00,-1.000000000000000000e+00,0.000000000000000000e+00
1.321000000000000000e+03,4.183356581401074692e+01,4.341602166654791262e+01,-6.944180165205782532e-03,2.196277446639762445e+02,3.837266013900542116e-02,nan,1.924877801960069907e-05,9.060915277952849678e+00,1.000000000000000000e+00,1.000000000000000000e+00,-1.000000000000000000e+00,0.000000000000000000e+00
1.322000000000000000e+03,8.212453327248691437e+01,3.990972363408123158e+01,-7.527073229592427112e-03,2.382453574522685358e+02,5.605014842418176713e-02,nan,3.298527027593377146e-05,5.646873902246565713e+00,1.000000000000000000e+00,1.000000000000000000e+00,-1.000000000000000000e+00,0.000000000000000000e+00
1.323000000000000000e+03,6.698981657477257556e+01,3.300181356218143947e+01,-7.428531969653992019e-03,2.350979482046825808e+02,7.975084263210585611e-02,nan,5.120440362325302466e-05,6.436288653122242742e+00,1.000000000000000000e+00,1.000000000000000000e+00,-1.000000000000000000e+00,0.000000000000000000e+00
1.324000000000000000e+03,7.563276377763556013e+01,3.328967150249606277e+01,-5.918003713183046278e-03,1.868516541535730653e+02,1.164115615845727758e-01,nan,5.360996262105206442e-05,6.219151267650273596e+00,1.000000000000000000e+00,1.000000000000000000e+00,-1.000000000000000000e+00,0.000000000000000000e+00
1.325000000000000000e+03,1.237137832389141749e+02,1.398517696259801291e+01,-1.997517469353286140e-02,6.358378957146395578e+02,6.955840515683986425e-03,nan,3.166868086031751639e-05,2.325468178623311744e+01,1.000000000000000000e+00,1.000000000000000000e+00,-1.000000000000000000e+00,0.000000000000000000e+00
1.325000000000000000e+03,1.009824826484043996e+02,4.443729973929791299e+01,-6.881136783129107939e-03,2.176141381414780653e+02,3.600812340008419099e-02,nan,1.666671440176600838e-05,1.939384438560843193e+01,1.000000000000000000e+00,1.000000000000000000e+00,-1.000000000000000000e+00,0.000000000000000000e+00
1.326000000000000000e+03,7.649652277678265477e+01,3.944854825733605708e+01,-7.003357336311080532e-03,2.215178643529182807e+02,9.180968753462448451e-02,nan,3.686522534904327936e-05,5.646873902246565713e+00,1.000000000000000000e+00,1.000000000000000000e+00,-1.000000000000000000e+00,0.000000000000000000e+00
1.327000000000000000e+03,3.512452084254431384e+01,1.552107123823408763e+01,-7.622550384896971572e-03,2.412948991541553312e+02,3.307392419300569930e-02,nan,1.945215620452198302e-05,2.897395437355705283e+01,1.000000000000000000e+00,1.000000000000000000e+00,-1.000000000000000000e+00,0.000000000000000000e+00
1.329000000000000000e+03,1.010642826895086976e+01,4.910746126073841822e+01,-1.335590422467570256e-03,4.048930830504724554e+01,3.733492241940418177e-01,nan,1.314529060213126359e-05,1.392308069853340946e+01,1.000000000000000000e+00,1.000000000000000000e+00,-1.000000000000000000e+00,0.000000000000000000e+00
1.331000000000000000e+03,1.007476375072245105e+02,8.981147046317820681e+00,-6.843048652058413353e-03,2.163976026919611115e+02,4.755688109705291655e-02,nan,2.288218263209305139e-05,1.334843382765182263e+01,1.000000000000000000e+00,1.000000000000000000e+00,-1.000000000000000000e+00,0.000000000000000000e+00
1.332000000000000000e+03,7.530453083736630049e+01,3.072321506057512153e+01,-7.643019443185346089e-03,2.419486811677652440e+02,2.552420748413342100e-02,nan,1.576532661196019034e-05,1.514378412133184781e+01,1.000000000000000000e+00,1.000000000000000000e+00,-1.000000000000000000e+00,0.000000000000000000e+00
1.333000000000000000e+03,5.347977489287984554e+01,2.441509513125105002e+01,-7.175294418832116154e-03,2.270095372203826685e+02,3.743774211647010741e-02,nan,1.930271833778309868e-05,2.271810619482029736e+01,1.000000000000000000e+00,1.000000000000000000e+00,-1.000000000000000000e+00,0.000000000000000000e+00
1.334000000000000000e+03,1.067876945776547899e+02,2.088486059449868648e+01,-7.337715572767500825e-03,2.321972711931286426e+02,3.044456701208464455e-02,nan,1.631015753634098184e-05,9.058547756212398383e+00,1.000000000000000000e+00,1.000000000000000000e+00,-1.000000000000000000e+00,0.000000000000000000e+00
1.336000000000000000e+03,1.248048808126271041e+02,3.455864427364246438e+01,-6.298002671317233167e-03,1.989888262949866657e+02,3.237830865282531612e-02,nan,1.265125443020211601e-05,1.186074777307587169e+01,1.000000000000000000e+00,1.000000000000000000e+00,-1.000000000000000000e+00,0.000000000000000000e+00
1.336000000000000000e+03,7.743467477875985594e+01,4.571643633895445902e+01,-1.621894559596591748e-03,4.963386652751147921e+01,2.735502685191100181e-01,nan,1.120563533157374652e-05,1.419201475760317699e+01,1.000000000000000000e+00,1.000000000000000000e+00,-1.000000000000000000e+00,0.000000000000000000e+00
1.338000000000000000e+03,1.085631896629245006e+02,1.200201731918622805e+01,-7.285183604708329180e-03,2.305193993842373743e+02,3.626205265571158520e-02,nan,1.957991901348994903e-05,9.058547756212398383e+00,1.000000000000000000e+00,1.000000000000000000e+00,-1.000000000000000000e+00,0.000000000000000000e+00
1.338000000000000000e+03,1.342816121121791184e+02,4.952383782017341218e+01,-6.781252432949321125e-03,2.144238305724314841e+02,4.198037686997446727e-02,nan,2.079324800467796379e-05,1.771342581233343338e+01,1.000000000000000000e+00,1.000000000000000000e+00,-1.000000000000000000e+00,0.000000000000000000e+00
1.339000000000000000e+03,8.405830289354022966e+01,1.792290036730697267e+01,-7.597073107471602992e-03,2.404811545498949954e+02,3.248355195568408682e-02,nan,1.907329210067659861e-05,1.744100483171531124e+01,1.000000000000000000e+00,1.000000000000000000e+00,-1.000000000000000000e+00,0.000000000000000000e+00
1.339000000000000000e+03,1.827518449373627618e+01,4.113741304166628510e+01,-6.522159433884874673e-03,2.061483964877678829e+02,5.657886309168691508e-02,nan,2.429037593325019344e-05,1.081557662922666907e+01,1.000000000000000000e+00,1.000000000000000000e+00,-1.000000000000000000e+00,0.000000000000000000e+00
1.339000000000000000e+03,6.535064338774361659e+01,5.315884644731052333e+01,-8.068596990707782232e-03,2.555416341041689350e+02,2.779881047626697743e-02,nan,1.830617681707949259e-05,1.419201475760317699e+01,1.000000000000000000e+00,1.000000000000000000e+00,-1.000000000000000000e+00,0.000000000000000000e+00
1.340000000000000000e+03,1.549506183910646584e+01,1.458709205630245798e+01,-7.585829896640075218e-03,2.401220462356130554e+02,2.437889983502261604e-02,nan,1.426808320815133334e-05,2.669547951246871165e+01,1.000000000000000000e+00,1.000000000000000000e+00,-1.000000000000000000e+00,0.000000000000000000e+00
1.340000000000000000e+03,1.077344678594012066e+02,2.737200676034428781e+01,-7.129549498460605907e-03,2.255484438114154102e+02,3.540087900152666389e-02,nan,1.830088854150039088e-05,1.030010344740776773e+01,1.000000000000000000e+00,1.000000000000000000e+00,-1.000000000000000000e+00,0.000000000000000000e+00
1.342000000000000000e+03,1.163146355687407265e+02,6.492095325275650808e+00,-7.490260915304201676e-03,2.370695716089762186e+02,3.109890286234295864e-02,nan,1.974459148489499772e-05,9.510213142184282376e+00,1.000000000000000000e+00,1.000000000000000000e+00,-1.000000000000000000e+00,0.000000000000000000e+00
1.342000000000000000e+03,9.794090371892885116e+01,7.365341754500887461e+00,-7.343632499725768689e-03,2.323862579245483460e+02,2.136325997658405917e-02,nan,1.226800418907619311e-05,1.159015612354543201e+01,1.000000000000000000e+00,1.000000000000000000e+00,-1.000000000000000000e+00,0.000000000000000000e+00
1.343000000000000000e+03,2.970150441707929900e+01,5.130305962728255054e+01,-6.671406288966532511e-03,2.109153431672665135e+02,2.843928100110371116e-02,nan,1.352168626709123976e-05,1.529382743116442178e+01,1.000000000000000000e+00,1.000000000000000000e+00,-1.000000000000000000e+00,0.000000000000000000e+00
1.345000000000000000e+03,8.694242883140164224e+01,3.688034094466975432e+01,-5.835312616965148726e-03,1.842104993612369981e+02,1.049623827406782617e-01,nan,4.481797964668194647e-05,6.850264231269725279e+00,1.000000000000000000e+00,1.000000000000000000e+00,-1.000000000000000000e+00,0.000000000000000000e+00
1.346000000000000000e+03,5.888266446103619955e+01,5.332846184413104851e+01,-1.760180715944058456e-03,5.405072833314557812e+01,2.953073672872336131e-01,nan,1.445845185000673070e-05,1.192257883978325950e+01,1.000000000000000000e+00,1.000000000000000000e+00,-1.000000000000000000e+00,0.000000000000000000e+00
1.347000000000000000e+03,9.886961072166290165e+00,1.791535718373982178e+01,-7.100388502746442579e-03,2.246170411924828727e+02,2.990494195439785674e-02,nan,1.489451153429303781e-05,1.583289871455734499e+01,1.000000000000000000e+00,1.000000000000000000e+00,-1.000000000000000000e+00,0.000000000000000000e+00
1.347000000000000000e+03,1.144064961007542536e+02,2.244324061257917435e+01,-6.223014845701263162e-03,1.965937140755212056e+02,6.064909369663307181e-02,nan,2.536509367934638659e-05,3.319889210374270760e+00,1.000000000000000000e+00,1.000000000000000000e+00,-1.000000000000000000e+00,0.000000000000000000e+00
1.347000000000000000e+03,8.553571119387419230e+01,4.358461312936531584e+01,-8.548510440778232106e-03,2.708700765427607848e+02,2.571412230277636546e-02,nan,2.220249626116669049e-05,6.850264231269725279e+00,1.000000000000000000e+00,1.000000000000000000e+00,-1.000000000000000000e+00,0.000000000000000000e+00
1.347000000000000000e+03,6.887924995638894643e+01,4.683106508658648437e+01,-8.101653344233971515e-03,2.565974545071636044e+02,2.545819338464416770e-02,nan,1.775681362675048735e-05,1.192257883978325950e+01,1.000000000000000000e+00,1.000000000000000000e+00,-1.000000000000000000e+00,0.000000000000000000e+00
1.350000000000000000e+03,3.718023523254498741e+01,2.764718718842756218e+01,-9.825893166963327319e-03,3.116696990319938436e+02,2.046116097011685397e-02,nan,1.904450586384545761e-05,1.615337948086689934e+01,1.000000000000000000e+00,1.000000000000000000e+00,-1.000000000000000000e+00,0.000000000000000000e+00
1.351000000000000000e+03,9.907530813000008152e+00,3.852847013471104276e+01,-8.278030853479311987e-03,2.622309546675206775e+02,3.313195651613964898e-02,nan,2.209133633674285576e-05,1.462801250448496226e+01,1.000000000000000000e+00,1.000000000000000000e+00,-1.000000000000000000e+00,0.000000000000000000e+00
1.352000000000000000e+03,1.094600883424607076e+02,6.409513662424011216e+00,-6.647219087420858097e-03,2.101428036049994716e+02,3.942629421011401014e-02,nan,1.785123454017063289e-05,1.528840950541813015e+01,1.000000000000000000e+00,1.000000000000000000e+00,-1.000000000000000000e+00,0.000000000000000000e+00
1.352000000000000000e+03,5.003991235084871647e+01,1.413638194586915908e+01,-7.439082898595753869e-03,2.354349450255337786e+02,2.823912836458963849e-02,nan,1.681555816095380425e-05,1.218699078914831979e+01,1.000000000000000000e+00,1.000000000000000000e+00,-1.000000000000000000e+00,0.000000000000000000e+00
1.352000000000000000e+03,1.111957230722225916e+02,2.159908367905726223e+01,-8.001307689778811363e-03,2.533924128729835843e+02,3.729193398454433428e-02,nan,2.336674044157572818e-05,3.319889210374270760e+00,1.000000000000000000e+00,1.000000000000000000e+00,-1.000000000000000000e+00,0.000000000000000000e+00
1.352000000000000000e+03,1.375016310260156729e+02,4.830364050120395092e+01,-7.365820011937863378e-03,2.330949273809862063e+02,3.067264342140596511e-02,nan,1.632649369248939178e-05,2.340260745643261941e+01,1.000000000000000000e+00,1.000000000000000000e+00,-1.000000000000000000e+00,0.000000000000000000e+00
1.352000000000000000e+03,2.109241064288269030e+01,2.910099894555050781e+01,-2.354271197854600119e-03,7.302598679682110117e+01,2.168315480353968372e-01,nan,1.634514419140098318e-05,1.462801250448496226e+01,1.000000000000000000e+00,1.000000000000000000e+00,-1.000000000000000000e+00,0.000000000000000000e+00
1.353000000000000000e+03,8.807504804787544117e+01,4.332403836999704083e+01,-5.841090899951109465e-03,1.843950578022042066e+02,4.671900885218582822e-02,nan,1.730703108362890486e-05,1.446469941334916243e+01,1.000000000000000000e+00,1.000000000000000000e+00,-1.000000000000000000e+00,0.000000000000000000e+00
1.353000000000000000e+03,6.222690225315426460e+01,1.414103123491186054e+01,-6.119424449355418370e-03,1.932850353390842599e+02,3.502713615231844990e-02,nan,1.306839855030568416e-05,1.218699078914831979e+01,1.000000000000000000e+00,1.000000000000000000e+00,-1.000000000000000000e+00,0.000000000000000000e+00
1.354000000000000000e+03,8.307519808188871480e+01,2.615699281040809154e+01,-7.507351190500091177e-03,2.376154352424322553e+02,3.268920037992495420e-02,nan,2.044592518284366118e-05,6.919720479851848793e+00,1.000000000000000000e+00,1.000000000000000000e+00,-1.000000000000000000e+00,0.000000000000000000e+00
1.355000000000000000e+03,8.941854144384515735e+01,2.892186649859065284e+01,-3.419156662080873651e-03,1.070384437089776952e+02,3.352582795016693096e-01,nan,2.546471796200448678e-05,6.919720479851848793e+00,1.000000000000000000e+00,1.000000000000000000e+00,-1.000000000000000000e+00,0.000000000000000000e+00
1.356000000000000000e+03,2.840410129515660742e+01,1.609208076718800484e+01,-5.890695601227314074e-03,1.859794326683060604e+02,1.242034464638919200e-01,nan,5.058728097673012520e-05,3.982298605590985474e+00,1.000000000000000000e+00,1.000000000000000000e+00,-1.000000000000000000e+00,0.000000000000000000e+00
1.358000000000000000e+03,1.192879900339662669e+02,4.932473445330695228e+01,-7.980771669668384333e-03,2.527364920978224916e+02,2.701598085619727474e-02,nan,1.798035698908295881e-05,1.504181896115990114e+01,1.000000000000000000e+00,1.000000000000000000e+00,-1.000000000000000000e+00,0.000000000000000000e+00
1.358000000000000000e+03,7.852440280030234199e+00,2.665045869100963927e+01,-1.578092041089524918e-03,4.823481346179230655e+01,3.276012171870165135e-01,nan,1.479709925512853779e-05,2.310519670686465687e+01,1.000000000000000000e+00,1.000000000000000000e+00,-1.000000000000000000e+00,0.000000000000000000e+00
1.359000000000000000e+03,3.234304492842447587e+01,1.550605582059406373e+01,-5.112087955684822480e-03,1.611106933670974684e+02,2.060302000421496693e-01,nan,7.057542791785198532e-05,3.982298605590985474e+00,1.000000000000000000e+00,1.000000000000000000e+00,-1.000000000000000000e+00,0.000000000000000000e+00
1.360000000000000000e+03,3.528205461537417875e+01,2.782727328544697798e+01,-1.536272172460307738e-03,4.689908626144331549e+01,3.309105740228849291e-01,nan,1.361160589266977355e-05,1.266689297958187765e+01,1.000000000000000000e+00,1.000000000000000000e+00,-1.000000000000000000e+00,0.000000000000000000e+00
1.361000000000000000e+03,1.052297916688303445e+02,4.397465254862556350e+01,-6.880174471553730277e-03,2.175834018960383958e+02,3.456656121718204577e-02,nan,1.698311032040013014e-05,9.610818109672337073e+00,1.000000000000000000e+00,1.000000000000000000e+00,-1.000000000000000000e+00,0.000000000000000000e+00
1.366000000000000000e+03,1.747749589107607449e+01,3.458634979260985887e+01,-8.632683110035219154e-03,2.735585527990918990e+02,2.092013125766178927e-02,nan,1.485113868150296818e-05,1.496516629276555577e+01,1.000000000000000000e+00,1.000000000000000000e+00,-1.000000000000000000e+00,0.000000000000000000e+00
1.367000000000000000e+03,4.809597929544475647e+01,3.942368498365124196e+01,-6.715224010802734247e-03,2.123148818275350322e+02,3.667040641122287781e-02,nan,1.626865490659441330e-05,2.543216385475053087e+01,1.000000000000000000e+00,1.000000000000000000e+00,-1.000000000000000000e+00,0.000000000000000000e+00
1.367000000000000000e+03,1.420359584192129034e+02,1.502463425090289562e+01,-1.547097836304813043e-03,4.724485811900572685e+01,3.036809532353743624e-01,nan,1.194452846285591140e-05,1.706909334237902343e+01,1.000000000000000000e+00,1.000000000000000000e+00,-1.000000000000000000e+00,0.000000000000000000e+00
1.369000000000000000e+03,2.414740545561703300e+01,4.798293549833993410e+01,-1.437222136770887086e-03,4.373542670911596986e+01,3.178897717505221321e-01,nan,1.084217872773353958e-05,1.034801862238346182e+01,1.000000000000000000e+00,1.000000000000000000e+00,-1.000000000000000000e+00,0.000000000000000000e+00
1.372000000000000000e+03,1.334815541057759560e+02,5.175286171150079184e+01,-7.424414580934666531e-03,2.349664387502752732e+02,3.691656660430364667e-02,nan,1.987292607589260222e-05,3.522168985841052535e+00,1.000000000000000000e+00,1.000000000000000000e+00,-1.000000000000000000e+00,0.000000000000000000e+00
1.373000000000000000e+03,1.387001373392570436e+01,4.206648357901527646e+01,-1.464381055482016610e-03,4.460288296002294572e+01,3.614804275627798713e-01,nan,1.458262050306948411e-05,9.667668740416429429e+00,1.000000000000000000e+00,1.000000000000000000e+00,-1.000000000000000000e+00,0.000000000000000000e+00
1.374000000000000000e+03,9.947164328920034393e+01,2.598347184389331588e+01,-6.663124446374170569e-03,2.106508209967712446e+02,4.169907593345745234e-02,nan,1.831100246640079645e-05,1.645517932135821226e+01,1.000000000000000000e+00,1.000000000000000000e+00,-1.000000000000000000e+00,0.000000000000000000e+00
1.374000000000000000e+03,2.252682738124292783e+01,3.776260203440379826e+01,1.454787316828134178e-03,-4.429645881061570378e+01,3.620808970016742290e-01,nan,1.542074989866188591e-05,9.667668740416429429e+00,1.000000000000000000e+00,1.000000000000000000e+00,-1.000000000000000000e+00,0.000000000000000000e+00
1.375000000000000000e+03,1.036124705242055342e+02,4.689751688450019174e+01,-7.837708473593983996e-03,2.481670515751917776e+02,2.884675512499101924e-02,nan,1.725713584114393738e-05,1.309528550535730673e+01,1.000000000000000000e+00,1.000000000000000000e+00,-1.000000000000000000e+00,0.000000000000000000e+00
1.375000000000000000e+03,9.016247572835906965e+01,4.803045596145081220e+01,-6.319376225324461159e-03,1.996714979147544398e+02,4.011168766916561879e-02,nan,1.579246616485197334e-05,7.590717527752723015e+00,1.000000000000000000e+00,1.000000000000000000e+00,-1.000000000000000000e+00,0.000000000000000000e+00
1.377000000000000000e+03,2.752339985320987026e+01,2.495290255685073433e+01,-2.473619194401409718e-03,7.683796350837289424e+01,1.883393302210063514e-01,nan,1.500563166133703222e-05,1.013961705219436205e+01,1.000000000000000000e+00,1.000000000000000000e+00,-1.000000000000000000e+00,0.000000000000000000e+00
1.377000000000000000e+03,6.985719217652481916e+01,1.327386913220257547e+01,-1.629093388599514624e-03,4.986379722851678054e+01,2.362829650856690389e-01,nan,8.950340447360404433e-06,3.058414339757127465e+01,1.000000000000000000e+00,1.000000000000000000e+00,-1.000000000000000000e+00,0.000000000000000000e+00
1.377000000000000000e+03,2.420015683147776642e+01,5.204408952064234484e+01,-1.316277433785181415e-03,3.987245117113754844e+01,3.702580657080465354e-01,nan,1.239622409321574442e-05,8.153253094787649147e+00,1.000000000000000000e+00,1.000000000000000000e+00,-1.000000000000000000e+00,0.000000000000000000e+00
1.378000000000000000e+03,1.367832399257449651e+02,3.496695368447429075e+01,1.506497744015913853e-03,-4.594809059235993232e+01,3.328666613125855767e-01,nan,1.314804830685059710e-05,1.020943250434748606e+01,1.000000000000000000e+00,1.000000000000000000e+00,-1.000000000000000000e+00,0.000000000000000000e+00
1.379000000000000000e+03,9.208361916516683721e+01,4.068687369655155806e+01,-7.863539892953198482e-03,2.489921074778690695e+02,2.441966316491450684e-02,nan,1.535924759475464866e-05,7.590717527752723015e+00,1.000000000000000000e+00,1.000000000000000000e+00,-1.000000000000000000e+00,0.000000000000000000e+00
1.381000000000000000e+03,1.073853744916050772e+02,3.028781860628930289e+01,-7.703702892600585231e-03,2.438869114074056199e+02,2.388817885885952119e-02,nan,1.440909282723401165e-05,7.458230425363937321e+00,1.000000000000000000e+00,1.000000000000000000e+00,-1.000000000000000000e+00,0.000000000000000000e+00
1.382000000000000000e+03,1.914379972559671117e+01,1.924377515711124431e+01,-7.191183457054645296e-03,2.275170333277804957e+02,3.234814677524233684e-02,nan,1.681280380979392053e-05,7.892393520645614835e+00,1.000000000000000000e+00,1.000000000000000000e+00,-1.000000000000000000e+00,0.000000000000000000e+00
1.382000000000000000e+03,9.840860074361810916e+01,2.423775969158497645e+01,-6.839253438160999669e-03,2.162763835059597568e+02,2.684566754022099655e-02,nan,1.229689288010634367e-05,1.082523347526238311e+01,1.000000000000000000e+00,1.000000000000000000e+00,-1.000000000000000000e+00,0.000000000000000000e+00
1.382000000000000000e+03,1.385229044269677843e+02,2.490683045043723709e+01,-7.668819680322772406e-03,2.427727411098339587e+02,3.240539600249336960e-02,nan,1.961392986317473015e-05,1.020943250434748606e+01,1.000000000000000000e+00,1.000000000000000000e+00,-1.000000000000000000e+00,0.000000000000000000e+00
1.382000000000000000e+03,1.686326237855565324e+01,4.388460398017452491e+01,-1.626011721409211354e-03,4.976536873451535570e+01,3.274329030036462473e-01,nan,1.513325796835290062e-05,1.097302257805125869e+01,1.000000000000000000e+00,1.000000000000000000e+00,-1.000000000000000000e+00,0.000000000000000000e+00
1.382000000000000000e+03,3.043624114357141153e+01,4.679177684143864724e+01,1.204428544789383970e-03,-3.629999606169885595e+01,3.626175106309259544e-01,nan,9.685299813348092744e-06,8.153253094787649147e+00,1.000000000000000000e+00,1.000000000000000000e+00,-1.000000000000000000e+00,0.000000000000000000e+00
1.385000000000000000e+03,8.846566165647352875e+00,6.449014664425978260e+00,-2.051708757454448299e-03,6.336213813604115330e+01,2.379491781971732056e-01,nan,1.422934481335815275e-05,9.923238110658825661e+00,1.000000000000000000e+00,1.000000000000000000e+00,-1.000000000000000000e+00,0.000000000000000000e+00
1.386000000000000000e+03,1.126338334934398233e+02,2.498886784374355585e+01,-7.006459907801233095e-03,2.216169605305549624e+02,4.602164605893832583e-02,nan,2.253810083643574880e-05,7.458230425363937321e+00,1.000000000000000000e+00,1.000000000000000000e+00,-1.000000000000000000e+00,0.000000000000000000e+00
1.386000000000000000e+03,1.177940603671291200e+02,3.524537602042919815e+01,-6.149531705647580046e-03,1.942466615343713272e+02,3.513813167721291375e-02,nan,1.313162143442358023e-05,1.148145902602820989e+01,1.000000000000000000e+00,1.000000000000000000e+00,-1.000000000000000000e+00,0.000000000000000000e+00
1.386000000000000000e+03,4.245650239194878850e+01,1.539545266841733984e+01,-2.000728703344546895e-03,6.173383448081914082e+01,2.604238926513855468e-01,nan,1.526307176796055506e-05,1.989675008202199535e+01,1.000000000000000000e+00,1.000000000000000000e+00,-1.000000000000000000e+00,0.000000000000000000e+00
1.387000000000000000e+03,4.961079041434025783e+01,4.548250564820509823e+01,-7.529128653503008167e-03,2.383110077212818965e+02,1.304365100525732846e-01,nan,1.198904552386634357e-04,5.633111907385504935e+00,1.000000000000000000e+00,1.000000000000000000e+00,-1.000000000000000000e+00,0.000000000000000000e+00
1.388000000000000000e+03,6.712782257678397002e+01,1.345357617249644200e+01,-7.452955591854283288e-03,2.358780390460293290e+02,2.612912714065229736e-02,nan,1.535143742597236229e-05,1.179745865899109347e+01,1.000000000000000000e+00,1.000000000000000000e+00,-1.000000000000000000e+00,0.000000000000000000e+00
1.388000000000000000e+03,3.821969486353015100e+01,4.306919253259448510e+01,-1.739029524278859918e-03,5.337515896975302354e+01,2.581642397057133387e-01,nan,1.149638360132085848e-05,1.164393138255563720e+01,1.000000000000000000e+00,1.000000000000000000e+00,-1.000000000000000000e+00,0.000000000000000000e+00
1.389000000000000000e+03,4.715545928280065624e+01,5.055234773604381360e+01,-6.698322859208234552e-03,2.117750588046041855e+02,1.484204724978505086e-01,nan,7.810403396372565408e-05,5.633111907385504935e+00,1.000000000000000000e+00,1.000000000000000000e+00,-1.000000000000000000e+00,0.000000000000000000e+00
1.389000000000000000e+03,1.042660039266789482e+02,5.109046750058950437e+01,-1.678952998551486555e-03,5.145631388135751649e+01,3.078203161176620295e-01,nan,1.428305045116930117e-05,1.554258030515218891e+01,1.000000000000000000e+00,1.000000000000000000e+00,-1.000000000000000000e+00,0.000000000000000000e+00
1.390000000000000000e+03,1.884515676624432956e+01,1.973732118274286407e+01,-2.217290154713614375e-02,7.060333227572870101e+02,4.043954514442615888e-03,nan,2.701687725787474832e-05,7.855832688756023252e+00,1.000000000000000000e+00,1.000000000000000000e+00,-1.000000000000000000e+00,0.000000000000000000e+00
1.391000000000000000e+03,6.725962356992084779e+01,2.525029856936634687e+01,-6.748906841381334225e-03,2.133907119165169490e+02,2.775165341813246034e-02,nan,1.226598332334938555e-05,7.644546867902188403e+00,1.000000000000000000e+00,1.000000000000000000e+00,-1.000000000000000000e+00,0.000000000000000000e+00
1.391000000000000000e+03,2.758232244155245638e+01,2.861057410674207446e+01,-7.285005261297298682e-03,2.305137030931459492e+02,5.401606582563645009e-02,nan,3.227825485876681990e-05,1.245281821480756435e+01,1.000000000000000000e+00,1.000000000000000000e+00,-1.000000000000000000e+00,0.000000000000000000e+00
1.391000000000000000e+03,8.149434170767149510e+01,8.072219362190532266e+00,-4.207712201643219220e-03,1.322249188870327430e+02,2.122465932400146027e-01,nan,4.939431641777511438e-05,4.210194072761962225e+00,1.000000000000000000e+00,1.000000000000000000e+00,-1.000000000000000000e+00,0.000000000000000000e+00
1.392000000000000000e+03,7.321805267529857986e+01,5.297020383779404540e+01,-1.293876381706770369e-03,3.915696124832455638e+01,3.548915111233003072e-01,nan,1.087770113646482960e-05,2.476627657997948972e+01,1.000000000000000000e+00,1.000000000000000000e+00,-1.000000000000000000e+00,0.000000000000000000e+00
1.393000000000000000e+03,9.575025252941918552e+01,2.789920672674914570e+01,-6.640965528738337377e-03,2.099430648515069322e+02,5.516055831926747199e-02,nan,2.457354388152487297e-05,3.074840250563680488e+00,1.000000000000000000e+00,1.000000000000000000e+00,-1.000000000000000000e+00,0.000000000000000000e+00
1.394000000000000000e+03,9.377580411748000699e+01,3.682333633681929541e+01,-8.757030812171408968e-03,2.775302201784619456e+02,4.080067698891254313e-02,nan,3.111409361532718786e-05,9.139941784756615561e+00,1.000000000000000000e+00,1.000000000000000000e+00,-1.000000000000000000e+00,0.000000000000000000e+00
1.394000000000000000e+03,1.197411979404095916e+02,5.253621048587422138e+01,-1.379999304420089206e-03,4.190772862786062092e+01,3.314136072078448514e-01,nan,1.095139795308716432e-05,1.554258030515218891e+01,1.000000000000000000e+00,1.000000000000000000e+00,-1.000000000000000000e+00,0.000000000000000000e+00
1.395000000000000000e+03,7.730033968203231609e+01,7.703327590454672524e+00,-6.514262871060673941e-03,2.058961801585616342e+02,6.429505740626817456e-02,nan,2.835715820114258491e-05,4.210194072761962225e+00,1.000000000000000000e+00,1.000000000000000000e+00,-1.000000000000000000e+00,0.000000000000000000e+00
1.396000000000000000e+03,1.351274758479228524e+02,1.246194369184033235e+01,-1.861350595316797274e-03,5.728209572294608876e+01,2.644339614422156481e-01,nan,1.381412164843270951e-05,9.454910138659982977e+00,1.000000000000000000e+00,1.000000000000000000e+00,-1.000000000000000000e+00,0.000000000000000000e+00
1.396000000000000000e+03,1.354944563583670742e+02,2.190972920142348812e+01,-1.691920148134327040e-03,5.187048482393893778e+01,3.157310726125660549e-01,nan,1.522995979699096686e-05,9.454910138659982977e+00,1.000000000000000000e+00,1.000000000000000000e+00,-1.000000000000000000e+00,0.000000000000000000e+00
1.398000000000000000e+03,9.620166112967915240e+01,2.485768197062798990e+01,-5.974460481649458178e-03,1.886548841434374140e+02,5.920650267290161750e-02,nan,2.166857777214455357e-05,3.074840250563680488e+00,1.000000000000000000e+00,1.000000000000000000e+00,-1.000000000000000000e+00,0.000000000000000000e+00
1.398000000000000000e+03,6.621975420626964137e+01,4.815359301029248940e+01,-7.218177606822240994e-03,2.283792268562814627e+02,5.334215459927071912e-02,nan,2.951570529857986235e-05,5.674274147473827412e+00,1.000000000000000000e+00,1.000000000000000000e+00,-1.000000000000000000e+00,0.000000000000000000e+00
1.398000000000000000e+03,5.590949342146388545e+01,5.200700788815417752e+01,-5.979146391544435182e-03,1.888045521723018680e+02,8.052748478400939547e-02,nan,3.025094538500493324e-05,1.100682895622663970e+01,1.000000000000000000e+00,1.000000000000000000e+00,-1.000000000000000000e+00,0.000000000000000000e+00
1.398000000000000000e+03,1.418262789067140091e+02,3.107526612695282964e+01,-1.326586395158399967e-03,4.020171954439912554e+01,3.666824349883103240e-01,nan,1.298401259999968541e-05,7.973648922433321573e+00,1.000000000000000000e+00,1.000000000000000000e+00,-1.000000000000000000e+00,0.000000000000000000e+00
1.400000000000000000e+03,2.634209043061725097e+01,4.787644429030127213e+01,-6.380763418425383984e-03,2.016322057377506098e+02,4.493527135388575289e-02,nan,1.872475964036678643e-05,1.604014213316716564e+01,1.000000000000000000e+00,1.000000000000000000e+00,-1.000000000000000000e+00,0.000000000000000000e+00
1.401000000000000000e+03,3.562925243011262211e+01,3.479841761777404230e+01,-6.163218449170399481e-03,1.946838163176567491e+02,9.638835926382616215e-02,nan,3.929860578875984229e-05,3.872879412968535107e+00,1.000000000000000000e+00,1.000000000000000000e+00,-1.000000000000000000e+00,0.000000000000000000e+00
1.401000000000000000e+03,1.349673608987548619e+02,5.028255804829282738e+01,-7.382371425122496653e-03,2.336235797541188219e+02,2.866371994236360798e-02,nan,1.710289884061419227e-05,2.039521559561161013e+01,1.000000000000000000e+00,1.000000000000000000e+00,-1.000000000000000000e+00,0.000000000000000000e+00
1.401000000000000000e+03,9.016223304484466894e+01,2.558765027055449437e+01,-2.644743276865669460e-03,8.230366914243086285e+01,1.900787659598033308e-01,nan,1.843074185473888885e-05,6.083382719407443240e+00,1.000000000000000000e+00,1.000000000000000000e+00,-1.000000000000000000e+00,0.000000000000000000e+00
1.402000000000000000e+03,7.181798002713139795e+01,4.907947354217905200e+01,-7.352459772912867814e-03,2.326682011560170622e+02,5.931687221201376037e-02,nan,3.254317339285633042e-05,5.674274147473827412e+00,1.000000000000000000e+00,1.000000000000000000e+00,-1.000000000000000000e+00,0.000000000000000000e+00
1.402000000000000000e+03,1.379827855199803253e+02,2.408909151387905467e+01,-1.454833544599032531e-03,4.429793532627738273e+01,3.677865679124470155e-01,nan,1.475847414847352535e-05,7.973648922433321573e+00,1.000000000000000000e+00,1.000000000000000000e+00,-1.000000000000000000e+00,0.000000000000000000e+00
1.405000000000000000e+03,3.931244207151012660e+01,3.360120877513311655e+01,-6.068171388907948188e-03,1.916480118575473455e+02,9.570528892896656981e-02,nan,3.888649246649014733e-05,3.872879412968535107e+00,1.000000000000000000e+00,1.000000000000000000e+00,-1.000000000000000000e+00,0.000000000000000000e+00
1.406000000000000000e+03,3.948053846213132800e+01,2.478643147112306266e+01,-6.808240940140698923e-03,2.152858438769675899e+02,5.550336274114153756e-02,nan,2.876207648847167763e-05,5.955086284764930404e+00,1.000000000000000000e+00,1.000000000000000000e+00,-1.000000000000000000e+00,0.000000000000000000e+00
1.408000000000000000e+03,5.687101128458980526e+01,4.364381549635226776e+01,-8.011319073669332172e-03,2.537121766172044772e+02,1.866486435537428878e-02,nan,1.259211670125707918e-05,1.320152940696972443e+01,1.000000000000000000e+00,1.000000000000000000e+00,-1.000000000000000000e+00,0.000000000000000000e+00
1.408000000000000000e+03,5.996917120156933123e+01,1.623765534028686730e+01,-1.522474174501116904e-03,4.645837800987375488e+01,3.146335818905632298e-01,nan,1.213071444333294890e-05,1.531424454736444751e+01,1.000000000000000000e+00,1.000000000000000000e+00,-1.000000000000000000e+00,0.000000000000000000e+00
1.409000000000000000e+03,1.000186534865255368e+02,1.068668877363933234e+01,1.274001562220767854e-03,-3.852215923053599056e+01,3.563139572198351646e-01,nan,1.067523206460847473e-05,1.762845740270059736e+01,1.000000000000000000e+00,1.000000000000000000e+00,-1.000000000000000000e+00,0.000000000000000000e+00
1.410000000000000000e+03,3.926006534375696333e+01,4.680548280248491011e+01,-6.939699716389945323e-03,2.194846390649092882e+02,4.178957711526753993e-02,nan,2.018536796371017851e-05,1.282476991916131404e+01,1.000000000000000000e+00,1.000000000000000000e+00,-1.000000000000000000e+00,0.000000000000000000e+00
1.412000000000000000e+03,4.539100746955267596e+01,3.554110212134808933e+01,1.585504865046433957e-03,-4.847157916467939032e+01,3.062641492795088460e-01,nan,1.392744694206750352e-05,1.282476991916131404e+01,1.000000000000000000e+00,1.000000000000000000e+00,-1.000000000000000000e+00,0.000000000000000000e+00
1.413000000000000000e+03,1.172749612154499346e+02,1.428979215315727380e+01,-7.533914442678453852e-03,2.384638658957887571e+02,2.407228412253270555e-02,nan,1.431245751548213192e-05,1.762845740270059736e+01,1.000000000000000000e+00,1.000000000000000000e+00,-1.000000000000000000e+00,0.000000000000000000e+00
1.413000000000000000e+03,7.556313003534988582e+01,1.996722422773458305e+01,-7.077433148319681351e-03,2.238838468447594607e+02,3.066316079687014806e-02,nan,1.565838339170918625e-05,1.543175658524587668e+01,1.000000000000000000e+00,1.000000000000000000e+00,-1.000000000000000000e+00,0.000000000000000000e+00
1.413000000000000000e+03,1.333078567192337687e+02,6.516852016051925212e+00,-7.389909742786748836e-03,2.338643537278079236e+02,2.884118397754409369e-02,nan,1.554353349330005017e-05,1.781775341086174080e+01,1.000000000000000000e+00,1.000000000000000000e+00,-1.000000000000000000e+00,0.000000000000000000e+00
1.414000000000000000e+03,1.224838689034374966e+02,4.413068555412806404e+01,-1.564264653220819772e-03,4.779316649609377521e+01,3.253416436943998846e-01,nan,1.379397562153093715e-05,3.011434401887282064e+01,1.000000000000000000e+00,1.000000000000000000e+00,-1.000000000000000000e+00,0.000000000000000000e+00
1.418000000000000000e+03,5.004167591500951318e+01,5.314703282033305243e+01,-8.008214334153595029e-03,2.536130111927997177e+02,3.158741544474463758e-02,nan,2.036164294671935347e-05,8.408218291656572418e+00,1.000000000000000000e+00,1.000000000000000000e+00,-1.000000000000000000e+00,0.000000000000000000e+00
1.418000000000000000e+03,7.697172668481110236e+01,4.171420450374190381e+01,-1.518079445048263953e-03,4.631801028848283863e+01,3.394694287985819958e-01,nan,1.386128584717090983e-05,1.670709057627340854e+01,1.000000000000000000e+00,1.000000000000000000e+00,-1.000000000000000000e+00,0.000000000000000000e+00
1.418000000000000000e+03,8.970426972261994081e+01,5.253128466957914355e+01,-1.503597867042231594e-03,4.585546848046962509e+01,3.692438076720638840e-01,nan,1.668512443387421226e-05,4.036643388528978527e+00,1.000000000000000000e+00,1.000000000000000000e+00,-1.000000000000000000e+00,0.000000000000000000e+00
1.420000000000000000e+03,1.060029807012361402e+02,1.317142027571006757e+01,-6.832121499036569040e-03,2.160485892686272962e+02,4.049313242017116288e-02,nan,2.041398607445292864e-05,3.319775417399353756e+01,1.000000000000000000e+00,1.000000000000000000e+00,-1.000000000000000000e+00,0.000000000000000000e+00
1.422000000000000000e+03,1.545097029166072744e+01,2.439216171026340163e+01,1.470115266184628079e-03,-4.478603373163151957e+01,3.351598936121057415e-01,nan,1.293768467738584895e-05,1.207501054247543770e+01,1.000000000000000000e+00,1.000000000000000000e+00,-1.000000000000000000e+00,0.000000000000000000e+00
1.425000000000000000e+03,5.056504586959975001e+01,6.177124372234334082e+00,-1.445926653948463245e-03,4.401344911189010389e+01,3.554904047254834332e-01,nan,1.350428804718513343e-05,1.286504246593106693e+01,1.000000000000000000e+00,1.000000000000000000e+00,-1.000000000000000000e+00,0.000000000000000000e+00
1.425000000000000000e+03,1.390381677299792784e+02,1.645277672889625720e+01,-1.926171096077411394e-03,5.935246344155017084e+01,2.692694095352197170e-01,nan,1.527280974878134884e-05,1.336072811888477219e+01,1.000000000000000000e+00,1.000000000000000000e+00,-1.000000000000000000e+00,0.000000000000000000e+00
1.426000000000000000e+03,5.017676014110517002e+01,2.674650154694313287e+01,-8.181951629393615158e-03,2.591621828801786478e+02,2.018700315954757851e-02,nan,1.427155730551421792e-05,9.618777048979882949e+00,1.000000000000000000e+00,1.000000000000000000e+00,-1.000000000000000000e+00,0.000000000000000000e+00
1.426000000000000000e+03,3.627830833597339932e+01,2.332669363546024499e+01,-1.389038549580272558e-03,4.219644224717229264e+01,3.472266727156778643e-01,nan,1.228212309698943489e-05,1.431300278526527592e+01,1.000000000000000000e+00,1.000000000000000000e+00,-1.000000000000000000e+00,0.000000000000000000e+00
1.428000000000000000e+03,1.003703690607200087e+02,8.567505056623760495e+00,-6.476784681762029830e-03,2.046991262579414581e+02,5.098149935416707024e-02,nan,2.309298657430898790e-05,3.014440111337855654e+01,1.000000000000000000e+00,1.000000000000000000e+00,-1.000000000000000000e+00,0.000000000000000000e+00
1.428000000000000000e+03,1.300855129051317078e+02,2.637038871232713433e+01,-6.979463649580718194e-03,2.207546996580376799e+02,3.615067744061917221e-02,nan,1.739876393330178482e-05,1.336072811888477219e+01,1.000000000000000000e+00,1.000000000000000000e+00,-1.000000000000000000e+00,0.000000000000000000e+00
1.428000000000000000e+03,1.124490367755071532e+02,3.849831556145700517e+01,-8.401826176081383241e-03,2.661849790366943012e+02,3.195652470277954293e-02,nan,2.256458490846727146e-05,2.140401597664937938e+01,1.000000000000000000e+00,1.000000000000000000e+00,-1.000000000000000000e+00,0.000000000000000000e+00
1.428000000000000000e+03,7.657070547070296129e+01,4.611938186840610854e+01,-7.979247137169125093e-03,2.526877985080570284e+02,2.449615544479177842e-02,nan,1.588286900159067557e-05,8.167293826006780222e+00,1.000000000000000000e+00,1.000000000000000000e+00,-1.000000000000000000e+00,0.000000000000000000e+00
1.428000000000000000e+03,5.971234483188303699e+01,2.800883926838890403e+01,-7.710864948225947847e-03,2.441156675662072644e+02,1.999809346034064905e-02,nan,1.272419006390169551e-05,9.618777048979882949e+00,1.000000000000000000e+00,1.000000000000000000e+00,-1.000000000000000000e+00,0.000000000000000000e+00
1.431000000000000000e+03,2.943199917541507915e+01,4.906115821695133405e+01,-8.264131230376118437e-03,2.617870005074025244e+02,4.446219501368364746e-02,nan,3.049157961241018476e-05,8.882713483855496861e+00,1.000000000000000000e+00,1.000000000000000000e+00,-1.000000000000000000e+00,0.000000000000000000e+00
1.432000000000000000e+03,7.017129644287934731e+00,3.710375773570655866e+01,-8.324009861894968859e-03,2.636995248519559141e+02,2.737112932974306023e-02,nan,1.882086431388576450e-05,3.216716443033113659e+00,1.000000000000000000e+00,1.000000000000000000e+00,-1.000000000000000000e+00,0.000000000000000000e+00
1.435000000000000000e+03,1.039370103690159794e+02,4.501606454864615614e+01,-7.985092011423777780e-03,2.528744838750958195e+02,3.109754699575884018e-02,nan,2.049825094126358366e-05,7.937755048269862890e+00,1.000000000000000000e+00,1.000000000000000000e+00,-1.000000000000000000e+00,0.000000000000000000e+00
1.437000000000000000e+03,7.618541737328752106e+01,3.370535561851696116e+01,-7.881236464485049178e-03,2.495573362249412241e+02,9.094344498224249396e-02,nan,6.034619390180942533e-05,5.846079423086969484e+00,1.000000000000000000e+00,1.000000000000000000e+00,-1.000000000000000000e+00,0.000000000000000000e+00
1.437000000000000000e+03,1.361536380019439036e+02,3.791640685990835635e+01,-6.955335791585322454e-03,2.199840555296127604e+02,3.207447276121300206e-02,nan,1.517730769283380303e-05,2.584943440821876948e+01,1.000000000000000000e+00,1.000000000000000000e+00,-1.000000000000000000e+00,0.000000000000000000e+00
1.438000000000000000e+03,1.255838600090586397e+02,1.432672580216781455e+01,-7.562382624030628692e-03,2.393731400141201675e+02,3.205615309890497144e-02,nan,1.780730943687024216e-05,2.584943440821876948e+01,1.000000000000000000e+00,1.000000000000000000e+00,-1.000000000000000000e+00,0.000000000000000000e+00
1.440000000000000000e+03,2.386056151874462827e+01,3.795221283615990160e+01,-5.700120083521074965e-03,1.798924479152508979e+02,5.169722112728747376e-02,nan,1.733860309925322878e-05,8.008850136557946087e+00,1.000000000000000000e+00,1.000000000000000000e+00,-1.000000000000000000e+00,0.000000000000000000e+00
1.440000000000000000e+03,8.063573912790492670e+01,3.810564921990862075e+01,-7.934746081525950387e-03,2.512664341562497725e+02,1.052161085792154838e-01,nan,7.243367175379297469e-05,6.258430114499108576e+00,1.000000000000000000e+00,1.000000000000000000e+00,-1.000000000000000000e+00,0.000000000000000000e+00
1.444000000000000000e+03,5.926091596329715117e+01,3.544151131899862861e+01,-6.026694799768951560e-03,1.903232490090110218e+02,5.784804488228489916e-02,nan,2.149314868356970058e-05,1.605003521144039880e+01,1.000000000000000000e+00,1.000000000000000000e+00,-1.000000000000000000e+00,0.000000000000000000e+00
1.445000000000000000e+03,2.426372943731370313e+01,2.995351693374675150e+01,-7.276897962670635100e-03,2.302547558594040424e+02,3.407195168395416029e-02,nan,1.842751106122086422e-05,8.008850136557946087e+00,1.000000000000000000e+00,1.000000000000000000e+00,-1.000000000000000000e+00,0.000000000000000000e+00
1.448000000000000000e+03,3.688963142934568396e+01,2.336773663859106875e+01,-1.391088360627598273e-03,4.226191324125321813e+01,3.627255046501949298e-01,nan,1.318560392507162189e-05,1.392907458434390833e+01,1.000000000000000000e+00,1.000000000000000000e+00,-1.000000000000000000e+00,0.000000000000000000e+00
1.449000000000000000e+03,5.073502921006804200e+01,2.184324358521764253e+01,-7.368512683065472912e-03,2.331809313351982951e+02,2.953339109852992639e-02,nan,1.588765998822645644e-05,1.072233340441401772e+01,1.000000000000000000e+00,1.000000000000000000e+00,-1.000000000000000000e+00,0.000000000000000000e+00
1.451000000000000000e+03,6.993319793321438738e+01,4.236758273887286919e+01,-2.263168640929762252e-03,7.011616982956186916e+01,1.799535633795980027e-01,nan,1.171214304315521755e-05,1.289274687787309581e+01,1.000000000000000000e+00,1.000000000000000000e+00,-1.000000000000000000e+00,0.000000000000000000e+00
1.454000000000000000e+03,1.250576570122362625e+02,1.880262940837043928e+01,-1.392891937886137424e-02,4.427204147472551199e+02,5.721284892570177583e-03,nan,1.141079064661484367e-05,8.098371456362670529e+00,1.000000000000000000e+00,1.000000000000000000e+00,-1.000000000000000000e+00,0.000000000000000000e+00
1.454000000000000000e+03,7.717770144412689604e+01,5.303248268858092018e+01,-6.924359728765120021e-03,2.189946796414313042e+02,3.195694758924261247e-02,nan,1.502704438764464422e-05,1.117388864349812749e+01,1.000000000000000000e+00,1.000000000000000000e+00,-1.000000000000000000e+00,0.000000000000000000e+00
1.454000000000000000e+03,4.217407352506631923e+01,1.538735701598105265e+01,-2.279388505809303977e-03,7.063423254510213667e+01,2.428450108313695566e-01,nan,1.770546878157503148e-05,1.072233340441401772e+01,1.000000000000000000e+00,1.000000000000000000e+00,-1.000000000000000000e+00,0.000000000000000000e+00
1.455000000000000000e+03,9.644386208724050391e+01,1.702620440799914903e+01,-6.540177620362498667e-03,2.067238976207941334e+02,4.120891168771123603e-02,nan,1.786805220294106897e-05,2.030226181732294677e+01,1.000000000000000000e+00,1.000000000000000000e+00,-1.000000000000000000e+00,0.000000000000000000e+00
1.455000000000000000e+03,8.086906046280751070e+01,3.004954458088446856e+01,-1.481794080902635539e-03,4.515905524025912143e+01,3.464891077161037503e-01,nan,1.369229143029325531e-05,1.211651504177815575e+01,1.000000000000000000e+00,1.000000000000000000e+00,-1.000000000000000000e+00,0.000000000000000000e+00
1.456000000000000000e+03,1.243373135551845508e+02,3.084245538087211713e+01,-1.695647011818869013e-03,5.198952090316654306e+01,3.082379472470230253e-01,nan,1.438306730477085797e-05,1.206135581699848558e+01,1.000000000000000000e+00,1.000000000000000000e+00,-1.000000000000000000e+00,0.000000000000000000e+00
1.458000000000000000e+03,7.933110487489098261e+01,4.206805652568165499e+01,-6.581788312458036749e-03,2.080529437196746585e+02,3.889789331055215627e-02,nan,1.734687391299563906e-05,1.117388864349812749e+01,1.000000000000000000e+00,1.000000000000000000e+00,-1.000000000000000000e+00,0.000000000000000000e+00
1.461000000000000000e+03,5.178448980704478544e+01,4.153348790929150169e+01,-6.989905775360196437e-03,2.210882213043340698e+02,3.374723163390125347e-02,nan,1.661408465795001651e-05,1.615994587475276845e+01,1.000000000000000000e+00,1.000000000000000000e+00,-1.000000000000000000e+00,0.000000000000000000e+00
1.461000000000000000e+03,8.784821760271141500e+01,3.371901771302596984e+01,-8.631086261688522901e-03,2.735075494401281162e+02,2.109566379656691026e-02,nan,1.599337126942505544e-05,1.192676227287321566e+01,1.000000000000000000e+00,1.000000000000000000e+00,-1.000000000000000000e+00,0.000000000000000000e+00
1.462000000000000000e+03,1.098630737041938374e+02,2.954726309012139396e+01,-7.993997565983634174e-03,2.531589274147266906e+02,2.530013901483785244e-02,nan,1.721411141020719586e-05,2.240663798526462358e+01,1.000000000000000000e+00,1.000000000000000000e+00,-1.000000000000000000e+00,0.000000000000000000e+00
1.464000000000000000e+03,6.295128243287460634e+01,8.891062890439101807e+00,-1.274468317126783989e-02,4.048958933900623265e+02,1.469649768276015678e-02,nan,2.377524563254751380e-05,2.049662074178703008e+01,1.000000000000000000e+00,1.000000000000000000e+00,-1.000000000000000000e+00,0.000000000000000000e+00
1.464000000000000000e+03,6.287211906686455620e+01,2.938753075673587745e+01,-1.547991850715621509e-03,4.727341295203518001e+01,3.339796924754000473e-01,nan,1.404433803916688918e-05,1.644566197375248962e+01,1.000000000000000000e+00,1.000000000000000000e+00,-1.000000000000000000e+00,0.000000000000000000e+00
1.465000000000000000e+03,8.820940619246639969e+00,4.086929536091721360e+01,-1.647750747635767657e-03,5.045971354217992655e+01,2.927724189566562885e-01,nan,1.239824865654336787e-05,3.520811218169626500e+01,1.000000000000000000e+00,1.000000000000000000e+00,-1.000000000000000000e+00,0.000000000000000000e+00
1.466000000000000000e+03,1.205902582550061766e+02,5.254841582986180271e+01,-1.854135748267685688e-03,5.705165340531711848e+01,2.600315923758774739e-01,nan,1.321416456905585436e-05,1.592963223262262495e+01,1.000000000000000000e+00,1.000000000000000000e+00,-1.000000000000000000e+00,0.000000000000000000e+00
1.468000000000000000e+03,3.757419958389157699e+01,2.055030763241620306e+01,-6.245734770182790989e-03,1.973193887874367363e+02,4.387806201086219549e-02,nan,1.771092239660747048e-05,1.395963558502024426e+01,1.000000000000000000e+00,1.000000000000000000e+00,-1.000000000000000000e+00,0.000000000000000000e+00
1.471000000000000000e+03,3.380681181610365371e+01,7.108647947924655597e+00,-5.963851942619485987e-03,1.883160472555472893e+02,7.730776514551562784e-02,nan,3.147208570053834702e-05,7.899044827102230215e+00,1.000000000000000000e+00,1.000000000000000000e+00,-1.000000000000000000e+00,0.000000000000000000e+00
1.472000000000000000e+03,9.225591394434124481e+01,5.254716037349735558e+01,-2.444746653749176567e-03,7.591577414823163394e+01,1.924894092206554941e-01,nan,1.425622645397153674e-05,2.605902808086747413e+01,1.000000000000000000e+00,1.000000000000000000e+00,-1.000000000000000000e+00,0.000000000000000000e+00
1.473000000000000000e+03,6.695370160447018293e+01,2.580250762452324054e+01,-7.016250783554625614e-03,2.219296812417316289e+02,1.848186708074949225e-01,nan,1.148598066656458940e-04,6.507434352391599397e+00,1.000000000000000000e+00,1.000000000000000000e+00,-1.000000000000000000e+00,0.000000000000000000e+00
1.473000000000000000e+03,4.134177813462597584e+01,4.738164503708125253e+00,-6.134798353119271137e-03,1.937760780445264004e+02,7.598766823058367148e-02,nan,3.157545992848220296e-05,7.899044827102230215e+00,1.000000000000000000e+00,1.000000000000000000e+00,-1.000000000000000000e+00,0.000000000000000000e+00
1.474000000000000000e+03,6.200565847563326827e+01,2.157597582577191986e+01,-6.228706918594930676e-03,1.967755189649112708e+02,2.165085564016003827e-01,nan,1.124255888463969038e-04,6.507434352391599397e+00,1.000000000000000000e+00,1.000000000000000000e+00,-1.000000000000000000e+00,0.000000000000000000e+00
1.477000000000000000e+03,6.827428034018380743e+01,4.235136740799505617e+01,-6.465708782814423225e-03,2.043453618876177416e+02,5.049977283350592927e-02,nan,2.288625102365717353e-05,1.365917629130681732e+01,1.000000000000000000e+00,1.000000000000000000e+00,-1.000000000000000000e+00,0.000000000000000000e+00
1.481000000000000000e+03,1.025770222588543668e+01,1.328673060124682159e+01,-7.430123758509563602e-03,2.351487899634277028e+02,5.083695836884460917e-02,nan,2.897865065044492563e-05,6.127882068405614113e+00,1.000000000000000000e+00,1.000000000000000000e+00,-1.000000000000000000e+00,0.000000000000000000e+00
1.481000000000000000e+03,1.326372780540824614e+01,2.116305289243973675e+01,-6.001848149906559120e-03,1.895296466581045820e+02,9.535647920036993685e-02,nan,4.052678576866649434e-05,8.430459217592352061e+00,1.000000000000000000e+00,1.000000000000000000e+00,-1.000000000000000000e+00,0.000000000000000000e+00
1.482000000000000000e+03,5.857548747562444191e+01,5.196939807582776893e+01,1.484474951034073491e-03,-4.524468227048520674e+01,3.429739505256608201e-01,nan,1.078165914048540668e-05,7.830384246494981326e+00,1.000000000000000000e+00,1.000000000000000000e+00,-1.000000000000000000e+00,0.000000000000000000e+00
1.485000000000000000e+03,1.386314166943807180e+01,8.331758849242383747e+00,-7.208995199549575808e-03,2.280859406370556997e+02,5.094776675228085416e-02,nan,2.770449063003430540e-05,6.127882068405614113e+00,1.000000000000000000e+00,1.000000000000000000e+00,-1.000000000000000000e+00,0.000000000000000000e+00
1.486000000000000000e+03,1.903807019009974155e+01,5.056200475843315445e+01,-6.627972808234277452e-03,2.095280771733371239e+02,6.199583670810626668e-02,nan,2.851295633568809071e-05,2.826326378760811764e+01,1.000000000000000000e+00,1.000000000000000000e+00,-1.000000000000000000e+00,0.000000000000000000e+00
1.486000000000000000e+03,1.246992862134100477e+02,5.106940790093194238e+01,-7.674764916902707991e-03,2.429626320509734114e+02,3.146110757948172854e-02,nan,1.822540837712965134e-05,1.812651850135367937e+01,1.000000000000000000e+00,1.000000000000000000e+00,-1.000000000000000000e+00,0.000000000000000000e+00
1.486000000000000000e+03,6.136729803438156949e+01,4.465361300163586833e+01,-7.408324336771660024e-03,2.344525161222694862e+02,3.146696290355521786e-02,nan,1.693188349225792014e-05,7.830384246494981326e+00,1.000000000000000000e+00,1.000000000000000000e+00,-1.000000000000000000e+00,0.000000000000000000e+00
1.487000000000000000e+03,8.066991436807093407e+01,2.682042490433537196e+01,-7.122333169426575857e-03,2.253179541591670159e+02,2.944199153150961479e-02,nan,1.476474194367826466e-05,9.411210719005337566e+00,1.000000000000000000e+00,1.000000000000000000e+00,-1.000000000000000000e+00,0.000000000000000000e+00
1.487000000000000000e+03,5.142249892661188682e+01,4.679300311533884837e+01,-1.332861389795498468e-03,4.040214296258653803e+01,3.702590019684508515e-01,nan,1.281986073201189333e-05,8.829513574896401096e+00,1.000000000000000000e+00,1.000000000000000000e+00,-1.000000000000000000e+00,0.000000000000000000e+00
1.488000000000000000e+03,1.034600203143637884e+02,1.114877252470371438e+01,-7.255893181361797346e-03,2.295838628448813949e+02,2.314346040380232949e-02,nan,1.210666745451455764e-05,2.620400439146346372e+01,1.000000000000000000e+00,1.000000000000000000e+00,-1.000000000000000000e+00,0.000000000000000000e+00
1.489000000000000000e+03,9.448720480847399017e+01,3.576865124181156830e+01,-8.356338853653310847e-03,2.647321133097137249e+02,2.187671419129211259e-02,nan,1.512216022434173751e-05,1.361438135825446416e+01,1.000000000000000000e+00,1.000000000000000000e+00,-1.000000000000000000e+00,0.000000000000000000e+00
1.489000000000000000e+03,1.421495400150188857e+02,4.616437831495046851e+01,-7.478249029622825207e-03,2.366859118090291645e+02,4.475414701209690094e-02,nan,2.493992854784636651e-05,9.636903262037598950e+00,1.000000000000000000e+00,1.000000000000000000e+00,-1.000000000000000000e+00,0.000000000000000000e+00
1.490000000000000000e+03,6.617983286175297053e+01,3.608693376934554209e+01,-1.399913455856200903e-03,4.254378690869652502e+01,3.359393275480974106e-01,nan,1.154907287203496886e-05,9.406763660573536967e+00,1.000000000000000000e+00,1.000000000000000000e+00,-1.000000000000000000e+00,0.000000000000000000e+00
1.491000000000000000e+03,1.372755692185633905e+02,1.397063376227515974e+01,-8.005558879916068252e-03,2.535281959465875730e+02,2.836175147320818546e-02,nan,1.844791189971083776e-05,9.734036412931370563e+00,1.000000000000000000e+00,1.000000000000000000e+00,-1.000000000000000000e+00,0.000000000000000000e+00
1.491000000000000000e+03,1.231766677846280622e+01,2.310934991572661090e+01,-1.690792125095446361e-03,5.183445575199201016e+01,3.452302812158731804e-01,nan,1.830375344915209578e-05,1.563503797751671875e+01,1.000000000000000000e+00,1.000000000000000000e+00,-1.000000000000000000e+00,0.000000000000000000e+00
1.492000000000000000e+03,2.763247329428680032e+01,1.996115774540647791e+01,-1.581485505224477367e-03,4.834320075465190314e+01,3.737188432794457116e-01,nan,1.874007081966701184e-05,1.493091683217101640e+01,1.000000000000000000e+00,1.000000000000000000e+00,-1.000000000000000000e+00,0.000000000000000000e+00
1.494000000000000000e+03,9.405032473128859749e+01,2.197947713200245090e+01,-6.255339619743675167e-03,1.976261678193720286e+02,5.791399630189209002e-02,nan,2.326620736350560903e-05,1.379609317279611602e+01,1.000000000000000000e+00,1.000000000000000000e+00,-1.000000000000000000e+00,0.000000000000000000e+00
1.494000000000000000e+03,1.178914262598918725e+02,3.405230979964082394e+01,-6.031726325222877549e-03,1.904839560037566173e+02,5.554284398829945069e-02,nan,2.044269943341330540e-05,1.716742718551267899e+01,1.000000000000000000e+00,1.000000000000000000e+00,-1.000000000000000000e+00,0.000000000000000000e+00
1.494000000000000000e+03,5.765509375502827538e+01,4.674716233867516735e+01,-1.505400642085610646e-03,4.591304914106188306e+01,3.434367171455260381e-01,nan,1.395873866141100773e-05,1.364960255787958410e+01,1.000000000000000000e+00,1.000000000000000000e+00,-1.000000000000000000e+00,0.000000000000000000e+00
1.495000000000000000e+03,1.402903318208183236e+02,4.715220679094112022e+00,-7.407997175164316578e-03,2.344420665758657663e+02,7.471070177432681536e-02,nan,4.285674540886441191e-05,9.734036412931370563e+00,1.000000000000000000e+00,1.000000000000000000e+00,-1.000000000000000000e+00,0.000000000000000000e+00
1.497000000000000000e+03,7.981669663158758965e+01,4.140154160654063986e+01,-5.961183964287207482e-03,1.882308319895701914e+02,3.932094269323638258e-02,nan,1.373510156965470827e-05,1.564159952910695139e+01,1.000000000000000000e+00,1.000000000000000000e+00,-1.000000000000000000e+00,0.000000000000000000e+00
1.498000000000000000e+03,4.710744662527292803e+01,2.932320111759681325e+01,-1.565299193473137498e-03,4.782620972650486380e+01,2.885887310024527475e-01,nan,1.194906570562227877e-05,1.713817291852088331e+01,1.000000000000000000e+00,1.000000000000000000e+00,-1.000000000000000000e+00,0.000000000000000000e+00
1.499000000000000000e+03,6.378431598938335867e+01,1.577013036888406283e+01,-2.047263677616485179e-03,6.322016222263184915e+01,2.019007624375569465e-01,nan,1.118760266650673955e-05,2.126805946726604901e+01,1.000000000000000000e+00,1.000000000000000000e+00,-1.000000000000000000e+00,0.000000000000000000e+00
1.499000000000000000e+03,1.347558331680848482e+02,3.726359237904313915e+01,-7.660784507627854158e-03,2.425160975793804710e+02,3.011331189558230648e-02,nan,1.807435700028679518e-05,1.298824073990690842e+01,1.000000000000000000e+00,1.000000000000000000e+00,-1.000000000000000000e+00,0.000000000000000000e+00
1.500000000000000000e+03,2.064798930670785637e+01,2.990899144455520187e+01,-1.279714392308960863e-03,3.870462710501516312e+01,3.703273600770560225e-01,nan,1.245292454955669190e-05,2.646594097892845809e+01,1.000000000000000000e+00,1.000000000000000000e+00,-1.000000000000000000e+00,0.000000000000000000e+00
1.500000000000000000e+03,6.243251177120753681e+01,3.699518581896209213e+01,-1.701591095099704715e-03,5.217937500791628480e+01,2.673419238225560601e-01,nan,1.157024931479933794e-05,1.713817291852088331e+01,1.000000000000000000e+00,1.000000000000000000e+00,-1.000000000000000000e+00,0.000000000000000000e+00
1.501000000000000000e+03,1.314996825653658163e+02,2.469013299945352458e+01,-6.594636419342456667e-03,2.084633124367710195e+02,4.497789226887261016e-02,nan,2.133582295572047466e-05,1.298824073990690842e+01,1.000000000000000000e+00,1.000000000000000000e+00,-1.000000000000000000e+00,0.000000000000000000e+00
1.506000000000000000e+03,4.629896509222911405e+00,1.602588954759202977e+01,-7.163174199883754964e-03,2.266224172543433326e+02,3.372093744759208089e-02,nan,1.725697775542575941e-05,3.685665834153305553e+01,1.000000000000000000e+00,1.000000000000000000e+00,-1.000000000000000000e+00,0.000000000000000000e+00
1.508000000000000000e+03,5.325472589955677449e+01,1.563334523943873045e+01,-1.400804568051776042e-02,4.452477099504641842e+02,8.692331208184689295e-03,nan,1.834662776671577752e-05,1.258955398184624741e+01,1.000000000000000000e+00,1.000000000000000000e+00,-1.000000000000000000e+00,0.000000000000000000e+00
1.509000000000000000e+03,9.272257267297723615e+01,6.005404910264713791e+00,-6.556223097866336474e-03,2.072363904010677231e+02,4.287241171961164721e-02,nan,1.916520051989378047e-05,2.059541756601627682e+01,1.000000000000000000e+00,1.000000000000000000e+00,-1.000000000000000000e+00,0.000000000000000000e+00
1.509000000000000000e+03,1.067037506533795579e+02,3.391405690997967781e+01,-7.487932703217516431e-03,2.369952084817282696e+02,2.575311437632810119e-02,nan,1.393393121539238966e-05,1.593296736562854932e+01,1.000000000000000000e+00,1.000000000000000000e+00,-1.000000000000000000e+00,0.000000000000000000e+00
1.511000000000000000e+03,4.891491523372503991e+01,3.192567167851248655e+01,-7.806198979340906417e-03,2.471606378794378145e+02,2.065915022293085546e-02,nan,1.256834425879551793e-05,1.302438971537674917e+01,1.000000000000000000e+00,1.000000000000000000e+00,-1.000000000000000000e+00,0.000000000000000000e+00
1.512000000000000000e+03,3.738150391465411815e+01,2.587462624791634980e+01,-1.630615874826913791e-03,4.991242546032984961e+01,3.599860634428163619e-01,nan,1.678741706147885180e-05,1.061677832535516686e+01,1.000000000000000000e+00,1.000000000000000000e+00,-1.000000000000000000e+00,0.000000000000000000e+00
1.514000000000000000e+03,9.254870504774653739e+01,2.660008856327255700e+01,-5.852715150809408018e-03,1.847663365403746525e+02,6.229778383317707835e-02,nan,2.222205868549543314e-05,1.593296736562854932e+01,1.000000000000000000e+00,1.000000000000000000e+00,-1.000000000000000000e+00,0.000000000000000000e+00
1.515000000000000000e+03,2.882461834880081852e+01,3.215918601154520218e+01,-7.697772350379692569e-03,2.436974898043035580e+02,2.864641021167180224e-02,nan,1.742566096115223811e-05,1.061677832535516686e+01,1.000000000000000000e+00,1.000000000000000000e+00,-1.000000000000000000e+00,0.000000000000000000e+00
1.520000000000000000e+03,1.185289664581190721e+02,3.289343884698601528e+01,-1.513783510866532553e-03,4.618079808946032472e+01,3.663020255666118441e-01,nan,1.648369223208608314e-05,1.506285756512498075e+01,1.000000000000000000e+00,1.000000000000000000e+00,-1.000000000000000000e+00,0.000000000000000000e+00
1.521000000000000000e+03,7.214894503482895516e+01,3.473950841152562674e+01,-5.980863615548040815e-03,1.888594003314638314e+02,4.684708620034083726e-02,nan,1.691649585346157773e-05,1.768477294631659902e+01,1.000000000000000000e+00,1.000000000000000000e+00,-1.000000000000000000e+00,0.000000000000000000e+00
1.522000000000000000e+03,1.335808087443523391e+02,3.346939181173482325e+01,1.898665104955282647e-03,-5.847392169288679042e+01,3.002606335314453867e-01,nan,1.785652417695610588e-05,1.506285756512498075e+01,1.000000000000000000e+00,1.000000000000000000e+00,-1.000000000000000000e+00,0.000000000000000000e+00
1.523000000000000000e+03,7.962625742076033930e+01,1.871324890888532266e+01,-1.218030612162129735e-03,3.673444628754348429e+01,3.629941872150742599e-01,nan,1.034121542311096124e-05,1.499768988255742919e+01,1.000000000000000000e+00,1.000000000000000000e+00,-1.000000000000000000e+00,0.000000000000000000e+00
1.525000000000000000e+03,8.020495083024830052e+00,3.967520927660692820e+01,-8.213801876624762105e-03,2.601794802309111105e+02,2.996114970226171348e-02,nan,2.141299781682358318e-05,1.090441774161747013e+01,1.000000000000000000e+00,1.000000000000000000e+00,-1.000000000000000000e+00,0.000000000000000000e+00
1.527000000000000000e+03,3.720572253665707763e+01,2.058077778148711801e+01,-7.543187289675362499e-03,2.387600407610964623e+02,2.721226950731292504e-02,nan,1.583500343660065412e-05,2.553384326670752813e+01,1.000000000000000000e+00,1.000000000000000000e+00,-1.000000000000000000e+00,0.000000000000000000e+00
1.527000000000000000e+03,1.805465595105818721e+01,4.394392594067938518e+01,-6.340543300139832826e-03,2.003475745861900066e+02,4.511434461507646265e-02,nan,1.850880114376597459e-05,1.090441774161747013e+01,1.000000000000000000e+00,1.000000000000000000e+00,-1.000000000000000000e+00,0.000000000000000000e+00
1.527000000000000000e+03,1.422660978860465661e+02,1.672361163798341011e+01,-2.000190395953089107e-03,6.171664093505997073e+01,2.734637530828627483e-01,nan,1.657614910669920498e-05,1.546848484760428555e+01,1.000000000000000000e+00,1.000000000000000000e+00,-1.000000000000000000e+00,0.000000000000000000e+00
1.528000000000000000e+03,8.045486965461000750e+01,3.920369740070982090e+01,-1.441065449474145457e-02,4.581070412177826370e+02,8.178626570754632397e-03,nan,1.966953673058932946e-05,1.022003341416258948e+01,1.000000000000000000e+00,1.000000000000000000e+00,-1.000000000000000000e+00,0.000000000000000000e+00
1.528000000000000000e+03,1.320339300938755969e+02,5.122888998706904395e+00,-2.624392524005156671e-03,8.165366580587384249e+01,2.283665338489762053e-01,nan,2.226079018643034371e-05,1.546848484760428555e+01,1.000000000000000000e+00,1.000000000000000000e+00,-1.000000000000000000e+00,0.000000000000000000e+00
1.529000000000000000e+03,6.006849161768973033e+01,4.960728421587777603e+01,-7.574801943329454411e-03,2.397698132496183518e+02,2.949545389373053883e-02,nan,1.669201714940270220e-05,1.367986358599863017e+01,1.000000000000000000e+00,1.000000000000000000e+00,-1.000000000000000000e+00,0.000000000000000000e+00
1.531000000000000000e+03,9.066880015483202726e+01,3.955683579176096032e+01,-1.508335149020025674e-03,4.600677733439179917e+01,3.152355050036165229e-01,nan,1.215055398211046698e-05,1.022003341416258948e+01,1.000000000000000000e+00,1.000000000000000000e+00,-1.000000000000000000e+00,0.000000000000000000e+00
1.534000000000000000e+03,4.787169127235441835e+01,4.341238881179226894e+01,-7.194883866013039066e-03,2.276352244426776963e+02,3.176797690517096928e-02,nan,1.621168036497146512e-05,7.882018406283680889e+00,1.000000000000000000e+00,1.000000000000000000e+00,-1.000000000000000000e+00,0.000000000000000000e+00
1.534000000000000000e+03,1.060012036842433787e+02,5.020799348052263156e+01,1.103810330062383232e-03,-3.308624884854969395e+01,3.501326220484330953e-01,nan,9.414120899616862650e-06,1.866895171399756137e+01,1.000000000000000000e+00,1.000000000000000000e+00,-1.000000000000000000e+00,0.000000000000000000e+00
1.537000000000000000e+03,8.608470714918804845e+01,3.688687658494946930e+01,-1.325402933315351917e-03,4.016391975625655419e+01,3.568485348629858445e-01,nan,1.142286682523924253e-05,1.399950424238856250e+01,1.000000000000000000e+00,1.000000000000000000e+00,-1.000000000000000000e+00,0.000000000000000000e+00
1.538000000000000000e+03,5.776079849852116155e+01,1.077438212146625496e+01,-1.938068223088987643e-02,6.168497979806377316e+02,5.708319925224802915e-03,nan,2.764717323414467182e-05,2.486241221941523705e+01,1.000000000000000000e+00,1.000000000000000000e+00,-1.000000000000000000e+00,0.000000000000000000e+00
1.538000000000000000e+03,1.232827531188577979e+02,1.863258863140411137e+01,-6.162848580696501585e-03,1.946720027133262931e+02,5.063117097036784475e-02,nan,2.194162486352025632e-05,8.433728595259870175e+00,1.000000000000000000e+00,1.000000000000000000e+00,-1.000000000000000000e+00,0.000000000000000000e+00
1.539000000000000000e+03,4.634471642610680675e+01,3.567969445756347824e+01,1.452493247894589418e-03,-4.422318621616593504e+01,3.399851518774145154e-01,nan,1.234507810341714727e-05,7.882018406283680889e+00,1.000000000000000000e+00,1.000000000000000000e+00,-1.000000000000000000e+00,0.000000000000000000e+00
1.540000000000000000e+03,1.156977557757613511e+02,2.231980890197703715e+01,-8.417960057720720937e-03,2.667002954463163746e+02,2.540060151957101997e-02,nan,1.935730068743263626e-05,8.433728595259870175e+00,1.000000000000000000e+00,1.000000000000000000e+00,-1.000000000000000000e+00,0.000000000000000000e+00
1.541000000000000000e+03,9.224947429104754804e+01,4.945595630938851883e+01,-1.519083850434986387e-03,4.635009101085710626e+01,3.389232514833582233e-01,nan,1.370523834957785410e-05,1.399950424238856250e+01,1.000000000000000000e+00,1.000000000000000000e+00,-1.000000000000000000e+00,0.000000000000000000e+00
1.542000000000000000e+03,6.562008243510204863e+01,3.436190419082169001e+01,-1.380187403132850620e-03,4.191373650342841728e+01,3.382154666240116958e-01,nan,1.202001616487900917e-05,1.642540478182445085e+01,1.000000000000000000e+00,1.000000000000000000e+00,-1.000000000000000000e+00,0.000000000000000000e+00
1.544000000000000000e+03,5.375842375501861170e+01,1.830621819327417654e+01,-6.138021172580541453e-03,1.938790149440752657e+02,2.543603547241446439e-02,nan,9.243671899382070232e-06,1.754236993590792437e+01,1.000000000000000000e+00,1.000000000000000000e+00,-1.000000000000000000e+00,0.000000000000000000e+00
1.546000000000000000e+03,1.201081065462038424e+02,3.519863604284148551e+01,-7.654682953845835108e-03,2.423212138645774587e+02,2.153397695047121196e-02,nan,1.246726991184878954e-05,1.518660185054502954e+01,1.000000000000000000e+00,1.000000000000000000e+00,-1.000000000000000000e+00,0.000000000000000000e+00
1.546000000000000000e+03,9.470799005658431469e+00,4.843441452013187387e+01,-1.607160956437399604e-03,4.916327503251258690e+01,2.980753190932644570e-01,nan,1.226345507740600489e-05,2.202321457069997734e+01,1.000000000000000000e+00,1.000000000000000000e+00,-1.000000000000000000e+00,0.000000000000000000e+00
1.548000000000000000e+03,9.162804955775639826e+01,2.369780660684661555e+01,-7.325779274324563210e-03,2.318160256506551775e+02,3.457794114025602994e-02,nan,1.921103266733081166e-05,8.363279887050291350e+00,1.000000000000000000e+00,1.000000000000000000e+00,-1.000000000000000000e+00,0.000000000000000000e+00
1.549000000000000000e+03,7.935425464338810286e+01,1.085398251652554080e+01,-8.417999672894738855e-03,2.667015607555393899e+02,3.279390480155186527e-02,nan,2.296115639706078793e-05,9.643494841956961494e+00,1.000000000000000000e+00,1.000000000000000000e+00,-1.000000000000000000e+00,0.000000000000000000e+00
1.549000000000000000e+03,6.000959485195716070e+01,3.469699617618415033e+01,-6.894181333266601042e-03,2.180307812588787897e+02,3.902509343598070668e-02,nan,1.829475671405385610e-05,1.518399721607424802e+01,1.000000000000000000e+00,1.000000000000000000e+00,-1.000000000000000000e+00,0.000000000000000000e+00
1.550000000000000000e+03,1.056214851477651280e+02,3.064115030778150484e+01,-7.480010755233786578e-03,2.367421813501646568e+02,1.854731343095106233e-02,nan,1.027740141204760547e-05,1.518660185054502954e+01,1.000000000000000000e+00,1.000000000000000000e+00,-1.000000000000000000e+00,0.000000000000000000e+00
1.550000000000000000e+03,8.699881467533879231e+01,1.673256182489185662e+01,-6.658751201463763286e-03,2.105111394919724148e+02,8.277616892023131889e-02,nan,4.080417286735301167e-05,8.363279887050291350e+00,1.000000000000000000e+00,1.000000000000000000e+00,-1.000000000000000000e+00,0.000000000000000000e+00
1.550000000000000000e+03,2.124026879873111184e+01,2.981986212645231049e+01,-1.515550964793559120e-03,4.623725059309261809e+01,3.719158817222274482e-01,nan,1.689611917854523914e-05,1.948867226856119927e+01,1.000000000000000000e+00,1.000000000000000000e+00,-1.000000000000000000e+00,0.000000000000000000e+00
1.552000000000000000e+03,7.949523175357535365e+01,2.536755260730458161e+01,-7.965838904267743409e-03,2.522595393579917697e+02,2.206111632517426813e-02,nan,1.577122080105824225e-05,1.028318449136587276e+01,1.000000000000000000e+00,1.000000000000000000e+00,-1.000000000000000000e+00,0.000000000000000000e+00
1.553000000000000000e+03,6.059090279669607071e+01,1.952413050976721109e+01,-1.403707391447205424e-02,4.461748721568934002e+02,1.007920321388444673e-02,nan,2.139973276766772394e-05,1.518399721607424802e+01,1.000000000000000000e+00,1.000000000000000000e+00,-1.000000000000000000e+00,0.000000000000000000e+00
1.553000000000000000e+03,1.435538672862503162e+01,5.260630141249944991e+00,-7.289253509735418683e-03,2.306493922088375541e+02,3.506119058912826603e-02,nan,1.868738722080684359e-05,2.550602824475529928e+01,1.000000000000000000e+00,1.000000000000000000e+00,-1.000000000000000000e+00,0.000000000000000000e+00
1.553000000000000000e+03,4.644013969112661755e+01,4.488667524029509082e+01,-6.092295752139476744e-03,1.924185443631645285e+02,3.167150320013312204e-02,nan,1.230533255431447102e-05,1.696937455510283144e+01,1.000000000000000000e+00,1.000000000000000000e+00,-1.000000000000000000e+00,0.000000000000000000e+00
1.553000000000000000e+03,2.609360023838620180e+01,4.869454148076828659e+01,-1.712719162706095909e-03,5.253480564594546820e+01,2.827704806208533039e-01,nan,1.174633642332058860e-05,1.180049444861989727e+01,1.000000000000000000e+00,1.000000000000000000e+00,-1.000000000000000000e+00,0.000000000000000000e+00
1.556000000000000000e+03,1.169839394384476350e+02,2.084423801925565556e+01,-6.185125398774334385e-03,1.953835246003893076e+02,4.267342586413180872e-02,nan,1.615868899373007397e-05,8.951149909689796402e+00,1.000000000000000000e+00,1.000000000000000000e+00,-1.000000000000000000e+00,0.000000000000000000e+00
1.557000000000000000e+03,1.423034825354567374e+02,2.232519572602878810e+01,-7.520658246657121321e-03,2.380404628058402068e+02,2.341520568901322985e-02,nan,1.342097510498227046e-05,1.572317227799627837e+01,1.000000000000000000e+00,1.000000000000000000e+00,-1.000000000000000000e+00,0.000000000000000000e+00
1.558000000000000000e+03,1.273313811466438494e+02,6.591308024054142400e+00,-6.525156805919913976e-03,2.062441325933081657e+02,5.980205339286304156e-02,nan,2.597339392718242876e-05,8.772522397683855999e+00,1.000000000000000000e+00,1.000000000000000000e+00,-1.000000000000000000e+00,0.000000000000000000e+00
1.559000000000000000e+03,8.435322528086408056e+01,3.872207472538574535e+01,-1.409580335858559574e-02,4.480506914393343436e+02,9.213339402110221066e-03,nan,1.867693980304262051e-05,1.412076742111744032e+01,1.000000000000000000e+00,1.000000000000000000e+00,-1.000000000000000000e+00,0.000000000000000000e+00
1.560000000000000000e+03,1.341098819656309331e+02,3.574469855533289575e+01,-7.129539294605522111e-03,2.255481179001385499e+02,3.538778083502513994e-02,nan,1.803880608720876116e-05,1.036811283281565643e+01,1.000000000000000000e+00,1.000000000000000000e+00,-1.000000000000000000e+00,0.000000000000000000e+00
1.561000000000000000e+03,3.695886978852329463e+01,2.629449633676924591e+01,-6.384078907896969905e-03,2.017381025187503951e+02,3.316061021873994985e-02,nan,1.336089496311144486e-05,2.381516947831768860e+01,1.000000000000000000e+00,1.000000000000000000e+00,-1.000000000000000000e+00,0.000000000000000000e+00
1.563000000000000000e+03,1.315367608419040266e+02,4.578844344439828262e+01,-1.786932350486368851e-03,5.490517592189278417e+01,3.264421459520980839e-01,nan,1.854338612690067137e-05,1.036811283281565643e+01,1.000000000000000000e+00,1.000000000000000000e+00,-1.000000000000000000e+00,0.000000000000000000e+00
1.564000000000000000e+03,7.002629401172630708e+01,5.007135032527561691e+01,1.454283345873984192e-03,-4.428036197115376638e+01,3.709235964575972044e-01,nan,1.517906855712037719e-05,1.552172919352136304e+01,1.000000000000000000e+00,1.000000000000000000e+00,-1.000000000000000000e+00,0.000000000000000000e+00
1.565000000000000000e+03,8.562447831577854629e+01,1.478706842992170500e+01,-1.606742274141151382e-03,4.914990231400020093e+01,2.891400128137396885e-01,nan,1.158981101766870459e-05,1.064478892367337615e+01,1.000000000000000000e+00,1.000000000000000000e+00,-1.000000000000000000e+00,0.000000000000000000e+00
1.566000000000000000e+03,1.496013899518139212e+01,3.541689408972132469e+01,-7.006345475323859893e-03,2.216133055555959288e+02,3.136718065544730205e-02,nan,1.515747523027006404e-05,2.381516947831768860e+01,1.000000000000000000e+00,1.000000000000000000e+00,-1.000000000000000000e+00,0.000000000000000000e+00
1.568000000000000000e+03,8.294377180560053375e+01,4.146537306515114096e+01,-2.286456958275591336e-03,7.085999901766817288e+01,2.411156573569336325e-01,nan,1.652186137524527058e-05,5.431992770294681527e+00,1.000000000000000000e+00,1.000000000000000000e+00,-1.000000000000000000e+00,0.000000000000000000e+00
1.569000000000000000e+03,7.998850616760586263e+01,2.778751083297887803e+01,-7.473703373513932401e-03,2.365407234880921976e+02,3.374372831895688929e-02,nan,1.839296493846237791e-05,1.399348099056830286e+01,1.000000000000000000e+00,1.000000000000000000e+00,-1.000000000000000000e+00,0.000000000000000000e+00
1.570000000000000000e+03,6.240104351633711843e+01,3.791693290798166771e+01,-1.605483797680801617e-03,4.910970655791134476e+01,2.826744050361758021e-01,nan,1.079543434885744265e-05,1.398486678092436541e+01,1.000000000000000000e+00,1.000000000000000000e+00,-1.000000000000000000e+00,0.000000000000000000e+00
1.570000000000000000e+03,8.998914020165302929e+01,3.783826872815937037e+01,-1.523736714509841411e-03,4.649870355575564673e+01,3.457669630374843317e-01,nan,1.384693813941610568e-05,7.924209847519172456e+00,1.000000000000000000e+00,1.000000000000000000e+00,-1.000000000000000000e+00,0.000000000000000000e+00
1.571000000000000000e+03,1.133477829213466777e+02,7.403804752242106879e+00,-7.792802540133717849e-03,2.467327554201332305e+02,2.659959272038570077e-02,nan,1.809437642383283207e-05,1.118137440273896033e+01,1.000000000000000000e+00,1.000000000000000000e+00,-1.000000000000000000e+00,0.000000000000000000e+00
1.571000000000000000e+03,3.359465355378127072e+01,1.653752867498664969e+01,-7.181205229221981207e-03,2.271983285885203259e+02,2.969512977372790186e-02,nan,1.612663211080550600e-05,2.652688393493948738e+01,1.000000000000000000e+00,1.000000000000000000e+00,-1.000000000000000000e+00,0.000000000000000000e+00
1.571000000000000000e+03,1.134426513723723389e+02,3.285357038149435027e+01,-7.671548384017151667e-03,2.428598959447424761e+02,2.122744324795322601e-02,nan,1.208095519573657501e-05,1.575921911594301328e+01,1.000000000000000000e+00,1.000000000000000000e+00,-1.000000000000000000e+00,0.000000000000000000e+00
1.572000000000000000e+03,1.285323240992289016e+02,2.830881910769894816e+01,-7.286431653017049620e-03,2.305592620650144795e+02,2.367291023342998901e-02,nan,1.262484451637957742e-05,1.541956385969355203e+01,1.000000000000000000e+00,1.000000000000000000e+00,-1.000000000000000000e+00,0.000000000000000000e+00
1.573000000000000000e+03,8.286829260927530072e+01,4.689684140690328462e+01,-6.699524358414144821e-03,2.118134347063737835e+02,3.938465141437763606e-02,nan,1.749727382157747146e-05,5.431992770294681527e+00,1.000000000000000000e+00,1.000000000000000000e+00,-1.000000000000000000e+00,0.000000000000000000e+00
1.574000000000000000e+03,2.017798258403513856e+01,5.101258783012028175e+01,-7.620894478527867957e-03,2.412420094811137119e+02,2.720096273850403090e-02,nan,1.704868858052807973e-05,3.270278967582296303e+01,1.000000000000000000e+00,1.000000000000000000e+00,-1.000000000000000000e+00,0.000000000000000000e+00
1.574000000000000000e+03,1.221824379889722820e+02,1.425741718440540140e+01,-6.290539681843383343e-03,1.987504583047731614e+02,4.821221778919426715e-02,nan,1.896707755985501249e-05,1.118137440273896033e+01,1.000000000000000000e+00,1.000000000000000000e+00,-1.000000000000000000e+00,0.000000000000000000e+00
1.582000000000000000e+03,1.204635951059649699e+02,1.580176449905043690e+01,-1.435279382959676799e-03,4.367337512468314742e+01,3.638956473979724215e-01,nan,1.443787950291445745e-05,1.515807643985666076e+01,1.000000000000000000e+00,1.000000000000000000e+00,-1.000000000000000000e+00,0.000000000000000000e+00
1.582000000000000000e+03,2.359594068624070928e+01,4.368641542798766864e+01,-1.668455440639955408e-03,5.112102173197293808e+01,3.591092069301927703e-01,nan,1.938355937353574592e-05,2.766330160100887881e+01,1.000000000000000000e+00,1.000000000000000000e+00,-1.000000000000000000e+00,0.000000000000000000e+00
1.583000000000000000e+03,8.962713354723300085e+01,3.754774727920300137e+01,-7.907104414764066710e-03,2.503835589257179493e+02,2.157091936568733548e-02,nan,1.344153540582268284e-05,1.648184252160159247e+01,1.000000000000000000e+00,1.000000000000000000e+00,-1.000000000000000000e+00,0.000000000000000000e+00
1.584000000000000000e+03,3.956414363076989105e+01,2.095124219578534053e+01,-1.741959663759386819e-03,5.346874766654347155e+01,2.861127267015043385e-01,nan,1.375686404096306751e-05,7.031405561706415952e+00,1.000000000000000000e+00,1.000000000000000000e+00,-1.000000000000000000e+00,0.000000000000000000e+00
1.585000000000000000e+03,7.565736595776137108e+01,2.586258249445221225e+01,-7.707311119740762120e-03,2.440021582337145105e+02,3.036749700708663013e-02,nan,1.803521769497252146e-05,1.644167213205743039e+01,1.000000000000000000e+00,1.000000000000000000e+00,-1.000000000000000000e+00,0.000000000000000000e+00
1.590000000000000000e+03,1.103628013225350202e+02,3.578369341980103968e+01,-6.512484630805194345e-03,2.058393831394447204e+02,3.896121667611684991e-02,nan,1.728023710686011355e-05,2.125660650094387805e+01,1.000000000000000000e+00,1.000000000000000000e+00,-1.000000000000000000e+00,0.000000000000000000e+00
1.590000000000000000e+03,1.313245566316110455e+02,3.931188478343093351e+01,-6.139574186273214808e-03,1.939286182235645128e+02,3.160392060137129366e-02,nan,1.168198710733828892e-05,2.125660650094387805e+01,1.000000000000000000e+00,1.000000000000000000e+00,-1.000000000000000000e+00,0.000000000000000000e+00
1.591000000000000000e+03,5.329026388267922520e+00,3.519949294702048093e+01,-7.100690203656699791e-03,2.246266775238585751e+02,7.092962334621677467e-02,nan,3.818974213996287668e-05,6.945579817571297276e+00,1.000000000000000000e+00,1.000000000000000000e+00,-1.000000000000000000e+00,0.000000000000000000e+00
1.593000000000000000e+03,1.119528168367851606e+01,3.148087387385354674e+01,-6.380902935668786302e-03,2.016366619204943333e+02,1.462919658452010996e-01,nan,6.963481792308451801e-05,6.945579817571297276e+00,1.000000000000000000e+00,1.000000000000000000e+00,-1.000000000000000000e+00,0.000000000000000000e+00
1.593000000000000000e+03,7.458288548664823736e+01,4.336729159929349464e+01,-6.256598653045649175e-03,1.976663813609903286e+02,5.698706905811368184e-02,nan,2.285671922385799017e-05,1.465162793155654164e+01,1.000000000000000000e+00,1.000000000000000000e+00,-1.000000000000000000e+00,0.000000000000000000e+00
1.597000000000000000e+03,6.169846097585642042e+01,3.639149013491143592e+01,-7.528418827773166247e-03,2.382883358773489419e+02,2.218757532343196281e-02,nan,1.417142726484653507e-05,9.335445572872725251e+00,1.000000000000000000e+00,1.000000000000000000e+00,-1.000000000000000000e+00,0.000000000000000000e+00
1.597000000000000000e+03,1.413973053937213820e+02,6.598930039303084527e+00,-1.353685235034108800e-02,4.301977882656244105e+02,1.573841354615734822e-02,nan,2.770687304167943535e-05,3.652894243851046951e+01,1.000000000000000000e+00,1.000000000000000000e+00,-1.000000000000000000e+00,0.000000000000000000e+00
1.598000000000000000e+03,3.662810134930102635e+01,6.609310364207962252e+00,-1.550210142475891978e-03,4.734426522249002289e+01,3.324482261020293983e-01,nan,1.534893279787249220e-05,1.826817757612847259e+01,1.000000000000000000e+00,1.000000000000000000e+00,-1.000000000000000000e+00,0.000000000000000000e+00
1.598000000000000000e+03,1.159505908562068726e+02,3.980259158667135466e+01,-1.506166073292534990e-03,4.593749702472574370e+01,3.732274234551995473e-01,nan,1.777186970572193608e-05,2.003915033899794196e+01,1.000000000000000000e+00,1.000000000000000000e+00,-1.000000000000000000e+00,0.000000000000000000e+00
1.599000000000000000e+03,3.049333752157658495e+01,3.379520182165345688e+01,-7.650549022500385647e-03,2.421891760384558836e+02,2.508416830456738911e-02,nan,1.270708369702890702e-05,8.805220784680891200e+00,1.000000000000000000e+00,1.000000000000000000e+00,-1.000000000000000000e+00,0.000000000000000000e+00
1.600000000000000000e+03,5.968582506219917860e+01,4.550740153877698901e+01,-7.500942329222938867e-03,2.374107361218526648e+02,2.441804897548949249e-02,nan,1.989209548312593804e-05,9.335445572872725251e+00,1.000000000000000000e+00,1.000000000000000000e+00,-1.000000000000000000e+00,0.000000000000000000e+00
1.600000000000000000e+03,3.468023039338635982e+01,2.477334380097710209e+01,-6.376483326936486194e-03,2.014954995545631107e+02,4.785964116547380964e-02,nan,1.981255928835572966e-05,9.946054195773003315e+00,1.000000000000000000e+00,1.000000000000000000e+00,-1.000000000000000000e+00,0.000000000000000000e+00
1.600000000000000000e+03,1.357801332838598682e+02,4.269340348281247799e+01,1.420039087029897288e-03,-4.318659985536648804e+01,3.581648640090520086e-01,nan,1.245054290993283502e-05,2.003915033899794196e+01,1.000000000000000000e+00,1.000000000000000000e+00,-1.000000000000000000e+00,0.000000000000000000e+00
1.602000000000000000e+03,5.206380720772267523e+01,3.288311401361128361e+01,-8.065198381264553767e-03,2.554330824700896301e+02,2.045339380287125586e-02,nan,1.346239198002883827e-05,1.025354847066725839e+01,1.000000000000000000e+00,1.000000000000000000e+00,-1.000000000000000000e+00,0.000000000000000000e+00
1.602000000000000000e+03,1.281263544780917307e+01,3.390325735207148483e+01,-7.747569905601173201e-03,2.452880244281675175e+02,2.339407321991726629e-02,nan,1.395249911950164734e-05,1.768103226112596715e+01,1.000000000000000000e+00,1.000000000000000000e+00,-1.000000000000000000e+00,0.000000000000000000e+00
1.602000000000000000e+03,1.989946872122506250e+01,5.112879781533362689e+01,-7.864189543000684943e-03,2.490128573096494904e+02,3.174701751307840158e-02,nan,2.005128791841935944e-05,1.862639122580313256e+01,1.000000000000000000e+00,1.000000000000000000e+00,-1.000000000000000000e+00,0.000000000000000000e+00
1.602000000000000000e+03,6.721568084006688082e+01,6.580435422971947723e+00,-1.720617005150132947e-03,5.278706284622755618e+01,2.727528234369444027e-01,nan,1.200469722671639200e-05,3.031730030969591638e+01,1.000000000000000000e+00,1.000000000000000000e+00,-1.000000000000000000e+00,0.000000000000000000e+00
1.604000000000000000e+03,3.570931598087224046e+01,4.088924733737578521e+01,-9.126135542628980440e-03,2.893194305325378650e+02,2.486902358958764658e-02,nan,2.215598686543208615e-05,8.805220784680891200e+00,1.000000000000000000e+00,1.000000000000000000e+00,-1.000000000000000000e+00,0.000000000000000000e+00
1.604000000000000000e+03,1.057385461580699229e+02,8.865486703192363649e+00,-8.083225193351419383e-03,2.560088591051980416e+02,2.850117004732743986e-02,nan,1.951164160178310580e-05,2.547584997789232375e+01,1.000000000000000000e+00,1.000000000000000000e+00,-1.000000000000000000e+00,0.000000000000000000e+00
1.604000000000000000e+03,9.891790028685370828e+01,3.341131571741670570e+01,-1.390348825780006676e-03,4.223829248767572153e+01,3.589120972111257135e-01,nan,1.344406678239801882e-05,7.285863837801255016e+00,1.000000000000000000e+00,1.000000000000000000e+00,-1.000000000000000000e+00,0.000000000000000000e+00
1.605000000000000000e+03,1.158233600342623220e+02,4.785196184002437292e+01,-2.130651352467783158e-03,6.588356574645160890e+01,2.411323971685229717e-01,nan,1.539963445010577000e-05,1.823748599519270641e+01,1.000000000000000000e+00,1.000000000000000000e+00,-1.000000000000000000e+00,0.000000000000000000e+00
1.607000000000000000e+03,6.822466613849439909e+01,4.997895268771359412e+01,-7.354793059914062521e-03,2.327427263761068161e+02,2.516943653911163370e-02,nan,1.359903090105161132e-05,1.082676983142504135e+01,1.000000000000000000e+00,1.000000000000000000e+00,-1.000000000000000000e+00,0.000000000000000000e+00
1.608000000000000000e+03,5.837657066296183928e+01,1.348189259343621238e+01,-1.446966803341677302e-03,4.404667149834140361e+01,3.617680608885065485e-01,nan,1.263192285951901789e-05,1.914101513960770617e+01,1.000000000000000000e+00,1.000000000000000000e+00,-1.000000000000000000e+00,0.000000000000000000e+00
1.609000000000000000e+03,1.318398757984135727e+02,3.912974204220085284e+01,-7.478287059689488724e-03,2.366871264899006917e+02,3.354055853869031267e-02,nan,1.914467254427240091e-05,1.823748599519270641e+01,1.000000000000000000e+00,1.000000000000000000e+00,-1.000000000000000000e+00,0.000000000000000000e+00
1.609000000000000000e+03,9.452385909806166353e+01,3.922304643159979065e+01,-6.041477576071636532e-03,1.907954110949142432e+02,4.704350084553365896e-02,nan,1.692764089557786212e-05,7.285863837801255016e+00,1.000000000000000000e+00,1.000000000000000000e+00,-1.000000000000000000e+00,0.000000000000000000e+00
1.610000000000000000e+03,1.376565373231850913e+02,5.240278564681831952e+00,-7.441828759368427672e-03,2.355226478577676801e+02,3.504425743435557461e-02,nan,1.919583051689435353e-05,3.438501542951308920e+01,1.000000000000000000e+00,1.000000000000000000e+00,-1.000000000000000000e+00,0.000000000000000000e+00
1.611000000000000000e+03,2.512395624411484363e+01,3.877156119236239107e+01,-7.188702083356656586e-03,2.274377782164835082e+02,2.397763577674150159e-02,nan,1.211362258293171032e-05,1.737853152736259332e+01,1.000000000000000000e+00,1.000000000000000000e+00,-1.000000000000000000e+00,0.000000000000000000e+00
1.611000000000000000e+03,7.396093126489860481e+01,2.459522536103984436e+01,-6.908999608361823461e-03,2.185040771767218644e+02,3.621311263266835390e-02,nan,1.754833613581650639e-05,1.665228587448542541e+01,1.000000000000000000e+00,1.000000000000000000e+00,-1.000000000000000000e+00,0.000000000000000000e+00
1.612000000000000000e+03,7.902658738969655872e+01,4.924584814845428582e+01,-6.984547710958024895e-03,2.209170846509252044e+02,2.995987931005217320e-02,nan,1.520127654222027290e-05,1.082676983142504135e+01,1.000000000000000000e+00,1.000000000000000000e+00,-1.000000000000000000e+00,0.000000000000000000e+00
1.613000000000000000e+03,2.162383753125643437e+01,9.758276631792924150e+00,-6.716294903248780715e-03,2.123490861475321765e+02,2.547455887096972127e-02,nan,1.137658648532453776e-05,2.125655045225349582e+01,1.000000000000000000e+00,1.000000000000000000e+00,-1.000000000000000000e+00,0.000000000000000000e+00
1.614000000000000000e+03,9.403815870710437252e+01,5.866109037276609151e+00,-5.980093247494257420e-03,1.888347947648409217e+02,6.094608385573019316e-02,nan,2.231061205108452212e-05,8.085253114379085559e+00,1.000000000000000000e+00,1.000000000000000000e+00,-1.000000000000000000e+00,0.000000000000000000e+00
1.615000000000000000e+03,6.002975044688631101e+01,3.371777028345229610e+01,-7.610989839525139806e-03,2.409256551701310514e+02,2.805466393986455476e-02,nan,1.592084723322125921e-05,1.665228587448542541e+01,1.000000000000000000e+00,1.000000000000000000e+00,-1.000000000000000000e+00,0.000000000000000000e+00
1.616000000000000000e+03,3.611476494724032449e+01,2.530993119823326865e+01,-6.141801639053590979e-03,1.939997630971321598e+02,4.553439810024062506e-02,nan,1.720257875464089060e-05,1.737853152736259332e+01,1.000000000000000000e+00,1.000000000000000000e+00,-1.000000000000000000e+00,0.000000000000000000e+00
1.618000000000000000e+03,8.733222700448806108e+01,1.038294398261412788e+01,-7.274936365441137497e-03,2.301921024159224203e+02,4.034479607789598354e-02,nan,2.218901341025681596e-05,8.085253114379085559e+00,1.000000000000000000e+00,1.000000000000000000e+00,-1.000000000000000000e+00,0.000000000000000000e+00
1.619000000000000000e+03,1.416331450450044542e+02,2.217738200825101913e+01,-6.712541221242923108e-03,2.122291934907393340e+02,3.284194839190046622e-02,nan,1.447449819900611643e-05,2.239035972283781106e+01,1.000000000000000000e+00,1.000000000000000000e+00,-1.000000000000000000e+00,0.000000000000000000e+00
1.619000000000000000e+03,1.248220708395170817e+02,3.696643176053986934e+01,-7.507684939597822869e-03,2.376260951933729189e+02,3.951464376762436892e-02,nan,2.217784791448240605e-05,1.300965741377114426e+01,1.000000000000000000e+00,1.000000000000000000e+00,-1.000000000000000000e+00,0.000000000000000000e+00
1.619000000000000000e+03,1.208487697702622938e+02,5.061810873065997640e+01,-8.335697157942929120e-03,2.640728172543831533e+02,2.601207155891349654e-02,nan,1.867284202866483167e-05,1.421813649827040216e+01,1.000000000000000000e+00,1.000000000000000000e+00,-1.000000000000000000e+00,0.000000000000000000e+00
1.621000000000000000e+03,5.275898936146974449e+01,3.806456094948077151e+01,-6.869120714402278047e-03,2.172303447349995906e+02,2.903214685181176868e-02,nan,1.452973826195037157e-05,1.569532511059822255e+01,1.000000000000000000e+00,1.000000000000000000e+00,-1.000000000000000000e+00,0.000000000000000000e+00
1.622000000000000000e+03,1.249366372937451963e+01,3.833241414270270297e+01,-8.557858780337138441e-03,2.711686626415751675e+02,1.871474999796218786e-02,nan,1.393403078504036884e-05,1.020489226940793337e+01,1.000000000000000000e+00,1.000000000000000000e+00,-1.000000000000000000e+00,0.000000000000000000e+00
1.624000000000000000e+03,3.751680556310342496e+01,4.989483464006792701e+01,-1.567302751432161521e-03,4.789020339628589085e+01,3.103541494919659360e-01,nan,1.244567144098119266e-05,1.929454696377656120e+01,1.000000000000000000e+00,1.000000000000000000e+00,-1.000000000000000000e+00,0.000000000000000000e+00
1.625000000000000000e+03,5.800174241522584850e+01,5.285836947685823617e+01,-7.658729081247509993e-03,2.424504472314828547e+02,3.145975944615153619e-02,nan,1.888556399198379446e-05,1.569532511059822255e+01,1.000000000000000000e+00,1.000000000000000000e+00,-1.000000000000000000e+00,0.000000000000000000e+00
1.625000000000000000e+03,9.191312121956919157e+00,2.867662312947089376e+01,-8.032595697358030709e-03,2.543917522812162417e+02,3.422728088108817346e-02,nan,2.211404179887069201e-05,1.020489226940793337e+01,1.000000000000000000e+00,1.000000000000000000e+00,-1.000000000000000000e+00,0.000000000000000000e+00
1.627000000000000000e+03,4.609067210467579656e+01,3.081921733750402836e+01,-6.679993075279444525e-03,2.111896052445444809e+02,3.203736383370048291e-02,nan,1.447805026178323127e-05,2.091387967227910849e+01,1.000000000000000000e+00,1.000000000000000000e+00,-1.000000000000000000e+00,0.000000000000000000e+00
1.627000000000000000e+03,7.462183391400023424e+01,1.308896076445193302e+01,-7.380437911395157369e-03,2.335618232980965843e+02,3.854826275874956298e-02,nan,2.171113605410052765e-05,8.105975888519591166e+00,1.000000000000000000e+00,1.000000000000000000e+00,-1.000000000000000000e+00,0.000000000000000000e+00
1.628000000000000000e+03,9.509722777716991970e+01,2.116031104964354626e+01,-1.615605961407207527e-03,4.943300861167007554e+01,3.719816200116031757e-01,nan,1.870607774186210163e-05,7.251429650401105320e+00,1.000000000000000000e+00,1.000000000000000000e+00,-1.000000000000000000e+00,0.000000000000000000e+00
1.632000000000000000e+03,9.466950232254053788e+01,3.553005462489276312e+01,-7.612614342669357485e-03,2.409775418237220208e+02,2.934171271771546241e-02,nan,1.647974463707863767e-05,1.437610793931911424e+01,1.000000000000000000e+00,1.000000000000000000e+00,-1.000000000000000000e+00,0.000000000000000000e+00
1.632000000000000000e+03,1.312653284393470585e+02,2.427213444919757634e+01,-6.003055523046116164e-03,1.895682101733985974e+02,3.633948551276400263e-02,nan,1.293343445119323135e-05,1.641142092142000664e+01,1.000000000000000000e+00,1.000000000000000000e+00,-1.000000000000000000e+00,0.000000000000000000e+00
1.633000000000000000e+03,3.768174785817691941e+01,3.613991743825778968e+01,-9.051116892103101136e-03,2.869233337650103408e+02,2.498832477244150585e-02,nan,1.975740176786605401e-05,1.737116745490224545e+01,1.000000000000000000e+00,1.000000000000000000e+00,-1.000000000000000000e+00,0.000000000000000000e+00
1.633000000000000000e+03,1.096728254122629664e+02,3.978638378288366795e+01,-6.433968085580699624e-03,2.033315635653651157e+02,3.481529457135623673e-02,nan,1.456113762994955976e-05,1.559538526730781882e+01,1.000000000000000000e+00,1.000000000000000000e+00,-1.000000000000000000e+00,0.000000000000000000e+00
1.634000000000000000e+03,1.075110691095352280e+02,7.872210252414213016e+00,-6.878554351227759815e-03,2.175316552297247199e+02,4.496411272813061188e-02,nan,2.179851887138962088e-05,2.193750653930599981e+01,1.000000000000000000e+00,1.000000000000000000e+00,-1.000000000000000000e+00,0.000000000000000000e+00
1.634000000000000000e+03,1.348264638951326049e+02,4.029252929219596524e+01,-1.877706333937185015e-03,5.780449824770646927e+01,2.710749046836053999e-01,nan,1.488489542322667662e-05,9.067198041778771866e+00,1.000000000000000000e+00,1.000000000000000000e+00,-1.000000000000000000e+00,0.000000000000000000e+00
1.637000000000000000e+03,5.509162824499100708e+01,3.057565189243695158e+01,-7.777058358276606187e-03,2.462298860271124283e+02,2.952927675858318946e-02,nan,1.910262913924229102e-05,1.235303966557879818e+01,1.000000000000000000e+00,1.000000000000000000e+00,-1.000000000000000000e+00,0.000000000000000000e+00
1.638000000000000000e+03,7.523721700501262433e+01,1.620178565135596926e+01,-1.426104255948882835e-02,4.533284338724174631e+02,1.044841601537227493e-02,nan,2.457145279257179381e-05,1.301513364706430664e+01,1.000000000000000000e+00,1.000000000000000000e+00,-1.000000000000000000e+00,0.000000000000000000e+00
1.638000000000000000e+03,3.889515351310751612e+01,5.346865384524480902e+01,-2.058290641096173490e-03,6.357236359341244736e+01,2.341792151709179981e-01,nan,1.394492746754734835e-05,1.592097432661439882e+01,1.000000000000000000e+00,1.000000000000000000e+00,-1.000000000000000000e+00,0.000000000000000000e+00
1.639000000000000000e+03,1.019334173941290800e+02,2.908880739954693340e+01,-7.326659310869140448e-03,2.318441340304378855e+02,3.547571966600349125e-02,nan,1.877450416522529822e-05,8.025445194799939230e+00,1.000000000000000000e+00,1.000000000000000000e+00,-1.000000000000000000e+00,0.000000000000000000e+00
1.639000000000000000e+03,4.949220858177011451e+01,4.158674123066767692e+01,-6.947884025084486229e-03,2.197460460013173531e+02,3.437617793739766725e-02,nan,1.582317371553514188e-05,1.235303966557879818e+01,1.000000000000000000e+00,1.000000000000000000e+00,-1.000000000000000000e+00,0.000000000000000000e+00
1.640000000000000000e+03,1.257841540615908542e+02,3.533875523632620030e+01,-6.395847280448751539e-03,2.021139845058658011e+02,8.227668806111121391e-02,nan,4.092714149467691298e-05,7.102036547815355760e+00,1.000000000000000000e+00,1.000000000000000000e+00,-1.000000000000000000e+00,0.000000000000000000e+00
1.641000000000000000e+03,1.335924815051815244e+02,1.443185706833734905e+01,-6.951886380980650676e-03,2.198738813057125583e+02,5.710779219080308611e-02,nan,2.880227233795742194e-05,1.562012939802944267e+01,1.000000000000000000e+00,1.000000000000000000e+00,-1.000000000000000000e+00,0.000000000000000000e+00
1.641000000000000000e+03,1.263227383143620557e+02,2.825716995270700593e+01,-7.792777574128625581e-03,2.467319580055745973e+02,4.187774304505720302e-02,nan,2.845622841154367679e-05,7.102036547815355760e+00,1.000000000000000000e+00,1.000000000000000000e+00,-1.000000000000000000e+00,0.000000000000000000e+00
1.643000000000000000e+03,8.772007512445122757e+01,1.089030817930743922e+01,-6.655146594536276786e-03,2.103960082953084907e+02,3.910714446611784911e-02,nan,1.702232089225209186e-05,1.356589620209860314e+01,1.000000000000000000e+00,1.000000000000000000e+00,-1.000000000000000000e+00,0.000000000000000000e+00
1.643000000000000000e+03,8.521741951429508788e+01,2.455578240289097636e+01,-6.646600882245472762e-03,2.101230581228823269e+02,5.292722522236426030e-02,nan,2.406514315628460100e-05,9.620437670618366965e+00,1.000000000000000000e+00,1.000000000000000000e+00,-1.000000000000000000e+00,0.000000000000000000e+00
1.643000000000000000e+03,8.897849352785746646e+01,3.341056321546667363e+01,-7.262591507932816999e-03,2.297978074910747637e+02,2.685374694987296973e-02,nan,1.515307358828061114e-05,9.620437670618366965e+00,1.000000000000000000e+00,1.000000000000000000e+00,-1.000000000000000000e+00,0.000000000000000000e+00
1.645000000000000000e+03,2.505982868864246882e+01,6.108292978086843128e+00,-1.424053715740993160e-02,4.526734910376200105e+02,8.477467842447850011e-03,nan,1.884434987161258556e-05,1.310643885253913155e+01,1.000000000000000000e+00,1.000000000000000000e+00,-1.000000000000000000e+00,0.000000000000000000e+00
1.645000000000000000e+03,4.678812041395401877e+01,1.149022412313722086e+01,-7.903867970163243328e-03,2.502801868390174604e+02,2.747119339059700405e-02,nan,1.677951947854238628e-05,1.229435705915821586e+01,1.000000000000000000e+00,1.000000000000000000e+00,-1.000000000000000000e+00,0.000000000000000000e+00
1.645000000000000000e+03,1.756537685875830590e+01,4.952766645980046434e+01,-1.632036512016538012e-03,4.995780063242406754e+01,3.320077598679952446e-01,nan,1.687781803848505935e-05,1.202607927390818077e+01,1.000000000000000000e+00,1.000000000000000000e+00,-1.000000000000000000e+00,0.000000000000000000e+00
1.647000000000000000e+03,1.185161939065108214e+02,2.101812384808970791e+01,-7.185199409834164622e-03,2.273259027742286378e+02,4.259230062716723442e-02,nan,2.175769357092538459e-05,1.727046748023060729e+01,1.000000000000000000e+00,1.000000000000000000e+00,-1.000000000000000000e+00,0.000000000000000000e+00
1.648000000000000000e+03,3.623865535502775970e+01,3.905168167399503432e+01,-1.440311068975054943e-03,4.383408724776381860e+01,3.708006882998978737e-01,nan,1.503999098827641557e-05,9.181013242128202023e+00,1.000000000000000000e+00,1.000000000000000000e+00,-1.000000000000000000e+00,0.000000000000000000e+00
1.649000000000000000e+03,2.954741517893975100e+01,4.533804064068148421e+01,-8.481233317478614059e-03,2.687212442652306095e+02,2.225640081182289620e-02,nan,1.708773544838201836e-05,9.181013242128202023e+00,1.000000000000000000e+00,1.000000000000000000e+00,-1.000000000000000000e+00,0.000000000000000000e+00
1.650000000000000000e+03,3.492901106002109657e+01,1.473255982900330707e+01,-6.834909645651874970e-03,2.161376427112778345e+02,2.953696789302129311e-02,nan,1.396374197669007482e-05,9.042573156376839449e+00,1.000000000000000000e+00,1.000000000000000000e+00,-1.000000000000000000e+00,0.000000000000000000e+00
1.650000000000000000e+03,2.304351008293881620e+01,3.421366686141981717e+01,-5.197664591005421095e-03,1.638440123195202318e+02,3.586452493095898530e-01,nan,2.334206500349055664e-04,8.905031312483465911e+00,1.000000000000000000e+00,1.000000000000000000e+00,-1.000000000000000000e+00,0.000000000000000000e+00
1.651000000000000000e+03,1.059633122210561424e+02,5.086871740971919564e+01,-7.638407495701847461e-03,2.418013754993780822e+02,2.625061572330678050e-02,nan,1.480203362236005857e-05,1.892766512264451961e+01,1.000000000000000000e+00,1.000000000000000000e+00,-1.000000000000000000e+00,0.000000000000000000e+00
1.652000000000000000e+03,1.255977762757272131e+02,3.676995669806962752e+01,-1.286995757509660533e-02,4.088971596347076343e+02,1.965980814707080082e-02,nan,3.514556397615416509e-05,7.751104711239842793e+00,1.000000000000000000e+00,1.000000000000000000e+00,-1.000000000000000000e+00,0.000000000000000000e+00
1.653000000000000000e+03,1.289822421024337871e+02,2.979679275962246976e+01,-5.629191982792844037e-03,1.776270033665896051e+02,1.829963182906100272e-01,nan,7.426610996282931201e-05,7.751104711239842793e+00,1.000000000000000000e+00,1.000000000000000000e+00,-1.000000000000000000e+00,0.000000000000000000e+00
1.654000000000000000e+03,2.825728772803842404e+01,2.083634857615904679e+01,-7.280819390972741167e-03,2.303800063352910286e+02,5.452697395126415714e-02,nan,2.916881679799967505e-05,5.779428293995628074e+00,1.000000000000000000e+00,1.000000000000000000e+00,-1.000000000000000000e+00,0.000000000000000000e+00
1.654000000000000000e+03,8.971990470028495679e+01,4.115232820852270379e+01,-1.478363079379589606e-03,4.504946900268855359e+01,3.516043841240639178e-01,nan,1.376706159199251507e-05,1.892766512264451961e+01,1.000000000000000000e+00,1.000000000000000000e+00,-1.000000000000000000e+00,0.000000000000000000e+00
1.655000000000000000e+03,6.092772412507465596e+00,1.560301672801868200e+01,-1.763303699290965114e-03,5.415047646577806262e+01,3.711299030247489084e-01,nan,2.157807282623242968e-05,9.980352833643189925e+00,1.000000000000000000e+00,1.000000000000000000e+00,-1.000000000000000000e+00,0.000000000000000000e+00
1.656000000000000000e+03,4.701415651499770831e+01,5.149893400135459132e+01,-1.410370120468151280e-02,4.483029487562575355e+02,1.029826394856026006e-02,nan,2.091413128711802800e-05,9.695676737306351711e+00,1.000000000000000000e+00,1.000000000000000000e+00,-1.000000000000000000e+00,0.000000000000000000e+00
1.656000000000000000e+03,1.091046356596920646e+02,2.129046063426648416e+01,-1.400354663431696220e-03,4.255787908494926342e+01,3.473553866314933458e-01,nan,1.227038389443221010e-05,1.288927523916137119e+01,1.000000000000000000e+00,1.000000000000000000e+00,-1.000000000000000000e+00,0.000000000000000000e+00
1.656000000000000000e+03,8.158784104606834120e+00,5.838845571585672189e+00,-1.694416613888591458e-03,5.195022197572858147e+01,2.992217192359116762e-01,nan,1.385233329404328782e-05,9.980352833643189925e+00,1.000000000000000000e+00,1.000000000000000000e+00,-1.000000000000000000e+00,0.000000000000000000e+00
1.659000000000000000e+03,1.180137731780783561e+01,2.643426766119266702e+01,-6.802468824106625706e-03,2.151014824085316093e+02,5.078931462720959189e-02,nan,2.384076868831848481e-05,1.224353571245666572e+01,1.000000000000000000e+00,1.000000000000000000e+00,-1.000000000000000000e+00,0.000000000000000000e+00
1.660000000000000000e+03,3.750340677417189283e+01,5.338355246717870273e+01,-7.284309643690246167e-03,2.304914850568575275e+02,3.708961105541586090e-02,nan,1.952278382344931282e-05,9.695676737306351711e+00,1.000000000000000000e+00,1.000000000000000000e+00,-1.000000000000000000e+00,0.000000000000000000e+00
1.660000000000000000e+03,2.726969272515656684e+01,6.028639221019488126e+00,-1.477281198801044413e-03,4.501491372158270821e+01,3.160596571547185096e-01,nan,1.157526060864682844e-05,1.911185103364840288e+01,1.000000000000000000e+00,1.000000000000000000e+00,-1.000000000000000000e+00,0.000000000000000000e+00
1.663000000000000000e+03,1.310059637043468115e+02,9.603669912178906642e+00,-8.350794385244551463e-03,2.645550229096763815e+02,2.686523365774184935e-02,nan,1.825572444192094209e-05,9.597076559082550418e+00,1.000000000000000000e+00,1.000000000000000000e+00,-1.000000000000000000e+00,0.000000000000000000e+00
1.664000000000000000e+03,1.361936984620833471e+02,4.027436591018546608e+01,-7.305069873383425449e-03,2.311545670892888609e+02,3.429363806160468098e-02,nan,1.802786241984748606e-05,2.428680722491321120e+01,1.000000000000000000e+00,1.000000000000000000e+00,-1.000000000000000000e+00,0.000000000000000000e+00
1.666000000000000000e+03,1.202839822657896285e+01,4.550256026085006056e+01,-6.343609969846241564e-03,2.004455240603419668e+02,3.847021397750005622e-02,nan,1.441021957190376431e-05,7.463785467251266681e+00,1.000000000000000000e+00,1.000000000000000000e+00,-1.000000000000000000e+00,0.000000000000000000e+00
1.667000000000000000e+03,9.587555835714771035e+01,3.917777886774877771e+01,-7.096731627526636776e-03,2.245002405458169221e+02,2.583826309989600833e-02,nan,1.302553958200173627e-05,2.074285080870816955e+01,1.000000000000000000e+00,1.000000000000000000e+00,-1.000000000000000000e+00,0.000000000000000000e+00
1.668000000000000000e+03,1.264269514198016111e+02,1.803791706168050979e+01,-1.394874576960678176e-03,4.238284504492146709e+01,3.604046600447482485e-01,nan,1.403499435205808458e-05,9.597076559082550418e+00,1.000000000000000000e+00,1.000000000000000000e+00,-1.000000000000000000e+00,0.000000000000000000e+00
1.670000000000000000e+03,1.029091546260407775e+01,7.985315513005617483e+00,-7.529746468465426529e-03,2.383307407399912847e+02,3.357188693468382557e-02,nan,1.913846752599912497e-05,1.815604993116966881e+01,1.000000000000000000e+00,1.000000000000000000e+00,-1.000000000000000000e+00,0.000000000000000000e+00
1.672000000000000000e+03,8.849496934556729855e+01,1.340212322710794446e+01,1.579262675645217622e-03,-4.827220354619383613e+01,2.740309338598159172e-01,nan,1.043408550989845508e-05,9.322716255096986870e+00,1.000000000000000000e+00,1.000000000000000000e+00,-1.000000000000000000e+00,0.000000000000000000e+00
1.675000000000000000e+03,6.437401917310420885e+00,3.162944666688714435e+01,-6.843914119330983883e-03,2.164252457289881875e+02,3.410509613411016883e-02,nan,1.611264380956215427e-05,9.195208303002656791e+00,1.000000000000000000e+00,1.000000000000000000e+00,-1.000000000000000000e+00,0.000000000000000000e+00
1.675000000000000000e+03,1.222504253405292047e+02,4.318635211957065678e+01,-8.455519387649077651e-03,2.678999409798066154e+02,4.043968146550791509e-02,nan,3.023722415722385833e-05,9.460465784237795717e+00,1.000000000000000000e+00,1.000000000000000000e+00,-1.000000000000000000e+00,0.000000000000000000e+00
1.675000000000000000e+03,1.127448933740301555e+02,2.432417520938861344e+01,-6.277888562578862533e-03,1.983463813750653060e+02,4.456105634515117320e-02,nan,1.861431582763937238e-05,1.630303363094362723e+01,1.000000000000000000e+00,1.000000000000000000e+00,-1.000000000000000000e+00,0.000000000000000000e+00
1.675000000000000000e+03,3.643527005823025888e+01,3.322379394577770029e+01,-8.201493797215212919e-03,2.597863599990626540e+02,1.021306391032211769e-01,nan,7.539109224509338313e-05,1.509380529177656172e+01,1.000000000000000000e+00,1.000000000000000000e+00,-1.000000000000000000e+00,0.000000000000000000e+00
1.675000000000000000e+03,5.514434363111038806e+01,4.049430922632284080e+01,-1.758729682412282173e-03,5.400438230144958140e+01,3.434068952755440218e-01,nan,1.902125349723008345e-05,2.007211564335165122e+01,1.000000000000000000e+00,1.000000000000000000e+00,-1.000000000000000000e+00,0.000000000000000000e+00
1.677000000000000000e+03,7.921406722756253771e+01,1.428410636133691192e+01,-2.078643043428648942e-03,6.422241961412746036e+01,2.151845523450044428e-01,nan,1.278257208337251649e-05,9.322716255096986870e+00,1.000000000000000000e+00,1.000000000000000000e+00,-1.000000000000000000e+00,0.000000000000000000e+00
1.678000000000000000e+03,1.778602225628617006e+01,2.638393658319425583e+01,-7.896614567117725761e-03,2.500485130423134876e+02,2.239845612710611444e-02,nan,1.340793445814951513e-05,1.153780483917024924e+01,1.000000000000000000e+00,1.000000000000000000e+00,-1.000000000000000000e+00,0.000000000000000000e+00
1.679000000000000000e+03,1.417302978243280336e+02,1.490616167202161790e+01,-7.800641373078594579e-03,2.469831278561707109e+02,2.105255271452288746e-02,nan,1.233411001265832300e-05,3.047708401631258468e+01,1.000000000000000000e+00,1.000000000000000000e+00,-1.000000000000000000e+00,0.000000000000000000e+00
1.680000000000000000e+03,5.529152220650155414e+01,9.279108747443620686e+00,-7.264748005579977144e-03,2.298666860566757180e+02,3.136508596536979887e-02,nan,1.911610066799689236e-05,1.558218848180783311e+01,1.000000000000000000e+00,1.000000000000000000e+00,-1.000000000000000000e+00,0.000000000000000000e+00
1.680000000000000000e+03,3.459906054299137423e+01,1.824209535041781649e+01,-7.084102439585481838e-03,2.240968641028901231e+02,3.976532222162942887e-02,nan,2.139767916939234508e-05,1.509380529177656172e+01,1.000000000000000000e+00,1.000000000000000000e+00,-1.000000000000000000e+00,0.000000000000000000e+00
1.681000000000000000e+03,8.874009269305845748e+01,1.789537035480156746e+01,-7.326560882706774185e-03,2.318409902335283732e+02,3.697185362927479790e-02,nan,2.181215174470925330e-05,1.018756049306069400e+01,1.000000000000000000e+00,1.000000000000000000e+00,-1.000000000000000000e+00,0.000000000000000000e+00
1.681000000000000000e+03,1.148956478079215593e+01,3.605221273595675058e+01,-6.480541566447984257e-03,2.048191212083822563e+02,4.102508618896205661e-02,nan,1.717429866901714583e-05,1.153780483917024924e+01,1.000000000000000000e+00,1.000000000000000000e+00,-1.000000000000000000e+00,0.000000000000000000e+00
1.681000000000000000e+03,8.840635510646528417e+01,5.274466001156657313e+01,-1.830558697512494086e-03,5.629860206799855860e+01,2.910960805325754075e-01,nan,1.431863074839167879e-05,3.485088765523503440e+01,1.000000000000000000e+00,1.000000000000000000e+00,-1.000000000000000000e+00,0.000000000000000000e+00
1.684000000000000000e+03,5.348858062467768093e+01,2.475664083544508998e+01,-6.850569844897349062e-03,2.166378296984854046e+02,8.519230068800576205e-02,nan,4.301437325541247059e-05,1.558218848180783311e+01,1.000000000000000000e+00,1.000000000000000000e+00,-1.000000000000000000e+00,0.000000000000000000e+00
1.689000000000000000e+03,9.672675152985479485e+01,1.261145919476783028e+01,-1.248998547522432202e-03,3.772356258453984168e+01,3.684870676132786516e-01,nan,1.111840351059948371e-05,2.364401090188296450e+01,1.000000000000000000e+00,1.000000000000000000e+00,-1.000000000000000000e+00,0.000000000000000000e+00
1.689000000000000000e+03,3.905196966246470680e+01,4.524081440428164314e+01,1.374953492956517125e-03,-4.174656533776320799e+01,3.461680315913390205e-01,nan,1.163152820829713342e-05,2.506026940941596948e+01,1.000000000000000000e+00,1.000000000000000000e+00,-1.000000000000000000e+00,0.000000000000000000e+00
1.690000000000000000e+03,1.264896773538821719e+02,4.838602335567495771e+01,-7.972526901413182557e-03,2.524731540821848057e+02,4.400501453596428192e-02,nan,3.002120519725698210e-05,2.795660083507928562e+01,1.000000000000000000e+00,1.000000000000000000e+00,-1.000000000000000000e+00,0.000000000000000000e+00
1.690000000000000000e+03,2.440368149147964161e+01,1.774216072287767076e+01,-8.472333086844719210e-03,2.684369707718709037e+02,2.276171624533751547e-02,nan,1.701597467210637954e-05,2.943884350714122533e+01,1.000000000000000000e+00,1.000000000000000000e+00,-1.000000000000000000e+00,0.000000000000000000e+00
1.692000000000000000e+03,1.192321694013916016e+02,5.362637362506250227e+00,-8.553917267844005079e-03,2.710427706763404103e+02,1.866070344000825276e-02,nan,1.368881354191918831e-05,1.189774919914590079e+01,1.000000000000000000e+00,1.000000000000000000e+00,-1.000000000000000000e+00,0.000000000000000000e+00
1.695000000000000000e+03,3.417929897363703873e+01,4.551053859916871147e+01,-7.922731515227285012e-03,2.508826887373482748e+02,2.454138502821057166e-02,nan,1.633544260535234430e-05,1.430591539972079040e+01,1.000000000000000000e+00,1.000000000000000000e+00,-1.000000000000000000e+00,0.000000000000000000e+00
1.696000000000000000e+03,1.511628007442537402e+01,1.064646391973824358e+01,-1.967756211761341294e-03,6.068069262947922482e+01,2.110618947657982858e-01,nan,1.103840047735510669e-05,3.354511250630572050e+01,1.000000000000000000e+00,1.000000000000000000e+00,-1.000000000000000000e+00,0.000000000000000000e+00
1.696000000000000000e+03,5.218583409174055987e+01,1.199050070490052811e+01,-7.120078108370955609e-03,2.252459274768943942e+02,3.930847623045452544e-02,nan,2.027997553304844593e-05,3.558389033545480640e+00,1.000000000000000000e+00,1.000000000000000000e+00,-1.000000000000000000e+00,0.000000000000000000e+00
1.701000000000000000e+03,4.864744283547114634e+01,1.161377821869496429e+01,-6.116296273358896515e-03,1.931851213531490146e+02,5.971095494305023177e-02,nan,2.312438502772896592e-05,3.558389033545480640e+00,1.000000000000000000e+00,1.000000000000000000e+00,-1.000000000000000000e+00,0.000000000000000000e+00
1.701000000000000000e+03,9.613941890195565065e+01,3.241278989803760169e+01,-6.755792610873356287e-03,2.136106434922799906e+02,4.412957800141459330e-02,nan,2.161561747576344451e-05,3.978068576598882800e+01,1.000000000000000000e+00,1.000000000000000000e+00,-1.000000000000000000e+00,0.000000000000000000e+00
1.702000000000000000e+03,1.774165435460487927e+01,3.742956633112665088e+01,-6.724978021732720170e-03,2.126264250757264165e+02,3.244112251686315229e-02,nan,1.481974965666921309e-05,3.066274242808953332e+01,1.000000000000000000e+00,1.000000000000000000e+00,-1.000000000000000000e+00,0.000000000000000000e+00
1.703000000000000000e+03,1.358369346640235449e+02,2.984175852274923102e+01,-7.057444392116694540e-03,2.232454056866057499e+02,4.518882983976346690e-02,nan,2.246282313475854146e-05,2.360021230680761661e+01,1.000000000000000000e+00,1.000000000000000000e+00,-1.000000000000000000e+00,0.000000000000000000e+00
1.704000000000000000e+03,1.323605077081977015e+02,5.318451921096263391e+01,1.552135890903654294e-03,-4.740577365473302507e+01,3.410208900108057106e-01,nan,1.464141318250004408e-05,2.360021230680761661e+01,1.000000000000000000e+00,1.000000000000000000e+00,-1.000000000000000000e+00,0.000000000000000000e+00
1.705000000000000000e+03,1.796606146750283273e+01,6.767645082466399842e+00,-1.423819066340325373e-03,4.330733244844230256e+01,3.707338524395717982e-01,nan,1.405625602275597301e-05,2.221382254836375836e+01,1.000000000000000000e+00,1.000000000000000000e+00,-1.000000000000000000e+00,0.000000000000000000e+00
1.707000000000000000e+03,9.673503844222295811e+01,2.497862694865086652e+01,-1.787300343104431715e-03,5.491692961136111961e+01,2.920837470347791287e-01,nan,1.531401394888087152e-05,1.778801765047376904e+01,1.000000000000000000e+00,1.000000000000000000e+00,-1.000000000000000000e+00,0.000000000000000000e+00
1.709000000000000000e+03,1.172028561176166903e+02,1.160464144141048948e+01,-6.350451457983312745e-03,2.006640412889964580e+02,4.054148178740424324e-02,nan,1.631745456511364840e-05,2.444984762204124351e+01,1.000000000000000000e+00,1.000000000000000000e+00,-1.000000000000000000e+00,0.000000000000000000e+00
1.709000000000000000e+03,9.894862780429133409e+01,4.262837465420473393e+01,-6.580590323401120864e-03,2.080146799321140065e+02,4.282618847304264786e-02,nan,1.937390445540674086e-05,9.639722683542112591e+00,1.000000000000000000e+00,1.000000000000000000e+00,-1.000000000000000000e+00,0.000000000000000000e+00
1.710000000000000000e+03,7.568988194859720409e+01,4.583999482074214171e+01,-6.079892565301580655e-03,1.920223863986984725e+02,3.044585188289528066e-02,nan,1.095537680525641275e-05,1.291245341898957655e+01,1.000000000000000000e+00,1.000000000000000000e+00,-1.000000000000000000e+00,0.000000000000000000e+00
1.712000000000000000e+03,1.062500590577503061e+02,4.892228878347349053e+01,-6.204892187647124448e-03,1.960148761188513902e+02,3.257594508181071991e-02,nan,1.233251174343206559e-05,9.639722683542112591e+00,1.000000000000000000e+00,1.000000000000000000e+00,-1.000000000000000000e+00,0.000000000000000000e+00
1.713000000000000000e+03,8.687531293315947778e+01,3.938882539286552742e+01,-7.993250624671158905e-03,2.531350700985551896e+02,2.838815603535893572e-02,nan,1.930199379689223567e-05,1.250038444985341357e+01,1.000000000000000000e+00,1.000000000000000000e+00,-1.000000000000000000e+00,0.000000000000000000e+00
1.716000000000000000e+03,1.178022883802690046e+02,2.302405404598668071e+01,-6.405993514135985105e-03,2.024380553545165924e+02,3.755982210055441861e-02,nan,1.529250847293319731e-05,2.226474994586247291e+01,1.000000000000000000e+00,1.000000000000000000e+00,-1.000000000000000000e+00,0.000000000000000000e+00
1.716000000000000000e+03,7.027009303166818199e+01,2.617572809129091382e+01,-7.704884196304976132e-03,2.439246422645687176e+02,2.744188605001607328e-02,nan,1.577032928812440962e-05,1.616923975466773555e+01,1.000000000000000000e+00,1.000000000000000000e+00,-1.000000000000000000e+00,0.000000000000000000e+00
1.716000000000000000e+03,5.123946654702761450e+00,4.091308946892564080e+01,-1.892757067293103284e-03,5.828521888571092546e+01,3.657312528981312427e-01,nan,2.430156653664067976e-05,3.312328484447783694e+01,1.000000000000000000e+00,1.000000000000000000e+00,-1.000000000000000000e+00,0.000000000000000000e+00
1.717000000000000000e+03,5.241642606052631237e+01,9.937853347066274878e+00,-6.663363940826408371e-03,2.106584704529907981e+02,3.102674754352363617e-02,nan,1.442809385320215841e-05,2.413342082104338715e+01,1.000000000000000000e+00,1.000000000000000000e+00,-1.000000000000000000e+00,0.000000000000000000e+00
1.719000000000000000e+03,3.819947545820978263e+01,4.953685029955158114e+01,-6.716013661749140572e-03,2.123401032900233076e+02,4.302616939774039917e-02,nan,1.950966132250914371e-05,6.480465329843392297e+00,1.000000000000000000e+00,1.000000000000000000e+00,-1.000000000000000000e+00,0.000000000000000000e+00
1.722000000000000000e+03,2.173077444972825489e+01,2.554258843747606278e+01,-7.303453910062348946e-03,2.311029531977707734e+02,3.444448912360997817e-02,nan,1.847067664866188004e-05,1.698070487420299912e+01,1.000000000000000000e+00,1.000000000000000000e+00,-1.000000000000000000e+00,0.000000000000000000e+00
1.725000000000000000e+03,1.191201966762875060e+02,1.697534315537312821e+01,-7.001469551934648775e-03,2.214575684930161117e+02,4.579214153444910451e-02,nan,2.429206807985084951e-05,1.979650130995000623e+01,1.000000000000000000e+00,1.000000000000000000e+00,-1.000000000000000000e+00,0.000000000000000000e+00
1.726000000000000000e+03,1.254500553681661401e+01,4.131012774495115991e+01,-6.607319592273007934e-03,2.088684131610289683e+02,3.432545810557330324e-02,nan,1.489516053416588326e-05,1.824811350069332860e+01,1.000000000000000000e+00,1.000000000000000000e+00,-1.000000000000000000e+00,0.000000000000000000e+00
1.726000000000000000e+03,1.442886346650890772e+01,1.021201656236578970e+01,-6.367602064620227556e-03,2.012118319095391712e+02,4.960822936240860681e-02,nan,2.188984569569855262e-05,1.698070487420299912e+01,1.000000000000000000e+00,1.000000000000000000e+00,-1.000000000000000000e+00,0.000000000000000000e+00
1.729000000000000000e+03,1.265408074818070929e+02,3.532843552118053765e+01,-1.930861403639428167e-03,5.950227193196258213e+01,2.743817443717880833e-01,nan,1.445824865767186030e-05,8.300918518233881827e+00,1.000000000000000000e+00,1.000000000000000000e+00,-1.000000000000000000e+00,0.000000000000000000e+00
1.732000000000000000e+03,3.947464642368764487e+01,1.136712079423924493e+01,-7.309593920086458058e-03,2.312990652054945144e+02,2.562490952572182845e-02,nan,1.322202396525082954e-05,1.937686666736850327e+01,1.000000000000000000e+00,1.000000000000000000e+00,-1.000000000000000000e+00,0.000000000000000000e+00
1.733000000000000000e+03,7.228330660263323182e+01,1.130367854895234991e+01,-6.532355582861702585e-03,2.064740616314801116e+02,3.368112110662657699e-02,nan,1.480272263465056567e-05,1.574644603211166149e+01,1.000000000000000000e+00,1.000000000000000000e+00,-1.000000000000000000e+00,0.000000000000000000e+00
1.733000000000000000e+03,9.275927493866876716e+01,5.002797159979447628e+01,-7.506559070759945967e-03,2.375901349266367788e+02,5.952103631701832764e-02,nan,3.797580864781511969e-05,7.868271984740264458e+00,1.000000000000000000e+00,1.000000000000000000e+00,-1.000000000000000000e+00,0.000000000000000000e+00
1.733000000000000000e+03,7.339987210015306118e+01,4.059866929268712710e+01,-1.610746058802607237e-03,4.927778325317920149e+01,2.921379241232247015e-01,nan,1.270595558014026717e-05,1.498509314013380234e+01,1.000000000000000000e+00,1.000000000000000000e+00,-1.000000000000000000e+00,0.000000000000000000e+00
1.734000000000000000e+03,8.489320452469823408e+01,5.021409056257352432e+01,-8.392263129603196731e-03,2.658795351958164588e+02,6.499738573458191393e-02,nan,5.112123411483228451e-05,7.868271984740264458e+00,1.000000000000000000e+00,1.000000000000000000e+00,-1.000000000000000000e+00,0.000000000000000000e+00
1.735000000000000000e+03,1.436640933935647695e+02,2.424461871372505684e+01,1.590008616296663402e-03,-4.861542904383311026e+01,3.671970788444043343e-01,nan,1.777425270506519282e-05,2.829474320670889043e+01,1.000000000000000000e+00,1.000000000000000000e+00,-1.000000000000000000e+00,0.000000000000000000e+00
1.735000000000000000e+03,5.907750908237836285e+01,4.967706587184346745e+01,-6.206206741406900852e-03,1.960568629846835620e+02,3.732747433793426328e-02,nan,1.410215589629827116e-05,1.695722167282594484e+01,1.000000000000000000e+00,1.000000000000000000e+00,-1.000000000000000000e+00,0.000000000000000000e+00
1.740000000000000000e+03,1.143398175400904648e+02,1.638981876221479084e+01,-7.521999180746131303e-03,2.380832922597642778e+02,4.052125148708340951e-02,nan,2.397516167647161854e-05,8.420339265057890543e+00,1.000000000000000000e+00,1.000000000000000000e+00,-1.000000000000000000e+00,0.000000000000000000e+00
1.740000000000000000e+03,9.179947160122102900e+01,4.857326554992499013e+01,-6.073091879714788074e-03,1.918051724040817305e+02,4.668145945625534754e-02,nan,1.768627827704433820e-05,3.151858156092238872e+01,1.000000000000000000e+00,1.000000000000000000e+00,-1.000000000000000000e+00,0.000000000000000000e+00
1.741000000000000000e+03,2.441149947029644807e+01,4.173995113194261108e+01,-1.638301199238884499e-03,5.015789483163732854e+01,3.720444660182482544e-01,nan,1.978816616878393726e-05,7.601197675465900083e+00,1.000000000000000000e+00,1.000000000000000000e+00,-1.000000000000000000e+00,0.000000000000000000e+00
1.742000000000000000e+03,1.006020712539084059e+02,1.707526899757042571e+01,-7.057547039464712700e-03,2.232486842443651369e+02,3.866109119213867462e-02,nan,1.896810981746113327e-05,1.357122502859554025e+01,1.000000000000000000e+00,1.000000000000000000e+00,-1.000000000000000000e+00,0.000000000000000000e+00
1.742000000000000000e+03,6.034243819295549116e+01,5.054202982321486104e+01,-6.526491868825114867e-03,2.062867745215376658e+02,2.644784337706340693e-02,nan,1.176292025778851966e-05,2.259661017657927218e+01,1.000000000000000000e+00,1.000000000000000000e+00,-1.000000000000000000e+00,0.000000000000000000e+00
1.743000000000000000e+03,1.111870716608367644e+02,8.581982521646954964e+00,-7.692585523236917383e-03,2.435318224714015685e+02,3.684256721467271678e-02,nan,2.413314998726289232e-05,8.420339265057890543e+00,1.000000000000000000e+00,1.000000000000000000e+00,-1.000000000000000000e+00,0.000000000000000000e+00
1.744000000000000000e+03,5.966847803030132980e+01,2.495494763079536327e+01,-7.664616233302935094e-03,2.426384829520811763e+02,2.239026951410250099e-02,nan,1.341580318247095058e-05,1.140239174783059539e+01,1.000000000000000000e+00,1.000000000000000000e+00,-1.000000000000000000e+00,0.000000000000000000e+00
1.745000000000000000e+03,1.428561485306997270e+02,2.003337210504803423e+01,-7.110668058884270400e-03,2.249453703621067575e+02,4.270197794812069514e-02,nan,2.246425467590065883e-05,2.498055546302316188e+01,1.000000000000000000e+00,1.000000000000000000e+00,-1.000000000000000000e+00,0.000000000000000000e+00
1.745000000000000000e+03,4.829046095412599016e+01,2.570010867731994608e+01,-7.220395530163779309e-03,2.284500673594367584e+02,3.122352320808341464e-02,nan,1.579131317612995545e-05,1.140239174783059539e+01,1.000000000000000000e+00,1.000000000000000000e+00,-1.000000000000000000e+00,0.000000000000000000e+00
1.746000000000000000e+03,3.779574772330192189e+01,4.904085017443231465e+01,-1.031533481215205113e-02,3.273024721585309749e+02,1.041172664559821825e-01,nan,1.248362305170540353e-04,7.771658095334163185e+00,1.000000000000000000e+00,1.000000000000000000e+00,-1.000000000000000000e+00,0.000000000000000000e+00
1.746000000000000000e+03,1.067728184475391515e+02,2.927172795138163508e+01,-6.540095700675260110e-03,2.067212811048156027e+02,4.664354947071747137e-02,nan,2.051908258563781625e-05,8.435624232589120197e+00,1.000000000000000000e+00,1.000000000000000000e+00,-1.000000000000000000e+00,0.000000000000000000e+00
1.747000000000000000e+03,1.155134364741383308e+02,4.040297777063418039e+01,-7.150865704178882912e-03,2.262292837260163196e+02,3.868855942488069743e-02,nan,1.950965963802916850e-05,9.840155229775175982e+00,1.000000000000000000e+00,1.000000000000000000e+00,-1.000000000000000000e+00,0.000000000000000000e+00
1.747000000000000000e+03,1.299093036126681966e+02,4.139706462084729566e+01,-1.348635409270878237e-02,4.285848731967670346e+02,1.317808854839275234e-02,nan,2.414422011689537452e-05,1.192926236130493223e+01,1.000000000000000000e+00,1.000000000000000000e+00,-1.000000000000000000e+00,0.000000000000000000e+00
1.748000000000000000e+03,7.438281295578430274e+01,4.590408501771108263e+01,-1.522370896266354162e-02,4.840760125169911134e+02,1.027859356132576618e-02,nan,2.367016292614113385e-05,2.560035174670765912e+01,1.000000000000000000e+00,1.000000000000000000e+00,-1.000000000000000000e+00,0.000000000000000000e+00
1.748000000000000000e+03,1.151077544430700073e+02,3.057118866408088564e+01,-1.793903455820113112e-03,5.512783312565728266e+01,3.225281737649197122e-01,nan,1.934651750298333446e-05,8.435624232589120197e+00,1.000000000000000000e+00,1.000000000000000000e+00,-1.000000000000000000e+00,0.000000000000000000e+00
1.750000000000000000e+03,1.208246474637915782e+02,4.912857955270410315e+01,-1.745051767827307879e-03,5.356750951456483278e+01,3.155051583495099843e-01,nan,1.711403451356404020e-05,1.021494437752233964e+01,1.000000000000000000e+00,1.000000000000000000e+00,-1.000000000000000000e+00,0.000000000000000000e+00
1.754000000000000000e+03,4.954698408677656829e+01,2.674625108765216197e+01,-5.862234527231642914e-03,1.850703855590427054e+02,6.233927811701867050e-02,nan,2.353451220252291383e-05,2.469715495929921900e+01,1.000000000000000000e+00,1.000000000000000000e+00,-1.000000000000000000e+00,0.000000000000000000e+00
1.754000000000000000e+03,1.141191449640239597e+02,2.023474697355578655e+01,1.507890362738882346e-03,-4.599257085422964053e+01,3.318490352794933873e-01,nan,1.323876407655686647e-05,2.966171480016356909e+01,1.000000000000000000e+00,1.000000000000000000e+00,-1.000000000000000000e+00,0.000000000000000000e+00
1.756000000000000000e+03,7.400228228355645399e+01,3.019412770815535652e+01,-7.309832279853955596e-03,2.313066784198672678e+02,2.482117318548582308e-02,nan,1.315824993458012243e-05,1.424798934635034797e+01,1.000000000000000000e+00,1.000000000000000000e+00,-1.000000000000000000e+00,0.000000000000000000e+00
1.758000000000000000e+03,1.107713538222430998e+02,5.233634735191742493e+01,-1.714116086717443026e-03,5.257942341878737835e+01,2.965384197955396317e-01,nan,1.298081395935200467e-05,3.227569445234315282e+01,1.000000000000000000e+00,1.000000000000000000e+00,-1.000000000000000000e+00,0.000000000000000000e+00
1.761000000000000000e+03,6.122135205185271900e+01,3.649119232796310541e+01,-8.071512624194289443e-03,2.556347594793035398e+02,8.387419405941820560e-02,nan,5.772992969720578560e-05,5.774949259299030579e+00,1.000000000000000000e+00,1.000000000000000000e+00,-1.000000000000000000e+00,0.000000000000000000e+00
1.762000000000000000e+03,6.287052186266248555e+01,5.285305712043319915e+01,-6.804013845646192209e-03,2.151508304185366569e+02,4.114454790649069160e-02,nan,1.943731828934713271e-05,1.644476757366788533e+01,1.000000000000000000e+00,1.000000000000000000e+00,-1.000000000000000000e+00,0.000000000000000000e+00
1.763000000000000000e+03,2.084239533468159422e+01,2.341522162894253611e+01,-6.800488735547437560e-03,2.150382383517160179e+02,3.200863892267080679e-02,nan,1.446381657577144118e-05,1.165009005224125893e+01,1.000000000000000000e+00,1.000000000000000000e+00,-1.000000000000000000e+00,0.000000000000000000e+00
1.763000000000000000e+03,1.198495512962039022e+01,3.098293933239158093e+01,-1.476165773155241855e-03,4.497928701055032974e+01,3.626536315731068161e-01,nan,1.469191388284170178e-05,1.165009005224125893e+01,1.000000000000000000e+00,1.000000000000000000e+00,-1.000000000000000000e+00,0.000000000000000000e+00
1.763000000000000000e+03,3.510321128813153280e+01,2.867228989688296537e+01,1.549301580200668216e-03,-4.731524573046370108e+01,3.265557648598524931e-01,nan,1.423463333273573731e-05,6.604900717844379265e+00,1.000000000000000000e+00,1.000000000000000000e+00,-1.000000000000000000e+00,0.000000000000000000e+00
1.764000000000000000e+03,1.074854862754634581e+02,1.306801059481789551e+01,-6.124608094302669975e-03,1.934506010326158219e+02,4.096519305925339083e-02,nan,1.479001720662868374e-05,1.080622470125002010e+01,1.000000000000000000e+00,1.000000000000000000e+00,-1.000000000000000000e+00,0.000000000000000000e+00
1.764000000000000000e+03,6.603655591902779065e+01,3.330311286455246744e+01,-6.652987096796849145e-03,2.103270339067177304e+02,1.472869708231200336e-01,nan,7.649954816586808522e-05,5.774949259299030579e+00,1.000000000000000000e+00,1.000000000000000000e+00,-1.000000000000000000e+00,0.000000000000000000e+00
1.764000000000000000e+03,8.597479308354311911e+01,2.135271492607014565e+01,-1.425343297543886804e-03,4.335601641481888180e+01,3.149761085696853868e-01,nan,1.069050447458375763e-05,2.305094894908229008e+01,1.000000000000000000e+00,1.000000000000000000e+00,-1.000000000000000000e+00,0.000000000000000000e+00
1.766000000000000000e+03,1.418480522637502759e+02,2.676016360136669903e+01,-6.888750483634771896e-03,2.178573198441967804e+02,4.751952139106008222e-02,nan,2.350056006211205580e-05,1.639545697920235057e+01,1.000000000000000000e+00,1.000000000000000000e+00,-1.000000000000000000e+00,0.000000000000000000e+00
1.767000000000000000e+03,4.578894583859528922e+01,2.851868218552167633e+01,-1.604308650907433458e-03,4.907217235321292037e+01,3.051374990635800089e-01,nan,1.324237053150801773e-05,1.068683855085144074e+01,1.000000000000000000e+00,1.000000000000000000e+00,-1.000000000000000000e+00,0.000000000000000000e+00
1.767000000000000000e+03,3.063242562792357049e+01,3.353405799841352319e+01,-1.368024117350914162e-03,4.152524098211059567e+01,3.520507950635323180e-01,nan,1.192876098395042312e-05,6.604900717844379265e+00,1.000000000000000000e+00,1.000000000000000000e+00,-1.000000000000000000e+00,0.000000000000000000e+00
1.768000000000000000e+03,1.145500067557419186e+02,4.890783517279185588e+00,-7.233689933437004518e-03,2.288746907895555580e+02,8.229108705627807829e-02,nan,4.564933618011953213e-05,1.080622470125002010e+01,1.000000000000000000e+00,1.000000000000000000e+00,-1.000000000000000000e+00,0.000000000000000000e+00
1.769000000000000000e+03,5.324105396238689991e+01,5.198037136419965520e+01,-6.315067067817288840e-03,1.995338633625287628e+02,2.879635710969941087e-02,nan,1.190759421533693193e-05,2.024753991135860076e+01,1.000000000000000000e+00,1.000000000000000000e+00,-1.000000000000000000e+00,0.000000000000000000e+00
1.771000000000000000e+03,1.136963702954816995e+02,2.158939577439765500e+01,-6.639444359860338998e-03,2.098944786958524844e+02,4.150603813966768918e-02,nan,1.795607575493312098e-05,1.672041705579955817e+01,1.000000000000000000e+00,1.000000000000000000e+00,-1.000000000000000000e+00,0.000000000000000000e+00
1.779000000000000000e+03,9.446103341700037959e+01,4.954433209360722401e+00,-6.164504965239668913e-03,1.947249076592543133e+02,4.532824184443928761e-02,nan,1.736573187495252225e-05,2.990256589345941762e+01,1.000000000000000000e+00,1.000000000000000000e+00,-1.000000000000000000e+00,0.000000000000000000e+00
1.779000000000000000e+03,4.277878590585622476e+01,5.123147578734676699e+01,-7.417250874489492336e-03,2.347376298642653012e+02,2.304831586212008343e-02,nan,1.349371196395961079e-05,2.231006585013913224e+01,1.000000000000000000e+00,1.000000000000000000e+00,-1.000000000000000000e+00,0.000000000000000000e+00
1.782000000000000000e+03,6.456015110852325734e+01,5.271740926383792214e+00,-7.322317743730252793e-03,2.317054643141131010e+02,2.455161192380539426e-02,nan,1.332823844687411476e-05,2.124550642902705633e+01,1.000000000000000000e+00,1.000000000000000000e+00,-1.000000000000000000e+00,0.000000000000000000e+00
1.782000000000000000e+03,1.341729022460041563e+02,3.049935019343412534e+01,-7.321351266586428527e-03,2.316745950203578275e+02,2.769365762393549701e-02,nan,1.681944458241995682e-05,1.530396706327423928e+01,1.000000000000000000e+00,1.000000000000000000e+00,-1.000000000000000000e+00,0.000000000000000000e+00
1.785000000000000000e+03,1.154951816233839565e+02,4.100896773914490723e+01,-8.028754771327285822e-03,2.542690730490244277e+02,1.339308462043989900e-01,nan,1.022015561164985742e-04,1.388767146106222050e+01,1.000000000000000000e+00,1.000000000000000000e+00,-1.000000000000000000e+00,0.000000000000000000e+00
1.785000000000000000e+03,9.684464299749032534e+01,2.115361309963774161e+01,-7.169903396805940576e-03,2.268373478999931478e+02,4.270022257193528681e-02,nan,2.276781108426371769e-05,1.473658305498161170e+01,1.000000000000000000e+00,1.000000000000000000e+00,-1.000000000000000000e+00,0.000000000000000000e+00
1.786000000000000000e+03,8.352860994210935530e+01,1.484091606870298108e+01,-5.990328967640880242e-03,1.891617238122806270e+02,4.243497830987885688e-02,nan,1.505241985848253255e-05,1.473658305498161170e+01,1.000000000000000000e+00,1.000000000000000000e+00,-1.000000000000000000e+00,0.000000000000000000e+00
1.788000000000000000e+03,1.356098805094508464e+02,5.279703828060509352e+01,1.301742233316848527e-03,-3.940819666091382345e+01,3.554441363823291899e-01,nan,1.141038729200789277e-05,9.553763666581916780e+00,1.000000000000000000e+00,1.000000000000000000e+00,-1.000000000000000000e+00,0.000000000000000000e+00
1.790000000000000000e+03,4.762440366417343540e+01,3.102138479752797551e+01,-7.448047755160615638e-03,2.357212826720501369e+02,3.216332963318813132e-02,nan,1.825999007197990167e-05,1.597941309134713705e+01,1.000000000000000000e+00,1.000000000000000000e+00,-1.000000000000000000e+00,0.000000000000000000e+00
1.790000000000000000e+03,1.280377455897398988e+02,4.697147625153057504e+01,-1.492256670867562205e-03,4.549323051293052345e+01,3.298965912777787057e-01,nan,1.263744151878808746e-05,9.553763666581916780e+00,1.000000000000000000e+00,1.000000000000000000e+00,-1.000000000000000000e+00,0.000000000000000000e+00
1.792000000000000000e+03,7.274560117991046582e+01,1.071929870598474110e+01,-1.400450930724112149e-02,4.451347581375812865e+02,7.644892049666562883e-03,nan,1.577898517030112215e-05,1.072633292313828868e+01,1.000000000000000000e+00,1.000000000000000000e+00,-1.000000000000000000e+00,0.000000000000000000e+00
1.794000000000000000e+03,3.382053358630121664e+01,4.892648088587000288e+00,-1.414559479377529988e-03,4.301158110881323182e+01,3.685533947423255130e-01,nan,1.432692067734729911e-05,2.955093418374342562e+01,1.000000000000000000e+00,1.000000000000000000e+00,-1.000000000000000000e+00,0.000000000000000000e+00
1.799000000000000000e+03,1.801874314225500484e+01,4.245264466051711594e+01,-6.597048427851532303e-03,2.085403520229450294e+02,3.027092711575329886e-02,nan,1.338328693770221973e-05,2.006915869318627088e+01,1.000000000000000000e+00,1.000000000000000000e+00,-1.000000000000000000e+00,0.000000000000000000e+00
1.802000000000000000e+03,1.150620238181929089e+01,2.346954840369016537e+01,-7.178152608132061345e-03,2.271008278273793621e+02,2.530957740693395852e-02,nan,1.341616683003893952e-05,1.495602098980764971e+01,1.000000000000000000e+00,1.000000000000000000e+00,-1.000000000000000000e+00,0.000000000000000000e+00
1.802000000000000000e+03,7.014649006312491508e+01,3.504811137412669808e+01,-1.458229842654469111e-03,4.440641313459765627e+01,2.992779489672791060e-01,nan,1.063712982596315805e-05,1.408956344881943856e+01,1.000000000000000000e+00,1.000000000000000000e+00,-1.000000000000000000e+00,0.000000000000000000e+00
1.804000000000000000e+03,9.224637261801287025e+01,4.485667718110374125e+00,-7.231739659616803935e-03,2.288123990159283494e+02,2.520480646028089300e-02,nan,1.344655591185538721e-05,1.075397933616793367e+01,1.000000000000000000e+00,1.000000000000000000e+00,-1.000000000000000000e+00,0.000000000000000000e+00
1.804000000000000000e+03,7.889745887997432305e+01,1.542692652545854770e+01,-6.794908230416369689e-03,2.148599969382543122e+02,4.650292166775849001e-02,nan,2.141654475394748670e-05,6.505969413728099227e+00,1.000000000000000000e+00,1.000000000000000000e+00,-1.000000000000000000e+00,0.000000000000000000e+00
1.805000000000000000e+03,1.321556963116049310e+01,8.611532807573480497e+00,-6.939255557679080075e-03,2.194704526293507456e+02,4.380816492009087515e-02,nan,2.114454020133749539e-05,1.495602098980764971e+01,1.000000000000000000e+00,1.000000000000000000e+00,-1.000000000000000000e+00,0.000000000000000000e+00
1.805000000000000000e+03,1.175574056230038735e+02,3.697928047327943801e+01,-7.065319125333216488e-03,2.234969247778314809e+02,2.131923667127955113e-02,nan,1.021598130798061021e-05,3.646697679775597223e+00,1.000000000000000000e+00,1.000000000000000000e+00,-1.000000000000000000e+00,0.000000000000000000e+00
1.806000000000000000e+03,6.691216568248997909e+00,4.765652713848179900e+01,-6.773835785466199647e-03,2.141869427460626412e+02,2.919593248997931489e-02,nan,1.342352544967117852e-05,2.466159014950467210e+01,1.000000000000000000e+00,1.000000000000000000e+00,-1.000000000000000000e+00,0.000000000000000000e+00
1.807000000000000000e+03,5.922576315193130370e+01,2.614566665880044383e+01,-6.660628297046072670e-03,2.105710939516378915e+02,3.394233416360836753e-02,nan,1.494180753716926127e-05,1.408956344881943856e+01,1.000000000000000000e+00,1.000000000000000000e+00,-1.000000000000000000e+00,0.000000000000000000e+00
1.808000000000000000e+03,8.391860407768618302e+01,1.128980930257729653e+01,-6.643769368895757581e-03,2.100326195461163650e+02,3.513833091008098375e-01,nan,2.678756995845687073e-04,5.772185023409074134e+00,1.000000000000000000e+00,1.000000000000000000e+00,-1.000000000000000000e+00,0.000000000000000000e+00
1.809000000000000000e+03,7.996315145028786731e+01,7.085940315932283795e+00,-7.153857787689050715e-03,2.263248509159967909e+02,2.000992431489510004e-01,nan,1.326464274672076171e-04,5.772185023409074134e+00,1.000000000000000000e+00,1.000000000000000000e+00,-1.000000000000000000e+00,0.000000000000000000e+00
1.809000000000000000e+03,1.225154945692799942e+02,2.198961176509795834e+01,-6.839383052123167855e-03,2.162805233777596357e+02,4.609955558241130014e-02,nan,2.146592515316086240e-05,8.686756447079817534e+00,1.000000000000000000e+00,1.000000000000000000e+00,-1.000000000000000000e+00,0.000000000000000000e+00
1.810000000000000000e+03,7.883390892550478668e+01,1.435868381898655244e+01,-7.360003282919176312e-03,2.329091409731854867e+02,1.397210377101594236e-01,nan,8.968851589023995013e-05,5.939033219984810152e+00,1.000000000000000000e+00,1.000000000000000000e+00,-1.000000000000000000e+00,0.000000000000000000e+00
1.811000000000000000e+03,2.481052632180039197e+01,3.061174862129530538e+01,-7.128054821361178711e-03,2.255007038035463154e+02,2.906943429974573334e-02,nan,1.463954447226068005e-05,1.648968896522318062e+01,1.000000000000000000e+00,1.000000000000000000e+00,-1.000000000000000000e+00,0.000000000000000000e+00
1.811000000000000000e+03,4.148011911149517061e+01,3.945245860224655132e+01,-6.026373013171426422e-03,1.903129711404975239e+02,3.637228648656565255e-02,nan,1.377439518520123088e-05,1.767710225333965468e+01,1.000000000000000000e+00,1.000000000000000000e+00,-1.000000000000000000e+00,0.000000000000000000e+00
1.811000000000000000e+03,1.365722574928926178e+02,4.166320453593536399e+01,-1.384504522762871649e-02,4.400414731608777856e+02,8.766471598877001448e-03,nan,1.871863933355800760e-05,2.417938866893446459e+01,1.000000000000000000e+00,1.000000000000000000e+00,-1.000000000000000000e+00,0.000000000000000000e+00
1.811000000000000000e+03,7.835470444269009249e+01,3.953651395000077429e+01,-1.444080222809006331e-02,4.590699602508298085e+02,6.571226474465619027e-03,nan,1.510111835694917350e-05,2.335018599672267570e+01,1.000000000000000000e+00,1.000000000000000000e+00,-1.000000000000000000e+00,0.000000000000000000e+00
1.817000000000000000e+03,9.915985969175659420e+01,1.347535051926035621e+01,-7.281796371016019224e-03,2.304112110918046312e+02,2.691875434890589336e-02,nan,1.407194684569781401e-05,1.168058594934018934e+01,1.000000000000000000e+00,1.000000000000000000e+00,-1.000000000000000000e+00,0.000000000000000000e+00
1.817000000000000000e+03,1.262584072391489087e+02,3.310958248760123723e+01,-7.352491870262466318e-03,2.326692263458209311e+02,2.869576653244154674e-02,nan,1.614910916217186308e-05,7.977781226832998840e+00,1.000000000000000000e+00,1.000000000000000000e+00,-1.000000000000000000e+00,0.000000000000000000e+00
1.818000000000000000e+03,9.927189275386378142e+01,2.515539917981474360e+01,-6.226250932981351044e-03,1.966970747493923284e+02,3.901730375893008862e-02,nan,1.514103285793602015e-05,1.168058594934018934e+01,1.000000000000000000e+00,1.000000000000000000e+00,-1.000000000000000000e+00,0.000000000000000000e+00
1.819000000000000000e+03,2.698277605151585590e+01,1.197907202966469420e+01,-1.890388921992277021e-03,5.820958029103388753e+01,2.497368576262829487e-01,nan,1.245022792907156139e-05,9.756627665012898021e+00,1.000000000000000000e+00,1.000000000000000000e+00,-1.000000000000000000e+00,0.000000000000000000e+00
1.819000000000000000e+03,4.861847047528370069e+01,4.626171034635770951e+01,-1.297132947991144411e-02,4.121349797200095963e+02,1.482914872374552218e-02,nan,2.701720708271566950e-05,2.309723037763527742e+01,1.000000000000000000e+00,1.000000000000000000e+00,-1.000000000000000000e+00,0.000000000000000000e+00
1.821000000000000000e+03,1.369200945098583020e+02,8.939607192696923832e+00,-2.751275183942978111e-02,8.765882172369171030e+02,5.222233963988798244e-03,nan,4.873864438078819635e-05,1.691960370413784531e+01,1.000000000000000000e+00,1.000000000000000000e+00,-1.000000000000000000e+00,0.000000000000000000e+00
1.822000000000000000e+03,7.338099147869679939e+01,4.479118621239640419e+01,-7.362811003952288505e-03,2.329988196230198980e+02,2.839294092615807230e-02,nan,1.520283927047722672e-05,1.609438274890823095e+01,1.000000000000000000e+00,1.000000000000000000e+00,-1.000000000000000000e+00,0.000000000000000000e+00
1.822000000000000000e+03,4.408264276646752933e+01,1.108135401888182336e+01,-1.503462419543773968e-03,4.585114228543747572e+01,3.218003903227157902e-01,nan,1.227921449426420181e-05,8.010687966765697610e+00,1.000000000000000000e+00,1.000000000000000000e+00,-1.000000000000000000e+00,0.000000000000000000e+00
1.822000000000000000e+03,1.183159901003837575e+02,3.235924703124946689e+01,-1.586113175077405154e-03,4.849100859574282651e+01,3.288884089401569177e-01,nan,1.515852780257158086e-05,7.977781226832998840e+00,1.000000000000000000e+00,1.000000000000000000e+00,-1.000000000000000000e+00,0.000000000000000000e+00
1.823000000000000000e+03,8.712680274704021599e+01,5.316267524622055873e+01,-6.526766387343774928e-03,2.062955426469381734e+02,3.382223755615276772e-02,nan,1.468369365198900717e-05,1.609438274890823095e+01,1.000000000000000000e+00,1.000000000000000000e+00,-1.000000000000000000e+00,0.000000000000000000e+00
1.824000000000000000e+03,1.339158571778803264e+02,2.619831219538371414e+01,1.385630393165560980e-03,-4.208758568268768130e+01,3.741721303939701260e-01,nan,1.453005987952459531e-05,1.677238715530218016e+01,1.000000000000000000e+00,1.000000000000000000e+00,-1.000000000000000000e+00,0.000000000000000000e+00
1.828000000000000000e+03,9.720599239483911447e+01,3.714211633899934384e+01,-7.512794968956907488e-03,2.377893096039687180e+02,2.873158302556211297e-02,nan,1.615222952541578430e-05,1.892745021538932804e+01,1.000000000000000000e+00,1.000000000000000000e+00,-1.000000000000000000e+00,0.000000000000000000e+00
1.830000000000000000e+03,4.806720868927975943e+01,1.702468064081773136e+01,1.324716968713322753e-03,-4.014201003708620874e+01,3.747436359912893478e-01,nan,1.304587956651066229e-05,1.334610038867158543e+01,1.000000000000000000e+00,1.000000000000000000e+00,-1.000000000000000000e+00,0.000000000000000000e+00
1.831000000000000000e+03,2.108341430977687025e+01,4.474494681885596492e+01,-1.305849695018356004e-03,3.953938904623046113e+01,3.242960953931459667e-01,nan,9.210438086889469542e-06,1.530251972139728522e+01,1.000000000000000000e+00,1.000000000000000000e+00,-1.000000000000000000e+00,0.000000000000000000e+00
1.833000000000000000e+03,1.323197263206148477e+02,9.904219282163397864e+00,-7.409213716489984961e-03,2.344809229231549352e+02,3.547062970535774795e-02,nan,2.009977371061754542e-05,1.151423801006787073e+01,1.000000000000000000e+00,1.000000000000000000e+00,-1.000000000000000000e+00,0.000000000000000000e+00
1.833000000000000000e+03,7.494256531253300579e+01,4.171402202513689161e+01,-6.175909035005275848e-03,1.950891538101845128e+02,4.082014947867584898e-02,nan,1.533625885207176597e-05,2.272801150677502235e+01,1.000000000000000000e+00,1.000000000000000000e+00,-1.000000000000000000e+00,0.000000000000000000e+00
1.833000000000000000e+03,1.369251028426484993e+02,4.352224060101683278e+01,-1.662710008002505745e-03,5.093751253160560566e+01,3.193431756886146999e-01,nan,1.561386734400982033e-05,1.363861067583691877e+01,1.000000000000000000e+00,1.000000000000000000e+00,-1.000000000000000000e+00,0.000000000000000000e+00
1.836000000000000000e+03,1.212442490682944651e+02,6.755968881412935723e+00,-6.971830375683536404e-03,2.205108927809147872e+02,2.873826087275610508e-02,nan,1.393051448392152694e-05,1.151423801006787073e+01,1.000000000000000000e+00,1.000000000000000000e+00,-1.000000000000000000e+00,0.000000000000000000e+00
1.837000000000000000e+03,3.606747595584257482e+01,1.228232869860513077e+01,-8.216674485313010465e-03,2.602712313933758423e+02,2.969352755719334436e-02,nan,1.988569780346815914e-05,1.455122172638107791e+01,1.000000000000000000e+00,1.000000000000000000e+00,-1.000000000000000000e+00,0.000000000000000000e+00
1.837000000000000000e+03,1.253740634303548234e+02,3.627067596552671347e+01,-3.341913983809161048e-03,1.045713114635346699e+02,1.102449996788230635e-01,nan,1.364666837156678264e-05,1.187507258893454853e+01,1.000000000000000000e+00,1.000000000000000000e+00,-1.000000000000000000e+00,0.000000000000000000e+00
1.837000000000000000e+03,1.138312507422795647e+02,3.906008885007312159e+01,-7.744266125242268463e-03,2.451825016363937380e+02,4.096576727322487343e-02,nan,2.491548464039005943e-05,1.187507258893454853e+01,1.000000000000000000e+00,1.000000000000000000e+00,-1.000000000000000000e+00,0.000000000000000000e+00
1.838000000000000000e+03,1.001471718830620716e+02,4.324535648918482167e+01,-7.017751355505258068e-03,2.219776095312323037e+02,3.779053251980812878e-02,nan,1.848850797234517334e-05,1.430980361277815582e+01,1.000000000000000000e+00,1.000000000000000000e+00,-1.000000000000000000e+00,0.000000000000000000e+00
1.839000000000000000e+03,6.068531536767823553e+01,2.663367766396602221e+01,-1.295163336993972658e-03,3.919806661854917706e+01,3.518959071199638799e-01,nan,1.092557813559543202e-05,2.849560026447055350e+01,1.000000000000000000e+00,1.000000000000000000e+00,-1.000000000000000000e+00,0.000000000000000000e+00
1.843000000000000000e+03,2.936634748951433593e+01,1.091873627356640419e+01,-6.874929135029811227e-03,2.174158657726683543e+02,3.631301929685615271e-02,nan,1.801674951885519588e-05,3.061650658278790260e+01,1.000000000000000000e+00,1.000000000000000000e+00,-1.000000000000000000e+00,0.000000000000000000e+00
1.849000000000000000e+03,5.645947923407806002e+01,4.476016157511112681e+01,-7.192632158426610391e-03,2.275633048702588610e+02,3.218132065480971971e-02,nan,1.642828639787583249e-05,1.387009731720562655e+01,1.000000000000000000e+00,1.000000000000000000e+00,-1.000000000000000000e+00,0.000000000000000000e+00
1.850000000000000000e+03,7.635563597229716493e+01,9.251142182013357029e+00,-1.276873254391794506e-03,3.861388111942757462e+01,3.666798787649547808e-01,nan,1.130362240301467625e-05,2.385216773304941995e+01,1.000000000000000000e+00,1.000000000000000000e+00,-1.000000000000000000e+00,0.000000000000000000e+00
1.853000000000000000e+03,3.414624815873430919e+01,1.394592290349593711e+01,-6.468602262123335569e-03,2.044377796580040751e+02,7.783173850782942882e-02,nan,3.578858795884625919e-05,9.629871851319240506e+00,1.000000000000000000e+00,1.000000000000000000e+00,-1.000000000000000000e+00,0.000000000000000000e+00
1.853000000000000000e+03,8.927629960610599369e+01,3.173578808587479827e+01,-1.467212578972865167e-02,4.664584381081322704e+02,1.683721332781895619e-02,nan,3.844681180873128561e-05,9.057025608497850655e+00,1.000000000000000000e+00,1.000000000000000000e+00,-1.000000000000000000e+00,0.000000000000000000e+00
1.854000000000000000e+03,2.727252583900177640e+01,2.069028153453280083e+01,-1.385199397071287288e-02,4.402634161140715605e+02,1.732055291959488930e-02,nan,3.696127238832475314e-05,6.617946412154454450e+00,1.000000000000000000e+00,1.000000000000000000e+00,-1.000000000000000000e+00,0.000000000000000000e+00
1.855000000000000000e+03,8.027947883694939435e+01,3.277834691906279829e+01,-7.461904852355420725e-03,2.361638785540479262e+02,4.085990063468925015e-02,nan,2.295918739758760904e-05,9.057025608497850655e+00,1.000000000000000000e+00,1.000000000000000000e+00,-1.000000000000000000e+00,0.000000000000000000e+00
1.855000000000000000e+03,1.121457101269999725e+02,5.299532747477723404e+01,-1.649993422141589252e-03,5.053134459787536059e+01,3.330243482909852615e-01,nan,1.614098986448167693e-05,6.392475297335515450e+00,1.000000000000000000e+00,1.000000000000000000e+00,-1.000000000000000000e+00,0.000000000000000000e+00
1.856000000000000000e+03,1.295692868073948034e+02,3.328021846174734577e+01,-8.342962357183229816e-03,2.643048678217166980e+02,1.815813361668972004e-02,nan,1.275383413941202905e-05,1.086804004613364150e+01,1.000000000000000000e+00,1.000000000000000000e+00,-1.000000000000000000e+00,0.000000000000000000e+00
1.857000000000000000e+03,2.086934248913877354e+01,2.236254278869891365e+01,-7.412662785852495474e-03,2.345910862477756211e+02,6.645207145076337252e-02,nan,4.054361346596223461e-05,6.617946412154454450e+00,1.000000000000000000e+00,1.000000000000000000e+00,-1.000000000000000000e+00,0.000000000000000000e+00
1.859000000000000000e+03,1.400508418247115685e+02,3.615272587920100023e+01,-7.369069772106470566e-03,2.331987247671115711e+02,3.688494384870355525e-02,nan,2.055154432459756558e-05,1.086804004613364150e+01,1.000000000000000000e+00,1.000000000000000000e+00,-1.000000000000000000e+00,0.000000000000000000e+00
1.859000000000000000e+03,1.133726331374916469e+02,4.672170010670931362e+01,-3.305102265154491112e-03,1.033955446447865967e+02,1.197176093213518921e-01,nan,1.511332106029636280e-05,6.392475297335515450e+00,1.000000000000000000e+00,1.000000000000000000e+00,-1.000000000000000000e+00,0.000000000000000000e+00
1.860000000000000000e+03,4.796066101168707974e+01,1.084358952094610551e+01,-7.357404658863954394e-03,2.328261408838065449e+02,4.724578260341871783e-02,nan,2.751310247048246310e-05,2.503793453808546232e+01,1.000000000000000000e+00,1.000000000000000000e+00,-1.000000000000000000e+00,0.000000000000000000e+00
1.862000000000000000e+03,7.554910846291741677e+01,9.169570788803435235e+00,-6.800461884764145461e-03,2.150373807373147770e+02,3.847241266453882425e-02,nan,1.833781720756327464e-05,1.796459642148822056e+01,1.000000000000000000e+00,1.000000000000000000e+00,-1.000000000000000000e+00,0.000000000000000000e+00
1.862000000000000000e+03,7.116648080755867056e+01,2.659137607474989906e+01,-7.277292862723106805e-03,2.302673689727110684e+02,3.239119353223529618e-02,nan,1.703845903727996044e-05,1.636771633669441428e+01,1.000000000000000000e+00,1.000000000000000000e+00,-1.000000000000000000e+00,0.000000000000000000e+00
1.862000000000000000e+03,1.315531669104139496e+02,1.101050008135535663e+01,-1.684804784324831894e-03,5.164322000240189681e+01,3.602689084249310891e-01,nan,1.991741800699286616e-05,2.523870248643828873e+01,1.000000000000000000e+00,1.000000000000000000e+00,-1.000000000000000000e+00,0.000000000000000000e+00
1.864000000000000000e+03,1.072579947221994132e+02,1.784692542973393614e+01,-6.833632232977058726e-03,2.160968421322289146e+02,4.512101789519917805e-02,nan,2.224624777590754234e-05,2.229427330500312721e+01,1.000000000000000000e+00,1.000000000000000000e+00,-1.000000000000000000e+00,0.000000000000000000e+00
1.866000000000000000e+03,1.009084785486185609e+02,4.552323149353565412e+01,-7.582035570446153845e-03,2.400008554028738956e+02,2.887483054643424918e-02,nan,1.680498701421090924e-05,8.062452265653794470e+00,1.000000000000000000e+00,1.000000000000000000e+00,-1.000000000000000000e+00,0.000000000000000000e+00
1.869000000000000000e+03,4.083285441307271668e+01,4.577796540144061233e+00,-6.807636387502759637e-03,2.152665344570911827e+02,3.668962570244993504e-02,nan,1.682353995999453415e-05,3.743718781860269473e+01,1.000000000000000000e+00,1.000000000000000000e+00,-1.000000000000000000e+00,0.000000000000000000e+00
1.869000000000000000e+03,9.347756310173454608e+01,4.239519182671450892e+01,-7.293455015233396045e-03,2.307835883543544639e+02,3.986890741968773799e-02,nan,2.601562258966432634e-05,8.062452265653794470e+00,1.000000000000000000e+00,1.000000000000000000e+00,-1.000000000000000000e+00,0.000000000000000000e+00
1.872000000000000000e+03,6.138110723221473819e+01,3.587176301686215396e+01,-7.717522607966614649e-03,2.443283133132592866e+02,2.201326943584192009e-02,nan,1.320796852206971288e-05,1.575319961772775024e+01,1.000000000000000000e+00,1.000000000000000000e+00,-1.000000000000000000e+00,0.000000000000000000e+00
1.876000000000000000e+03,1.398949626779390769e+02,4.652241560155259137e+00,-5.983273135071020231e-03,1.889363604193864319e+02,4.479426958042131979e-02,nan,1.596664055727443126e-05,2.701140520096688036e+01,1.000000000000000000e+00,1.000000000000000000e+00,-1.000000000000000000e+00,0.000000000000000000e+00
1.877000000000000000e+03,9.718405411709056807e+01,4.100561953700440654e+01,-7.870413397897802962e-03,2.492116473238127128e+02,2.364161523330088333e-02,nan,1.438794789323969752e-05,2.095062722222395735e+01,1.000000000000000000e+00,1.000000000000000000e+00,-1.000000000000000000e+00,0.000000000000000000e+00
1.879000000000000000e+03,2.457245470264040677e+01,1.234718824437485551e+01,-7.114343131032380661e-03,2.250627522189222134e+02,3.656887768248229253e-02,nan,1.833000582505651754e-05,2.527086307586623093e+01,1.000000000000000000e+00,1.000000000000000000e+00,-1.000000000000000000e+00,0.000000000000000000e+00
1.881000000000000000e+03,1.654908001630078473e+01,3.631053482288479017e+01,-1.410955681961911616e-03,4.289647576796991046e+01,3.133850538821500997e-01,nan,1.001472879550864198e-05,8.770957815269229130e+00,1.000000000000000000e+00,1.000000000000000000e+00,-1.000000000000000000e+00,0.000000000000000000e+00
1.883000000000000000e+03,9.312162566169955369e+01,4.024731593600758117e+01,-6.454058107999439617e-03,2.039732391678940076e+02,3.986376267785507466e-02,nan,1.643958211814963922e-05,7.400949914966139431e+01,1.000000000000000000e+00,1.000000000000000000e+00,-1.000000000000000000e+00,0.000000000000000000e+00
1.885000000000000000e+03,1.622913235092092066e+01,2.754541448779238877e+01,-7.572709870269349157e-03,2.397029924062466080e+02,5.103689261060107007e-02,nan,2.963926427198659667e-05,3.510077195390573390e+00,1.000000000000000000e+00,1.000000000000000000e+00,-1.000000000000000000e+00,0.000000000000000000e+00
1.893000000000000000e+03,5.407642536670071109e+01,1.038206151820874368e+01,-1.395019621291914563e-03,4.238747776292942149e+01,3.726808351652116658e-01,nan,1.392430635498405895e-05,1.180084338636579844e+01,1.000000000000000000e+00,1.000000000000000000e+00,-1.000000000000000000e+00,0.000000000000000000e+00
1.893000000000000000e+03,7.661929870660881825e+00,2.120200859225494128e+01,-1.341679417361321203e-03,4.068379088877987471e+01,3.697350640390778542e-01,nan,1.125655114012074978e-05,1.196494315258200025e+01,1.000000000000000000e+00,1.000000000000000000e+00,-1.000000000000000000e+00,0.000000000000000000e+00
1.893000000000000000e+03,1.237335696180816456e+02,2.846069290816150499e+01,-1.389618982119807588e-03,4.221498127076173290e+01,3.178210439993043313e-01,nan,1.017135654914814476e-05,1.307793413788965076e+01,1.000000000000000000e+00,1.000000000000000000e+00,-1.000000000000000000e+00,0.000000000000000000e+00
1.895000000000000000e+03,1.983649661363845240e+01,2.499408642173482420e+01,-1.697832957703029758e-03,5.205934004587720665e+01,2.190296329723949720e-01,nan,9.472206636174966150e-06,7.297930113210244762e+00,1.000000000000000000e+00,1.000000000000000000e+00,-1.000000000000000000e+00,0.000000000000000000e+00
1.896000000000000000e+03,3.492216051545274524e+01,1.533527333632840772e+01,-1.497505768239206468e-02,4.761340870794689977e+02,8.521637585204189236e-03,nan,2.037619752634466233e-05,5.928685767919713356e+00,1.000000000000000000e+00,1.000000000000000000e+00,-1.000000000000000000e+00,0.000000000000000000e+00
1.896000000000000000e+03,1.349594402779643474e+02,2.175158050467889126e+01,-6.284824286990144809e-03,1.985679085116618694e+02,3.255996042677300473e-02,nan,1.282860407070892679e-05,8.682102121719943000e+00,1.000000000000000000e+00,1.000000000000000000e+00,-1.000000000000000000e+00,0.000000000000000000e+00
1.897000000000000000e+03,6.441713656803929666e+01,1.606797362446259569e+01,-6.743523143720196733e-03,2.132187565364511954e+02,2.827865534011653192e-02,nan,1.322570711865521815e-05,1.180084338636579844e+01,1.000000000000000000e+00,1.000000000000000000e+00,-1.000000000000000000e+00,0.000000000000000000e+00
1.897000000000000000e+03,1.442131749005112056e+02,2.645927499052250909e+01,-6.403066540241197056e-03,2.023445677665797859e+02,3.839600338284188119e-02,nan,1.570454868457823482e-05,1.038238854197649630e+01,1.000000000000000000e+00,1.000000000000000000e+00,-1.000000000000000000e+00,0.000000000000000000e+00
1.899000000000000000e+03,2.260754991586242113e+01,3.353412447484134873e+01,-7.212862100769104438e-03,2.282094495171476467e+02,2.121926724563871769e-02,nan,1.061770156768660689e-05,8.978362119689416332e+00,1.000000000000000000e+00,1.000000000000000000e+00,-1.000000000000000000e+00,0.000000000000000000e+00
1.899000000000000000e+03,1.157561084340047017e+02,1.621905133963067058e+01,-1.656379280475270971e-03,5.073530900411250855e+01,2.564929680264825818e-01,nan,1.054771436345158582e-05,7.427369160324643005e+00,1.000000000000000000e+00,1.000000000000000000e+00,-1.000000000000000000e+00,0.000000000000000000e+00
1.899000000000000000e+03,1.212988921731649441e+02,4.917444827472539970e+01,-1.332235886227572420e-03,4.038216436970759560e+01,3.066742620764988381e-01,nan,9.024015972136899413e-06,3.054814918895009868e+01,1.000000000000000000e+00,1.000000000000000000e+00,-1.000000000000000000e+00,0.000000000000000000e+00
1.900000000000000000e+03,2.014189023122485267e+01,1.770254895178801036e+01,-7.393387059880653783e-03,2.339754192853721690e+02,2.994863377861334275e-02,nan,1.630590039292390941e-05,7.297930113210244762e+00,1.000000000000000000e+00,1.000000000000000000e+00,-1.000000000000000000e+00,0.000000000000000000e+00
1.901000000000000000e+03,3.906207770692607539e+01,1.109140710581673694e+01,-1.761045260077959531e-03,5.407834188511037610e+01,3.270985816703826377e-01,nan,1.718100343366212775e-05,5.928685767919713356e+00,1.000000000000000000e+00,1.000000000000000000e+00,-1.000000000000000000e+00,0.000000000000000000e+00
1.902000000000000000e+03,1.033009327286519436e+02,1.312300846845794489e+01,-7.638561341174666952e-03,2.418062893259736938e+02,2.153807565654519696e-02,nan,1.217730745519925170e-05,7.787321297691670807e+00,1.000000000000000000e+00,1.000000000000000000e+00,-1.000000000000000000e+00,0.000000000000000000e+00
1.902000000000000000e+03,7.881232043730669545e+01,1.201809470235363797e+01,-1.758310233671860198e-03,5.399098510269936213e+01,2.576215809977842053e-01,nan,1.218115172868677321e-05,1.495402413779510908e+01,1.000000000000000000e+00,1.000000000000000000e+00,-1.000000000000000000e+00,0.000000000000000000e+00
1.904000000000000000e+03,1.289413447987743098e+02,1.959772876874115255e+01,-7.623549991910171485e-03,2.413268266164108695e+02,2.449784569111801424e-02,nan,1.522646823872356436e-05,1.361124238138545017e+01,1.000000000000000000e+00,1.000000000000000000e+00,-1.000000000000000000e+00,0.000000000000000000e+00
1.906000000000000000e+03,6.457143951994734898e+00,3.820836556119753880e+01,-7.082168867917328081e-03,2.240351057962374455e+02,3.501091240682052685e-02,nan,1.730946993415212164e-05,4.240767785477424212e+01,1.000000000000000000e+00,1.000000000000000000e+00,-1.000000000000000000e+00,0.000000000000000000e+00
1.906000000000000000e+03,5.955477684511991043e+01,4.473142967472443132e+01,-1.523902092370163323e-03,4.650398572697253741e+01,3.008864939346185263e-01,nan,1.107286096060569732e-05,2.285389778753433987e+01,1.000000000000000000e+00,1.000000000000000000e+00,-1.000000000000000000e+00,0.000000000000000000e+00
1.909000000000000000e+03,1.427935855088377934e+02,2.570500788713841445e+01,-6.804744819458421849e-03,2.151741777325226224e+02,3.339801333016301221e-02,nan,1.503319003840496813e-05,1.513880546541077976e+01,1.000000000000000000e+00,1.000000000000000000e+00,-1.000000000000000000e+00,0.000000000000000000e+00
1.910000000000000000e+03,5.070771076657665333e+01,2.365940874921858494e+01,-7.339263796328280610e-03,2.322467214757369049e+02,3.259954220352911936e-02,nan,1.795093555359010589e-05,1.051328847696102109e+01,1.000000000000000000e+00,1.000000000000000000e+00,-1.000000000000000000e+00,0.000000000000000000e+00
1.912000000000000000e+03,1.332420926203848808e+02,8.510864372056845539e+00,-5.939130955413511256e-03,1.875264585716787167e+02,4.867593513426793361e-02,nan,1.568251846451894347e-05,1.966900067658212592e+01,1.000000000000000000e+00,1.000000000000000000e+00,-1.000000000000000000e+00,0.000000000000000000e+00
1.912000000000000000e+03,1.144088720937287817e+01,3.323375153029638085e+01,-1.802283588669164206e-03,5.539549468835275547e+01,2.685809065012338959e-01,nan,1.202191331370340194e-05,1.000155651862179340e+01,1.000000000000000000e+00,1.000000000000000000e+00,-1.000000000000000000e+00,0.000000000000000000e+00
1.913000000000000000e+03,1.032804243304138936e+02,3.303779143565577670e+01,1.442647962029427935e-03,-4.390872764524349492e+01,2.975786972791878426e-01,nan,9.932565186565148974e-06,1.637438131418338827e+01,1.000000000000000000e+00,1.000000000000000000e+00,-1.000000000000000000e+00,0.000000000000000000e+00
1.915000000000000000e+03,3.737033228834307153e+01,4.609119650695635784e+01,-7.004803378743215160e-03,2.215640509688205384e+02,2.446718618390519850e-02,nan,1.266128095519096428e-05,1.064366726672041708e+01,1.000000000000000000e+00,1.000000000000000000e+00,-1.000000000000000000e+00,0.000000000000000000e+00
1.916000000000000000e+03,2.944937730110478924e+01,1.300934557925861945e+01,-1.519077920576858420e-03,4.634990161110394524e+01,3.521625615911765372e-01,nan,1.478735099541278063e-05,1.387855557721209721e+01,1.000000000000000000e+00,1.000000000000000000e+00,-1.000000000000000000e+00,0.000000000000000000e+00
1.917000000000000000e+03,2.096615742653299463e+01,3.628340070442585130e+01,-1.716989880159278071e-03,5.267121242229854516e+01,2.983564258642026346e-01,nan,1.458913967154953742e-05,7.634296102841092058e+00,1.000000000000000000e+00,1.000000000000000000e+00,-1.000000000000000000e+00,0.000000000000000000e+00
1.917000000000000000e+03,8.272056384364381643e+01,4.786797005761552981e+01,-1.377928610203420614e-03,4.184159062505309379e+01,3.746797478034543660e-01,nan,1.369095167111562296e-05,3.605918133480249033e+00,1.000000000000000000e+00,1.000000000000000000e+00,-1.000000000000000000e+00,0.000000000000000000e+00
1.920000000000000000e+03,4.779668289346990662e+01,4.395136802232799056e+01,-1.388316566797135167e-03,4.217338210678374111e+01,3.611535377035284267e-01,nan,1.300976870737176745e-05,7.118422075773500168e+00,1.000000000000000000e+00,1.000000000000000000e+00,-1.000000000000000000e+00,0.000000000000000000e+00
1.921000000000000000e+03,2.122230720188510489e+01,2.865340304528848137e+01,-7.950855491347578671e-03,2.517809689356652427e+02,2.197749658250858218e-02,nan,1.576154525218502337e-05,7.634296102841092058e+00,1.000000000000000000e+00,1.000000000000000000e+00,-1.000000000000000000e+00,0.000000000000000000e+00
1.921000000000000000e+03,1.141297113601274162e+02,4.579230596759865080e+01,-7.707403490745208183e-03,2.440051085649136837e+02,2.442934134125163137e-02,nan,1.444595961370659338e-05,2.298393127803863578e+01,1.000000000000000000e+00,1.000000000000000000e+00,-1.000000000000000000e+00,0.000000000000000000e+00
1.924000000000000000e+03,1.257453469455398043e+01,1.496345721787788641e+01,-9.010337782899084311e-03,2.856208484355429960e+02,2.294247615596523016e-02,nan,1.986976200377384022e-05,1.619254723926994544e+01,1.000000000000000000e+00,1.000000000000000000e+00,-1.000000000000000000e+00,0.000000000000000000e+00
1.925000000000000000e+03,4.322568688690987670e+01,3.849445237730728309e+01,-7.286190015873429855e-03,2.305515441712016411e+02,2.922480716445630122e-02,nan,1.578231966041192253e-05,7.118422075773500168e+00,1.000000000000000000e+00,1.000000000000000000e+00,-1.000000000000000000e+00,0.000000000000000000e+00
1.927000000000000000e+03,9.103751306574888247e+01,4.320393522700387479e+01,-7.021108819692743232e-03,2.220848469852564335e+02,1.566068035837431260e-02,nan,7.387999480020433029e-06,2.496687706710263299e+01,1.000000000000000000e+00,1.000000000000000000e+00,-1.000000000000000000e+00,0.000000000000000000e+00
1.930000000000000000e+03,7.195026140498625011e+01,2.710978180029237805e+01,-1.384373575970516230e-03,4.204744292355632496e+01,3.072627707021208243e-01,nan,9.697092580806135294e-06,2.496687706710263299e+01,1.000000000000000000e+00,1.000000000000000000e+00,-1.000000000000000000e+00,0.000000000000000000e+00
1.931000000000000000e+03,4.633088876527624222e+01,4.898818456298970858e+01,-6.862227335808912185e-03,2.170101701244311130e+02,3.591550326593939690e-02,nan,1.658153570690975331e-05,2.328252317534486338e+01,1.000000000000000000e+00,1.000000000000000000e+00,-1.000000000000000000e+00,0.000000000000000000e+00
1.931000000000000000e+03,1.213413745246066782e+02,3.263145103690317228e+01,-2.076484392980218214e-03,6.415347228802323798e+01,2.586607389673916124e-01,nan,1.709257183161114405e-05,1.568125769860488994e+01,1.000000000000000000e+00,1.000000000000000000e+00,-1.000000000000000000e+00,0.000000000000000000e+00
1.933000000000000000e+03,9.563879135412624066e+01,8.138573199123989355e+00,-6.518950562447179894e-03,2.060459050882909082e+02,3.961341052980282829e-02,nan,1.851047543459199862e-05,1.951129034927240014e+01,1.000000000000000000e+00,1.000000000000000000e+00,-1.000000000000000000e+00,0.000000000000000000e+00
1.933000000000000000e+03,1.141131685829416540e+02,1.441454619946719440e+01,-2.266871174070526906e-02,7.218695074099067597e+02,5.414199474967573700e-03,nan,3.216509391263167364e-05,1.793304525170957220e+01,1.000000000000000000e+00,1.000000000000000000e+00,-1.000000000000000000e+00,0.000000000000000000e+00
1.933000000000000000e+03,1.310476441011083750e+02,2.031519454727400031e+01,-7.016889086040413621e-03,2.219500686322296019e+02,4.106863199250021523e-02,nan,1.993159243426852572e-05,1.568125769860488994e+01,1.000000000000000000e+00,1.000000000000000000e+00,-1.000000000000000000e+00,0.000000000000000000e+00
1.933000000000000000e+03,1.429607150582619290e+01,1.116457961092429052e+01,-2.259074082795949588e-03,6.998538958438140867e+01,2.504414416738580673e-01,nan,1.831967010405778214e-05,6.477927997139942384e+00,1.000000000000000000e+00,1.000000000000000000e+00,-1.000000000000000000e+00,0.000000000000000000e+00
1.933000000000000000e+03,2.994205904061981016e+01,1.713283514178470313e+01,-1.339685532629924071e-03,4.062010618202718604e+01,3.411075990343832576e-01,nan,1.199347090638001852e-05,1.271372276465747930e+01,1.000000000000000000e+00,1.000000000000000000e+00,-1.000000000000000000e+00,0.000000000000000000e+00
1.934000000000000000e+03,3.841009372001406064e+01,2.709442081023534499e+01,1.284734760641510981e-03,-3.886497774114492643e+01,3.131938680709224210e-01,nan,8.616690312935068073e-06,1.307443307991994352e+01,1.000000000000000000e+00,1.000000000000000000e+00,-1.000000000000000000e+00,0.000000000000000000e+00
1.936000000000000000e+03,3.685251938587830267e+01,6.461177147209554050e+00,-1.515085006811060613e-03,4.622236788848727684e+01,3.443083879467024877e-01,nan,1.416620077323463590e-05,1.271372276465747930e+01,1.000000000000000000e+00,1.000000000000000000e+00,-1.000000000000000000e+00,0.000000000000000000e+00
1.937000000000000000e+03,1.391248615179989088e+02,5.810381472771006806e+00,-7.679164021964885248e-03,2.431031395293885282e+02,3.040171957857529250e-02,nan,1.795981731859606123e-05,1.563184708697823666e+01,1.000000000000000000e+00,1.000000000000000000e+00,-1.000000000000000000e+00,0.000000000000000000e+00
1.937000000000000000e+03,3.232647117851202268e+01,4.372729484516046483e+01,-2.084120757435767822e-03,6.439737787762447851e+01,2.504477177611967864e-01,nan,1.581764651307706351e-05,1.771053251286245001e+01,1.000000000000000000e+00,1.000000000000000000e+00,-1.000000000000000000e+00,0.000000000000000000e+00
1.940000000000000000e+03,1.403804853246210484e+02,2.139171813580841430e+01,-1.340069334931748291e-03,4.063236483302029001e+01,3.432095554278987715e-01,nan,1.146285403549994108e-05,1.563184708697823666e+01,1.000000000000000000e+00,1.000000000000000000e+00,-1.000000000000000000e+00,0.000000000000000000e+00
1.941000000000000000e+03,1.036062081134021753e+02,4.094041820762317485e+01,-7.724321132299466659e-03,2.445454582773943741e+02,3.396028377823445688e-02,nan,2.107201763636517796e-05,1.390898554062760617e+01,1.000000000000000000e+00,1.000000000000000000e+00,-1.000000000000000000e+00,0.000000000000000000e+00
1.945000000000000000e+03,9.032273733318028519e+01,1.526386860522908151e+01,-1.486114093317377101e-02,4.724955844850370568e+02,9.728727569557782395e-03,nan,2.164728958345104784e-05,1.634200545198500620e+01,1.000000000000000000e+00,1.000000000000000000e+00,-1.000000000000000000e+00,0.000000000000000000e+00
1.946000000000000000e+03,5.390416059320565267e+01,1.376822789242151579e+01,-8.637780380876860717e-03,2.737213597024586420e+02,2.180746123497356859e-02,nan,1.749459763097079235e-05,1.328692750901418229e+01,1.000000000000000000e+00,1.000000000000000000e+00,-1.000000000000000000e+00,0.000000000000000000e+00
1.947000000000000000e+03,1.207739593937904914e+02,2.942241485045011018e+01,-7.883254097623873524e-03,2.496217794561657968e+02,3.924291827696735346e-02,nan,2.463471624740664524e-05,1.905473401873582162e+01,1.000000000000000000e+00,1.000000000000000000e+00,-1.000000000000000000e+00,0.000000000000000000e+00
1.947000000000000000e+03,1.102535845496396263e+02,5.039092006194015738e+01,-1.324830759625825020e-02,4.209816647057051568e+02,9.406731709591609203e-03,nan,1.776960541007925520e-05,1.630890263166596199e+01,1.000000000000000000e+00,1.000000000000000000e+00,-1.000000000000000000e+00,0.000000000000000000e+00
1.950000000000000000e+03,1.019010112381783841e+02,2.679663564412948773e+01,-1.619463002088561334e-03,4.955620254603211805e+01,3.219465230517333243e-01,nan,1.423761091978810166e-05,1.634200545198500620e+01,1.000000000000000000e+00,1.000000000000000000e+00,-1.000000000000000000e+00,0.000000000000000000e+00
1.951000000000000000e+03,4.065938688356584407e+01,1.482577789607712404e+01,-6.798524163980216792e-03,2.149754899078451160e+02,2.243829914457884378e-02,nan,1.062765179045194517e-05,1.328692750901418229e+01,1.000000000000000000e+00,1.000000000000000000e+00,-1.000000000000000000e+00,0.000000000000000000e+00
1.952000000000000000e+03,7.418943736789701404e+01,2.729121761559399317e+01,-5.258044808597677443e-03,1.657725573304106206e+02,4.768719051542913423e-02,nan,1.348711884183460195e-05,1.158703142709248368e+01,1.000000000000000000e+00,1.000000000000000000e+00,-1.000000000000000000e+00,0.000000000000000000e+00
1.953000000000000000e+03,1.161920582458263027e+02,1.502168105602835269e+01,-7.266690082031423449e-03,2.299287160062280009e+02,3.314884626536307444e-02,nan,1.730804569764584673e-05,1.081616134022681841e+01,1.000000000000000000e+00,1.000000000000000000e+00,-1.000000000000000000e+00,0.000000000000000000e+00
1.953000000000000000e+03,1.385863733903993378e+01,2.743123850509605077e+01,-5.695775435342530398e-03,1.797536797904755304e+02,3.476344454869051415e-02,nan,1.127775510665806607e-05,2.961718780225316294e+01,1.000000000000000000e+00,1.000000000000000000e+00,-1.000000000000000000e+00,0.000000000000000000e+00
1.953000000000000000e+03,8.806272723457493612e+01,4.798514430250254748e+01,-6.419842246176180392e-03,2.028803840533568916e+02,4.041608933387197400e-02,nan,1.794953649550317122e-05,1.773468208472764474e+01,1.000000000000000000e+00,1.000000000000000000e+00,-1.000000000000000000e+00,0.000000000000000000e+00
1.956000000000000000e+03,8.533430069972997956e+01,3.046159907642704212e+01,-7.477646545477451522e-03,2.366666684568347989e+02,2.337085476250422289e-02,nan,1.442957442963751699e-05,1.158703142709248368e+01,1.000000000000000000e+00,1.000000000000000000e+00,-1.000000000000000000e+00,0.000000000000000000e+00
1.956000000000000000e+03,1.167244172632604204e+02,4.405934089946886445e+01,-1.406174305743603881e-03,4.274375854337696978e+01,3.688070462683884498e-01,nan,1.386758257679181181e-05,1.214445659016592849e+01,1.000000000000000000e+00,1.000000000000000000e+00,-1.000000000000000000e+00,0.000000000000000000e+00
1.957000000000000000e+03,1.112239416210150438e+02,5.414019356109314174e+00,-7.768271578972762298e-03,2.459492361708522594e+02,2.670248778465411643e-02,nan,1.625376508757602159e-05,1.081616134022681841e+01,1.000000000000000000e+00,1.000000000000000000e+00,-1.000000000000000000e+00,0.000000000000000000e+00
1.958000000000000000e+03,4.108384578207387960e+01,5.041737637064871080e+01,-6.513507623239346393e-03,2.058720575323789319e+02,3.228599990064251468e-02,nan,1.490726390268630771e-05,3.117466007699565722e+01,1.000000000000000000e+00,1.000000000000000000e+00,-1.000000000000000000e+00,0.000000000000000000e+00
1.959000000000000000e+03,1.879462274026110435e+01,2.862173535900261356e+01,-6.579376653622452664e-03,2.079759153020769702e+02,3.538986013007994202e-02,nan,1.503599581880838917e-05,1.812766454402110838e+01,1.000000000000000000e+00,1.000000000000000000e+00,-1.000000000000000000e+00,0.000000000000000000e+00
1.959000000000000000e+03,1.399651117093081325e+02,4.928767793659000063e+01,-7.159015468034842129e-03,2.264895872997874733e+02,8.649635802840727195e-02,nan,4.897167522215840110e-05,1.840190996464136930e+01,1.000000000000000000e+00,1.000000000000000000e+00,-1.000000000000000000e+00,0.000000000000000000e+00
1.960000000000000000e+03,1.164954743418482082e+02,3.191704247581117926e+01,-6.352033033449657091e-03,2.007145568319440372e+02,2.750824427131476346e-01,nan,1.480343035454866377e-04,3.638837503647592175e+00,1.000000000000000000e+00,1.000000000000000000e+00,-1.000000000000000000e+00,0.000000000000000000e+00
1.961000000000000000e+03,1.048910939180887141e+02,2.511085743071658882e+01,-7.368499862782145783e-03,2.331805218551660062e+02,2.868168423023753633e-02,nan,1.545764619099007487e-05,8.577300839583338998e+00,1.000000000000000000e+00,1.000000000000000000e+00,-1.000000000000000000e+00,0.000000000000000000e+00
1.962000000000000000e+03,1.129763441778205220e+02,3.284271048680794536e+01,-6.813188433449240446e-03,2.154438668837913724e+02,2.109250237873033784e-01,nan,1.339961164246705728e-04,3.638837503647592175e+00,1.000000000000000000e+00,1.000000000000000000e+00,-1.000000000000000000e+00,0.000000000000000000e+00
1.963000000000000000e+03,1.217840724908156886e+02,5.213023018455432123e+01,-1.563819226437026394e-03,4.777893955826783667e+01,3.080177443650032876e-01,nan,1.229789226825824588e-05,1.840190996464136930e+01,1.000000000000000000e+00,1.000000000000000000e+00,-1.000000000000000000e+00,0.000000000000000000e+00
1.964000000000000000e+03,2.638324561206935925e+01,1.215889767134898491e+01,-1.361946875074398523e-03,4.133113377714004599e+01,3.576851490604493478e-01,nan,1.335961596430449887e-05,1.812766454402110838e+01,1.000000000000000000e+00,1.000000000000000000e+00,-1.000000000000000000e+00,0.000000000000000000e+00
1.965000000000000000e+03,6.904841120899665441e+01,1.253063555862778777e+01,-6.732245087752294563e-03,2.128585352680165954e+02,3.115468760064199483e-02,nan,1.407761067058308018e-05,1.830705359715295089e+01,1.000000000000000000e+00,1.000000000000000000e+00,-1.000000000000000000e+00,0.000000000000000000e+00
1.965000000000000000e+03,4.605433140854240293e+01,1.558180531088373932e+01,-6.522923346207396868e-03,2.061727958582422957e+02,5.775440402440834564e-02,nan,2.598696821553261852e-05,1.175544055264617604e+01,1.000000000000000000e+00,1.000000000000000000e+00,-1.000000000000000000e+00,0.000000000000000000e+00
1.965000000000000000e+03,8.372879595038389766e+01,3.231672157980779758e+01,-6.496318160234915672e-03,2.053230258389037033e+02,4.361913398185768287e-02,nan,1.851540477532502503e-05,1.461022852258756011e+01,1.000000000000000000e+00,1.000000000000000000e+00,-1.000000000000000000e+00,0.000000000000000000e+00
1.965000000000000000e+03,9.267943154174847109e+01,1.652177788082519783e+01,-7.889124274464424241e-03,2.498092729881589662e+02,1.963509451686917817e-02,nan,1.187840310137312964e-05,1.460109241104099631e+01,1.000000000000000000e+00,1.000000000000000000e+00,-1.000000000000000000e+00,0.000000000000000000e+00
1.966000000000000000e+03,1.104133463212513959e+02,1.854771656002967006e+01,-7.888352603149483000e-03,2.497846257953560496e+02,2.518240401181426336e-02,nan,1.672522058291843347e-05,8.577300839583338998e+00,1.000000000000000000e+00,1.000000000000000000e+00,-1.000000000000000000e+00,0.000000000000000000e+00
1.968000000000000000e+03,1.301878560087585583e+02,2.821025430134382361e+01,-6.310023048682289644e-03,1.993727573194315426e+02,4.205965438016934232e-02,nan,1.653451443484930415e-05,1.961142413336466817e+01,1.000000000000000000e+00,1.000000000000000000e+00,-1.000000000000000000e+00,0.000000000000000000e+00
1.969000000000000000e+03,1.405343347352871319e+02,5.104156768498624785e+01,-7.353256773034978766e-03,2.326936573512821553e+02,1.962803042903560335e-02,nan,1.012293734680605672e-05,1.191339774845780397e+01,1.000000000000000000e+00,1.000000000000000000e+00,-1.000000000000000000e+00,0.000000000000000000e+00
1.969000000000000000e+03,7.394044853439297071e+01,4.856454719744266413e+01,-2.351972318007920261e-03,7.295256054173719917e+01,2.986836462666525582e-01,nan,2.644375088756054207e-05,1.896848919754043195e+01,1.000000000000000000e+00,1.000000000000000000e+00,-1.000000000000000000e+00,0.000000000000000000e+00
1.970000000000000000e+03,1.046646999483088081e+02,8.182398957999733824e+00,-7.463503658507640581e-03,2.362149444453480669e+02,2.591541434602973037e-02,nan,1.531541874326802479e-05,1.185271041205755616e+01,1.000000000000000000e+00,1.000000000000000000e+00,-1.000000000000000000e+00,0.000000000000000000e+00
1.970000000000000000e+03,9.799633206332785562e+01,3.546254273621053699e+01,-1.402289732669419545e-02,4.457220717411170767e+02,9.153323595197160323e-03,nan,1.887606572437270822e-05,1.461022852258756011e+01,1.000000000000000000e+00,1.000000000000000000e+00,-1.000000000000000000e+00,0.000000000000000000e+00
1.974000000000000000e+03,5.754600043129445908e+01,9.242696424207537120e+00,-7.552355018101026933e-03,2.390528581377397188e+02,5.115431436337958271e-02,nan,2.917850930639877285e-05,1.328829422731253729e+01,1.000000000000000000e+00,1.000000000000000000e+00,-1.000000000000000000e+00,0.000000000000000000e+00
1.974000000000000000e+03,9.189264070085505409e+01,1.051312684031308997e+01,-6.861784745241447658e-03,2.169960337753951762e+02,3.750983605119007080e-02,nan,1.794144685670049329e-05,1.238002041804312903e+01,1.000000000000000000e+00,1.000000000000000000e+00,-1.000000000000000000e+00,0.000000000000000000e+00
1.974000000000000000e+03,2.561422037628194914e+01,2.015729430792239185e+01,-1.767384471696826879e-03,5.428081639461119323e+01,3.451887910460033071e-01,nan,1.982942722287210947e-05,1.866198427502039792e+01,1.000000000000000000e+00,1.000000000000000000e+00,-1.000000000000000000e+00,0.000000000000000000e+00
1.976000000000000000e+03,4.850403973068530661e+01,4.711804940276570619e+01,-6.946128502899607572e-03,2.196899745976994041e+02,3.550138999982832555e-02,nan,1.814256850770876070e-05,1.551334122122158909e+01,1.000000000000000000e+00,1.000000000000000000e+00,-1.000000000000000000e+00,0.000000000000000000e+00
1.976000000000000000e+03,4.941002541800083137e+00,2.848913453170143484e+01,-7.887978009802929652e-03,2.497726612785256179e+02,1.916178072937246846e-02,nan,1.134449123694226777e-05,2.228904433004074548e+01,1.000000000000000000e+00,1.000000000000000000e+00,-1.000000000000000000e+00,0.000000000000000000e+00
1.976000000000000000e+03,3.299724381246677041e+01,4.666745402243662255e+01,-1.683271911368963659e-03,5.159426001833341502e+01,3.242287357312884089e-01,nan,1.562315864411173899e-05,5.849794710712475698e+00,1.000000000000000000e+00,1.000000000000000000e+00,-1.000000000000000000e+00,0.000000000000000000e+00
1.985000000000000000e+03,1.386853597786611942e+02,4.649298758067850201e+01,-6.731513062262663508e-03,2.128351543634394432e+02,4.685883902009124746e-02,nan,2.114289010407942050e-05,2.241714115964458998e+01,1.000000000000000000e+00,1.000000000000000000e+00,-1.000000000000000000e+00,0.000000000000000000e+00
1.985000000000000000e+03,1.043101784682071553e+02,5.248076228382231534e+01,-5.860128779052588971e-03,1.850031279321767101e+02,4.194107759329745999e-02,nan,1.698398869614718977e-05,1.262816882200646162e+01,1.000000000000000000e+00,1.000000000000000000e+00,-1.000000000000000000e+00,0.000000000000000000e+00
1.986000000000000000e+03,4.863465353255241297e+01,2.000073390722253563e+01,-6.614931198255105151e-03,2.091115279646350871e+02,2.841992477853405585e-02,nan,1.276867966565902685e-05,1.269805439393716817e+01,1.000000000000000000e+00,1.000000000000000000e+00,-1.000000000000000000e+00,0.000000000000000000e+00
1.986000000000000000e+03,1.816613387688639136e+01,2.161076223715780387e+01,-7.197599682662468926e-03,2.277219676651867815e+02,3.475270020137555260e-02,nan,1.773777958966613063e-05,1.775198913179060867e+01,1.000000000000000000e+00,1.000000000000000000e+00,-1.000000000000000000e+00,0.000000000000000000e+00
1.987000000000000000e+03,4.818905216690980353e+01,3.661138395187432337e+01,-7.902393361874478911e-03,2.502330878292470970e+02,3.181347166927261938e-02,nan,1.950957066971664044e-05,1.604757012295310403e+01,1.000000000000000000e+00,1.000000000000000000e+00,-1.000000000000000000e+00,0.000000000000000000e+00
1.987000000000000000e+03,2.428713313715905997e+01,4.890250079109112846e+01,-1.609780786467154530e-03,4.924695244102051106e+01,3.224939467933961579e-01,nan,1.412440080722134654e-05,7.549928424016013828e+00,1.000000000000000000e+00,1.000000000000000000e+00,-1.000000000000000000e+00,0.000000000000000000e+00
1.989000000000000000e+03,3.305214174034479413e+01,3.128236438076702797e+01,-7.428920481249347112e-03,2.351103572705782199e+02,2.889374434952407533e-02,nan,1.560367900500763872e-05,9.875855932142011184e+00,1.000000000000000000e+00,1.000000000000000000e+00,-1.000000000000000000e+00,0.000000000000000000e+00
1.990000000000000000e+03,9.551067633251189193e+01,4.312755190061919564e+01,-7.409648913415393251e-03,2.344948231191581840e+02,2.946476951063659033e-02,nan,1.665554911263359705e-05,1.284187612105661813e+01,1.000000000000000000e+00,1.000000000000000000e+00,-1.000000000000000000e+00,0.000000000000000000e+00
1.990000000000000000e+03,8.084895113220612473e+01,5.269724297404986402e+01,-6.815366975387926463e-03,2.155134495443779770e+02,3.349205922696163462e-02,nan,1.527358164925550452e-05,1.750843148572080921e+01,1.000000000000000000e+00,1.000000000000000000e+00,-1.000000000000000000e+00,0.000000000000000000e+00
1.991000000000000000e+03,1.103897848874780294e+02,1.470703442716877163e+01,-6.664366203796096878e-03,2.106904827465344567e+02,5.843360040991607551e-02,nan,2.800752491474120157e-05,1.429807094926286659e+01,1.000000000000000000e+00,1.000000000000000000e+00,-1.000000000000000000e+00,0.000000000000000000e+00
1.992000000000000000e+03,1.444321188891478585e+02,1.755493151780399685e+01,-6.645447920682626131e-03,2.100862325141243332e+02,3.948655838712011867e-02,nan,1.768028914535623480e-05,1.547012561574132050e+01,1.000000000000000000e+00,1.000000000000000000e+00,-1.000000000000000000e+00,0.000000000000000000e+00
1.993000000000000000e+03,4.278200767420380402e+01,3.297417976713590804e+01,-6.537280834377741726e-03,2.066313742351341887e+02,4.075236266437554100e-02,nan,1.760425859749513544e-05,7.371643627576110802e+00,1.000000000000000000e+00,1.000000000000000000e+00,-1.000000000000000000e+00,0.000000000000000000e+00
1.994000000000000000e+03,8.331079388283454534e+01,1.825375977341806433e+01,-7.367155145924049985e-03,2.331375715795433905e+02,2.820608156625614704e-02,nan,1.484278241397505949e-05,1.335838097152361392e+01,1.000000000000000000e+00,1.000000000000000000e+00,-1.000000000000000000e+00,0.000000000000000000e+00
1.994000000000000000e+03,9.657641602290996730e+01,1.982525950841802498e+01,-6.617444747895199868e-03,2.091918107759817644e+02,4.302056013662780565e-02,nan,1.882664103238126230e-05,6.629325228829827665e+00,1.000000000000000000e+00,1.000000000000000000e+00,-1.000000000000000000e+00,0.000000000000000000e+00
1.994000000000000000e+03,1.343247340372091685e+02,2.926670158136040456e+01,-1.281942545825106271e-02,4.072831631020965801e+02,1.314788594951443734e-02,nan,2.361673840901674782e-05,9.479896445928739368e+00,1.000000000000000000e+00,1.000000000000000000e+00,-1.000000000000000000e+00,0.000000000000000000e+00
1.994000000000000000e+03,1.911161166934282107e+01,4.037479184710630875e+01,-8.580074779300029056e-03,2.718782419652396811e+02,1.490532101941333121e-02,nan,1.049449077880545662e-05,3.692249566452005194e+00,1.000000000000000000e+00,1.000000000000000000e+00,-1.000000000000000000e+00,0.000000000000000000e+00
1.994000000000000000e+03,6.053664752370345781e+01,2.655694769094167995e+01,1.362337733049410375e-03,-4.134361778643537377e+01,3.705375244448479988e-01,nan,1.321639582977649650e-05,7.371904953506907887e+00,1.000000000000000000e+00,1.000000000000000000e+00,-1.000000000000000000e+00,0.000000000000000000e+00
1.995000000000000000e+03,9.647175232554029378e+01,1.143240429920078327e+01,-6.509461176044686881e-03,2.057428139512810787e+02,4.743990121309693553e-02,nan,2.091411461884942887e-05,8.279323351752342575e+00,1.000000000000000000e+00,1.000000000000000000e+00,-1.000000000000000000e+00,0.000000000000000000e+00
1.995000000000000000e+03,1.252807827424796159e+02,2.642497998977336238e+01,-7.759918917775528516e-03,2.456824520531075677e+02,2.837593675613758748e-02,nan,1.730279078083389946e-05,9.479896445928739368e+00,1.000000000000000000e+00,1.000000000000000000e+00,-1.000000000000000000e+00,0.000000000000000000e+00
1.997000000000000000e+03,4.207995073708732292e+01,2.563604336686164586e+01,-1.984570123788773673e-03,6.121772921939394507e+01,2.561080832523011663e-01,nan,1.511004173554935386e-05,7.371643627576110802e+00,1.000000000000000000e+00,1.000000000000000000e+00,-1.000000000000000000e+00,0.000000000000000000e+00
1.998000000000000000e+03,1.078281584687816661e+02,4.037113593519704580e+01,-1.558418602437346102e-03,4.760644355070767375e+01,2.683841059995423217e-01,nan,9.870289454639026471e-06,9.329935982786350834e+00,1.000000000000000000e+00,1.000000000000000000e+00,-1.000000000000000000e+00,0.000000000000000000e+00
1.999000000000000000e+03,5.900290739875264734e+01,3.957215490188006868e+01,-6.917110541813186950e-03,2.187631405068165407e+02,3.165108913461334161e-02,nan,1.550345468321394520e-05,1.310526525922107233e+01,1.000000000000000000e+00,1.000000000000000000e+00,-1.000000000000000000e+00,0.000000000000000000e+00
1.999000000000000000e+03,1.025823765634250151e+02,1.701876864340958306e+01,-1.615911055675814259e-03,4.944275332695987402e+01,2.826350306657098299e-01,nan,1.252581776040846263e-05,6.629325228829827665e+00,1.000000000000000000e+00,1.000000000000000000e+00,-1.000000000000000000e+00,0.000000000000000000e+00
2.001000000000000000e+03,4.476726300969573913e+01,3.747003774858359293e+01,-6.555148743141865977e-03,2.072020754958483337e+02,3.438719685333269105e-02,nan,1.468055693477488728e-05,1.213528204357601403e+01,1.000000000000000000e+00,1.000000000000000000e+00,-1.000000000000000000e+00,0.000000000000000000e+00
2.001000000000000000e+03,1.071193457069241646e+02,4.967410803617205772e+01,-1.460643592595509523e-03,4.448350834213343319e+01,3.293106936791394546e-01,nan,1.218161144013893666e-05,9.329935982786350834e+00,1.000000000000000000e+00,1.000000000000000000e+00,-1.000000000000000000e+00,0.000000000000000000e+00
2.002000000000000000e+03,1.126776213661827342e+02,3.168029783057483328e+01,-1.379290231949894434e-03,4.188508084305155421e+01,3.605610040960304241e-01,nan,1.342934432435789489e-05,8.373767746472921658e+00,1.000000000000000000e+00,1.000000000000000000e+00,-1.000000000000000000e+00,0.000000000000000000e+00
2.003000000000000000e+03,9.612339430504576399e+01,2.274268999680371905e+01,-7.702499507084511338e-03,2.438484752568625140e+02,2.917047581184306626e-02,nan,1.721460242419791667e-05,8.630279686887284640e+00,1.000000000000000000e+00,1.000000000000000000e+00,-1.000000000000000000e+00,0.000000000000000000e+00
2.004000000000000000e+03,6.187506748889470387e+00,9.554704431074757309e+00,-7.091184462429111872e-03,2.243230640135020053e+02,2.072582853116744506e-02,nan,1.003628633708759405e-05,1.615532134743585502e+01,1.000000000000000000e+00,1.000000000000000000e+00,-1.000000000000000000e+00,0.000000000000000000e+00
2.006000000000000000e+03,1.655363240741976938e+01,4.020857308580876577e+01,-6.997279347759017241e-03,2.213237333118960919e+02,3.864663828796988110e-02,nan,2.026716395901234627e-05,2.228368560732306491e+01,1.000000000000000000e+00,1.000000000000000000e+00,-1.000000000000000000e+00,0.000000000000000000e+00
2.006000000000000000e+03,1.135201908811173013e+02,4.001156801490886039e+01,-1.909241413250993861e-03,5.881172913066502872e+01,2.343857327183346273e-01,nan,1.230667225893876005e-05,8.373767746472921658e+00,1.000000000000000000e+00,1.000000000000000000e+00,-1.000000000000000000e+00,0.000000000000000000e+00
2.009000000000000000e+03,1.985356260307795040e+01,1.817058077820959028e+01,-1.723562007678750745e-03,5.288112626898597313e+01,2.807890200370513067e-01,nan,1.278403528347314085e-05,1.615532134743585502e+01,1.000000000000000000e+00,1.000000000000000000e+00,-1.000000000000000000e+00,0.000000000000000000e+00
2.010000000000000000e+03,1.231790408804251769e+02,4.893109839561116559e+01,-6.513868926278869494e-03,2.058835975566133243e+02,4.354248939743576852e-02,nan,1.847913850946202139e-05,1.310222697077990972e+01,1.000000000000000000e+00,1.000000000000000000e+00,-1.000000000000000000e+00,0.000000000000000000e+00
2.012000000000000000e+03,5.810694232429791839e+01,1.415348449989204660e+01,1.218902324634588748e-03,-3.676228879634403768e+01,3.690520704476926150e-01,nan,1.052803434085667079e-05,1.780567556664190576e+01,1.000000000000000000e+00,1.000000000000000000e+00,-1.000000000000000000e+00,0.000000000000000000e+00
2.014000000000000000e+03,7.355625514178852598e+01,5.301320027186577910e+00,-7.261939727976937653e-03,2.297769896299898846e+02,2.944716263998237160e-02,nan,1.603722300669152212e-05,1.780567556664190576e+01,1.000000000000000000e+00,1.000000000000000000e+00,-1.000000000000000000e+00,0.000000000000000000e+00
2.014000000000000000e+03,1.138061955722114860e+01,4.207864984397544816e+01,-6.477475550853374099e-03,2.047211926265704562e+02,4.508140786542436107e-02,nan,1.892616509105145032e-05,2.536506515488898472e+01,1.000000000000000000e+00,1.000000000000000000e+00,-1.000000000000000000e+00,0.000000000000000000e+00
2.017000000000000000e+03,1.021630950732753291e+02,4.875312415954518741e+01,-1.557048265934559209e-03,4.756267498326830179e+01,3.199763318328777695e-01,nan,1.311386247488460305e-05,1.132059699326510938e+01,1.000000000000000000e+00,1.000000000000000000e+00,-1.000000000000000000e+00,0.000000000000000000e+00
2.018000000000000000e+03,2.640572498762868037e+01,1.940230892797220719e+01,-6.973419635401116937e-03,2.205616537589563961e+02,2.266539074073881110e-02,nan,1.218781314408725609e-05,1.152110888825483137e+01,1.000000000000000000e+00,1.000000000000000000e+00,-1.000000000000000000e+00,0.000000000000000000e+00
2.018000000000000000e+03,9.381353855019176535e+01,4.110846444496300478e+01,-6.593187222957905096e-03,2.084170250835835816e+02,1.556754979507816161e-01,nan,8.138914653397800189e-05,5.776228098725922244e+00,1.000000000000000000e+00,1.000000000000000000e+00,-1.000000000000000000e+00,0.000000000000000000e+00
2.020000000000000000e+03,1.216404782370817799e+02,5.107802825174302797e+01,-6.407514072980491880e-03,2.024866220256926113e+02,3.893292414780757937e-02,nan,1.608027242084321317e-05,1.764746604942715535e+01,1.000000000000000000e+00,1.000000000000000000e+00,-1.000000000000000000e+00,0.000000000000000000e+00
2.020000000000000000e+03,8.923553903593312953e+01,3.758614539411616562e+01,-6.456990035697240428e-03,2.040668849803696787e+02,1.814051196664023813e-01,nan,9.708005356962383337e-05,5.776228098725922244e+00,1.000000000000000000e+00,1.000000000000000000e+00,-1.000000000000000000e+00,0.000000000000000000e+00
2.020000000000000000e+03,8.149692584129569539e+00,1.614416650124100627e+01,1.465846496599555997e-03,-4.464968917021365513e+01,3.711021158735957615e-01,nan,1.562256724304429475e-05,7.540091594688395737e+00,1.000000000000000000e+00,1.000000000000000000e+00,-1.000000000000000000e+00,0.000000000000000000e+00
2.020000000000000000e+03,1.488535673748554089e+01,1.953294351802537676e+01,1.417101575100251530e-03,-4.309277568244605305e+01,3.738704269093526822e-01,nan,1.528229534192109934e-05,7.540091594688395737e+00,1.000000000000000000e+00,1.000000000000000000e+00,-1.000000000000000000e+00,0.000000000000000000e+00
2.021000000000000000e+03,9.088944651235507877e+01,1.309243403525770866e+01,-1.592103557067512439e-03,4.868234148192690469e+01,3.354672155649519594e-01,nan,1.437089753182993258e-05,1.537362184919503250e+01,1.000000000000000000e+00,1.000000000000000000e+00,-1.000000000000000000e+00,0.000000000000000000e+00
2.025000000000000000e+03,1.252036288432768316e+02,2.502103053623341467e+01,-8.384619542040864723e-03,2.656353989000815545e+02,3.284245561640153355e-02,nan,2.266602726070758984e-05,1.157001263082289633e+01,1.000000000000000000e+00,1.000000000000000000e+00,-1.000000000000000000e+00,0.000000000000000000e+00
2.025000000000000000e+03,9.005316392049714125e+01,2.844329330073865592e+01,-3.381445575438022169e-03,1.058339510638625285e+02,1.419597439802340322e-01,nan,1.905599723337444339e-05,9.179338475796381402e+00,1.000000000000000000e+00,1.000000000000000000e+00,-1.000000000000000000e+00,0.000000000000000000e+00
2.025000000000000000e+03,1.061787591492131639e+02,4.257107222661139900e+01,-6.596361309708299175e-03,2.085184054596521719e+02,4.098256798521582311e-02,nan,1.983446795535974793e-05,1.764746604942715535e+01,1.000000000000000000e+00,1.000000000000000000e+00,-1.000000000000000000e+00,0.000000000000000000e+00
2.026000000000000000e+03,1.156960539621477437e+02,1.842776031902522149e+01,-7.114379566670352671e-03,2.250639159737185935e+02,3.337695368974880061e-02,nan,1.665161964155673056e-05,1.157001263082289633e+01,1.000000000000000000e+00,1.000000000000000000e+00,-1.000000000000000000e+00,0.000000000000000000e+00
2.027000000000000000e+03,3.950079364044186292e+01,4.209167723646842063e+01,-1.379990878507071118e-03,4.190745950407867326e+01,3.641558788175981443e-01,nan,1.410781311732865036e-05,1.129340054536025306e+01,1.000000000000000000e+00,1.000000000000000000e+00,-1.000000000000000000e+00,0.000000000000000000e+00
2.029000000000000000e+03,8.330958813942193331e+01,5.492377136427569084e+00,-7.555148677901720247e-03,2.391420876716101418e+02,2.594439715800067603e-02,nan,1.455645045322323219e-05,2.392112804815734961e+01,1.000000000000000000e+00,1.000000000000000000e+00,-1.000000000000000000e+00,0.000000000000000000e+00
2.032000000000000000e+03,2.974321375195791362e+01,2.439734959448203000e+01,-7.591519276005843746e-03,2.403037650936836087e+02,2.442914674749563364e-02,nan,1.382665479735402625e-05,1.109622523984299214e+01,1.000000000000000000e+00,1.000000000000000000e+00,-1.000000000000000000e+00,0.000000000000000000e+00
2.032000000000000000e+03,9.659552101896447596e+01,3.254625004484083917e+01,-7.468703102273785942e-03,2.363810147533803843e+02,4.185749588389675591e-02,nan,2.354937363670669555e-05,6.177763597678126217e+00,1.000000000000000000e+00,1.000000000000000000e+00,-1.000000000000000000e+00,0.000000000000000000e+00
2.034000000000000000e+03,1.358372322317412397e+02,1.790936772685675749e+01,-1.415729552953722209e-03,4.304895327552151230e+01,3.677365356561411724e-01,nan,1.428841408365871192e-05,1.209279587393772282e+01,1.000000000000000000e+00,1.000000000000000000e+00,-1.000000000000000000e+00,0.000000000000000000e+00
2.036000000000000000e+03,7.205324961757629865e+01,2.017876257101625370e+01,-6.449240344276662047e-03,2.038193597258894272e+02,3.497506500756486503e-02,nan,1.460449134828256940e-05,9.943638630099313147e+00,1.000000000000000000e+00,1.000000000000000000e+00,-1.000000000000000000e+00,0.000000000000000000e+00
2.037000000000000000e+03,7.319337101323644390e+01,3.005682272517411846e+01,-6.786080320655636482e-03,2.145780333746146198e+02,4.970751567734010834e-02,nan,2.318741387091237459e-05,9.943638630099313147e+00,1.000000000000000000e+00,1.000000000000000000e+00,-1.000000000000000000e+00,0.000000000000000000e+00
2.037000000000000000e+03,2.029815753804140854e+01,3.022119091179879646e+01,-7.791546296405270008e-03,2.466926309775331561e+02,2.363373293961956723e-02,nan,1.410376210999689939e-05,1.109622523984299214e+01,1.000000000000000000e+00,1.000000000000000000e+00,-1.000000000000000000e+00,0.000000000000000000e+00
2.037000000000000000e+03,9.060134615218333920e+01,3.404111817790352745e+01,-6.972045111860418129e-03,2.205177514574664315e+02,2.058900438205191197e-02,nan,1.066473490122415966e-05,6.177763597678126217e+00,1.000000000000000000e+00,1.000000000000000000e+00,-1.000000000000000000e+00,0.000000000000000000e+00
2.037000000000000000e+03,1.278981768864540669e+02,4.984284614498984212e+01,-7.252981355286359719e-03,2.294908590785106242e+02,4.898279168540642381e-02,nan,2.618891886722996524e-05,3.290555642527419877e+01,1.000000000000000000e+00,1.000000000000000000e+00,-1.000000000000000000e+00,0.000000000000000000e+00
2.041000000000000000e+03,1.002771364171901922e+02,3.018471021831303958e+01,-1.536069071969819143e-03,4.689259922888098941e+01,3.261919289081213202e-01,nan,1.291442522232344777e-05,9.664579188109623686e+00,1.000000000000000000e+00,1.000000000000000000e+00,-1.000000000000000000e+00,0.000000000000000000e+00
2.043000000000000000e+03,7.036669150057403499e+01,2.639077439308780271e+01,-1.263457778400698447e-03,3.818539062497354308e+01,3.627387318551994477e-01,nan,1.070088288129251304e-05,8.019529450015086880e+00,1.000000000000000000e+00,1.000000000000000000e+00,-1.000000000000000000e+00,0.000000000000000000e+00
2.043000000000000000e+03,7.926819976840427273e+01,3.852223512045387110e+01,-1.501391986976773237e-03,4.578501263972406576e+01,3.117893567002684163e-01,nan,1.106021375602437838e-05,1.504689964151669912e+01,1.000000000000000000e+00,1.000000000000000000e+00,-1.000000000000000000e+00,0.000000000000000000e+00
2.045000000000000000e+03,9.230411508225839157e+01,1.914632587446056888e+01,1.417818692350000624e-03,-4.311568041762880199e+01,3.740589376389388265e-01,nan,1.516176464206385665e-05,1.240002668001823238e+01,1.000000000000000000e+00,1.000000000000000000e+00,-1.000000000000000000e+00,0.000000000000000000e+00
2.047000000000000000e+03,5.184449831968092326e+01,1.108046063018640126e+01,-8.073004309923392449e-03,2.556824039427618231e+02,2.805562979305553650e-02,nan,1.861355791870626962e-05,1.630688291006716995e+01,1.000000000000000000e+00,1.000000000000000000e+00,-1.000000000000000000e+00,0.000000000000000000e+00
2.048000000000000000e+03,9.417622068596196527e+01,6.888435261726840508e+00,-6.212689577616669311e-03,1.962639248656657855e+02,3.671612443800797987e-02,nan,1.466131239648220675e-05,1.240002668001823238e+01,1.000000000000000000e+00,1.000000000000000000e+00,-1.000000000000000000e+00,0.000000000000000000e+00
2.048000000000000000e+03,6.546932414845045400e+01,2.004029050459447348e+01,-1.432990647593740657e-03,4.360027288445885318e+01,3.731077601429168000e-01,nan,1.529761892970746249e-05,8.019529450015086880e+00,1.000000000000000000e+00,1.000000000000000000e+00,-1.000000000000000000e+00,0.000000000000000000e+00
2.049000000000000000e+03,1.260617635694294307e+02,2.469340734938759852e+01,-6.840967292229926770e-03,2.163311240293600406e+02,5.001356534713985447e-02,nan,2.336304604125338336e-05,1.424519484863094121e+01,1.000000000000000000e+00,1.000000000000000000e+00,-1.000000000000000000e+00,0.000000000000000000e+00
2.049000000000000000e+03,1.294081586566965996e+02,4.824929219836443650e+01,-7.492269605883899661e-03,2.371337292147347569e+02,2.507625288473602776e-02,nan,1.485507923661271477e-05,2.379239523667893508e+01,1.000000000000000000e+00,1.000000000000000000e+00,-1.000000000000000000e+00,0.000000000000000000e+00
2.050000000000000000e+03,1.401407247774163523e+02,2.252351620477666216e+01,-6.496180028075704792e-03,2.053186138957688058e+02,9.184682138353084113e-02,nan,4.166956424213508783e-05,5.087727314595699823e+00,1.000000000000000000e+00,1.000000000000000000e+00,-1.000000000000000000e+00,0.000000000000000000e+00
2.051000000000000000e+03,1.092915575532787358e+02,1.649402382361383701e+01,-1.429732177069947818e-02,4.544871923958102116e+02,4.645075990445879377e-02,nan,9.562756493596932697e-05,3.765365223553654772e+00,1.000000000000000000e+00,1.000000000000000000e+00,-1.000000000000000000e+00,0.000000000000000000e+00
2.053000000000000000e+03,2.040732610364698374e+01,6.763928527402900848e+00,-7.871895183414830480e-03,2.492589755743561284e+02,4.252254378123665468e-02,nan,2.798519660136674495e-05,8.320178721749636352e+00,1.000000000000000000e+00,1.000000000000000000e+00,-1.000000000000000000e+00,0.000000000000000000e+00
2.053000000000000000e+03,1.202950086296095122e+01,3.749084962337511939e+01,-1.913249064921937730e-03,5.893973358218221392e+01,2.453723606109384781e-01,nan,1.311570291513975212e-05,1.316467570192742009e+01,1.000000000000000000e+00,1.000000000000000000e+00,-1.000000000000000000e+00,0.000000000000000000e+00
2.054000000000000000e+03,8.059115965574692098e+01,1.542433589239979064e+01,-6.781182079560086132e-03,2.144215834841760966e+02,3.623191282192317342e-02,nan,1.703388998659359176e-05,1.309829798960178415e+01,1.000000000000000000e+00,1.000000000000000000e+00,-1.000000000000000000e+00,0.000000000000000000e+00
2.055000000000000000e+03,1.353076585874365492e+02,2.093403816750867819e+01,-1.451767688611457774e-02,4.615253379243295058e+02,9.814258560811084386e-03,nan,2.165937737031725996e-05,5.087727314595699823e+00,1.000000000000000000e+00,1.000000000000000000e+00,-1.000000000000000000e+00,0.000000000000000000e+00
2.055000000000000000e+03,2.764232825763044588e+01,1.087247057948294326e+01,-7.118067703505009079e-03,2.251817151168086184e+02,2.838017860317698648e-02,nan,1.484685021129489962e-05,8.320178721749636352e+00,1.000000000000000000e+00,1.000000000000000000e+00,-1.000000000000000000e+00,0.000000000000000000e+00
2.055000000000000000e+03,9.367055792598306141e+01,1.612772135780977223e+01,-6.325314916940626142e-03,1.998611798096576990e+02,3.534510002288193675e-02,nan,1.390358762888613853e-05,1.266649297305565192e+01,1.000000000000000000e+00,1.000000000000000000e+00,-1.000000000000000000e+00,0.000000000000000000e+00
2.055000000000000000e+03,2.541088820415102845e+01,4.997558140740961363e+01,-7.403688401513373180e-03,2.343044442840135275e+02,3.500593724769907045e-02,nan,1.890891695311273617e-05,1.330157522813952120e+01,1.000000000000000000e+00,1.000000000000000000e+00,-1.000000000000000000e+00,0.000000000000000000e+00
2.056000000000000000e+03,2.516894694039714864e+01,3.667620668621508173e+01,-6.542345774422023662e-03,2.067931484923722110e+02,4.658119873787025522e-02,nan,1.998601256992351400e-05,1.316467570192742009e+01,1.000000000000000000e+00,1.000000000000000000e+00,-1.000000000000000000e+00,0.000000000000000000e+00
2.057000000000000000e+03,6.617244918939329068e+01,3.022137408082968335e+01,-1.678856410905207484e-03,5.145322887055806405e+01,3.428384232258113729e-01,nan,1.703475113007998226e-05,5.919331642326961074e+00,1.000000000000000000e+00,1.000000000000000000e+00,-1.000000000000000000e+00,0.000000000000000000e+00
2.058000000000000000e+03,1.019044913085637205e+02,2.575281280089185998e+01,-1.286955122121753465e-03,3.893589611848518928e+01,3.746268498200313601e-01,nan,1.201124991311012825e-05,1.253946151834585976e+01,1.000000000000000000e+00,1.000000000000000000e+00,-1.000000000000000000e+00,0.000000000000000000e+00
2.059000000000000000e+03,6.860013952602710674e+01,2.482278104919005202e+01,-1.489709093238637599e-03,4.541186084713540794e+01,3.433009908115191022e-01,nan,1.350933493233978098e-05,5.919331642326961074e+00,1.000000000000000000e+00,1.000000000000000000e+00,-1.000000000000000000e+00,0.000000000000000000e+00
2.060000000000000000e+03,8.088452041659074609e+01,2.037280337574529909e+01,-7.956380094420423613e-03,2.519574248365901497e+02,6.003143707367342152e-02,nan,3.881586317865667808e-05,5.692600970817637496e+00,1.000000000000000000e+00,1.000000000000000000e+00,-1.000000000000000000e+00,0.000000000000000000e+00
2.061000000000000000e+03,4.329695779663930466e+01,5.283031731952758037e+01,-6.969763198393595302e-03,2.204448671087970695e+02,2.164574347788794650e-02,nan,1.037128360835148390e-05,2.428126990001415209e+01,1.000000000000000000e+00,1.000000000000000000e+00,-1.000000000000000000e+00,0.000000000000000000e+00
2.062000000000000000e+03,4.089407330334294954e+01,1.369432402629416856e+01,-8.070060762673855054e-03,2.555883870016379831e+02,3.267730474392360751e-02,nan,2.167573018220143741e-05,9.661203100805224153e+00,1.000000000000000000e+00,1.000000000000000000e+00,-1.000000000000000000e+00,0.000000000000000000e+00
2.063000000000000000e+03,5.230822763659909924e+01,5.785233384560202197e+00,-6.317966910807565166e-03,1.996264843889886151e+02,6.237704507558372580e-02,nan,2.833358648925394946e-05,7.210443205813407808e+00,1.000000000000000000e+00,1.000000000000000000e+00,-1.000000000000000000e+00,0.000000000000000000e+00
2.064000000000000000e+03,7.638880576077052353e+01,1.624051880122626557e+01,-6.658623726513250400e-03,2.105070679402352880e+02,4.236753442393292879e-02,nan,1.869361868917167026e-05,6.106326724911196102e+00,1.000000000000000000e+00,1.000000000000000000e+00,-1.000000000000000000e+00,0.000000000000000000e+00
2.065000000000000000e+03,4.513897333390919187e+01,5.015633509545275537e+00,-6.750878690495578337e-03,2.134536928053435645e+02,4.306038041688708962e-02,nan,2.148779233406752700e-05,7.210443205813407808e+00,1.000000000000000000e+00,1.000000000000000000e+00,-1.000000000000000000e+00,0.000000000000000000e+00
2.065000000000000000e+03,8.652501428211682821e+01,1.960434077683983034e+01,-1.561820259693655908e-03,4.771509253198024680e+01,3.683482392959483986e-01,nan,1.702131367017790722e-05,5.692600970817637496e+00,1.000000000000000000e+00,1.000000000000000000e+00,-1.000000000000000000e+00,0.000000000000000000e+00
2.065000000000000000e+03,7.259296990126391336e+01,5.060614930102660480e+01,-1.568807509045442488e-03,4.793826537591122872e+01,3.213703980270742333e-01,nan,1.337994197764586571e-05,1.997569243778281844e+01,1.000000000000000000e+00,1.000000000000000000e+00,-1.000000000000000000e+00,0.000000000000000000e+00
2.069000000000000000e+03,6.360956957275285362e+01,1.109749369734668001e+01,-6.721687848825440986e-03,2.125213369061515891e+02,3.120232012645973718e-02,nan,1.369872085473802602e-05,1.273028304364298258e+01,1.000000000000000000e+00,1.000000000000000000e+00,-1.000000000000000000e+00,0.000000000000000000e+00
2.070000000000000000e+03,7.626711183061637200e+01,9.738549120970088069e+00,-6.927053995684061966e-03,2.190807345652413005e+02,2.734350614441471983e-02,nan,1.292590302290453075e-05,1.273028304364298258e+01,1.000000000000000000e+00,1.000000000000000000e+00,-1.000000000000000000e+00,0.000000000000000000e+00
2.070000000000000000e+03,7.162886958529313119e+01,3.065373593948964270e+01,-6.915922674612459339e-03,2.187252000114868622e+02,3.590666507524187256e-02,nan,1.683601990555381463e-05,1.854681267196867722e+01,1.000000000000000000e+00,1.000000000000000000e+00,-1.000000000000000000e+00,0.000000000000000000e+00
2.072000000000000000e+03,9.138822400842823868e+01,2.744050907903012870e+01,-6.497310172525968403e-03,2.053547107256255515e+02,2.623240361967615897e-02,nan,1.085691569012726345e-05,2.001891390849781871e+01,1.000000000000000000e+00,1.000000000000000000e+00,-1.000000000000000000e+00,0.000000000000000000e+00
2.075000000000000000e+03,2.550328884477920610e+01,3.486768495854356331e+01,-6.892713297371591726e-03,2.179838921714586775e+02,4.124051484009727542e-02,nan,1.956608498210652509e-05,1.721961244837329730e+01,1.000000000000000000e+00,1.000000000000000000e+00,-1.000000000000000000e+00,0.000000000000000000e+00
2.076000000000000000e+03,4.889957872200740852e+00,2.155052324479348158e+01,-1.569570284136890398e-02,4.991515037332527527e+02,9.062341673099827410e-03,nan,2.368761086028738051e-05,2.123612224054679132e+01,1.000000000000000000e+00,1.000000000000000000e+00,-1.000000000000000000e+00,0.000000000000000000e+00
2.077000000000000000e+03,2.258050066281688828e+01,5.183743339850442311e+01,-1.384990253403783856e-03,4.206713960956842868e+01,3.692669227247546981e-01,nan,1.370946707839206868e-05,1.721961244837329730e+01,1.000000000000000000e+00,1.000000000000000000e+00,-1.000000000000000000e+00,0.000000000000000000e+00
2.078000000000000000e+03,5.373422758473457606e+01,3.877573556835370283e+01,-6.525479353057667131e-03,2.062544347534873737e+02,4.022191146751319391e-02,nan,1.732456774013790753e-05,1.976595914421488231e+01,1.000000000000000000e+00,1.000000000000000000e+00,-1.000000000000000000e+00,0.000000000000000000e+00
2.079000000000000000e+03,6.146249579110184413e+01,2.058323680042122206e+01,-1.688957481085852190e-03,5.177585719616440230e+01,3.214876280003654552e-01,nan,1.552554808800420277e-05,1.809790542050878415e+01,1.000000000000000000e+00,1.000000000000000000e+00,-1.000000000000000000e+00,0.000000000000000000e+00
2.080000000000000000e+03,1.388155221946659594e+02,1.373394737944272848e+01,-6.533520594113904033e-03,2.065112721074879403e+02,4.138895869550929252e-02,nan,1.743623771128536214e-05,3.548945025089843597e+01,1.000000000000000000e+00,1.000000000000000000e+00,-1.000000000000000000e+00,0.000000000000000000e+00
2.081000000000000000e+03,8.044187807044559690e+01,2.011949085705175833e+01,-6.546724439374190969e-03,2.069330031133821706e+02,3.602046276479242692e-02,nan,1.582492132270295004e-05,7.680275576412873839e+00,1.000000000000000000e+00,1.000000000000000000e+00,-1.000000000000000000e+00,0.000000000000000000e+00
2.081000000000000000e+03,2.365377113710872692e+01,3.149497896519915940e+01,-1.472931429436255026e-03,4.487598202604565500e+01,2.770857629082378315e-01,nan,9.232663642042713078e-06,2.011297456985265697e+01,1.000000000000000000e+00,1.000000000000000000e+00,-1.000000000000000000e+00,0.000000000000000000e+00
2.083000000000000000e+03,1.418984353649277352e+02,5.150808726224819623e+01,-1.452678701290441949e-03,4.422910960027394367e+01,3.545529228613404360e-01,nan,1.397645260623992649e-05,2.178032191352212266e+01,1.000000000000000000e+00,1.000000000000000000e+00,-1.000000000000000000e+00,0.000000000000000000e+00
2.084000000000000000e+03,7.820073302305732454e+01,2.746550350380177008e+01,-7.123016523916152892e-03,2.253397805113084189e+02,5.488334850154585887e-02,nan,2.535683071753149580e-05,7.680275576412873839e+00,1.000000000000000000e+00,1.000000000000000000e+00,-1.000000000000000000e+00,0.000000000000000000e+00
2.085000000000000000e+03,1.035674363910606104e+02,1.786595975753040122e+01,-7.079160873851138291e-03,2.239390304228707578e+02,4.694234584481360439e-02,nan,2.423742268398278738e-05,2.323509952758275077e+01,1.000000000000000000e+00,1.000000000000000000e+00,-1.000000000000000000e+00,0.000000000000000000e+00
2.088000000000000000e+03,3.852252753929580109e+01,8.471820732057484094e+00,-7.013087353465954736e-03,2.218286412395904676e+02,2.768342854034488987e-02,nan,1.353515638896077021e-05,7.898513336001145468e+00,1.000000000000000000e+00,1.000000000000000000e+00,-1.000000000000000000e+00,0.000000000000000000e+00
2.090000000000000000e+03,1.262992625170236778e+02,2.560214986907020318e+01,-6.349439895374432707e-03,2.006317319648444197e+02,4.749188618579724963e-02,nan,2.113971842314310773e-05,1.766966750999324276e+01,1.000000000000000000e+00,1.000000000000000000e+00,-1.000000000000000000e+00,0.000000000000000000e+00
2.090000000000000000e+03,3.348539931113635504e+01,3.550732194051553137e+01,-1.862431421398613816e-03,5.731661732341138560e+01,2.528740242922669079e-01,nan,1.339718612401876378e-05,1.974708102945288601e+01,1.000000000000000000e+00,1.000000000000000000e+00,-1.000000000000000000e+00,0.000000000000000000e+00
2.091000000000000000e+03,1.054097740289085472e+01,4.969326642407446926e+00,-6.196028018711571481e-03,1.957317544366509026e+02,5.640466265225907438e-02,nan,2.228641894677604364e-05,2.819990448360024615e+01,1.000000000000000000e+00,1.000000000000000000e+00,-1.000000000000000000e+00,0.000000000000000000e+00
2.092000000000000000e+03,3.834847362735266785e+01,1.636841608415228677e+01,-6.770198918322224528e-03,2.140707811576240545e+02,4.650098227820242958e-02,nan,2.191844227768612635e-05,7.313173846237702058e+00,1.000000000000000000e+00,1.000000000000000000e+00,-1.000000000000000000e+00,0.000000000000000000e+00
2.097000000000000000e+03,1.045664924481575468e+02,2.861422961850882629e+01,-2.030654500778940243e-03,6.268966487760155815e+01,2.520287928780844400e-01,nan,1.525060695655169074e-05,2.672544453866910175e+01,1.000000000000000000e+00,1.000000000000000000e+00,-1.000000000000000000e+00,0.000000000000000000e+00
2.097000000000000000e+03,2.067413050107740347e+01,3.913549547475903978e+01,-1.446636215833122701e-03,4.403611252860414282e+01,3.714450555465272918e-01,nan,1.559984617686457068e-05,7.373761323597864958e+00,1.000000000000000000e+00,1.000000000000000000e+00,-1.000000000000000000e+00,0.000000000000000000e+00
2.099000000000000000e+03,8.313970357432064873e+01,1.264106135590364310e+01,-6.488925037970998295e-03,2.050868894083717180e+02,3.759491046937601944e-02,nan,1.579468490697831864e-05,1.351378287396521749e+01,1.000000000000000000e+00,1.000000000000000000e+00,-1.000000000000000000e+00,0.000000000000000000e+00
2.100000000000000000e+03,6.978330989932140938e+01,1.469753298544681464e+01,-5.972525700685351116e-03,1.885930872118547654e+02,6.507355678890591744e-02,nan,2.514807176142878353e-05,1.351378287396521749e+01,1.000000000000000000e+00,1.000000000000000000e+00,-1.000000000000000000e+00,0.000000000000000000e+00
2.101000000000000000e+03,5.203339621613970678e+01,3.258405938625619314e+01,-6.583527174749866963e-03,2.081084830060710829e+02,4.078497593121288567e-02,nan,1.893914270072334492e-05,1.628721284478186959e+01,1.000000000000000000e+00,1.000000000000000000e+00,-1.000000000000000000e+00,0.000000000000000000e+00
2.102000000000000000e+03,3.197054748305899707e+01,4.998162353515837708e+00,-6.035730988100306872e-03,1.906118649931663356e+02,3.752165198708168337e-02,nan,1.361996360465429880e-05,1.975685923642554798e+01,1.000000000000000000e+00,1.000000000000000000e+00,-1.000000000000000000e+00,0.000000000000000000e+00
2.102000000000000000e+03,1.785966321109825827e+01,3.231998889556588495e+01,-1.703970761808070583e-03,5.225538159651443237e+01,3.014346087516875938e-01,nan,1.406246749501642817e-05,7.373761323597864958e+00,1.000000000000000000e+00,1.000000000000000000e+00,-1.000000000000000000e+00,0.000000000000000000e+00
2.106000000000000000e+03,6.579729562469884740e+01,6.860014829817910886e+00,-6.325533626584419269e-03,1.998681653987991638e+02,1.844674487541725361e-01,nan,9.396495284074940046e-05,2.100526593546051757e+01,1.000000000000000000e+00,1.000000000000000000e+00,-1.000000000000000000e+00,0.000000000000000000e+00
2.107000000000000000e+03,9.119963798767507512e+01,5.579214825411098033e+00,-6.924052593584399500e-03,2.189848697393794907e+02,7.876307541045335370e-02,nan,4.025326816889540383e-05,1.734020506891104674e+01,1.000000000000000000e+00,1.000000000000000000e+00,-1.000000000000000000e+00,0.000000000000000000e+00
2.107000000000000000e+03,8.072989849191391443e+01,2.163291463417109384e+01,-6.415864268304374667e-03,2.027533273834073100e+02,4.172853420510191924e-02,nan,1.710985347839001747e-05,1.521253390457035515e+01,1.000000000000000000e+00,1.000000000000000000e+00,-1.000000000000000000e+00,0.000000000000000000e+00
2.108000000000000000e+03,4.702672696181100775e+01,4.307701685317619678e+01,-1.455821658709605462e-03,4.432949570505913073e+01,2.893230065677840912e-01,nan,9.619113924329192631e-06,2.218968820256294094e+01,1.000000000000000000e+00,1.000000000000000000e+00,-1.000000000000000000e+00,0.000000000000000000e+00
2.111000000000000000e+03,1.100492084870616623e+02,4.309483099052654609e+01,-8.497107434272609464e-03,2.692282637819882893e+02,2.235649582904153387e-02,nan,1.660787352175579546e-05,1.113840566077634264e+01,1.000000000000000000e+00,1.000000000000000000e+00,-1.000000000000000000e+00,0.000000000000000000e+00
2.112000000000000000e+03,3.105474487123391469e+01,2.076866402022562852e+01,-6.911376232173143883e-03,2.185799865751450000e+02,2.921872856553764386e-02,nan,1.433296539398771661e-05,2.484340120192693391e+01,1.000000000000000000e+00,1.000000000000000000e+00,-1.000000000000000000e+00,0.000000000000000000e+00
2.112000000000000000e+03,2.671724611237450375e+01,5.201610238545145393e+01,-6.853374949816998241e-03,2.167274247896185102e+02,5.501350621327116830e-02,nan,2.608728969368787108e-05,2.218968820256294094e+01,1.000000000000000000e+00,1.000000000000000000e+00,-1.000000000000000000e+00,0.000000000000000000e+00
2.113000000000000000e+03,1.194476130372690363e+02,4.907262929547593444e+01,-7.932076782450567590e-03,2.511811767057190821e+02,3.103510919261598389e-02,nan,2.008830097221838811e-05,1.113840566077634264e+01,1.000000000000000000e+00,1.000000000000000000e+00,-1.000000000000000000e+00,0.000000000000000000e+00
2.114000000000000000e+03,5.898484435955774785e+01,1.015080701155256371e+01,-7.548989369566707838e-03,2.389453592755610032e+02,2.395789631391598284e-02,nan,1.323080017751718109e-05,1.552456823917316164e+01,1.000000000000000000e+00,1.000000000000000000e+00,-1.000000000000000000e+00,0.000000000000000000e+00
2.114000000000000000e+03,9.608711473374853540e+00,3.353022866291438930e+01,1.594886821408138342e-03,-4.877123898465454488e+01,3.135455457571427740e-01,nan,1.350177078979568313e-05,1.580244867133025011e+01,1.000000000000000000e+00,1.000000000000000000e+00,-1.000000000000000000e+00,0.000000000000000000e+00
2.117000000000000000e+03,5.548585520256072101e+01,2.527592829675095132e+01,-6.736545588567124758e-03,2.129958933253654152e+02,3.002804197284081322e-02,nan,1.366694621902154472e-05,1.491888715104863472e+01,1.000000000000000000e+00,1.000000000000000000e+00,-1.000000000000000000e+00,0.000000000000000000e+00
2.118000000000000000e+03,8.562721344724056394e+01,1.234378698431824439e+01,-7.522063524770195020e-03,2.380853474088104065e+02,3.155419039701867767e-02,nan,1.894172105645611071e-05,1.477053419516044563e+01,1.000000000000000000e+00,1.000000000000000000e+00,-1.000000000000000000e+00,0.000000000000000000e+00
2.118000000000000000e+03,2.345739644194863516e+01,2.591896670110899237e+01,-7.083646109727687740e-03,2.240822889207251194e+02,3.209251475750163340e-02,nan,1.604614736275342062e-05,1.580244867133025011e+01,1.000000000000000000e+00,1.000000000000000000e+00,-1.000000000000000000e+00,0.000000000000000000e+00
2.118000000000000000e+03,1.112989296864335955e+02,3.708662035155213488e+01,-6.069037713123210873e-03,1.916756822653362349e+02,4.765081777434676535e-02,nan,1.776722000014816600e-05,1.449363483588585488e+01,1.000000000000000000e+00,1.000000000000000000e+00,-1.000000000000000000e+00,0.000000000000000000e+00
2.119000000000000000e+03,1.127644288909346244e+02,1.492864068734098737e+01,-7.550227526643440296e-03,2.389849060302473731e+02,2.824666829837940707e-02,nan,1.591454668739524368e-05,9.089460434657148369e+00,1.000000000000000000e+00,1.000000000000000000e+00,-1.000000000000000000e+00,0.000000000000000000e+00
2.122000000000000000e+03,1.153191896465260236e+01,4.093278035738708809e+01,-1.513718931201202137e-03,4.617873541402879312e+01,3.428546379659087595e-01,nan,1.367146326380130305e-05,1.917372195393835455e+01,1.000000000000000000e+00,1.000000000000000000e+00,-1.000000000000000000e+00,0.000000000000000000e+00
2.124000000000000000e+03,8.442605946358938240e+01,3.808739080989865755e+01,-1.621259040207958385e-03,4.961356802917632081e+01,3.149974040945647813e-01,nan,1.430184812321160343e-05,5.164926269253366620e+00,1.000000000000000000e+00,1.000000000000000000e+00,-1.000000000000000000e+00,0.000000000000000000e+00
2.129000000000000000e+03,1.189681078318693750e+02,3.830333987139729857e+01,-7.633471547753196279e-03,2.416437212515138526e+02,2.274624343640907487e-02,nan,1.369702122083698862e-05,1.144409103578114006e+01,1.000000000000000000e+00,1.000000000000000000e+00,-1.000000000000000000e+00,0.000000000000000000e+00
2.129000000000000000e+03,7.372739386808581230e+01,2.237911295212229490e+01,-1.372581924550279105e-03,4.167081740905051390e+01,3.566688093952292693e-01,nan,1.287825244116960624e-05,1.900556336396053680e+01,1.000000000000000000e+00,1.000000000000000000e+00,-1.000000000000000000e+00,0.000000000000000000e+00
2.130000000000000000e+03,8.752042366438627141e+01,5.586432142530203926e+00,-1.897962147190913537e-02,6.040399116198536831e+02,6.624012763143727334e-03,nan,2.366978547570061555e-05,1.600072559714173437e+01,1.000000000000000000e+00,1.000000000000000000e+00,-1.000000000000000000e+00,0.000000000000000000e+00
2.130000000000000000e+03,2.781894055411508759e+01,3.915360606802109089e+01,-1.465330151780199798e-02,4.658571905943696265e+02,9.033227174578661867e-03,nan,2.002433955132023422e-05,9.927505546440968942e+00,1.000000000000000000e+00,1.000000000000000000e+00,-1.000000000000000000e+00,0.000000000000000000e+00
2.132000000000000000e+03,1.174825112696049132e+02,2.695608370572296053e+01,-1.348688984089197428e-02,4.286019850013776704e+02,1.102032483371084837e-02,nan,2.197371889300920304e-05,1.144409103578114006e+01,1.000000000000000000e+00,1.000000000000000000e+00,-1.000000000000000000e+00,0.000000000000000000e+00
2.132000000000000000e+03,1.854423139528039144e+01,3.561310661262726285e+01,-8.655949621120226020e-03,2.743016854949165690e+02,3.771061124846930568e-02,nan,3.054779293627354398e-05,5.043032668919400940e+00,1.000000000000000000e+00,1.000000000000000000e+00,-1.000000000000000000e+00,0.000000000000000000e+00
2.132000000000000000e+03,6.915034359800073638e+00,7.835980750529546235e+00,-1.706238403423238504e-03,5.232781010203840566e+01,3.613652878729316509e-01,nan,2.019565641566787998e-05,1.921239884293439459e+01,1.000000000000000000e+00,1.000000000000000000e+00,-1.000000000000000000e+00,0.000000000000000000e+00
2.132000000000000000e+03,2.049389928721159748e+01,2.142754786337934547e+01,-8.065892279534598447e-03,2.554552455907295041e+02,2.652959888627870466e-02,nan,1.784444983529407229e-05,1.180937899545696901e+01,1.000000000000000000e+00,1.000000000000000000e+00,-1.000000000000000000e+00,0.000000000000000000e+00
2.134000000000000000e+03,3.233479519616778219e+01,6.786174939340966716e+00,-4.583647335766357148e-03,1.442322924315852219e+02,5.488544880498402723e-02,nan,1.163760919111002806e-05,1.883020491198912794e+01,1.000000000000000000e+00,1.000000000000000000e+00,-1.000000000000000000e+00,0.000000000000000000e+00
2.135000000000000000e+03,4.250165297999076586e+01,3.810363714019081272e+01,-7.593809528232334585e-03,2.403769157824556544e+02,2.667013214150815159e-02,nan,1.510668363585824911e-05,1.472020648395847431e+01,1.000000000000000000e+00,1.000000000000000000e+00,-1.000000000000000000e+00,0.000000000000000000e+00
2.135000000000000000e+03,8.458164117962623152e+01,2.131496599480945164e+01,-1.278486358924521516e-03,3.866540370120499404e+01,3.434845428483712659e-01,nan,9.952976615849775448e-06,1.600072559714173437e+01,1.000000000000000000e+00,1.000000000000000000e+00,-1.000000000000000000e+00,0.000000000000000000e+00
2.137000000000000000e+03,1.509744837164812736e+01,3.193182079272835594e+01,-7.238477300869555070e-03,2.290275993736168516e+02,3.058418648550031982e-02,nan,1.610873475325928843e-05,5.043032668919400940e+00,1.000000000000000000e+00,1.000000000000000000e+00,-1.000000000000000000e+00,0.000000000000000000e+00
2.138000000000000000e+03,5.810188794879505991e+01,2.689102548574792451e+01,-7.198648201727838626e-03,2.277554573790860672e+02,2.266275583767030088e-02,nan,1.251467517106507716e-05,1.228404689929850591e+01,1.000000000000000000e+00,1.000000000000000000e+00,-1.000000000000000000e+00,0.000000000000000000e+00
2.142000000000000000e+03,6.890738880332087035e+01,2.104817006164172710e+01,-6.515317672445797466e-03,2.059298705298434413e+02,2.571793692025658995e-02,nan,1.115445535955293638e-05,1.228404689929850591e+01,1.000000000000000000e+00,1.000000000000000000e+00,-1.000000000000000000e+00,0.000000000000000000e+00
2.142000000000000000e+03,8.353828636629322091e+01,5.121984336645050462e+01,-7.029826212317941310e-03,2.223632806300112179e+02,2.478278690317758937e-02,nan,1.241720573246805381e-05,2.493050046550801113e+01,1.000000000000000000e+00,1.000000000000000000e+00,-1.000000000000000000e+00,0.000000000000000000e+00
2.143000000000000000e+03,5.882151247966231011e+01,4.796239926134976628e+01,-7.545517880054034704e-03,2.388344798510243834e+02,2.753582704197210518e-02,nan,1.576841464215838251e-05,1.218409789690129585e+01,1.000000000000000000e+00,1.000000000000000000e+00,-1.000000000000000000e+00,0.000000000000000000e+00
2.143000000000000000e+03,1.013908287054697723e+02,1.790737837172310876e+01,1.581024536231871291e-03,-4.832847739845486501e+01,3.194992684581485776e-01,nan,1.357392280810436410e-05,1.037649467184597363e+01,1.000000000000000000e+00,1.000000000000000000e+00,-1.000000000000000000e+00,0.000000000000000000e+00
2.144000000000000000e+03,1.330499211163015616e+01,6.027113930591479374e+00,-6.525960093882732238e-03,2.062697896222950931e+02,3.747147608446887990e-02,nan,1.621360919123113333e-05,2.664441811419845152e+01,1.000000000000000000e+00,1.000000000000000000e+00,-1.000000000000000000e+00,0.000000000000000000e+00
2.144000000000000000e+03,1.004387418619028693e+02,7.574654998035285303e+00,-1.573828668076124792e-03,4.809864126695060094e+01,3.499936808640595753e-01,nan,1.556905613444805169e-05,1.037649467184597363e+01,1.000000000000000000e+00,1.000000000000000000e+00,-1.000000000000000000e+00,0.000000000000000000e+00
2.146000000000000000e+03,5.500337753199899993e+01,3.048102001374110515e+01,-1.607020900882607248e-03,4.915880165609539176e+01,3.554085259754763415e-01,nan,1.655597537313975524e-05,1.163440107915429245e+01,1.000000000000000000e+00,1.000000000000000000e+00,-1.000000000000000000e+00,0.000000000000000000e+00
2.147000000000000000e+03,4.915862638894400050e+01,4.054075025596846871e+01,-1.353683346098254496e-03,4.106719654380794537e+01,3.439722488125301902e-01,nan,1.265239002576499262e-05,1.163440107915429245e+01,1.000000000000000000e+00,1.000000000000000000e+00,-1.000000000000000000e+00,0.000000000000000000e+00
2.148000000000000000e+03,5.876527302506199035e+00,3.161505888957233168e+01,-7.092716941316224398e-03,2.243720114110087991e+02,3.414410090852126878e-02,nan,1.762845955543348669e-05,1.578732290534168037e+01,1.000000000000000000e+00,1.000000000000000000e+00,-1.000000000000000000e+00,0.000000000000000000e+00
2.153000000000000000e+03,1.400121585242112587e+02,4.053637716906328592e+01,-1.550913915819653304e-03,4.736674375312523466e+01,3.348486518168677373e-01,nan,1.417163152172154107e-05,9.710608902875215165e+00,1.000000000000000000e+00,1.000000000000000000e+00,-1.000000000000000000e+00,0.000000000000000000e+00
2.157000000000000000e+03,8.943621501916769745e+00,2.100842068229355775e+01,1.466480271994007652e-03,-4.466993196534978239e+01,3.701291813361886618e-01,nan,1.602155902404309498e-05,1.635893404559026720e+01,1.000000000000000000e+00,1.000000000000000000e+00,-1.000000000000000000e+00,0.000000000000000000e+00
2.157000000000000000e+03,3.881468834684233116e+01,4.460439790164011242e+01,-1.695279928187322415e-03,5.197779624674050325e+01,2.596345435189461037e-01,nan,1.082299203827441294e-05,1.872800496081150357e+01,1.000000000000000000e+00,1.000000000000000000e+00,-1.000000000000000000e+00,0.000000000000000000e+00
2.159000000000000000e+03,7.061020639986122660e+01,3.751442440526417954e+01,-7.049337947161205507e-03,2.229864857191332987e+02,3.799474674509861760e-02,nan,1.884284776189178780e-05,1.808640428684360657e+01,1.000000000000000000e+00,1.000000000000000000e+00,-1.000000000000000000e+00,0.000000000000000000e+00
2.159000000000000000e+03,1.360486516498969145e+01,5.242910881733367034e+01,-6.881563105934573009e-03,2.176277548979637686e+02,3.604272335966829388e-02,nan,1.652974383791260769e-05,1.595426254942761446e+01,1.000000000000000000e+00,1.000000000000000000e+00,-1.000000000000000000e+00,0.000000000000000000e+00
2.160000000000000000e+03,2.115354584613147182e+01,3.837365032355889838e+01,-7.356132513342984042e-03,2.327855085377265425e+02,3.048464283086493865e-02,nan,1.732757281876452028e-05,1.595426254942761446e+01,1.000000000000000000e+00,1.000000000000000000e+00,-1.000000000000000000e+00,0.000000000000000000e+00
2.160000000000000000e+03,2.463988753909959684e+01,1.521665070600928971e+01,-1.452177944244278061e-03,4.421311541307890991e+01,3.472210300029395791e-01,nan,1.387106753657305933e-05,3.419328980522722272e+00,1.000000000000000000e+00,1.000000000000000000e+00,-1.000000000000000000e+00,0.000000000000000000e+00
2.164000000000000000e+03,1.166333224699634314e+02,1.490113315750351397e+01,-8.031745321829004275e-03,2.543645912746931685e+02,2.095856504168669421e-02,nan,1.329952160912383138e-05,1.908102238366042513e+01,1.000000000000000000e+00,1.000000000000000000e+00,-1.000000000000000000e+00,0.000000000000000000e+00
2.164000000000000000e+03,1.313362260450656436e+02,4.225992094111287400e+01,-7.420753427363807955e-03,2.348495014530157334e+02,3.444869055715071848e-02,nan,1.951766473474664737e-05,1.217495481327141071e+01,1.000000000000000000e+00,1.000000000000000000e+00,-1.000000000000000000e+00,0.000000000000000000e+00
2.164000000000000000e+03,5.323320944865340465e+01,3.249864959125300601e+01,-6.418635821433155662e-03,2.028418508298616132e+02,3.607464928499115597e-02,nan,1.581796798438522795e-05,9.772180416538715164e+00,1.000000000000000000e+00,1.000000000000000000e+00,-1.000000000000000000e+00,0.000000000000000000e+00
2.165000000000000000e+03,3.102342911387194846e+01,2.459026960187927457e+01,-6.922762586522571669e-03,2.189436668954298000e+02,3.541672998029732344e-02,nan,1.706100902417911392e-05,8.700628190564735576e+00,1.000000000000000000e+00,1.000000000000000000e+00,-1.000000000000000000e+00,0.000000000000000000e+00
2.166000000000000000e+03,1.410758613539041733e+02,4.956533186425925663e+01,-6.991721018674592475e-03,2.211462002016803865e+02,5.083698843820028124e-02,nan,2.691607593599810481e-05,1.217495481327141071e+01,1.000000000000000000e+00,1.000000000000000000e+00,-1.000000000000000000e+00,0.000000000000000000e+00
2.166000000000000000e+03,6.991158335088745446e+01,1.481862462721776197e+01,-7.154599608186961932e-03,2.263485446732780986e+02,3.008218960371977779e-02,nan,1.505711003750062453e-05,1.585684216099297927e+01,1.000000000000000000e+00,1.000000000000000000e+00,-1.000000000000000000e+00,0.000000000000000000e+00
2.167000000000000000e+03,5.378866244770394900e+01,1.656688050563315073e+01,-7.073925814136567194e-03,2.237718225409378476e+02,3.247495590373028485e-02,nan,1.698141790270725354e-05,1.532621571565065111e+01,1.000000000000000000e+00,1.000000000000000000e+00,-1.000000000000000000e+00,0.000000000000000000e+00
2.167000000000000000e+03,9.982730372125780605e+01,2.393679301298198325e+01,-7.423580254937283025e-03,2.349397903660217537e+02,3.369473558074520536e-02,nan,1.871671955416596793e-05,1.393285628092591821e+01,1.000000000000000000e+00,1.000000000000000000e+00,-1.000000000000000000e+00,0.000000000000000000e+00
2.169000000000000000e+03,3.391276572877973905e+01,1.638340267008350182e+01,-6.825338064738159516e-03,2.158319262804075152e+02,4.729951843948443369e-02,nan,2.248336730571089278e-05,8.700628190564735576e+00,1.000000000000000000e+00,1.000000000000000000e+00,-1.000000000000000000e+00,0.000000000000000000e+00
2.171000000000000000e+03,5.686994564679314124e+01,3.158016069384211022e+01,-6.925905503671289133e-03,2.190440517139763870e+02,3.004138351003216023e-02,nan,1.467701424004749761e-05,1.319263620682831650e+01,1.000000000000000000e+00,1.000000000000000000e+00,-1.000000000000000000e+00,0.000000000000000000e+00
2.175000000000000000e+03,9.440209330264021048e+01,3.960255588453582476e+01,-6.732092165176312148e-03,2.128536509187591150e+02,3.544883237101503770e-02,nan,1.573440979054710939e-05,3.170120267453998331e+00,1.000000000000000000e+00,1.000000000000000000e+00,-1.000000000000000000e+00,0.000000000000000000e+00
2.175000000000000000e+03,2.329874668994956366e+01,4.218103148934888935e+01,-1.615545305484191677e-03,4.943107126062402301e+01,2.377896344130380202e-01,nan,8.671344402536687080e-06,1.630313226973297347e+01,1.000000000000000000e+00,1.000000000000000000e+00,-1.000000000000000000e+00,0.000000000000000000e+00
2.176000000000000000e+03,1.417695893436791437e+02,4.316447603137031308e+01,-6.806792618118012381e-03,2.152395844509105984e+02,3.543650878696991136e-02,nan,1.729268382991444337e-05,1.732444898216936835e+01,1.000000000000000000e+00,1.000000000000000000e+00,-1.000000000000000000e+00,0.000000000000000000e+00
2.177000000000000000e+03,6.191104664496679533e+01,1.148105750786625912e+01,-6.429524086183770887e-03,2.031896221612578302e+02,8.946475282803834084e-02,nan,4.106576032040611584e-05,6.256644515755131586e+00,1.000000000000000000e+00,1.000000000000000000e+00,-1.000000000000000000e+00,0.000000000000000000e+00
2.177000000000000000e+03,1.124079828047042753e+02,1.156612424560132624e+01,-7.889098739002030347e-03,2.498084573851259620e+02,2.425022859304559741e-02,nan,1.477714920196616009e-05,1.747915229180184227e+01,1.000000000000000000e+00,1.000000000000000000e+00,-1.000000000000000000e+00,0.000000000000000000e+00
2.177000000000000000e+03,4.139027292842457939e+01,4.865728903065047461e+01,-7.658271257479043644e-03,2.424358243337896965e+02,2.545651447784580412e-02,nan,1.545198592086254402e-05,1.351678061305858414e+01,1.000000000000000000e+00,1.000000000000000000e+00,-1.000000000000000000e+00,0.000000000000000000e+00
2.177000000000000000e+03,9.218351061797079637e+01,2.976882108030802954e+01,-5.952334958847020976e-03,1.879481946296279489e+02,3.860669471980893164e-02,nan,1.372382936003266370e-05,1.008089526424097038e+01,1.000000000000000000e+00,1.000000000000000000e+00,-1.000000000000000000e+00,0.000000000000000000e+00
2.178000000000000000e+03,6.092649853801584214e+01,1.765975199955526520e+01,-6.508007691402202533e-03,2.056963896310741120e+02,7.184050643627315491e-02,nan,3.248629921283207629e-05,6.256644515755131586e+00,1.000000000000000000e+00,1.000000000000000000e+00,-1.000000000000000000e+00,0.000000000000000000e+00
2.178000000000000000e+03,3.818205425901917494e+01,3.552676386556910870e+01,-6.876811398202743383e-03,2.174759852852519941e+02,2.868839269963885386e-02,nan,1.464848912607391735e-05,1.351678061305858414e+01,1.000000000000000000e+00,1.000000000000000000e+00,-1.000000000000000000e+00,0.000000000000000000e+00
2.179000000000000000e+03,1.417951751016942410e+02,2.584004594248207809e+01,1.252728270156659891e-03,-3.784268997866117701e+01,3.179739984129431596e-01,nan,8.264971083606177318e-06,1.732444898216936835e+01,1.000000000000000000e+00,1.000000000000000000e+00,-1.000000000000000000e+00,0.000000000000000000e+00
2.180000000000000000e+03,9.557610041979016557e+01,1.901288032976152209e+01,-1.559832603977491863e-02,4.960412873017930906e+02,9.869909405938903646e-03,nan,2.690375875859921771e-05,1.127829450726818727e+01,1.000000000000000000e+00,1.000000000000000000e+00,-1.000000000000000000e+00,0.000000000000000000e+00
2.182000000000000000e+03,1.416267273506531126e+02,5.605862164172461526e+00,-6.219697035356074565e-03,1.964877431657854743e+02,4.094589483902300042e-02,nan,1.591489838131139370e-05,1.288625412367198209e+01,1.000000000000000000e+00,1.000000000000000000e+00,-1.000000000000000000e+00,0.000000000000000000e+00
2.185000000000000000e+03,8.312478824026227642e+01,7.275781430019764073e+00,-7.780667628963238054e-03,2.463451661843099600e+02,3.248388409525182485e-02,nan,2.009258298898246444e-05,1.711124383481162425e+01,1.000000000000000000e+00,1.000000000000000000e+00,-1.000000000000000000e+00,0.000000000000000000e+00
2.189000000000000000e+03,1.224694732338917618e+02,4.106621042179575909e+01,-8.015492390130555395e-03,2.538454724044854913e+02,2.884988629977203178e-02,nan,1.858602585918326861e-05,1.508834981801660291e+01,1.000000000000000000e+00,1.000000000000000000e+00,-1.000000000000000000e+00,0.000000000000000000e+00
2.189000000000000000e+03,9.374925454087296828e+00,4.426125804107629591e+01,-1.171885102773836864e-03,3.526055805966799284e+01,3.561864365136468980e-01,nan,9.525590499209199625e-06,5.677837440346781506e+00,1.000000000000000000e+00,1.000000000000000000e+00,-1.000000000000000000e+00,0.000000000000000000e+00
2.191000000000000000e+03,6.788378977909708567e+01,4.767402070829530203e+01,-7.357415129960120752e-03,2.328264753307674084e+02,2.976051961507186761e-02,nan,1.655718269905224126e-05,1.082802834664261660e+01,1.000000000000000000e+00,1.000000000000000000e+00,-1.000000000000000000e+00,0.000000000000000000e+00
2.194000000000000000e+03,2.396825754458633639e+01,3.068618627505800944e+01,-6.094638781820934693e-03,1.924933807646008006e+02,6.282154937602801859e-02,nan,2.372824208048866459e-05,4.138262454457882988e+00,1.000000000000000000e+00,1.000000000000000000e+00,-1.000000000000000000e+00,0.000000000000000000e+00
2.195000000000000000e+03,9.664261938961362830e+01,4.059590075130568465e+01,-7.255545380550171633e-03,2.295727540819985961e+02,6.507070418496918585e-02,nan,2.531441886385560298e-05,7.601186662220284163e+00,1.000000000000000000e+00,1.000000000000000000e+00,-1.000000000000000000e+00,0.000000000000000000e+00
2.195000000000000000e+03,6.729993409749830846e+01,3.686174479529896075e+01,-1.438739081218472996e-03,4.378387793640278147e+01,3.149695145181879985e-01,nan,1.092717711222030326e-05,1.082802834664261660e+01,1.000000000000000000e+00,1.000000000000000000e+00,-1.000000000000000000e+00,0.000000000000000000e+00
2.196000000000000000e+03,1.001726602071213819e+02,2.002518099448055011e+01,-1.714604311273624278e-03,5.259501731807366554e+01,2.792374589929741413e-01,nan,1.234428049018926430e-05,1.962122045586307806e+01,1.000000000000000000e+00,1.000000000000000000e+00,-1.000000000000000000e+00,0.000000000000000000e+00
2.197000000000000000e+03,1.002207390876167636e+02,4.730224834896847597e+01,-7.713917781752905288e-03,2.442131751125902781e+02,3.870741841017810714e-02,nan,2.516927826085039573e-05,7.601186662220284163e+00,1.000000000000000000e+00,1.000000000000000000e+00,-1.000000000000000000e+00,0.000000000000000000e+00
2.199000000000000000e+03,2.361854977262429856e+01,2.656272648791261659e+01,-6.730124493420171564e-03,2.127908034548099181e+02,2.241727386588914239e-01,nan,1.334937133138941077e-04,4.138262454457882988e+00,1.000000000000000000e+00,1.000000000000000000e+00,-1.000000000000000000e+00,0.000000000000000000e+00
2.200000000000000000e+03,2.706297383794326450e+01,4.622880367996638995e+01,-8.134655174189160676e-03,2.576515334265229740e+02,2.048607229951926456e-02,nan,1.393046141205005294e-05,1.066541199759966396e+01,1.000000000000000000e+00,1.000000000000000000e+00,-1.000000000000000000e+00,0.000000000000000000e+00
2.200000000000000000e+03,1.094339862497605651e+02,3.732316157342423679e+01,-6.793988797089584378e-03,2.148306302246861037e+02,2.407486696856564468e-02,nan,1.084081797601768056e-05,7.867906202158956752e+00,1.000000000000000000e+00,1.000000000000000000e+00,-1.000000000000000000e+00,0.000000000000000000e+00
2.201000000000000000e+03,4.272358442975249204e+01,4.885628944529365469e+01,-5.621153995555754415e-03,1.773702699396190212e+02,2.599497965241187591e-01,nan,1.191563794622841406e-04,5.122482587674726418e+00,1.000000000000000000e+00,1.000000000000000000e+00,-1.000000000000000000e+00,0.000000000000000000e+00
2.202000000000000000e+03,2.602640042467788106e+01,3.058958401492989054e+01,-8.131826211308980715e-03,2.575611763117903479e+02,8.418323152271989240e-02,nan,5.891835705281560500e-05,4.691836133699741396e+00,1.000000000000000000e+00,1.000000000000000000e+00,-1.000000000000000000e+00,0.000000000000000000e+00
2.203000000000000000e+03,4.724830805605332529e+01,5.125768569885652681e+01,-6.717850401437850012e-03,2.123987687818717234e+02,1.450706157937388108e-01,nan,7.719569482544809522e-05,5.122482587674726418e+00,1.000000000000000000e+00,1.000000000000000000e+00,-1.000000000000000000e+00,0.000000000000000000e+00
2.203000000000000000e+03,3.363606657909252817e+01,3.782966890936092597e+01,-6.161561978309341818e-03,1.946309086147340679e+02,6.784439727613544857e-02,nan,2.657495114595358017e-05,1.050361120092572165e+01,1.000000000000000000e+00,1.000000000000000000e+00,-1.000000000000000000e+00,0.000000000000000000e+00
2.204000000000000000e+03,1.709202884921762333e+01,4.207542447411667297e+01,-7.448460230135593371e-03,2.357344571286326129e+02,2.701034858570861008e-02,nan,1.454956283789737146e-05,1.080140281610577624e+01,1.000000000000000000e+00,1.000000000000000000e+00,-1.000000000000000000e+00,0.000000000000000000e+00
2.205000000000000000e+03,9.930093800379457036e+01,4.256621677069009024e+01,-1.740289499324180209e-03,5.341540259066720608e+01,3.161896064499863934e-01,nan,1.605317974938740239e-05,9.297736216358808647e+00,1.000000000000000000e+00,1.000000000000000000e+00,-1.000000000000000000e+00,0.000000000000000000e+00
2.206000000000000000e+03,1.108435685230802932e+02,5.173954184453264382e+00,1.238241539115056151e-03,-3.737998358261832976e+01,3.741805496582892854e-01,nan,1.135067624113061260e-05,1.001086607412509544e+01,1.000000000000000000e+00,1.000000000000000000e+00,-1.000000000000000000e+00,0.000000000000000000e+00
2.208000000000000000e+03,1.089506310541012084e+02,1.500422515185817396e+01,-7.803517193507432566e-03,2.470749816016756313e+02,2.369820591178684044e-02,nan,1.437614621251846444e-05,1.001086607412509544e+01,1.000000000000000000e+00,1.000000000000000000e+00,-1.000000000000000000e+00,0.000000000000000000e+00
2.212000000000000000e+03,1.234716780913690002e+02,1.171890317279160421e+01,-8.065040646551918657e-03,2.554280444211188410e+02,2.502222661818442884e-02,nan,1.704086592505041004e-05,1.488805385417051852e+01,1.000000000000000000e+00,1.000000000000000000e+00,-1.000000000000000000e+00,0.000000000000000000e+00
2.212000000000000000e+03,8.449861318832883939e+00,3.419770760025121348e+01,-6.920614951093718818e-03,2.188750713892079602e+02,2.710505786234473913e-02,nan,1.315796127880299527e-05,3.264218141712653676e+01,1.000000000000000000e+00,1.000000000000000000e+00,-1.000000000000000000e+00,0.000000000000000000e+00
2.212000000000000000e+03,1.153861480469269623e+02,3.119650135245359479e+01,-1.739912529186583368e-03,5.340336215909694317e+01,2.802976045348970491e-01,nan,1.335152046433347909e-05,1.171783880906123088e+01,1.000000000000000000e+00,1.000000000000000000e+00,-1.000000000000000000e+00,0.000000000000000000e+00
2.213000000000000000e+03,7.406449265756602074e+01,3.331797550314482237e+01,-1.772968646791397984e-03,5.445917502675952448e+01,3.165331881588623331e-01,nan,1.731410413451383467e-05,1.529078149994553470e+01,1.000000000000000000e+00,1.000000000000000000e+00,-1.000000000000000000e+00,0.000000000000000000e+00
2.213000000000000000e+03,1.187906014303245144e+02,5.109487279805912152e+01,-1.592079653381906889e-03,4.868157799786781226e+01,3.355722528425312268e-01,nan,1.526756987838001831e-05,1.541651635873841997e+01,1.000000000000000000e+00,1.000000000000000000e+00,-1.000000000000000000e+00,0.000000000000000000e+00
2.214000000000000000e+03,8.770805152428249585e+01,2.641425908881269535e+01,-6.836052482422578028e-03,2.161741449340304086e+02,3.489100477641093878e-02,nan,1.594211586379993946e-05,1.529078149994553470e+01,1.000000000000000000e+00,1.000000000000000000e+00,-1.000000000000000000e+00,0.000000000000000000e+00
2.215000000000000000e+03,1.436886989939999353e+02,3.558488928332780432e+01,-7.099269901558935211e-03,2.245813130546031289e+02,2.822644902367621444e-02,nan,1.413225714177230987e-05,1.416056970464658527e+01,1.000000000000000000e+00,1.000000000000000000e+00,-1.000000000000000000e+00,0.000000000000000000e+00
2.218000000000000000e+03,1.391135992427501833e+02,4.898601597574695887e+01,-1.510893743088067556e-03,4.608849886540941299e+01,3.457976597965283228e-01,nan,1.436741613403436937e-05,1.416056970464658527e+01,1.000000000000000000e+00,1.000000000000000000e+00,-1.000000000000000000e+00,0.000000000000000000e+00
2.221000000000000000e+03,1.004523346019364709e+02,4.037765453113523506e+01,-6.958606250061862702e-03,2.200885140199886791e+02,3.946587674771062648e-02,nan,2.058953028181975597e-05,1.507244368685428881e+01,1.000000000000000000e+00,1.000000000000000000e+00,-1.000000000000000000e+00,0.000000000000000000e+00
2.222000000000000000e+03,1.912365645844717577e+01,4.785348177490666899e+01,-6.923553483567535666e-03,2.189689281583237914e+02,4.058475850515530503e-02,nan,1.909226147904970205e-05,2.757284148823808678e+01,1.000000000000000000e+00,1.000000000000000000e+00,-1.000000000000000000e+00,0.000000000000000000e+00
2.224000000000000000e+03,1.219627347766166423e+02,2.464748524099018923e+01,-1.497544173797585223e-03,4.566211343191278615e+01,3.087481014313859795e-01,nan,1.140897224954440075e-05,1.187850245260442783e+01,1.000000000000000000e+00,1.000000000000000000e+00,-1.000000000000000000e+00,0.000000000000000000e+00
2.225000000000000000e+03,3.307785175598446870e+01,6.895174387672777350e+00,-1.383544420215940826e-03,4.202095967693181677e+01,3.710635229451152428e-01,nan,1.356659288341771299e-05,2.815133867209627283e+01,1.000000000000000000e+00,1.000000000000000000e+00,-1.000000000000000000e+00,0.000000000000000000e+00
2.226000000000000000e+03,1.246785951904863765e+02,3.766450358282858701e+01,-7.110004305520378591e-03,2.249241700701992386e+02,2.956984200445234023e-02,nan,1.532629007588440299e-05,1.177369291620181180e+01,1.000000000000000000e+00,1.000000000000000000e+00,-1.000000000000000000e+00,0.000000000000000000e+00
2.227000000000000000e+03,1.363049254431209363e+02,3.952146070179907156e+01,-1.996410209575946986e-03,6.159590172827035559e+01,2.341413430157606168e-01,nan,1.315044459069917539e-05,1.177369291620181180e+01,1.000000000000000000e+00,1.000000000000000000e+00,-1.000000000000000000e+00,0.000000000000000000e+00
2.228000000000000000e+03,6.040373340366526378e+01,1.683433858186897325e+01,-6.307782419658316403e-03,1.993011915964555101e+02,3.098654207658502191e-02,nan,1.215522135979734534e-05,1.268167072121526928e+01,1.000000000000000000e+00,1.000000000000000000e+00,-1.000000000000000000e+00,0.000000000000000000e+00
2.229000000000000000e+03,1.038969358866288957e+02,2.974918918604327445e+01,-7.482274538750503107e-03,2.368144866279690746e+02,4.166319086016156970e-02,nan,2.296236631057312338e-05,6.006963151141103907e+00,1.000000000000000000e+00,1.000000000000000000e+00,-1.000000000000000000e+00,0.000000000000000000e+00
2.232000000000000000e+03,9.990791599669448431e+01,4.126833378213049741e+01,-7.125129761746315342e-03,2.254072773577375983e+02,3.618822173172941969e-02,nan,1.822427440864566830e-05,1.194343265090032524e+01,1.000000000000000000e+00,1.000000000000000000e+00,-1.000000000000000000e+00,0.000000000000000000e+00
2.233000000000000000e+03,8.852283616658989729e+01,3.765924238002696001e+01,-7.861471990274046875e-03,2.489260586368096426e+02,1.689739989633765038e-02,nan,1.078156321852643396e-05,8.996718006713008364e+00,1.000000000000000000e+00,1.000000000000000000e+00,-1.000000000000000000e+00,0.000000000000000000e+00
2.233000000000000000e+03,1.427568904882105869e+02,2.012308605496777503e+01,-1.814044729925910196e-03,5.577114570780160818e+01,2.603728244229797095e-01,nan,1.278216509462049737e-05,4.003445932102857086e+01,1.000000000000000000e+00,1.000000000000000000e+00,-1.000000000000000000e+00,0.000000000000000000e+00
2.233000000000000000e+03,2.182031709373376316e+01,3.069587162743340514e+01,-1.244133011344793292e-03,3.756815728964577517e+01,3.488271579918714727e-01,nan,9.761933380988959289e-06,1.335478646179697293e+01,1.000000000000000000e+00,1.000000000000000000e+00,-1.000000000000000000e+00,0.000000000000000000e+00
2.235000000000000000e+03,4.308528176725278058e+01,8.834513418700185028e+00,-6.090379214703069491e-03,1.923573301301167646e+02,4.216179604585035268e-02,nan,1.547949255668130955e-05,2.406993823007747579e+01,1.000000000000000000e+00,1.000000000000000000e+00,-1.000000000000000000e+00,0.000000000000000000e+00
2.236000000000000000e+03,6.710470752932039318e+01,7.275952396388961851e+00,-7.676006744524657179e-03,2.430022960429263321e+02,3.568658323039941571e-02,nan,2.128339476753416225e-05,2.406993823007747579e+01,1.000000000000000000e+00,1.000000000000000000e+00,-1.000000000000000000e+00,0.000000000000000000e+00
2.238000000000000000e+03,8.738077040222466962e+01,4.658317764885197221e+01,-6.737559966311630275e-03,2.130282925649894707e+02,4.715798524438830075e-02,nan,2.117964109233657111e-05,8.996718006713008364e+00,1.000000000000000000e+00,1.000000000000000000e+00,-1.000000000000000000e+00,0.000000000000000000e+00
2.238000000000000000e+03,4.704292645644951421e+01,4.794959384119334800e+01,-1.375358498917790898e-03,4.175950123394149216e+01,3.437827429497855025e-01,nan,1.166482581017689767e-05,1.732280412449552287e+01,1.000000000000000000e+00,1.000000000000000000e+00,-1.000000000000000000e+00,0.000000000000000000e+00
2.241000000000000000e+03,4.095481734526322981e+01,3.173187297215846314e+01,-8.359316429612984392e-03,2.648272171283244916e+02,2.698875594970362446e-02,nan,1.907315855683350730e-05,9.824649166496541852e+00,1.000000000000000000e+00,1.000000000000000000e+00,-1.000000000000000000e+00,0.000000000000000000e+00
2.241000000000000000e+03,1.552610019155505938e+01,1.364659234627484174e+01,-1.760871881844310906e-03,5.407280418185534643e+01,2.540902697096860674e-01,nan,1.138920595734916440e-05,2.036574745812715648e+01,1.000000000000000000e+00,1.000000000000000000e+00,-1.000000000000000000e+00,0.000000000000000000e+00
2.243000000000000000e+03,7.110952096389726762e+01,3.175113782978005972e+01,-6.630570551020688840e-03,2.096110491149777033e+02,5.277294482862127101e-02,nan,2.394855221789509055e-05,9.598453162861151355e+00,1.000000000000000000e+00,1.000000000000000000e+00,-1.000000000000000000e+00,0.000000000000000000e+00
2.244000000000000000e+03,1.005844933508875272e+02,1.380243138592971874e+01,-1.841291045771866874e-03,5.664139342444120473e+01,2.797570055028782976e-01,nan,1.481761510005842616e-05,1.037731090621610797e+01,1.000000000000000000e+00,1.000000000000000000e+00,-1.000000000000000000e+00,0.000000000000000000e+00
2.244000000000000000e+03,2.355105103071743855e+01,3.342739271462795614e+01,2.580913895014171500e-03,-8.026495777591684089e+01,3.710748997530340931e-01,nan,4.774100670596595134e-05,3.084325594128053183e+00,1.000000000000000000e+00,1.000000000000000000e+00,-1.000000000000000000e+00,0.000000000000000000e+00
2.245000000000000000e+03,9.032454832176873083e+01,2.581998615920573670e+01,-7.687294480952932760e-03,2.433628265054033193e+02,3.280732156960730617e-02,nan,1.974284033694116106e-05,1.580152191180421362e+01,1.000000000000000000e+00,1.000000000000000000e+00,-1.000000000000000000e+00,0.000000000000000000e+00
2.245000000000000000e+03,6.167407010436793513e+01,2.998972640792359456e+01,-7.127144893948349560e-03,2.254716407090054133e+02,3.036510750304388662e-02,nan,1.671244006860442274e-05,9.598453162861151355e+00,1.000000000000000000e+00,1.000000000000000000e+00,-1.000000000000000000e+00,0.000000000000000000e+00
2.245000000000000000e+03,5.049858307160160109e+01,3.406431096822828408e+01,-7.745885213560695266e-03,2.452342153403717475e+02,2.581046767461503411e-02,nan,1.755809920191701951e-05,9.824649166496541852e+00,1.000000000000000000e+00,1.000000000000000000e+00,-1.000000000000000000e+00,0.000000000000000000e+00
2.246000000000000000e+03,1.121923737464765054e+02,4.434760063435059152e+01,-1.667879751705142943e-03,5.110263421918597260e+01,3.299615011011943766e-01,nan,1.561832749268402169e-05,1.048611150908245016e+01,1.000000000000000000e+00,1.000000000000000000e+00,-1.000000000000000000e+00,0.000000000000000000e+00
2.246000000000000000e+03,2.046681455996463583e+01,3.340394568770202710e+01,-2.375137436754132247e-03,7.369245476481498258e+01,2.616247238280708931e-01,nan,2.176331139314912502e-05,3.084325594128053183e+00,1.000000000000000000e+00,1.000000000000000000e+00,-1.000000000000000000e+00,0.000000000000000000e+00
2.247000000000000000e+03,1.082470275702197853e+02,6.804277987937219940e+00,-6.630277804725433384e-03,2.096016987941328296e+02,3.254229444469680654e-02,nan,1.404313213739680980e-05,1.037731090621610797e+01,1.000000000000000000e+00,1.000000000000000000e+00,-1.000000000000000000e+00,0.000000000000000000e+00
2.247000000000000000e+03,7.398838791320739006e+01,1.447710376543317601e+01,-6.241285680294199507e-03,1.971772847929531736e+02,4.318973436382389508e-02,nan,1.691955042874441483e-05,1.598272110387810763e+01,1.000000000000000000e+00,1.000000000000000000e+00,-1.000000000000000000e+00,0.000000000000000000e+00
2.247000000000000000e+03,6.089880141058178253e+01,5.305947945437958779e+00,-6.435565531012252261e-03,2.033825859952277142e+02,3.658713877320218799e-02,nan,1.510511734602514126e-05,1.598272110387810763e+01,1.000000000000000000e+00,1.000000000000000000e+00,-1.000000000000000000e+00,0.000000000000000000e+00
2.250000000000000000e+03,8.688407486726853790e+01,4.512837195908252852e+01,-6.983664885486394816e-03,2.208888871927726711e+02,4.592172764315516353e-02,nan,2.241776679608798231e-05,1.136324614532859911e+01,1.000000000000000000e+00,1.000000000000000000e+00,-1.000000000000000000e+00,0.000000000000000000e+00
2.250000000000000000e+03,9.726118062517805640e+01,4.975860295207697703e+01,1.295226907689688185e-03,-3.920009706747681832e+01,3.587123457083851719e-01,nan,1.199818640552544787e-05,1.136324614532859911e+01,1.000000000000000000e+00,1.000000000000000000e+00,-1.000000000000000000e+00,0.000000000000000000e+00
2.251000000000000000e+03,1.294286027320412131e+02,2.480298970250980517e+01,-5.372992733393321813e-03,1.694439956874872166e+02,8.027927792006617214e-02,nan,2.501750141666359253e-05,9.919001107888593793e+00,1.000000000000000000e+00,1.000000000000000000e+00,-1.000000000000000000e+00,0.000000000000000000e+00
2.252000000000000000e+03,1.385608470385845976e+02,2.867451355028616433e+01,-1.522145349671819720e-02,4.840039729025349402e+02,1.086721902932941131e-02,nan,2.641387423359090424e-05,9.919001107888593793e+00,1.000000000000000000e+00,1.000000000000000000e+00,-1.000000000000000000e+00,0.000000000000000000e+00
2.253000000000000000e+03,8.281791145210476657e+01,1.930126924268381217e+01,-8.439784156341206128e-03,2.673973574674561178e+02,1.867400304216881857e-02,nan,1.317220230675016410e-05,2.614522747352232201e+01,1.000000000000000000e+00,1.000000000000000000e+00,-1.000000000000000000e+00,0.000000000000000000e+00
2.254000000000000000e+03,3.447666505361728895e+01,5.083755869023431728e+01,-5.888496317880138019e-03,1.859091875268364902e+02,4.560300478825529691e-02,nan,1.570938390254204110e-05,2.140016257973795888e+01,1.000000000000000000e+00,1.000000000000000000e+00,-1.000000000000000000e+00,0.000000000000000000e+00
2.254000000000000000e+03,1.238184524676303369e+02,3.776182536639314691e+01,-6.662018238668276568e-03,2.106154887068709911e+02,5.289412318988806483e-02,nan,2.442763690228647326e-05,1.241848916493567323e+01,1.000000000000000000e+00,1.000000000000000000e+00,-1.000000000000000000e+00,0.000000000000000000e+00
2.255000000000000000e+03,3.662826880419087416e+01,1.874003974227098368e+01,-7.333522980857033920e-03,2.320633597477239221e+02,7.223945743664328401e-02,nan,4.154795439355962554e-05,5.873541883428838872e+00,1.000000000000000000e+00,1.000000000000000000e+00,-1.000000000000000000e+00,0.000000000000000000e+00
2.256000000000000000e+03,7.269578436435944013e+01,5.228943626405517620e+01,-6.051798334368266308e-03,1.911250562620778055e+02,4.537568331779540109e-02,nan,1.672932919988496457e-05,2.765378373562433012e+01,1.000000000000000000e+00,1.000000000000000000e+00,-1.000000000000000000e+00,0.000000000000000000e+00
2.257000000000000000e+03,3.562661160136952532e+01,1.295253794059274099e+01,-6.692898432244192772e-03,2.116018025300228942e+02,1.372079858955733700e-01,nan,7.335353141763148498e-05,5.873541883428838872e+00,1.000000000000000000e+00,1.000000000000000000e+00,-1.000000000000000000e+00,0.000000000000000000e+00
2.258000000000000000e+03,5.015393001185289279e+01,3.627080469806108454e+01,1.405910498718517454e-03,-4.273533254323394459e+01,3.275578021081502200e-01,nan,1.157138490681727833e-05,1.609941561882824601e+01,1.000000000000000000e+00,1.000000000000000000e+00,-1.000000000000000000e+00,0.000000000000000000e+00
2.259000000000000000e+03,5.141691078356925004e+01,2.022100523395420169e+01,-1.337193608921064154e-03,4.054051410323253180e+01,2.934355050448765878e-01,nan,8.429386817975769315e-06,1.443595369867258071e+01,1.000000000000000000e+00,1.000000000000000000e+00,-1.000000000000000000e+00,0.000000000000000000e+00
2.261000000000000000e+03,1.302236764050913678e+02,4.812604399898172147e+01,-1.734421623590651001e-03,5.322798255606511475e+01,3.385283317575749074e-01,nan,1.835796390995744420e-05,9.073194861485156082e+00,1.000000000000000000e+00,1.000000000000000000e+00,-1.000000000000000000e+00,0.000000000000000000e+00
2.263000000000000000e+03,7.367525730019566765e+01,1.106207341694883439e+01,-7.019176735756911360e-03,2.220231361967953490e+02,3.471420116656076527e-02,nan,1.717545742580166095e-05,1.170921381376090054e+01,1.000000000000000000e+00,1.000000000000000000e+00,-1.000000000000000000e+00,0.000000000000000000e+00
2.263000000000000000e+03,3.056402048188178355e+01,2.578032823004638630e+01,-7.018930784961646512e-03,2.220152805248874586e+02,5.013152213937821511e-02,nan,2.544217899108026297e-05,1.812803428240822612e+01,1.000000000000000000e+00,1.000000000000000000e+00,-1.000000000000000000e+00,0.000000000000000000e+00
2.263000000000000000e+03,6.584577618163957879e+01,1.976867513923651387e+01,-1.305531376976994725e-03,3.952922196345031125e+01,3.691405802188012508e-01,nan,1.207966723961188390e-05,1.170921381376090054e+01,1.000000000000000000e+00,1.000000000000000000e+00,-1.000000000000000000e+00,0.000000000000000000e+00
2.264000000000000000e+03,1.297028216478786931e+02,3.906781153804490003e+01,-6.541314410543634141e-03,2.067602067153896996e+02,5.022939650205748841e-02,nan,2.158272692194752979e-05,9.073194861485156082e+00,1.000000000000000000e+00,1.000000000000000000e+00,-1.000000000000000000e+00,0.000000000000000000e+00
2.265000000000000000e+03,9.773146022705283542e+01,4.184797219188258310e+01,-6.489287703338382160e-03,2.050984729453774094e+02,3.443888347407253470e-02,nan,1.413456945606987123e-05,1.418158633113612055e+01,1.000000000000000000e+00,1.000000000000000000e+00,-1.000000000000000000e+00,0.000000000000000000e+00
2.265000000000000000e+03,1.171883213945102398e+02,3.062680723133795624e+01,-1.478874036508749179e-03,4.506578898067992611e+01,3.495172001932721484e-01,nan,1.398569406901724153e-05,1.509514061866944878e+01,1.000000000000000000e+00,1.000000000000000000e+00,-1.000000000000000000e+00,0.000000000000000000e+00
2.266000000000000000e+03,1.030423225908593139e+02,2.185563522565985650e+01,-1.314380398493436792e-03,3.981185983686838625e+01,3.374676679789325728e-01,nan,1.038143015863598173e-05,6.043667453627037389e+00,1.000000000000000000e+00,1.000000000000000000e+00,-1.000000000000000000e+00,0.000000000000000000e+00
2.268000000000000000e+03,4.972180649743403791e+01,3.717476202198709956e+01,-7.837807897939388230e-03,2.481702271902017287e+02,2.551493342398614139e-02,nan,1.558065638397158282e-05,2.001053511828620657e+01,1.000000000000000000e+00,1.000000000000000000e+00,-1.000000000000000000e+00,0.000000000000000000e+00
2.268000000000000000e+03,1.325667987915331310e+02,7.482602428206349465e+00,-7.717789114600192256e-03,2.443368255389360115e+02,2.214755460405914977e-02,nan,1.471223496890405366e-05,2.778761923987091365e+01,1.000000000000000000e+00,1.000000000000000000e+00,-1.000000000000000000e+00,0.000000000000000000e+00
2.269000000000000000e+03,8.934323268568404330e+01,3.041315563971661007e+01,-6.610643628611622205e-03,2.089745829290835104e+02,3.202198796869848429e-02,nan,1.493870755303408501e-05,1.418158633113612055e+01,1.000000000000000000e+00,1.000000000000000000e+00,-1.000000000000000000e+00,0.000000000000000000e+00
2.272000000000000000e+03,1.259922019650472436e+02,5.287399953696288435e+01,-7.354581314234625959e-03,2.327359632160862191e+02,2.656098218153712942e-02,nan,1.432819381200002911e-05,1.013810704910302718e+01,1.000000000000000000e+00,1.000000000000000000e+00,-1.000000000000000000e+00,0.000000000000000000e+00
2.272000000000000000e+03,1.335752800357101577e+01,9.739440320622422931e+00,1.677211514621952324e-03,-5.140069085981544106e+01,2.774094119668045755e-01,nan,1.323143653576046548e-05,1.625210750107574853e+01,1.000000000000000000e+00,1.000000000000000000e+00,-1.000000000000000000e+00,0.000000000000000000e+00
2.274000000000000000e+03,7.758297694262495270e+01,1.186289202861532033e+01,-6.271182652226300024e-03,1.981321945027813172e+02,3.452196726620515577e-02,nan,1.477666422697088605e-05,1.835777619923584325e+01,1.000000000000000000e+00,1.000000000000000000e+00,-1.000000000000000000e+00,0.000000000000000000e+00
2.275000000000000000e+03,1.000081145295594638e+02,5.186747191603527796e+01,-1.664660920671140985e-03,5.099982471006092055e+01,3.380252952282833956e-01,nan,1.695701420789247203e-05,2.564665814394268040e+01,1.000000000000000000e+00,1.000000000000000000e+00,-1.000000000000000000e+00,0.000000000000000000e+00
2.277000000000000000e+03,1.426232482255506682e+02,3.148095855080502403e+01,-9.006953118089074811e-03,2.855127421932475613e+02,9.893582180700288831e-02,nan,6.664440223491824593e-05,9.031159584245971317e+00,1.000000000000000000e+00,1.000000000000000000e+00,-1.000000000000000000e+00,0.000000000000000000e+00
2.279000000000000000e+03,1.251013184629156996e+02,4.656820873034082808e+01,-7.698686071700476877e-03,2.437266740763186306e+02,2.266180035883214039e-02,nan,1.411634212196807614e-05,1.823421269028066405e+01,1.000000000000000000e+00,1.000000000000000000e+00,-1.000000000000000000e+00,0.000000000000000000e+00
2.279000000000000000e+03,4.273132463674745196e+01,7.299564513715557368e+00,-1.713769257404751346e-03,5.256834568559438736e+01,2.936661853374924469e-01,nan,1.443769496337678260e-05,1.719021680505026950e+01,1.000000000000000000e+00,1.000000000000000000e+00,-1.000000000000000000e+00,0.000000000000000000e+00
2.279000000000000000e+03,5.922722866797753483e+01,1.213575144114916959e+01,-1.542182134722966088e-03,4.708785054038592932e+01,3.289274562097861399e-01,nan,1.418358672832425031e-05,1.719021680505026950e+01,1.000000000000000000e+00,1.000000000000000000e+00,-1.000000000000000000e+00,0.000000000000000000e+00
2.280000000000000000e+03,1.192837829078819993e+02,2.431690018990857993e+01,-1.481492833231880680e-03,4.514943338535955775e+01,3.247198767566057409e-01,nan,1.245185583504242379e-05,1.562508315781508905e+01,1.000000000000000000e+00,1.000000000000000000e+00,-1.000000000000000000e+00,0.000000000000000000e+00
2.282000000000000000e+03,1.336497583349145373e+02,3.046197738377148667e+01,-6.587278606855427251e-03,2.082283038010163523e+02,4.405825399375973284e-02,nan,1.914191616027512797e-05,9.031159584245971317e+00,1.000000000000000000e+00,1.000000000000000000e+00,-1.000000000000000000e+00,0.000000000000000000e+00
2.282000000000000000e+03,7.306915618527008860e+01,4.028749375564361657e+01,-1.385038308173497466e-03,4.206867447959832162e+01,3.408061110635246527e-01,nan,1.210822653584256122e-05,2.258209212000980770e+01,1.000000000000000000e+00,1.000000000000000000e+00,-1.000000000000000000e+00,0.000000000000000000e+00
2.285000000000000000e+03,6.076413363844236670e+01,1.589713891745926944e+01,-7.239874377033049188e-03,2.290722220062004908e+02,3.491032114883896309e-02,nan,1.795603676816764484e-05,1.151558853616729827e+01,1.000000000000000000e+00,1.000000000000000000e+00,-1.000000000000000000e+00,0.000000000000000000e+00
2.285000000000000000e+03,1.056785857472881531e+02,4.122961144088058916e+01,-1.673521467387819499e-03,5.128283069853889486e+01,3.480771031878309163e-01,nan,1.672142338116690161e-05,5.854820386355342521e+00,1.000000000000000000e+00,1.000000000000000000e+00,-1.000000000000000000e+00,0.000000000000000000e+00
2.286000000000000000e+03,3.138982669430093608e+01,1.157734691896695267e+01,-7.617063263775019494e-03,2.411196404272764084e+02,2.104782255214554532e-02,nan,1.379463821141701024e-05,2.759502282372962512e+01,1.000000000000000000e+00,1.000000000000000000e+00,-1.000000000000000000e+00,0.000000000000000000e+00
2.287000000000000000e+03,9.310113307429993768e+01,2.986296563999334452e+01,-6.331299478381346123e-03,2.000523267874113458e+02,4.410928869469044056e-02,nan,1.932382212037201110e-05,1.695266800548179020e+01,1.000000000000000000e+00,1.000000000000000000e+00,-1.000000000000000000e+00,0.000000000000000000e+00
2.288000000000000000e+03,6.415278927479657511e+01,4.891422570373424428e+00,-1.563246062336038581e-03,4.776063268870922940e+01,2.655117736877081747e-01,nan,9.556498347790490046e-06,1.151558853616729827e+01,1.000000000000000000e+00,1.000000000000000000e+00,-1.000000000000000000e+00,0.000000000000000000e+00
2.288000000000000000e+03,1.106392641233566820e+02,4.433936895645768317e+01,-1.439551058975307345e-03,4.380981251753449612e+01,3.546117736244024377e-01,nan,1.385689936456707169e-05,5.854820386355342521e+00,1.000000000000000000e+00,1.000000000000000000e+00,-1.000000000000000000e+00,0.000000000000000000e+00
2.289000000000000000e+03,2.940990204099679417e+01,4.609778020763923934e+01,-1.719466553854835482e-03,5.275031741545085850e+01,3.652055005623382478e-01,nan,2.283231235391324651e-05,7.574890934693168987e+00,1.000000000000000000e+00,1.000000000000000000e+00,-1.000000000000000000e+00,0.000000000000000000e+00
2.290000000000000000e+03,1.705840168181443417e+01,3.515902501348845277e+01,-6.510534310607250102e-03,2.057770898845117244e+02,5.169408781807127706e-02,nan,2.198611235043741415e-05,3.421080182146713167e+00,1.000000000000000000e+00,1.000000000000000000e+00,-1.000000000000000000e+00,0.000000000000000000e+00
2.290000000000000000e+03,3.697414903902274119e+01,4.649920270993849414e+01,-7.011052447908441496e-03,2.217636463270666809e+02,3.518327245316132945e-02,nan,2.229669930730324504e-05,7.574890934693168987e+00,1.000000000000000000e+00,1.000000000000000000e+00,-1.000000000000000000e+00,0.000000000000000000e+00
2.290000000000000000e+03,8.454335115232548503e+01,1.359882727233471122e+01,-1.653187623518987282e-03,5.063336743541727003e+01,3.265109701125570307e-01,nan,1.551522318619222751e-05,1.837818892781381663e+01,1.000000000000000000e+00,1.000000000000000000e+00,-1.000000000000000000e+00,0.000000000000000000e+00
2.291000000000000000e+03,6.391605251277804456e+01,2.029363607408194170e+01,-7.204838738354117297e-03,2.279531832072035797e+02,2.483145002297504345e-02,nan,1.466731931310675349e-05,1.525693749408427813e+01,1.000000000000000000e+00,1.000000000000000000e+00,-1.000000000000000000e+00,0.000000000000000000e+00
2.293000000000000000e+03,7.839030062199486792e+01,3.968485365997880621e+01,-1.422390577784988413e-03,4.326170650361525816e+01,2.629230462181078032e-01,nan,7.985501801006821262e-06,1.043882142251786682e+01,1.000000000000000000e+00,1.000000000000000000e+00,-1.000000000000000000e+00,0.000000000000000000e+00
2.296000000000000000e+03,7.243772066561399470e+01,7.638387613805226906e+00,-7.181924913403004394e-03,2.272213153115245916e+02,2.986123723478639747e-02,nan,1.674056520258340077e-05,1.525693749408427813e+01,1.000000000000000000e+00,1.000000000000000000e+00,-1.000000000000000000e+00,0.000000000000000000e+00
2.296000000000000000e+03,2.437161672486633890e+01,2.879048025737291638e+01,-6.572489778626610171e-03,2.077559484165061292e+02,3.990229184670024409e-02,nan,1.723934089495460418e-05,4.044698706775818664e+01,1.000000000000000000e+00,1.000000000000000000e+00,-1.000000000000000000e+00,0.000000000000000000e+00
2.296000000000000000e+03,1.184476980027115331e+02,5.206949639502711591e+01,-1.623877375046665949e-03,4.969719768126087445e+01,3.013227847301972462e-01,nan,1.284825609348963179e-05,1.292869997223549383e+01,1.000000000000000000e+00,1.000000000000000000e+00,-1.000000000000000000e+00,0.000000000000000000e+00
2.298000000000000000e+03,6.836828026175589912e+01,3.676456247754964579e+01,-2.074286386831901419e-02,6.603578989041984642e+02,5.633081949580565073e-03,nan,2.765558361542650261e-05,1.043882142251786682e+01,1.000000000000000000e+00,1.000000000000000000e+00,-1.000000000000000000e+00,0.000000000000000000e+00
2.302000000000000000e+03,1.152291716405513995e+02,4.507267431496449817e+00,-6.328827304345227382e-03,1.999733655134456853e+02,2.955600294002247441e-02,nan,1.310448018850562550e-05,3.378850291277864670e+01,1.000000000000000000e+00,1.000000000000000000e+00,-1.000000000000000000e+00,0.000000000000000000e+00
2.302000000000000000e+03,1.237681139517093385e+02,3.719900022885009605e+01,-8.536356372859890684e-03,2.704818754401376282e+02,2.112201073040964605e-02,nan,1.530458229811999484e-05,1.425394206830340593e+01,1.000000000000000000e+00,1.000000000000000000e+00,-1.000000000000000000e+00,0.000000000000000000e+00
2.306000000000000000e+03,1.033865120135171907e+02,4.923892451037433915e+01,-7.386199434451974806e-03,2.337458464266879616e+02,4.551933484839987276e-02,nan,2.469028282455921550e-05,1.128464795767291839e+01,1.000000000000000000e+00,1.000000000000000000e+00,-1.000000000000000000e+00,0.000000000000000000e+00
2.307000000000000000e+03,1.097802706429030764e+02,3.994036923991618693e+01,-7.118044244926162271e-03,2.251809658494657356e+02,3.812343394580364198e-02,nan,1.989865406335530033e-05,1.128464795767291839e+01,1.000000000000000000e+00,1.000000000000000000e+00,-1.000000000000000000e+00,0.000000000000000000e+00
2.307000000000000000e+03,2.287367033379773673e+01,4.834113296513498881e+01,-1.574420141335195270e-03,4.811753293127944175e+01,3.553682570300839005e-01,nan,1.653589855770375828e-05,3.809522352759240782e+00,1.000000000000000000e+00,1.000000000000000000e+00,-1.000000000000000000e+00,0.000000000000000000e+00
2.308000000000000000e+03,1.322513762115384282e+02,1.830621816386074840e+01,-1.671484050552578824e-03,5.121775557576869176e+01,3.545551359859002716e-01,nan,1.812570002730848955e-05,2.622942530819778995e+01,1.000000000000000000e+00,1.000000000000000000e+00,-1.000000000000000000e+00,0.000000000000000000e+00
2.309000000000000000e+03,1.028843992908860656e+02,6.622397611941262419e+00,-6.374408223552994503e-03,2.014292207229043754e+02,3.764969103228421599e-02,nan,1.543908257312744575e-05,1.819731746063959932e+01,1.000000000000000000e+00,1.000000000000000000e+00,-1.000000000000000000e+00,0.000000000000000000e+00
2.312000000000000000e+03,1.357246018788173956e+02,4.430466918430581558e+01,-6.802066502578499492e-03,2.150886322531863470e+02,2.972805264289091198e-02,nan,1.389713786218893728e-05,2.240362417239068549e+01,1.000000000000000000e+00,1.000000000000000000e+00,-1.000000000000000000e+00,0.000000000000000000e+00
2.312000000000000000e+03,9.518428027956687743e+00,3.362413000188165313e+01,-6.953849493709975474e-03,2.199365831542802709e+02,3.192676510871894635e-02,nan,1.524478050032179133e-05,6.175769206811165368e+00,1.000000000000000000e+00,1.000000000000000000e+00,-1.000000000000000000e+00,0.000000000000000000e+00
2.312000000000000000e+03,6.638622128465723904e+01,1.808456577523697462e+01,-1.443666940779530367e-03,4.394127384105193102e+01,3.399781311618249591e-01,nan,1.254287663150751191e-05,2.932274439940243482e+01,1.000000000000000000e+00,1.000000000000000000e+00,-1.000000000000000000e+00,0.000000000000000000e+00
2.312000000000000000e+03,5.350939532406658827e+01,4.689302468031704052e+01,-1.211861568606850247e-03,3.653740694842017689e+01,3.745791675704841506e-01,nan,1.073637293865811507e-05,3.066993093053751451e+01,1.000000000000000000e+00,1.000000000000000000e+00,-1.000000000000000000e+00,0.000000000000000000e+00
2.313000000000000000e+03,1.138356671736519132e+02,3.953005783564817932e+01,-6.185014700089935639e-03,1.953799888828310998e+02,3.626470617941124353e-02,nan,1.365821472332903597e-05,2.240362417239068549e+01,1.000000000000000000e+00,1.000000000000000000e+00,-1.000000000000000000e+00,0.000000000000000000e+00
2.314000000000000000e+03,9.526826276007416539e+01,2.314924931174577694e+01,-7.189935761467139939e-03,2.274771819129240100e+02,2.271669157519307092e-02,nan,1.220064753247654219e-05,1.819731746063959932e+01,1.000000000000000000e+00,1.000000000000000000e+00,-1.000000000000000000e+00,0.000000000000000000e+00
2.318000000000000000e+03,6.088075853503364243e+01,7.713330067105716559e+00,-6.581176509422493985e-03,2.080334027219954010e+02,3.695641000985927516e-02,nan,1.690110067715972042e-05,8.548733247049121076e+00,1.000000000000000000e+00,1.000000000000000000e+00,-1.000000000000000000e+00,0.000000000000000000e+00
2.321000000000000000e+03,9.518633915721780170e+01,1.267247475049383887e+01,-6.667184830839254644e-03,2.107805097344852356e+02,3.912324310880432865e-02,nan,1.751416445330382444e-05,2.532406061431068522e+01,1.000000000000000000e+00,1.000000000000000000e+00,-1.000000000000000000e+00,0.000000000000000000e+00
2.321000000000000000e+03,3.290458454779983555e+01,2.468322122933095386e+01,-6.386196427029974983e-03,2.018057361100534024e+02,4.615949649351336337e-02,nan,1.943643464693019766e-05,1.318898468865563700e+01,1.000000000000000000e+00,1.000000000000000000e+00,-1.000000000000000000e+00,0.000000000000000000e+00
2.322000000000000000e+03,6.185720908602870338e+01,4.470794889644651704e+01,-7.208953855192190216e-03,2.280846200976912712e+02,2.428961023127751417e-02,nan,1.260185661685904023e-05,2.343680050607826715e+01,1.000000000000000000e+00,1.000000000000000000e+00,-1.000000000000000000e+00,0.000000000000000000e+00
2.325000000000000000e+03,7.243509750144757220e+01,2.379403260531018205e+01,-7.910837775520502407e-03,2.505028025215144680e+02,2.807275575296663828e-02,nan,1.717260944244380108e-05,1.899589685877340628e+01,1.000000000000000000e+00,1.000000000000000000e+00,-1.000000000000000000e+00,0.000000000000000000e+00
2.326000000000000000e+03,1.320756777488616365e+02,9.327720232985221571e+00,-4.472895024333467702e-03,1.406948620251424984e+02,7.979094259977215220e-02,nan,1.687468375783600355e-05,1.106463675785536616e+01,1.000000000000000000e+00,1.000000000000000000e+00,-1.000000000000000000e+00,0.000000000000000000e+00
2.326000000000000000e+03,1.218035594642751249e+02,1.570870761412260208e+01,-1.371380344533709456e-03,4.163243892618730513e+01,3.380606542893184185e-01,nan,1.122641029968869028e-05,1.190992935904381334e+01,1.000000000000000000e+00,1.000000000000000000e+00,-1.000000000000000000e+00,0.000000000000000000e+00
2.327000000000000000e+03,1.430962213830527787e+02,1.031453561094262206e+01,-8.814974817611932745e-03,2.793809525384867243e+02,2.344556965116117997e-02,nan,1.815286172050710288e-05,1.106463675785536616e+01,1.000000000000000000e+00,1.000000000000000000e+00,-1.000000000000000000e+00,0.000000000000000000e+00
2.329000000000000000e+03,5.039285649315637272e+01,5.273821891797373240e+01,-7.318722832604041863e-03,2.315906428014801577e+02,2.803898773500212993e-02,nan,1.506730195510924029e-05,3.638167546952413289e+01,1.000000000000000000e+00,1.000000000000000000e+00,-1.000000000000000000e+00,0.000000000000000000e+00
2.330000000000000000e+03,1.305032939514541113e+02,2.384265113433482242e+01,1.610066830858584248e-03,-4.925608870296163389e+01,3.600594564595716029e-01,nan,1.776858083044383058e-05,1.190992935904381334e+01,1.000000000000000000e+00,1.000000000000000000e+00,-1.000000000000000000e+00,0.000000000000000000e+00
2.331000000000000000e+03,1.403066389668582588e+02,3.513561700334953741e+01,-7.730859628266133210e-03,2.447542979318055814e+02,2.865758584633559813e-02,nan,1.687365763027165929e-05,1.495448600286150231e+01,1.000000000000000000e+00,1.000000000000000000e+00,-1.000000000000000000e+00,0.000000000000000000e+00
2.332000000000000000e+03,7.950377433714431952e+00,1.132595597216252337e+01,-3.026530379745656293e-03,9.449795465252343263e+01,1.161381278152732177e-01,nan,1.228396527042608050e-05,3.209435075430704387e+01,1.000000000000000000e+00,1.000000000000000000e+00,-1.000000000000000000e+00,0.000000000000000000e+00
2.333000000000000000e+03,1.200843711564277214e+02,1.324790744868164616e+01,-7.254002320492512583e-03,2.295234687217536305e+02,3.744190415472659073e-02,nan,1.961509836769926820e-05,1.485942616568380004e+01,1.000000000000000000e+00,1.000000000000000000e+00,-1.000000000000000000e+00,0.000000000000000000e+00
2.333000000000000000e+03,1.223340729705366527e+02,3.457014944343704599e+01,-1.393145681711968923e-03,4.232762410602445868e+01,3.642191907632362780e-01,nan,1.342249603184723404e-05,7.291427373625517738e+00,1.000000000000000000e+00,1.000000000000000000e+00,-1.000000000000000000e+00,0.000000000000000000e+00
2.334000000000000000e+03,1.275275215698428610e+02,4.727666560748719604e+01,-1.277016310118238469e-02,4.057097227148648244e+02,1.198470157658027002e-02,nan,1.967302659684213610e-05,1.372688826285489050e+01,1.000000000000000000e+00,1.000000000000000000e+00,-1.000000000000000000e+00,0.000000000000000000e+00
2.335000000000000000e+03,4.372399361952169272e+01,3.585350042548027005e+01,-6.792790763282277600e-03,2.147923650077973150e+02,3.228865527584989792e-02,nan,1.627033644975853777e-05,2.327231568220912195e+01,1.000000000000000000e+00,1.000000000000000000e+00,-1.000000000000000000e+00,0.000000000000000000e+00
2.336000000000000000e+03,7.605055310502190480e+01,3.960005916332296749e+01,-6.566824487333133668e-03,2.075749989318080964e+02,3.407180347805660592e-02,nan,1.479636716154860302e-05,1.202845845426810989e+01,1.000000000000000000e+00,1.000000000000000000e+00,-1.000000000000000000e+00,0.000000000000000000e+00
2.338000000000000000e+03,1.130688688735162089e+02,4.750786719905383393e+01,-8.026835829740589998e-03,2.542077820273821658e+02,2.969965417360331816e-02,nan,2.031483131962097307e-05,1.251228373987365750e+01,1.000000000000000000e+00,1.000000000000000000e+00,-1.000000000000000000e+00,0.000000000000000000e+00
2.338000000000000000e+03,1.559457468350314358e+01,5.116082254578194721e+01,-6.540224406397183998e-03,2.067253919674091378e+02,4.681395325310044875e-02,nan,2.020084891756438069e-05,3.202465175724344704e+01,1.000000000000000000e+00,1.000000000000000000e+00,-1.000000000000000000e+00,0.000000000000000000e+00
2.339000000000000000e+03,6.668396942166423003e+01,3.205347563905771580e+01,-5.417371101110432345e-03,1.708614413851865095e+02,5.505757509302433572e-02,nan,1.701774883541472760e-05,1.202845845426810989e+01,1.000000000000000000e+00,1.000000000000000000e+00,-1.000000000000000000e+00,0.000000000000000000e+00
2.341000000000000000e+03,1.371779520551600342e+02,3.563243000750970424e+01,-7.318192136978727245e-03,2.315736923756401495e+02,4.295737309506209023e-02,nan,2.388237716854611306e-05,4.379016440155896639e+00,1.000000000000000000e+00,1.000000000000000000e+00,-1.000000000000000000e+00,0.000000000000000000e+00
2.343000000000000000e+03,1.306336812408865740e+02,2.257740503296773937e+01,-1.337661151834564251e-02,4.250796938067304609e+02,1.006934669320525000e-02,nan,1.838409189949598377e-05,1.460346388965528419e+01,1.000000000000000000e+00,1.000000000000000000e+00,-1.000000000000000000e+00,0.000000000000000000e+00
2.343000000000000000e+03,8.769255343921803103e+01,4.201708752729877716e+01,-6.189578563141198003e-03,1.955257587337669634e+02,9.813607535725343833e-02,nan,4.174881618837698286e-05,7.290198835206167516e+00,1.000000000000000000e+00,1.000000000000000000e+00,-1.000000000000000000e+00,0.000000000000000000e+00
2.346000000000000000e+03,2.726143677214433936e+01,2.561993971973253892e+01,-7.664392034321993070e-03,2.426313220334328946e+02,2.576319429914353254e-02,nan,1.578295243103936950e-05,1.253977631731362941e+01,1.000000000000000000e+00,1.000000000000000000e+00,-1.000000000000000000e+00,0.000000000000000000e+00
2.346000000000000000e+03,1.069815711805794223e+01,4.154630843026395581e+01,-7.273277182895735750e-03,2.301391081017631279e+02,3.590284105111973822e-02,nan,1.940501963043758990e-05,6.849112973548781902e+00,1.000000000000000000e+00,1.000000000000000000e+00,-1.000000000000000000e+00,0.000000000000000000e+00
2.346000000000000000e+03,9.341942214095533359e+01,4.652818206520230859e+01,-6.545521589495288846e-03,2.068945840710979382e+02,5.442394618290669062e-02,nan,2.370330708311194990e-05,7.290198835206167516e+00,1.000000000000000000e+00,1.000000000000000000e+00,-1.000000000000000000e+00,0.000000000000000000e+00
2.348000000000000000e+03,8.000475189448917490e+01,3.610652372854183767e+01,-6.552328629284611891e-03,2.071120010190341247e+02,3.987836445256021101e-02,nan,1.759942563329718461e-05,9.428044717927205554e+00,1.000000000000000000e+00,1.000000000000000000e+00,-1.000000000000000000e+00,0.000000000000000000e+00
2.348000000000000000e+03,1.436571908598925518e+02,1.116024594637907086e+01,-1.544400707996121825e-03,4.715871180236634075e+01,3.178159538209237578e-01,nan,1.289700367701747178e-05,1.731944931009111244e+01,1.000000000000000000e+00,1.000000000000000000e+00,-1.000000000000000000e+00,0.000000000000000000e+00
2.350000000000000000e+03,3.322728265036532491e+01,1.459022199689060528e+01,-1.475185240641438368e-03,4.494796878807751028e+01,3.005897471605809557e-01,nan,1.091017468308927804e-05,1.253977631731362941e+01,1.000000000000000000e+00,1.000000000000000000e+00,-1.000000000000000000e+00,0.000000000000000000e+00
2.352000000000000000e+03,8.940167108043645783e+01,3.687198895702118051e+01,-1.508644453597831996e-03,4.601665652701747433e+01,3.707960171984152620e-01,nan,1.623318537585776979e-05,9.428044717927205554e+00,1.000000000000000000e+00,1.000000000000000000e+00,-1.000000000000000000e+00,0.000000000000000000e+00
2.353000000000000000e+03,1.265116292286539732e+02,3.799019326021961973e+01,-1.356364750772751353e-03,4.115284064734694880e+01,3.551642265703233159e-01,nan,1.079528194956702361e-05,1.366294525002541960e+01,1.000000000000000000e+00,1.000000000000000000e+00,-1.000000000000000000e+00,0.000000000000000000e+00
2.356000000000000000e+03,7.442559643036410932e+01,1.678693132138181099e+01,-5.914609278508023427e-03,1.867432358616497652e+02,3.656747525397019416e-02,nan,1.269705544802828001e-05,2.505378917751754031e+01,1.000000000000000000e+00,1.000000000000000000e+00,-1.000000000000000000e+00,0.000000000000000000e+00
2.357000000000000000e+03,1.486120896155852833e+01,2.194323485808295970e+01,-1.355918078967399253e-03,4.113857394351467178e+01,3.659981861465076980e-01,nan,1.279170052554301500e-05,5.574531112826887735e+00,1.000000000000000000e+00,1.000000000000000000e+00,-1.000000000000000000e+00,0.000000000000000000e+00
2.359000000000000000e+03,1.379464101576043049e+02,4.260806520265452946e+01,-7.071620719649820454e-03,2.236981977901616006e+02,2.832496070813061984e-02,nan,1.543296371893490603e-05,2.171463952053682789e+01,1.000000000000000000e+00,1.000000000000000000e+00,-1.000000000000000000e+00,0.000000000000000000e+00
2.359000000000000000e+03,4.591742256300343428e+01,5.872133552757712316e+00,-1.313416529135822590e-03,3.978107383584185897e+01,3.590050498248569255e-01,nan,1.166596800974518749e-05,2.054677017496678815e+01,1.000000000000000000e+00,1.000000000000000000e+00,-1.000000000000000000e+00,0.000000000000000000e+00
2.362000000000000000e+03,1.417910513163227471e+01,1.247538475891059484e+01,-1.422090292772533460e-02,4.520463734615190674e+02,9.178807146403511474e-03,nan,2.156753752724737178e-05,9.492389116297236029e+00,1.000000000000000000e+00,1.000000000000000000e+00,-1.000000000000000000e+00,0.000000000000000000e+00
2.363000000000000000e+03,8.275136998856132209e+01,1.292422706110115627e+01,-1.456716199817331562e-03,4.435806736079563706e+01,3.426437315838798403e-01,nan,1.243929217950608457e-05,1.744855562170603491e+01,1.000000000000000000e+00,1.000000000000000000e+00,-1.000000000000000000e+00,0.000000000000000000e+00
2.364000000000000000e+03,6.644712541622914159e+01,6.709430024242599266e+00,-7.491220128961733477e-03,2.371002089068757073e+02,2.725663124452559760e-02,nan,1.588510226772138877e-05,1.272935505460278272e+01,1.000000000000000000e+00,1.000000000000000000e+00,-1.000000000000000000e+00,0.000000000000000000e+00
2.367000000000000000e+03,5.622710819600820287e+01,1.429808788479533810e+01,-6.359733921837481575e-03,2.009605233168622078e+02,4.276138014570118884e-02,nan,1.740763738257632235e-05,1.272935505460278272e+01,1.000000000000000000e+00,1.000000000000000000e+00,-1.000000000000000000e+00,0.000000000000000000e+00
2.367000000000000000e+03,2.426777524439833655e+01,3.838106728055549155e+01,-6.529181275923721592e-03,2.063726742226168653e+02,4.279827965568239190e-02,nan,1.849782533539009790e-05,6.403425709525127019e+00,1.000000000000000000e+00,1.000000000000000000e+00,-1.000000000000000000e+00,0.000000000000000000e+00
2.367000000000000000e+03,1.231482453409182796e+02,4.758602134932257144e+01,-1.270376282705722257e-03,3.840636775113064516e+01,3.489060572862004994e-01,nan,1.032432425738791122e-05,4.978921148310575973e+01,1.000000000000000000e+00,1.000000000000000000e+00,-1.000000000000000000e+00,0.000000000000000000e+00
2.368000000000000000e+03,1.388180504719106878e+01,2.013437777673259887e+01,-7.095512810364662526e-03,2.244613115082836998e+02,2.880598763997865852e-02,nan,1.466763379528537711e-05,1.652272808609949095e+01,1.000000000000000000e+00,1.000000000000000000e+00,-1.000000000000000000e+00,0.000000000000000000e+00
2.368000000000000000e+03,7.744029998781540414e+00,3.547479044596357767e+01,-7.731188390893210111e-03,2.447647986148024302e+02,1.806429218304694828e-02,nan,1.098320976890286343e-05,1.652272808609949095e+01,1.000000000000000000e+00,1.000000000000000000e+00,-1.000000000000000000e+00,0.000000000000000000e+00
2.370000000000000000e+03,3.970880014792913215e+01,4.629920618859214798e+00,-8.126404017538535127e-03,2.573879913654444067e+02,1.869256044011691209e-02,nan,1.181738945743795067e-05,1.038019604911840332e+01,1.000000000000000000e+00,1.000000000000000000e+00,-1.000000000000000000e+00,0.000000000000000000e+00
2.370000000000000000e+03,7.817567175333935836e+01,7.601362781179999750e+00,-6.875089132386035320e-03,2.174209760905076507e+02,3.730086786436204171e-02,nan,1.742730329914450826e-05,1.109055333260032405e+01,1.000000000000000000e+00,1.000000000000000000e+00,-1.000000000000000000e+00,0.000000000000000000e+00
2.370000000000000000e+03,3.011872337080646034e+01,4.098304092367500573e+01,-6.485728480270784579e-03,2.049847913098454626e+02,9.050271748470517519e-02,nan,4.146973602146886883e-05,6.403425709525127019e+00,1.000000000000000000e+00,1.000000000000000000e+00,-1.000000000000000000e+00,0.000000000000000000e+00
2.371000000000000000e+03,8.368655743527945390e+01,1.722583742782122940e+01,-5.716409716892295080e-03,1.804127390374102333e+02,1.632062082519294410e-01,nan,6.508480452911562556e-05,3.607422883894966237e+00,1.000000000000000000e+00,1.000000000000000000e+00,-1.000000000000000000e+00,0.000000000000000000e+00
2.372000000000000000e+03,3.464872543622601597e+01,2.138330825528461432e+01,-7.115062972908780571e-03,2.250857439787190231e+02,1.151909524533765161e-01,nan,6.663140786934808400e-05,7.477434947701905088e+00,1.000000000000000000e+00,1.000000000000000000e+00,-1.000000000000000000e+00,0.000000000000000000e+00
2.372000000000000000e+03,3.842702472986639606e+01,1.493067407653324175e+01,-7.124788196278049324e-03,2.253963677518106010e+02,8.835536611415939490e-02,nan,4.848294770492528593e-05,7.477434947701905088e+00,1.000000000000000000e+00,1.000000000000000000e+00,-1.000000000000000000e+00,0.000000000000000000e+00
2.374000000000000000e+03,8.728831481443437212e+01,1.742793553506661652e+01,-6.473896945006645670e-03,2.046068919047966972e+02,1.196399937779261125e-01,nan,5.646751078750722751e-05,3.607422883894966237e+00,1.000000000000000000e+00,1.000000000000000000e+00,-1.000000000000000000e+00,0.000000000000000000e+00
2.375000000000000000e+03,1.375570839599331805e+02,2.269268817736983834e+01,-7.278515110541808504e-03,2.303064075854690884e+02,3.028314353130445724e-02,nan,1.558927520011221303e-05,7.203012653486954520e+00,1.000000000000000000e+00,1.000000000000000000e+00,-1.000000000000000000e+00,0.000000000000000000e+00
2.376000000000000000e+03,1.997845086949252646e+01,7.485542263983331779e+00,-7.127859166748271719e-03,2.254944545924201122e+02,3.468876128469111642e-02,nan,1.753245542483402542e-05,1.989421687797518601e+01,1.000000000000000000e+00,1.000000000000000000e+00,-1.000000000000000000e+00,0.000000000000000000e+00
2.376000000000000000e+03,5.235782980840966871e+01,3.371710079885495048e+01,-1.245739241705708230e-03,3.761946031027749626e+01,3.581407295757255138e-01,nan,1.031195460836582696e-05,1.604548334315177627e+01,1.000000000000000000e+00,1.000000000000000000e+00,-1.000000000000000000e+00,0.000000000000000000e+00
2.379000000000000000e+03,6.512279894588593265e+01,6.350350959604172729e+00,-6.266097164600782643e-03,1.979697639555056128e+02,2.819825221033311902e-02,nan,1.132750341453825923e-05,2.211010390927559754e+01,1.000000000000000000e+00,1.000000000000000000e+00,-1.000000000000000000e+00,0.000000000000000000e+00
2.380000000000000000e+03,1.421651857485901189e+02,1.715655331704807196e+01,-7.827544809353577729e-03,2.478424239944241094e+02,2.775362254661994932e-02,nan,1.664299775653079198e-05,7.203012653486954520e+00,1.000000000000000000e+00,1.000000000000000000e+00,-1.000000000000000000e+00,0.000000000000000000e+00
2.380000000000000000e+03,9.934211163179648807e+00,4.540639342880975704e+01,-7.401149925524276238e-03,2.342233653247242842e+02,2.808474829927043448e-02,nan,1.512702873788396414e-05,5.806184448831101186e+00,1.000000000000000000e+00,1.000000000000000000e+00,-1.000000000000000000e+00,0.000000000000000000e+00
2.380000000000000000e+03,1.099129721248297358e+02,7.450041121237063635e+00,-1.192459621865940567e-03,3.591770849285281741e+01,3.581867776283843563e-01,nan,9.815550545549348461e-06,2.303661104902623791e+01,1.000000000000000000e+00,1.000000000000000000e+00,-1.000000000000000000e+00,0.000000000000000000e+00
2.384000000000000000e+03,9.103555415681627494e+01,2.065339446366641241e+01,-1.644532312364872014e-03,5.035691667373413338e+01,3.016933071451309845e-01,nan,1.342690304948310745e-05,1.699036330466509170e+01,1.000000000000000000e+00,1.000000000000000000e+00,-1.000000000000000000e+00,0.000000000000000000e+00
2.385000000000000000e+03,6.494965887203434818e+01,1.970293198008633695e+01,-6.853872796540879699e-03,2.167433260210783317e+02,3.986783878821131832e-02,nan,1.915098348664610035e-05,1.167945446684927724e+01,1.000000000000000000e+00,1.000000000000000000e+00,-1.000000000000000000e+00,0.000000000000000000e+00
2.386000000000000000e+03,7.528933326065192944e+01,1.427146899295559734e+01,-1.263552315047164649e-02,4.014093207692610008e+02,1.089664798845113580e-02,nan,1.705205753555351272e-05,1.167945446684927724e+01,1.000000000000000000e+00,1.000000000000000000e+00,-1.000000000000000000e+00,0.000000000000000000e+00
2.387000000000000000e+03,1.074893088900624178e+02,1.168564799421832667e+01,-6.655253350332924860e-03,2.103994180769757065e+02,3.541095026859852890e-02,nan,1.543356030961655427e-05,1.873890395839944745e+01,1.000000000000000000e+00,1.000000000000000000e+00,-1.000000000000000000e+00,0.000000000000000000e+00
2.387000000000000000e+03,5.367294495579207592e+01,1.326574244534084457e+01,-6.555085831235188745e-03,2.072000660886519654e+02,3.447488679783206056e-02,nan,1.508383080018022090e-05,1.021980707941480837e+01,1.000000000000000000e+00,1.000000000000000000e+00,-1.000000000000000000e+00,0.000000000000000000e+00
2.390000000000000000e+03,1.267681362813949875e+02,3.117885115909044558e+01,-1.406352539077483860e-03,4.274945131860262393e+01,3.314485922631605908e-01,nan,1.125880281840589686e-05,1.596394655185374667e+01,1.000000000000000000e+00,1.000000000000000000e+00,-1.000000000000000000e+00,0.000000000000000000e+00
2.392000000000000000e+03,4.154098634941812662e+01,3.103279451657853372e+01,-6.821010510179449648e-03,2.156937041260933938e+02,3.253129715029046132e-02,nan,1.574856887329800857e-05,1.837563468850296289e+01,1.000000000000000000e+00,1.000000000000000000e+00,-1.000000000000000000e+00,0.000000000000000000e+00
2.392000000000000000e+03,1.338868756406561999e+02,4.546769783911848606e+01,-7.373505688349216852e-03,2.333404079951589836e+02,2.445898915867805723e-02,nan,1.503952476868234499e-05,1.374212035719461866e+01,1.000000000000000000e+00,1.000000000000000000e+00,-1.000000000000000000e+00,0.000000000000000000e+00
2.393000000000000000e+03,1.311175015141787128e+02,8.867296880953531968e+00,-7.326048586429387624e-03,2.318246274831235212e+02,3.663678313149920651e-02,nan,1.994906955060286131e-05,1.297820449561939604e+01,1.000000000000000000e+00,1.000000000000000000e+00,-1.000000000000000000e+00,0.000000000000000000e+00
2.393000000000000000e+03,2.390564939160501723e+01,3.619601449927387193e+01,-8.074680339351388014e-03,2.557359363465914157e+02,2.912229407175925822e-02,nan,1.934234840538394523e-05,9.620805897745718482e+00,1.000000000000000000e+00,1.000000000000000000e+00,-1.000000000000000000e+00,0.000000000000000000e+00
2.395000000000000000e+03,2.280146839141156079e+01,4.575324686230191418e+01,-7.065723976623993798e-03,2.235098557338318983e+02,2.877729782111515533e-02,nan,1.431839088970604800e-05,4.024906781550011914e+00,1.000000000000000000e+00,1.000000000000000000e+00,-1.000000000000000000e+00,0.000000000000000000e+00
2.395000000000000000e+03,2.426836642879235839e+01,5.840305027805085203e+00,-1.886545696017980119e-03,5.808682759861223843e+01,2.798865088397773926e-01,nan,1.539499727714081092e-05,8.896050047294046692e+00,1.000000000000000000e+00,1.000000000000000000e+00,-1.000000000000000000e+00,0.000000000000000000e+00
2.396000000000000000e+03,1.336555172485033722e+02,2.159491519949357041e+01,-1.535617636216081092e-02,4.883070231458571584e+02,6.399132426729070566e-03,nan,1.795679206278429996e-05,1.297820449561939604e+01,1.000000000000000000e+00,1.000000000000000000e+00,-1.000000000000000000e+00,0.000000000000000000e+00
2.397000000000000000e+03,7.875683844307680204e+01,7.082565963852755608e+00,-1.408908496864953210e-02,4.478361059689754029e+02,1.042299485756037480e-02,nan,2.003220008077870757e-05,2.359278584828927450e+01,1.000000000000000000e+00,1.000000000000000000e+00,-1.000000000000000000e+00,0.000000000000000000e+00
2.397000000000000000e+03,8.386580816684215733e+01,5.108774205426310999e+01,-6.697562533986228285e-03,2.117507740061714117e+02,3.035821450922338016e-02,nan,1.400178230318957127e-05,2.061506671969220150e+01,1.000000000000000000e+00,1.000000000000000000e+00,-1.000000000000000000e+00,0.000000000000000000e+00
2.398000000000000000e+03,5.641715550377873001e+01,1.466927211704422795e+01,-1.455736195613792534e-02,4.627928796267657958e+02,6.760376465021589176e-03,nan,1.594583016925068568e-05,1.663188538927472493e+01,1.000000000000000000e+00,1.000000000000000000e+00,-1.000000000000000000e+00,0.000000000000000000e+00
2.398000000000000000e+03,3.509850557758921497e+01,4.928502019496638553e+01,-7.000603944726594037e-03,2.214299209864477120e+02,3.593438320787101237e-02,nan,1.810567889946427479e-05,1.279416063802373671e+01,1.000000000000000000e+00,1.000000000000000000e+00,-1.000000000000000000e+00,0.000000000000000000e+00
2.400000000000000000e+03,2.049498769215787775e+01,4.245475912029990440e+01,-7.278727393215811067e-03,2.303131878971037736e+02,5.492459489342393919e-02,nan,3.206622971659733477e-05,4.024906781550011914e+00,1.000000000000000000e+00,1.000000000000000000e+00,-1.000000000000000000e+00,0.000000000000000000e+00
2.400000000000000000e+03,6.836931928085049037e+01,3.749216159355096778e+01,-1.917859607955784296e-03,5.908699439242746365e+01,2.400599644793687260e-01,nan,1.275945825801559257e-05,2.061506671969220150e+01,1.000000000000000000e+00,1.000000000000000000e+00,-1.000000000000000000e+00,0.000000000000000000e+00
2.403000000000000000e+03,1.357020611089291720e+02,1.142021587096962065e+01,-7.565632318540431098e-03,2.394769353031023797e+02,2.611653431458649255e-02,nan,1.438744945585316211e-05,1.593819720752343549e+01,1.000000000000000000e+00,1.000000000000000000e+00,-1.000000000000000000e+00,0.000000000000000000e+00
2.405000000000000000e+03,1.056444126280701425e+02,2.360663691368068129e+01,-6.628436677991982572e-03,2.095428931800127828e+02,3.354347180469707812e-02,nan,1.438410202141496703e-05,1.772834214686672993e+01,1.000000000000000000e+00,1.000000000000000000e+00,-1.000000000000000000e+00,0.000000000000000000e+00
2.408000000000000000e+03,1.377207741958011411e+02,2.723005229323533882e+01,-6.794842855848716272e-03,2.148579088736312599e+02,3.804846711354326061e-02,nan,1.724931922923410502e-05,1.593819720752343549e+01,1.000000000000000000e+00,1.000000000000000000e+00,-1.000000000000000000e+00,0.000000000000000000e+00
2.408000000000000000e+03,4.278208801692352381e+01,1.607522694684524467e+01,1.419445852435635615e-03,-4.316765193396652478e+01,3.056602784494374392e-01,nan,1.022486216201706591e-05,2.023224660189762503e+01,1.000000000000000000e+00,1.000000000000000000e+00,-1.000000000000000000e+00,0.000000000000000000e+00
2.409000000000000000e+03,6.139331404757324151e+01,2.401034308941457596e+01,1.301871686151071308e-03,-3.941233138628483346e+01,3.547867729618290333e-01,nan,1.175737428419136567e-05,2.023224660189762503e+01,1.000000000000000000e+00,1.000000000000000000e+00,-1.000000000000000000e+00,0.000000000000000000e+00
2.410000000000000000e+03,1.019158509647610202e+02,4.093845572185175996e+01,-7.410946718970016188e-03,2.345362750470789308e+02,3.185172311807760170e-02,nan,1.695342885808894570e-05,1.772834214686672993e+01,1.000000000000000000e+00,1.000000000000000000e+00,-1.000000000000000000e+00,0.000000000000000000e+00
2.417000000000000000e+03,3.365250529097114907e+01,4.038295086023517655e+01,-8.270474857706272206e-03,2.619896160547847899e+02,1.722172566788593429e-02,nan,1.227440746849405499e-05,7.891682930700112841e+00,1.000000000000000000e+00,1.000000000000000000e+00,-1.000000000000000000e+00,0.000000000000000000e+00
2.419000000000000000e+03,5.629066804168493476e+00,3.510560914166870106e+01,-6.189835951008477999e-03,1.955339797059181137e+02,2.970187256766254613e-02,nan,1.098941033366777820e-05,2.132702174033312659e+01,1.000000000000000000e+00,1.000000000000000000e+00,-1.000000000000000000e+00,0.000000000000000000e+00
2.420000000000000000e+03,5.564998070788009699e+01,3.758673929162032579e+01,1.433297983125694178e-03,-4.361008918573190840e+01,3.675335819671871063e-01,nan,1.385783270043983726e-05,1.351308413782353313e+01,1.000000000000000000e+00,1.000000000000000000e+00,-1.000000000000000000e+00,0.000000000000000000e+00
2.422000000000000000e+03,5.560377085016655485e+01,2.407373416452339043e+01,-8.763237002320952568e-03,2.777284459803357777e+02,2.372994973057851453e-02,nan,1.803806697083242287e-05,1.351308413782353313e+01,1.000000000000000000e+00,1.000000000000000000e+00,-1.000000000000000000e+00,0.000000000000000000e+00
2.422000000000000000e+03,7.554906335481611279e+01,3.949043384490283159e+01,-1.318917402534735975e-03,3.995677181064304051e+01,3.722049935432796275e-01,nan,1.267164221383008347e-05,1.998993604646566880e+01,1.000000000000000000e+00,1.000000000000000000e+00,-1.000000000000000000e+00,0.000000000000000000e+00
2.423000000000000000e+03,9.891037172924856691e+01,3.671748058020452987e+01,-1.481638237952696792e-03,4.515407761421582933e+01,3.062175427264663963e-01,nan,1.113283879935236336e-05,2.036615764753230096e+01,1.000000000000000000e+00,1.000000000000000000e+00,-1.000000000000000000e+00,0.000000000000000000e+00
2.424000000000000000e+03,1.149995604522335526e+02,2.423075228331622455e+01,-6.637541661878866225e-03,2.098337064951926720e+02,3.637131212587230156e-02,nan,1.633829675235975776e-05,2.036615764753230096e+01,1.000000000000000000e+00,1.000000000000000000e+00,-1.000000000000000000e+00,0.000000000000000000e+00
2.424000000000000000e+03,2.533963836873397923e+01,2.696096520158241105e+01,-2.128460369776511915e-02,6.776610767816639509e+02,8.755039666129893483e-03,nan,4.341234183683892255e-05,8.702374649444770682e+00,1.000000000000000000e+00,1.000000000000000000e+00,-1.000000000000000000e+00,0.000000000000000000e+00
2.424000000000000000e+03,5.977281260354077119e+01,5.459955016222981072e+00,-1.598244909412647151e-03,4.887849636340332182e+01,3.416507822425824958e-01,nan,1.766243523152835637e-05,1.907494910407576327e+01,1.000000000000000000e+00,1.000000000000000000e+00,-1.000000000000000000e+00,0.000000000000000000e+00
2.426000000000000000e+03,3.046936813518797393e+01,1.993122857333986886e+01,-5.951434405108893717e-03,1.879194309303906891e+02,1.639020404183665347e-01,nan,8.139849639443420630e-05,6.128668749568917384e+00,1.000000000000000000e+00,1.000000000000000000e+00,-1.000000000000000000e+00,0.000000000000000000e+00
2.427000000000000000e+03,4.545661086219387670e+01,3.594989766902494210e+01,-7.268759394751364913e-03,2.299948098840103796e+02,2.430107375848544748e-02,nan,1.425950318397463065e-05,9.170653284989693788e+00,1.000000000000000000e+00,1.000000000000000000e+00,-1.000000000000000000e+00,0.000000000000000000e+00
2.429000000000000000e+03,8.485088903388695769e+01,2.708529987419410290e+01,-1.671396491935639049e-03,5.121495895229509188e+01,2.501949490025547895e-01,nan,1.002042238909245494e-05,2.608071588063283386e+01,1.000000000000000000e+00,1.000000000000000000e+00,-1.000000000000000000e+00,0.000000000000000000e+00
2.430000000000000000e+03,3.172893363619937546e+01,2.592906780014518020e+01,-6.352633295080126891e-03,2.007337291969806756e+02,3.547626499357559027e-02,nan,1.416476617143415319e-05,6.128668749568917384e+00,1.000000000000000000e+00,1.000000000000000000e+00,-1.000000000000000000e+00,0.000000000000000000e+00
2.430000000000000000e+03,1.049883197646971382e+02,7.115056546647364755e+00,-1.716996637842930530e-03,5.267142826281076395e+01,3.310570664357427306e-01,nan,1.734786164151737412e-05,3.715727525659042296e+00,1.000000000000000000e+00,1.000000000000000000e+00,-1.000000000000000000e+00,0.000000000000000000e+00
2.434000000000000000e+03,2.598094788827704349e+01,1.233585812856567721e+01,-7.069829622248085220e-03,2.236409901136099734e+02,4.160306563848970018e-02,nan,2.113624100719790793e-05,1.475854631506236103e+01,1.000000000000000000e+00,1.000000000000000000e+00,-1.000000000000000000e+00,0.000000000000000000e+00
2.440000000000000000e+03,1.043483747923244778e+02,6.394871865548941159e+00,-6.090808057988858146e-03,1.923710273907799433e+02,3.767369570349965446e-02,nan,1.384805936604441397e-05,1.777574084615607575e+01,1.000000000000000000e+00,1.000000000000000000e+00,-1.000000000000000000e+00,0.000000000000000000e+00
2.441000000000000000e+03,6.948582538463455194e+00,3.183536748954753293e+01,1.376015380768411773e-03,-4.178048204961714873e+01,3.592712298647231517e-01,nan,1.269069982446062636e-05,2.340519262057007666e+01,1.000000000000000000e+00,1.000000000000000000e+00,-1.000000000000000000e+00,0.000000000000000000e+00
2.442000000000000000e+03,4.029787948279218313e+01,4.389622821463379410e+01,-6.325495528776947131e-03,1.998669485542852442e+02,3.814475323969601650e-02,nan,1.533991199066942534e-05,2.211867677975205027e+01,1.000000000000000000e+00,1.000000000000000000e+00,-1.000000000000000000e+00,0.000000000000000000e+00
2.444000000000000000e+03,6.167808211669400009e+01,2.212166413525816822e+01,-2.057235197232103879e-02,6.549117465146031236e+02,4.540425215248888868e-03,nan,2.362482203265747866e-05,2.003340452874151723e+01,1.000000000000000000e+00,1.000000000000000000e+00,-1.000000000000000000e+00,0.000000000000000000e+00
2.444000000000000000e+03,1.035596158570359933e+02,2.415310437815289646e+01,-6.730903094225530910e-03,2.128156719756355528e+02,3.225229100660076398e-02,nan,1.550820882312217640e-05,1.524410163187722489e+01,1.000000000000000000e+00,1.000000000000000000e+00,-1.000000000000000000e+00,0.000000000000000000e+00
2.444000000000000000e+03,8.905688750105673535e+01,2.884922030471146925e+01,-1.490435819873607180e-03,4.543507250621912164e+01,3.458553072321849386e-01,nan,1.388157091892655490e-05,1.524410163187722489e+01,1.000000000000000000e+00,1.000000000000000000e+00,-1.000000000000000000e+00,0.000000000000000000e+00
2.445000000000000000e+03,1.881444644318099435e+01,1.059374491804681107e+01,-7.313659435885554345e-03,2.314289178380900012e+02,2.845723817503498232e-02,nan,1.581719721986077110e-05,1.120304817299022737e+01,1.000000000000000000e+00,1.000000000000000000e+00,-1.000000000000000000e+00,0.000000000000000000e+00
2.449000000000000000e+03,6.732730854127485998e+01,4.134205793497045534e+01,-2.014555186123252566e-03,6.217545253793019100e+01,2.761621784154952852e-01,nan,1.775959210569283211e-05,1.458982228845819584e+01,1.000000000000000000e+00,1.000000000000000000e+00,-1.000000000000000000e+00,0.000000000000000000e+00
2.450000000000000000e+03,5.696563404859194435e+01,3.107080600950023097e+01,-6.809374842887369259e-03,2.153220607468651622e+02,3.174164028215020750e-02,nan,1.512801895385584069e-05,1.458982228845819584e+01,1.000000000000000000e+00,1.000000000000000000e+00,-1.000000000000000000e+00,0.000000000000000000e+00
2.451000000000000000e+03,4.721784293356338935e+01,4.844048996817982555e+01,-7.377975562474250494e-03,2.334831758384508760e+02,2.710319367168645410e-02,nan,1.477415649225618181e-05,1.991796556997327627e+01,1.000000000000000000e+00,1.000000000000000000e+00,-1.000000000000000000e+00,0.000000000000000000e+00
2.451000000000000000e+03,4.983243126423000824e+00,2.999701334158735833e+01,-1.356303985247778870e-02,4.310342174572921863e+02,7.358043099198297021e-03,nan,1.462778495654219681e-05,1.951708146320391535e+01,1.000000000000000000e+00,1.000000000000000000e+00,-1.000000000000000000e+00,0.000000000000000000e+00
2.452000000000000000e+03,4.036884911399094022e+01,1.566496911944744674e+01,-6.507331151740036214e-03,2.056747809446173676e+02,4.973283194782363026e-02,nan,2.111454092070275552e-05,2.171589806629584274e+01,1.000000000000000000e+00,1.000000000000000000e+00,-1.000000000000000000e+00,0.000000000000000000e+00
2.452000000000000000e+03,1.865673500337523549e+01,1.607034508488435165e+01,-5.942470085840220392e-03,1.876331104451222416e+02,4.385842805868045424e-02,nan,1.542749496202558572e-05,1.951708146320391535e+01,1.000000000000000000e+00,1.000000000000000000e+00,-1.000000000000000000e+00,0.000000000000000000e+00
2.455000000000000000e+03,1.093816271204323414e+02,2.441748643651290251e+01,-6.370811216577594062e-03,2.013143322688184469e+02,3.760329343294643856e-02,nan,1.581432820251315200e-05,9.594251642376287137e+00,1.000000000000000000e+00,1.000000000000000000e+00,-1.000000000000000000e+00,0.000000000000000000e+00
2.457000000000000000e+03,1.329176223170822766e+02,1.890128332326777993e+01,-6.994306716446938715e-03,2.212287874253999860e+02,3.035907470661591834e-02,nan,1.528085662982283808e-05,8.047109073266048185e+00,1.000000000000000000e+00,1.000000000000000000e+00,-1.000000000000000000e+00,0.000000000000000000e+00
2.457000000000000000e+03,1.379084524999629195e+02,3.392600674523110627e+01,-1.247286489932579977e-03,3.766887944070681726e+01,3.594635004544765033e-01,nan,1.037918218982889560e-05,1.222537616886440048e+01,1.000000000000000000e+00,1.000000000000000000e+00,-1.000000000000000000e+00,0.000000000000000000e+00
2.458000000000000000e+03,9.174543642167159874e+01,4.457424756213577410e+01,-7.933364853945678100e-03,2.512223177276402168e+02,3.889918201540987219e-02,nan,2.426244322530600461e-05,2.678302151435637413e+01,1.000000000000000000e+00,1.000000000000000000e+00,-1.000000000000000000e+00,0.000000000000000000e+00
2.459000000000000000e+03,1.208586499107701826e+02,7.282779914726483561e+00,-7.915465235909977318e-03,2.506506036723397415e+02,3.038136556255432996e-02,nan,1.916565502478947839e-05,1.674540047148715516e+01,1.000000000000000000e+00,1.000000000000000000e+00,-1.000000000000000000e+00,0.000000000000000000e+00
2.459000000000000000e+03,9.448110218429530960e+01,4.719920851837900777e+00,-6.690317664284294551e-03,2.115193727645832098e+02,3.110594126877241905e-02,nan,1.349136117743774007e-05,2.279167056601683328e+01,1.000000000000000000e+00,1.000000000000000000e+00,-1.000000000000000000e+00,0.000000000000000000e+00
2.459000000000000000e+03,2.741980413611933898e+01,5.049779949064631523e+01,-7.039208211778349121e-03,2.226629418265595746e+02,5.085447158064559936e-02,nan,2.538547372968487969e-05,1.736304331005452184e+01,1.000000000000000000e+00,1.000000000000000000e+00,-1.000000000000000000e+00,0.000000000000000000e+00
2.463000000000000000e+03,3.775521266787107066e+01,8.187324461191819225e+00,-1.467860421737766322e-03,4.471401396784573024e+01,3.406349467267655307e-01,nan,1.338079938387345598e-05,2.103027511273459282e+01,1.000000000000000000e+00,1.000000000000000000e+00,-1.000000000000000000e+00,0.000000000000000000e+00
2.464000000000000000e+03,1.987051588971842264e+01,2.117697108121478777e+01,-6.941668515633262447e-03,2.195475225408149811e+02,3.429826475053576740e-02,nan,1.816169724501196536e-05,9.744212508537856365e+00,1.000000000000000000e+00,1.000000000000000000e+00,-1.000000000000000000e+00,0.000000000000000000e+00
2.465000000000000000e+03,1.030308763602019262e+01,2.302467073805364706e+01,-1.649915390781914702e-03,5.052885227513466049e+01,2.538592791288332151e-01,nan,1.030365826737573243e-05,9.744212508537856365e+00,1.000000000000000000e+00,1.000000000000000000e+00,-1.000000000000000000e+00,0.000000000000000000e+00
2.466000000000000000e+03,4.667803624415937236e+01,2.723084542617457160e+01,1.399407199535747165e-03,-4.252761707460225438e+01,3.408323541859699102e-01,nan,1.185064548217862751e-05,1.464626400207568402e+01,1.000000000000000000e+00,1.000000000000000000e+00,-1.000000000000000000e+00,0.000000000000000000e+00
2.468000000000000000e+03,1.086554591262241019e+02,3.549705769079923812e+01,-6.356021580287798609e-03,2.008419510748290691e+02,4.361149813290443600e-02,nan,1.764377410324246840e-05,1.380805074178108605e+01,1.000000000000000000e+00,1.000000000000000000e+00,-1.000000000000000000e+00,0.000000000000000000e+00
2.471000000000000000e+03,3.390136777491372300e+01,2.007055269155246791e+01,-1.395434039018189371e-03,4.240071427101604229e+01,3.275433603612226685e-01,nan,1.098686533238857533e-05,1.464626400207568402e+01,1.000000000000000000e+00,1.000000000000000000e+00,-1.000000000000000000e+00,0.000000000000000000e+00
2.472000000000000000e+03,6.695125410259815624e+01,5.127995046290566705e+01,-6.726735896343445827e-03,2.126825716158594730e+02,4.375958597351170543e-02,nan,1.999217322452934313e-05,2.928493682835986434e+01,1.000000000000000000e+00,1.000000000000000000e+00,-1.000000000000000000e+00,0.000000000000000000e+00
2.473000000000000000e+03,5.135565978626139128e+01,2.649316037299543325e+01,-7.552638947502391190e-03,2.390619268468680048e+02,2.515158689347118948e-02,nan,1.441228126055698288e-05,1.859844614603932911e+01,1.000000000000000000e+00,1.000000000000000000e+00,-1.000000000000000000e+00,0.000000000000000000e+00
2.474000000000000000e+03,1.325995788773055608e+02,1.931839059275335302e+01,1.587959060674965167e-03,-4.854996620805036400e+01,3.580723849500474509e-01,nan,1.733496059916880261e-05,1.036336069554613637e+01,1.000000000000000000e+00,1.000000000000000000e+00,-1.000000000000000000e+00,0.000000000000000000e+00
2.475000000000000000e+03,2.706829999109430318e+01,3.997856316552162781e+01,-6.780881059330649656e-03,2.144119688937554997e+02,3.889497470195368845e-02,nan,1.877203761449653185e-05,2.104803307603674156e+01,1.000000000000000000e+00,1.000000000000000000e+00,-1.000000000000000000e+00,0.000000000000000000e+00
2.484000000000000000e+03,5.536314444522393963e+00,3.688261684247027006e+01,-7.729546002090843457e-03,2.447123406930351450e+02,2.663738054461106675e-02,nan,1.747035858409331016e-05,1.490088975328684739e+01,1.000000000000000000e+00,1.000000000000000000e+00,-1.000000000000000000e+00,0.000000000000000000e+00
2.485000000000000000e+03,1.721275105419087836e+01,2.762533087194940151e+01,-6.527053082288896725e-03,2.063046996875735033e+02,4.041755161172189137e-02,nan,1.694131777356086191e-05,1.490088975328684739e+01,1.000000000000000000e+00,1.000000000000000000e+00,-1.000000000000000000e+00,0.000000000000000000e+00
2.487000000000000000e+03,1.129329234306480458e+02,1.753991451081885700e+01,-7.525290676446571084e-03,2.381884226793715413e+02,2.068239843555752522e-02,nan,1.141828047630731999e-05,1.294572975280178895e+01,1.000000000000000000e+00,1.000000000000000000e+00,-1.000000000000000000e+00,0.000000000000000000e+00
2.487000000000000000e+03,9.016657793951571875e+01,1.907301906345368181e+01,-6.885279362155191478e-03,2.177464521746423998e+02,2.977937058004598292e-02,nan,1.462536764584157554e-05,6.754364304689072895e+00,1.000000000000000000e+00,1.000000000000000000e+00,-1.000000000000000000e+00,0.000000000000000000e+00
2.487000000000000000e+03,1.510357571266067289e+01,5.069228825566570862e+01,-7.607873964659497487e-03,2.408261340824915067e+02,2.198196314598710455e-02,nan,1.324869426826896753e-05,1.679998549741178238e+01,1.000000000000000000e+00,1.000000000000000000e+00,-1.000000000000000000e+00,0.000000000000000000e+00
2.488000000000000000e+03,1.228597078233151620e+02,4.535499659277144957e+01,-3.309063120598111467e-03,1.035220544241357885e+02,1.014616832698052029e-01,nan,1.335492454743070104e-05,2.274316056814939202e+01,1.000000000000000000e+00,1.000000000000000000e+00,-1.000000000000000000e+00,0.000000000000000000e+00
2.490000000000000000e+03,1.248077984055899918e+02,2.269542255194099312e+01,-6.900314517695383364e-03,2.182266752569904327e+02,4.937694907949641276e-02,nan,2.435892550476388737e-05,1.294572975280178895e+01,1.000000000000000000e+00,1.000000000000000000e+00,-1.000000000000000000e+00,0.000000000000000000e+00
2.493000000000000000e+03,7.914925332854387818e+01,9.491027647170056980e+00,-6.061140963950371364e-03,1.914234599841517763e+02,4.863804103459534733e-02,nan,1.786809215974875437e-05,1.824340018815087205e+01,1.000000000000000000e+00,1.000000000000000000e+00,-1.000000000000000000e+00,0.000000000000000000e+00
2.493000000000000000e+03,8.615099315922628875e+01,2.671652863287010859e+01,1.367781435932676664e-03,-4.151748973415156030e+01,3.345583380671965923e-01,nan,1.102407205552758040e-05,1.391335391443967673e+01,1.000000000000000000e+00,1.000000000000000000e+00,-1.000000000000000000e+00,0.000000000000000000e+00
2.494000000000000000e+03,9.587824383112392468e+01,1.676856343819231299e+01,-7.291994801856559877e-03,2.307369491182763568e+02,3.868471962298347666e-02,nan,2.052915975686217114e-05,1.391335391443967673e+01,1.000000000000000000e+00,1.000000000000000000e+00,-1.000000000000000000e+00,0.000000000000000000e+00
2.494000000000000000e+03,2.829115636729783034e+01,1.517772954053733692e+01,-1.364929924361556884e-03,4.142641241390877127e+01,3.455570494905549905e-01,nan,1.199306821084764544e-05,1.344286905829790690e+01,1.000000000000000000e+00,1.000000000000000000e+00,-1.000000000000000000e+00,0.000000000000000000e+00
2.495000000000000000e+03,1.332703531755957158e+02,3.905567491260605806e+01,-1.577738746055997333e-03,4.822352921338361398e+01,3.534365027503930667e-01,nan,1.593904963156535164e-05,7.319848617374839606e+00,1.000000000000000000e+00,1.000000000000000000e+00,-1.000000000000000000e+00,0.000000000000000000e+00
2.496000000000000000e+03,1.028010439009320720e+02,3.610157422256965276e+01,-6.339060230313744299e-03,2.003002053147968695e+02,4.663815027203288555e-02,nan,1.865126548027437237e-05,8.060684287263168102e+00,1.000000000000000000e+00,1.000000000000000000e+00,-1.000000000000000000e+00,0.000000000000000000e+00
2.497000000000000000e+03,1.487712445702748099e+01,1.429768611615870100e+01,-7.456870906157585591e-03,2.360030942407073553e+02,3.670201971993636292e-02,nan,2.020196830667798539e-05,1.344286905829790690e+01,1.000000000000000000e+00,1.000000000000000000e+00,-1.000000000000000000e+00,0.000000000000000000e+00
2.501000000000000000e+03,5.114564804355126881e+01,5.090969756360127718e+00,-1.483028645437146215e-02,4.715100919921208629e+02,8.035558821124055839e-03,nan,1.874395166942373282e-05,2.536221736330388055e+01,1.000000000000000000e+00,1.000000000000000000e+00,-1.000000000000000000e+00,0.000000000000000000e+00
2.503000000000000000e+03,5.518507790157708115e+01,3.948932590084248062e+01,-1.376084786894487058e-02,4.373522083239007543e+02,1.175862534826410677e-02,nan,2.460955963524124942e-05,1.664825086677616284e+01,1.000000000000000000e+00,1.000000000000000000e+00,-1.000000000000000000e+00,0.000000000000000000e+00
2.504000000000000000e+03,1.046528795430519949e+02,7.513989249099090273e+00,-7.168315341778139400e-03,2.267866253997602541e+02,2.997388733049966003e-02,nan,1.524041684995525776e-05,1.101571990715053850e+01,1.000000000000000000e+00,1.000000000000000000e+00,-1.000000000000000000e+00,0.000000000000000000e+00
2.506000000000000000e+03,4.046725863033356063e+01,4.727071734595858743e+01,-7.284515747014804268e-03,2.304980679999828510e+02,2.285999687249629098e-02,nan,1.359338585425311026e-05,1.664825086677616284e+01,1.000000000000000000e+00,1.000000000000000000e+00,-1.000000000000000000e+00,0.000000000000000000e+00
2.508000000000000000e+03,6.404358591452411531e+01,2.348767158878423800e+01,-7.863571393202458196e-03,2.489931135962796134e+02,2.437519041575020307e-02,nan,1.546927902976208519e-05,8.568290380788333493e+00,1.000000000000000000e+00,1.000000000000000000e+00,-1.000000000000000000e+00,0.000000000000000000e+00
2.509000000000000000e+03,4.450783765853673657e+01,2.711872464871931498e+01,-6.952164064204131855e-03,2.198827505118301815e+02,4.106287239119976729e-02,nan,1.960661839755324567e-05,1.072927500463134542e+01,1.000000000000000000e+00,1.000000000000000000e+00,-1.000000000000000000e+00,0.000000000000000000e+00
2.509000000000000000e+03,1.632527945765805555e+01,2.126441365322848398e+01,-1.633343626316427315e-03,4.999954988180137150e+01,3.255980565057149390e-01,nan,1.505125390306439099e-05,1.243916115610692685e+01,1.000000000000000000e+00,1.000000000000000000e+00,-1.000000000000000000e+00,0.000000000000000000e+00
2.510000000000000000e+03,6.550908681715961279e+01,3.192970375846260467e+01,-1.794584979269292935e-03,5.514960099434229335e+01,3.640470711711744078e-01,nan,2.229088746835433015e-05,8.568290380788333493e+00,1.000000000000000000e+00,1.000000000000000000e+00,-1.000000000000000000e+00,0.000000000000000000e+00
2.512000000000000000e+03,1.014724560728194547e+02,2.082040382038022130e+01,-6.119454566881380245e-03,1.932859972932929509e+02,3.669058022269344743e-02,nan,1.586064568735421780e-05,2.392375002153234931e+01,1.000000000000000000e+00,1.000000000000000000e+00,-1.000000000000000000e+00,0.000000000000000000e+00
2.516000000000000000e+03,1.142250647853508205e+01,1.633435171732198299e+01,-8.100149980051018703e-03,2.565494370337227679e+02,1.152126909553654599e-01,nan,8.528671184760239861e-05,1.889314150518056579e+01,1.000000000000000000e+00,1.000000000000000000e+00,-1.000000000000000000e+00,0.000000000000000000e+00
2.518000000000000000e+03,1.838954262249992766e+01,3.389599182590706050e+01,-6.728984577073119679e-03,2.127543945104303873e+02,4.129817424328074971e-02,nan,1.868523593302864926e-05,1.889314150518056579e+01,1.000000000000000000e+00,1.000000000000000000e+00,-1.000000000000000000e+00,0.000000000000000000e+00
2.523000000000000000e+03,1.092258698062769611e+02,4.874406727221342805e+01,-7.273360303920284320e-03,2.301417629884724647e+02,3.055235491914432000e-02,nan,1.658314591398450183e-05,1.610832362307424148e+01,1.000000000000000000e+00,1.000000000000000000e+00,-1.000000000000000000e+00,0.000000000000000000e+00
2.525000000000000000e+03,7.703301157265721599e+01,4.395758114012553364e+01,-1.213206646552112723e-03,3.658036875717203884e+01,3.714078492496434292e-01,nan,1.059675050213083116e-05,1.899570778608563515e+01,1.000000000000000000e+00,1.000000000000000000e+00,-1.000000000000000000e+00,0.000000000000000000e+00
2.526000000000000000e+03,1.290813456961249130e+02,3.894582825491822575e+01,-1.737456773160848999e-03,5.332492527661705850e+01,2.945473874507517076e-01,nan,1.428462970903160161e-05,1.371264785223581839e+01,1.000000000000000000e+00,1.000000000000000000e+00,-1.000000000000000000e+00,0.000000000000000000e+00
2.526000000000000000e+03,1.249943852565933753e+02,5.203526924699774980e+01,-6.775340348292370994e-03,2.142349985041849152e+02,3.599819430117723318e-02,nan,1.624003804206037744e-05,1.371264785223581839e+01,1.000000000000000000e+00,1.000000000000000000e+00,-1.000000000000000000e+00,0.000000000000000000e+00
2.528000000000000000e+03,3.624111916033966452e+01,8.353560179551910991e+00,-1.471564478930527040e-03,4.483232160740062966e+01,3.319365819603918855e-01,nan,1.267022238993483728e-05,9.212983767901564036e+00,1.000000000000000000e+00,1.000000000000000000e+00,-1.000000000000000000e+00,0.000000000000000000e+00
2.529000000000000000e+03,3.349270508358517162e+01,1.714704014884253525e+01,-6.562146825999528796e-03,2.074255943621114966e+02,4.246713595464579605e-02,nan,1.712724887496687640e-05,9.212983767901564036e+00,1.000000000000000000e+00,1.000000000000000000e+00,-1.000000000000000000e+00,0.000000000000000000e+00
2.530000000000000000e+03,1.038631110646504823e+02,2.797727750911852951e+01,-7.302190368277098123e-03,2.310625956551323554e+02,2.679351051740919143e-02,nan,1.378224060532388567e-05,1.149663387151918492e+01,1.000000000000000000e+00,1.000000000000000000e+00,-1.000000000000000000e+00,0.000000000000000000e+00
2.530000000000000000e+03,1.082175810496485155e+02,3.861735182866693350e+01,-1.358394261019677147e-02,4.317018518369000617e+02,8.606864403019387488e-03,nan,1.700036069728289709e-05,1.149663387151918492e+01,1.000000000000000000e+00,1.000000000000000000e+00,-1.000000000000000000e+00,0.000000000000000000e+00
2.530000000000000000e+03,1.444491013731092437e+02,2.520312090271413297e+01,-6.277926213201789202e-03,1.983475839364984665e+02,3.548082047297862474e-02,nan,1.442868350500055503e-05,2.018971131079841541e+01,1.000000000000000000e+00,1.000000000000000000e+00,-1.000000000000000000e+00,0.000000000000000000e+00
2.531000000000000000e+03,5.473204609903116591e+01,2.832684679399936556e+01,-6.423621549102743328e-03,2.030010950427223975e+02,4.505164037544839850e-02,nan,1.952308154520161055e-05,1.555561626159778754e+01,1.000000000000000000e+00,1.000000000000000000e+00,-1.000000000000000000e+00,0.000000000000000000e+00
2.532000000000000000e+03,7.003528982397422453e+01,3.111753286969409160e+01,-7.790489201403193870e-03,2.466588673480931675e+02,1.561775829973544027e-02,nan,1.029100342807592842e-05,1.555561626159778754e+01,1.000000000000000000e+00,1.000000000000000000e+00,-1.000000000000000000e+00,0.000000000000000000e+00
2.532000000000000000e+03,1.162632300785310946e+02,2.655897948737599989e+01,-6.993842408317125017e-03,2.212139574171129084e+02,3.219466672026782827e-02,nan,1.532840653482174970e-05,1.028984630288298519e+01,1.000000000000000000e+00,1.000000000000000000e+00,-1.000000000000000000e+00,0.000000000000000000e+00
2.533000000000000000e+03,1.253030204402025873e+02,1.879593527063122949e+01,-7.260185932381474708e-03,2.297209733736625026e+02,2.734127028897692657e-02,nan,1.388869208248897050e-05,9.011509453014800997e+00,1.000000000000000000e+00,1.000000000000000000e+00,-1.000000000000000000e+00,0.000000000000000000e+00
2.534000000000000000e+03,8.788374682295327034e+01,5.481234578179049244e+00,-6.445280029523216617e-03,2.036928672161921270e+02,3.385457092131616275e-02,nan,1.389649738574787080e-05,2.720256770906387800e+01,1.000000000000000000e+00,1.000000000000000000e+00,-1.000000000000000000e+00,0.000000000000000000e+00
2.534000000000000000e+03,6.476303383539566028e+01,4.690917862408492311e+01,-1.660120476940462773e-03,5.085480287255845155e+01,3.379127284265756037e-01,nan,1.615912225623736262e-05,1.664850620449992746e+01,1.000000000000000000e+00,1.000000000000000000e+00,-1.000000000000000000e+00,0.000000000000000000e+00
2.534000000000000000e+03,4.808399305488170228e+01,4.321086424815798921e+01,1.643776489048387295e-03,-5.033277566622792421e+01,2.573780943498659157e-01,nan,1.022068659092957471e-05,1.630124488661904181e+01,1.000000000000000000e+00,1.000000000000000000e+00,-1.000000000000000000e+00,0.000000000000000000e+00
2.536000000000000000e+03,2.238792003664848806e+01,1.638019425649298455e+01,-9.132453226406116523e-03,2.895212174424668206e+02,1.425580344627619400e-02,nan,1.135178793430815223e-05,1.359723432504756246e+01,1.000000000000000000e+00,1.000000000000000000e+00,-1.000000000000000000e+00,0.000000000000000000e+00
2.537000000000000000e+03,1.125434880699177285e+02,1.696499927443457167e+01,-6.493460206394438376e-03,2.052317427524857862e+02,2.755426700413654562e-02,nan,1.174715605741937713e-05,1.028984630288298519e+01,1.000000000000000000e+00,1.000000000000000000e+00,-1.000000000000000000e+00,0.000000000000000000e+00
2.537000000000000000e+03,1.019248559337607531e+02,4.355760909702853212e+01,-7.280962093219135733e-03,2.303845642470757582e+02,2.990522374113846471e-02,nan,1.665110402096888148e-05,2.223830887728593453e+01,1.000000000000000000e+00,1.000000000000000000e+00,-1.000000000000000000e+00,0.000000000000000000e+00
2.538000000000000000e+03,4.047057033919226399e+01,1.618637155856021081e+01,-7.408978301632642566e-03,2.344734037692545030e+02,3.176514423311871393e-02,nan,1.789696685996879232e-05,1.546779800899033575e+01,1.000000000000000000e+00,1.000000000000000000e+00,-1.000000000000000000e+00,0.000000000000000000e+00
2.538000000000000000e+03,1.992347449749501109e+01,4.686512549700004371e+01,-1.658297080452937914e-03,5.079656356274612250e+01,3.164581643329434923e-01,nan,1.611589467385177526e-05,7.603799886951117415e+00,1.000000000000000000e+00,1.000000000000000000e+00,-1.000000000000000000e+00,0.000000000000000000e+00
2.541000000000000000e+03,1.481769703777187353e+01,5.085217273890003220e+00,-1.634133856305428111e-03,5.002478983891837316e+01,3.180176707730888452e-01,nan,1.465401315912994988e-05,1.359723432504756246e+01,1.000000000000000000e+00,1.000000000000000000e+00,-1.000000000000000000e+00,0.000000000000000000e+00
2.543000000000000000e+03,1.010489260919747352e+02,4.709877242495614524e+01,-7.107516831512586571e-03,2.248447201149201362e+02,3.493892761039651962e-02,nan,1.754720035908234900e-05,1.793130959255663370e+01,1.000000000000000000e+00,1.000000000000000000e+00,-1.000000000000000000e+00,0.000000000000000000e+00
2.543000000000000000e+03,1.242232726821269573e+01,4.561990946537016356e+01,-7.310320998867993886e-03,2.313222881121445482e+02,2.897558017640455841e-02,nan,1.500955985579524959e-05,7.603799886951117415e+00,1.000000000000000000e+00,1.000000000000000000e+00,-1.000000000000000000e+00,0.000000000000000000e+00
2.543000000000000000e+03,3.992391772712919362e+01,3.164450683318664304e+01,1.294625366877708321e-03,-3.918088384536449098e+01,3.598928995258354746e-01,nan,1.123038717961848424e-05,1.546779800899033575e+01,1.000000000000000000e+00,1.000000000000000000e+00,-1.000000000000000000e+00,0.000000000000000000e+00
2.544000000000000000e+03,5.594671285703253716e+01,3.443891426701988223e+01,-6.812921983748792924e-03,2.154353564765596047e+02,3.388484352865717142e-02,nan,1.561065183832006695e-05,1.363877404491399581e+01,1.000000000000000000e+00,1.000000000000000000e+00,-1.000000000000000000e+00,0.000000000000000000e+00
2.544000000000000000e+03,5.163099903859768602e+01,2.150095570758747954e+01,-6.168692157939972658e-03,1.948586466538094442e+02,5.246172831485085286e-02,nan,2.018794841303382588e-05,1.363877404491399581e+01,1.000000000000000000e+00,1.000000000000000000e+00,-1.000000000000000000e+00,0.000000000000000000e+00
2.545000000000000000e+03,1.220482535785596951e+02,3.624198948462873204e+01,-6.328795076224723488e-03,1.999723361468172413e+02,2.316982587792748571e-01,nan,1.285782788976815754e-04,3.342222114810871947e+00,1.000000000000000000e+00,1.000000000000000000e+00,-1.000000000000000000e+00,0.000000000000000000e+00
2.547000000000000000e+03,1.293902343370191659e+02,2.146207344845007370e+01,-7.513692696711465197e-03,2.378179830412504714e+02,2.824711166516169492e-02,nan,1.537351129426211345e-05,9.723260036122322703e+00,1.000000000000000000e+00,1.000000000000000000e+00,-1.000000000000000000e+00,0.000000000000000000e+00
2.547000000000000000e+03,1.190401227779988318e+02,3.478541894001102719e+01,-5.298085893973147366e-03,1.670514701682702992e+02,2.858398727540634177e-01,nan,1.184416274101219571e-04,3.342222114810871947e+00,1.000000000000000000e+00,1.000000000000000000e+00,-1.000000000000000000e+00,0.000000000000000000e+00
2.547000000000000000e+03,1.347117593583579094e+02,5.303966320025637771e+01,-7.071630447980973254e-03,2.236985085131973392e+02,3.975737894148378970e-02,nan,2.058020705473117862e-05,1.655054477314232741e+01,1.000000000000000000e+00,1.000000000000000000e+00,-1.000000000000000000e+00,0.000000000000000000e+00
2.548000000000000000e+03,7.514987363956252864e+01,1.385170863841419298e+01,-7.104237139534133605e-03,2.247399667063614856e+02,2.239650311115948256e-02,nan,1.154098606784064598e-05,1.285282178100184858e+01,1.000000000000000000e+00,1.000000000000000000e+00,-1.000000000000000000e+00,0.000000000000000000e+00
2.550000000000000000e+03,2.324676698747398262e+01,3.654121229696952611e+01,-6.821561871797533760e-03,2.157113146240371577e+02,4.081087080816270252e-02,nan,1.953345304254856560e-05,2.308887498024021667e+01,1.000000000000000000e+00,1.000000000000000000e+00,-1.000000000000000000e+00,0.000000000000000000e+00
2.553000000000000000e+03,1.383586674927851448e+02,4.579138365033742986e+01,-1.483051135199609091e-03,4.519920557242946302e+01,3.737446215417640216e-01,nan,1.566648934055702637e-05,1.674044659892670239e+01,1.000000000000000000e+00,1.000000000000000000e+00,-1.000000000000000000e+00,0.000000000000000000e+00
2.554000000000000000e+03,1.231058844169651678e+02,6.594798371088860023e+00,-8.665457516255961265e-03,2.746053678011301145e+02,2.422302093895989383e-02,nan,1.880955041833778213e-05,1.837679219691219856e+01,1.000000000000000000e+00,1.000000000000000000e+00,-1.000000000000000000e+00,0.000000000000000000e+00
2.558000000000000000e+03,3.210332044101372162e+01,9.981500574830366901e+00,-1.260655548749324041e-02,4.004840932006653702e+02,1.363726982805302246e-02,nan,2.282793226419303515e-05,1.563063488391312816e+01,1.000000000000000000e+00,1.000000000000000000e+00,-1.000000000000000000e+00,0.000000000000000000e+00
2.559000000000000000e+03,5.788215788975296050e+01,3.797410176106196644e+01,-7.357049313436753168e-03,2.328147911457946861e+02,2.853809133015272614e-02,nan,1.565815511874333186e-05,1.245921294871553187e+01,1.000000000000000000e+00,1.000000000000000000e+00,-1.000000000000000000e+00,0.000000000000000000e+00
2.559000000000000000e+03,8.105174500266998905e+01,4.230223444484580142e+01,-1.630754268032668644e-03,4.991684574129508434e+01,3.441574679386378843e-01,nan,1.684628006850950904e-05,8.843005299725449575e+00,1.000000000000000000e+00,1.000000000000000000e+00,-1.000000000000000000e+00,0.000000000000000000e+00
2.560000000000000000e+03,6.494673831657036089e+01,2.771136866044645686e+01,-7.312549737474859611e-03,2.313934740550286335e+02,2.917898678716090988e-02,nan,1.628694334025008474e-05,1.245921294871553187e+01,1.000000000000000000e+00,1.000000000000000000e+00,-1.000000000000000000e+00,0.000000000000000000e+00
2.561000000000000000e+03,7.694509259180254901e+01,5.013384658458363674e+01,1.306442462299456852e-03,-3.955832204164140364e+01,3.705861051020803432e-01,nan,1.204196828759472970e-05,8.843005299725449575e+00,1.000000000000000000e+00,1.000000000000000000e+00,-1.000000000000000000e+00,0.000000000000000000e+00
2.562000000000000000e+03,1.327791300868777853e+02,4.363019945047098247e+01,-7.352644651582488679e-03,2.326741061833610615e+02,3.748017903905187520e-02,nan,2.218770302087514314e-05,7.536236530160646652e+00,1.000000000000000000e+00,1.000000000000000000e+00,-1.000000000000000000e+00,0.000000000000000000e+00
2.562000000000000000e+03,1.252601410697768216e+02,4.312062590401976792e+01,-6.058799342979447923e-03,1.913486685769500468e+02,7.285783975971793502e-02,nan,3.232577055990894363e-05,7.536236530160646652e+00,1.000000000000000000e+00,1.000000000000000000e+00,-1.000000000000000000e+00,0.000000000000000000e+00
2.563000000000000000e+03,2.364297520092935656e+01,2.487086158037131511e+01,-7.292179502997386993e-03,2.307428484753481257e+02,4.882119423968667160e-02,nan,2.757720615246046943e-05,7.906315868400393576e+00,1.000000000000000000e+00,1.000000000000000000e+00,-1.000000000000000000e+00,0.000000000000000000e+00
2.565000000000000000e+03,7.531619266642329613e+00,1.994618329987494931e+01,-1.442793826032933574e-02,4.586590849371179957e+02,6.910030067504013829e-03,nan,1.521057484916205798e-05,1.684720291940707781e+01,1.000000000000000000e+00,1.000000000000000000e+00,-1.000000000000000000e+00,0.000000000000000000e+00
2.567000000000000000e+03,3.736362963701071749e+01,3.323063680631364036e+01,-7.327826266665495199e-03,2.318814066152137059e+02,3.120286936593152927e-02,nan,1.745076907069630480e-05,1.606680428656047965e+01,1.000000000000000000e+00,1.000000000000000000e+00,-1.000000000000000000e+00,0.000000000000000000e+00
2.568000000000000000e+03,1.108903931228020667e+02,3.856678728263150902e+01,-6.890027156844855637e-03,2.178980968047316082e+02,3.355761894457376382e-02,nan,1.587996675460791459e-05,1.117650840370606424e+01,1.000000000000000000e+00,1.000000000000000000e+00,-1.000000000000000000e+00,0.000000000000000000e+00
2.573000000000000000e+03,4.202039542217404744e+01,1.729752282197763691e+01,-6.911243327174454269e-03,2.185757415875916934e+02,2.367402695861275941e-02,nan,1.105416579148229810e-05,1.223972988614069912e+01,1.000000000000000000e+00,1.000000000000000000e+00,-1.000000000000000000e+00,0.000000000000000000e+00
2.573000000000000000e+03,2.875692785679385466e+01,3.315542070879725145e+01,-8.614387861947193567e-03,2.729742023142786707e+02,4.049496897657733907e-02,nan,3.124399849090954781e-05,7.082653311254278883e+00,1.000000000000000000e+00,1.000000000000000000e+00,-1.000000000000000000e+00,0.000000000000000000e+00
2.574000000000000000e+03,1.707217636600909572e+01,6.149421061110173170e+00,-1.409532705644502264e-03,4.285102588410087776e+01,3.597786383523933207e-01,nan,1.356989473945306348e-05,1.529070175815489030e+01,1.000000000000000000e+00,1.000000000000000000e+00,-1.000000000000000000e+00,0.000000000000000000e+00
2.575000000000000000e+03,2.926397511937226525e+01,2.609094047307339892e+01,-6.483780187796501192e-03,2.049225628204351324e+02,4.982337442941875416e-02,nan,2.214681440912849187e-05,7.082653311254278883e+00,1.000000000000000000e+00,1.000000000000000000e+00,-1.000000000000000000e+00,0.000000000000000000e+00
2.576000000000000000e+03,3.162881364226613101e+01,1.083021922641544599e+01,-7.545967243931236100e-03,2.388488325396699281e+02,2.840514903597801677e-02,nan,1.617397747459111876e-05,1.223972988614069912e+01,1.000000000000000000e+00,1.000000000000000000e+00,-1.000000000000000000e+00,0.000000000000000000e+00
2.576000000000000000e+03,5.353189481491681079e+01,4.965849891835762264e+01,1.283504273339036283e-03,-3.882567595915770653e+01,3.361033591407959209e-01,nan,9.795801159055204477e-06,2.242888211390264885e+01,1.000000000000000000e+00,1.000000000000000000e+00,-1.000000000000000000e+00,0.000000000000000000e+00
2.577000000000000000e+03,3.490642652161015036e+01,3.716263225236080103e+01,-6.083853161980482156e-03,1.921488879130988607e+02,3.751331280596659212e-02,nan,1.499866997978854078e-05,7.339896333290162111e+00,1.000000000000000000e+00,1.000000000000000000e+00,-1.000000000000000000e+00,0.000000000000000000e+00
2.578000000000000000e+03,1.389868941007923198e+01,5.349611260810981861e+01,-7.144153252146811552e-03,2.260148879123955226e+02,4.600056863864954160e-02,nan,2.382566824793204299e-05,2.518950171563916740e+01,1.000000000000000000e+00,1.000000000000000000e+00,-1.000000000000000000e+00,0.000000000000000000e+00
2.580000000000000000e+03,1.094148296032511070e+02,3.905727288666586361e+01,-1.433887653762207399e-02,4.558144522438694821e+02,1.164695963597428552e-02,nan,2.676587988204224186e-05,1.742178201477204524e+01,1.000000000000000000e+00,1.000000000000000000e+00,-1.000000000000000000e+00,0.000000000000000000e+00
2.580000000000000000e+03,1.126984572969823830e+02,2.194773526172708245e+01,-1.261214097917076876e-03,3.811372743833283039e+01,3.708269148738134735e-01,nan,1.156455530332601997e-05,1.742178201477204524e+01,1.000000000000000000e+00,1.000000000000000000e+00,-1.000000000000000000e+00,0.000000000000000000e+00
2.583000000000000000e+03,8.732161464138546592e+01,1.473700009972806235e+01,-7.874270403825569392e-03,2.493348401481446786e+02,2.335739879697074084e-02,nan,1.439453997427413750e-05,2.638141096953330589e+01,1.000000000000000000e+00,1.000000000000000000e+00,-1.000000000000000000e+00,0.000000000000000000e+00
2.585000000000000000e+03,4.705061907602231486e+01,3.010436210257166678e+01,-7.179716647226019356e-03,2.271507832583428410e+02,3.051377214369699331e-02,nan,1.774189180817993802e-05,1.231205729934668724e+01,1.000000000000000000e+00,1.000000000000000000e+00,-1.000000000000000000e+00,0.000000000000000000e+00
2.585000000000000000e+03,6.924644100736067287e+01,4.189663545070539641e+01,-6.874342532306926268e-03,2.173971296733347458e+02,2.443538449892757036e-02,nan,1.113615286773575274e-05,1.282769356915933656e+01,1.000000000000000000e+00,1.000000000000000000e+00,-1.000000000000000000e+00,0.000000000000000000e+00
2.587000000000000000e+03,3.142937481626543672e+01,1.762457566264595243e+01,-1.403757213402324899e-02,4.461907852964629342e+02,1.215182561856420485e-02,nan,2.490942554450825642e-05,1.999420770646191059e+01,1.000000000000000000e+00,1.000000000000000000e+00,-1.000000000000000000e+00,0.000000000000000000e+00
2.587000000000000000e+03,8.301865002596892396e+01,4.433472561154046332e+01,-7.136480671189252348e-03,2.257698255672036680e+02,3.659224977794883760e-02,nan,1.939323485964189217e-05,1.398635137856171617e+01,1.000000000000000000e+00,1.000000000000000000e+00,-1.000000000000000000e+00,0.000000000000000000e+00
2.588000000000000000e+03,4.970476301481352976e+01,4.456735671940598564e+01,-6.648788721494223834e-03,2.101929377396850214e+02,2.805208686971294441e-02,nan,1.543384643821697473e-05,5.884178805649096233e+00,1.000000000000000000e+00,1.000000000000000000e+00,-1.000000000000000000e+00,0.000000000000000000e+00
2.592000000000000000e+03,1.843447522749855239e+01,3.996338135520029766e+01,-6.693681245911726682e-03,2.116268056097264889e+02,4.480325340304514015e-02,nan,2.005744087107896056e-05,1.739064321500083565e+01,1.000000000000000000e+00,1.000000000000000000e+00,-1.000000000000000000e+00,0.000000000000000000e+00
2.593000000000000000e+03,5.351869772604819531e+01,4.008656859282720575e+01,-2.035635071447599621e-03,6.284874437577915529e+01,3.252708042911085506e-01,nan,2.279256051631560408e-05,5.832090262392532587e+00,1.000000000000000000e+00,1.000000000000000000e+00,-1.000000000000000000e+00,0.000000000000000000e+00
2.594000000000000000e+03,1.992241863155067350e+01,1.338485970452960494e+01,-7.929428435719249393e-03,2.510965884733565758e+02,2.416217331211645281e-02,nan,1.507651679214025290e-05,2.613558631518721498e+01,1.000000000000000000e+00,1.000000000000000000e+00,-1.000000000000000000e+00,0.000000000000000000e+00
2.594000000000000000e+03,1.277112149811491122e+02,4.697770040012435544e+01,-8.511090873524453093e-03,2.696748950310895339e+02,2.652262812423555882e-02,nan,1.892241608137588239e-05,2.755122596395827017e+01,1.000000000000000000e+00,1.000000000000000000e+00,-1.000000000000000000e+00,0.000000000000000000e+00
2.594000000000000000e+03,8.728208095008172052e+01,1.722639410158387818e+01,1.670748891653578341e-03,-5.119427459005159164e+01,3.195915646521549913e-01,nan,1.576011100816567394e-05,2.035486684406791724e+01,1.000000000000000000e+00,1.000000000000000000e+00,-1.000000000000000000e+00,0.000000000000000000e+00
2.597000000000000000e+03,6.728623231728377618e+01,1.342026198433308082e+01,-6.860500498498013980e-03,2.169550149160971273e+02,4.826400943551312217e-02,nan,2.430618827460651448e-05,2.035486684406791724e+01,1.000000000000000000e+00,1.000000000000000000e+00,-1.000000000000000000e+00,0.000000000000000000e+00
2.599000000000000000e+03,1.004189248081354009e+02,4.320928571632063608e+01,-1.416020430591002389e-02,4.501076586152040022e+02,9.086991963860202581e-03,nan,1.806750580640949079e-05,2.502506302116455217e+01,1.000000000000000000e+00,1.000000000000000000e+00,-1.000000000000000000e+00,0.000000000000000000e+00
2.600000000000000000e+03,7.745180736105265851e+01,5.314735873804698230e+01,-6.538085973979581786e-03,2.066570904054978541e+02,3.460779212388176429e-02,nan,1.483965402065736369e-05,2.502506302116455217e+01,1.000000000000000000e+00,1.000000000000000000e+00,-1.000000000000000000e+00,0.000000000000000000e+00
2.605000000000000000e+03,5.932238043258949212e+00,1.273922807817480596e+01,1.366356390290866460e-03,-4.147197375603165881e+01,3.650779641764649863e-01,nan,1.300809137016069470e-05,2.170208275250218222e+01,1.000000000000000000e+00,1.000000000000000000e+00,-1.000000000000000000e+00,0.000000000000000000e+00
2.608000000000000000e+03,1.414827347885371296e+02,5.346313440090504798e+00,-6.009587160162381016e-03,1.897768307560301935e+02,5.730390742752744515e-02,nan,2.132749595849431264e-05,2.062292562941174623e+01,1.000000000000000000e+00,1.000000000000000000e+00,-1.000000000000000000e+00,0.000000000000000000e+00
2.609000000000000000e+03,1.127143724961884459e+02,3.201847292194619143e+01,-6.914376356342138812e-03,2.186758105838830488e+02,3.163645740899856396e-02,nan,1.527608539939069503e-05,1.547987378610337217e+01,1.000000000000000000e+00,1.000000000000000000e+00,-1.000000000000000000e+00,0.000000000000000000e+00
2.609000000000000000e+03,9.052710303281581616e+01,4.323461346221613866e+01,-8.231883831446334260e-03,2.607570181257523814e+02,2.788657973107200316e-02,nan,1.901425210799244587e-05,2.486114910577132875e+01,1.000000000000000000e+00,1.000000000000000000e+00,-1.000000000000000000e+00,0.000000000000000000e+00
2.611000000000000000e+03,5.982019567809514626e+01,1.172252600613340157e+01,-6.445094280891237523e-03,2.036869344022380233e+02,5.155527436053042312e-02,nan,2.254324278318923423e-05,1.774145903098916577e+01,1.000000000000000000e+00,1.000000000000000000e+00,-1.000000000000000000e+00,0.000000000000000000e+00
2.612000000000000000e+03,6.503437379335896651e+01,2.868046559591171984e+01,-1.644933620074249224e-03,5.036973444769410690e+01,2.381161517990102450e-01,nan,9.162031253406399087e-06,1.774145903098916577e+01,1.000000000000000000e+00,1.000000000000000000e+00,-1.000000000000000000e+00,0.000000000000000000e+00
2.615000000000000000e+03,1.408040672031975760e+02,2.404255671763315050e+01,-1.870694607181260134e-03,5.758054359513828047e+01,2.653548299844803449e-01,nan,1.389544400215745001e-05,1.492549669711357829e+01,1.000000000000000000e+00,1.000000000000000000e+00,-1.000000000000000000e+00,0.000000000000000000e+00
2.617000000000000000e+03,3.533986962387510289e+01,1.413629601957454618e+01,-5.518726291248236306e-03,1.740987276034656475e+02,6.160199039220204398e-02,nan,1.943272177856282407e-05,9.435982039235865315e+00,1.000000000000000000e+00,1.000000000000000000e+00,-1.000000000000000000e+00,0.000000000000000000e+00
2.617000000000000000e+03,4.565128791495801153e+01,2.038069640576618013e+01,-1.599985160805853174e-03,4.893408001771749838e+01,3.153914467823449863e-01,nan,1.340127401128651459e-05,1.205478674040936404e+01,1.000000000000000000e+00,1.000000000000000000e+00,-1.000000000000000000e+00,0.000000000000000000e+00
2.618000000000000000e+03,7.247719640559797938e+01,2.437380004467390293e+01,-7.717785279886656830e-03,2.443367030581310075e+02,3.006818083582518675e-02,nan,1.802878283730494327e-05,2.176731313281464253e+01,1.000000000000000000e+00,1.000000000000000000e+00,-1.000000000000000000e+00,0.000000000000000000e+00
2.618000000000000000e+03,7.675985699928764916e+01,4.631611632452941052e+01,-1.458413930111547921e-02,4.636481484071813384e+02,9.940783773684236380e-03,nan,2.136712119769252109e-05,1.085782913814947293e+01,1.000000000000000000e+00,1.000000000000000000e+00,-1.000000000000000000e+00,0.000000000000000000e+00
2.618000000000000000e+03,1.124453639232826418e+01,3.827793814828379482e+01,-1.566191962076040559e-03,4.785472476841204781e+01,3.072910282395979742e-01,nan,1.222678223913698305e-05,3.410870809939823545e+01,1.000000000000000000e+00,1.000000000000000000e+00,-1.000000000000000000e+00,0.000000000000000000e+00
2.619000000000000000e+03,6.596544801018497139e+01,4.514428520648080934e+01,-2.029703723654260536e-03,6.265929704268165068e+01,3.023567397550208646e-01,nan,2.071140417941949184e-05,1.085782913814947293e+01,1.000000000000000000e+00,1.000000000000000000e+00,-1.000000000000000000e+00,0.000000000000000000e+00
2.622000000000000000e+03,4.120445950284251779e+01,6.744114839686245588e+00,-6.592107841186566411e-03,2.083825496144155522e+02,4.110639422981576807e-02,nan,1.843077089988169544e-05,9.435982039235865315e+00,1.000000000000000000e+00,1.000000000000000000e+00,-1.000000000000000000e+00,0.000000000000000000e+00
2.626000000000000000e+03,8.625691858621362940e+01,4.391528476042773832e+01,-6.132599320672071225e-03,1.937058409168056698e+02,4.278814201203662293e-02,nan,1.766763574916858245e-05,2.697171082211185222e+01,1.000000000000000000e+00,1.000000000000000000e+00,-1.000000000000000000e+00,0.000000000000000000e+00
2.627000000000000000e+03,1.385805748718634334e+02,3.081924359585356754e+01,-8.089301745158284165e-03,2.562029442565581121e+02,2.406774820144541582e-02,nan,1.591942867103891346e-05,1.761553053278601411e+01,1.000000000000000000e+00,1.000000000000000000e+00,-1.000000000000000000e+00,0.000000000000000000e+00
2.628000000000000000e+03,1.237813317171836616e+02,4.037378795967229195e+01,-8.137539299025690551e-03,2.577436524149280217e+02,3.670086278511841549e-02,nan,2.495029750027177607e-05,1.285207192123214170e+01,1.000000000000000000e+00,1.000000000000000000e+00,-1.000000000000000000e+00,0.000000000000000000e+00
2.632000000000000000e+03,4.094537441219141272e+01,4.717826684877707066e+01,-1.890522660170445169e-03,5.821385189035162711e+01,3.240125388037153886e-01,nan,1.971588258126009312e-05,3.849123984876210436e+00,1.000000000000000000e+00,1.000000000000000000e+00,-1.000000000000000000e+00,0.000000000000000000e+00
2.633000000000000000e+03,1.223695719621122464e+02,1.348590211254304272e+01,-6.770667510235669866e-03,2.140857479900214173e+02,3.190443681283583466e-02,nan,1.501946680184055410e-05,2.078094886433673949e+01,1.000000000000000000e+00,1.000000000000000000e+00,-1.000000000000000000e+00,0.000000000000000000e+00
2.634000000000000000e+03,1.016111888463299664e+02,1.251772541349294166e+01,-6.839481123647969153e-03,2.162836557836602367e+02,4.867444587046598770e-02,nan,2.306317922147354437e-05,8.564198095615576989e+00,1.000000000000000000e+00,1.000000000000000000e+00,-1.000000000000000000e+00,0.000000000000000000e+00
2.634000000000000000e+03,9.566586747686105241e+01,4.281318371314872451e+01,-1.635392407177869815e-03,5.006498797173050974e+01,2.750279756240435747e-01,nan,1.132478038726339472e-05,1.555304116314524165e+01,1.000000000000000000e+00,1.000000000000000000e+00,-1.000000000000000000e+00,0.000000000000000000e+00
2.636000000000000000e+03,6.657850717538430274e+01,8.865868627526889867e+00,-1.562613971401350006e-03,4.774044369524195730e+01,2.769736420156608814e-01,nan,1.032666851328956010e-05,3.522250478093541659e+01,1.000000000000000000e+00,1.000000000000000000e+00,-1.000000000000000000e+00,0.000000000000000000e+00
2.638000000000000000e+03,2.791351486842912877e+01,4.284886611171621240e+01,-6.608844298753299012e-03,2.089171123077510686e+02,2.674357238243642021e-01,nan,1.741383457883502158e-04,5.465838784764859071e+00,1.000000000000000000e+00,1.000000000000000000e+00,-1.000000000000000000e+00,0.000000000000000000e+00
2.639000000000000000e+03,3.083623656845418992e+01,9.821362965565269221e+00,-6.396637911154425503e-03,2.021392372618790603e+02,3.702430477140761234e-02,nan,1.710246857386358860e-05,2.427713808747332536e+01,1.000000000000000000e+00,1.000000000000000000e+00,-1.000000000000000000e+00,0.000000000000000000e+00
2.639000000000000000e+03,3.335637969307217787e+01,4.334948185428049072e+01,-7.594693770737940934e-03,2.404051585006936023e+02,1.884806540837312694e-01,nan,1.430333777815437433e-04,5.465838784764859071e+00,1.000000000000000000e+00,1.000000000000000000e+00,-1.000000000000000000e+00,0.000000000000000000e+00
2.639000000000000000e+03,1.362606784958299784e+02,5.206347515249706959e+01,1.702578248088182106e-03,-5.221090468844459309e+01,2.776296674050299229e-01,nan,1.224887276123660121e-05,3.220400069302354495e+01,1.000000000000000000e+00,1.000000000000000000e+00,-1.000000000000000000e+00,0.000000000000000000e+00
2.640000000000000000e+03,1.274140889263722016e+02,7.600872894214903752e+00,-6.480414741344435806e-03,2.048150704127664596e+02,3.391463359069846195e-02,nan,1.399927593723073454e-05,4.392781619365791812e+01,1.000000000000000000e+00,1.000000000000000000e+00,-1.000000000000000000e+00,0.000000000000000000e+00
2.640000000000000000e+03,4.263566463872589907e+01,4.272872639154941510e+01,-7.397834140221282336e-03,2.341174590948651257e+02,3.412942990872391835e-02,nan,1.888548088025958929e-05,9.300025077769751292e+00,1.000000000000000000e+00,1.000000000000000000e+00,-1.000000000000000000e+00,0.000000000000000000e+00
2.644000000000000000e+03,8.291405857132643575e+01,4.251832571091997437e+01,-1.551387392140898521e-03,4.738186659357735664e+01,3.429447910559884072e-01,nan,1.460889691966096136e-05,1.712967781458853977e+01,1.000000000000000000e+00,1.000000000000000000e+00,-1.000000000000000000e+00,0.000000000000000000e+00
2.645000000000000000e+03,8.747991052764086817e+01,2.600836332620732705e+01,-6.488662385647457620e-03,2.050785002894125171e+02,3.473008877186423149e-02,nan,1.410472572664596275e-05,1.712967781458853977e+01,1.000000000000000000e+00,1.000000000000000000e+00,-1.000000000000000000e+00,0.000000000000000000e+00
2.648000000000000000e+03,6.991660454136568603e+01,7.789274954401912865e+00,-1.642391744293990145e-03,5.028854689902667019e+01,2.701906278735739519e-01,nan,1.187186604668626151e-05,9.334496504266292405e+00,1.000000000000000000e+00,1.000000000000000000e+00,-1.000000000000000000e+00,0.000000000000000000e+00
2.651000000000000000e+03,1.370489344095774413e+02,4.712078674125392297e+01,-7.108089629424062944e-03,2.248630152883805238e+02,4.459317653378580548e-02,nan,2.424291290636387225e-05,1.974785828164552015e+01,1.000000000000000000e+00,1.000000000000000000e+00,-1.000000000000000000e+00,0.000000000000000000e+00
2.652000000000000000e+03,7.358832450497507693e+01,4.405089159140894850e+01,-1.735418872428669745e-03,5.325983469817173699e+01,2.922733464380335988e-01,nan,1.483051661777927048e-05,8.148746986914256141e+00,1.000000000000000000e+00,1.000000000000000000e+00,-1.000000000000000000e+00,0.000000000000000000e+00
2.654000000000000000e+03,7.531782287052715219e+01,5.201398853043316706e+01,-6.626534604115890889e-03,2.094821409132877363e+02,4.055776677579492340e-02,nan,1.757315585844173225e-05,8.148746986914256141e+00,1.000000000000000000e+00,1.000000000000000000e+00,-1.000000000000000000e+00,0.000000000000000000e+00
2.656000000000000000e+03,1.035807132634337080e+01,3.781006025408407112e+01,-8.422778952480589748e-03,2.668542110136617680e+02,1.805977692112747945e-02,nan,1.232435727988553636e-05,2.623575351258896760e+01,1.000000000000000000e+00,1.000000000000000000e+00,-1.000000000000000000e+00,0.000000000000000000e+00
2.657000000000000000e+03,1.396259215975884445e+02,2.883282274687844193e+01,1.413050563950334461e-03,-4.296338632855217554e+01,3.617736064667892437e-01,nan,1.500078225593614772e-05,2.032764041152563905e+01,1.000000000000000000e+00,1.000000000000000000e+00,-1.000000000000000000e+00,0.000000000000000000e+00
2.658000000000000000e+03,1.145971403169705809e+02,7.955810147353640893e+00,-6.170851110207997009e-03,1.949276036200357964e+02,3.890906186502529618e-02,nan,1.449790073624797043e-05,1.346236520139621717e+01,1.000000000000000000e+00,1.000000000000000000e+00,-1.000000000000000000e+00,0.000000000000000000e+00
2.658000000000000000e+03,7.447252047796392560e+01,1.406362151017498974e+01,-1.473737831039104856e-03,4.490173850473959050e+01,3.129969715847565892e-01,nan,1.192905401698175006e-05,3.666427622778088136e+01,1.000000000000000000e+00,1.000000000000000000e+00,-1.000000000000000000e+00,0.000000000000000000e+00
2.659000000000000000e+03,1.105155322538060574e+02,2.078451828319000683e+01,-6.438730762669773837e-03,2.034836835395036871e+02,2.633160139948120815e-02,nan,1.061500133046239313e-05,1.346236520139621717e+01,1.000000000000000000e+00,1.000000000000000000e+00,-1.000000000000000000e+00,0.000000000000000000e+00
2.659000000000000000e+03,1.292272149957651095e+02,4.629935834239611836e+01,-1.446291635264621445e-03,4.402510662033265731e+01,3.546638002991790994e-01,nan,1.388919544164384819e-05,2.032764041152563905e+01,1.000000000000000000e+00,1.000000000000000000e+00,-1.000000000000000000e+00,0.000000000000000000e+00
2.662000000000000000e+03,4.961893767027216740e+00,1.307188703378635886e+01,-7.705659435910303633e-03,2.439494034286174156e+02,2.614131201670177873e-02,nan,1.526262415248987191e-05,3.084258712893729282e+01,1.000000000000000000e+00,1.000000000000000000e+00,-1.000000000000000000e+00,0.000000000000000000e+00
2.664000000000000000e+03,6.501190326468265823e+01,5.229765014657702693e+01,-6.481760161376781335e-03,2.048580431477846275e+02,2.631151378562901488e-02,nan,1.147975034918649460e-05,2.635584335411142476e+01,1.000000000000000000e+00,1.000000000000000000e+00,-1.000000000000000000e+00,0.000000000000000000e+00
2.668000000000000000e+03,5.173601543171886163e+01,2.952966206785071890e+01,-1.524843026781935512e-03,4.653403918550182539e+01,3.343336392555312786e-01,nan,1.396647540920943406e-05,1.231474939201373964e+01,1.000000000000000000e+00,1.000000000000000000e+00,-1.000000000000000000e+00,0.000000000000000000e+00
2.669000000000000000e+03,1.135641505651594940e+02,4.996267095168669670e+01,-1.603642495192096487e-03,4.905089533016598580e+01,2.688474336454720337e-01,nan,1.131757419172434101e-05,1.611719085454448930e+01,1.000000000000000000e+00,1.000000000000000000e+00,-1.000000000000000000e+00,0.000000000000000000e+00
2.670000000000000000e+03,2.356469603483962416e+01,1.204056551788864837e+01,-6.653332877268906473e-03,2.103380781399259263e+02,3.372338635670435458e-02,nan,1.470560714513679947e-05,5.010422364302533182e+00,1.000000000000000000e+00,1.000000000000000000e+00,-1.000000000000000000e+00,0.000000000000000000e+00
2.671000000000000000e+03,6.391726222818073211e+01,2.772127077396817540e+01,-1.678323861992376794e-03,5.143621925068835310e+01,3.034360918232028581e-01,nan,1.396653216225843951e-05,1.231474939201373964e+01,1.000000000000000000e+00,1.000000000000000000e+00,-1.000000000000000000e+00,0.000000000000000000e+00
2.674000000000000000e+03,1.228548971141421191e+02,3.679278600137752875e+01,-1.996906001274481503e-03,6.161173732219130983e+01,2.215683302183133474e-01,nan,1.191268459963340364e-05,1.611719085454448930e+01,1.000000000000000000e+00,1.000000000000000000e+00,-1.000000000000000000e+00,0.000000000000000000e+00
2.675000000000000000e+03,1.109295813792902834e+02,1.973025024275998973e+01,-1.371119139968327797e-03,4.162409604864436119e+01,3.521756622093974443e-01,nan,1.222493267836774507e-05,8.792881882337507449e+00,1.000000000000000000e+00,1.000000000000000000e+00,-1.000000000000000000e+00,0.000000000000000000e+00
2.676000000000000000e+03,1.021558374171160892e+02,2.031006804427271462e+01,-1.715074753128350508e-03,5.261004323762190182e+01,2.561405908444940316e-01,nan,1.134622020117874238e-05,8.302093799665787088e+00,1.000000000000000000e+00,1.000000000000000000e+00,-1.000000000000000000e+00,0.000000000000000000e+00
2.677000000000000000e+03,6.167894089693502480e+01,8.409800562717194339e+00,-6.071796556593750220e-03,1.917637997651250714e+02,1.031000987392898249e-01,nan,4.545194652177230582e-05,1.056069872013292432e+01,1.000000000000000000e+00,1.000000000000000000e+00,-1.000000000000000000e+00,0.000000000000000000e+00
2.677000000000000000e+03,1.325813029356177140e+02,2.070313265803305924e+01,-7.161647466548087641e-03,2.265736533698316180e+02,2.772565558199346913e-02,nan,1.376028470148566548e-05,1.880106153686621795e+01,1.000000000000000000e+00,1.000000000000000000e+00,-1.000000000000000000e+00,0.000000000000000000e+00
2.678000000000000000e+03,8.321588930615337176e+01,2.306666201076994227e+01,-6.549413461546945217e-03,2.070188905199241276e+02,3.784669978819976688e-02,nan,1.690523114479366209e-05,1.639282553655124275e+01,1.000000000000000000e+00,1.000000000000000000e+00,-1.000000000000000000e+00,0.000000000000000000e+00
2.678000000000000000e+03,7.597356489714459826e+01,4.391417183096663734e+01,-8.019482698217630934e-03,2.539729229016866157e+02,2.313883869997668263e-02,nan,1.612188233915620321e-05,2.206966081634518062e+01,1.000000000000000000e+00,1.000000000000000000e+00,-1.000000000000000000e+00,0.000000000000000000e+00
2.679000000000000000e+03,5.397988883779763114e+01,1.835418280910151267e+01,-8.370536887883450392e-03,2.651855987254816682e+02,2.618099565293863229e-02,nan,1.926238949951797900e-05,1.257641208260572974e+01,1.000000000000000000e+00,1.000000000000000000e+00,-1.000000000000000000e+00,0.000000000000000000e+00
2.681000000000000000e+03,7.188424404164337034e+01,5.693158300286759399e+00,-6.032275273004527975e-03,1.905014894037302611e+02,3.990195543510977050e-02,nan,1.487986289794992291e-05,1.056069872013292432e+01,1.000000000000000000e+00,1.000000000000000000e+00,-1.000000000000000000e+00,0.000000000000000000e+00
2.683000000000000000e+03,4.037518580686793968e+01,4.138847312557589930e+01,-1.874972100444820353e-03,5.771716679097144720e+01,3.370614391930789600e-01,nan,2.030443821835935996e-05,2.675194338629276558e+01,1.000000000000000000e+00,1.000000000000000000e+00,-1.000000000000000000e+00,0.000000000000000000e+00
2.685000000000000000e+03,1.396069219751573485e+02,2.543621903246711469e+01,-6.311346064843664956e-03,1.994150144744914712e+02,3.818272996423244248e-02,nan,1.524451328239111324e-05,1.480092475180949840e+01,1.000000000000000000e+00,1.000000000000000000e+00,-1.000000000000000000e+00,0.000000000000000000e+00
2.688000000000000000e+03,8.509490948556282319e+01,1.771166723807042587e+01,-7.134065804662000423e-03,2.256926946958883775e+02,1.693888980220895624e-01,nan,1.068379820514934233e-04,5.462118584362981366e+00,1.000000000000000000e+00,1.000000000000000000e+00,-1.000000000000000000e+00,0.000000000000000000e+00
2.689000000000000000e+03,1.274256054749576350e+02,3.384353143481599346e+01,-6.592862191981110377e-03,2.084066435895499865e+02,4.097991014161894707e-02,nan,1.762171947212065698e-05,1.480092475180949840e+01,1.000000000000000000e+00,1.000000000000000000e+00,-1.000000000000000000e+00,0.000000000000000000e+00
2.690000000000000000e+03,7.969254539155220129e+01,1.851739772985304100e+01,-6.959186308386921052e-03,2.201070410911623867e+02,1.727314216559648896e-01,nan,1.072736354882971991e-04,5.462118584362981366e+00,1.000000000000000000e+00,1.000000000000000000e+00,-1.000000000000000000e+00,0.000000000000000000e+00
2.690000000000000000e+03,8.277896785986990835e+01,5.256281726237610741e+01,-6.116028667833457722e-03,1.931765740288505810e+02,3.439701420496910078e-02,nan,1.301823786932047934e-05,1.941972884947887223e+01,1.000000000000000000e+00,1.000000000000000000e+00,-1.000000000000000000e+00,0.000000000000000000e+00
2.691000000000000000e+03,1.019439661369759733e+02,4.942773997053726021e+01,-7.494311290513626204e-03,2.371989406509216849e+02,2.922871558802708769e-02,nan,1.687430976607316545e-05,1.941972884947887223e+01,1.000000000000000000e+00,1.000000000000000000e+00,-1.000000000000000000e+00,0.000000000000000000e+00
2.692000000000000000e+03,2.139864204534701386e+01,3.278296500319419238e+01,3.242803247335280560e-03,-1.014057131272861199e+02,1.311707113368335564e-01,nan,1.571814146027890631e-05,2.906113261903065492e+01,1.000000000000000000e+00,1.000000000000000000e+00,-1.000000000000000000e+00,0.000000000000000000e+00
2.693000000000000000e+03,1.242401473120405910e+02,7.965734029933913440e+00,-6.923454207778395077e-03,2.189657572882030081e+02,4.007750792688713481e-02,nan,1.972202706172211764e-05,1.200088172255926189e+01,1.000000000000000000e+00,1.000000000000000000e+00,-1.000000000000000000e+00,0.000000000000000000e+00
2.694000000000000000e+03,4.356707541312196241e+01,1.399174388482592057e+01,-6.626934518627543812e-03,2.094949141884925154e+02,3.361405861856203714e-02,nan,1.483828245110798131e-05,2.349601532426740036e+01,1.000000000000000000e+00,1.000000000000000000e+00,-1.000000000000000000e+00,0.000000000000000000e+00
2.694000000000000000e+03,1.101161257933829773e+02,2.303212240328095461e+01,-1.466216673404121401e-02,4.661403457274640232e+02,2.119374765557724416e-02,nan,4.886777439935731398e-05,9.155919930979676380e+00,1.000000000000000000e+00,1.000000000000000000e+00,-1.000000000000000000e+00,0.000000000000000000e+00
2.695000000000000000e+03,1.145208155413577629e+02,1.500531868034137517e+01,-7.058230512520425812e-03,2.232705143835106298e+02,8.626272950009528095e-02,nan,4.969975332344569004e-05,9.155919930979676380e+00,1.000000000000000000e+00,1.000000000000000000e+00,-1.000000000000000000e+00,0.000000000000000000e+00
2.696000000000000000e+03,1.262553639229139577e+02,4.261004801772603656e+01,-1.869905068690038514e-03,5.755532572447020812e+01,2.596256680471067391e-01,nan,1.345321532208826221e-05,1.481713330199078626e+01,1.000000000000000000e+00,1.000000000000000000e+00,-1.000000000000000000e+00,0.000000000000000000e+00
2.697000000000000000e+03,8.316831312947465449e+01,1.656367305015530178e+01,-1.275806019453838919e-03,3.857979362029099946e+01,3.745110775907528611e-01,nan,1.191560999959849681e-05,1.913574575672843281e+01,1.000000000000000000e+00,1.000000000000000000e+00,-1.000000000000000000e+00,0.000000000000000000e+00
2.698000000000000000e+03,4.478895721310863820e+01,3.745596645846065798e+01,-7.003795322268696263e-03,2.215318536306500050e+02,2.125704984315479606e-02,nan,1.087475207580451735e-05,1.337725756113011855e+01,1.000000000000000000e+00,1.000000000000000000e+00,-1.000000000000000000e+00,0.000000000000000000e+00
2.698000000000000000e+03,1.390452610716504296e+02,5.009108873501310910e+01,-7.852213894275466427e-03,2.486303549185988686e+02,3.166745639353230057e-02,nan,2.395850939078319610e-05,1.481713330199078626e+01,1.000000000000000000e+00,1.000000000000000000e+00,-1.000000000000000000e+00,0.000000000000000000e+00
2.699000000000000000e+03,1.215113115971339681e+02,2.545765378562960279e+01,-7.779802299584460262e-03,2.463175275516125851e+02,2.743779858204453692e-02,nan,1.655578374844552056e-05,1.165047046212152893e+01,1.000000000000000000e+00,1.000000000000000000e+00,-1.000000000000000000e+00,0.000000000000000000e+00
2.702000000000000000e+03,3.692487577625020378e+01,1.621443074701047848e+01,-1.762864575843266571e-03,5.413645085659687339e+01,2.274598834128180869e-01,nan,9.897869107924857896e-06,2.265053236077145016e+01,1.000000000000000000e+00,1.000000000000000000e+00,-1.000000000000000000e+00,0.000000000000000000e+00
2.703000000000000000e+03,1.184014431416385982e+01,1.499561751008589816e+01,-1.539225080753534904e-03,4.699340219443608646e+01,3.432935641615442179e-01,nan,1.487225359000561190e-05,1.346438174217547612e+01,1.000000000000000000e+00,1.000000000000000000e+00,-1.000000000000000000e+00,0.000000000000000000e+00
2.704000000000000000e+03,1.440853661882326833e+02,2.263375850361172326e+01,1.538557177593075304e-03,-4.697206935796701543e+01,3.476806194195637412e-01,nan,1.450546254285465554e-05,2.274999615924600249e+01,1.000000000000000000e+00,1.000000000000000000e+00,-1.000000000000000000e+00,0.000000000000000000e+00
2.706000000000000000e+03,1.114331985603241861e+02,2.187633850486887255e+01,-6.519683098176568513e-03,2.060693022899332050e+02,3.415175879507004186e-02,nan,1.456832078439664174e-05,8.712398736885916151e+00,1.000000000000000000e+00,1.000000000000000000e+00,-1.000000000000000000e+00,0.000000000000000000e+00
2.708000000000000000e+03,1.240247434873451766e+02,4.000911801218556008e+01,-1.556080379362269729e-03,4.753176067234776525e+01,3.724003311889937384e-01,nan,1.799229492428674045e-05,1.471117588718576386e+01,1.000000000000000000e+00,1.000000000000000000e+00,-1.000000000000000000e+00,0.000000000000000000e+00
2.710000000000000000e+03,1.091048642738710299e+02,3.792150130602630043e+01,-1.971097029225785634e-03,6.078739838693207531e+01,2.667246768726521111e-01,nan,1.581956075770936973e-05,1.380683710647839746e+01,1.000000000000000000e+00,1.000000000000000000e+00,-1.000000000000000000e+00,0.000000000000000000e+00
2.710000000000000000e+03,1.061056510021397337e+01,5.165613005879994546e+01,-1.398819024488741044e-03,4.250883075521377918e+01,3.382491755841817715e-01,nan,1.214102490121245779e-05,8.666688220573671941e+00,1.000000000000000000e+00,1.000000000000000000e+00,-1.000000000000000000e+00,0.000000000000000000e+00
2.711000000000000000e+03,8.132255394127443537e+01,8.207796514357694306e+00,-1.757178723536692664e-03,5.395484465284730646e+01,2.381568222702024062e-01,nan,1.150065595591537353e-05,1.531344767689101083e+01,1.000000000000000000e+00,1.000000000000000000e+00,-1.000000000000000000e+00,0.000000000000000000e+00
2.712000000000000000e+03,8.774894582189939740e+01,4.874356344856464318e+01,-7.494645495145078884e-03,2.372096151516159068e+02,2.618749768623529484e-02,nan,1.647319400639167710e-05,1.695225352064773006e+01,1.000000000000000000e+00,1.000000000000000000e+00,-1.000000000000000000e+00,0.000000000000000000e+00
2.712000000000000000e+03,1.140424563463087537e+02,5.081525698119825307e+01,-6.849377356915691689e-03,2.165997416153469715e+02,3.666880642496839204e-02,nan,1.718515279361477183e-05,1.380683710647839746e+01,1.000000000000000000e+00,1.000000000000000000e+00,-1.000000000000000000e+00,0.000000000000000000e+00
2.713000000000000000e+03,8.480050561170570234e+01,2.312106349148323048e+01,-1.392682938292085643e-03,4.231284407459487795e+01,3.475584885014305625e-01,nan,1.284397504550767277e-05,1.531344767689101083e+01,1.000000000000000000e+00,1.000000000000000000e+00,-1.000000000000000000e+00,0.000000000000000000e+00
2.714000000000000000e+03,1.224193409856358130e+02,2.315671276567337600e+01,-8.204817760047543665e-03,2.598925274193254609e+02,1.793188929833877676e-02,nan,1.162958620140576079e-05,1.478617885569732948e+01,1.000000000000000000e+00,1.000000000000000000e+00,-1.000000000000000000e+00,0.000000000000000000e+00
2.714000000000000000e+03,3.836319415323769988e+01,4.656264688568148813e+01,-1.347912007948901892e-03,4.088285992102102995e+01,3.386147922517370734e-01,nan,1.101584246151137012e-05,1.400175720989063599e+01,1.000000000000000000e+00,1.000000000000000000e+00,-1.000000000000000000e+00,0.000000000000000000e+00
2.715000000000000000e+03,3.170213999563690521e+01,2.781215966503718917e+01,-6.721579869416036655e-03,2.125178880422755014e+02,2.826207053088780619e-02,nan,1.315692208155105775e-05,1.290662849015927627e+01,1.000000000000000000e+00,1.000000000000000000e+00,-1.000000000000000000e+00,0.000000000000000000e+00
2.716000000000000000e+03,2.437422867809982918e+01,1.718752909709257182e+01,-1.385679764607401819e-03,4.208916260724409142e+01,3.635236455163763925e-01,nan,1.333470085472739581e-05,1.290662849015927627e+01,1.000000000000000000e+00,1.000000000000000000e+00,-1.000000000000000000e+00,0.000000000000000000e+00
2.717000000000000000e+03,2.139147912839498034e+01,5.113911253838758597e+01,-3.273090824216298711e-03,1.023730987647525410e+02,1.657961485211190134e-01,nan,2.163312022251044525e-05,6.623232769803269804e+00,1.000000000000000000e+00,1.000000000000000000e+00,-1.000000000000000000e+00,0.000000000000000000e+00
2.719000000000000000e+03,2.922674733631950872e+01,5.099722300095224981e+00,-1.463121783699858000e-03,4.456266180134416999e+01,3.233639200658936508e-01,nan,1.192791608835397813e-05,1.302543705561949139e+01,1.000000000000000000e+00,1.000000000000000000e+00,-1.000000000000000000e+00,0.000000000000000000e+00
2.719000000000000000e+03,1.273250722650709861e+02,9.208061011233375837e+00,-1.203751344426263635e-03,3.627836627244423084e+01,3.647447174357537625e-01,nan,1.005294713749087436e-05,1.478617885569732948e+01,1.000000000000000000e+00,1.000000000000000000e+00,-1.000000000000000000e+00,0.000000000000000000e+00
2.725000000000000000e+03,1.334897526431566916e+02,1.272843626682020002e+01,-1.956712049974341713e-03,6.032794194451786751e+01,2.422622292700403746e-01,nan,1.316042009985804224e-05,2.985374175164843535e+01,1.000000000000000000e+00,1.000000000000000000e+00,-1.000000000000000000e+00,0.000000000000000000e+00
2.726000000000000000e+03,1.330115480052965182e+01,1.707749165271901148e+01,-6.556782691476078367e-03,2.072542638289424133e+02,4.972136966298168481e-02,nan,2.228945741368333896e-05,1.986146511574769136e+01,1.000000000000000000e+00,1.000000000000000000e+00,-1.000000000000000000e+00,0.000000000000000000e+00
2.726000000000000000e+03,1.301060053619141854e+02,4.312157400299438592e+01,-7.222849099494101262e-03,2.285284343988340083e+02,2.281224461133346537e-02,nan,1.198813877028564013e-05,9.924237169130883274e+00,1.000000000000000000e+00,1.000000000000000000e+00,-1.000000000000000000e+00,0.000000000000000000e+00
2.726000000000000000e+03,1.308433705848840702e+02,5.301838035237364011e+01,-7.738882394542222556e-03,2.450105452010647866e+02,4.121537667291907958e-02,nan,2.428521801978397076e-05,9.924237169130883274e+00,1.000000000000000000e+00,1.000000000000000000e+00,-1.000000000000000000e+00,0.000000000000000000e+00
2.727000000000000000e+03,1.158731933565345713e+02,4.756528407774850820e+01,-7.675782951828058996e-03,2.429951481010058103e+02,2.538480996263248191e-02,nan,1.549137295308460849e-05,8.472442538254846056e+00,1.000000000000000000e+00,1.000000000000000000e+00,-1.000000000000000000e+00,0.000000000000000000e+00
2.727000000000000000e+03,1.036418184295916376e+02,1.331726540741173537e+01,-1.729068239780808328e-03,5.305699540084199128e+01,3.079709754880078920e-01,nan,1.480040281299587043e-05,1.535941429360432942e+01,1.000000000000000000e+00,1.000000000000000000e+00,-1.000000000000000000e+00,0.000000000000000000e+00
2.729000000000000000e+03,1.060136189012523857e+02,2.849244810697772223e+01,-1.453887359893270195e-03,4.426771417328318137e+01,2.761881700613080248e-01,nan,1.071323934248524905e-05,1.464239498542228191e+01,1.000000000000000000e+00,1.000000000000000000e+00,-1.000000000000000000e+00,0.000000000000000000e+00
2.731000000000000000e+03,1.161111685454276312e+02,3.909618433967117568e+01,-1.634516596564459211e-03,5.003701456824952487e+01,3.399020548519343654e-01,nan,1.720183272454521638e-05,8.472442538254846056e+00,1.000000000000000000e+00,1.000000000000000000e+00,-1.000000000000000000e+00,0.000000000000000000e+00
2.733000000000000000e+03,1.180570819461924401e+02,8.670100328768848286e+00,-1.300751189961243427e-02,4.132906467212035864e+02,7.472320763817874578e-03,nan,1.249950941797070070e-05,1.894663149402112623e+01,1.000000000000000000e+00,1.000000000000000000e+00,-1.000000000000000000e+00,0.000000000000000000e+00
2.733000000000000000e+03,1.291369148649671956e+02,4.782142145996142801e+01,-2.577578143389304844e-03,8.015841382145232785e+01,2.218205167159730262e-01,nan,2.046421665983318063e-05,1.567800465576820201e+01,1.000000000000000000e+00,1.000000000000000000e+00,-1.000000000000000000e+00,0.000000000000000000e+00
2.736000000000000000e+03,1.227680741363719221e+02,3.141623368180404086e+01,-1.307572597175727172e-02,4.154694051582105203e+02,8.335513766917768130e-03,nan,1.610453079646875655e-05,9.281616622419459617e+00,1.000000000000000000e+00,1.000000000000000000e+00,-1.000000000000000000e+00,0.000000000000000000e+00
2.737000000000000000e+03,1.369196419438624730e+02,1.045298431392644645e+01,-1.567482477342290728e-03,4.789594384441822683e+01,3.369224517357346516e-01,nan,1.424738865025399074e-05,1.894663149402112623e+01,1.000000000000000000e+00,1.000000000000000000e+00,-1.000000000000000000e+00,0.000000000000000000e+00
2.739000000000000000e+03,9.194013113199694942e+01,2.454964115762837906e+01,-6.571607135415025690e-03,2.077277567797420375e+02,2.977097314334031797e-02,nan,1.250614476318992539e-05,1.482846698833701815e+01,1.000000000000000000e+00,1.000000000000000000e+00,-1.000000000000000000e+00,0.000000000000000000e+00
2.740000000000000000e+03,1.136957765672897409e+02,2.945617655416750935e+01,-6.680478922880960131e-03,2.112051232238648311e+02,3.049993370477588339e-02,nan,1.450161766314542837e-05,9.281616622419459617e+00,1.000000000000000000e+00,1.000000000000000000e+00,-1.000000000000000000e+00,0.000000000000000000e+00
2.740000000000000000e+03,6.649149761113469026e+01,1.696463502220322184e+01,-7.455919711639157413e-03,2.359727130742251688e+02,2.893461999470825496e-02,nan,1.621922771797980296e-05,1.326016845906043784e+01,1.000000000000000000e+00,1.000000000000000000e+00,-1.000000000000000000e+00,0.000000000000000000e+00
2.742000000000000000e+03,8.886495618974630872e+01,4.252793980033888488e+01,-7.358761660257066156e-03,2.328694835276527328e+02,2.494809922520024870e-02,nan,1.395822358883114944e-05,1.642218017398594654e+01,1.000000000000000000e+00,1.000000000000000000e+00,-1.000000000000000000e+00,0.000000000000000000e+00
2.744000000000000000e+03,1.149693385669632484e+01,2.939711972244373683e+01,-7.551557797598282100e-03,2.390273949035140504e+02,2.734533472515354724e-02,nan,1.683418033739005596e-05,2.193488395091952370e+01,1.000000000000000000e+00,1.000000000000000000e+00,-1.000000000000000000e+00,0.000000000000000000e+00
2.744000000000000000e+03,1.404153808591526058e+02,4.704405231303559987e+01,-1.625576897636016403e-03,4.975148045699912558e+01,2.783121766721224910e-01,nan,1.134980764897971891e-05,7.896662336072151511e+00,1.000000000000000000e+00,1.000000000000000000e+00,-1.000000000000000000e+00,0.000000000000000000e+00
2.746000000000000000e+03,2.590153476700032442e+01,4.593938699616338539e+01,-6.623325797732153991e-03,2.093796515916351098e+02,4.051622182735026279e-02,nan,1.785964067493744527e-05,2.193488395091952370e+01,1.000000000000000000e+00,1.000000000000000000e+00,-1.000000000000000000e+00,0.000000000000000000e+00
2.747000000000000000e+03,1.007735513653928194e+02,8.117727955487278990e+00,1.196026312859637059e-03,-3.603162865405083437e+01,3.718834242645924215e-01,nan,1.031340125594909725e-05,1.829410959348958343e+01,1.000000000000000000e+00,1.000000000000000000e+00,-1.000000000000000000e+00,0.000000000000000000e+00
2.750000000000000000e+03,1.189033680824416876e+02,1.060636361825263485e+01,-1.610870599671686363e-03,4.928176109031348062e+01,3.443536940048123052e-01,nan,1.598981898126435212e-05,1.829982408811003225e+01,1.000000000000000000e+00,1.000000000000000000e+00,-1.000000000000000000e+00,0.000000000000000000e+00
2.751000000000000000e+03,8.816682146723438507e+01,2.137460568342479661e+01,-7.569583871559445662e-03,2.396031479628770171e+02,2.772125123074908881e-02,nan,1.608539593406518940e-05,1.016659341180620402e+01,1.000000000000000000e+00,1.000000000000000000e+00,-1.000000000000000000e+00,0.000000000000000000e+00
2.752000000000000000e+03,1.792384420260738764e+01,1.583609762871324378e+01,-6.444661961625241207e-03,2.036731261187174482e+02,4.033045584614858292e-02,nan,1.673258309461402390e-05,1.163239417043158497e+01,1.000000000000000000e+00,1.000000000000000000e+00,-1.000000000000000000e+00,0.000000000000000000e+00
2.753000000000000000e+03,1.395109535543875836e+02,1.058507609064995769e+01,-3.250867320708329417e-03,1.016632797458112236e+02,1.142435292799904856e-01,nan,1.386654971748615367e-05,2.060759646689508884e+01,1.000000000000000000e+00,1.000000000000000000e+00,-1.000000000000000000e+00,0.000000000000000000e+00
2.755000000000000000e+03,1.165132952602942851e+02,5.191107467516030027e+01,-6.491549067592733598e-03,2.051707009519073779e+02,5.193627084315222131e-02,nan,2.236383636877099551e-05,1.727163353819469549e+01,1.000000000000000000e+00,1.000000000000000000e+00,-1.000000000000000000e+00,0.000000000000000000e+00
2.756000000000000000e+03,2.708655215462442811e+01,4.507724368611282983e+01,-1.434682598978652759e-03,4.365431383581938007e+01,3.513187286961620970e-01,nan,1.324473667618886216e-05,1.078592711311685370e+01,1.000000000000000000e+00,1.000000000000000000e+00,-1.000000000000000000e+00,0.000000000000000000e+00
2.758000000000000000e+03,5.454851449393846252e+01,1.949022811147394663e+01,-1.552516758643130617e-03,4.741793857576288929e+01,3.408350350518344341e-01,nan,1.542712531462277017e-05,2.553170758388311867e+01,1.000000000000000000e+00,1.000000000000000000e+00,-1.000000000000000000e+00,0.000000000000000000e+00
2.758000000000000000e+03,9.924520513724621651e+01,5.156123388282532005e+01,-1.228512091810819978e-03,3.706922489698365553e+01,3.492227107737493341e-01,nan,9.604493966886015559e-06,1.727163353819469549e+01,1.000000000000000000e+00,1.000000000000000000e+00,-1.000000000000000000e+00,0.000000000000000000e+00
2.763000000000000000e+03,1.210285666694608722e+02,1.650680851801049798e+01,-1.431396397640855933e-03,4.354935251823045661e+01,3.569510546349643487e-01,nan,1.401812925830664427e-05,1.462491296987126432e+01,1.000000000000000000e+00,1.000000000000000000e+00,-1.000000000000000000e+00,0.000000000000000000e+00
2.764000000000000000e+03,7.262833958336788953e+01,1.078933141101726179e+01,-1.411127033517752850e-02,4.485447068922325684e+02,7.324211133667879459e-03,nan,1.494680176893094452e-05,2.959259378524488326e+01,1.000000000000000000e+00,1.000000000000000000e+00,-1.000000000000000000e+00,0.000000000000000000e+00
2.764000000000000000e+03,2.152888767805817238e+01,4.091571752261338446e+01,-1.458900890120353030e-03,4.442784640022681231e+01,3.497660733497693908e-01,nan,1.309290670015243267e-05,6.644314664480809540e+00,1.000000000000000000e+00,1.000000000000000000e+00,-1.000000000000000000e+00,0.000000000000000000e+00
2.767000000000000000e+03,4.345964341963375688e+01,5.798462644331878302e+00,-6.707691870574572501e-03,2.120743051612427337e+02,4.046227758037157507e-02,nan,1.786124878354096248e-05,2.959259378524488326e+01,1.000000000000000000e+00,1.000000000000000000e+00,-1.000000000000000000e+00,0.000000000000000000e+00
2.767000000000000000e+03,1.424087283673878517e+02,9.977359976363656457e+00,-2.951711880955636656e-03,9.210825073429334964e+01,2.547754874263020719e-01,nan,3.240536134038535314e-05,2.235497735376884521e+01,1.000000000000000000e+00,1.000000000000000000e+00,-1.000000000000000000e+00,0.000000000000000000e+00
2.770000000000000000e+03,1.239899538650469140e+02,2.278233038787054099e+01,-7.786658775109878312e-03,2.465365234776645877e+02,1.946902522491311682e-02,nan,1.132323921508010551e-05,1.508871284895608333e+01,1.000000000000000000e+00,1.000000000000000000e+00,-1.000000000000000000e+00,0.000000000000000000e+00
2.770000000000000000e+03,9.269853225082101744e+01,3.305966165305522253e+01,-1.500396415836059575e-03,4.575321408329329387e+01,3.409753163399523723e-01,nan,1.361715883655493195e-05,1.931013976665838427e+01,1.000000000000000000e+00,1.000000000000000000e+00,-1.000000000000000000e+00,0.000000000000000000e+00
2.771000000000000000e+03,1.119743535635540610e+02,3.190891818578369410e+01,-7.157118517387045173e-03,2.264289986690472176e+02,4.028437758886360687e-02,nan,2.042995630776393485e-05,1.508871284895608333e+01,1.000000000000000000e+00,1.000000000000000000e+00,-1.000000000000000000e+00,0.000000000000000000e+00
2.773000000000000000e+03,3.855596291138014209e+01,3.549678232728713567e+01,-6.083115881429961187e-03,1.921253391618019464e+02,3.887953681021028007e-02,nan,1.456701837581797875e-05,1.597028155000615257e+01,1.000000000000000000e+00,1.000000000000000000e+00,-1.000000000000000000e+00,0.000000000000000000e+00
2.774000000000000000e+03,1.678655209765585710e+01,1.687298939917063478e+01,-7.416693023033520647e-03,2.347198120808068893e+02,2.199142309589730004e-02,nan,1.210504396161578771e-05,2.864878549268813401e+01,1.000000000000000000e+00,1.000000000000000000e+00,-1.000000000000000000e+00,0.000000000000000000e+00
2.777000000000000000e+03,1.115197985373058316e+02,2.448571061692362250e+01,-7.231629133511016314e-03,2.288088688105334541e+02,2.421525768824817071e-02,nan,1.305246423722382903e-05,1.678242864476595031e+01,1.000000000000000000e+00,1.000000000000000000e+00,-1.000000000000000000e+00,0.000000000000000000e+00
2.777000000000000000e+03,6.785080592851501535e+01,4.925414559067150755e+00,-1.967441389489814427e-03,6.067063720163743312e+01,2.288912498960820052e-01,nan,1.209921897451727427e-05,2.724821776462108502e+01,1.000000000000000000e+00,1.000000000000000000e+00,-1.000000000000000000e+00,0.000000000000000000e+00
2.778000000000000000e+03,9.477810690738762389e+01,2.565433056600342354e+01,-6.775014165162878375e-03,2.142245802103777237e+02,3.725730011891259519e-02,nan,1.888361110949404498e-05,1.678242864476595031e+01,1.000000000000000000e+00,1.000000000000000000e+00,-1.000000000000000000e+00,0.000000000000000000e+00
2.778000000000000000e+03,2.166482781221402476e+01,5.079191839454190216e+01,3.964617897893488868e-03,-1.244604833588551145e+02,2.048403917170878996e-01,nan,4.128131382598945336e-05,2.278709354556037070e+01,1.000000000000000000e+00,1.000000000000000000e+00,-1.000000000000000000e+00,0.000000000000000000e+00
2.778000000000000000e+03,5.223547046789904869e+01,2.725536462172160412e+01,1.323874423409271894e-03,-4.011509912806052114e+01,3.564782107342724382e-01,nan,1.150772997341182418e-05,1.597028155000615257e+01,1.000000000000000000e+00,1.000000000000000000e+00,-1.000000000000000000e+00,0.000000000000000000e+00
2.779000000000000000e+03,1.413351789668536469e+02,4.689369380067742732e+00,-7.725054192407442705e-03,2.445688722276962039e+02,3.756005037674092772e-02,nan,2.298423080957548133e-05,3.578899323150489664e+01,1.000000000000000000e+00,1.000000000000000000e+00,-1.000000000000000000e+00,0.000000000000000000e+00
2.781000000000000000e+03,6.687740800858219359e+01,4.948227817528657368e+01,-1.248217323173373946e-03,3.769861026769102352e+01,3.748709438702992891e-01,nan,1.237065834997250774e-05,2.661619847128655181e+01,1.000000000000000000e+00,1.000000000000000000e+00,-1.000000000000000000e+00,0.000000000000000000e+00
2.783000000000000000e+03,1.088287531832025223e+02,4.295361042036292076e+01,-8.033012963947866805e-03,2.544050797820456182e+02,3.002799117478560653e-02,nan,1.884700865042125486e-05,2.228644754660373195e+01,1.000000000000000000e+00,1.000000000000000000e+00,-1.000000000000000000e+00,0.000000000000000000e+00
2.783000000000000000e+03,9.315166589634243266e+00,2.936418350586487591e+01,-6.201959818258730682e-03,1.959212161987718730e+02,4.564066383129883331e-02,nan,1.747965775671047364e-05,2.473180047574210505e+01,1.000000000000000000e+00,1.000000000000000000e+00,-1.000000000000000000e+00,0.000000000000000000e+00
2.787000000000000000e+03,5.475852792862406204e+01,2.080357063033356368e+01,-1.453448521400217469e-03,4.425369766555744633e+01,3.295093412240855946e-01,nan,1.210867911464190702e-05,2.418499667650274887e+01,1.000000000000000000e+00,1.000000000000000000e+00,-1.000000000000000000e+00,0.000000000000000000e+00
2.791000000000000000e+03,2.139809279516056151e+01,8.101129211119220130e+00,-7.927746329088365337e-03,2.510428619635800942e+02,2.478390275548081334e-02,nan,1.511888327912713140e-05,2.876304054109631281e+01,1.000000000000000000e+00,1.000000000000000000e+00,-1.000000000000000000e+00,0.000000000000000000e+00
2.791000000000000000e+03,1.142836778871425309e+02,5.199675399974294265e+01,-7.242109200362285837e-03,2.291436022952038627e+02,3.130328039114627092e-02,nan,1.647874822917149603e-05,9.689988442743320718e+00,1.000000000000000000e+00,1.000000000000000000e+00,-1.000000000000000000e+00,0.000000000000000000e+00
2.794000000000000000e+03,1.045999953610032946e+02,5.164722752943667672e+01,-8.437272714931602635e-03,2.673171419930213801e+02,3.186383368083345324e-02,nan,2.303804972031200655e-05,9.689988442743320718e+00,1.000000000000000000e+00,1.000000000000000000e+00,-1.000000000000000000e+00,0.000000000000000000e+00
2.795000000000000000e+03,1.369525006685566737e+01,5.153556290020976149e+01,-6.510876365586351633e-03,2.057880151254217935e+02,4.151006628929965192e-02,nan,1.808303266469305276e-05,1.910268664336750533e+01,1.000000000000000000e+00,1.000000000000000000e+00,-1.000000000000000000e+00,0.000000000000000000e+00
2.797000000000000000e+03,8.363501509920645560e+01,5.285240303215971380e+00,-7.755664069404213934e-03,2.455465521354556415e+02,2.212714252684200300e-02,nan,1.392962214820276771e-05,1.454259459809937738e+01,1.000000000000000000e+00,1.000000000000000000e+00,-1.000000000000000000e+00,0.000000000000000000e+00
2.800000000000000000e+03,1.388342252773460643e+02,2.314771907980718169e+01,-6.981695929460289551e-03,2.208259987092224605e+02,2.812112236558184097e-02,nan,1.350436243909504774e-05,4.770364502028326825e+01,1.000000000000000000e+00,1.000000000000000000e+00,-1.000000000000000000e+00,0.000000000000000000e+00
2.802000000000000000e+03,9.193165096419467375e+01,3.185325013888150281e+01,-7.881739796927637182e-03,2.495734126703347613e+02,2.966617194640952526e-02,nan,1.956925292732744346e-05,1.677848680822292948e+01,1.000000000000000000e+00,1.000000000000000000e+00,-1.000000000000000000e+00,0.000000000000000000e+00
2.805000000000000000e+03,1.166710561508474342e+01,9.811523376943817709e+00,-7.318903933805756545e-03,2.315964271764453315e+02,2.543988280952769188e-02,nan,1.481208769040443372e-05,2.707173208301969325e+01,1.000000000000000000e+00,1.000000000000000000e+00,-1.000000000000000000e+00,0.000000000000000000e+00
2.805000000000000000e+03,4.833634619620999473e+01,5.749648845924711260e+00,-6.308274598540943370e-03,1.993169117969848685e+02,1.552736187516426947e-01,nan,7.428928006818024234e-05,6.065077405732932192e+00,1.000000000000000000e+00,1.000000000000000000e+00,-1.000000000000000000e+00,0.000000000000000000e+00
2.806000000000000000e+03,4.738283307619475693e+01,3.761413271965574978e+01,-7.294792876551332850e-03,2.308263196639266255e+02,3.679464792350839453e-02,nan,1.917423447293065781e-05,1.397501801603761784e+01,1.000000000000000000e+00,1.000000000000000000e+00,-1.000000000000000000e+00,0.000000000000000000e+00
2.806000000000000000e+03,5.670898408235903077e+01,2.720624936333410560e+01,-1.416405213926905842e-03,4.307053389663960985e+01,3.664466246425703844e-01,nan,1.423435855713274695e-05,1.397501801603761784e+01,1.000000000000000000e+00,1.000000000000000000e+00,-1.000000000000000000e+00,0.000000000000000000e+00
2.808000000000000000e+03,1.354506967936135879e+02,9.246463955224388798e+00,-1.230608041288462282e-02,3.908869150330318689e+02,9.897119909704099605e-03,nan,1.618614707010914675e-05,3.714575689524382796e+01,1.000000000000000000e+00,1.000000000000000000e+00,-1.000000000000000000e+00,0.000000000000000000e+00
2.808000000000000000e+03,4.345074643336801046e+01,9.343543515339838734e+00,-7.570364168513549034e-03,2.396280706587177463e+02,9.509335278120345514e-02,nan,5.933578413975874042e-05,6.065077405732932192e+00,1.000000000000000000e+00,1.000000000000000000e+00,-1.000000000000000000e+00,0.000000000000000000e+00
2.808000000000000000e+03,1.117132218359544851e+02,3.781812015424549855e+01,-7.813105509168536203e-03,2.473812325406161960e+02,2.515922752158206155e-02,nan,1.618370535220735079e-05,2.974890033121720379e+01,1.000000000000000000e+00,1.000000000000000000e+00,-1.000000000000000000e+00,0.000000000000000000e+00
2.811000000000000000e+03,1.694966955864150648e+01,1.993270187055963660e+01,-7.224252119966362816e-03,2.285732468927244554e+02,3.382518003104928450e-02,nan,1.759682789056592217e-05,7.381172974116558372e+00,1.000000000000000000e+00,1.000000000000000000e+00,-1.000000000000000000e+00,0.000000000000000000e+00
2.814000000000000000e+03,5.595464744761331133e+01,4.886616375297803927e+01,-7.924068593769331703e-03,2.509253950450473667e+02,2.061838528913649826e-01,nan,1.689191739421947813e-04,6.807770972749541016e+00,1.000000000000000000e+00,1.000000000000000000e+00,-1.000000000000000000e+00,0.000000000000000000e+00
2.814000000000000000e+03,5.083838150672394107e+01,5.335721802113230439e+01,-7.921301708152195253e-03,2.508370206789815313e+02,2.269491582148589481e-01,nan,1.943129323623338017e-04,6.807770972749541016e+00,1.000000000000000000e+00,1.000000000000000000e+00,-1.000000000000000000e+00,0.000000000000000000e+00
2.815000000000000000e+03,1.244916529111321779e+01,2.578310149894301162e+01,-1.704636068620012926e-03,5.227663150557483362e+01,3.641651624990110969e-01,nan,1.962327251944460396e-05,7.381172974116558372e+00,1.000000000000000000e+00,1.000000000000000000e+00,-1.000000000000000000e+00,0.000000000000000000e+00
2.815000000000000000e+03,7.831084289920617891e+01,4.441857242152469354e+01,-1.677773000320879199e-03,5.141862472104569548e+01,2.899146558273930641e-01,nan,1.332370037713782921e-05,1.492658057121623116e+01,1.000000000000000000e+00,1.000000000000000000e+00,-1.000000000000000000e+00,0.000000000000000000e+00
2.815000000000000000e+03,3.022795989200947275e+01,5.303662661121380495e+01,-1.733788584430809732e-03,5.320776327627294222e+01,2.876612106341436270e-01,nan,1.346531428063627229e-05,5.745409259723733619e+00,1.000000000000000000e+00,1.000000000000000000e+00,-1.000000000000000000e+00,0.000000000000000000e+00
2.817000000000000000e+03,2.385624372475221833e+01,1.453445224032741123e+01,-1.549992640479754989e-03,4.733731820563193082e+01,3.273568128183277359e-01,nan,1.373739320728580373e-05,1.602041037347499497e+01,1.000000000000000000e+00,1.000000000000000000e+00,-1.000000000000000000e+00,0.000000000000000000e+00
2.818000000000000000e+03,1.409461107899003309e+02,1.387782052154982182e+01,-6.775002647429986813e-03,2.142242123338249087e+02,3.709861679849546512e-02,nan,1.693207785071187949e-05,2.707333400895240416e+01,1.000000000000000000e+00,1.000000000000000000e+00,-1.000000000000000000e+00,0.000000000000000000e+00
2.819000000000000000e+03,4.122827836181435401e+01,1.012908072046866437e+01,-7.427583472422253849e-03,2.350676531895757364e+02,2.465244532464749838e-02,nan,1.461944781233550081e-05,9.509296271025178271e+00,1.000000000000000000e+00,1.000000000000000000e+00,-1.000000000000000000e+00,0.000000000000000000e+00
2.819000000000000000e+03,7.822358640311796840e+00,3.917250144133099354e+01,-8.481896143653059120e-03,2.687424149426939834e+02,2.991928615578776096e-02,nan,2.093745410121308651e-05,1.416627581974597661e+01,1.000000000000000000e+00,1.000000000000000000e+00,-1.000000000000000000e+00,0.000000000000000000e+00
2.820000000000000000e+03,6.440516178119037249e+01,3.057911882803885106e+01,-7.482009628329116570e-03,2.368060253853325037e+02,2.340501687453244717e-02,nan,1.336292252271066970e-05,9.473284457663908142e+00,1.000000000000000000e+00,1.000000000000000000e+00,-1.000000000000000000e+00,0.000000000000000000e+00
2.820000000000000000e+03,2.808831718311760994e+01,4.770449226931982878e+01,-7.338983808439915150e-03,2.322377786585900026e+02,3.088036395533466649e-02,nan,1.646426845319030446e-05,5.745409259723733619e+00,1.000000000000000000e+00,1.000000000000000000e+00,-1.000000000000000000e+00,0.000000000000000000e+00
2.822000000000000000e+03,1.089085505297429535e+02,1.164203436531398239e+01,-7.516542805035047493e-03,2.379090155417468964e+02,2.016290678789944835e-02,nan,1.093930729097331158e-05,2.027107773457052531e+01,1.000000000000000000e+00,1.000000000000000000e+00,-1.000000000000000000e+00,0.000000000000000000e+00
2.825000000000000000e+03,1.177914950855757326e+01,7.228852011669971489e+00,-3.091736187643929785e-03,9.658062908659864831e+01,1.360589059675045842e-01,nan,1.511832635150802086e-05,5.931303434999311008e+00,1.000000000000000000e+00,1.000000000000000000e+00,-1.000000000000000000e+00,0.000000000000000000e+00
2.825000000000000000e+03,5.535786809868267966e+01,2.777027646181874232e+01,-1.526528829645050836e-02,4.854040570310487510e+02,5.388692260925198596e-03,nan,1.330041795632294579e-05,9.473284457663908142e+00,1.000000000000000000e+00,1.000000000000000000e+00,-1.000000000000000000e+00,0.000000000000000000e+00
2.826000000000000000e+03,1.087047890655103259e+02,3.191208798602980679e+01,-1.510887279988386896e-03,4.608829243391345187e+01,3.438679772502301057e-01,nan,1.403881460308223577e-05,2.027107773457052531e+01,1.000000000000000000e+00,1.000000000000000000e+00,-1.000000000000000000e+00,0.000000000000000000e+00
2.827000000000000000e+03,2.258352901694603787e+01,1.457737657145194810e+01,-7.882537375674514291e-03,2.495988873468831173e+02,3.872634951818132443e-02,nan,2.467861358500492123e-05,1.250817300010044519e+01,1.000000000000000000e+00,1.000000000000000000e+00,-1.000000000000000000e+00,0.000000000000000000e+00
2.828000000000000000e+03,1.388780205679310598e+02,3.462813829129554932e+01,-6.270746649204328969e-03,1.981182685600423667e+02,3.470353143117177463e-02,nan,1.330906851193220549e-05,3.029522781824571709e+01,1.000000000000000000e+00,1.000000000000000000e+00,-1.000000000000000000e+00,0.000000000000000000e+00
2.829000000000000000e+03,7.243398549844076939e+00,1.105080487356717533e+01,-1.769213307428843399e-03,5.433922943397014649e+01,3.496823334321780274e-01,nan,2.037927830172932397e-05,5.931303434999311008e+00,1.000000000000000000e+00,1.000000000000000000e+00,-1.000000000000000000e+00,0.000000000000000000e+00
2.832000000000000000e+03,1.272630037861432761e+01,2.227733990721498003e+01,-7.296160064511627262e-03,2.308699876668738966e+02,2.597585271251412475e-02,nan,1.340572301254001005e-05,1.249389056001587051e+01,1.000000000000000000e+00,1.000000000000000000e+00,-1.000000000000000000e+00,0.000000000000000000e+00
2.832000000000000000e+03,9.900681472868171795e+01,1.134335572515286295e+01,-1.456855991510921499e-03,4.436253230948226900e+01,3.091569546031511795e-01,nan,1.115003772052809498e-05,3.207113136587157953e+01,1.000000000000000000e+00,1.000000000000000000e+00,-1.000000000000000000e+00,0.000000000000000000e+00
2.833000000000000000e+03,3.825513619872927507e+01,1.074494154603343432e+01,-6.610613344924489571e-03,2.089736156676846690e+02,4.694811285350697361e-02,nan,2.233183058342608625e-05,2.162466690130695213e+01,1.000000000000000000e+00,1.000000000000000000e+00,-1.000000000000000000e+00,0.000000000000000000e+00
2.835000000000000000e+03,1.741539114960051648e+01,4.971619722352213167e+00,-5.926463279875052691e-03,1.871218528343452192e+02,4.012374580948629976e-02,nan,1.386302540207703903e-05,1.792973851943509089e+01,1.000000000000000000e+00,1.000000000000000000e+00,-1.000000000000000000e+00,0.000000000000000000e+00
2.835000000000000000e+03,1.229508096186260957e+02,5.245589416139515038e+01,-1.866507971342724458e-03,5.744682238675597574e+01,2.649087481819634160e-01,nan,1.435247611621185775e-05,1.762465869566568344e+01,1.000000000000000000e+00,1.000000000000000000e+00,-1.000000000000000000e+00,0.000000000000000000e+00
2.835000000000000000e+03,8.192378900695004518e+01,3.848608401981119442e+01,-1.565945285313089137e-03,4.784684590908588575e+01,3.673374124393403717e-01,nan,1.824208370709831648e-05,1.691645042357105311e+01,1.000000000000000000e+00,1.000000000000000000e+00,-1.000000000000000000e+00,0.000000000000000000e+00
2.836000000000000000e+03,1.305525092165388799e+02,3.655486408904459950e+01,-7.438337167626330078e-03,2.354111263677366139e+02,2.859614049443959249e-02,nan,1.667364645781925638e-05,1.762465869566568344e+01,1.000000000000000000e+00,1.000000000000000000e+00,-1.000000000000000000e+00,0.000000000000000000e+00
2.836000000000000000e+03,1.430055346205457738e+02,1.105746508753125212e+01,-1.444475932742699453e-03,4.396711305589139585e+01,3.335813870026201888e-01,nan,1.192897416396811888e-05,2.837596161463457634e+01,1.000000000000000000e+00,1.000000000000000000e+00,-1.000000000000000000e+00,0.000000000000000000e+00
2.837000000000000000e+03,5.922291735621998754e+01,2.700373826723637904e+01,-7.598644519821606651e-03,2.405313454827617079e+02,2.796983044915779537e-02,nan,1.636853009758949796e-05,1.639532536020328379e+01,1.000000000000000000e+00,1.000000000000000000e+00,-1.000000000000000000e+00,0.000000000000000000e+00
2.837000000000000000e+03,9.975498805575813321e+01,5.137417952696190326e+01,1.449733799854046419e-03,-4.413504940640255114e+01,3.707767380792554857e-01,nan,1.463048733011759902e-05,2.200124235854995192e+01,1.000000000000000000e+00,1.000000000000000000e+00,-1.000000000000000000e+00,0.000000000000000000e+00
2.843000000000000000e+03,1.092607216214859136e+02,2.040444236528037081e+01,-6.356165415240313046e-03,2.008465451652634215e+02,3.300955933867399938e-02,nan,1.449643064779699588e-05,4.895582119650840980e+01,1.000000000000000000e+00,1.000000000000000000e+00,-1.000000000000000000e+00,0.000000000000000000e+00
2.844000000000000000e+03,4.412569372452785643e+01,6.390047209470110623e+00,-1.491567482812076410e-03,4.547121783661081196e+01,3.648567278482978127e-01,nan,1.505538131553779728e-05,3.225068800389144030e+01,1.000000000000000000e+00,1.000000000000000000e+00,-1.000000000000000000e+00,0.000000000000000000e+00
