frame_indices,x_coords,y_coords,contrasts,calibrated_values,fit_errors,diffblur_errors,residual_errors,neareast_neighbour_distances,selections,good_flags,peak_labels,peak_features
5.000000000000000000e+00,5.429437621727401364e+01,1.084802750871312682e+01,-6.503875337956882205e-03,1.963685971297532831e+02,5.342755555971423487e-02,nan,2.388414174198528255e-05,1.455334523269467795e+01,1.000000000000000000e+00,1.000000000000000000e+00,-1.000000000000000000e+00,0.000000000000000000e+00
6.000000000000000000e+00,4.716134417341029561e+00,1.393541181661984041e+01,-1.099608165418578974e-03,3.351630520282779457e+01,3.703413500852934526e-01,nan,8.774981246694418572e-06,4.967427907717766544e+01,1.000000000000000000e+00,1.000000000000000000e+00,-1.000000000000000000e+00,0.000000000000000000e+00
7.000000000000000000e+00,1.114058297044019241e+02,1.954533805825735726e+01,-7.986786789073961612e-03,2.410546795955230834e+02,2.278404771950370833e-02,nan,1.451017256548858799e-05,1.125972899690907170e+01,1.000000000000000000e+00,1.000000000000000000e+00,-1.000000000000000000e+00,0.000000000000000000e+00
7.000000000000000000e+00,1.049758379917084028e+02,5.119953898543664650e+01,-9.185158614632241494e-03,2.771664394590083589e+02,6.536459062758437355e-02,nan,5.666049042513399825e-05,5.862105864033476443e+00,1.000000000000000000e+00,1.000000000000000000e+00,-1.000000000000000000e+00,0.000000000000000000e+00
8.000000000000000000e+00,5.800372376556866527e+01,4.775139817357101890e+01,-7.834869460469885694e-03,2.364767998651674361e+02,2.368339658198048703e-02,nan,1.390500484822565516e-05,1.235166307933837260e+01,1.000000000000000000e+00,1.000000000000000000e+00,-1.000000000000000000e+00,0.000000000000000000e+00
1.000000000000000000e+01,5.367266526343210842e+01,3.618396487674318251e+01,-7.908819157494173177e-03,2.387052014713838446e+02,2.001284337474018571e-02,nan,1.212616150522166053e-05,1.213962082837769962e+01,1.000000000000000000e+00,1.000000000000000000e+00,-1.000000000000000000e+00,0.000000000000000000e+00
1.100000000000000000e+01,1.002072100585387489e+02,2.071683927939300318e+01,-1.593779123383309501e-02,4.806504019406177122e+02,7.371123470977236636e-03,nan,2.028074626059824767e-05,1.066636357125303647e+01,1.000000000000000000e+00,1.000000000000000000e+00,-1.000000000000000000e+00,0.000000000000000000e+00
1.100000000000000000e+01,1.027444399202817635e+02,4.577873205214994812e+01,-8.437162521088652917e-03,2.546263106502494793e+02,7.296743606259536996e-02,nan,5.418079638818862380e-05,5.862105864033476443e+00,1.000000000000000000e+00,1.000000000000000000e+00,-1.000000000000000000e+00,0.000000000000000000e+00
1.200000000000000000e+01,9.267791882446607232e+00,4.566111247050862687e+01,-8.895801562363279263e-03,2.684469484266863901e+02,2.058533251166483335e-02,nan,1.594761102510350835e-05,4.540494583737952894e+01,1.000000000000000000e+00,1.000000000000000000e+00,-1.000000000000000000e+00,0.000000000000000000e+00
1.300000000000000000e+01,1.426455866296836916e+02,5.304364162225568613e+00,-8.053791423235503316e-03,2.430737985425619456e+02,3.103303580309313414e-02,nan,1.949338134171705190e-05,1.973368954659836305e+01,1.000000000000000000e+00,1.000000000000000000e+00,-1.000000000000000000e+00,0.000000000000000000e+00
1.300000000000000000e+01,1.022147701447134125e+02,1.024110473070610894e+01,-2.073069348509121602e-03,6.285060339847602506e+01,2.188443016046350831e-01,nan,1.288788788656753768e-05,1.066636357125303647e+01,1.000000000000000000e+00,1.000000000000000000e+00,-1.000000000000000000e+00,0.000000000000000000e+00
1.400000000000000000e+01,7.193159471940310823e+01,1.155010117638421541e+01,-1.568945258485804567e-03,4.765931827973664525e+01,3.605697006619797973e-01,nan,1.674707350462409022e-05,7.657598213295388589e+00,1.000000000000000000e+00,1.000000000000000000e+00,-1.000000000000000000e+00,0.000000000000000000e+00
1.600000000000000000e+01,1.265143846599760025e+02,2.198041811948839452e+01,-8.027553472537560936e-03,2.422831436266950504e+02,1.989285201335555531e-02,nan,1.283718592575051118e-05,1.254447477651638465e+01,1.000000000000000000e+00,1.000000000000000000e+00,-1.000000000000000000e+00,0.000000000000000000e+00
1.600000000000000000e+01,7.452627371645606047e+01,3.095929331721145061e+01,-8.927402596631734549e-03,2.693992146070170293e+02,1.821045915163166384e-02,nan,1.439933053499879113e-05,1.958185636392263618e+01,1.000000000000000000e+00,1.000000000000000000e+00,-1.000000000000000000e+00,0.000000000000000000e+00
1.700000000000000000e+01,6.864128453784890382e+01,4.635430590924235261e+00,1.590350640071394248e-03,-4.830434846412450867e+01,2.660660125176490531e-01,nan,9.959236170872013641e-06,7.657598213295388589e+00,1.000000000000000000e+00,1.000000000000000000e+00,-1.000000000000000000e+00,0.000000000000000000e+00
1.800000000000000000e+01,5.483007314216124684e+01,3.034895838405568114e+01,-7.344133499423408963e-03,2.216889528850106217e+02,2.355920039143655220e-02,nan,1.352016881542438872e-05,1.970565466543757438e+01,1.000000000000000000e+00,1.000000000000000000e+00,-1.000000000000000000e+00,0.000000000000000000e+00
1.900000000000000000e+01,1.157394931496840513e+02,2.840424566699418207e+01,-1.949784185328150374e-03,5.913552589701042450e+01,2.510591665023658159e-01,nan,1.393569950213785835e-05,1.254447477651638465e+01,1.000000000000000000e+00,1.000000000000000000e+00,-1.000000000000000000e+00,0.000000000000000000e+00
2.100000000000000000e+01,9.312535258451400466e+01,6.159276607209847043e+00,-6.168996265908173460e-03,1.862773446693610140e+02,4.264925664432051011e-02,nan,1.641098825461408537e-05,7.654823033764527551e+00,1.000000000000000000e+00,1.000000000000000000e+00,-1.000000000000000000e+00,0.000000000000000000e+00
2.200000000000000000e+01,3.947751760013370159e+01,5.102211001562652370e+01,-8.567636906639763267e-03,2.585580283182299581e+02,2.649605090273954300e-02,nan,1.903158834918365031e-05,2.575034291136645948e+01,1.000000000000000000e+00,1.000000000000000000e+00,-1.000000000000000000e+00,0.000000000000000000e+00
2.500000000000000000e+01,5.259341765518191636e+01,7.293127192122818236e+00,-8.009659628692003541e-03,2.417439301887585827e+02,1.800664102089943874e-02,nan,1.214806651608452190e-05,1.156132111103218030e+01,1.000000000000000000e+00,1.000000000000000000e+00,-1.000000000000000000e+00,0.000000000000000000e+00
2.600000000000000000e+01,9.510501067816433363e+01,1.355368459639307233e+01,-8.527785182826057644e-03,2.573571356989161814e+02,2.790222882398796234e-02,nan,1.986486832319748884e-05,7.654823033764527551e+00,1.000000000000000000e+00,1.000000000000000000e+00,-1.000000000000000000e+00,0.000000000000000000e+00
2.600000000000000000e+01,8.424870388715834224e+01,3.205975923842193254e+01,-1.470587561351763229e-03,4.469540552421502611e+01,3.385316955511031844e-01,nan,1.279641425524417476e-05,2.145540015466470862e+01,1.000000000000000000e+00,1.000000000000000000e+00,-1.000000000000000000e+00,0.000000000000000000e+00
2.800000000000000000e+01,1.323869388381810097e+02,6.785667696649742453e+00,-8.861773375629442354e-03,2.674215423868291737e+02,3.358567854819827225e-02,nan,2.582284607733715604e-05,3.283670170257418874e+01,1.000000000000000000e+00,1.000000000000000000e+00,-1.000000000000000000e+00,0.000000000000000000e+00
2.800000000000000000e+01,5.428508052510824911e+01,4.296283850972533003e+01,-9.606329816960485629e-03,2.898580206490179307e+02,7.894814981040987334e-02,nan,8.053072842205542434e-05,1.928154531520831938e+01,1.000000000000000000e+00,1.000000000000000000e+00,-1.000000000000000000e+00,0.000000000000000000e+00
3.000000000000000000e+01,4.105644402931221748e+01,6.543203603758415809e+00,-8.161779260467436764e-03,2.463279061268086139e+02,2.292764549267634067e-02,nan,1.505282173280350367e-05,1.156132111103218030e+01,1.000000000000000000e+00,1.000000000000000000e+00,-1.000000000000000000e+00,0.000000000000000000e+00
3.100000000000000000e+01,4.228345759024659145e+01,1.846429971526395164e+01,-8.260877879854775646e-03,2.493141458478996526e+02,4.927212129689573228e-02,nan,3.592544959289816099e-05,8.884243776251421920e+00,1.000000000000000000e+00,1.000000000000000000e+00,-1.000000000000000000e+00,0.000000000000000000e+00
3.100000000000000000e+01,4.883162280574104130e+01,2.446857484107644609e+01,-8.536705103303919573e-03,2.576259287558189612e+02,4.945716740895400587e-02,nan,4.117277155066444762e-05,8.884243776251421920e+00,1.000000000000000000e+00,1.000000000000000000e+00,-1.000000000000000000e+00,0.000000000000000000e+00
3.300000000000000000e+01,6.596120880790579122e+01,2.054929485446539772e+01,-8.279743862490807071e-03,2.498826537350269632e+02,3.459014114093394987e-02,nan,2.753245032291169484e-05,7.421617407773221764e+00,1.000000000000000000e+00,1.000000000000000000e+00,-1.000000000000000000e+00,0.000000000000000000e+00
3.500000000000000000e+01,1.409417346642255211e+02,1.063996770741333009e+01,-8.982262092078772964e-03,2.710523517081771843e+02,2.758285069832799863e-02,nan,2.207674688955968723e-05,1.833525846667329517e+01,1.000000000000000000e+00,1.000000000000000000e+00,-1.000000000000000000e+00,0.000000000000000000e+00
3.500000000000000000e+01,7.291047096684640394e+01,2.315470468665659709e+01,-8.140680343551420783e-03,2.456921109547251660e+02,3.176070347519033277e-02,nan,2.297110944133461699e-05,7.421617407773221764e+00,1.000000000000000000e+00,1.000000000000000000e+00,-1.000000000000000000e+00,0.000000000000000000e+00
3.800000000000000000e+01,1.136869550531442172e+02,1.683824574446309796e+01,-6.491258171407924930e-03,1.959883911879444440e+02,4.793090372246167075e-02,nan,2.072689833624731374e-05,1.599220190193332414e+01,1.000000000000000000e+00,1.000000000000000000e+00,-1.000000000000000000e+00,0.000000000000000000e+00
4.000000000000000000e+01,3.797810908752312997e+01,1.261006448718884521e+01,-7.113295921878147986e-03,2.147328888404477425e+02,3.538374818638811981e-02,nan,1.781025441508997173e-05,1.194289028172204326e+01,1.000000000000000000e+00,1.000000000000000000e+00,-1.000000000000000000e+00,0.000000000000000000e+00
4.000000000000000000e+01,1.281132000205305985e+02,2.373998304844381124e+01,-7.875547996657218663e-03,2.377026076646045567e+02,4.638476926381562837e-02,nan,2.966957422813981356e-05,1.599220190193332414e+01,1.000000000000000000e+00,1.000000000000000000e+00,-1.000000000000000000e+00,0.000000000000000000e+00
4.000000000000000000e+01,3.997122983438971744e+01,4.471828919188528317e+01,-6.999393618649383045e-03,2.113005546229949516e+02,2.632018407465996912e-02,nan,1.274729469146211177e-05,1.936732367538835575e+01,1.000000000000000000e+00,1.000000000000000000e+00,-1.000000000000000000e+00,0.000000000000000000e+00
4.200000000000000000e+01,5.798800614641562134e+01,3.761272815353788701e+01,-6.343055455304816639e-03,1.915224476628298760e+02,3.409652045853728275e-02,nan,1.366602346475040903e-05,1.135359835719567556e+01,1.000000000000000000e+00,1.000000000000000000e+00,-1.000000000000000000e+00,0.000000000000000000e+00
4.300000000000000000e+01,4.850099508841206841e+01,1.825820564101515942e+01,-8.271224252896438797e-03,2.496259236540613529e+02,2.137514352095992720e-02,nan,1.553582952628256017e-05,1.194289028172204326e+01,1.000000000000000000e+00,1.000000000000000000e+00,-1.000000000000000000e+00,0.000000000000000000e+00
4.300000000000000000e+01,1.027627559907371335e+01,5.106311130159383538e+01,-8.045747283107992573e-03,2.428313962677441395e+02,1.326141029281808770e-01,nan,9.900672968843304258e-05,4.547156850437774622e+00,1.000000000000000000e+00,1.000000000000000000e+00,-1.000000000000000000e+00,0.000000000000000000e+00
4.400000000000000000e+01,1.395582099946744279e+02,4.627138055563882801e+01,-1.663904158668264022e-02,5.017818936915103336e+02,1.270260156488012271e-02,nan,3.608123231177877757e-05,2.527156755991771675e+01,1.000000000000000000e+00,1.000000000000000000e+00,-1.000000000000000000e+00,0.000000000000000000e+00
4.400000000000000000e+01,9.013614127345432792e+01,1.088838102973561028e+01,-8.278757553851785050e-03,2.498529322913447857e+02,2.282198406716096084e-02,nan,1.505127416010792435e-05,1.419846036792238841e+01,1.000000000000000000e+00,1.000000000000000000e+00,-1.000000000000000000e+00,0.000000000000000000e+00
4.400000000000000000e+01,7.365115952359076346e+01,3.181395450778160239e+01,-7.057033745520758725e-03,2.130374833254953160e+02,4.091796034469685761e-02,nan,2.042013193088495964e-05,1.670210015272422766e+01,1.000000000000000000e+00,1.000000000000000000e+00,-1.000000000000000000e+00,0.000000000000000000e+00
4.600000000000000000e+01,9.959231604121081105e+00,4.652702063586109915e+01,-8.057738483362619081e-03,2.431927393290834800e+02,9.999316192895879585e-02,nan,7.140148361634730270e-05,4.547156850437774622e+00,1.000000000000000000e+00,1.000000000000000000e+00,-1.000000000000000000e+00,0.000000000000000000e+00
4.600000000000000000e+01,5.673275401236715254e+01,4.889672291321777209e+01,1.387447949668043192e-03,-4.219007485118519440e+01,3.746846869854759676e-01,nan,1.445889609841466137e-05,1.135359835719567556e+01,1.000000000000000000e+00,1.000000000000000000e+00,-1.000000000000000000e+00,0.000000000000000000e+00
4.800000000000000000e+01,7.680574377801619335e+01,5.999947800869792403e+00,-7.220301801646946890e-03,2.179574060994308979e+02,2.800242630170601821e-02,nan,1.416955977954413369e-05,1.204679856671720195e+01,1.000000000000000000e+00,1.000000000000000000e+00,-1.000000000000000000e+00,0.000000000000000000e+00
5.200000000000000000e+01,6.478250615808057944e+01,1.783015193587708325e+01,-8.188418719368973503e-03,2.471306600986798401e+02,3.544075852959405193e-02,nan,2.642621081070806318e-05,8.995073231926795643e+00,1.000000000000000000e+00,1.000000000000000000e+00,-1.000000000000000000e+00,0.000000000000000000e+00
5.200000000000000000e+01,7.831395285154813735e+01,1.795196273968138811e+01,-7.446058334769090244e-03,2.247603578526748151e+02,2.456895197774128237e-01,nan,2.063102519997094247e-04,4.536926389210051980e+00,1.000000000000000000e+00,1.000000000000000000e+00,-1.000000000000000000e+00,0.000000000000000000e+00
5.400000000000000000e+01,1.384467109370215780e+02,1.998907693595350565e+01,-9.436765883458247267e-03,2.847483777839678964e+02,3.444012583675004624e-02,nan,2.991294128365667868e-05,3.638954586644661049e+01,1.000000000000000000e+00,1.000000000000000000e+00,-1.000000000000000000e+00,0.000000000000000000e+00
5.500000000000000000e+01,8.612958130132851053e+00,4.295837977691369503e+01,-8.622206515196552401e-03,2.602024299622098056e+02,2.438865955557423248e-02,nan,1.804201772758827184e-05,2.206709129709930650e+01,1.000000000000000000e+00,1.000000000000000000e+00,-1.000000000000000000e+00,0.000000000000000000e+00
5.500000000000000000e+01,3.001922601064514140e+01,3.759850909356098470e+01,-8.596545816477316887e-03,2.594291699686793322e+02,2.358632363249035802e-02,nan,1.786959717721997467e-05,2.118206841217090997e+01,1.000000000000000000e+00,1.000000000000000000e+00,-1.000000000000000000e+00,0.000000000000000000e+00
5.600000000000000000e+01,3.026108539703203348e+01,1.641782151607414875e+01,-8.263813988125014165e-03,2.494026225915335715e+02,2.677525342322106816e-02,nan,1.867183920545272335e-05,1.458183125827788729e+01,1.000000000000000000e+00,1.000000000000000000e+00,-1.000000000000000000e+00,0.000000000000000000e+00
5.600000000000000000e+01,7.905714065806988344e+01,4.549910070001355678e+01,-1.605753064110959291e-03,4.876848540924438424e+01,3.702008855232897799e-01,nan,1.770005631038985990e-05,8.698718300428314620e+00,1.000000000000000000e+00,1.000000000000000000e+00,-1.000000000000000000e+00,0.000000000000000000e+00
5.700000000000000000e+01,1.073601309206046892e+02,3.890530254385772935e+01,-7.170584287091448517e-03,2.164592175503125304e+02,4.356728004793009035e-02,nan,2.247904507897480330e-05,2.108390015096146186e+01,1.000000000000000000e+00,1.000000000000000000e+00,-1.000000000000000000e+00,0.000000000000000000e+00
5.900000000000000000e+01,4.342802756069233538e+01,1.015192677519997133e+01,-6.328489088534863111e-03,1.910835044837085377e+02,4.175615934719589806e-02,nan,1.662703962190736017e-05,1.173474180282484625e+01,1.000000000000000000e+00,1.000000000000000000e+00,-1.000000000000000000e+00,0.000000000000000000e+00
6.000000000000000000e+01,8.162947349036041089e+01,2.878426868143383288e+01,-7.230047398204538650e-03,2.182510800953546664e+02,3.061434176375144034e-02,nan,1.789373692382426607e-05,8.563067771480810109e+00,1.000000000000000000e+00,1.000000000000000000e+00,-1.000000000000000000e+00,0.000000000000000000e+00
6.000000000000000000e+01,5.509557864996909871e+01,4.370247974736802377e+01,-8.493164242223643148e-03,2.563138676024721576e+02,2.160264196879047027e-02,nan,1.504135933493962527e-05,1.183960010881257574e+01,1.000000000000000000e+00,1.000000000000000000e+00,-1.000000000000000000e+00,0.000000000000000000e+00
6.200000000000000000e+01,4.667038980872438714e+01,2.142983669820882042e+01,-9.373613303277492786e-03,2.828453367063921178e+02,2.029133115352743655e-02,nan,1.756290561728875645e-05,1.173474180282484625e+01,1.000000000000000000e+00,1.000000000000000000e+00,-1.000000000000000000e+00,0.000000000000000000e+00
6.300000000000000000e+01,8.270960308208566403e+01,3.727894052465725139e+01,-8.714709906599428513e-03,2.629899289551391917e+02,3.323158487794286575e-02,nan,2.453947477637604053e-05,8.563067771480810109e+00,1.000000000000000000e+00,1.000000000000000000e+00,-1.000000000000000000e+00,0.000000000000000000e+00
6.300000000000000000e+01,9.359585978270197870e+01,3.796967369696279349e+01,-2.470389761733571537e-03,7.482346444645490635e+01,2.683884202573368905e-01,nan,2.478745955583685774e-05,1.090814820521966055e+01,1.000000000000000000e+00,1.000000000000000000e+00,-1.000000000000000000e+00,0.000000000000000000e+00
6.500000000000000000e+01,5.200961387631242872e+01,3.227212751515991584e+01,-1.477844990729365419e-02,4.457147878925296141e+02,7.801803389373307418e-03,nan,1.633348512183034566e-05,1.183960010881257574e+01,1.000000000000000000e+00,1.000000000000000000e+00,-1.000000000000000000e+00,0.000000000000000000e+00
6.700000000000000000e+01,8.039453430244907395e+01,1.185401378052678822e+01,-1.327355998461951254e-03,4.037926282656860622e+01,3.580470293434138140e-01,nan,1.172155697573161203e-05,1.425322447101362044e+01,1.000000000000000000e+00,1.000000000000000000e+00,-1.000000000000000000e+00,0.000000000000000000e+00
6.700000000000000000e+01,2.385014774383782310e+01,2.815844617523314142e+01,-1.348041702004595423e-03,4.100260621883437295e+01,3.684053935780898792e-01,nan,1.271470549172858652e-05,7.092681776107323977e+00,1.000000000000000000e+00,1.000000000000000000e+00,-1.000000000000000000e+00,0.000000000000000000e+00
6.800000000000000000e+01,4.421170032402842764e+01,4.970535080835308150e+00,-1.648835537898464673e-03,5.006673351100904767e+01,3.652222542330654242e-01,nan,1.844883734299174812e-05,1.000765454769855189e+01,1.000000000000000000e+00,1.000000000000000000e+00,-1.000000000000000000e+00,0.000000000000000000e+00
6.800000000000000000e+01,1.193031539302172064e+02,4.635071854734763974e+01,-1.836164003937507377e-03,5.571169314450634857e+01,3.009811331286648128e-01,nan,1.640858440935450319e-05,1.870950906200608088e+01,1.000000000000000000e+00,1.000000000000000000e+00,-1.000000000000000000e+00,0.000000000000000000e+00
6.900000000000000000e+01,9.322829485896299673e+01,5.271306678060271622e+01,-1.474232499350729142e-02,4.446261990389536436e+02,1.051616470014815619e-02,nan,2.349369973349053100e-05,1.378723404057262591e+01,1.000000000000000000e+00,1.000000000000000000e+00,-1.000000000000000000e+00,0.000000000000000000e+00
7.000000000000000000e+01,2.159294548635212507e+01,1.284329354840777526e+01,-8.769024194904571912e-03,2.646266367736976690e+02,1.780581420320803687e-02,nan,1.343979970023658120e-05,5.927746666449141166e+00,1.000000000000000000e+00,1.000000000000000000e+00,-1.000000000000000000e+00,0.000000000000000000e+00
7.100000000000000000e+01,9.304801061117737504e+01,3.892701150436343482e+01,-2.442752525196866670e-02,7.364802117118451861e+02,5.168959586564825237e-03,nan,3.442807641447690847e-05,1.132689535838309425e+01,1.000000000000000000e+00,1.000000000000000000e+00,-1.000000000000000000e+00,0.000000000000000000e+00
7.200000000000000000e+01,7.773905178578573327e+01,2.585768545708350530e+01,-6.814629035720449167e-03,2.057328550929277071e+02,3.086188183507854177e-02,nan,1.399728927729739641e-05,9.918345504781571620e+00,1.000000000000000000e+00,1.000000000000000000e+00,-1.000000000000000000e+00,0.000000000000000000e+00
7.300000000000000000e+01,1.301220255359865519e+02,3.108645484027137940e+01,-1.757100538071270637e-03,5.332919312869839956e+01,3.304495581884135946e-01,nan,1.765469716905222205e-05,1.009243450576672885e+01,1.000000000000000000e+00,1.000000000000000000e+00,-1.000000000000000000e+00,0.000000000000000000e+00
7.500000000000000000e+01,5.269076895740307975e+01,4.812366539869964299e+01,-1.263017954458796246e-03,3.844049895914714909e+01,3.534815493741365611e-01,nan,1.026674273377699963e-05,2.747112295440748042e+01,1.000000000000000000e+00,1.000000000000000000e+00,-1.000000000000000000e+00,0.000000000000000000e+00
7.600000000000000000e+01,2.451464119477344994e+01,8.811026585770003194e+00,-1.514148360067947043e-02,4.566544522590506858e+02,1.005249533858620925e-02,nan,2.593325514644677355e-05,1.828538595926662680e+01,1.000000000000000000e+00,1.000000000000000000e+00,-1.000000000000000000e+00,0.000000000000000000e+00
7.600000000000000000e+01,8.702911861367296353e+01,2.933162211246600037e+01,-8.275667257188482756e-03,2.497598092316799523e+02,1.772908571440889869e-02,nan,1.217916119705369592e-05,8.426164210463030102e+00,1.000000000000000000e+00,1.000000000000000000e+00,-1.000000000000000000e+00,0.000000000000000000e+00
7.800000000000000000e+01,1.284407713700184104e+02,2.113504194146119630e+01,-1.697897947051558998e-02,5.120255884844499406e+02,8.930917782494662838e-03,nan,2.673248856689612496e-05,1.009243450576672885e+01,1.000000000000000000e+00,1.000000000000000000e+00,-1.000000000000000000e+00,0.000000000000000000e+00
7.800000000000000000e+01,5.056370138857862173e+01,1.646511484007170623e+01,-8.032166032566035244e-03,2.424221386001679832e+02,3.288266116078286672e-02,nan,2.131159110409629339e-05,1.198910585742383539e+01,1.000000000000000000e+00,1.000000000000000000e+00,-1.000000000000000000e+00,0.000000000000000000e+00
7.900000000000000000e+01,7.613579715469899156e+01,3.380608008538045794e+01,-8.096358890842187891e-03,2.443565274380724759e+02,2.600079328090365571e-02,nan,1.718872488810916553e-05,1.177646918901928608e+01,1.000000000000000000e+00,1.000000000000000000e+00,-1.000000000000000000e+00,0.000000000000000000e+00
8.100000000000000000e+01,4.556206774833614581e+00,9.200059292022855217e+00,-7.956340660794355979e-03,2.401372153746884806e+02,2.117794241546344658e-02,nan,1.380006889389637764e-05,1.996222560090867049e+01,1.000000000000000000e+00,1.000000000000000000e+00,-1.000000000000000000e+00,0.000000000000000000e+00
8.100000000000000000e+01,8.588892824420132399e+01,2.098295699623022159e+01,-1.627785782005204815e-03,4.943241975814001421e+01,3.035723662981237858e-01,nan,1.313906713468674691e-05,8.426164210463030102e+00,1.000000000000000000e+00,1.000000000000000000e+00,-1.000000000000000000e+00,0.000000000000000000e+00
8.200000000000000000e+01,2.532444273679861979e+01,3.114045822638976446e+01,-7.712713831835212204e-03,2.327957597796552704e+02,1.328041602144320876e-01,nan,9.115859384700338833e-05,3.916120573899790180e+00,1.000000000000000000e+00,1.000000000000000000e+00,-1.000000000000000000e+00,0.000000000000000000e+00
8.300000000000000000e+01,1.432843886277519800e+02,1.854000189139245336e+01,-8.284213868117043869e-03,2.500173529713744927e+02,4.492886255909078752e-02,nan,3.154785942167723760e-05,1.506874932287171021e+01,1.000000000000000000e+00,1.000000000000000000e+00,-1.000000000000000000e+00,0.000000000000000000e+00
8.400000000000000000e+01,2.277307307615246401e+01,2.087423275251542876e+01,-7.681741157903119142e-03,2.318624286219032058e+02,6.470196297864994062e-02,nan,4.149031514848144605e-05,8.564064780579995428e+00,1.000000000000000000e+00,1.000000000000000000e+00,-1.000000000000000000e+00,0.000000000000000000e+00
8.500000000000000000e+01,2.759647929972356906e+01,2.795081087816247134e+01,-7.061406695847486509e-03,2.131692578955626516e+02,1.736543368615431904e-01,nan,1.171318712277575811e-04,3.916120573899790180e+00,1.000000000000000000e+00,1.000000000000000000e+00,-1.000000000000000000e+00,0.000000000000000000e+00
8.600000000000000000e+01,1.375275884253651952e+02,3.547248943455823422e+01,-2.126741226199582203e-03,6.446795280309619613e+01,2.857939112173456531e-01,nan,2.000619235170373941e-05,9.695947579269217798e+00,1.000000000000000000e+00,1.000000000000000000e+00,-1.000000000000000000e+00,0.000000000000000000e+00
8.700000000000000000e+01,8.581771749556189377e+01,3.115220017704335831e+01,-8.318731214096901014e-03,2.510574993454506227e+02,2.310077848311864468e-02,nan,1.651345292397898455e-05,7.059361205789196347e+00,1.000000000000000000e+00,1.000000000000000000e+00,-1.000000000000000000e+00,0.000000000000000000e+00
8.700000000000000000e+01,1.304364144461751209e+02,2.885987640665510412e+01,-1.575056481231491530e-03,4.784347398463374645e+01,3.611460023523594964e-01,nan,1.779358296864079931e-05,9.695947579269217798e+00,1.000000000000000000e+00,1.000000000000000000e+00,-1.000000000000000000e+00,0.000000000000000000e+00
8.700000000000000000e+01,1.270622413897163625e+02,4.362578633189192345e+01,-1.852412336442824450e-03,5.620132071176055177e+01,2.975770887195384740e-01,nan,1.657255844208823644e-05,1.326648931981008239e+01,1.000000000000000000e+00,1.000000000000000000e+00,-1.000000000000000000e+00,0.000000000000000000e+00
8.900000000000000000e+01,6.814857841431287966e+01,3.717956306107576836e+01,-8.649782309788134338e-03,2.610333994919482734e+02,2.365939719095039306e-01,nan,2.518714197785086942e-04,5.132276082554977137e+00,1.000000000000000000e+00,1.000000000000000000e+00,-1.000000000000000000e+00,0.000000000000000000e+00
8.900000000000000000e+01,1.039692078018349122e+02,8.654096329152427103e+00,-8.990589184179834797e-03,2.713032804632608190e+02,2.673827282751595202e-02,nan,2.176450574164329370e-05,5.951316835357665980e+00,1.000000000000000000e+00,1.000000000000000000e+00,-1.000000000000000000e+00,0.000000000000000000e+00
9.000000000000000000e+01,7.188935307259072260e+01,3.366575277257808807e+01,-8.632128626613357752e-03,2.605014230603289889e+02,2.393952722682285428e-01,nan,2.479624233574836273e-04,5.132276082554977137e+00,1.000000000000000000e+00,1.000000000000000000e+00,-1.000000000000000000e+00,0.000000000000000000e+00
9.100000000000000000e+01,3.663745045589494964e+01,4.245734742151054064e+01,-1.692682662808630721e-03,5.138802362455331973e+01,2.860343664452967838e-01,nan,1.289992396809171213e-05,2.602886642183484867e+01,1.000000000000000000e+00,1.000000000000000000e+00,-1.000000000000000000e+00,0.000000000000000000e+00
9.200000000000000000e+01,7.139126832360474850e+01,2.304743634654531093e+01,-1.699387678218826706e-03,5.159007268913406108e+01,3.510820519674098250e-01,nan,1.870482849472106926e-05,1.062999210444344200e+01,1.000000000000000000e+00,1.000000000000000000e+00,-1.000000000000000000e+00,0.000000000000000000e+00
9.300000000000000000e+01,1.062710380061537592e+02,4.139619504217471047e+01,-8.262601441435557872e-03,2.493660836860461245e+02,4.279745741779628077e-02,nan,2.979769726401504626e-05,3.282291045021464981e+01,1.000000000000000000e+00,1.000000000000000000e+00,-1.000000000000000000e+00,0.000000000000000000e+00
9.400000000000000000e+01,1.396141203688055725e+02,4.270375030206886890e+01,-8.984596499951475260e-03,2.711226968003468301e+02,2.679518567088945424e-02,nan,2.121181683698199623e-05,3.336871052648363190e+01,1.000000000000000000e+00,1.000000000000000000e+00,-1.000000000000000000e+00,0.000000000000000000e+00
9.400000000000000000e+01,1.986387343239197278e+01,1.267522419089889851e+01,-1.848082803040534917e-03,5.607085446813739082e+01,2.449625441402217829e-01,nan,1.377321803225061152e-05,1.411652851525373364e+01,1.000000000000000000e+00,1.000000000000000000e+00,-1.000000000000000000e+00,0.000000000000000000e+00
9.600000000000000000e+01,6.192701536522609729e+01,3.629781871369137747e+01,-8.386063833201428883e-03,2.530865017971308362e+02,3.145167453441477523e-02,nan,2.288777106523297051e-05,1.158544215706583991e+01,1.000000000000000000e+00,1.000000000000000000e+00,-1.000000000000000000e+00,0.000000000000000000e+00
9.600000000000000000e+01,6.298418932726405473e+01,4.783492637500351918e+01,-1.580965049019343593e-02,4.767890062833155866e+02,1.112239132385295370e-02,nan,2.939485648588354515e-05,1.105553512572249453e+01,1.000000000000000000e+00,1.000000000000000000e+00,-1.000000000000000000e+00,0.000000000000000000e+00
9.900000000000000000e+01,3.244764028207626438e+01,6.277944363131596539e+00,-7.217302420341934095e-03,2.178670226849383482e+02,2.498797747645131739e-02,nan,1.278389678484678042e-05,1.411652851525373364e+01,1.000000000000000000e+00,1.000000000000000000e+00,-1.000000000000000000e+00,0.000000000000000000e+00
9.900000000000000000e+01,5.223500680178571542e+01,4.525036994303400206e+01,-8.411135088931298229e-03,2.538419995041728612e+02,1.601181533498741150e-02,nan,1.096507896827170805e-05,1.105553512572249453e+01,1.000000000000000000e+00,1.000000000000000000e+00,-1.000000000000000000e+00,0.000000000000000000e+00
1.010000000000000000e+02,6.617796168746106389e+01,1.677402042892241596e+01,-8.965117364998826180e-03,2.705357121694032685e+02,3.093665910951337583e-02,nan,2.446018512033199991e-05,1.898179990470395850e+01,1.000000000000000000e+00,1.000000000000000000e+00,-1.000000000000000000e+00,0.000000000000000000e+00
1.010000000000000000e+02,1.312366918843731298e+02,3.865993453204430352e+01,-8.707852542146793037e-03,2.627832890015549765e+02,3.278034898934123476e-02,nan,2.610195944499443699e-05,1.231384608193674879e+01,1.000000000000000000e+00,1.000000000000000000e+00,-1.000000000000000000e+00,0.000000000000000000e+00
1.020000000000000000e+02,1.277296182576236134e+02,2.106707451694473221e+01,-7.413271786512430628e-03,2.237723673708012200e+02,4.483431134699322751e-02,nan,2.492310877235973609e-05,1.793901582959141194e+01,1.000000000000000000e+00,1.000000000000000000e+00,-1.000000000000000000e+00,0.000000000000000000e+00
1.020000000000000000e+02,5.968726129063438357e+00,4.054172903993775634e+01,-8.491008283165790704e-03,2.562488998903546076e+02,3.630510588652702264e-02,nan,2.596861608002281542e-05,1.307003913444166798e+01,1.000000000000000000e+00,1.000000000000000000e+00,-1.000000000000000000e+00,0.000000000000000000e+00
1.020000000000000000e+02,1.243917773260160828e+02,4.889604463395414768e+01,-1.832939744848516425e-03,5.561453325850430929e+01,3.700187777823771285e-01,nan,2.550043819981066221e-05,1.231384608193674879e+01,1.000000000000000000e+00,1.000000000000000000e+00,-1.000000000000000000e+00,0.000000000000000000e+00
1.040000000000000000e+02,1.295086949099802176e+01,2.949294643508804725e+01,-8.151067744387618941e-03,2.460051250932441462e+02,2.099843925140221224e-02,nan,1.595706146311414250e-05,1.307003913444166798e+01,1.000000000000000000e+00,1.000000000000000000e+00,-1.000000000000000000e+00,0.000000000000000000e+00
1.060000000000000000e+02,7.666281404492546869e+01,3.259731334362232502e+01,-8.404235675800356131e-03,2.536340924549000135e+02,2.517678711655779722e-02,nan,1.736365475010723675e-05,1.856014776721923809e+01,1.000000000000000000e+00,1.000000000000000000e+00,-1.000000000000000000e+00,0.000000000000000000e+00
1.060000000000000000e+02,5.822293497203202861e+01,3.470680259888762720e+01,-8.957959486461960705e-03,2.703200165185689912e+02,2.055819756599175374e-02,nan,1.650607552731608483e-05,1.856014776721923809e+01,1.000000000000000000e+00,1.000000000000000000e+00,-1.000000000000000000e+00,0.000000000000000000e+00
1.110000000000000000e+02,9.977018118897250076e+01,4.223187366720464553e+01,-8.465857274444535049e-03,2.554909989051213302e+02,5.698066767902865148e-02,nan,4.544161421201691430e-05,8.336389824135110871e+00,1.000000000000000000e+00,1.000000000000000000e+00,-1.000000000000000000e+00,0.000000000000000000e+00
1.120000000000000000e+02,1.111377369825760866e+02,4.834819427169467332e+01,-8.417179654250131829e-03,2.540241465528746971e+02,2.614417776764621504e-02,nan,1.870252988735072815e-05,1.290855152438102671e+01,1.000000000000000000e+00,1.000000000000000000e+00,-1.000000000000000000e+00,0.000000000000000000e+00
1.130000000000000000e+02,9.898391899328514398e+01,3.393264556697891976e+01,-8.482726773710355661e-03,2.559993447235994495e+02,2.338361594917687247e-01,nan,2.385700375080151276e-04,5.398027916886567468e+00,1.000000000000000000e+00,1.000000000000000000e+00,-1.000000000000000000e+00,0.000000000000000000e+00
1.130000000000000000e+02,9.358593820517737072e+01,3.395520222245175290e+01,-8.066576402497969631e-03,2.434590613559385588e+02,2.878149958653871687e-01,nan,3.091516927557216789e-04,5.398027916886567468e+00,1.000000000000000000e+00,1.000000000000000000e+00,-1.000000000000000000e+00,0.000000000000000000e+00
1.140000000000000000e+02,1.288911529691989983e+02,1.488397138090392957e+01,-2.500433661490509760e-02,7.538618565241189344e+02,6.343053457008474005e-03,nan,4.451034488443979931e-05,2.163095939257315692e+01,1.000000000000000000e+00,1.000000000000000000e+00,-1.000000000000000000e+00,0.000000000000000000e+00
1.140000000000000000e+02,1.220310025710867876e+02,3.573777856348580428e+01,-2.514062589698742595e-03,7.613950229247389245e+01,2.444679136230245575e-01,nan,2.313055335170073083e-05,9.083254864870431433e+00,1.000000000000000000e+00,1.000000000000000000e+00,-1.000000000000000000e+00,0.000000000000000000e+00
1.160000000000000000e+02,1.143464601888048122e+02,3.089491501852560873e+01,-9.024484480249464480e-03,2.723246819732621020e+02,2.588423743930501342e-02,nan,2.347004234247885508e-05,9.083254864870431433e+00,1.000000000000000000e+00,1.000000000000000000e+00,-1.000000000000000000e+00,0.000000000000000000e+00
1.160000000000000000e+02,1.265717774109509719e+02,4.809507634243311003e+01,-9.121623940352954069e-03,2.752518843504471988e+02,4.479036816368320295e-02,nan,3.866789690858622703e-05,1.316516025515525712e+01,1.000000000000000000e+00,1.000000000000000000e+00,-1.000000000000000000e+00,0.000000000000000000e+00
1.170000000000000000e+02,6.381267650969101624e+01,1.601357672541023192e+01,-1.584798400034494528e-02,4.779441490226494693e+02,1.258858709649568475e-02,nan,3.217834061814191661e-05,2.170336683902057828e+01,1.000000000000000000e+00,1.000000000000000000e+00,-1.000000000000000000e+00,0.000000000000000000e+00
1.180000000000000000e+02,8.465222813412702862e+01,2.207569023816834175e+01,-8.405487499260948236e-03,2.536718149273716278e+02,3.031208612930558211e-02,nan,2.129271469937682752e-05,9.835076615842091030e+00,1.000000000000000000e+00,1.000000000000000000e+00,-1.000000000000000000e+00,0.000000000000000000e+00
1.190000000000000000e+02,1.436973733013121262e+02,3.897360209407729315e+01,-8.377022512150318276e-03,2.528140504529962413e+02,2.778215063162514653e-02,nan,1.953370525788883971e-05,9.395249968210597658e+00,1.000000000000000000e+00,1.000000000000000000e+00,-1.000000000000000000e+00,0.000000000000000000e+00
1.190000000000000000e+02,4.368981745672053307e+01,5.242817104186853072e+01,-6.878255701562401708e-03,2.076501822770246974e+02,2.925999269237300471e-02,nan,1.360373272471966079e-05,1.213224546716829622e+01,1.000000000000000000e+00,1.000000000000000000e+00,-1.000000000000000000e+00,0.000000000000000000e+00
1.190000000000000000e+02,1.345683823200523079e+02,3.675273613026089947e+01,-8.178651130032341121e-03,2.468363233719253742e+02,4.229965224280807234e-02,nan,3.192537864310505990e-05,9.395249968210597658e+00,1.000000000000000000e+00,1.000000000000000000e+00,-1.000000000000000000e+00,0.000000000000000000e+00
1.190000000000000000e+02,2.162434101087432126e+01,3.788394297908226349e+01,-8.655899654688024164e-03,2.612177396819590172e+02,1.625095776328322472e-02,nan,1.361985778209641203e-05,2.642763365730147029e+01,1.000000000000000000e+00,1.000000000000000000e+00,-1.000000000000000000e+00,0.000000000000000000e+00
1.220000000000000000e+02,1.406779535582539893e+02,2.347200431785559971e+01,-8.839751642858566585e-03,2.667579390638545078e+02,4.782769314544121908e-02,nan,3.873053930877746304e-05,1.461864214582515054e+01,1.000000000000000000e+00,1.000000000000000000e+00,-1.000000000000000000e+00,0.000000000000000000e+00
1.220000000000000000e+02,5.539417040943080650e+01,4.923450511788587391e+01,-2.308087007050013684e-03,6.993263008493747179e+01,2.431107968217973703e-01,nan,1.875940198379288934e-05,1.213224546716829622e+01,1.000000000000000000e+00,1.000000000000000000e+00,-1.000000000000000000e+00,0.000000000000000000e+00
1.230000000000000000e+02,7.752052519641067363e+01,2.884824848802133346e+01,-1.470703478362005677e-02,4.435627631688837482e+02,1.047047383795586262e-01,nan,2.558949693621374345e-04,9.835076615842091030e+00,1.000000000000000000e+00,1.000000000000000000e+00,-1.000000000000000000e+00,0.000000000000000000e+00
1.240000000000000000e+02,1.303377249309995101e+01,1.263826255128126519e+01,-8.139583797438638274e-03,2.456590676128678865e+02,3.437729100024300433e-02,nan,2.296057424422728708e-05,2.666725047171587093e+01,1.000000000000000000e+00,1.000000000000000000e+00,-1.000000000000000000e+00,0.000000000000000000e+00
1.280000000000000000e+02,4.888529604659134264e+01,1.281515935018850350e+01,-7.980774746022489818e-03,2.408735125734575035e+02,6.528440620942532746e-02,nan,4.250403418851032454e-05,4.779657558395980388e+00,1.000000000000000000e+00,1.000000000000000000e+00,-1.000000000000000000e+00,0.000000000000000000e+00
1.280000000000000000e+02,8.963031102142619488e+01,2.657100710092369056e+01,-7.905951796780948115e-03,2.386187963679680024e+02,3.385201347318300691e-02,nan,2.256710272645117828e-05,1.232204289324043955e+01,1.000000000000000000e+00,1.000000000000000000e+00,-1.000000000000000000e+00,0.000000000000000000e+00
1.310000000000000000e+02,1.358560148681065414e+02,4.211206472563085157e+01,-8.293077475430435733e-03,2.502844490862855196e+02,3.216928687847775414e-02,nan,2.192365591371702387e-05,3.427105939623842801e+01,1.000000000000000000e+00,1.000000000000000000e+00,-1.000000000000000000e+00,0.000000000000000000e+00
1.310000000000000000e+02,3.604463278868179543e+01,4.407354216143460235e+01,-1.532523091421396757e-03,4.656177199010745937e+01,3.650026432303852264e-01,nan,1.651697762224223272e-05,9.224389818839730637e+00,1.000000000000000000e+00,1.000000000000000000e+00,-1.000000000000000000e+00,0.000000000000000000e+00
1.320000000000000000e+02,1.533663646634767908e+01,4.453792747492336446e+01,-2.056051659262971183e-03,6.233779202025282018e+01,3.406754949895071105e-01,nan,2.344348629083306041e-05,1.959517248182542914e+01,1.000000000000000000e+00,1.000000000000000000e+00,-1.000000000000000000e+00,0.000000000000000000e+00
1.330000000000000000e+02,2.493552558267376185e+01,2.085849281890383011e+01,-1.158055282158903729e-02,3.493492950094625940e+02,1.852256856252054718e-02,nan,2.807818307772456837e-05,1.655361508825700767e+01,1.000000000000000000e+00,1.000000000000000000e+00,-1.000000000000000000e+00,0.000000000000000000e+00
1.330000000000000000e+02,6.245829010753524813e+01,3.382305324274296510e+01,-9.470282166771900115e-03,2.857583581162202222e+02,1.644620648466732504e-02,nan,1.485734918379056236e-05,1.462414684416950905e+01,1.000000000000000000e+00,1.000000000000000000e+00,-1.000000000000000000e+00,0.000000000000000000e+00
1.330000000000000000e+02,4.599840065077641782e+01,9.005833773507715634e+00,-7.899515768717731146e-03,2.384248529733248176e+02,5.335430795438234064e-02,nan,3.905349473481835949e-05,4.779657558395980388e+00,1.000000000000000000e+00,1.000000000000000000e+00,-1.000000000000000000e+00,0.000000000000000000e+00
1.340000000000000000e+02,1.712606920884220330e+01,5.833131094667180605e+00,-7.748665732113827961e-03,2.338791350408289134e+02,4.398618481870808505e-02,nan,2.680753792351623949e-05,1.693366775978949335e+01,1.000000000000000000e+00,1.000000000000000000e+00,-1.000000000000000000e+00,0.000000000000000000e+00
1.360000000000000000e+02,3.270913427631577264e+01,3.547332023383772537e+01,-7.735724095796102200e-03,2.334891515207068835e+02,3.310503123792363223e-02,nan,1.885815395692742185e-05,9.224389818839730637e+00,1.000000000000000000e+00,1.000000000000000000e+00,-1.000000000000000000e+00,0.000000000000000000e+00
1.370000000000000000e+02,6.455700907629341145e+01,4.829582248743168549e+01,-1.793290503102601147e-03,5.441974223775351760e+01,3.154739280735459062e-01,nan,1.682373422653133765e-05,1.462414684416950905e+01,1.000000000000000000e+00,1.000000000000000000e+00,-1.000000000000000000e+00,0.000000000000000000e+00
1.400000000000000000e+02,6.183765401367827153e+00,3.232105074819349255e+01,-8.631153747884607458e-03,2.604720460457849072e+02,3.077924041830037982e-02,nan,2.327010214909089875e-05,2.671201970765559608e+01,1.000000000000000000e+00,1.000000000000000000e+00,-1.000000000000000000e+00,0.000000000000000000e+00
1.420000000000000000e+02,1.085428275751301754e+02,8.105029911701013390e+00,-5.257840441646792658e-03,1.588205573666268435e+02,1.507321096365772384e-01,nan,5.299071419809240274e-05,8.173119482960672144e+00,1.000000000000000000e+00,1.000000000000000000e+00,-1.000000000000000000e+00,0.000000000000000000e+00
1.450000000000000000e+02,5.330969742153654067e+01,3.808950981038186256e+01,-8.129404151217014401e-03,2.453523139559390245e+02,2.295603560432935009e-02,nan,1.589588042940683901e-05,1.645478196005741722e+01,1.000000000000000000e+00,1.000000000000000000e+00,-1.000000000000000000e+00,0.000000000000000000e+00
1.460000000000000000e+02,4.784857002534749171e+01,2.112224038714857599e+01,-1.596515973217036647e-03,4.849013473286468212e+01,3.159378009507516349e-01,nan,1.428766440839329865e-05,1.782448159464935955e+01,1.000000000000000000e+00,1.000000000000000000e+00,-1.000000000000000000e+00,0.000000000000000000e+00
1.480000000000000000e+02,1.443619621814002869e+02,3.735491827803663512e+01,-9.259181927062239484e-03,2.793970593932900215e+02,3.928153648964050060e-02,nan,3.413189954575025482e-05,2.735108233062864969e+01,1.000000000000000000e+00,1.000000000000000000e+00,-1.000000000000000000e+00,0.000000000000000000e+00
1.480000000000000000e+02,1.196505848403447629e+02,4.907795263629023452e+01,-8.239935349713910923e-03,2.486830632379355848e+02,3.271532549380451460e-02,nan,2.265302528039092773e-05,1.516409724470813281e+01,1.000000000000000000e+00,1.000000000000000000e+00,-1.000000000000000000e+00,0.000000000000000000e+00
1.480000000000000000e+02,6.587123363851193858e+01,4.871813423796638176e+01,-8.427346581100824199e-03,2.543305169240329064e+02,1.812486989020367645e-02,nan,1.308236138413015507e-05,1.645478196005741722e+01,1.000000000000000000e+00,1.000000000000000000e+00,-1.000000000000000000e+00,0.000000000000000000e+00
1.520000000000000000e+02,1.057962814666375237e+02,4.741054544277795380e+00,-8.108998656900465521e-03,2.447374143939340172e+02,4.902904075319436394e-02,nan,3.739335348225579438e-05,7.087885413577525995e+00,1.000000000000000000e+00,1.000000000000000000e+00,-1.000000000000000000e+00,0.000000000000000000e+00
1.530000000000000000e+02,2.558438634842552872e+01,4.063123627988704811e+01,-8.810090573251874377e-03,2.658641318163151368e+02,3.026009138594609738e-02,nan,2.305268208211189005e-05,1.750238079259615276e+01,1.000000000000000000e+00,1.000000000000000000e+00,-1.000000000000000000e+00,0.000000000000000000e+00
1.530000000000000000e+02,8.861942499563669173e+01,1.884974751859355990e+01,-1.613694484594637357e-03,4.900779232832014287e+01,3.104366992725350327e-01,nan,1.335369600401975879e-05,1.741904483688909622e+01,1.000000000000000000e+00,1.000000000000000000e+00,-1.000000000000000000e+00,0.000000000000000000e+00
1.530000000000000000e+02,8.513448320617376908e+01,4.100603841506421787e+01,-1.494256824374199343e-03,4.540865555578489676e+01,3.728939953127369256e-01,nan,1.615643165762193137e-05,2.074967965747058685e+01,1.000000000000000000e+00,1.000000000000000000e+00,-1.000000000000000000e+00,0.000000000000000000e+00
1.540000000000000000e+02,3.074850660569326166e+01,1.440083436392568395e+01,-7.453178798152076089e-03,2.249749260345355140e+02,3.626530122758364616e-02,nan,2.061688097392730312e-05,7.587449543225546655e+00,1.000000000000000000e+00,1.000000000000000000e+00,-1.000000000000000000e+00,0.000000000000000000e+00
1.540000000000000000e+02,1.045084413714146621e+02,1.171096039193036020e+01,-8.331960997186442161e-03,2.514561658859902877e+02,3.393302061208280929e-02,nan,2.920920396168539881e-05,7.087885413577525995e+00,1.000000000000000000e+00,1.000000000000000000e+00,-1.000000000000000000e+00,0.000000000000000000e+00
1.540000000000000000e+02,4.161226214342841700e+01,3.359984019454245896e+01,-6.062580939537764134e-03,1.830706231579533494e+02,6.578573232665974047e-02,nan,2.513591987521922183e-05,1.750238079259615276e+01,1.000000000000000000e+00,1.000000000000000000e+00,-1.000000000000000000e+00,0.000000000000000000e+00
1.590000000000000000e+02,6.994539328681138102e+01,4.683014746079023638e+01,-1.602041694589533341e-02,4.831402467524739563e+02,5.472727169170354955e-03,nan,1.591866284833209924e-05,2.523281766468666021e+01,1.000000000000000000e+00,1.000000000000000000e+00,-1.000000000000000000e+00,0.000000000000000000e+00
1.600000000000000000e+02,9.586832788577130771e+01,1.943391262362751348e+01,-7.234197878907974548e-03,2.183761507614734114e+02,2.751176774531183256e-02,nan,1.433541909707549872e-05,3.013246632150298154e+01,1.000000000000000000e+00,1.000000000000000000e+00,-1.000000000000000000e+00,0.000000000000000000e+00
1.610000000000000000e+02,9.359132392094558384e+00,5.139878271380885622e+01,-7.640560957094551416e-03,2.306215036510275525e+02,3.229262406365884797e-02,nan,1.893105751879305848e-05,4.652107401597653080e+01,1.000000000000000000e+00,1.000000000000000000e+00,-1.000000000000000000e+00,0.000000000000000000e+00
1.610000000000000000e+02,9.503068212049821284e+01,4.955473393029894424e+01,1.823169011638351008e-03,-5.532010179420373674e+01,3.115810593504364512e-01,nan,1.730848670057639745e-05,2.523281766468666021e+01,1.000000000000000000e+00,1.000000000000000000e+00,-1.000000000000000000e+00,0.000000000000000000e+00
1.670000000000000000e+02,5.879965473239450624e+00,4.886507999348019382e+01,1.470208705014463234e-03,-4.468398905998952131e+01,3.398626945465287319e-01,nan,1.319641137905434507e-05,1.490802868789009317e+01,1.000000000000000000e+00,1.000000000000000000e+00,-1.000000000000000000e+00,0.000000000000000000e+00
1.680000000000000000e+02,1.185748552227226504e+01,3.094002794455299110e+01,-8.149656662925790565e-03,2.459626035370705210e+02,3.121957953199738789e-02,nan,2.195219032724235543e-05,7.339515382806381716e+00,1.000000000000000000e+00,1.000000000000000000e+00,-1.000000000000000000e+00,0.000000000000000000e+00
1.680000000000000000e+02,5.074641631881137016e+01,4.014848312012056653e+01,1.334825632763519520e-03,-4.060435293167068949e+01,3.516307834578757952e-01,nan,1.195440155526839433e-05,1.352853203541750027e+01,1.000000000000000000e+00,1.000000000000000000e+00,-1.000000000000000000e+00,0.000000000000000000e+00
1.690000000000000000e+02,1.403887823068436091e+02,1.448665787602424615e+01,-8.249658589466900629e-03,2.489760635334753260e+02,2.260522799574671282e-02,nan,1.509307700333449254e-05,1.967780033468799061e+01,1.000000000000000000e+00,1.000000000000000000e+00,-1.000000000000000000e+00,0.000000000000000000e+00
1.690000000000000000e+02,8.730335245181598225e+01,1.010537423412600511e+01,-1.432826655068839775e-03,4.355751764097708190e+01,3.587403902612641415e-01,nan,1.351843798958350033e-05,2.851441355065827565e+01,1.000000000000000000e+00,1.000000000000000000e+00,-1.000000000000000000e+00,0.000000000000000000e+00
1.700000000000000000e+02,6.378282619781025886e+01,3.653279556447395748e+01,-7.760360662370865623e-03,2.342315502963074039e+02,3.468309957702309099e-02,nan,2.078051630558240174e-05,6.865047038830227599e+00,1.000000000000000000e+00,1.000000000000000000e+00,-1.000000000000000000e+00,0.000000000000000000e+00
1.700000000000000000e+02,2.473414207494489148e+01,4.639352093840896885e+01,-9.013325915604067373e-03,2.719884295695408696e+02,2.185066775455435373e-02,nan,1.745559797761715495e-05,1.299008541897484470e+01,1.000000000000000000e+00,1.000000000000000000e+00,-1.000000000000000000e+00,0.000000000000000000e+00
1.710000000000000000e+02,1.056705054455048476e+01,5.007313112604404814e+00,-6.573377477773852638e-03,1.984629759607138340e+02,5.253663604991776204e-02,nan,2.362486871082080707e-05,2.596480157803818045e+01,1.000000000000000000e+00,1.000000000000000000e+00,-1.000000000000000000e+00,0.000000000000000000e+00
1.710000000000000000e+02,1.223945671931472816e+02,6.522736200500967918e+00,-2.402565557709418313e-03,7.277964856526024562e+01,3.631414694616684757e-01,nan,4.004668171853018732e-05,1.967780033468799061e+01,1.000000000000000000e+00,1.000000000000000000e+00,-1.000000000000000000e+00,0.000000000000000000e+00
1.720000000000000000e+02,5.623486771108633064e+01,1.707459459294109294e+01,-2.545200078401465074e-03,7.707779998172476610e+01,3.036093064590157375e-01,nan,3.263082745789452541e-05,5.842841266928248345e+00,1.000000000000000000e+00,1.000000000000000000e+00,-1.000000000000000000e+00,0.000000000000000000e+00
1.740000000000000000e+02,6.958392792921183911e+01,4.970539608550077304e+01,-8.160504062374184658e-03,2.462894792827025015e+02,1.662350281496405291e-02,nan,1.158636682189913179e-05,1.439340771966897137e+01,1.000000000000000000e+00,1.000000000000000000e+00,-1.000000000000000000e+00,0.000000000000000000e+00
1.740000000000000000e+02,6.843112214543526761e+01,3.148084389916236248e+01,-9.015326301325473843e-03,2.720487092317167708e+02,2.352730513572465210e-02,nan,1.925925209415973226e-05,6.865047038830227599e+00,1.000000000000000000e+00,1.000000000000000000e+00,-1.000000000000000000e+00,0.000000000000000000e+00
1.750000000000000000e+02,6.194379285780130573e+01,1.583082301434432182e+01,-8.961112707547423673e-03,2.704150357439932009e+02,1.782424861928377791e-02,nan,1.461119978749103447e-05,5.842841266928248345e+00,1.000000000000000000e+00,1.000000000000000000e+00,-1.000000000000000000e+00,0.000000000000000000e+00
1.760000000000000000e+02,2.421453817564488986e+01,3.254562067760163302e+01,-8.820957396936916425e-03,2.661915928922714443e+02,2.263077695955950652e-02,nan,1.824253438540134956e-05,1.859345614160872628e+01,1.000000000000000000e+00,1.000000000000000000e+00,-1.000000000000000000e+00,0.000000000000000000e+00
1.800000000000000000e+02,9.631773148675750917e+01,3.722251697807748627e+01,-8.096721328102090068e-03,2.443674491295008124e+02,4.330528823081114531e-02,nan,2.834569636371394964e-05,2.448636508701483905e+01,1.000000000000000000e+00,1.000000000000000000e+00,-1.000000000000000000e+00,0.000000000000000000e+00
1.820000000000000000e+02,1.041533510507293556e+02,8.174931267160223669e+00,-8.123869904600192204e-03,2.451855448609138932e+02,2.861183429248981280e-02,nan,1.951628117295886217e-05,1.526828956396222736e+01,1.000000000000000000e+00,1.000000000000000000e+00,-1.000000000000000000e+00,0.000000000000000000e+00
1.830000000000000000e+02,1.299908632296316000e+02,1.863598653125206184e+01,-9.224182499074173522e-03,2.783423859506166309e+02,3.480982903568896614e-02,nan,2.929841910188301605e-05,2.461429394696165218e+01,1.000000000000000000e+00,1.000000000000000000e+00,-1.000000000000000000e+00,0.000000000000000000e+00
1.830000000000000000e+02,1.587767576719259210e+01,2.067266304577260172e+01,-1.458753191814298952e-03,4.433878840275227162e+01,3.505208811127918933e-01,nan,1.434062327131501981e-05,8.906249512037099691e+00,1.000000000000000000e+00,1.000000000000000000e+00,-1.000000000000000000e+00,0.000000000000000000e+00
1.840000000000000000e+02,8.654902371833205876e+00,5.083003102960809372e+01,-8.195229317991284401e-03,2.473358908098248605e+02,3.516538649376288461e-02,nan,2.303514595670216083e-05,3.101024506889904231e+01,1.000000000000000000e+00,1.000000000000000000e+00,-1.000000000000000000e+00,0.000000000000000000e+00
1.870000000000000000e+02,7.447308022993649956e+01,1.279314361605120176e+01,-8.400102372652214211e-03,2.535095394175660886e+02,2.633038017398736663e-02,nan,1.815192166024329922e-05,1.387137599479778416e+01,1.000000000000000000e+00,1.000000000000000000e+00,-1.000000000000000000e+00,0.000000000000000000e+00
1.870000000000000000e+02,1.031953155170079839e+02,2.408934701092387698e+01,-1.504614392741267931e-02,4.537814846933541162e+02,8.452641022383744485e-03,nan,2.022891385986784536e-05,1.594322616502774181e+01,1.000000000000000000e+00,1.000000000000000000e+00,-1.000000000000000000e+00,0.000000000000000000e+00
1.870000000000000000e+02,4.043826458802328716e+01,2.670248462604399364e+01,-8.717897312498792961e-03,2.630859783064093449e+02,2.486803430856654451e-02,nan,1.893809427422775803e-05,1.263327248055720986e+01,1.000000000000000000e+00,1.000000000000000000e+00,-1.000000000000000000e+00,0.000000000000000000e+00
1.870000000000000000e+02,2.202248340774351121e+01,1.422575530397203281e+01,-2.480148915847167363e-03,7.511754698603458280e+01,2.949930661838576773e-01,nan,2.884195788668973730e-05,8.906249512037099691e+00,1.000000000000000000e+00,1.000000000000000000e+00,-1.000000000000000000e+00,0.000000000000000000e+00
1.880000000000000000e+02,1.222180797332151343e+02,4.971332318745321288e+01,-1.753992356049497575e-02,5.289290885852971087e+02,8.702642234738044991e-03,nan,2.738739753045648371e-05,8.567182031022884559e+00,1.000000000000000000e+00,1.000000000000000000e+00,-1.000000000000000000e+00,0.000000000000000000e+00
1.880000000000000000e+02,2.919564709676678760e+01,2.032905175825682420e+01,-1.493220469545616762e-02,4.503480376649022787e+02,9.882256108794451599e-03,nan,2.207784990308923328e-05,9.418306902963362148e+00,1.000000000000000000e+00,1.000000000000000000e+00,-1.000000000000000000e+00,0.000000000000000000e+00
1.880000000000000000e+02,6.266694770702861206e+01,5.510952541890290490e+00,-2.032370264669746112e-03,6.162417641569320637e+01,2.122626695447531464e-01,nan,1.174719863748157633e-05,1.387137599479778416e+01,1.000000000000000000e+00,1.000000000000000000e+00,-1.000000000000000000e+00,0.000000000000000000e+00
1.950000000000000000e+02,3.734193333655957048e+01,2.482431237895366039e+01,-6.323780220388992845e-03,1.909416073595557179e+02,5.173661621362612983e-02,nan,2.086324517225273553e-05,1.767984035910004437e+01,1.000000000000000000e+00,1.000000000000000000e+00,-1.000000000000000000e+00,0.000000000000000000e+00
1.950000000000000000e+02,9.707126190471181815e+01,4.007089797553678778e+01,-8.736816481881093735e-03,2.636560889239815992e+02,2.041516320765113246e-02,nan,1.519964970830857794e-05,1.858561590204745428e+01,1.000000000000000000e+00,1.000000000000000000e+00,-1.000000000000000000e+00,0.000000000000000000e+00
1.950000000000000000e+02,5.294633793665310151e+01,1.651291585370938009e+01,-2.075818962663058750e-03,6.293346032478766006e+01,2.199059572005400698e-01,nan,1.315690756649865920e-05,1.767984035910004437e+01,1.000000000000000000e+00,1.000000000000000000e+00,-1.000000000000000000e+00,0.000000000000000000e+00
1.960000000000000000e+02,1.032492386029552023e+01,2.576853987025329928e+01,-7.159311598465291013e-03,2.161195261323388195e+02,4.143023780924703914e-02,nan,2.097213701774800659e-05,1.808536547107086179e+01,1.000000000000000000e+00,1.000000000000000000e+00,-1.000000000000000000e+00,0.000000000000000000e+00
1.960000000000000000e+02,1.331973674153901470e+02,4.489930827689095594e+01,-1.783424890444838991e-03,5.412245167433652426e+01,3.541880353351712918e-01,nan,2.046814740644907482e-05,7.335757185457887353e+00,1.000000000000000000e+00,1.000000000000000000e+00,-1.000000000000000000e+00,0.000000000000000000e+00
1.970000000000000000e+02,3.710665939001337676e+01,4.618721726521088300e+01,-1.731930024341459201e-03,5.257070437915853489e+01,3.372938632096325051e-01,nan,1.752564761185623044e-05,1.807956040620871363e+01,1.000000000000000000e+00,1.000000000000000000e+00,-1.000000000000000000e+00,0.000000000000000000e+00
1.990000000000000000e+02,7.653414250270058972e+01,1.806233264862130028e+01,-8.841470155949915019e-03,2.668097247707223687e+02,1.893241590885580417e-01,nan,1.921872980952950250e-04,2.363863821480429195e+01,1.000000000000000000e+00,1.000000000000000000e+00,-1.000000000000000000e+00,0.000000000000000000e+00
1.990000000000000000e+02,7.891366109254208538e+01,4.403658217934477648e+01,-7.823237301571930868e-03,2.361262761630425473e+02,2.326757356560216206e-02,nan,1.527719557150257192e-05,1.858561590204745428e+01,1.000000000000000000e+00,1.000000000000000000e+00,-1.000000000000000000e+00,0.000000000000000000e+00
2.000000000000000000e+02,3.221480886163006829e+01,7.651194046768181600e+00,-1.559877055401931402e-03,4.738605687190473503e+01,3.140845497942881259e-01,nan,1.297093177928311309e-05,6.654003021536233575e+00,1.000000000000000000e+00,1.000000000000000000e+00,-1.000000000000000000e+00,0.000000000000000000e+00
2.010000000000000000e+02,2.771383765105142416e+01,3.073906513423309406e+01,-1.587232871570588150e-02,4.786777531481047276e+02,9.767889062062495853e-03,nan,2.637184339725251434e-05,1.807956040620871363e+01,1.000000000000000000e+00,1.000000000000000000e+00,-1.000000000000000000e+00,0.000000000000000000e+00
2.030000000000000000e+02,1.159718086521457820e+02,3.398967386958557313e+01,-9.220119556571542904e-03,2.782199531623409143e+02,2.538967351260590366e-02,nan,2.201408148600336254e-05,2.795555507175593490e+01,1.000000000000000000e+00,1.000000000000000000e+00,-1.000000000000000000e+00,0.000000000000000000e+00
2.040000000000000000e+02,3.875431689200107854e+01,8.880255042539502597e+00,-1.701617948700941477e-03,5.165727970315346340e+01,3.006208170927109347e-01,nan,1.407982438916507542e-05,6.654003021536233575e+00,1.000000000000000000e+00,1.000000000000000000e+00,-1.000000000000000000e+00,0.000000000000000000e+00
2.060000000000000000e+02,5.816496155322598582e+01,3.024027988676999001e+01,-1.528624080145753704e-02,4.610165685584493076e+02,6.627970000961824759e-03,nan,1.823819054115589941e-05,2.886215147057617969e+01,1.000000000000000000e+00,1.000000000000000000e+00,-1.000000000000000000e+00,0.000000000000000000e+00
2.060000000000000000e+02,9.233911175569720342e+01,4.892314957923095875e+01,-8.996591150657940947e-03,2.714841438376689098e+02,2.839278955706869834e-02,nan,2.251372252632296761e-05,1.606877352514349155e+01,1.000000000000000000e+00,1.000000000000000000e+00,-1.000000000000000000e+00,0.000000000000000000e+00
2.060000000000000000e+02,9.090637121874101467e+01,1.882937136153948288e+01,-7.598491796387123534e-03,2.293537907452962656e+02,4.704926807719067572e-02,nan,2.866713963612108138e-05,2.557267587315259050e+01,1.000000000000000000e+00,1.000000000000000000e+00,-1.000000000000000000e+00,0.000000000000000000e+00
2.110000000000000000e+02,1.055587004607462092e+02,3.978816424417468767e+01,-7.618717210629196053e-03,2.299632637708398875e+02,3.201065262307822845e-02,nan,1.826024224187426624e-05,1.536774812691370506e+01,1.000000000000000000e+00,1.000000000000000000e+00,-1.000000000000000000e+00,0.000000000000000000e+00
2.120000000000000000e+02,2.160230786650351220e+01,2.967590588399844975e+01,-9.522457051482743212e-03,2.873305971053213170e+02,7.985958652849423078e-02,nan,7.610981194133607743e-05,6.195363070799882799e+00,1.000000000000000000e+00,1.000000000000000000e+00,-1.000000000000000000e+00,0.000000000000000000e+00
2.130000000000000000e+02,7.220210482409036956e+01,9.310958154012908494e+00,-8.392344322770278753e-03,2.532757581917642540e+02,2.987073486439240089e-02,nan,2.109889656838069468e-05,1.943970581706210865e+01,1.000000000000000000e+00,1.000000000000000000e+00,-1.000000000000000000e+00,0.000000000000000000e+00
2.130000000000000000e+02,9.122258457496387862e+00,1.930163960796639344e+01,-8.792027957043700367e-03,2.653198325887260580e+02,3.587497559327545993e-02,nan,2.804282189199735180e-05,6.231112948264981632e+00,1.000000000000000000e+00,1.000000000000000000e+00,-1.000000000000000000e+00,0.000000000000000000e+00
2.150000000000000000e+02,9.318831080775170506e+01,3.066998776390484238e+01,-1.740493402446802521e-02,5.248613112851945743e+02,6.637630827016516299e-03,nan,1.990355689647993546e-05,1.239225463806177885e+01,1.000000000000000000e+00,1.000000000000000000e+00,-1.000000000000000000e+00,0.000000000000000000e+00
2.150000000000000000e+02,1.786531632847490769e+01,3.515118661332358130e+01,-8.953540569639702879e-03,2.701868567932327210e+02,8.627941430482677365e-02,nan,7.381382510025983712e-05,6.629012356317986132e+00,1.000000000000000000e+00,1.000000000000000000e+00,-1.000000000000000000e+00,0.000000000000000000e+00
2.160000000000000000e+02,8.906427425258846142e+01,1.898408610822414033e+01,-2.077070166520323877e-03,6.297116412612058411e+01,2.809662667002984504e-01,nan,1.858725782691581627e-05,1.239225463806177885e+01,1.000000000000000000e+00,1.000000000000000000e+00,-1.000000000000000000e+00,0.000000000000000000e+00
2.160000000000000000e+02,7.548960688873130209e+01,3.466120423935509365e+01,-8.837422033100245794e-03,2.666877385581567523e+02,1.559767077447771211e-02,nan,1.101404479800473746e-05,1.044627110243428625e+01,1.000000000000000000e+00,1.000000000000000000e+00,-1.000000000000000000e+00,0.000000000000000000e+00
2.170000000000000000e+02,1.516767445419884375e+01,2.081151178826827675e+01,-8.769951961996933290e-03,2.646545941252759349e+02,3.007693875640138348e-02,nan,2.366280621922124040e-05,6.231112948264981632e+00,1.000000000000000000e+00,1.000000000000000000e+00,-1.000000000000000000e+00,0.000000000000000000e+00
2.190000000000000000e+02,7.185501105980688408e+01,2.486761995647281154e+01,-8.346491805292960073e-03,2.518940375396571199e+02,1.883308729939503490e-02,nan,1.311296068944264383e-05,1.044627110243428625e+01,1.000000000000000000e+00,1.000000000000000000e+00,-1.000000000000000000e+00,0.000000000000000000e+00
2.210000000000000000e+02,1.423461563449013454e+02,3.316540768680635409e+01,-9.384945349288414604e-03,2.831868168009510214e+02,5.643152768061387992e-02,nan,5.569834590902219098e-05,7.121145258762123120e+00,1.000000000000000000e+00,1.000000000000000000e+00,-1.000000000000000000e+00,0.000000000000000000e+00
2.240000000000000000e+02,1.204128841853422642e+02,4.599902244022148068e+01,-8.701556835139446361e-03,2.625935740443343889e+02,2.479503231519841755e-02,nan,2.003307644545975730e-05,1.201717150680511814e+01,1.000000000000000000e+00,1.000000000000000000e+00,-1.000000000000000000e+00,0.000000000000000000e+00
2.240000000000000000e+02,1.358081000834271492e+02,3.598755759745750993e+01,-8.549425591869587449e-03,2.580092482052858145e+02,5.841015691705131463e-02,nan,5.020944558153695196e-05,6.626305096016447571e+00,1.000000000000000000e+00,1.000000000000000000e+00,-1.000000000000000000e+00,0.000000000000000000e+00
2.240000000000000000e+02,1.904271224521592742e+01,1.315358510067459186e+01,-1.534902213878004814e-03,4.663346451241691426e+01,3.204167230277693568e-01,nan,1.288272300723847328e-05,1.953129087116732521e+01,1.000000000000000000e+00,1.000000000000000000e+00,-1.000000000000000000e+00,0.000000000000000000e+00
2.260000000000000000e+02,3.857271558112339704e+01,1.292932455223338906e+01,-2.793001873553407812e-03,8.454506408908869730e+01,2.105353713515542013e-01,nan,2.335216404635211417e-05,1.287911349830170238e+01,1.000000000000000000e+00,1.000000000000000000e+00,-1.000000000000000000e+00,0.000000000000000000e+00
2.260000000000000000e+02,8.943155800903784325e+01,3.220880123367496850e+01,1.165651726311207111e-03,-3.550646314931739056e+01,3.583918256937991265e-01,nan,9.717360388206477205e-06,2.060052473383257166e+01,1.000000000000000000e+00,1.000000000000000000e+00,-1.000000000000000000e+00,0.000000000000000000e+00
2.270000000000000000e+02,1.295667474160034374e+02,3.821318921709640648e+01,-9.404063331237499934e-03,2.837629184402716760e+02,4.423728034942708831e-02,nan,3.920023194934660175e-05,6.626305096016447571e+00,1.000000000000000000e+00,1.000000000000000000e+00,-1.000000000000000000e+00,0.000000000000000000e+00
2.290000000000000000e+02,1.065224451657704634e+02,4.371024442594782045e+01,-2.565765757711898232e-03,7.769752656144623870e+01,1.592473078407623532e-01,nan,1.337089655290318567e-05,1.407774133002397754e+01,1.000000000000000000e+00,1.000000000000000000e+00,-1.000000000000000000e+00,0.000000000000000000e+00
2.300000000000000000e+02,2.597926332089085122e+01,1.023182113770711155e+01,-1.730343269474947723e-02,5.218026682443228310e+02,9.625555449449985090e-03,nan,3.339112253051633152e-05,7.036346919150318513e+00,1.000000000000000000e+00,1.000000000000000000e+00,-1.000000000000000000e+00,0.000000000000000000e+00
2.310000000000000000e+02,1.318821077640970607e+01,4.322679938775196007e+01,-8.342506259569296145e-03,2.517739370274218231e+02,2.813476113836965720e-02,nan,2.012331909281650451e-05,1.516472288545165981e+01,1.000000000000000000e+00,1.000000000000000000e+00,-1.000000000000000000e+00,0.000000000000000000e+00
2.320000000000000000e+02,8.751237821430760278e+01,7.363341576606710959e+00,-2.986025873472133649e-02,9.001903079835798280e+02,4.031152461285270050e-03,nan,4.234415250551020035e-05,1.390645062750903094e+01,1.000000000000000000e+00,1.000000000000000000e+00,-1.000000000000000000e+00,0.000000000000000000e+00
2.330000000000000000e+02,2.758501891849738286e+01,1.708249460295061795e+01,-7.759347263611588927e-03,2.342010125184153821e+02,7.662402097422960079e-02,nan,5.165962899277208001e-05,7.036346919150318513e+00,1.000000000000000000e+00,1.000000000000000000e+00,-1.000000000000000000e+00,0.000000000000000000e+00
2.340000000000000000e+02,9.054407271609318286e+01,2.093530523346894867e+01,-8.071156198580236793e-03,2.435970690200202000e+02,3.124601091217327209e-02,nan,2.043421731723651022e-05,1.390645062750903094e+01,1.000000000000000000e+00,1.000000000000000000e+00,-1.000000000000000000e+00,0.000000000000000000e+00
2.340000000000000000e+02,1.401598622771322482e+02,3.407837990976418041e+01,-2.150810890702365558e-03,6.519326854065054988e+01,3.108470643673683087e-01,nan,2.496445444854176942e-05,3.556046866809631890e+00,1.000000000000000000e+00,1.000000000000000000e+00,-1.000000000000000000e+00,0.000000000000000000e+00
2.350000000000000000e+02,1.259732555903683107e+02,8.376295000172914840e+00,-7.521917873703194354e-03,2.270463106720903284e+02,5.254074044855616687e-02,nan,3.184668009661048392e-05,5.144168187880101328e+00,1.000000000000000000e+00,1.000000000000000000e+00,-1.000000000000000000e+00,0.000000000000000000e+00
2.350000000000000000e+02,2.621380421999986510e+01,5.099228299373828577e+01,-7.574872226850354329e-03,2.286420381781884998e+02,2.557718148854271067e-02,nan,1.489541105704745875e-05,1.084775370490733160e+01,1.000000000000000000e+00,1.000000000000000000e+00,-1.000000000000000000e+00,0.000000000000000000e+00
2.360000000000000000e+02,1.060100956550542435e+02,2.866630094322563593e+01,-8.172686422938953144e-03,2.466565827725399345e+02,3.339624241092653545e-02,nan,2.172788166791497647e-05,1.474393683416095513e+01,1.000000000000000000e+00,1.000000000000000000e+00,-1.000000000000000000e+00,0.000000000000000000e+00
2.360000000000000000e+02,1.326378603306117157e+02,4.121426779714782640e+01,-8.089511151231180974e-03,2.441501775196528001e+02,3.510910468985739552e-02,nan,2.270855015679802423e-05,1.036828863529402867e+01,1.000000000000000000e+00,1.000000000000000000e+00,-1.000000000000000000e+00,0.000000000000000000e+00
2.360000000000000000e+02,5.601612646058548250e+01,2.142025542608094568e+01,-1.832832064847838421e-03,5.561128842727275412e+01,2.686738250555581464e-01,nan,1.361076453332758001e-05,2.876011204825988088e+01,1.000000000000000000e+00,1.000000000000000000e+00,-1.000000000000000000e+00,0.000000000000000000e+00
2.380000000000000000e+02,1.176187385315672316e+02,1.941619329520181125e+01,-8.860269381730579916e-03,2.673762210054736670e+02,2.404004355436306639e-02,nan,1.887562169037289934e-05,9.136943840534801353e+00,1.000000000000000000e+00,1.000000000000000000e+00,-1.000000000000000000e+00,0.000000000000000000e+00
2.400000000000000000e+02,1.209060567568857323e+02,9.262840163799923587e+00,-8.380930140677946699e-03,2.529318030069330518e+02,3.720264985822974158e-02,nan,2.563919314605619598e-05,5.144168187880101328e+00,1.000000000000000000e+00,1.000000000000000000e+00,-1.000000000000000000e+00,0.000000000000000000e+00
2.400000000000000000e+02,1.102864945652983693e+02,1.305014706252461387e+01,-8.514228126226576487e-03,2.569486070920724501e+02,3.023976711962583774e-02,nan,2.275382526469047829e-05,9.571911964259205874e+00,1.000000000000000000e+00,1.000000000000000000e+00,-1.000000000000000000e+00,0.000000000000000000e+00
2.430000000000000000e+02,1.090322052449418209e+02,2.253952306689750529e+01,-8.989711102173376586e-03,2.712768203230260724e+02,3.226756808042452462e-02,nan,2.937230444678058344e-05,9.136943840534801353e+00,1.000000000000000000e+00,1.000000000000000000e+00,-1.000000000000000000e+00,0.000000000000000000e+00
2.430000000000000000e+02,1.243193741676865898e+02,5.309681829756792126e+01,-7.227289092017244974e-03,2.181679612431410931e+02,4.568971377145603086e-02,nan,2.460312838561515928e-05,1.620058476404621928e+01,1.000000000000000000e+00,1.000000000000000000e+00,-1.000000000000000000e+00,0.000000000000000000e+00
2.440000000000000000e+02,4.586583645454749814e+01,7.353458863373020016e+00,-7.041297358291247546e-03,2.125632827271241183e+02,3.160355165400241528e-02,nan,1.561280550369573253e-05,2.142842180977105215e+01,1.000000000000000000e+00,1.000000000000000000e+00,-1.000000000000000000e+00,0.000000000000000000e+00
2.440000000000000000e+02,6.511402958938025165e+01,1.677069424864660618e+01,-1.832344671158350324e-03,5.559660129636864667e+01,2.790207136803178889e-01,nan,1.516464295116297686e-05,2.142842180977105215e+01,1.000000000000000000e+00,1.000000000000000000e+00,-1.000000000000000000e+00,0.000000000000000000e+00
2.450000000000000000e+02,7.510487282430099754e+01,4.160969351316263243e+01,-2.627221691087249303e-02,7.920681859847513806e+02,3.842849874600595683e-03,nan,3.039620711099414498e-05,1.782369259554864627e+01,1.000000000000000000e+00,1.000000000000000000e+00,-1.000000000000000000e+00,0.000000000000000000e+00
2.460000000000000000e+02,1.180341605662991213e+02,1.495972295601056956e+01,-7.446124200914945417e-03,2.247623426643931168e+02,4.449309860703354325e-02,nan,2.536870176126822466e-05,1.176811664323202677e+01,1.000000000000000000e+00,1.000000000000000000e+00,-1.000000000000000000e+00,0.000000000000000000e+00
2.480000000000000000e+02,9.362502781637040528e+01,4.370763069685946789e+01,-1.718351450873940086e-03,5.216152738259545885e+01,3.347221323565129358e-01,nan,1.724548132213747610e-05,1.387615790013251349e+01,1.000000000000000000e+00,1.000000000000000000e+00,-1.000000000000000000e+00,0.000000000000000000e+00
2.500000000000000000e+02,5.854956211540641675e+01,4.881719801160564742e+01,-8.838055647353309022e-03,2.667068319023632057e+02,1.703612202937210274e-02,nan,1.325343656416373750e-05,1.292230395052627046e+01,1.000000000000000000e+00,1.000000000000000000e+00,-1.000000000000000000e+00,0.000000000000000000e+00
2.520000000000000000e+02,1.226636673537598341e+02,3.755664142362191882e+01,-1.519751643900444683e-02,4.583429468972806831e+02,1.240988733964532020e-02,nan,2.855008464149147066e-05,1.896774139193611219e+01,1.000000000000000000e+00,1.000000000000000000e+00,-1.000000000000000000e+00,0.000000000000000000e+00
2.520000000000000000e+02,1.374465933978662235e+02,7.191913796915867962e+00,-8.507482051863496375e-03,2.567453207562081161e+02,4.608534188305701829e-02,nan,3.413086396144989442e-05,2.684675776953251258e+01,1.000000000000000000e+00,1.000000000000000000e+00,-1.000000000000000000e+00,0.000000000000000000e+00
2.520000000000000000e+02,1.141824274613732797e+02,2.059068187518619197e+01,-8.771833071571194865e-03,2.647112795177174576e+02,2.682339944417244659e-02,nan,2.117692735224956192e-05,1.896774139193611219e+01,1.000000000000000000e+00,1.000000000000000000e+00,-1.000000000000000000e+00,0.000000000000000000e+00
2.550000000000000000e+02,6.562490395112982355e+01,3.800398954707260657e+01,-1.396507161255274194e-02,4.212044305631829388e+02,1.049052751122925287e-02,nan,2.129855269537605692e-05,1.292230395052627046e+01,1.000000000000000000e+00,1.000000000000000000e+00,-1.000000000000000000e+00,0.000000000000000000e+00
2.580000000000000000e+02,1.678497439762977450e+01,4.678299893225004524e+01,-1.454605989768226887e-03,4.421381653575820536e+01,3.650905352367972423e-01,nan,1.409694322299481305e-05,4.109164733993908669e+01,1.000000000000000000e+00,1.000000000000000000e+00,-1.000000000000000000e+00,0.000000000000000000e+00
2.590000000000000000e+02,7.823921102635371660e+00,6.680343098076257036e+00,-6.792691563191012930e-03,2.050717908697048699e+02,2.560517737324219389e-02,nan,1.145273454737182429e-05,3.858244163378257952e+01,1.000000000000000000e+00,1.000000000000000000e+00,-1.000000000000000000e+00,0.000000000000000000e+00
2.610000000000000000e+02,4.639863790457322068e+01,7.452370347940892259e+00,-9.065306740223860044e-03,2.735548207480896394e+02,2.261809471741105249e-02,nan,2.007483922819342680e-05,3.341700608216128643e+01,1.000000000000000000e+00,1.000000000000000000e+00,-1.000000000000000000e+00,0.000000000000000000e+00
2.610000000000000000e+02,9.211356042256070964e+01,2.266131447121092890e+01,-2.074456615804256675e-03,6.289240733808804151e+01,3.447177283388159763e-01,nan,2.703871161011007571e-05,1.810398374890749551e+01,1.000000000000000000e+00,1.000000000000000000e+00,-1.000000000000000000e+00,0.000000000000000000e+00
2.620000000000000000e+02,8.925209987154913449e+01,4.784897853339460383e+00,-1.308981833857948696e-03,3.982557539356943721e+01,3.578167376669748601e-01,nan,1.165571307664356595e-05,1.810398374890749551e+01,1.000000000000000000e+00,1.000000000000000000e+00,-1.000000000000000000e+00,0.000000000000000000e+00
2.640000000000000000e+02,7.106080194442620268e+01,3.000173753122536979e+01,-7.716140999666579355e-03,2.328990341216405113e+02,2.262940961058845790e-02,nan,1.351867516772459187e-05,1.240964335803625396e+01,1.000000000000000000e+00,1.000000000000000000e+00,-1.000000000000000000e+00,0.000000000000000000e+00
2.690000000000000000e+02,2.562883019517443728e+01,3.655693781363259376e+01,-8.952928134412263192e-03,2.701684016581957053e+02,2.387202188407389070e-02,nan,1.901942651675615013e-05,4.590244773176352311e+01,1.000000000000000000e+00,1.000000000000000000e+00,-1.000000000000000000e+00,0.000000000000000000e+00
2.700000000000000000e+02,7.127586628304295857e+01,4.182908981734857434e+01,-7.647720905172170937e-03,2.308372616654431226e+02,2.633264797877543639e-02,nan,1.491007385138979598e-05,2.302649658356368434e+01,1.000000000000000000e+00,1.000000000000000000e+00,-1.000000000000000000e+00,0.000000000000000000e+00
2.710000000000000000e+02,1.058822334572204795e+02,1.728590588223747559e+01,-8.119588495801851463e-03,2.450565288050406707e+02,3.241828895689691237e-02,nan,2.079577539911924130e-05,2.776034253389585515e+01,1.000000000000000000e+00,1.000000000000000000e+00,-1.000000000000000000e+00,0.000000000000000000e+00
2.750000000000000000e+02,8.500406319927790832e+00,2.433437585888457377e+01,-2.162822470443470212e-03,6.555522571783117769e+01,2.802168268033962129e-01,nan,2.015689518235677427e-05,2.352410013755954310e+01,1.000000000000000000e+00,1.000000000000000000e+00,-1.000000000000000000e+00,0.000000000000000000e+00
2.770000000000000000e+02,3.201721490376648660e+01,2.374871271934142669e+01,-6.661333568240225024e-03,2.011134464989150388e+02,3.626567138641956234e-02,nan,1.577339589647165164e-05,1.990585980433120739e+01,1.000000000000000000e+00,1.000000000000000000e+00,-1.000000000000000000e+00,0.000000000000000000e+00
2.770000000000000000e+02,1.442885705035088684e+01,5.293675451165163537e+01,-7.268960517255747440e-03,2.194236887805278400e+02,2.678207081946337720e-02,nan,1.370483382205766572e-05,2.109170908664069799e+01,1.000000000000000000e+00,1.000000000000000000e+00,-1.000000000000000000e+00,0.000000000000000000e+00
2.780000000000000000e+02,1.246991936655587239e+02,1.042189550597757197e+01,-9.088912471451106659e-03,2.742661563113094871e+02,4.050350465447705162e-02,nan,3.659971848321395696e-05,7.593314846889057890e+00,1.000000000000000000e+00,1.000000000000000000e+00,-1.000000000000000000e+00,0.000000000000000000e+00
2.780000000000000000e+02,1.275817099758432249e+02,2.998428292749158430e+01,-9.511773659122252714e-03,2.870086635524612575e+02,2.983918723392786632e-02,nan,2.638398304610699535e-05,1.726679873350687799e+01,1.000000000000000000e+00,1.000000000000000000e+00,-1.000000000000000000e+00,0.000000000000000000e+00
2.780000000000000000e+02,1.248663913287020080e+02,5.205807342972270391e+01,-8.343590690200509280e-03,2.518066152811221912e+02,1.574568933408115878e-01,nan,1.336744702320060514e-04,1.771321971352653435e+01,1.000000000000000000e+00,1.000000000000000000e+00,-1.000000000000000000e+00,0.000000000000000000e+00
2.790000000000000000e+02,1.175210281682795994e+02,7.945533162204486466e+00,-7.699050070052348288e-03,2.323840157167432494e+02,6.714193659690781413e-02,nan,4.819563777839070947e-05,7.593314846889057890e+00,1.000000000000000000e+00,1.000000000000000000e+00,-1.000000000000000000e+00,0.000000000000000000e+00
2.790000000000000000e+02,6.555167560897399426e+01,2.049663772231599523e+01,-1.569281145934680634e-03,4.766943991864393126e+01,3.427183300209296624e-01,nan,1.486399249980676787e-05,2.355325216746706118e+01,1.000000000000000000e+00,1.000000000000000000e+00,-1.000000000000000000e+00,0.000000000000000000e+00
2.820000000000000000e+02,1.428939024195259151e+02,3.796420154055158491e+01,-1.573892383644273987e-02,4.746577279256964630e+02,1.291593222386944184e-02,nan,3.279330186674801788e-05,7.490621512260730697e+00,1.000000000000000000e+00,1.000000000000000000e+00,-1.000000000000000000e+00,0.000000000000000000e+00
2.820000000000000000e+02,5.249780055645480559e+01,4.010153593111853354e+01,-8.681054183872214877e-03,2.619757467528907569e+02,3.040204716158700915e-02,nan,2.578365595556884418e-05,1.684623036942067387e+01,1.000000000000000000e+00,1.000000000000000000e+00,-1.000000000000000000e+00,0.000000000000000000e+00
2.830000000000000000e+02,3.887289018654389849e+01,5.000897228324745214e+01,-2.166557018842811370e-03,6.566776267182102345e+01,2.926803159335000792e-01,nan,2.266537558313825009e-05,9.442919629100675394e+00,1.000000000000000000e+00,1.000000000000000000e+00,-1.000000000000000000e+00,0.000000000000000000e+00
2.840000000000000000e+02,9.025269786044100329e+01,4.785376542271398392e+01,-8.086972188607339379e-03,2.440736683706398935e+02,3.612266121864238233e-02,nan,2.438069285073943127e-05,3.178592472573602024e+01,1.000000000000000000e+00,1.000000000000000000e+00,-1.000000000000000000e+00,0.000000000000000000e+00
2.870000000000000000e+02,1.252776390276943488e+02,2.948228070049355765e+01,-8.180852104651813866e-03,2.469026475838509782e+02,2.737261664411960727e-02,nan,1.912160816579863760e-05,7.735405723785228282e+00,1.000000000000000000e+00,1.000000000000000000e+00,-1.000000000000000000e+00,0.000000000000000000e+00
2.880000000000000000e+02,2.967875605699297026e+01,4.785568903911034511e+01,-7.697933798912044712e-03,2.323503779805236036e+02,2.370688531491077500e-01,nan,1.943898333844270047e-04,6.513965038481035918e+00,1.000000000000000000e+00,1.000000000000000000e+00,-1.000000000000000000e+00,0.000000000000000000e+00
2.890000000000000000e+02,3.404635122965672878e+01,5.268847839209040984e+01,-8.290317361796245912e-03,2.502012757684320547e+02,1.571282004018841327e-01,nan,1.288660242505336516e-04,6.513965038481035918e+00,1.000000000000000000e+00,1.000000000000000000e+00,-1.000000000000000000e+00,0.000000000000000000e+00
2.900000000000000000e+02,9.795521928577157666e+01,3.009469398625655145e+01,-2.277672717087964212e-03,6.901612528058238638e+01,2.557565008626310199e-01,nan,1.950391883432538693e-05,1.213032420733335925e+01,1.000000000000000000e+00,1.000000000000000000e+00,-1.000000000000000000e+00,0.000000000000000000e+00
2.900000000000000000e+02,1.085048211605408426e+02,2.410715144704378332e+01,-1.909738349008450629e-03,5.792878388767143605e+01,3.003513781073929856e-01,nan,2.080531873667045440e-05,1.020668767246880115e+01,1.000000000000000000e+00,1.000000000000000000e+00,-1.000000000000000000e+00,0.000000000000000000e+00
2.910000000000000000e+02,1.201826425355262558e+02,5.220467838250001336e+01,-8.500868124835352091e-03,2.565460165507010402e+02,3.236881494054866248e-02,nan,2.329360048203366353e-05,1.361357690142211929e+01,1.000000000000000000e+00,1.000000000000000000e+00,-1.000000000000000000e+00,0.000000000000000000e+00
2.930000000000000000e+02,7.364491359975376383e+01,2.406463409209708715e+01,-8.330760836991239759e-03,2.514200002353612149e+02,1.953029090441293913e-02,nan,1.324587062057449187e-05,1.661365436879881941e+01,1.000000000000000000e+00,1.000000000000000000e+00,-1.000000000000000000e+00,0.000000000000000000e+00
2.940000000000000000e+02,1.351575356800128986e+02,4.774172683705802278e+00,-8.027510757439708031e-03,2.422818564491068400e+02,4.232725229773826037e-02,nan,2.727598268962253493e-05,2.657527923430185268e+01,1.000000000000000000e+00,1.000000000000000000e+00,-1.000000000000000000e+00,0.000000000000000000e+00
2.940000000000000000e+02,9.027321691105295542e+01,1.881547213036089872e+01,-8.628151333645512830e-03,2.603815712367978108e+02,3.150678523580519030e-02,nan,2.324643685345529679e-05,1.364675808240538579e+01,1.000000000000000000e+00,1.000000000000000000e+00,-1.000000000000000000e+00,0.000000000000000000e+00
2.950000000000000000e+02,1.245392418960332037e+02,3.025229464693135029e+01,-1.868213124810960040e-03,5.667746197529370988e+01,2.821242572132752757e-01,nan,1.429582178205355537e-05,7.560003837652456760e+00,1.000000000000000000e+00,1.000000000000000000e+00,-1.000000000000000000e+00,0.000000000000000000e+00
2.960000000000000000e+02,1.143666868801355889e+02,3.468788541870721787e+01,-7.966363282747643618e-03,2.404392372592659228e+02,3.599857426126007454e-02,nan,2.259433387387929239e-05,6.588599427091713423e+00,1.000000000000000000e+00,1.000000000000000000e+00,-1.000000000000000000e+00,0.000000000000000000e+00
2.960000000000000000e+02,1.236192869157461445e+02,3.903201914243626192e+01,-2.656374119809571093e-03,8.042792070449158359e+01,2.377037343572737660e-01,nan,2.391857796416691981e-05,6.942778462830389685e+00,1.000000000000000000e+00,1.000000000000000000e+00,-1.000000000000000000e+00,0.000000000000000000e+00
2.980000000000000000e+02,8.093720535315037523e+01,4.976653506033898111e+01,-8.398902162292897627e-03,2.534733722552906272e+02,1.827596668276516567e-01,nan,1.638495452827776536e-04,5.672049701112446662e+00,1.000000000000000000e+00,1.000000000000000000e+00,-1.000000000000000000e+00,0.000000000000000000e+00
2.980000000000000000e+02,2.822098239017505605e+01,4.328051686053059655e+01,-1.856998612285457474e-03,5.633952363706689681e+01,2.688928099190567300e-01,nan,1.398509693997874504e-05,2.899441255197475797e+01,1.000000000000000000e+00,1.000000000000000000e+00,-1.000000000000000000e+00,0.000000000000000000e+00
2.990000000000000000e+02,8.655362704922328021e+01,5.055897126835281341e+01,-9.383685004865156137e-03,2.831488375576249723e+02,1.057620511730642532e-01,nan,1.045187884838309116e-04,5.672049701112446662e+00,1.000000000000000000e+00,1.000000000000000000e+00,-1.000000000000000000e+00,0.000000000000000000e+00
3.010000000000000000e+02,1.072037957026124957e+02,1.315538069302390767e+01,-9.268474226417753106e-03,2.796770737225234598e+02,2.284041209716924925e-02,nan,1.918597889207000629e-05,1.835468662097520465e+01,1.000000000000000000e+00,1.000000000000000000e+00,-1.000000000000000000e+00,0.000000000000000000e+00
3.010000000000000000e+02,1.422661417110030868e+02,4.217645536024473074e+01,-9.171281351755402461e-03,2.767482617499843514e+02,2.333559288381747976e-02,nan,1.963614451770940062e-05,1.891012091138664530e+01,1.000000000000000000e+00,1.000000000000000000e+00,-1.000000000000000000e+00,0.000000000000000000e+00
3.010000000000000000e+02,8.128091670030443083e+00,2.237712714157740734e+01,1.564082945811670362e-03,-4.751279725518926256e+01,3.258908924537082807e-01,nan,1.357212967878470691e-05,2.899441255197475797e+01,1.000000000000000000e+00,1.000000000000000000e+00,-1.000000000000000000e+00,0.000000000000000000e+00
3.010000000000000000e+02,1.206637672263360486e+02,3.274973642439095300e+01,-1.696648774117064540e-03,5.150753849974265819e+01,2.883473090849848486e-01,nan,1.314930419510731962e-05,6.588599427091713423e+00,1.000000000000000000e+00,1.000000000000000000e+00,-1.000000000000000000e+00,0.000000000000000000e+00
3.060000000000000000e+02,3.078936707853769761e+01,4.824021128077325926e+01,-8.497689711742674457e-03,2.564502381888422633e+02,1.505781360907898492e-02,nan,1.172458553210302459e-05,9.185523333839086035e+00,1.000000000000000000e+00,1.000000000000000000e+00,-1.000000000000000000e+00,0.000000000000000000e+00
3.070000000000000000e+02,6.768119084088348814e+01,1.952281002312491509e+01,-8.392910324315066076e-03,2.532928140933065038e+02,2.562966007196398888e-02,nan,1.759495724645631382e-05,6.185217401800258585e+00,1.000000000000000000e+00,1.000000000000000000e+00,-1.000000000000000000e+00,0.000000000000000000e+00
3.080000000000000000e+02,1.160055232211105221e+02,4.118506973160454265e+01,-9.272496564913981776e-03,2.797982829488817060e+02,2.288930717124337821e-02,nan,1.916070453563259240e-05,9.641523441816053364e+00,1.000000000000000000e+00,1.000000000000000000e+00,-1.000000000000000000e+00,0.000000000000000000e+00
3.080000000000000000e+02,2.184881770602585860e+01,9.095153543579760580e+00,-2.773281493627974270e-03,8.395080977745031703e+01,1.699369449648203689e-01,nan,1.614175877986826960e-05,3.250864920780297496e+01,1.000000000000000000e+00,1.000000000000000000e+00,-1.000000000000000000e+00,0.000000000000000000e+00
3.090000000000000000e+02,9.187664084089982452e+01,3.932646299427916858e+01,-1.443121115128908694e-03,4.386773110034329903e+01,3.243480074138835878e-01,nan,1.155093752021537376e-05,1.199234390564651420e+01,1.000000000000000000e+00,1.000000000000000000e+00,-1.000000000000000000e+00,0.000000000000000000e+00
3.100000000000000000e+02,1.138495442530962691e+02,3.178769089660120528e+01,-9.003827374587573470e-03,2.717022003500903224e+02,2.854969974215804118e-02,nan,2.358431048744813983e-05,9.641523441816053364e+00,1.000000000000000000e+00,1.000000000000000000e+00,-1.000000000000000000e+00,0.000000000000000000e+00
3.110000000000000000e+02,1.430778067376089950e+02,3.517017450679839641e+01,-8.404851448456705440e-03,2.536526481600845955e+02,4.246229246738342233e-02,nan,2.969185357307083768e-05,2.773242685671542063e+01,1.000000000000000000e+00,1.000000000000000000e+00,-1.000000000000000000e+00,0.000000000000000000e+00
3.110000000000000000e+02,6.282024069872921501e+01,4.735328114941297173e+01,-2.415803855077258786e-03,7.317857167522750217e+01,1.818381022514431455e-01,nan,1.339389666564562362e-05,1.521773419132718530e+01,1.000000000000000000e+00,1.000000000000000000e+00,-1.000000000000000000e+00,0.000000000000000000e+00
3.120000000000000000e+02,2.676397524316997689e+01,5.117161486686740801e+01,-1.832314753622533770e-03,5.559569976076335962e+01,3.200282041505582153e-01,nan,1.860058706218338276e-05,9.878538385174966407e+00,1.000000000000000000e+00,1.000000000000000000e+00,-1.000000000000000000e+00,0.000000000000000000e+00
3.130000000000000000e+02,2.501360401524584987e+01,4.144938666589256115e+01,-1.747036107697232847e-03,5.302591138835816764e+01,3.106674516357988969e-01,nan,1.717857909225661383e-05,9.878538385174966407e+00,1.000000000000000000e+00,1.000000000000000000e+00,-1.000000000000000000e+00,0.000000000000000000e+00
3.150000000000000000e+02,9.270226578302032294e+01,3.675541787067795951e+01,-9.110975669134078331e-03,2.749310091387505395e+02,1.027572485621676135e-01,nan,9.593742993042772517e-05,6.624910026007244213e+00,1.000000000000000000e+00,1.000000000000000000e+00,-1.000000000000000000e+00,0.000000000000000000e+00
3.160000000000000000e+02,7.567006233525653158e+01,3.920088776910293404e+01,-8.651942625340434956e-03,2.610984984827541666e+02,2.639817895313723017e-02,nan,1.961257877852040852e-05,1.521773419132718530e+01,1.000000000000000000e+00,1.000000000000000000e+00,-1.000000000000000000e+00,0.000000000000000000e+00
3.160000000000000000e+02,1.109001214127214041e+02,4.181283349056717924e+01,-9.363615830032241336e-03,2.825440726534710052e+02,3.771886375984556672e-02,nan,3.378369762125095336e-05,1.580097059404755377e+01,1.000000000000000000e+00,1.000000000000000000e+00,-1.000000000000000000e+00,0.000000000000000000e+00
3.180000000000000000e+02,9.513773661960877348e+01,4.291641735589287521e+01,-1.936861626896131672e-02,5.840349501750240506e+02,4.190000723892051138e-02,nan,1.644266473612846825e-04,6.624910026007244213e+00,1.000000000000000000e+00,1.000000000000000000e+00,-1.000000000000000000e+00,0.000000000000000000e+00
3.190000000000000000e+02,6.216700823821094701e+01,4.778672856459824914e+01,1.593160841672917058e-03,-4.838903113375828013e+01,3.360772688257311902e-01,nan,1.472332374628257748e-05,1.600153530488031706e+01,1.000000000000000000e+00,1.000000000000000000e+00,-1.000000000000000000e+00,0.000000000000000000e+00
3.190000000000000000e+02,3.888591405831480330e+01,1.276182145643820398e+01,2.841441985118148619e-03,-8.600475935167669661e+01,1.727740226136084134e-01,nan,1.717276780594583779e-05,2.254417839863186401e+01,1.000000000000000000e+00,1.000000000000000000e+00,-1.000000000000000000e+00,0.000000000000000000e+00
3.200000000000000000e+02,1.291011595736116533e+02,3.516523033365035644e+01,-1.760097871433185775e-03,5.341951483043389004e+01,3.625748346806982880e-01,nan,2.020501857233170543e-05,1.937700745383645540e+01,1.000000000000000000e+00,1.000000000000000000e+00,-1.000000000000000000e+00,0.000000000000000000e+00
3.220000000000000000e+02,1.334327675958630977e+01,3.044268659124696086e+01,-8.324562042972459552e-03,2.512332056560200897e+02,3.217319703567367295e-02,nan,2.279961405365966189e-05,1.346245620072406446e+01,1.000000000000000000e+00,1.000000000000000000e+00,-1.000000000000000000e+00,0.000000000000000000e+00
3.240000000000000000e+02,7.968582238588366806e+01,2.854310339540744934e+01,-1.998379583807612710e-03,6.059990057850227885e+01,3.096538540751873070e-01,nan,2.087601515687185951e-05,1.399152618312245089e+01,1.000000000000000000e+00,1.000000000000000000e+00,-1.000000000000000000e+00,0.000000000000000000e+00
3.250000000000000000e+02,4.121548509184552245e+01,1.261541924134217574e+01,-8.125448942667326535e-03,2.452331276246934806e+02,3.022818901372303912e-02,nan,1.957280849021664066e-05,2.485574527074134821e+01,1.000000000000000000e+00,1.000000000000000000e+00,-1.000000000000000000e+00,0.000000000000000000e+00
3.260000000000000000e+02,1.010235450260368708e+02,2.594453267846915878e+01,1.865953351903109356e-03,-5.660936593460425570e+01,3.094286144813043204e-01,nan,1.760303344207763632e-05,1.683388096293252190e+01,1.000000000000000000e+00,1.000000000000000000e+00,-1.000000000000000000e+00,0.000000000000000000e+00
3.270000000000000000e+02,7.082004705963787217e+01,3.936718916731134499e+01,-9.326690466730990989e-03,2.814313630386689056e+02,1.970930936114978493e-02,nan,1.810199634926248181e-05,1.399152618312245089e+01,1.000000000000000000e+00,1.000000000000000000e+00,-1.000000000000000000e+00,0.000000000000000000e+00
3.310000000000000000e+02,1.131033365859337607e+02,4.324720199622337446e+01,-1.797509894510056173e-03,5.454688946036539932e+01,3.309791414344535054e-01,nan,1.861303605145028350e-05,4.148268198390273831e+00,1.000000000000000000e+00,1.000000000000000000e+00,-1.000000000000000000e+00,0.000000000000000000e+00
3.330000000000000000e+02,7.777445570348049841e+01,5.177231084151790697e+01,-7.595078767874720305e-03,2.292509424778232585e+02,8.289487411449336651e-02,nan,5.083425333785366023e-05,3.634291272353786439e+01,1.000000000000000000e+00,1.000000000000000000e+00,-1.000000000000000000e+00,0.000000000000000000e+00
3.340000000000000000e+02,1.549759288685639014e+01,4.955229455288684193e+01,-8.260911310211699332e-03,2.493151532389243812e+02,1.928435003948991699e-02,nan,1.383039122284436934e-05,3.472599921176386317e+01,1.000000000000000000e+00,1.000000000000000000e+00,-1.000000000000000000e+00,0.000000000000000000e+00
3.360000000000000000e+02,1.017312219722073507e+02,2.291542663069024144e+01,-8.308689433900520727e-03,2.507549001460037914e+02,3.171105425100029240e-02,nan,2.259316721870196441e-05,5.557815012513905195e+00,1.000000000000000000e+00,1.000000000000000000e+00,-1.000000000000000000e+00,0.000000000000000000e+00
3.360000000000000000e+02,4.320305404072134081e+01,2.861662060846592581e+01,-1.454422264297161984e-03,4.420828014884522617e+01,3.537663960961550114e-01,nan,1.390482440919065290e-05,1.731071135580529230e+01,1.000000000000000000e+00,1.000000000000000000e+00,-1.000000000000000000e+00,0.000000000000000000e+00
3.400000000000000000e+02,6.724399596316041539e+01,1.008168058980917436e+01,-9.083363011080923186e-03,2.740989287647451533e+02,2.341248184902255947e-02,nan,2.021517678178129002e-05,1.435128742061946205e+01,1.000000000000000000e+00,1.000000000000000000e+00,-1.000000000000000000e+00,0.000000000000000000e+00
3.410000000000000000e+02,9.709772493123638526e+01,2.598463058035508055e+01,-7.539501887758117554e-03,2.275761876930990013e+02,3.602758906573799713e-02,nan,2.021383182979119279e-05,5.557815012513905195e+00,1.000000000000000000e+00,1.000000000000000000e+00,-1.000000000000000000e+00,0.000000000000000000e+00
3.420000000000000000e+02,2.202880834674252952e+01,3.466850977435095160e+01,-9.090661545220958539e-03,2.743188629342568561e+02,3.001710827342851662e-02,nan,2.439207833508078203e-05,1.371788884126132757e+01,1.000000000000000000e+00,1.000000000000000000e+00,-1.000000000000000000e+00,0.000000000000000000e+00
3.420000000000000000e+02,1.085006589779022619e+02,6.149287644398681252e+00,-1.817091082042734430e-03,5.513694934573739914e+01,3.368695212174169784e-01,nan,1.816291934539444246e-05,2.287941726223828454e+01,1.000000000000000000e+00,1.000000000000000000e+00,-1.000000000000000000e+00,0.000000000000000000e+00
3.440000000000000000e+02,4.348227591537991543e+01,3.376563405942079044e+01,-1.394729501541361544e-03,4.240949727674187386e+01,3.414163882475894640e-01,nan,1.167152915254341129e-05,1.366660785130985545e+01,1.000000000000000000e+00,1.000000000000000000e+00,-1.000000000000000000e+00,0.000000000000000000e+00
3.450000000000000000e+02,7.970193673506987864e+01,1.720622705627468818e+01,-8.577890437273489460e-03,2.588670084094679282e+02,1.892398516763615923e-02,nan,1.363481319581411809e-05,1.099931895807644722e+01,1.000000000000000000e+00,1.000000000000000000e+00,-1.000000000000000000e+00,0.000000000000000000e+00
3.480000000000000000e+02,1.322098923396849557e+02,4.429155954374112980e+01,-7.381946454430281940e-03,2.228284092055068299e+02,3.062174405230766450e-02,nan,1.695790104233622301e-05,8.818485139903467385e+00,1.000000000000000000e+00,1.000000000000000000e+00,-1.000000000000000000e+00,0.000000000000000000e+00
3.500000000000000000e+02,5.110766406761460701e+01,1.214780661990823596e+01,-8.392577188315888947e-03,2.532827753666378499e+02,3.038874371899935589e-02,nan,2.215578313676177605e-05,2.679083987534761135e+01,1.000000000000000000e+00,1.000000000000000000e+00,-1.000000000000000000e+00,0.000000000000000000e+00
3.500000000000000000e+02,9.903392371650870984e+01,2.744481753933447621e+01,-9.183532607515266719e-03,2.771174413289687095e+02,2.569726391480076089e-02,nan,2.116027799449452418e-05,1.838278083413667119e+01,1.000000000000000000e+00,1.000000000000000000e+00,-1.000000000000000000e+00,0.000000000000000000e+00
3.500000000000000000e+02,4.513219869725224953e+01,3.826375796834882692e+01,-1.556113619506710715e-03,4.727264942155307637e+01,3.574153715932228970e-01,nan,1.634925533275252574e-05,1.311460137824327354e+01,1.000000000000000000e+00,1.000000000000000000e+00,-1.000000000000000000e+00,0.000000000000000000e+00
3.510000000000000000e+02,1.195872595049860223e+02,1.843880562357230346e+01,-8.343804256820370330e-03,2.518130509017925078e+02,3.415041285712450136e-02,nan,2.390019878676320203e-05,2.243987216230860327e+01,1.000000000000000000e+00,1.000000000000000000e+00,-1.000000000000000000e+00,0.000000000000000000e+00
3.520000000000000000e+02,3.564117420706467954e+01,4.731435040403391667e+01,-1.731612869577303301e-02,5.221852497857200888e+02,8.377131982726493398e-03,nan,2.571929717575603111e-05,1.311460137824327354e+01,1.000000000000000000e+00,1.000000000000000000e+00,-1.000000000000000000e+00,0.000000000000000000e+00
3.550000000000000000e+02,6.378737099694288304e+01,4.838520494134467498e+01,-6.573465565138689876e-03,1.984656303870764589e+02,4.076497872284878810e-02,nan,1.810792608887932064e-05,1.454181231701777754e+01,1.000000000000000000e+00,1.000000000000000000e+00,-1.000000000000000000e+00,0.000000000000000000e+00
3.560000000000000000e+02,1.521783889517173449e+01,1.338302465523563356e+01,-8.844593254567913176e-03,2.669038362851269994e+02,2.757277152867498859e-02,nan,2.285697734778144375e-05,9.869454629404399881e+00,1.000000000000000000e+00,1.000000000000000000e+00,-1.000000000000000000e+00,0.000000000000000000e+00
3.560000000000000000e+02,4.701305777289955756e+01,2.431828600968808374e+01,-8.224612855529283770e-03,2.482213349006166254e+02,1.677553357464478534e-02,nan,1.212898876046183045e-05,1.168792904473437488e+01,1.000000000000000000e+00,1.000000000000000000e+00,-1.000000000000000000e+00,0.000000000000000000e+00
3.560000000000000000e+02,9.407339462745678560e+00,3.016642485897354575e+01,-7.395019583789673792e-03,2.232223551394999674e+02,4.153024053755982603e-02,nan,2.246395919767561433e-05,7.319369548875053866e+00,1.000000000000000000e+00,1.000000000000000000e+00,-1.000000000000000000e+00,0.000000000000000000e+00
3.560000000000000000e+02,5.221747208293133014e+01,3.957601970189578111e+01,-4.988793224836218267e-03,1.507130833104204157e+02,6.375865861490115361e-02,nan,1.614670486932330031e-05,1.454181231701777754e+01,1.000000000000000000e+00,1.000000000000000000e+00,-1.000000000000000000e+00,0.000000000000000000e+00
3.590000000000000000e+02,8.567709044082878478e+00,6.090431999291599396e+00,-8.442396313831515911e-03,2.547840258624020180e+02,2.864954159473620532e-02,nan,2.114495601583075233e-05,9.869454629404399881e+00,1.000000000000000000e+00,1.000000000000000000e+00,-1.000000000000000000e+00,0.000000000000000000e+00
3.610000000000000000e+02,3.570152159907593870e+01,2.726053595539717023e+01,-7.738922786643252782e-03,2.335855409328127905e+02,2.635262482665856609e-02,nan,1.571041549504041232e-05,1.168792904473437488e+01,1.000000000000000000e+00,1.000000000000000000e+00,-1.000000000000000000e+00,0.000000000000000000e+00
3.610000000000000000e+02,5.035474214152830541e+01,7.924784481632112687e+00,-8.665369356025678579e-03,2.615030998459673697e+02,2.009978750397067859e-02,nan,1.649481427804612893e-05,1.673062302396151679e+01,1.000000000000000000e+00,1.000000000000000000e+00,-1.000000000000000000e+00,0.000000000000000000e+00
3.620000000000000000e+02,5.785968596902572614e+01,4.235363454140082240e+01,-2.987359747350001090e-03,9.040184803246154388e+01,1.417097786533836334e-01,nan,1.487816348963564330e-05,9.824250096222906237e+00,1.000000000000000000e+00,1.000000000000000000e+00,-1.000000000000000000e+00,0.000000000000000000e+00
3.640000000000000000e+02,4.832074228624899348e+01,4.470404798799902579e+01,-6.343816434299339065e-03,1.915453790186288643e+02,4.699867724039175076e-02,nan,1.912407385840855049e-05,9.824250096222906237e+00,1.000000000000000000e+00,1.000000000000000000e+00,-1.000000000000000000e+00,0.000000000000000000e+00
3.690000000000000000e+02,3.355823039241135319e+01,3.393431064091885219e+01,-8.744454993888659336e-03,2.638862679931557977e+02,2.349614925229481788e-02,nan,1.779627877327393570e-05,8.997475942997080978e+00,1.000000000000000000e+00,1.000000000000000000e+00,-1.000000000000000000e+00,0.000000000000000000e+00
3.700000000000000000e+02,1.014094338286425909e+02,2.441929544600850477e+01,-1.876525638319927278e-03,5.692795141880007748e+01,3.144705658981252760e-01,nan,1.816007713456105287e-05,2.488618150925661254e+01,1.000000000000000000e+00,1.000000000000000000e+00,-1.000000000000000000e+00,0.000000000000000000e+00
3.700000000000000000e+02,2.660556712287605308e+01,5.176709328780802366e+01,-1.475768325632745943e-03,4.485152277566744061e+01,2.992183366220828589e-01,nan,9.960705463427405414e-06,1.914021064332200339e+01,1.000000000000000000e+00,1.000000000000000000e+00,-1.000000000000000000e+00,0.000000000000000000e+00
3.710000000000000000e+02,1.026242281455360050e+01,1.824014131044095066e+01,-8.985176564740269406e-03,2.711401764839570774e+02,2.565658662500169829e-02,nan,2.060597909123350010e-05,1.916654278493627572e+01,1.000000000000000000e+00,1.000000000000000000e+00,-1.000000000000000000e+00,0.000000000000000000e+00
3.710000000000000000e+02,1.386366337370185136e+02,3.901766962588443022e+01,-2.045704890769617108e-03,6.202600229754216343e+01,2.559575781887859502e-01,nan,1.708918864927154988e-05,1.714040908072776048e+01,1.000000000000000000e+00,1.000000000000000000e+00,-1.000000000000000000e+00,0.000000000000000000e+00
3.720000000000000000e+02,5.912042570013706211e+01,3.788531625621491372e+01,-8.594192772660168983e-03,2.593582633005977982e+02,3.427072075620163361e-02,nan,2.494361508496914843e-05,2.091263893272043362e+01,1.000000000000000000e+00,1.000000000000000000e+00,-1.000000000000000000e+00,0.000000000000000000e+00
3.720000000000000000e+02,3.616839480544348362e+01,2.532375809873250105e+01,-1.769772855766184013e-03,5.371106099621048457e+01,3.349957973914652332e-01,nan,1.809751997548199995e-05,6.798291915705841681e+00,1.000000000000000000e+00,1.000000000000000000e+00,-1.000000000000000000e+00,0.000000000000000000e+00
3.740000000000000000e+02,4.270822669620586964e+01,1.500075436945294172e+01,-8.561441503813382869e-03,2.583713359291464826e+02,2.085499364944620737e-02,nan,1.483315818297070299e-05,9.647175111919944257e+00,1.000000000000000000e+00,1.000000000000000000e+00,-1.000000000000000000e+00,0.000000000000000000e+00
3.750000000000000000e+02,1.214964762703424839e+02,3.911054304643417368e+01,-7.366937139510819181e-03,2.223761182182462051e+02,5.346340859037357340e-02,nan,2.745945330351290298e-05,1.714040908072776048e+01,1.000000000000000000e+00,1.000000000000000000e+00,-1.000000000000000000e+00,0.000000000000000000e+00
3.750000000000000000e+02,8.810540966906577864e+01,5.282948776566446725e+01,-7.973089010845268304e-03,2.406419104803718767e+02,3.286035351729377219e-02,nan,2.092129192940428688e-05,2.701412615885189084e+01,1.000000000000000000e+00,1.000000000000000000e+00,-1.000000000000000000e+00,0.000000000000000000e+00
3.760000000000000000e+02,4.293274916270698327e+01,2.464531642804761091e+01,-8.953313217022189352e-03,2.701800057450413988e+02,2.417564599402066694e-02,nan,1.860219414376094221e-05,6.798291915705841681e+00,1.000000000000000000e+00,1.000000000000000000e+00,-1.000000000000000000e+00,0.000000000000000000e+00
3.790000000000000000e+02,6.936812693662596985e+01,3.336985652735527452e+01,-8.884944195747925336e-03,2.681197723302516920e+02,1.988275632217062494e-02,nan,1.523491125408948478e-05,2.701412615885189084e+01,1.000000000000000000e+00,1.000000000000000000e+00,-1.000000000000000000e+00,0.000000000000000000e+00
3.820000000000000000e+02,3.094698754702939070e+01,7.661889233318810888e+00,-2.188674136478759545e-03,6.633424032417214278e+01,2.847910454958632043e-01,nan,2.156046278767622312e-05,3.711476669684002871e+01,1.000000000000000000e+00,1.000000000000000000e+00,-1.000000000000000000e+00,0.000000000000000000e+00
3.850000000000000000e+02,1.437638444138769955e+02,1.862769695689642191e+01,-1.480450652650154922e-02,4.464999785617540056e+02,9.311537629788091408e-03,nan,2.309788707673798559e-05,4.209730085125871568e+01,1.000000000000000000e+00,1.000000000000000000e+00,-1.000000000000000000e+00,0.000000000000000000e+00
3.850000000000000000e+02,5.522206177412258654e+01,3.573726417703026925e+01,1.489910815158924625e-03,-4.527769282969327946e+01,3.613065872949214885e-01,nan,1.510030031080747962e-05,3.711476669684002871e+01,1.000000000000000000e+00,1.000000000000000000e+00,-1.000000000000000000e+00,0.000000000000000000e+00
3.860000000000000000e+02,1.020378593417822088e+02,2.420666717770873078e+01,-7.935017607829131583e-03,2.394946660825455069e+02,3.309794428907897323e-02,nan,2.064776199435675323e-05,2.335104934703410962e+01,1.000000000000000000e+00,1.000000000000000000e+00,-1.000000000000000000e+00,0.000000000000000000e+00
3.890000000000000000e+02,4.666337431458393858e+00,4.678954906637169842e+00,-8.867444510885500938e-03,2.675924364867674399e+02,2.607133209008349883e-02,nan,2.257149291742468903e-05,1.955280263971317112e+01,1.000000000000000000e+00,1.000000000000000000e+00,-1.000000000000000000e+00,0.000000000000000000e+00
3.900000000000000000e+02,9.186452690404257737e+01,4.522510700370096970e+01,-1.688703650009777289e-03,5.126811997560113809e+01,3.465749373867725858e-01,nan,1.773568304453728759e-05,9.829293774617690715e+00,1.000000000000000000e+00,1.000000000000000000e+00,-1.000000000000000000e+00,0.000000000000000000e+00
3.910000000000000000e+02,2.392231949724233431e+01,8.072956342962980258e+00,-8.214917626184901206e-03,2.479291786712738315e+02,2.112547806571940523e-02,nan,1.401966401741295992e-05,1.955280263971317112e+01,1.000000000000000000e+00,1.000000000000000000e+00,-1.000000000000000000e+00,0.000000000000000000e+00
3.930000000000000000e+02,1.293662352581623338e+02,3.595513922965099596e+01,-8.554524866898040314e-03,2.581629098580199866e+02,2.870800046412524953e-02,nan,2.072323433953165739e-05,1.119679042186063356e+01,1.000000000000000000e+00,1.000000000000000000e+00,-1.000000000000000000e+00,0.000000000000000000e+00
3.930000000000000000e+02,1.364229150106026225e+02,4.464831969611833529e+01,-8.927931366522595322e-03,2.694151485691767789e+02,4.009250008104703333e-02,nan,3.212774574804859283e-05,1.119679042186063356e+01,1.000000000000000000e+00,1.000000000000000000e+00,-1.000000000000000000e+00,0.000000000000000000e+00
3.940000000000000000e+02,1.015638467981732305e+02,4.681828298238613684e+01,-8.441552739044670683e-03,2.547586055633931892e+02,2.689096302471116751e-02,nan,1.982619122441611970e-05,9.829293774617690715e+00,1.000000000000000000e+00,1.000000000000000000e+00,-1.000000000000000000e+00,0.000000000000000000e+00
3.950000000000000000e+02,1.212855794468704715e+02,6.734232100990835690e+00,-7.149827621099129685e-03,2.158337357742101972e+02,4.247456358884305061e-02,nan,2.204067022811063663e-05,2.273847912483381251e+01,1.000000000000000000e+00,1.000000000000000000e+00,-1.000000000000000000e+00,0.000000000000000000e+00
3.950000000000000000e+02,5.992155558984087804e+01,5.269517753838525209e+01,-8.070529605485043945e-03,2.435781872515213706e+02,2.038116562082448180e-02,nan,1.367093493494614569e-05,2.311838639089407721e+01,1.000000000000000000e+00,1.000000000000000000e+00,-1.000000000000000000e+00,0.000000000000000000e+00
3.970000000000000000e+02,1.389519270663129191e+02,2.104990863755463337e+01,-7.041661262908258806e-03,2.125742486359200996e+02,6.406007371377575588e-02,nan,3.370890506777407287e-05,1.772149503976486073e+01,1.000000000000000000e+00,1.000000000000000000e+00,-1.000000000000000000e+00,0.000000000000000000e+00
3.990000000000000000e+02,1.392674648042858223e+02,4.744572950420219826e+01,-8.433598226334939121e-03,2.545189041229232885e+02,3.127453519511969038e-02,nan,2.248707205058426243e-05,2.170670323166019600e+01,1.000000000000000000e+00,1.000000000000000000e+00,-1.000000000000000000e+00,0.000000000000000000e+00
3.990000000000000000e+02,8.300066663232726683e+01,5.134817241320595116e+01,-5.749963614480033125e-03,1.736502066137053362e+02,4.351314213563928224e-02,nan,1.424423806964650537e-05,1.910789250872816680e+01,1.000000000000000000e+00,1.000000000000000000e+00,-1.000000000000000000e+00,0.000000000000000000e+00
4.000000000000000000e+02,5.530162495054850069e+01,1.348307698399462318e+01,-1.545082412237060599e-03,4.694023480746587040e+01,3.440704694812838360e-01,nan,1.366279813534790310e-05,1.099026626856776900e+01,1.000000000000000000e+00,1.000000000000000000e+00,-1.000000000000000000e+00,0.000000000000000000e+00
4.030000000000000000e+02,1.151880340011633734e+02,3.457560918473482303e+01,-8.751272512018726940e-03,2.640917072168819004e+02,1.924082219981282371e-02,nan,1.603823009344952020e-05,2.017624757478917985e+01,1.000000000000000000e+00,1.000000000000000000e+00,-1.000000000000000000e+00,0.000000000000000000e+00
4.030000000000000000e+02,1.116934265741861338e+02,1.470430612905924228e+01,-9.109912386375445051e-03,2.748989681554531899e+02,2.441749642162105438e-02,nan,2.087386397795789711e-05,2.017624757478917985e+01,1.000000000000000000e+00,1.000000000000000000e+00,-1.000000000000000000e+00,0.000000000000000000e+00
4.030000000000000000e+02,1.366905272611579392e+02,2.589253117805613869e+01,-2.032209953487954489e-03,6.161934559542788747e+01,3.068641672099268192e-01,nan,2.177069768152519277e-05,2.170670323166019600e+01,1.000000000000000000e+00,1.000000000000000000e+00,-1.000000000000000000e+00,0.000000000000000000e+00
4.050000000000000000e+02,6.609684106262014325e+01,1.554445073654104448e+01,-9.080783507477601865e-03,2.740211979530692474e+02,1.804255030146428851e-02,nan,1.417893926412730483e-05,1.099026626856776900e+01,1.000000000000000000e+00,1.000000000000000000e+00,-1.000000000000000000e+00,0.000000000000000000e+00
4.060000000000000000e+02,6.981281171315818312e+01,4.680436598089167788e+00,-8.359788235436996229e-03,2.522947124238311858e+02,1.034174366541809054e-01,nan,8.030285459248163765e-05,1.148195284244550329e+01,1.000000000000000000e+00,1.000000000000000000e+00,-1.000000000000000000e+00,0.000000000000000000e+00
4.080000000000000000e+02,5.434886198440187854e+01,7.105891489408064920e+00,-8.734801133345678620e-03,2.635953583720777829e+02,1.962280324552190258e-02,nan,1.460543781358442289e-05,1.446458760523878695e+01,1.000000000000000000e+00,1.000000000000000000e+00,-1.000000000000000000e+00,0.000000000000000000e+00
4.080000000000000000e+02,3.871790459050473743e+01,3.280793658389573864e+01,-7.036390943278012129e-03,2.124154327218338096e+02,4.203463193361112182e-02,nan,2.054179699746610995e-05,1.527135358097159568e+01,1.000000000000000000e+00,1.000000000000000000e+00,-1.000000000000000000e+00,0.000000000000000000e+00
4.080000000000000000e+02,5.807439888891895663e+01,3.595719568596949500e+01,-1.652572618740511890e-03,5.017934677767657092e+01,3.032301886085534415e-01,nan,1.305775661453654551e-05,1.550432753299566535e+01,1.000000000000000000e+00,1.000000000000000000e+00,-1.000000000000000000e+00,0.000000000000000000e+00
4.110000000000000000e+02,1.261732968052151875e+02,4.555789224796178161e+01,-9.376952219553818732e-03,2.829459516743039558e+02,1.794852311669614675e-02,nan,1.523682407776573086e-05,6.877232926031796012e+01,1.000000000000000000e+00,1.000000000000000000e+00,-1.000000000000000000e+00,0.000000000000000000e+00
4.120000000000000000e+02,3.977865580972714810e+01,9.739170163168045846e+00,-6.447439718746431417e-03,1.946679650844984906e+02,3.880906917195314776e-02,nan,1.705758060529524584e-05,1.026694400733719092e+01,1.000000000000000000e+00,1.000000000000000000e+00,-1.000000000000000000e+00,0.000000000000000000e+00
4.130000000000000000e+02,4.631144976368334909e+01,4.605755212163681733e+01,-8.561135665028973829e-03,2.583621197772777691e+02,2.168672332147947301e-02,nan,1.617999445727025666e-05,8.239637811186765859e+00,1.000000000000000000e+00,1.000000000000000000e+00,-1.000000000000000000e+00,0.000000000000000000e+00
4.160000000000000000e+02,1.284617367143126465e+01,4.094531068679146557e+01,-1.701614393026293966e-03,5.165717255638458028e+01,3.226766119112990383e-01,nan,1.573895493869247676e-05,7.755986115718516594e+00,1.000000000000000000e+00,1.000000000000000000e+00,-1.000000000000000000e+00,0.000000000000000000e+00
4.170000000000000000e+02,3.593226712637208209e+01,1.925838406697098293e+01,-1.494982881574906776e-03,4.543053457757088154e+01,3.081340542752251110e-01,nan,1.111935784117273422e-05,5.825391201664979590e+00,1.000000000000000000e+00,1.000000000000000000e+00,-1.000000000000000000e+00,0.000000000000000000e+00
4.180000000000000000e+02,9.160640114550164981e+01,4.526875947643099352e+01,-7.066569039240612471e-03,2.133248200516226518e+02,2.874962214330722965e-02,nan,1.451877195037627058e-05,8.231825782370894018e+00,1.000000000000000000e+00,1.000000000000000000e+00,-1.000000000000000000e+00,0.000000000000000000e+00
4.180000000000000000e+02,1.234065107429502604e+02,4.612684839492796840e+01,-2.081113162786730163e-03,6.309299585412654920e+01,2.291968308413897537e-01,nan,1.373132835994159930e-05,6.214720043322625287e+00,1.000000000000000000e+00,1.000000000000000000e+00,-1.000000000000000000e+00,0.000000000000000000e+00
4.180000000000000000e+02,1.709052818631321458e+01,4.743690335571483274e+01,-1.595462333626955671e-03,4.845838433699574210e+01,2.978234720672907621e-01,nan,1.203728655990409161e-05,7.755986115718516594e+00,1.000000000000000000e+00,1.000000000000000000e+00,-1.000000000000000000e+00,0.000000000000000000e+00
4.190000000000000000e+02,6.014799911408045574e+01,1.644383748441492443e+01,-1.687131245394972098e-02,5.087811485163848033e+02,6.440594095206364500e-03,nan,1.904424827873180823e-05,1.329002512383875967e+01,1.000000000000000000e+00,1.000000000000000000e+00,-1.000000000000000000e+00,0.000000000000000000e+00
4.190000000000000000e+02,1.140826030551383639e+02,2.515777062366704087e+01,-8.305374377642338324e-03,2.506550041763420609e+02,2.115645836634938437e-02,nan,1.445381669977730701e-05,1.919915442377368109e+01,1.000000000000000000e+00,1.000000000000000000e+00,-1.000000000000000000e+00,0.000000000000000000e+00
4.220000000000000000e+02,1.257790047734487047e+02,4.038280649987486726e+01,-1.416837711552335934e-03,4.307570650654905364e+01,3.408230833533256732e-01,nan,1.243750653333724682e-05,6.214720043322625287e+00,1.000000000000000000e+00,1.000000000000000000e+00,-1.000000000000000000e+00,0.000000000000000000e+00
4.230000000000000000e+02,7.242232272585542319e+01,2.153949717337463454e+01,-7.983703322496406296e-03,2.409617623537948248e+02,2.793181622227114413e-02,nan,1.733574121948181141e-05,1.329002512383875967e+01,1.000000000000000000e+00,1.000000000000000000e+00,-1.000000000000000000e+00,0.000000000000000000e+00
4.230000000000000000e+02,5.754022496934929620e+01,4.905538316976890201e+01,-1.735640007358802469e-03,5.268250107945019067e+01,2.813283064598117722e-01,nan,1.334302895639769678e-05,2.128517600374398455e+01,1.000000000000000000e+00,1.000000000000000000e+00,-1.000000000000000000e+00,0.000000000000000000e+00
4.230000000000000000e+02,9.589685026271235202e+00,1.492888747721431741e+01,-1.932668127783998026e-03,5.861975028658493869e+01,2.713823339662497780e-01,nan,1.575705083114075096e-05,2.272224735512337546e+01,1.000000000000000000e+00,1.000000000000000000e+00,-1.000000000000000000e+00,0.000000000000000000e+00
4.270000000000000000e+02,3.629448506253562101e+01,4.776029501740873684e+01,-1.655027273891486418e-03,5.025331540366489236e+01,2.596605086481144076e-01,nan,1.066018262193422353e-05,2.128517600374398455e+01,1.000000000000000000e+00,1.000000000000000000e+00,-1.000000000000000000e+00,0.000000000000000000e+00
4.280000000000000000e+02,1.038575600002303929e+02,4.904324130325599107e+00,-8.305001802390592561e-03,2.506437769864706411e+02,1.774024016303199502e-02,nan,1.271799847296213922e-05,1.354533480729003259e+01,1.000000000000000000e+00,1.000000000000000000e+00,-1.000000000000000000e+00,0.000000000000000000e+00
4.290000000000000000e+02,3.772181612670483730e+01,2.108016249344568749e+01,-8.308856811297423220e-03,2.507599438997324626e+02,2.321391319809140708e-02,nan,1.690526853676408889e-05,2.526922985083493245e+01,1.000000000000000000e+00,1.000000000000000000e+00,-1.000000000000000000e+00,0.000000000000000000e+00
4.290000000000000000e+02,1.047580033046307761e+02,1.841969674439523175e+01,-1.798986712585987861e-03,5.459139192494500037e+01,3.534091928158266116e-01,nan,2.050147069327540813e-05,1.267768487955254564e+01,1.000000000000000000e+00,1.000000000000000000e+00,-1.000000000000000000e+00,0.000000000000000000e+00
4.290000000000000000e+02,7.258606238510657249e+01,1.988286480135980838e+01,-2.569212756479329236e-03,7.780139848924395096e+01,2.198153889254473858e-01,nan,1.965285193523909807e-05,1.864766887311642307e+01,1.000000000000000000e+00,1.000000000000000000e+00,-1.000000000000000000e+00,0.000000000000000000e+00
4.300000000000000000e+02,1.362493548032695685e+02,2.829445952255466423e+01,-1.558241705687387138e-03,4.733677721184853482e+01,3.529612146470085809e-01,nan,1.566276021532066675e-05,1.770986688324287783e+01,1.000000000000000000e+00,1.000000000000000000e+00,-1.000000000000000000e+00,0.000000000000000000e+00
4.310000000000000000e+02,1.335415763048679594e+02,9.464877532383567882e+00,-8.500075314558146189e-03,2.565221259904115527e+02,2.770437542810744169e-02,nan,2.030691112259923073e-05,1.902328106087332671e+01,1.000000000000000000e+00,1.000000000000000000e+00,-1.000000000000000000e+00,0.000000000000000000e+00
4.310000000000000000e+02,9.121368401537075954e+01,1.901841885099107543e+01,-7.368006037697712000e-03,2.224083284169678052e+02,2.604941653242054400e-02,nan,1.427896379742566695e-05,1.355754598628924157e+01,1.000000000000000000e+00,1.000000000000000000e+00,-1.000000000000000000e+00,0.000000000000000000e+00
4.310000000000000000e+02,1.145290954182616190e+02,2.649741008494999406e+01,-2.023647667797836072e-03,6.136132951216418974e+01,2.842281129808350570e-01,nan,1.789619439380964254e-05,9.535384882214227531e+00,1.000000000000000000e+00,1.000000000000000000e+00,-1.000000000000000000e+00,0.000000000000000000e+00
4.320000000000000000e+02,1.447943394011378437e+01,3.099609147396800424e+01,-7.296597482692705403e-03,2.202565016337088082e+02,3.015220631673887208e-02,nan,1.626595768684198359e-05,2.483789482838975005e+01,1.000000000000000000e+00,1.000000000000000000e+00,-1.000000000000000000e+00,0.000000000000000000e+00
4.340000000000000000e+02,3.336861554821846454e+01,4.712432255124954850e+01,-8.161722414351936170e-03,2.463261931248601684e+02,2.870382243165880976e-02,nan,1.913854053491218131e-05,2.483789482838975005e+01,1.000000000000000000e+00,1.000000000000000000e+00,-1.000000000000000000e+00,0.000000000000000000e+00
4.390000000000000000e+02,6.032903371099518353e+01,1.609209424084935236e+01,-1.423893759109335581e-03,4.328833358065854497e+01,3.300768681561773166e-01,nan,1.167848404609107215e-05,7.669059715532823951e+00,1.000000000000000000e+00,1.000000000000000000e+00,-1.000000000000000000e+00,0.000000000000000000e+00
4.390000000000000000e+02,1.325406356924906106e+02,5.070630673850822490e+01,1.909121262238470691e-03,-5.791018858296116889e+01,2.263815345874472529e-01,nan,1.184074523522759337e-05,1.118597808451940878e+01,1.000000000000000000e+00,1.000000000000000000e+00,-1.000000000000000000e+00,0.000000000000000000e+00
4.400000000000000000e+02,7.430266406046314387e+01,1.174308790855292095e+01,-8.848189912121270234e-03,2.670122180336861106e+02,2.304797655514145838e-02,nan,1.767246756275491098e-05,7.845536491919323119e+00,1.000000000000000000e+00,1.000000000000000000e+00,-1.000000000000000000e+00,0.000000000000000000e+00
4.400000000000000000e+02,1.153127167519916441e+01,4.206392884390620424e+01,-7.680372907407449073e-03,2.318211977348955486e+02,2.529551446482514176e-02,nan,1.447476412795413252e-05,3.460969347490774339e+01,1.000000000000000000e+00,1.000000000000000000e+00,-1.000000000000000000e+00,0.000000000000000000e+00
4.400000000000000000e+02,1.033045156946056693e+02,1.271458061180256394e+01,-1.482408887804554645e-03,4.505162960511094639e+01,3.618102627019200712e-01,nan,1.447600606941636738e-05,2.668569882484641909e+01,1.000000000000000000e+00,1.000000000000000000e+00,-1.000000000000000000e+00,0.000000000000000000e+00
4.440000000000000000e+02,9.837036420575482509e+01,4.252062088062989886e+01,-9.250225772104736857e-03,2.791271744458741182e+02,2.791231086890799684e-02,nan,2.313138880837603456e-05,1.155840230362277943e+01,1.000000000000000000e+00,1.000000000000000000e+00,-1.000000000000000000e+00,0.000000000000000000e+00
4.440000000000000000e+02,1.213596587059131480e+02,5.037185295549229380e+01,-8.556097377253792796e-03,2.582102959156180191e+02,4.160227323162801749e-02,nan,3.433130485656267646e-05,1.118597808451940878e+01,1.000000000000000000e+00,1.000000000000000000e+00,-1.000000000000000000e+00,0.000000000000000000e+00
4.450000000000000000e+02,1.672330177991102929e+01,7.845896962764388860e+00,-7.815712238783720928e-03,2.358995157748476004e+02,3.006985731143052565e-02,nan,1.918885471602771052e-05,9.388569271496308488e+00,1.000000000000000000e+00,1.000000000000000000e+00,-1.000000000000000000e+00,0.000000000000000000e+00
4.460000000000000000e+02,2.128520466377543841e+01,3.733168079002371798e+01,-7.515830413981081440e-03,2.268628710426070825e+02,2.813060299055325508e-02,nan,1.632991373952126079e-05,2.606299129639561585e+01,1.000000000000000000e+00,1.000000000000000000e+00,-1.000000000000000000e+00,0.000000000000000000e+00
4.470000000000000000e+02,1.034938720816428770e+02,2.071756379466740938e+01,-8.319661608393261881e-03,2.510855358652452196e+02,2.235820673863408992e-02,nan,1.600543538590878676e-05,1.612479492631475608e+01,1.000000000000000000e+00,1.000000000000000000e+00,-1.000000000000000000e+00,0.000000000000000000e+00
4.480000000000000000e+02,1.205926468654009085e+02,2.443058419711886131e+01,-6.909460053254028872e-03,2.085904948168816873e+02,4.514724984986751011e-02,nan,2.245900200131118507e-05,1.749727463391657167e+01,1.000000000000000000e+00,1.000000000000000000e+00,-1.000000000000000000e+00,0.000000000000000000e+00
4.480000000000000000e+02,9.253326516216640130e+01,3.254440222987191333e+01,-1.711295426194874795e-03,5.194890099789009241e+01,3.110825250613670212e-01,nan,1.543501513245025547e-05,1.155840230362277943e+01,1.000000000000000000e+00,1.000000000000000000e+00,-1.000000000000000000e+00,0.000000000000000000e+00
4.520000000000000000e+02,1.158929373642918677e+02,4.850428926571532173e+01,-7.929482921694382125e-03,2.393278837430785870e+02,2.713990790641274131e-02,nan,1.734219595066114106e-05,1.671910423513007515e+01,1.000000000000000000e+00,1.000000000000000000e+00,-1.000000000000000000e+00,0.000000000000000000e+00
4.530000000000000000e+02,1.325065213912725994e+02,4.662885006286305156e+01,-8.527578006610567196e-03,2.573508926468152822e+02,3.107867247646334263e-02,nan,2.322541462783063039e-05,1.671910423513007515e+01,1.000000000000000000e+00,1.000000000000000000e+00,-1.000000000000000000e+00,0.000000000000000000e+00
4.530000000000000000e+02,1.280739825365022533e+01,4.636827945379036464e+01,-8.507600570181891864e-03,2.567488921895162548e+02,2.876475063298000734e-02,nan,2.422010516173828067e-05,3.250965887125548903e+01,1.000000000000000000e+00,1.000000000000000000e+00,-1.000000000000000000e+00,0.000000000000000000e+00
4.530000000000000000e+02,4.350471970491873464e+01,2.437441176494705175e+01,-1.691038641814365936e-03,5.133848266398562998e+01,2.648646983025854107e-01,nan,1.331091527146119920e-05,1.199342919203803604e+01,1.000000000000000000e+00,1.000000000000000000e+00,-1.000000000000000000e+00,0.000000000000000000e+00
4.540000000000000000e+02,9.856015324275314526e+01,4.001526038679583763e+01,-1.869366782897849757e-03,5.671222633048783024e+01,3.217212179469645106e-01,nan,1.909801071516672568e-05,1.929997452617473996e+01,1.000000000000000000e+00,1.000000000000000000e+00,-1.000000000000000000e+00,0.000000000000000000e+00
4.590000000000000000e+02,7.614933548211004677e+01,3.197077251176636992e+01,-1.638689671728114569e-03,4.976099778280127595e+01,3.163057723065239024e-01,nan,1.422237941919189655e-05,1.875586093830145629e+01,1.000000000000000000e+00,1.000000000000000000e+00,-1.000000000000000000e+00,0.000000000000000000e+00
4.590000000000000000e+02,9.023988941592827473e+01,4.922757101414585890e+00,1.231816581083770021e-03,-3.750027616794044150e+01,3.646521567930803842e-01,nan,1.050005212275792871e-05,2.253405793329658025e+01,1.000000000000000000e+00,1.000000000000000000e+00,-1.000000000000000000e+00,0.000000000000000000e+00
4.620000000000000000e+02,4.707851515883425719e+01,4.483288294763376314e+01,1.545779656944171968e-03,-4.696124559301029677e+01,3.518495571603346139e-01,nan,1.535656345042235672e-05,2.770296039378195019e+01,1.000000000000000000e+00,1.000000000000000000e+00,-1.000000000000000000e+00,0.000000000000000000e+00
4.630000000000000000e+02,6.284378188162115464e+00,3.684478485274185999e+01,-8.172199554968149343e-03,2.466419114836528763e+02,5.491645846788861807e-02,nan,3.736129426956299858e-05,2.243937807895582992e+01,1.000000000000000000e+00,1.000000000000000000e+00,-1.000000000000000000e+00,0.000000000000000000e+00
4.650000000000000000e+02,1.186904931605236158e+02,2.619458628655940657e+01,-8.031663830678064178e-03,2.424070052387232010e+02,2.180700707766725088e-02,nan,1.407990342646297975e-05,1.738920341408577741e+01,1.000000000000000000e+00,1.000000000000000000e+00,-1.000000000000000000e+00,0.000000000000000000e+00
4.670000000000000000e+02,8.694867922248731418e+01,7.229281602181085731e+00,-8.192437089268454070e-03,2.472517497352666282e+02,2.288756291433902135e-02,nan,1.481144660536739773e-05,2.116879723218965026e+01,1.000000000000000000e+00,1.000000000000000000e+00,-1.000000000000000000e+00,0.000000000000000000e+00
4.670000000000000000e+02,1.360474179911028045e+02,2.725362160328690919e+01,-8.277195026146724754e-03,2.498058470511365670e+02,1.511265229855828229e-01,nan,1.233022703301071149e-04,3.566940357421992669e+00,1.000000000000000000e+00,1.000000000000000000e+00,-1.000000000000000000e+00,0.000000000000000000e+00
4.670000000000000000e+02,6.880914896756804922e+01,2.765052080355801678e+01,-1.309235501592221056e-03,3.983321942200017673e+01,3.347357271229128850e-01,nan,9.855632809280167193e-06,1.625601725177720169e+01,1.000000000000000000e+00,1.000000000000000000e+00,-1.000000000000000000e+00,0.000000000000000000e+00
4.690000000000000000e+02,1.389075755440919693e+02,2.163512968204675957e+01,-8.488247079997108743e-03,2.561656937404475798e+02,1.322769375146461979e-01,nan,1.090593477288353776e-04,3.501856141140863521e+00,1.000000000000000000e+00,1.000000000000000000e+00,-1.000000000000000000e+00,0.000000000000000000e+00
4.710000000000000000e+02,2.295315994770598422e+01,1.244373608716047030e+01,-8.669481405756835832e-03,2.616270124324211679e+02,2.407496156748945015e-02,nan,1.864891826410196207e-05,3.421635478775430528e+01,1.000000000000000000e+00,1.000000000000000000e+00,-1.000000000000000000e+00,0.000000000000000000e+00
4.710000000000000000e+02,1.159123065212837247e+02,3.542371696883951415e+01,-2.127916174115401446e-03,6.450335870640871860e+01,2.967258864528846685e-01,nan,2.181819690145181864e-05,2.172954606484599438e+01,1.000000000000000000e+00,1.000000000000000000e+00,-1.000000000000000000e+00,0.000000000000000000e+00
4.730000000000000000e+02,3.757746017060113530e+01,4.337735498233834619e+01,-9.015862533900890000e-03,2.720648680745578645e+02,1.775581026042727384e-02,nan,1.411233610876112991e-05,1.505492299060269445e+01,1.000000000000000000e+00,1.000000000000000000e+00,-1.000000000000000000e+00,0.000000000000000000e+00
4.740000000000000000e+02,6.997477930416134484e+01,4.855088850848068205e+01,-1.659934724823243155e-02,5.005857437257967035e+02,9.159650193082291558e-03,nan,2.516070620610073191e-05,1.879695135269613360e+01,1.000000000000000000e+00,1.000000000000000000e+00,-1.000000000000000000e+00,0.000000000000000000e+00
4.750000000000000000e+02,5.132518574668343092e+01,5.089993944375289203e+01,-3.493444892622217957e-03,1.056522276281545345e+02,1.105513729401629286e-01,nan,1.483292137722522759e-05,1.567128697632657186e+01,1.000000000000000000e+00,1.000000000000000000e+00,-1.000000000000000000e+00,0.000000000000000000e+00
4.860000000000000000e+02,1.055482796568815331e+02,1.479377206987246218e+01,-8.500426146504994063e-03,2.565326979671109484e+02,2.323806196675226587e-02,nan,1.656651891125850620e-05,1.096514407272962899e+01,1.000000000000000000e+00,1.000000000000000000e+00,-1.000000000000000000e+00,0.000000000000000000e+00
4.860000000000000000e+02,1.539996744305802778e+01,4.125816983806277705e+01,-9.373029963783873625e-03,2.828277583427631043e+02,1.891072666703219607e-02,nan,1.747440954881055404e-05,6.358006700454253313e+00,1.000000000000000000e+00,1.000000000000000000e+00,-1.000000000000000000e+00,0.000000000000000000e+00
4.870000000000000000e+02,7.784408139115255665e+01,2.098668379027922626e+01,-9.132896825766267587e-03,2.755915816984088451e+02,2.173778104053381011e-02,nan,1.837038654411377665e-05,2.838793330137951187e+01,1.000000000000000000e+00,1.000000000000000000e+00,-1.000000000000000000e+00,0.000000000000000000e+00
4.910000000000000000e+02,3.511360680566205872e+01,7.453323652441427249e+00,-7.722599019027934740e-03,2.330936402024888991e+02,1.749793894325879506e-02,nan,1.016382694340384498e-05,1.281087072013350436e+01,1.000000000000000000e+00,1.000000000000000000e+00,-1.000000000000000000e+00,0.000000000000000000e+00
4.940000000000000000e+02,2.234432089387730258e+01,8.484704237419288475e+00,-8.182879500097635719e-03,2.469637411575869521e+02,2.295677480527280601e-02,nan,1.563627853715755922e-05,1.281087072013350436e+01,1.000000000000000000e+00,1.000000000000000000e+00,-1.000000000000000000e+00,0.000000000000000000e+00
4.940000000000000000e+02,7.822567661575675402e+01,2.259879852319400584e+01,-8.890472810696979991e-03,2.682863717204909335e+02,1.622340776269504126e-02,nan,1.405746527774034811e-05,3.036687682891520979e+01,1.000000000000000000e+00,1.000000000000000000e+00,-1.000000000000000000e+00,0.000000000000000000e+00
4.960000000000000000e+02,1.242296342608881901e+02,1.832878994813970053e+01,-8.067829129799067647e-03,2.434968110647575088e+02,2.363738461106512645e-02,nan,1.512879173515533661e-05,2.384530100816450826e+01,1.000000000000000000e+00,1.000000000000000000e+00,-1.000000000000000000e+00,0.000000000000000000e+00
5.000000000000000000e+02,2.480932301238805238e+01,1.334385097130835796e+01,-1.573773559639242165e-03,4.780481440045885932e+01,2.976052258828678632e-01,nan,1.180153661207306743e-05,3.183203466016356842e+01,1.000000000000000000e+00,1.000000000000000000e+00,-1.000000000000000000e+00,0.000000000000000000e+00
5.020000000000000000e+02,3.851868237874383993e+01,4.207244119724822440e+01,-8.688253216824801117e-03,2.621926825516875965e+02,3.977097896775838581e-02,nan,2.676572115718962760e-05,7.797279393952947224e+00,1.000000000000000000e+00,1.000000000000000000e+00,-1.000000000000000000e+00,0.000000000000000000e+00
5.030000000000000000e+02,8.646696771982142593e+00,4.443347909513216365e+01,-1.575760915770543433e-03,4.786470142871350220e+01,3.581808044780339095e-01,nan,1.678393810315403144e-05,2.996514682169640409e+01,1.000000000000000000e+00,1.000000000000000000e+00,-1.000000000000000000e+00,0.000000000000000000e+00
5.040000000000000000e+02,1.292508006631634601e+02,8.654805850766820186e+00,-1.631141800738349079e-02,4.919092783905333590e+02,1.149774053416174890e-02,nan,3.019189851890246920e-05,2.616446934269514202e+01,1.000000000000000000e+00,1.000000000000000000e+00,-1.000000000000000000e+00,0.000000000000000000e+00
5.040000000000000000e+02,4.576287405650523255e+01,3.918812968785541528e+01,-8.189804315370285623e-03,2.471724136754913559e+02,3.106519391319062517e-02,nan,2.327704194424296439e-05,7.797279393952947224e+00,1.000000000000000000e+00,1.000000000000000000e+00,-1.000000000000000000e+00,0.000000000000000000e+00
5.040000000000000000e+02,1.222431634152995770e+02,4.151896015027572417e+01,-1.552716757155167332e-03,4.717028830548536433e+01,3.658960827658500614e-01,nan,1.648371699960297796e-05,1.117249883390384824e+01,1.000000000000000000e+00,1.000000000000000000e+00,-1.000000000000000000e+00,0.000000000000000000e+00
5.080000000000000000e+02,1.257186577028089260e+02,5.213713653094828970e+01,-8.431678008593262996e-03,2.544610402442054067e+02,4.045110389907402570e-02,nan,2.891458696808057004e-05,1.117249883390384824e+01,1.000000000000000000e+00,1.000000000000000000e+00,-1.000000000000000000e+00,0.000000000000000000e+00
5.080000000000000000e+02,7.191531798040465162e+01,1.454497899644463210e+01,-8.244709767275612208e-03,2.488269356294580064e+02,2.585832970628154648e-02,nan,1.760808943087781837e-05,3.025992426963217596e+01,1.000000000000000000e+00,1.000000000000000000e+00,-1.000000000000000000e+00,0.000000000000000000e+00
5.090000000000000000e+02,1.080170700723126345e+02,4.980247308168877396e+01,-2.119178491249079817e-03,6.424005720123113861e+01,2.713478886260998202e-01,nan,1.820935225652066958e-05,1.646202655471872944e+01,1.000000000000000000e+00,1.000000000000000000e+00,-1.000000000000000000e+00,0.000000000000000000e+00
5.100000000000000000e+02,1.781549298528859282e+01,2.832124614886030045e+01,-1.843963517425070350e-03,5.594672383540537908e+01,2.825537941674582942e-01,nan,1.514705900005047695e-05,2.190157017612873247e+01,1.000000000000000000e+00,1.000000000000000000e+00,-1.000000000000000000e+00,0.000000000000000000e+00
5.110000000000000000e+02,1.194251320191017030e+01,4.942069838449712904e+01,-8.774597657188651020e-03,2.647945875944014915e+02,1.665153838783373086e-02,nan,1.254352707405015622e-05,2.190157017612873247e+01,1.000000000000000000e+00,1.000000000000000000e+00,-1.000000000000000000e+00,0.000000000000000000e+00
5.130000000000000000e+02,1.042640867284302146e+02,2.969256861202724451e+01,-8.712895816534980270e-03,2.629352631299078666e+02,2.218342824911423428e-02,nan,1.695454299710748346e-05,2.045710492123388491e+01,1.000000000000000000e+00,1.000000000000000000e+00,-1.000000000000000000e+00,0.000000000000000000e+00
5.130000000000000000e+02,5.264269317423462979e+01,3.787369413218398506e+01,-9.100173181646360743e-03,2.746054867710137728e+02,2.277603005788741974e-02,nan,1.818817605887149776e-05,2.331565000299883295e+01,1.000000000000000000e+00,1.000000000000000000e+00,-1.000000000000000000e+00,0.000000000000000000e+00
5.160000000000000000e+02,1.381330931980249659e+02,4.268654054538227172e+01,-1.739396480332868269e-02,5.245307645623618100e+02,8.176808421172188091e-03,nan,2.826404522479362887e-05,1.530527368524359844e+01,1.000000000000000000e+00,1.000000000000000000e+00,-1.000000000000000000e+00,0.000000000000000000e+00
5.170000000000000000e+02,1.489999455159362718e+01,2.890591213981292640e+01,-8.004650829562781622e-03,2.415929949385288467e+02,2.554645257413290516e-02,nan,1.634292313380418388e-05,9.663999648499085993e+00,1.000000000000000000e+00,1.000000000000000000e+00,-1.000000000000000000e+00,0.000000000000000000e+00
5.170000000000000000e+02,2.455267495037040248e+01,2.937351274424056413e+01,-2.786444425512415134e-03,8.434746182247724278e+01,1.681946077322656885e-01,nan,2.299674962459303910e-05,9.663999648499085993e+00,1.000000000000000000e+00,1.000000000000000000e+00,-1.000000000000000000e+00,0.000000000000000000e+00
5.190000000000000000e+02,1.216751873821227292e+02,4.463202948690992145e+01,-6.902810037743001975e-03,2.083901031203305934e+02,2.288762329195113132e-01,nan,1.562114789079668711e-04,5.227962888642052164e+00,1.000000000000000000e+00,1.000000000000000000e+00,-1.000000000000000000e+00,0.000000000000000000e+00
5.200000000000000000e+02,1.231395340443461208e+02,3.961333594995692664e+01,-7.781124827845862547e-03,2.348572580619664052e+02,2.693045021685508411e-01,nan,2.457443594042618283e-04,5.227962888642052164e+00,1.000000000000000000e+00,1.000000000000000000e+00,-1.000000000000000000e+00,0.000000000000000000e+00
5.220000000000000000e+02,5.711543735256751830e+01,4.019035824021865011e+01,-8.127413036034191254e-03,2.452923136523528171e+02,2.915856112473724782e-02,nan,1.873497432873947525e-05,2.192544789507521941e+01,1.000000000000000000e+00,1.000000000000000000e+00,-1.000000000000000000e+00,0.000000000000000000e+00
5.250000000000000000e+02,1.407944035132324814e+02,1.685422331085046466e+01,-1.828268222594767786e-03,5.547376151618993134e+01,3.348951983379434560e-01,nan,2.007916207801151270e-05,8.567669782460592742e+00,1.000000000000000000e+00,1.000000000000000000e+00,-1.000000000000000000e+00,0.000000000000000000e+00
5.250000000000000000e+02,1.384696475385681822e+02,4.932335980917569174e+01,-1.766750158536868837e-03,5.361997497920220468e+01,3.120401120580851284e-01,nan,1.614450538175686979e-05,1.814654080237682621e+01,1.000000000000000000e+00,1.000000000000000000e+00,-1.000000000000000000e+00,0.000000000000000000e+00
5.260000000000000000e+02,6.392147006424023203e+01,1.739068472809243104e+01,-8.342504683804071244e-03,2.517738895432819390e+02,3.602303502834691695e-02,nan,2.479403138686608128e-05,1.340570299826621081e+01,1.000000000000000000e+00,1.000000000000000000e+00,-1.000000000000000000e+00,0.000000000000000000e+00
5.270000000000000000e+02,1.332370729800741742e+02,2.089052368543627125e+01,-1.712924590418209115e-03,5.199799426423405180e+01,2.916290258822219483e-01,nan,1.337426233695580443e-05,8.567669782460592742e+00,1.000000000000000000e+00,1.000000000000000000e+00,-1.000000000000000000e+00,0.000000000000000000e+00
5.280000000000000000e+02,3.076853220164090530e+01,4.021607641081011053e+01,-1.745099247314109772e-02,5.262492374719536201e+02,6.186401669566188311e-03,nan,1.987775342528440699e-05,1.978143471913449503e+01,1.000000000000000000e+00,1.000000000000000000e+00,-1.000000000000000000e+00,0.000000000000000000e+00
5.290000000000000000e+02,1.204243077916162008e+01,3.384125993796958909e+01,-8.763409174741157090e-03,2.644574336470508911e+02,2.435800614715977197e-02,nan,1.903616665517300459e-05,1.065867391158446509e+01,1.000000000000000000e+00,1.000000000000000000e+00,-1.000000000000000000e+00,0.000000000000000000e+00
5.310000000000000000e+02,5.102791584063759700e+01,1.372065307145207491e+01,-8.316965913795619850e-03,2.510043037518900917e+02,1.016736015325793163e-01,nan,7.752029409400239583e-05,5.886497341473972966e+00,1.000000000000000000e+00,1.000000000000000000e+00,-1.000000000000000000e+00,0.000000000000000000e+00
5.310000000000000000e+02,7.399392448639972031e+00,2.424701558967419857e+01,-8.610351549580749428e-03,2.598451921981223904e+02,2.780268159946508444e-02,nan,2.099168359868344729e-05,1.065867391158446509e+01,1.000000000000000000e+00,1.000000000000000000e+00,-1.000000000000000000e+00,0.000000000000000000e+00
5.310000000000000000e+02,1.415664412723582473e+02,4.490654060465571007e+01,-1.971040750479470093e-03,5.977607164407801577e+01,3.392177809761186547e-01,nan,2.384624150365472931e-05,6.469673487640432263e+00,1.000000000000000000e+00,1.000000000000000000e+00,-1.000000000000000000e+00,0.000000000000000000e+00
5.320000000000000000e+02,8.636007538445340970e+01,3.443545663872563267e+01,-9.536450102616614993e-03,2.877522639799313424e+02,1.939409457990692864e-02,nan,1.830035409948957889e-05,1.875489614009401507e+01,1.000000000000000000e+00,1.000000000000000000e+00,-1.000000000000000000e+00,0.000000000000000000e+00
5.330000000000000000e+02,1.397437020645995744e+02,2.394306883722536128e+01,-8.170438714031977995e-03,2.465888502686871391e+02,4.234087895287363956e-02,nan,3.013627946759074274e-05,1.503427749839792327e+01,1.000000000000000000e+00,1.000000000000000000e+00,-1.000000000000000000e+00,0.000000000000000000e+00
5.340000000000000000e+02,5.491948354852043224e+01,9.304030863684731756e+00,-8.152001035274053509e-03,2.460332488989402577e+02,1.149356411926985011e-01,nan,8.469852492839989567e-05,5.886497341473972966e+00,1.000000000000000000e+00,1.000000000000000000e+00,-1.000000000000000000e+00,0.000000000000000000e+00
5.350000000000000000e+02,1.390182376211555209e+02,3.895983284416548997e+01,-8.044419948794316252e-03,2.427913983497593051e+02,5.001253576099728981e-02,nan,3.337446273855232615e-05,6.469673487640432263e+00,1.000000000000000000e+00,1.000000000000000000e+00,-1.000000000000000000e+00,0.000000000000000000e+00
5.360000000000000000e+02,1.137099945045282681e+02,3.344991609250108411e+01,-1.676985994228663221e-02,5.057239765597442442e+02,7.269148560818838867e-03,nan,2.188964298625517492e-05,1.751656102782009938e+01,1.000000000000000000e+00,1.000000000000000000e+00,-1.000000000000000000e+00,0.000000000000000000e+00
5.380000000000000000e+02,1.304625613197021039e+02,9.167590919566197982e+00,-1.616670083524837653e-02,4.875483683150387719e+02,1.339332389693470571e-02,nan,3.603854509079586758e-05,1.212738951469358994e+01,1.000000000000000000e+00,1.000000000000000000e+00,-1.000000000000000000e+00,0.000000000000000000e+00
5.380000000000000000e+02,3.458766723878441951e+01,3.110261528562591593e+01,-1.770806195462688555e-03,5.374219967469218062e+01,3.024920451092727447e-01,nan,1.532741316118054484e-05,1.668257403741166556e+01,1.000000000000000000e+00,1.000000000000000000e+00,-1.000000000000000000e+00,0.000000000000000000e+00
5.390000000000000000e+02,8.369900597887702531e+01,3.970806571524155260e+01,-8.071483899249356359e-03,2.436069439583473297e+02,2.445255406806279286e-02,nan,1.554625208740242543e-05,3.065654691884552818e+01,1.000000000000000000e+00,1.000000000000000000e+00,-1.000000000000000000e+00,0.000000000000000000e+00
5.390000000000000000e+02,2.776451757024327804e+01,9.900447921729094602e+00,-1.800951647585964308e-02,5.430798106162851582e+02,1.143596677328828637e-02,nan,4.264490185736876683e-05,2.227301668669972656e+01,1.000000000000000000e+00,1.000000000000000000e+00,-1.000000000000000000e+00,0.000000000000000000e+00
5.400000000000000000e+02,9.519573256925140470e+01,1.057987263894593433e+01,-1.622472473243098809e-03,4.927230840871945361e+01,3.230283801212323613e-01,nan,1.497857484256098235e-05,3.569107495815632802e+00,1.000000000000000000e+00,1.000000000000000000e+00,-1.000000000000000000e+00,0.000000000000000000e+00
5.420000000000000000e+02,5.195602452376606806e+01,4.638974355393342819e+01,-8.397333914917344891e-03,2.534261146584206870e+02,3.015139715615555716e-02,nan,2.076321482798147846e-05,9.125263409124483971e+00,1.000000000000000000e+00,1.000000000000000000e+00,-1.000000000000000000e+00,0.000000000000000000e+00
5.420000000000000000e+02,9.363067694531943630e+01,7.372205385210557793e+00,1.878818875630190515e-03,-5.699705587644170635e+01,2.881439791541847706e-01,nan,1.609743214527758906e-05,3.569107495815632802e+00,1.000000000000000000e+00,1.000000000000000000e+00,-1.000000000000000000e+00,0.000000000000000000e+00
5.430000000000000000e+02,1.224829211988517557e+02,1.829989183350981818e+01,-9.481186469596463232e-03,2.860869485892947637e+02,1.909835379164492863e-02,nan,1.742919051359509202e-05,1.212738951469358994e+01,1.000000000000000000e+00,1.000000000000000000e+00,-1.000000000000000000e+00,0.000000000000000000e+00
5.440000000000000000e+02,2.763516366966941717e+01,3.834973971107255153e+01,-8.870994514004521339e-03,2.676994123496962743e+02,2.573918415807074922e-02,nan,1.955393372981388341e-05,5.817561373896751320e+00,1.000000000000000000e+00,1.000000000000000000e+00,-1.000000000000000000e+00,0.000000000000000000e+00
5.450000000000000000e+02,7.912931906334716814e+01,3.693126897733422709e+01,-6.673253017925242538e-03,2.014726274271963860e+02,4.043045540790179970e-02,nan,1.859178702238106166e-05,2.304932059202329597e+01,1.000000000000000000e+00,1.000000000000000000e+00,-1.000000000000000000e+00,0.000000000000000000e+00
5.450000000000000000e+02,5.611886973385241362e+01,3.826932779839680876e+01,-1.939495080865476923e-03,5.882547382332012376e+01,2.136566133304135251e-01,nan,1.190564660520860427e-05,9.125263409124483971e+00,1.000000000000000000e+00,1.000000000000000000e+00,-1.000000000000000000e+00,0.000000000000000000e+00
5.470000000000000000e+02,1.385151041669639937e+02,2.628763248842401623e+01,-8.619207343760100504e-03,2.601120528719005165e+02,3.095947493380402094e-02,nan,2.299614144683216385e-05,1.279788913267666395e+01,1.000000000000000000e+00,1.000000000000000000e+00,-1.000000000000000000e+00,0.000000000000000000e+00
5.490000000000000000e+02,1.154040172871481502e+02,4.790142510910671092e+01,-7.395050006819709962e-03,2.232232719076778835e+02,3.579620879024858482e-02,nan,1.943488762001173610e-05,1.051148740161866968e+01,1.000000000000000000e+00,1.000000000000000000e+00,-1.000000000000000000e+00,0.000000000000000000e+00
5.490000000000000000e+02,3.117452347244786282e+01,3.373271117255001172e+01,-2.001758028872380798e-03,6.070170670769264376e+01,3.592990320783699953e-01,nan,2.657568527170543442e-05,5.817561373896751320e+00,1.000000000000000000e+00,1.000000000000000000e+00,-1.000000000000000000e+00,0.000000000000000000e+00
5.510000000000000000e+02,1.050168219396918516e+02,4.628973648900348792e+01,-2.432088378368600992e-02,7.332666756356622955e+02,3.860443990915785051e-03,nan,3.258028887456566945e-05,1.051148740161866968e+01,1.000000000000000000e+00,1.000000000000000000e+00,-1.000000000000000000e+00,0.000000000000000000e+00
5.510000000000000000e+02,6.333844527419820736e+01,4.622163970484772477e+01,-9.875788040646673455e-03,2.979778799943957779e+02,1.595884233701105881e-02,nan,1.609821319854321843e-05,3.450349549761518375e+01,1.000000000000000000e+00,1.000000000000000000e+00,-1.000000000000000000e+00,0.000000000000000000e+00
5.530000000000000000e+02,1.431764459641189013e+01,3.425197670858391064e+01,-7.680923746099226762e-03,2.318377967187307434e+02,2.990139005850311893e-02,nan,1.852635909518495530e-05,1.686487480351574675e+01,1.000000000000000000e+00,1.000000000000000000e+00,-1.000000000000000000e+00,0.000000000000000000e+00
5.530000000000000000e+02,8.429822774348340886e+01,1.400205466268311660e+01,-8.899799892037174934e-03,2.685674341707262442e+02,2.206436491185348459e-02,nan,1.691640724551607289e-05,2.887919635460319157e+01,1.000000000000000000e+00,1.000000000000000000e+00,-1.000000000000000000e+00,0.000000000000000000e+00
5.570000000000000000e+02,7.627656782968460902e+01,4.174481866187900891e+01,-7.724689571875946632e-03,2.331566369626089568e+02,3.079104688297440440e-02,nan,1.868954002258625953e-05,1.328679777946187102e+01,1.000000000000000000e+00,1.000000000000000000e+00,-1.000000000000000000e+00,0.000000000000000000e+00
5.570000000000000000e+02,1.109594848445168651e+02,3.845057009960023464e+01,-1.614474611806427642e-03,4.903130069687012593e+01,3.076202206477302026e-01,nan,1.340708650697182536e-05,1.302814362893184708e+01,1.000000000000000000e+00,1.000000000000000000e+00,-1.000000000000000000e+00,0.000000000000000000e+00
5.580000000000000000e+02,4.430271593260309970e+01,2.819162478721878884e+01,-8.167751495300306849e-03,2.465078735672417736e+02,2.697876800720522272e-02,nan,1.968637925645131125e-05,3.059137735453030871e+01,1.000000000000000000e+00,1.000000000000000000e+00,-1.000000000000000000e+00,0.000000000000000000e+00
5.590000000000000000e+02,8.131162371684818879e+01,2.313041914509132013e+01,-7.268071302619505923e-03,2.193968931694109870e+02,2.255062518354578049e-02,nan,1.189995694880281665e-05,1.928335181335045689e+01,1.000000000000000000e+00,1.000000000000000000e+00,-1.000000000000000000e+00,0.000000000000000000e+00
5.600000000000000000e+02,7.100709621424383045e+01,5.763104162017354426e+00,-1.290614850568493500e-03,3.927210436244229896e+01,3.502183873767429345e-01,nan,1.064933556706285980e-05,2.019422978905695132e+01,1.000000000000000000e+00,1.000000000000000000e+00,-1.000000000000000000e+00,0.000000000000000000e+00
5.610000000000000000e+02,1.162241458291458258e+02,5.036761130675409248e+01,-8.212259598094314925e-03,2.478490816011737934e+02,1.956280201561133580e-02,nan,1.334007687828239545e-05,1.056036624252609712e+01,1.000000000000000000e+00,1.000000000000000000e+00,-1.000000000000000000e+00,0.000000000000000000e+00
5.640000000000000000e+02,1.274221577784525010e+02,5.027269013447511270e+01,-8.014983315597247818e-03,2.419043542733460299e+02,2.711489257551080723e-02,nan,1.732952871458751521e-05,1.119841424692629950e+01,1.000000000000000000e+00,1.000000000000000000e+00,-1.000000000000000000e+00,0.000000000000000000e+00
5.670000000000000000e+02,7.222789237743420188e+01,4.280834216256237568e+01,-7.008971008874466391e-03,2.115891598860283978e+02,3.651271972480141237e-02,nan,1.836703667677152941e-05,2.367294454159022976e+01,1.000000000000000000e+00,1.000000000000000000e+00,-1.000000000000000000e+00,0.000000000000000000e+00
5.670000000000000000e+02,1.003582895420044991e+02,5.229743381508569655e+01,-1.881831401649600123e-03,5.708783539401317597e+01,3.101020029665170208e-01,nan,1.769677791899408153e-05,1.556287592444120627e+01,1.000000000000000000e+00,1.000000000000000000e+00,-1.000000000000000000e+00,0.000000000000000000e+00
5.700000000000000000e+02,2.848908122277164878e+01,4.981383610269836026e+01,-2.437320627802304265e-03,7.382695852237492318e+01,1.770340050040883906e-01,nan,1.310084477825720453e-05,7.804037260750907201e+00,1.000000000000000000e+00,1.000000000000000000e+00,-1.000000000000000000e+00,0.000000000000000000e+00
5.700000000000000000e+02,4.898003100264551080e+01,1.887591698323980083e+01,-1.956605175480980591e-03,5.934106974673790802e+01,2.855248163172492415e-01,nan,1.683051640751092345e-05,2.932730021755115501e+01,1.000000000000000000e+00,1.000000000000000000e+00,-1.000000000000000000e+00,0.000000000000000000e+00
5.700000000000000000e+02,1.181202539254499300e+02,1.744937492284281788e+01,-1.535745289643499325e-03,4.665886977390666601e+01,3.729393150665505363e-01,nan,1.620315189468388712e-05,2.471642930622446954e+01,1.000000000000000000e+00,1.000000000000000000e+00,-1.000000000000000000e+00,0.000000000000000000e+00
5.710000000000000000e+02,1.416455751832080239e+02,2.502968740775179768e+01,-1.618367944938498351e-02,4.880600022031522940e+02,1.094485239828857370e-02,nan,2.865019612315143272e-05,2.471642930622446954e+01,1.000000000000000000e+00,1.000000000000000000e+00,-1.000000000000000000e+00,0.000000000000000000e+00
5.790000000000000000e+02,1.345762023854257166e+02,4.421674836798269581e+01,-9.566659516777436742e-03,2.886625950529136162e+02,1.852698307116429355e-02,nan,1.659857193970047396e-05,2.394350481354933891e+01,1.000000000000000000e+00,1.000000000000000000e+00,-1.000000000000000000e+00,0.000000000000000000e+00
5.800000000000000000e+02,3.064052870700729869e+01,2.435788499729605405e+01,-6.072996581870316463e-03,1.833844883262719065e+02,4.735293697723363948e-02,nan,1.893083632188919996e-05,8.372907631850242893e+00,1.000000000000000000e+00,1.000000000000000000e+00,-1.000000000000000000e+00,0.000000000000000000e+00
5.810000000000000000e+02,1.206451913359899208e+02,8.191214429053896851e+00,-1.476040773991214297e-03,4.485973273979240616e+01,3.489886469376781708e-01,nan,1.404972404141914811e-05,3.862527882675299651e+01,1.000000000000000000e+00,1.000000000000000000e+00,-1.000000000000000000e+00,0.000000000000000000e+00
5.810000000000000000e+02,9.206082607178771582e+01,3.851626085916350917e+01,-7.381968283853501504e-03,2.228290670137700431e+02,1.742619529311786319e-01,nan,1.240244634713587345e-04,2.381536460495555829e+01,1.000000000000000000e+00,1.000000000000000000e+00,-1.000000000000000000e+00,0.000000000000000000e+00
5.830000000000000000e+02,5.542129538159412050e+01,1.837871899733677949e+01,-8.028740401908776581e-03,2.423189105794171496e+02,2.330088985180467365e-02,nan,1.457271709025934644e-05,1.482079854599907698e+01,1.000000000000000000e+00,1.000000000000000000e+00,-1.000000000000000000e+00,0.000000000000000000e+00
5.860000000000000000e+02,3.704153015592272169e+01,4.447891332238900475e+01,-6.899845240764274773e-03,2.083007618705979382e+02,3.149667838897241001e-02,nan,1.394786206806022907e-05,2.210074061142114132e+01,1.000000000000000000e+00,1.000000000000000000e+00,-1.000000000000000000e+00,0.000000000000000000e+00
5.860000000000000000e+02,6.240864750201826183e+00,5.207403829087945724e+01,-1.644147941746497942e-03,4.992547739753361924e+01,2.913760123068336316e-01,nan,1.224829234067378915e-05,2.967176813739661867e+01,1.000000000000000000e+00,1.000000000000000000e+00,-1.000000000000000000e+00,0.000000000000000000e+00
5.870000000000000000e+02,4.341290942333479563e+01,9.692250427280900027e+00,-6.643973110472735193e-03,2.005903061274132995e+02,3.242320367415196802e-02,nan,1.404089019675843935e-05,1.482079854599907698e+01,1.000000000000000000e+00,1.000000000000000000e+00,-1.000000000000000000e+00,0.000000000000000000e+00
5.890000000000000000e+02,6.246018959015378158e+01,4.237288181312302271e+01,-1.426780946190352737e-03,4.337533613222644391e+01,2.472803466962837371e-01,nan,7.653407673103150457e-06,2.210406511107076000e+01,1.000000000000000000e+00,1.000000000000000000e+00,-1.000000000000000000e+00,0.000000000000000000e+00
5.920000000000000000e+02,9.289014252324147947e+01,5.348300209402108862e+01,-8.338348538160957404e-03,2.516486481697609463e+02,2.497468218020948427e-02,nan,1.698411740690381166e-05,1.253717588621300472e+01,1.000000000000000000e+00,1.000000000000000000e+00,-1.000000000000000000e+00,0.000000000000000000e+00
5.920000000000000000e+02,1.413557900513531536e+02,3.854050209176998720e+01,-8.702163289706528471e-03,2.626118489580360347e+02,2.869413821046173929e-02,nan,2.239987017161960538e-05,5.071683445007615632e+01,1.000000000000000000e+00,1.000000000000000000e+00,-1.000000000000000000e+00,0.000000000000000000e+00
5.930000000000000000e+02,6.110720350812255219e+01,1.819686008305812308e+01,-8.146856856983082651e-03,2.458782341304213617e+02,3.242577441309080211e-02,nan,2.139304637995316510e-05,1.263005942971413731e+01,1.000000000000000000e+00,1.000000000000000000e+00,-1.000000000000000000e+00,0.000000000000000000e+00
5.930000000000000000e+02,9.225686755446091070e+01,2.179948003976946325e+01,-2.583756679786499214e-03,7.823966535662194133e+01,1.588066948623535479e-01,nan,1.339496617726232705e-05,2.368549020318484821e+01,1.000000000000000000e+00,1.000000000000000000e+00,-1.000000000000000000e+00,0.000000000000000000e+00
5.940000000000000000e+02,4.848322635997334373e+01,1.780493896712074786e+01,-8.792292119200458694e-03,2.653277928562877719e+02,1.838532684844251808e-02,nan,1.452558622003071329e-05,1.263005942971413731e+01,1.000000000000000000e+00,1.000000000000000000e+00,-1.000000000000000000e+00,0.000000000000000000e+00
5.940000000000000000e+02,8.449062598323529016e+01,4.417553728903776289e+01,-8.325849524831806237e-03,2.512720026593722480e+02,2.954351902357044146e-02,nan,2.034465918427344380e-05,1.253717588621300472e+01,1.000000000000000000e+00,1.000000000000000000e+00,-1.000000000000000000e+00,0.000000000000000000e+00
5.980000000000000000e+02,1.556992665030853118e+01,1.432442792960191724e+01,-1.700895393474732148e-02,5.129288395717062485e+02,7.453747708473179578e-03,nan,2.334058899294003936e-05,2.578705844433506300e+01,1.000000000000000000e+00,1.000000000000000000e+00,-1.000000000000000000e+00,0.000000000000000000e+00
6.000000000000000000e+02,1.279508071449439086e+02,3.161000115341812133e+01,-2.139177662727693822e-03,6.484271262294711846e+01,2.457834842636769102e-01,nan,1.619053514613831926e-05,2.811324786661056407e+01,1.000000000000000000e+00,1.000000000000000000e+00,-1.000000000000000000e+00,0.000000000000000000e+00
6.020000000000000000e+02,7.828955930155562726e+01,1.942383543145264113e+01,-7.562759349273252309e-03,2.282770284900507534e+02,2.452325169553437600e-02,nan,1.380879811621380655e-05,2.513846002797298951e+01,1.000000000000000000e+00,1.000000000000000000e+00,-1.000000000000000000e+00,0.000000000000000000e+00
6.020000000000000000e+02,2.075391240362650080e+01,3.958504302347777326e+01,-1.612438357372501059e-03,4.896994016621457746e+01,3.323154829227989993e-01,nan,1.553631428610529737e-05,1.504195468055971929e+01,1.000000000000000000e+00,1.000000000000000000e+00,-1.000000000000000000e+00,0.000000000000000000e+00
6.040000000000000000e+02,5.951700266377191895e+01,3.614308451325049987e+01,-9.001695106863102230e-03,2.716379465530729362e+02,1.365795851301554453e-02,nan,1.103761759900501612e-05,1.804143555745844196e+01,1.000000000000000000e+00,1.000000000000000000e+00,-1.000000000000000000e+00,0.000000000000000000e+00
6.040000000000000000e+02,6.416495302605974338e+00,4.600086182309500771e+01,-8.675471539481290073e-03,2.618075192384009142e+02,2.492790197134409080e-02,nan,1.872069663163804994e-05,1.570745873775124046e+01,1.000000000000000000e+00,1.000000000000000000e+00,-1.000000000000000000e+00,0.000000000000000000e+00
6.050000000000000000e+02,1.404277798710136835e+02,6.417147857247111453e+00,-7.384562304049681163e-03,2.229072352687370255e+02,4.508175640058897926e-02,nan,2.541623381207542247e-05,2.811324786661056407e+01,1.000000000000000000e+00,1.000000000000000000e+00,-1.000000000000000000e+00,0.000000000000000000e+00
6.050000000000000000e+02,3.556120533151838714e+01,3.693844581959211837e+01,-9.580557405271906274e-03,2.890813942946998054e+02,1.862562456401339883e-02,nan,1.736733159013244902e-05,1.460926676639055977e+01,1.000000000000000000e+00,1.000000000000000000e+00,-1.000000000000000000e+00,0.000000000000000000e+00
6.070000000000000000e+02,7.183525093004024598e+01,4.932466850852599549e+01,-1.555301185547607393e-02,4.690554526808779201e+02,8.536856723695085414e-03,nan,2.157535159680772839e-05,1.804143555745844196e+01,1.000000000000000000e+00,1.000000000000000000e+00,-1.000000000000000000e+00,0.000000000000000000e+00
6.080000000000000000e+02,9.208574385772138271e+01,3.008076611167575720e+01,-8.810959918473578595e-03,2.658903286821084748e+02,1.996208234991447839e-02,nan,1.590578343943622365e-05,2.793582365482646779e+01,1.000000000000000000e+00,1.000000000000000000e+00,-1.000000000000000000e+00,0.000000000000000000e+00
6.080000000000000000e+02,4.300946751244487842e+01,2.437046802140422486e+01,1.328195541407566679e-03,-4.040456162999551992e+01,3.671395461812420047e-01,nan,1.252293378446412465e-05,1.460926676639055977e+01,1.000000000000000000e+00,1.000000000000000000e+00,-1.000000000000000000e+00,0.000000000000000000e+00
6.140000000000000000e+02,3.430460292763737584e+01,8.484025144520819239e+00,-1.502397216956083414e-02,4.531133605116760918e+02,1.287429927479744052e-02,nan,3.780177981697084371e-05,6.234308499389217495e+00,1.000000000000000000e+00,1.000000000000000000e+00,-1.000000000000000000e+00,0.000000000000000000e+00
6.160000000000000000e+02,4.053889214324101431e+01,8.499531329248315004e+00,-7.424523508186622704e-03,2.241114269702372326e+02,9.866271214265620593e-02,nan,6.573960854411283535e-05,6.234308499389217495e+00,1.000000000000000000e+00,1.000000000000000000e+00,-1.000000000000000000e+00,0.000000000000000000e+00
6.190000000000000000e+02,1.044275916283924133e+01,3.143794257470040421e+01,-8.908557547510926461e-03,2.688313375308439390e+02,1.848161895339794913e-02,nan,1.466371318096863877e-05,3.310996697743955508e+01,1.000000000000000000e+00,1.000000000000000000e+00,-1.000000000000000000e+00,0.000000000000000000e+00
6.200000000000000000e+02,5.404383731522591461e+01,4.619681983135392578e+00,-7.607790301545835736e-03,2.296339920803237646e+02,1.965371942319936727e-01,nan,1.479028553239414420e-04,3.086831325068851051e+00,1.000000000000000000e+00,1.000000000000000000e+00,-1.000000000000000000e+00,0.000000000000000000e+00
6.210000000000000000e+02,1.292757776187228558e+02,5.188006119711196185e+00,-7.994097405327801192e-03,2.412749778476868130e+02,3.983964028031838911e-02,nan,2.549237929347575662e-05,3.486269941464074407e+01,1.000000000000000000e+00,1.000000000000000000e+00,-1.000000000000000000e+00,0.000000000000000000e+00
6.220000000000000000e+02,1.229425132813626504e+02,3.947061939975030498e+01,-8.282723535077808966e-03,2.499724432466282451e+02,2.659279650893175972e-02,nan,1.801086283338647399e-05,1.366118082926084298e+01,1.000000000000000000e+00,1.000000000000000000e+00,-1.000000000000000000e+00,0.000000000000000000e+00
6.230000000000000000e+02,1.067366931327735387e+02,3.200426442311252373e+01,-9.214470681424521623e-03,2.780497298489606806e+02,2.337414243536539704e-02,nan,1.939374888925676885e-05,1.047726044674246815e+01,1.000000000000000000e+00,1.000000000000000000e+00,-1.000000000000000000e+00,0.000000000000000000e+00
6.230000000000000000e+02,5.585128805950024855e+01,1.016757725045621541e+01,-8.889227578331647742e-03,2.682488478642118821e+02,1.357020367008960893e-01,nan,1.269977372132694655e-04,3.547028003078775527e+00,1.000000000000000000e+00,1.000000000000000000e+00,-1.000000000000000000e+00,0.000000000000000000e+00
6.260000000000000000e+02,3.696970893595900520e+01,1.878034890953674108e+01,-9.530532086142160658e-03,2.875739303565636078e+02,2.112489641186987566e-02,nan,2.224046290665764722e-05,8.587177981466140864e+00,1.000000000000000000e+00,1.000000000000000000e+00,-1.000000000000000000e+00,0.000000000000000000e+00
6.260000000000000000e+02,1.098229598312481698e+02,4.327918591739880583e+01,-8.821519135528413033e-03,2.662085203338964448e+02,3.518841443610531972e-02,nan,2.674094256097281255e-05,1.168969190511162637e+01,1.000000000000000000e+00,1.000000000000000000e+00,-1.000000000000000000e+00,0.000000000000000000e+00
6.270000000000000000e+02,1.129333197453490953e+02,2.355590333393110924e+01,-8.038150156053485221e-03,2.426024642935491329e+02,3.547456223546130438e-02,nan,1.978077642680578014e-05,1.047726044674246815e+01,1.000000000000000000e+00,1.000000000000000000e+00,-1.000000000000000000e+00,0.000000000000000000e+00
6.270000000000000000e+02,1.166551017006213584e+02,5.313914245239091372e+01,-8.266584932888594930e-03,2.494861222948504462e+02,2.254408680892439065e-02,nan,1.519085327043157070e-05,1.199570362234645060e+01,1.000000000000000000e+00,1.000000000000000000e+00,-1.000000000000000000e+00,0.000000000000000000e+00
6.280000000000000000e+02,1.286565058729657380e+02,7.883214583651795948e+00,-9.640261414289743799e-03,2.908805160618817922e+02,2.174520144759095608e-02,nan,2.028712201020023279e-05,2.220026474316935250e+01,1.000000000000000000e+00,1.000000000000000000e+00,-1.000000000000000000e+00,0.000000000000000000e+00
6.300000000000000000e+02,2.864024561220053045e+01,1.669236748635804801e+01,-8.712293286714014803e-03,2.629171064845818933e+02,2.095728646449301902e-02,nan,1.850262375959212092e-05,8.587177981466140864e+00,1.000000000000000000e+00,1.000000000000000000e+00,-1.000000000000000000e+00,0.000000000000000000e+00
6.300000000000000000e+02,4.371749980817776304e+01,2.492730888167842451e+01,-8.252809201779570322e-03,2.490710041460894786e+02,2.238623612981205380e-02,nan,1.546815334774386078e-05,9.127858377204965734e+00,1.000000000000000000e+00,1.000000000000000000e+00,-1.000000000000000000e+00,0.000000000000000000e+00
6.330000000000000000e+02,9.491823730446293439e+01,3.108003139301035489e+01,-8.396273371717808548e-03,2.533941562290503668e+02,2.001778259670472515e-02,nan,1.407393623221924196e-05,7.174545639236209915e+00,1.000000000000000000e+00,1.000000000000000000e+00,-1.000000000000000000e+00,0.000000000000000000e+00
6.340000000000000000e+02,3.454271900954996255e+01,3.309498201557256181e+01,-9.074920624066281499e-03,2.738445257104966686e+02,2.903171919232427900e-02,nan,2.515911850742138928e-05,7.071804354271333359e+00,1.000000000000000000e+00,1.000000000000000000e+00,-1.000000000000000000e+00,0.000000000000000000e+00
6.340000000000000000e+02,2.723344158862198583e+01,4.587133046657054791e+01,-8.011062401736690139e-03,2.417862013789286948e+02,2.104069639870520536e-02,nan,1.371358427704680441e-05,1.471939591686446036e+01,1.000000000000000000e+00,1.000000000000000000e+00,-1.000000000000000000e+00,0.000000000000000000e+00
6.370000000000000000e+02,3.721488015697612184e+01,2.654746556830210835e+01,-8.050693808478032176e-03,2.429804549593053480e+02,5.450507027202100563e-02,nan,3.707805882152366073e-05,7.071804354271333359e+00,1.000000000000000000e+00,1.000000000000000000e+00,-1.000000000000000000e+00,0.000000000000000000e+00
6.370000000000000000e+02,9.640206343670479328e+01,3.809945908611749843e+01,-1.795148971362551691e-03,5.447574535638990056e+01,3.032612259945997035e-01,nan,1.753161305811198848e-05,7.174545639236209915e+00,1.000000000000000000e+00,1.000000000000000000e+00,-1.000000000000000000e+00,0.000000000000000000e+00
6.380000000000000000e+02,1.139989518502119381e+02,5.122154811498229776e+01,-1.218682494909206293e-03,3.710449336009512677e+01,3.720355343118602054e-01,nan,1.074523717122983763e-05,2.195084741687381680e+01,1.000000000000000000e+00,1.000000000000000000e+00,-1.000000000000000000e+00,0.000000000000000000e+00
6.390000000000000000e+02,4.937571187659213479e+01,4.498993462659073117e+01,-7.538106337169299571e-03,2.275341341445542866e+02,2.006201318615885576e-02,nan,1.146494340295558595e-05,1.597326855617935060e+01,1.000000000000000000e+00,1.000000000000000000e+00,-1.000000000000000000e+00,0.000000000000000000e+00
6.410000000000000000e+02,1.039673566301269716e+02,4.884649629402362692e+00,-7.314235841056682293e-03,2.207880162671818596e+02,3.624138929439169043e-02,nan,1.982093314278565057e-05,2.331270389730259396e+01,1.000000000000000000e+00,1.000000000000000000e+00,-1.000000000000000000e+00,0.000000000000000000e+00
6.420000000000000000e+02,7.509381932648501845e+01,2.844244347919597615e+01,-1.986874726764423400e-03,6.025321299294107291e+01,2.348843048362933006e-01,nan,1.330477367349749355e-05,7.264973389720237762e+00,1.000000000000000000e+00,1.000000000000000000e+00,-1.000000000000000000e+00,0.000000000000000000e+00
6.430000000000000000e+02,3.342262821615543800e+01,4.418717059467621766e+01,-8.745575482139705120e-03,2.639200328078724169e+02,2.441398952397555444e-02,nan,2.012644238226025926e-05,1.597326855617935060e+01,1.000000000000000000e+00,1.000000000000000000e+00,-1.000000000000000000e+00,0.000000000000000000e+00
6.440000000000000000e+02,1.145452723533712600e+02,3.857213603688596493e+01,-9.178508924258846693e-03,2.769660575601609480e+02,2.765466782417980163e-02,nan,2.334061122726602928e-05,3.217118588765176668e+01,1.000000000000000000e+00,1.000000000000000000e+00,-1.000000000000000000e+00,0.000000000000000000e+00
6.440000000000000000e+02,8.103694482044038239e+01,9.089215866422939882e+00,-1.405745892715041774e-03,4.274146542230540291e+01,3.377426383388699715e-01,nan,1.276782441003200111e-05,2.024520090462682731e+01,1.000000000000000000e+00,1.000000000000000000e+00,-1.000000000000000000e+00,0.000000000000000000e+00
6.490000000000000000e+02,8.584343204805357175e+01,5.310449869771594678e+01,1.714194250490110255e-03,-5.203625422549723112e+01,2.837716566277553865e-01,nan,1.304821263829150571e-05,2.505552451785482049e+01,1.000000000000000000e+00,1.000000000000000000e+00,-1.000000000000000000e+00,0.000000000000000000e+00
6.500000000000000000e+02,6.398808169635314869e+01,3.519663827660796329e+01,-8.327050879846819437e-03,2.513082043147247191e+02,2.115090459900303976e-02,nan,1.439950300797798970e-05,1.091558769379208016e+01,1.000000000000000000e+00,1.000000000000000000e+00,-1.000000000000000000e+00,0.000000000000000000e+00
6.530000000000000000e+02,1.140999907648075720e+02,5.144325329594720131e+01,-1.618730035373813422e-02,4.881691146052472732e+02,6.579841135492259241e-03,nan,1.808591018415500154e-05,1.134458221821683921e+01,1.000000000000000000e+00,1.000000000000000000e+00,-1.000000000000000000e+00,0.000000000000000000e+00
6.530000000000000000e+02,1.349800643003153198e+02,3.667533939247660868e+01,-8.561393967897417204e-03,2.583699034809316117e+02,2.827864344266506347e-02,nan,2.064628077630367798e-05,1.452600969948818133e+01,1.000000000000000000e+00,1.000000000000000000e+00,-1.000000000000000000e+00,0.000000000000000000e+00
6.540000000000000000e+02,7.406136946710448399e+01,3.099200652239967368e+01,-9.153001161768210825e-03,2.761974061499131494e+02,1.503544886249907897e-02,nan,1.385694488121859370e-05,1.091558769379208016e+01,1.000000000000000000e+00,1.000000000000000000e+00,-1.000000000000000000e+00,0.000000000000000000e+00
6.560000000000000000e+02,8.638356540698556785e+01,4.534556412216335985e+01,-9.520919707430701776e-03,2.872842707498022605e+02,4.811428343198953517e-02,nan,4.566613390499580825e-05,4.840878880110026650e+00,1.000000000000000000e+00,1.000000000000000000e+00,-1.000000000000000000e+00,0.000000000000000000e+00
6.570000000000000000e+02,1.389744775883635839e+02,1.151668021730007929e+01,-7.994430571252738107e-03,2.412850174761388757e+02,3.971047364026059068e-02,nan,2.601975514307335296e-05,1.896960491112671576e+01,1.000000000000000000e+00,1.000000000000000000e+00,-1.000000000000000000e+00,0.000000000000000000e+00
6.570000000000000000e+02,7.966258931324587422e+01,4.149996339568371440e+01,-8.990897135068386462e-03,2.713125602613167757e+02,6.052125612983472180e-02,nan,5.302875235125416667e-05,7.743394901470623815e+00,1.000000000000000000e+00,1.000000000000000000e+00,-1.000000000000000000e+00,0.000000000000000000e+00
6.570000000000000000e+02,2.438798117440628488e+01,4.918664256113473243e+01,-1.494929242716662833e-03,4.542891822317490380e+01,3.271938985611168027e-01,nan,1.238357841347574606e-05,1.529963903474976306e+01,1.000000000000000000e+00,1.000000000000000000e+00,-1.000000000000000000e+00,0.000000000000000000e+00
6.580000000000000000e+02,1.221087093324248229e+02,4.340833122970509095e+01,-8.436247680804581997e-03,2.545987428353633106e+02,3.141850553555358694e-02,nan,2.299871443239633219e-05,1.134458221821683921e+01,1.000000000000000000e+00,1.000000000000000000e+00,-1.000000000000000000e+00,0.000000000000000000e+00
6.610000000000000000e+02,8.591343629746324950e+01,5.016356027744151191e+01,-8.653623663704229640e-03,2.611491549254541269e+02,3.002285581835340000e-02,nan,2.316875439811607820e-05,4.840878880110026650e+00,1.000000000000000000e+00,1.000000000000000000e+00,-1.000000000000000000e+00,0.000000000000000000e+00
6.620000000000000000e+02,1.168131930159648988e+02,2.276970969075967588e+01,-9.242200586884744690e-03,2.788853433586075994e+02,2.300968278919712784e-02,nan,1.905823989320742026e-05,1.355558288838618886e+01,1.000000000000000000e+00,1.000000000000000000e+00,-1.000000000000000000e+00,0.000000000000000000e+00
6.620000000000000000e+02,6.218359718958420501e+01,3.497237120434443369e+01,-1.732550564656281820e-03,5.258940375305615333e+01,3.385593855776950489e-01,nan,1.809509010557076614e-05,1.350216028290339487e+01,1.000000000000000000e+00,1.000000000000000000e+00,-1.000000000000000000e+00,0.000000000000000000e+00
6.630000000000000000e+02,4.398717758049021853e+01,3.142178331893870080e+01,-7.130023299196226912e-03,2.152369519533926336e+02,2.801985877843926609e-02,nan,1.529198864518976892e-05,1.853958901707937201e+01,1.000000000000000000e+00,1.000000000000000000e+00,-1.000000000000000000e+00,0.000000000000000000e+00
6.640000000000000000e+02,6.156862260740359005e+01,2.148422312655089073e+01,-8.249596205526853882e-03,2.489741836546144782e+02,2.423732164764957897e-02,nan,1.637891012240516220e-05,1.350216028290339487e+01,1.000000000000000000e+00,1.000000000000000000e+00,-1.000000000000000000e+00,0.000000000000000000e+00
6.640000000000000000e+02,1.288820271576018968e+02,1.659742730046306747e+01,-2.052667716750600051e-03,6.223582023086962067e+01,2.492127581238239298e-01,nan,1.411289131693314259e-05,1.355558288838618886e+01,1.000000000000000000e+00,1.000000000000000000e+00,-1.000000000000000000e+00,0.000000000000000000e+00
6.690000000000000000e+02,1.141915899821733227e+01,3.162613301949542333e+01,-8.598867792298207566e-03,2.594991404331582885e+02,1.840395648317816324e-02,nan,1.334357366270770025e-05,5.116470498855341731e+01,1.000000000000000000e+00,1.000000000000000000e+00,-1.000000000000000000e+00,0.000000000000000000e+00
6.700000000000000000e+02,9.219598499894944155e+01,3.306133999007217739e+01,-1.562913939475028477e-02,4.713494814277468095e+02,7.855871350403109687e-03,nan,2.254716055537134861e-05,2.050737060559937674e+01,1.000000000000000000e+00,1.000000000000000000e+00,-1.000000000000000000e+00,0.000000000000000000e+00
6.720000000000000000e+02,1.075653843154386635e+02,1.948438105938000220e+01,-9.107627359229141309e-03,2.748301111030517063e+02,2.248866802190729874e-02,nan,2.167061081145693619e-05,1.517430659364012335e+01,1.000000000000000000e+00,1.000000000000000000e+00,-1.000000000000000000e+00,0.000000000000000000e+00
6.770000000000000000e+02,5.637144075700522450e+01,9.371048332443823625e+00,-1.635003430687004614e-03,4.964991652368249220e+01,2.960893663932384623e-01,nan,1.241243726114140570e-05,1.339433154266343706e+01,1.000000000000000000e+00,1.000000000000000000e+00,-1.000000000000000000e+00,0.000000000000000000e+00
6.780000000000000000e+02,1.173573282150290353e+01,3.945227181737714517e+01,-8.668340508469044720e-03,2.615926326113948903e+02,2.930691090381198904e-02,nan,2.179016147230362338e-05,9.013545387998000535e+00,1.000000000000000000e+00,1.000000000000000000e+00,-1.000000000000000000e+00,0.000000000000000000e+00
6.830000000000000000e+02,9.585806723986866729e+00,1.448149514135795357e+01,-8.855562926685527775e-03,2.672343965977477183e+02,2.486956890586866642e-02,nan,1.912289117804968471e-05,1.390991635769676904e+01,1.000000000000000000e+00,1.000000000000000000e+00,-1.000000000000000000e+00,0.000000000000000000e+00
6.840000000000000000e+02,3.476629752059970002e+01,4.600360278144845694e+01,-8.944028361985798675e-03,2.699002157430650186e+02,2.078188593172869414e-02,nan,1.646091175199443805e-05,1.081558671745504085e+01,1.000000000000000000e+00,1.000000000000000000e+00,-1.000000000000000000e+00,0.000000000000000000e+00
6.840000000000000000e+02,1.240540434590560750e+02,5.002048015839466188e+01,-1.655631737979832915e-02,4.992890808347730740e+02,6.776141408421532120e-03,nan,1.883345336976347136e-05,5.388573209471163494e+01,1.000000000000000000e+00,1.000000000000000000e+00,-1.000000000000000000e+00,0.000000000000000000e+00
6.840000000000000000e+02,2.300341472981217095e+01,1.081358449902588426e+01,-8.309214255445835154e-03,2.507707151286421947e+02,1.602367769501422679e-02,nan,1.074433175717933941e-05,1.175565515268063699e+01,1.000000000000000000e+00,1.000000000000000000e+00,-1.000000000000000000e+00,0.000000000000000000e+00
6.870000000000000000e+02,7.370510864267108886e+00,3.324557527801487566e+01,-8.262566422353194787e-03,2.493650284203381204e+02,1.007753221614962058e-01,nan,7.572040465143395631e-05,1.889439702983332481e+01,1.000000000000000000e+00,1.000000000000000000e+00,-1.000000000000000000e+00,0.000000000000000000e+00
6.890000000000000000e+02,2.916473041984048109e+01,3.675161045230756685e+01,-8.020589492139428012e-03,2.420732909061387659e+02,3.241238610378061047e-02,nan,2.111257148397131141e-05,1.081558671745504085e+01,1.000000000000000000e+00,1.000000000000000000e+00,-1.000000000000000000e+00,0.000000000000000000e+00
6.890000000000000000e+02,3.472098590713987676e+01,1.175907578560962818e+01,-1.437335006749477151e-03,4.369337239807258300e+01,2.774476557379926822e-01,nan,8.794180064858088538e-06,1.175565515268063699e+01,1.000000000000000000e+00,1.000000000000000000e+00,-1.000000000000000000e+00,0.000000000000000000e+00
6.900000000000000000e+02,5.914991222265551585e+01,2.984806052163925827e+01,1.578756347201502094e-03,-4.795496581762461119e+01,3.700111194755475452e-01,nan,1.735780755125242771e-05,1.247466983024319731e+01,1.000000000000000000e+00,1.000000000000000000e+00,-1.000000000000000000e+00,0.000000000000000000e+00
6.910000000000000000e+02,1.427924173417108307e+02,5.192572365370490672e+01,-8.352849911411925829e-03,2.520856328329190319e+02,3.386384970103784031e-02,nan,2.340052865247916315e-05,7.117810301706693110e+01,1.000000000000000000e+00,1.000000000000000000e+00,-1.000000000000000000e+00,0.000000000000000000e+00
6.930000000000000000e+02,3.470988305979858524e+01,2.452026657325758663e+01,-8.942971185032087822e-03,2.698683587522117477e+02,1.891685865133385658e-02,nan,1.555535931342031159e-05,1.276119561765159283e+01,1.000000000000000000e+00,1.000000000000000000e+00,-1.000000000000000000e+00,0.000000000000000000e+00
6.940000000000000000e+02,6.073691490000235405e+01,5.117433670589462480e+01,-8.453475722159653483e-03,2.551178929681217369e+02,2.068960014068899067e-02,nan,1.540448167859573213e-05,9.922683564324204397e+00,1.000000000000000000e+00,1.000000000000000000e+00,-1.000000000000000000e+00,0.000000000000000000e+00
6.950000000000000000e+02,6.333808378792658544e+01,4.159866077496396741e+01,-1.565174431046593290e-03,4.754568809245482441e+01,3.059325023922890852e-01,nan,1.212476995976744353e-05,9.922683564324204397e+00,1.000000000000000000e+00,1.000000000000000000e+00,-1.000000000000000000e+00,0.000000000000000000e+00
6.960000000000000000e+02,1.100830089267650536e+01,2.615781174334748727e+01,-8.800577881100252187e-03,2.655774761662838159e+02,1.616760945960238338e-02,nan,1.326806230985765436e-05,2.375808391703598943e+01,1.000000000000000000e+00,1.000000000000000000e+00,-1.000000000000000000e+00,0.000000000000000000e+00
6.970000000000000000e+02,1.362920897492068946e+02,4.118746271166845219e+01,-8.375961670316229082e-03,2.527820830245664752e+02,2.782523156536265141e-02,nan,1.904242693825046774e-05,3.063388818687307591e+01,1.000000000000000000e+00,1.000000000000000000e+00,-1.000000000000000000e+00,0.000000000000000000e+00
6.980000000000000000e+02,8.319013232992220708e+01,7.736041884606262187e+00,-8.124752281909369822e-03,2.452121344358841952e+02,2.446168274809656928e-02,nan,1.690938660933543041e-05,7.404048125214784726e+00,1.000000000000000000e+00,1.000000000000000000e+00,-1.000000000000000000e+00,0.000000000000000000e+00
6.990000000000000000e+02,9.615640235012391202e+01,3.759984977566755759e+01,-8.225369090971683048e-03,2.482441233141238115e+02,2.376083878926960047e-02,nan,1.602054725025646575e-05,2.017593184804698936e+01,1.000000000000000000e+00,1.000000000000000000e+00,-1.000000000000000000e+00,0.000000000000000000e+00
6.990000000000000000e+02,5.605022523635301468e+01,2.722212376259858857e+01,-1.754408266981485149e-03,5.324806417939550585e+01,2.983125272103134273e-01,nan,1.483424805728644827e-05,1.611824117996922467e+01,1.000000000000000000e+00,1.000000000000000000e+00,-1.000000000000000000e+00,0.000000000000000000e+00
7.000000000000000000e+02,1.104971085325877311e+02,2.340786710497348722e+01,-8.215634541477879332e-03,2.479507822106347703e+02,2.618255374030054039e-02,nan,1.748182247928096843e-05,2.017593184804698936e+01,1.000000000000000000e+00,1.000000000000000000e+00,-1.000000000000000000e+00,0.000000000000000000e+00
7.020000000000000000e+02,1.430181730799244235e+02,1.130109611293173622e+01,-9.137901160383739632e-03,2.757423824149548182e+02,1.936280076132168571e-02,nan,1.636981255784389816e-05,3.063388818687307591e+01,1.000000000000000000e+00,1.000000000000000000e+00,-1.000000000000000000e+00,0.000000000000000000e+00
7.030000000000000000e+02,5.373236891734583054e+01,6.126946091471627831e+00,-7.643117281531028144e-03,2.306985359812395870e+02,2.550208909804430046e-02,nan,1.548348307343011483e-05,1.119245924068439280e+01,1.000000000000000000e+00,1.000000000000000000e+00,-1.000000000000000000e+00,0.000000000000000000e+00
7.030000000000000000e+02,1.392296844996259892e+02,4.323266651965301577e+01,-8.989325149875389276e-03,2.712651900289833975e+02,1.816874883019237163e-02,nan,1.524923127228521334e-05,3.215552572051108626e+01,1.000000000000000000e+00,1.000000000000000000e+00,-1.000000000000000000e+00,0.000000000000000000e+00
7.030000000000000000e+02,7.583085418262196242e+01,8.549032531025789083e+00,-7.727327683779652671e-03,2.332361338779467701e+02,3.042051429833370069e-02,nan,2.033999671217582287e-05,7.404048125214784726e+00,1.000000000000000000e+00,1.000000000000000000e+00,-1.000000000000000000e+00,0.000000000000000000e+00
7.070000000000000000e+02,4.254088404503146137e+01,5.979263299176549751e+00,-8.651159150628308717e-03,2.610748892405640049e+02,2.192638270856694938e-02,nan,1.682997074617095855e-05,1.119245924068439280e+01,1.000000000000000000e+00,1.000000000000000000e+00,-1.000000000000000000e+00,0.000000000000000000e+00
7.090000000000000000e+02,1.054631359733516263e+02,1.849473494254280581e+01,-6.191373124595675806e-03,1.869516493636037922e+02,4.908277771289881741e-02,nan,1.835953796268421416e-05,3.521716643228910470e+01,1.000000000000000000e+00,1.000000000000000000e+00,-1.000000000000000000e+00,0.000000000000000000e+00
7.120000000000000000e+02,3.006498849639314130e+01,9.223480262857012946e+00,-1.678408856725750178e-03,5.095789647485768370e+01,2.371763482236243226e-01,nan,9.644288576044493999e-06,1.289080732335898105e+01,1.000000000000000000e+00,1.000000000000000000e+00,-1.000000000000000000e+00,0.000000000000000000e+00
7.120000000000000000e+02,9.020465497108450847e+01,5.023473445456239972e+01,-8.017564956164801443e-03,2.419821494803435655e+02,2.571133874586850609e-02,nan,1.612253741423711056e-05,3.521716643228910470e+01,1.000000000000000000e+00,1.000000000000000000e+00,-1.000000000000000000e+00,0.000000000000000000e+00
7.160000000000000000e+02,4.489013624344571696e+01,3.942288034607518910e+01,-8.945917842602056982e-03,2.699571533886486350e+02,2.110929395347538318e-02,nan,1.701387313117463522e-05,7.650546695253323648e+00,1.000000000000000000e+00,1.000000000000000000e+00,-1.000000000000000000e+00,0.000000000000000000e+00
7.160000000000000000e+02,4.733226838872262476e+01,8.640005551476487966e+00,-8.925141612607405059e-03,2.693310820705200399e+02,2.021463399800527139e-02,nan,1.598962974200640429e-05,1.039268946817166395e+01,1.000000000000000000e+00,1.000000000000000000e+00,-1.000000000000000000e+00,0.000000000000000000e+00
7.170000000000000000e+02,6.547250829442403131e+01,4.829990528736978206e+00,-1.715262213008499764e-02,5.172581397600158652e+02,6.915281463959255248e-03,nan,2.083763939433133530e-05,1.853603297121318860e+01,1.000000000000000000e+00,1.000000000000000000e+00,-1.000000000000000000e+00,0.000000000000000000e+00
7.180000000000000000e+02,8.712364938631088762e+01,3.982050085379452753e+01,-8.955152994742159381e-03,2.702354456425830449e+02,2.367406960581308617e-02,nan,1.919297089647836881e-05,2.454158670194347636e+01,1.000000000000000000e+00,1.000000000000000000e+00,-1.000000000000000000e+00,0.000000000000000000e+00
7.190000000000000000e+02,5.183080875972586909e+01,1.800863025910034665e+01,-8.346960387844678739e-03,2.519081578153703731e+02,1.673074358217052637e-02,nan,1.174804170609135451e-05,1.039268946817166395e+01,1.000000000000000000e+00,1.000000000000000000e+00,-1.000000000000000000e+00,0.000000000000000000e+00
7.200000000000000000e+02,1.156899635196740519e+02,2.985211007225537472e+01,-9.055227607484195654e-03,2.732510959663781023e+02,2.593709876012384452e-02,nan,2.104659407796687860e-05,3.025562952475884160e+01,1.000000000000000000e+00,1.000000000000000000e+00,-1.000000000000000000e+00,0.000000000000000000e+00
7.200000000000000000e+02,6.554236867777517794e+00,5.264341648406676200e+01,-9.096938038141978017e-03,2.745079988938269366e+02,3.608971071870714642e-02,nan,3.369132983703429230e-05,2.379394316337798543e+01,1.000000000000000000e+00,1.000000000000000000e+00,-1.000000000000000000e+00,0.000000000000000000e+00
7.200000000000000000e+02,1.861212139547905409e+01,3.213100190219274310e+01,1.426061457317409154e-03,-4.335365504055684482e+01,3.573597806792987441e-01,nan,1.319694118812455675e-05,1.601011656525573912e+01,1.000000000000000000e+00,1.000000000000000000e+00,-1.000000000000000000e+00,0.000000000000000000e+00
7.210000000000000000e+02,4.544636848044882527e+01,3.179258084770881965e+01,-7.984668130941775105e-03,2.409908359102239217e+02,3.211952304665632862e-02,nan,2.075222106312648064e-05,7.650546695253323648e+00,1.000000000000000000e+00,1.000000000000000000e+00,-1.000000000000000000e+00,0.000000000000000000e+00
7.220000000000000000e+02,3.319624826275344986e+01,2.552592234534247950e+01,-9.212068494633520246e-03,2.779773423055507351e+02,1.771121715396062335e-02,nan,1.503743120813450876e-05,1.353974466082431860e+01,1.000000000000000000e+00,1.000000000000000000e+00,-1.000000000000000000e+00,0.000000000000000000e+00
7.240000000000000000e+02,5.426965653268048584e+01,4.084601773671427338e+01,-8.395377808138650491e-03,2.533671692987643667e+02,1.750129852892579052e-02,nan,1.241638812434958907e-05,1.262000166957587410e+01,1.000000000000000000e+00,1.000000000000000000e+00,-1.000000000000000000e+00,0.000000000000000000e+00
7.240000000000000000e+02,9.022465578910717454e+01,6.812259751945271447e+00,-6.676079668565230649e-03,2.015578057724747225e+02,3.850167775661372804e-02,nan,1.739518704850959402e-05,1.251562190121141782e+01,1.000000000000000000e+00,1.000000000000000000e+00,-1.000000000000000000e+00,0.000000000000000000e+00
7.250000000000000000e+02,8.986946563798163368e+01,5.279140989336555378e+01,-1.565537375572964530e-03,4.755662506986080018e+01,3.446354118360032137e-01,nan,1.512123355325357309e-05,7.804892345205027837e+00,1.000000000000000000e+00,1.000000000000000000e+00,-1.000000000000000000e+00,0.000000000000000000e+00
7.260000000000000000e+02,1.962135138037037052e+01,1.429597252843665522e+01,-7.960084851801821001e-03,2.402500428992187835e+02,3.098521487816097153e-02,nan,1.911599831727342155e-05,1.761787723471692857e+01,1.000000000000000000e+00,1.000000000000000000e+00,-1.000000000000000000e+00,0.000000000000000000e+00
7.270000000000000000e+02,8.177101093146478661e+01,1.604138106412550258e+01,-7.975027484579164105e-03,2.407003244855138178e+02,2.870630265590756736e-02,nan,1.869694301053367950e-05,1.251562190121141782e+01,1.000000000000000000e+00,1.000000000000000000e+00,-1.000000000000000000e+00,0.000000000000000000e+00
7.270000000000000000e+02,2.559061880629907648e+01,4.164487044247049852e+01,-6.983058553980981201e-03,2.108083134670540346e+02,3.601844944718857189e-02,nan,1.743251625748303701e-05,1.782318959072122411e+01,1.000000000000000000e+00,1.000000000000000000e+00,-1.000000000000000000e+00,0.000000000000000000e+00
7.270000000000000000e+02,4.555893817463756790e+01,3.104756916698177349e+01,-9.372991278165189455e-03,2.828265925895784108e+02,2.213620345678235513e-02,nan,1.977273618374598624e-05,1.091449749514740475e+01,1.000000000000000000e+00,1.000000000000000000e+00,-1.000000000000000000e+00,0.000000000000000000e+00
7.280000000000000000e+02,1.310777325140328742e+02,3.400440862592014213e+01,-7.410395198134016315e-03,2.236856842007433670e+02,3.043429702999567166e-02,nan,1.660544017582742585e-05,1.867196300567908196e+01,1.000000000000000000e+00,1.000000000000000000e+00,-1.000000000000000000e+00,0.000000000000000000e+00
7.300000000000000000e+02,8.206741757089321254e+01,5.258071941165869134e+01,-8.181813532136887959e-03,2.469316192583569318e+02,4.085779499487085520e-02,nan,2.807563242386050474e-05,7.804892345205027837e+00,1.000000000000000000e+00,1.000000000000000000e+00,-1.000000000000000000e+00,0.000000000000000000e+00
7.310000000000000000e+02,3.720536608008144697e+01,1.550988902899434230e+01,-1.639050055620489086e-03,4.977185759801265874e+01,3.198956912293952071e-01,nan,1.583714048269905931e-05,1.112310364875466995e+01,1.000000000000000000e+00,1.000000000000000000e+00,-1.000000000000000000e+00,0.000000000000000000e+00
7.320000000000000000e+02,2.656105799462979178e+01,1.873822298986765844e+01,-8.450543866253143466e-03,2.550295443652989604e+02,2.298884911501131167e-02,nan,1.837772974728744640e-05,1.112310364875466995e+01,1.000000000000000000e+00,1.000000000000000000e+00,-1.000000000000000000e+00,0.000000000000000000e+00
7.320000000000000000e+02,5.333351424091109294e+01,2.338713689710914778e+01,-7.951767867436204673e-03,2.399994187308313087e+02,3.005950809142943214e-02,nan,1.900160103871815440e-05,1.091449749514740475e+01,1.000000000000000000e+00,1.000000000000000000e+00,-1.000000000000000000e+00,0.000000000000000000e+00
7.320000000000000000e+02,1.438909564867086885e+02,2.042267479288195986e+01,-7.634073603330886887e-03,2.304260136067303222e+02,4.002043521871256893e-02,nan,2.379414110261443175e-05,1.867196300567908196e+01,1.000000000000000000e+00,1.000000000000000000e+00,-1.000000000000000000e+00,0.000000000000000000e+00
7.320000000000000000e+02,1.082237259076885749e+02,4.930692549400761493e+01,-8.121098659562762251e-03,2.451020361091390214e+02,2.862902143098322583e-02,nan,1.920962399689747299e-05,2.636039059696877374e+01,1.000000000000000000e+00,1.000000000000000000e+00,-1.000000000000000000e+00,0.000000000000000000e+00
7.320000000000000000e+02,7.292797402709481958e+01,3.043209054119817480e+01,-1.416852295420628844e-03,4.307614597711940974e+01,3.456459879305964211e-01,nan,1.302716477850732054e-05,1.409746083982488862e+01,1.000000000000000000e+00,1.000000000000000000e+00,-1.000000000000000000e+00,0.000000000000000000e+00
7.370000000000000000e+02,8.245558398703687430e+01,2.004156357758322926e+01,-8.462968930397414893e-03,2.554039614895144155e+02,2.540477233821458736e-02,nan,1.821010435104270290e-05,1.062355694683250107e+01,1.000000000000000000e+00,1.000000000000000000e+00,-1.000000000000000000e+00,0.000000000000000000e+00
7.380000000000000000e+02,9.078466192753008812e+00,2.693736722408331019e+01,-9.393745444909678763e-03,2.834519990532980955e+02,1.650495386176786816e-02,nan,1.472397175439864992e-05,2.383580292992551364e+01,1.000000000000000000e+00,1.000000000000000000e+00,-1.000000000000000000e+00,0.000000000000000000e+00
7.390000000000000000e+02,9.524494092722083849e+01,5.212928736911506178e+01,-6.651182996266182673e-03,2.008075689659274303e+02,4.263767515374972117e-02,nan,1.865807858163338439e-05,2.604855243852843927e+01,1.000000000000000000e+00,1.000000000000000000e+00,-1.000000000000000000e+00,0.000000000000000000e+00
7.390000000000000000e+02,1.834831984220627277e+01,4.977965715117641743e+00,-2.677356312381232954e-03,8.106019850291551165e+01,1.972514214450703518e-01,nan,1.868541518008657722e-05,1.555473510528142711e+01,1.000000000000000000e+00,1.000000000000000000e+00,-1.000000000000000000e+00,0.000000000000000000e+00
7.400000000000000000e+02,9.093651670507802010e+01,2.643951187642500145e+01,-8.547720014661227064e-03,2.579578523085671691e+02,2.382475286720120433e-02,nan,1.819683820687378976e-05,1.062355694683250107e+01,1.000000000000000000e+00,1.000000000000000000e+00,-1.000000000000000000e+00,0.000000000000000000e+00
7.420000000000000000e+02,1.155915247074662346e+02,1.838913324231436874e+01,-8.188606717110398156e-03,2.471363252262707988e+02,1.996574152636210187e-02,nan,1.345676551427064027e-05,2.593603700934998102e+01,1.000000000000000000e+00,1.000000000000000000e+00,-1.000000000000000000e+00,0.000000000000000000e+00
7.440000000000000000e+02,3.260848471559356909e+01,1.119065289372928440e+01,-8.448010895163485592e-03,2.549532157652934927e+02,1.337950629706952110e-02,nan,1.002100593499763540e-05,1.555473510528142711e+01,1.000000000000000000e+00,1.000000000000000000e+00,-1.000000000000000000e+00,0.000000000000000000e+00
7.450000000000000000e+02,1.428294851884687660e+02,8.369768379152406013e+00,-9.430301440481989733e-03,2.845535781337833328e+02,2.342320362777450260e-02,nan,2.058525959015929156e-05,2.902230458502253896e+01,1.000000000000000000e+00,1.000000000000000000e+00,-1.000000000000000000e+00,0.000000000000000000e+00
7.500000000000000000e+02,7.490771462677022896e+01,1.018075102170597823e+01,-8.460977270064387254e-03,2.553439447583613457e+02,2.207327907931044830e-02,nan,1.575029411187315473e-05,2.438136282816052613e+01,1.000000000000000000e+00,1.000000000000000000e+00,-1.000000000000000000e+00,0.000000000000000000e+00
7.510000000000000000e+02,3.768404617345277785e+01,1.981036086815319308e+01,-8.588675149126714925e-03,2.591919951258897186e+02,2.185240135439425746e-02,nan,1.579863221603908951e-05,1.460858051046793449e+01,1.000000000000000000e+00,1.000000000000000000e+00,-1.000000000000000000e+00,0.000000000000000000e+00
7.510000000000000000e+02,3.633147191265571507e+01,4.509172482202940557e+01,-7.252351545741887208e-03,2.189231937103866699e+02,3.660523204562871058e-02,nan,2.092848950332289252e-05,8.926473017741361815e+00,1.000000000000000000e+00,1.000000000000000000e+00,-1.000000000000000000e+00,0.000000000000000000e+00
7.520000000000000000e+02,7.055442961267760893e+01,3.417032715269429843e+01,-8.480877529605475307e-03,2.559436195658310851e+02,3.799825143099033742e-02,nan,2.851059472272187150e-05,6.391820204771536673e+00,1.000000000000000000e+00,1.000000000000000000e+00,-1.000000000000000000e+00,0.000000000000000000e+00
7.530000000000000000e+02,1.187333461384401261e+02,1.981299807876124319e+01,-2.416897825616140527e-02,7.286891515192645556e+02,4.755533777945464280e-03,nan,3.323577852918355359e-05,2.265154415242665564e+01,1.000000000000000000e+00,1.000000000000000000e+00,-1.000000000000000000e+00,0.000000000000000000e+00
7.530000000000000000e+02,3.678898140128428906e+01,3.617698390575598921e+01,-7.611426631839977169e-03,2.297435693280241367e+02,2.532224783280845326e-02,nan,1.527832559078301820e-05,8.926473017741361815e+00,1.000000000000000000e+00,1.000000000000000000e+00,-1.000000000000000000e+00,0.000000000000000000e+00
7.540000000000000000e+02,1.057434210396551322e+01,2.015584568149396461e+01,-7.629511324235677648e-03,2.302885337998768591e+02,2.985232185863195831e-02,nan,1.967055534049164372e-05,8.945868628461651539e+00,1.000000000000000000e+00,1.000000000000000000e+00,-1.000000000000000000e+00,0.000000000000000000e+00
7.540000000000000000e+02,1.199203238281939576e+02,4.691235753103744344e+01,-9.001715012784352113e-03,2.716385463984904618e+02,6.423679064280851669e-02,nan,5.700779362009342780e-05,8.216610004260132882e+00,1.000000000000000000e+00,1.000000000000000000e+00,-1.000000000000000000e+00,0.000000000000000000e+00
7.540000000000000000e+02,5.593509048325149990e+01,3.327228185155352236e+01,-1.569414852958616593e-03,4.767346904869977919e+01,2.908322800865077440e-01,nan,1.139524160967367943e-05,1.384590499792318319e+01,1.000000000000000000e+00,1.000000000000000000e+00,-1.000000000000000000e+00,0.000000000000000000e+00
7.550000000000000000e+02,1.106231492118037352e+02,4.096287179707246651e+01,-7.389147286593433436e-03,2.230453992217497898e+02,3.289108397851137067e-02,nan,1.866033016019173863e-05,1.103783657907216309e+01,1.000000000000000000e+00,1.000000000000000000e+00,-1.000000000000000000e+00,0.000000000000000000e+00
7.560000000000000000e+02,6.801621134766998011e+01,4.003657071815484869e+01,-8.637740983889060156e-03,2.606705459434656973e+02,2.507366055494575363e-02,nan,1.832230334699539581e-05,6.391820204771536673e+00,1.000000000000000000e+00,1.000000000000000000e+00,-1.000000000000000000e+00,0.000000000000000000e+00
7.570000000000000000e+02,1.695239798019013833e+01,2.642872131850852924e+01,-8.729504826674736387e-03,2.634357593640025357e+02,3.157126569444135278e-02,nan,2.466386355713070833e-05,8.945868628461651539e+00,1.000000000000000000e+00,1.000000000000000000e+00,-1.000000000000000000e+00,0.000000000000000000e+00
7.570000000000000000e+02,1.266549334612506499e+02,5.161955553541836395e+01,-8.727266593993502838e-03,2.633683124169202756e+02,2.896262741544719521e-02,nan,2.363020580410597803e-05,8.216610004260132882e+00,1.000000000000000000e+00,1.000000000000000000e+00,-1.000000000000000000e+00,0.000000000000000000e+00
7.580000000000000000e+02,6.416285701859787594e+01,1.785169357702414672e+01,-1.522530106718606845e-03,4.626064319501207223e+01,3.091623272683285961e-01,nan,1.175118199795837548e-05,1.212252941232387826e+01,1.000000000000000000e+00,1.000000000000000000e+00,-1.000000000000000000e+00,0.000000000000000000e+00
7.600000000000000000e+02,2.757461855152516250e+01,1.853327818372173752e+01,-1.509578040221648846e-03,4.587034537166650949e+01,3.440606240571205676e-01,nan,1.295681311170257656e-05,5.984593638550850692e+00,1.000000000000000000e+00,1.000000000000000000e+00,-1.000000000000000000e+00,0.000000000000000000e+00
7.610000000000000000e+02,1.155437788097293748e+02,2.499117773876654525e+01,-8.750416632822152763e-03,2.640659161365513796e+02,2.581270408549007911e-02,nan,2.023806514099863534e-05,2.873689791318854603e+01,1.000000000000000000e+00,1.000000000000000000e+00,-1.000000000000000000e+00,0.000000000000000000e+00
7.630000000000000000e+02,6.762585116618586767e+01,3.757612690155946922e+01,-1.679187385894586812e-02,5.063873443518589852e+02,4.837951780779836675e-03,nan,1.855257360732053137e-05,1.559808852885903896e+01,1.000000000000000000e+00,1.000000000000000000e+00,-1.000000000000000000e+00,0.000000000000000000e+00
7.630000000000000000e+02,2.884202650731671369e+01,3.062014361305739030e+01,-1.900580122407963344e-03,5.765280970944164096e+01,2.862125383496514353e-01,nan,1.659948074113908151e-05,7.344164939353602151e+00,1.000000000000000000e+00,1.000000000000000000e+00,-1.000000000000000000e+00,0.000000000000000000e+00
7.640000000000000000e+02,8.885693776940169641e+01,1.251596156097581947e+01,-8.133347865929488676e-03,2.454711539316707842e+02,2.355628677905186041e-02,nan,1.425670573392278878e-05,2.219035006259340648e+01,1.000000000000000000e+00,1.000000000000000000e+00,-1.000000000000000000e+00,0.000000000000000000e+00
7.650000000000000000e+02,3.588427968867087969e+01,2.853605417492431684e+01,-1.687428251813222983e-03,5.122968710157822159e+01,2.779270058040933522e-01,nan,1.223130076820319339e-05,7.344164939353602151e+00,1.000000000000000000e+00,1.000000000000000000e+00,-1.000000000000000000e+00,0.000000000000000000e+00
7.660000000000000000e+02,8.264616289231167912e+01,4.450023082450916689e+01,-1.625096277970379706e-03,4.935137419132503567e+01,3.075425039883327161e-01,nan,1.328247459433626557e-05,1.639407248690252317e+01,1.000000000000000000e+00,1.000000000000000000e+00,-1.000000000000000000e+00,0.000000000000000000e+00
7.680000000000000000e+02,9.710068524835388359e+01,3.311820084227018413e+01,-1.460557455550184729e-03,4.439315812120785409e+01,3.654779604253284297e-01,nan,1.517993345289484111e-05,1.797625659310602231e+01,1.000000000000000000e+00,1.000000000000000000e+00,-1.000000000000000000e+00,0.000000000000000000e+00
7.690000000000000000e+02,4.159315559543421870e+01,7.338939564415089656e+00,-1.251669396055734825e-03,3.809852127984284209e+01,3.404710885454019786e-01,nan,9.593618455302059216e-06,2.195242428366140075e+01,1.000000000000000000e+00,1.000000000000000000e+00,-1.000000000000000000e+00,0.000000000000000000e+00
7.710000000000000000e+02,7.296957415119534573e+01,3.126659024297927303e+01,-9.125830956366452751e-03,2.753786586526972542e+02,1.652946814565703360e-02,nan,1.368748109610958643e-05,1.639407248690252317e+01,1.000000000000000000e+00,1.000000000000000000e+00,-1.000000000000000000e+00,0.000000000000000000e+00
7.740000000000000000e+02,1.165705390861102870e+02,9.883323968530460135e+00,-1.755895395651672604e-03,5.329287734362263507e+01,2.966460184819402768e-01,nan,1.465935949184379422e-05,2.764793018686192028e+01,1.000000000000000000e+00,1.000000000000000000e+00,-1.000000000000000000e+00,0.000000000000000000e+00
7.750000000000000000e+02,5.237930167366825174e+01,3.693622273688799851e+01,-8.734401511339962704e-03,2.635833161547969894e+02,1.511892955441518360e-02,nan,1.181680450892447371e-05,2.135659273654848178e+01,1.000000000000000000e+00,1.000000000000000000e+00,-1.000000000000000000e+00,0.000000000000000000e+00
7.750000000000000000e+02,2.660659059043489094e+01,2.414855559504993110e+01,-1.477475407440797259e-03,4.490296401202240162e+01,3.612202354228409851e-01,nan,1.501164851022025692e-05,1.919021331733699398e+01,1.000000000000000000e+00,1.000000000000000000e+00,-1.000000000000000000e+00,0.000000000000000000e+00
7.770000000000000000e+02,1.168802744058691871e+02,3.752951914344168216e+01,-1.459146369685254555e-03,4.435063643235107378e+01,3.082991547229188001e-01,nan,1.094426804733505426e-05,2.764793018686192028e+01,1.000000000000000000e+00,1.000000000000000000e+00,-1.000000000000000000e+00,0.000000000000000000e+00
7.780000000000000000e+02,1.885282499611719942e+01,4.170256955976105928e+01,-9.658388235178887171e-03,2.914267500345740700e+02,1.389226865315762449e-02,nan,1.371419141174470819e-05,1.919021331733699398e+01,1.000000000000000000e+00,1.000000000000000000e+00,-1.000000000000000000e+00,0.000000000000000000e+00
7.820000000000000000e+02,8.438669680384410299e+01,3.916851000667524119e+01,-8.237835379923039852e-03,2.486197827074765314e+02,3.071629365574402026e-02,nan,2.071097914144891648e-05,1.820534723201397398e+01,1.000000000000000000e+00,1.000000000000000000e+00,-1.000000000000000000e+00,0.000000000000000000e+00
7.830000000000000000e+02,6.892548680301887032e+01,4.878025558948072415e+01,-1.840327900280117491e-03,5.583716807775649471e+01,2.781593670498201387e-01,nan,1.448127544351455528e-05,1.820534723201397398e+01,1.000000000000000000e+00,1.000000000000000000e+00,-1.000000000000000000e+00,0.000000000000000000e+00
7.870000000000000000e+02,1.263462903940831836e+02,4.206900475478065715e+01,-8.288046169150431811e-03,2.501328356051370179e+02,2.686311008238151388e-02,nan,1.891150998345365603e-05,6.629671337870155945e+00,1.000000000000000000e+00,1.000000000000000000e+00,-1.000000000000000000e+00,0.000000000000000000e+00
7.890000000000000000e+02,4.561419823219493708e+01,3.272248097388797561e+01,-7.702679056697547301e-03,2.324933716707838016e+02,2.299599170661326131e-02,nan,1.320284180754152062e-05,1.717705506546873195e+01,1.000000000000000000e+00,1.000000000000000000e+00,-1.000000000000000000e+00,0.000000000000000000e+00
7.910000000000000000e+02,6.954053584837167534e+01,4.216020122429432604e+01,-1.580751302237941650e-02,4.767245957866988988e+02,6.569393376983923005e-03,nan,1.681706639005094622e-05,2.293460324923613669e+01,1.000000000000000000e+00,1.000000000000000000e+00,-1.000000000000000000e+00,0.000000000000000000e+00
7.920000000000000000e+02,4.789719225248579448e+01,4.974714423121736218e+01,-9.246281806007635926e-03,2.790083268949131252e+02,3.212864885867150466e-02,nan,2.699478066793228569e-05,1.717705506546873195e+01,1.000000000000000000e+00,1.000000000000000000e+00,-1.000000000000000000e+00,0.000000000000000000e+00
7.920000000000000000e+02,1.216399358156293289e+02,3.739966126451957962e+01,-1.840763958398396053e-03,5.585030826156085482e+01,3.458030747445629549e-01,nan,2.165316463746647883e-05,6.629671337870155945e+00,1.000000000000000000e+00,1.000000000000000000e+00,-1.000000000000000000e+00,0.000000000000000000e+00
7.940000000000000000e+02,9.506568567587696350e+01,5.085152587631413645e+00,-8.261837928803941050e-03,2.493430759815777265e+02,2.293275518133264246e-02,nan,1.545402409684427239e-05,2.093099379188360842e+01,1.000000000000000000e+00,1.000000000000000000e+00,-1.000000000000000000e+00,0.000000000000000000e+00
7.950000000000000000e+02,2.843857125004121045e+01,1.918211383352886656e+01,-7.788054969388710780e-03,2.350660910818003799e+02,2.336801176755420872e-02,nan,1.408343971822526333e-05,1.450656520515776826e+01,1.000000000000000000e+00,1.000000000000000000e+00,-1.000000000000000000e+00,0.000000000000000000e+00
7.950000000000000000e+02,1.271508476686274207e+02,2.569632033359608414e+01,-8.806866391042238520e-03,2.657669742469970515e+02,1.715811550008294883e-02,nan,1.285952514825124483e-05,1.293593206525699379e+01,1.000000000000000000e+00,1.000000000000000000e+00,-1.000000000000000000e+00,0.000000000000000000e+00
7.980000000000000000e+02,7.430595013258616177e+01,7.757208217385157312e+00,-8.780533119635202874e-03,2.649734469350312338e+02,1.935096735790675648e-02,nan,1.539448024855994307e-05,1.383830393682667825e+01,1.000000000000000000e+00,1.000000000000000000e+00,-1.000000000000000000e+00,0.000000000000000000e+00
7.980000000000000000e+02,7.123583734697091074e+01,2.657899883987351330e+01,-8.062558596780941556e-03,2.433379887204367265e+02,2.429038393622706682e-02,nan,1.610758961366884608e-05,1.384174026604007501e+01,1.000000000000000000e+00,1.000000000000000000e+00,-1.000000000000000000e+00,0.000000000000000000e+00
7.980000000000000000e+02,1.481791372046652810e+01,2.417391936995900181e+01,-1.409408856841094185e-03,4.285184525441380288e+01,3.497853077800080479e-01,nan,1.265895240361143209e-05,1.450656520515776826e+01,1.000000000000000000e+00,1.000000000000000000e+00,-1.000000000000000000e+00,0.000000000000000000e+00
8.000000000000000000e+02,6.478730709097000329e+01,3.882686523079875229e+01,-6.563676022853883775e-03,1.981706321297554041e+02,4.048791712384258723e-02,nan,1.730508539192883999e-05,1.384174026604007501e+01,1.000000000000000000e+00,1.000000000000000000e+00,-1.000000000000000000e+00,0.000000000000000000e+00
8.010000000000000000e+02,1.103297586969996473e+02,4.038329067263727978e+01,-9.056005662364492032e-03,2.732745418872506207e+02,2.382931103121022076e-02,nan,1.945977525533737506e-05,1.538628558176752215e+01,1.000000000000000000e+00,1.000000000000000000e+00,-1.000000000000000000e+00,0.000000000000000000e+00
8.010000000000000000e+02,4.642549529609804893e+01,1.008854410664165968e+01,-1.623786317668123253e-03,4.931189982213770406e+01,2.845829205478289659e-01,nan,1.162993465367867631e-05,2.797775703872611786e+01,1.000000000000000000e+00,1.000000000000000000e+00,-1.000000000000000000e+00,0.000000000000000000e+00
8.020000000000000000e+02,8.800710066008872445e+01,9.700692220588940984e+00,-8.055066320192063450e-03,2.431122163122091422e+02,2.532777502325211927e-02,nan,1.731354671434138240e-05,1.203806968011016032e+01,1.000000000000000000e+00,1.000000000000000000e+00,-1.000000000000000000e+00,0.000000000000000000e+00
8.040000000000000000e+02,6.174635902470824611e+00,5.099732648871770380e+01,-8.607832095173732767e-03,2.597692709100941215e+02,2.026913462221446860e-02,nan,1.510556284043189844e-05,5.739041869432217169e+01,1.000000000000000000e+00,1.000000000000000000e+00,-1.000000000000000000e+00,0.000000000000000000e+00
8.060000000000000000e+02,7.681008017959388212e+01,5.280075297288917113e+00,-1.410634456037190019e-03,4.288877748438981996e+01,3.372495427046373617e-01,nan,1.180471760874567461e-05,1.203806968011016032e+01,1.000000000000000000e+00,1.000000000000000000e+00,-1.000000000000000000e+00,0.000000000000000000e+00
8.090000000000000000e+02,1.443676904744041281e+02,2.494626397783764915e+01,-8.365561291230583577e-03,2.524686777992266116e+02,4.029803434767642578e-02,nan,2.871403959666586099e-05,7.036184822731985378e+01,1.000000000000000000e+00,1.000000000000000000e+00,-1.000000000000000000e+00,0.000000000000000000e+00
8.110000000000000000e+02,1.486577439154412694e+01,4.522958504731425222e+01,-1.601528822428661481e-03,4.864119202835619404e+01,3.080367339879904742e-01,nan,1.316445872407187043e-05,6.202432740271094502e+01,1.000000000000000000e+00,1.000000000000000000e+00,-1.000000000000000000e+00,0.000000000000000000e+00
8.150000000000000000e+02,1.265213686274739757e+02,1.227377344295805806e+01,-7.491848906140462748e-03,2.261402118196223796e+02,2.898966528160229483e-02,nan,1.634507275554573905e-05,1.095150461519416396e+01,1.000000000000000000e+00,1.000000000000000000e+00,-1.000000000000000000e+00,0.000000000000000000e+00
8.160000000000000000e+02,8.665109745819343345e+01,1.857832673011834501e+01,-8.464939908776973262e-03,2.554633549902799814e+02,2.927152726448523090e-02,nan,2.080359785209367126e-05,8.152268489762471759e+00,1.000000000000000000e+00,1.000000000000000000e+00,-1.000000000000000000e+00,0.000000000000000000e+00
8.160000000000000000e+02,7.593345162812505578e+01,3.437804199171818453e+01,-2.153292256654983083e-03,6.526804207045429962e+01,2.447311116100567840e-01,nan,1.636942233573848626e-05,1.909185518713184138e+01,1.000000000000000000e+00,1.000000000000000000e+00,-1.000000000000000000e+00,0.000000000000000000e+00
8.180000000000000000e+02,8.453343658509635361e+01,5.228397183945372895e+00,-8.249540668937153584e-03,2.489725101139419223e+02,1.882633710307957120e-02,nan,1.313183895662023274e-05,1.294274308561854880e+01,1.000000000000000000e+00,1.000000000000000000e+00,-1.000000000000000000e+00,0.000000000000000000e+00
8.180000000000000000e+02,1.156968609696142352e+02,1.061079800671286399e+01,-9.495781616453766519e-03,2.865267590281271737e+02,1.742813537102960719e-02,nan,1.588039046010101307e-05,1.095150461519416396e+01,1.000000000000000000e+00,1.000000000000000000e+00,-1.000000000000000000e+00,0.000000000000000000e+00
8.190000000000000000e+02,4.673535026759926581e+01,4.698115604924711874e+01,-2.269734591267055790e-02,6.843429539017413390e+02,3.249842712295225589e-03,nan,1.748198523138183057e-05,1.505765538062252773e+01,1.000000000000000000e+00,1.000000000000000000e+00,-1.000000000000000000e+00,0.000000000000000000e+00
8.200000000000000000e+02,9.365654103074925274e+01,1.440900521686100788e+01,-8.677085522387143271e-03,2.618561550306290542e+02,2.814811446192644340e-02,nan,2.100528305288838193e-05,8.152268489762471759e+00,1.000000000000000000e+00,1.000000000000000000e+00,-1.000000000000000000e+00,0.000000000000000000e+00
8.200000000000000000e+02,5.524514128655139444e+01,3.455873911954490296e+01,-1.791928537153504543e-03,5.437870072939436739e+01,2.159555350886944725e-01,nan,9.336011343699188660e-06,5.965805917158135685e+00,1.000000000000000000e+00,1.000000000000000000e+00,-1.000000000000000000e+00,0.000000000000000000e+00
8.210000000000000000e+02,3.459422343241780595e+01,5.833038207071369108e+00,-1.644742813497553861e-03,4.994340327443221383e+01,2.956951134713524665e-01,nan,1.252144821280502018e-05,3.537833095456958432e+01,1.000000000000000000e+00,1.000000000000000000e+00,-1.000000000000000000e+00,0.000000000000000000e+00
8.250000000000000000e+02,1.094710170309902821e+02,3.266402098298980405e+01,-2.020439115990006404e-03,6.126464294967770030e+01,3.500520390401797854e-01,nan,2.594180234326679175e-05,1.405655694065481676e+01,1.000000000000000000e+00,1.000000000000000000e+00,-1.000000000000000000e+00,0.000000000000000000e+00
8.270000000000000000e+02,7.032849730665222410e+01,3.933957557106004543e+01,-8.878836257408909485e-03,2.679357155977289722e+02,2.070161238302625772e-02,nan,1.580974689113558919e-05,1.120235357085272732e+01,1.000000000000000000e+00,1.000000000000000000e+00,-1.000000000000000000e+00,0.000000000000000000e+00
8.290000000000000000e+02,1.252123989309532845e+02,3.800915726200988587e+01,-7.326386849578776089e-03,2.211541749939564738e+02,3.078283077140042678e-02,nan,1.738250013726654939e-05,1.526615953736953735e+01,1.000000000000000000e+00,1.000000000000000000e+00,-1.000000000000000000e+00,0.000000000000000000e+00
8.310000000000000000e+02,3.725938181432250218e+01,3.179129904859156142e+01,-9.367583986129010554e-03,2.826636491463517586e+02,2.617820525014635802e-02,nan,2.232959273105303405e-05,1.689571388349432013e+01,1.000000000000000000e+00,1.000000000000000000e+00,-1.000000000000000000e+00,0.000000000000000000e+00
8.320000000000000000e+02,3.284192314245004951e+01,5.089612207839567048e+01,-2.000118907943381884e-03,6.065231340578683472e+01,2.440573237459189304e-01,nan,1.509355474657850376e-05,1.960888074617810872e+01,1.000000000000000000e+00,1.000000000000000000e+00,-1.000000000000000000e+00,0.000000000000000000e+00
8.330000000000000000e+02,5.387038061816532064e+01,3.816107064623378164e+01,1.844669681295178646e-03,-5.596800339118076550e+01,2.981648172969249000e-01,nan,1.711908074698232905e-05,1.779042639925746982e+01,1.000000000000000000e+00,1.000000000000000000e+00,-1.000000000000000000e+00,0.000000000000000000e+00
8.340000000000000000e+02,2.799470824557718629e+01,4.953337605614287931e+00,-1.810027810388897774e-03,5.492410458055353217e+01,2.479420662642660700e-01,nan,1.179130258720406150e-05,1.637983853973095805e+01,1.000000000000000000e+00,1.000000000000000000e+00,-1.000000000000000000e+00,0.000000000000000000e+00
8.340000000000000000e+02,1.299417574029025104e+02,5.252428025371136755e+01,-1.539970775193986573e-03,4.678620063754303260e+01,3.665359490891673122e-01,nan,1.648239370127940130e-05,1.526615953736953735e+01,1.000000000000000000e+00,1.000000000000000000e+00,-1.000000000000000000e+00,0.000000000000000000e+00
8.350000000000000000e+02,7.035250797202232320e+01,2.700534685735098606e+01,-9.066643278085782798e-03,2.735950960059761314e+02,1.960339003342592701e-02,nan,1.567573677983247183e-05,1.441035792877630861e+01,1.000000000000000000e+00,1.000000000000000000e+00,-1.000000000000000000e+00,0.000000000000000000e+00
8.370000000000000000e+02,8.418845293567189003e+01,2.297731475739120555e+01,-8.864261630641452269e-03,2.674965235116824260e+02,1.982266783512875996e-02,nan,1.566158151990054308e-05,1.441035792877630861e+01,1.000000000000000000e+00,1.000000000000000000e+00,-1.000000000000000000e+00,0.000000000000000000e+00
8.380000000000000000e+02,4.604428780668774124e+01,5.859860099630301633e+00,-1.752998434384038908e-03,5.320558025652542966e+01,2.628303000999842043e-01,nan,1.205703260414962163e-05,1.807232982669962595e+01,1.000000000000000000e+00,1.000000000000000000e+00,-1.000000000000000000e+00,0.000000000000000000e+00
8.390000000000000000e+02,3.002117871541287997e+01,2.920733475960449965e+01,-1.585054928607065525e-02,4.780214513925252504e+02,7.155042607572492663e-03,nan,1.865942923183254727e-05,1.005664612823284720e+01,1.000000000000000000e+00,1.000000000000000000e+00,-1.000000000000000000e+00,0.000000000000000000e+00
8.390000000000000000e+02,1.390485006081708548e+02,3.029588460841790365e+01,-3.027435864718808038e-03,9.160950253152238076e+01,1.499640848658586600e-01,nan,1.721883425469143485e-05,2.402153918404069444e+01,1.000000000000000000e+00,1.000000000000000000e+00,-1.000000000000000000e+00,0.000000000000000000e+00
8.440000000000000000e+02,4.571129028298647512e+01,5.022050908459711138e+01,-2.089078363176175186e-03,6.333301935734449017e+01,2.742430899459114002e-01,nan,1.781783588131938387e-05,1.359627210691269639e+01,1.000000000000000000e+00,1.000000000000000000e+00,-1.000000000000000000e+00,0.000000000000000000e+00
8.450000000000000000e+02,4.655716751471680226e+01,3.665057515277369760e+01,-1.493393122413147521e-03,4.538262874411766035e+01,3.150160769551312301e-01,nan,1.205801993801310922e-05,1.359627210691269639e+01,1.000000000000000000e+00,1.000000000000000000e+00,-1.000000000000000000e+00,0.000000000000000000e+00
8.450000000000000000e+02,7.772105744580859721e+01,3.818822550660676995e+01,-1.588691155289386533e-03,4.825434151747666789e+01,3.116125817132738840e-01,nan,1.287218015801865039e-05,1.209644324805116966e+01,1.000000000000000000e+00,1.000000000000000000e+00,-1.000000000000000000e+00,0.000000000000000000e+00
8.460000000000000000e+02,5.096735128723575059e+01,1.641876560493066606e+01,-5.276266672740153457e-03,1.593758137722274739e+02,3.015421608739177195e-02,nan,8.245970090271628262e-06,2.070690316024059285e+01,1.000000000000000000e+00,1.000000000000000000e+00,-1.000000000000000000e+00,0.000000000000000000e+00
8.460000000000000000e+02,7.205652032785265249e+01,4.887639459642856821e+01,-9.048874869353995196e-03,2.730596624321939316e+02,1.807978448015412631e-02,nan,1.441191707763676807e-05,1.209644324805116966e+01,1.000000000000000000e+00,1.000000000000000000e+00,-1.000000000000000000e+00,0.000000000000000000e+00
8.480000000000000000e+02,6.136893376991394256e+00,2.516872750991487706e+01,-1.544705445817338508e-03,4.692887529405336267e+01,3.627707484410024330e-01,nan,1.588103415683026328e-05,2.069864017342176865e+01,1.000000000000000000e+00,1.000000000000000000e+00,-1.000000000000000000e+00,0.000000000000000000e+00
8.490000000000000000e+02,1.431426350024250382e+02,3.598286768943178515e+01,-1.682973835315118441e-03,5.109545762832057392e+01,2.702418863331830234e-01,nan,1.137468175319962439e-05,2.087421000706158836e+01,1.000000000000000000e+00,1.000000000000000000e+00,-1.000000000000000000e+00,0.000000000000000000e+00
8.520000000000000000e+02,1.223622541760070419e+02,3.795983914293067585e+01,-1.265186268823135585e-03,3.850583898631033009e+01,3.469702386265686167e-01,nan,1.004515093869465139e-05,1.601493538399695993e+01,1.000000000000000000e+00,1.000000000000000000e+00,-1.000000000000000000e+00,0.000000000000000000e+00
8.530000000000000000e+02,9.841202248288437815e+00,4.553320149808406825e+01,-7.393135232934540911e-03,2.231655720742377298e+02,2.302984969322452447e-02,nan,1.219857799934339722e-05,2.069864017342176865e+01,1.000000000000000000e+00,1.000000000000000000e+00,-1.000000000000000000e+00,0.000000000000000000e+00
8.540000000000000000e+02,6.561422009623979079e+01,2.801948764720467366e+01,-7.963289634242939549e-03,2.403466158755356048e+02,2.546726265529708488e-02,nan,1.600780735079995745e-05,2.535078538973873563e+01,1.000000000000000000e+00,1.000000000000000000e+00,-1.000000000000000000e+00,0.000000000000000000e+00
8.540000000000000000e+02,9.161487933810717266e+01,5.254093616569917202e+01,-8.615603623182966492e-03,2.600034582860457135e+02,1.947041276313765668e-02,nan,1.431249974624858247e-05,3.402953790179505233e+01,1.000000000000000000e+00,1.000000000000000000e+00,-1.000000000000000000e+00,0.000000000000000000e+00
8.590000000000000000e+02,8.537490940636965320e+01,1.213939073738984931e+01,-8.295897716921459691e-03,2.503694342981444834e+02,2.022251591151047467e-02,nan,1.502911305698439602e-05,2.403730010967530717e+01,1.000000000000000000e+00,1.000000000000000000e+00,-1.000000000000000000e+00,0.000000000000000000e+00
8.590000000000000000e+02,3.485755799372410024e+01,3.099013478000836130e+01,-1.457342854926501046e-03,4.429628928358694395e+01,3.685300102257197397e-01,nan,1.515351601551697642e-05,1.402174675355925615e+01,1.000000000000000000e+00,1.000000000000000000e+00,-1.000000000000000000e+00,0.000000000000000000e+00
8.600000000000000000e+02,7.223470019127651653e+01,3.226715013445583224e+01,-6.849077003047142689e-03,2.067709108093220891e+02,2.719683583708765173e-02,nan,1.234482740392536183e-05,2.172317024152322062e+01,1.000000000000000000e+00,1.000000000000000000e+00,-1.000000000000000000e+00,0.000000000000000000e+00
8.630000000000000000e+02,2.828336864997449496e+01,1.860508667782164949e+01,-8.227302737966818436e-03,2.483023918702262165e+02,2.609894054115309281e-01,nan,2.712058335706900151e-04,1.402174675355925615e+01,1.000000000000000000e+00,1.000000000000000000e+00,-1.000000000000000000e+00,0.000000000000000000e+00
8.640000000000000000e+02,4.977515772991163345e+01,1.439863956775916876e+01,-7.892282417763716446e-03,2.382068830352064595e+02,1.835454392435797999e-02,nan,1.094855230077262519e-05,1.406267248256689406e+01,1.000000000000000000e+00,1.000000000000000000e+00,-1.000000000000000000e+00,0.000000000000000000e+00
8.640000000000000000e+02,9.789581628743523112e+00,1.478473826819593206e+01,1.843631359570259290e-03,-5.593671458415806796e+01,2.324607312125790415e-01,nan,1.120084112259865945e-05,1.888425853343415994e+01,1.000000000000000000e+00,1.000000000000000000e+00,-1.000000000000000000e+00,0.000000000000000000e+00
8.640000000000000000e+02,1.388012345469510365e+02,3.062060702642504850e+01,1.955743854024947787e-03,-5.931511466925514497e+01,2.832795854257424972e-01,nan,1.654872985855948575e-05,1.726681153154097359e+01,1.000000000000000000e+00,1.000000000000000000e+00,-1.000000000000000000e+00,0.000000000000000000e+00
8.640000000000000000e+02,9.200870378142120387e+01,4.126075382592151186e+01,-1.838573855073294102e-03,5.578431164543091825e+01,2.526375011227975920e-01,nan,1.245332869696672354e-05,1.386489612267438787e+01,1.000000000000000000e+00,1.000000000000000000e+00,-1.000000000000000000e+00,0.000000000000000000e+00
8.650000000000000000e+02,1.352058598126230891e+02,4.750894800431605347e+01,-8.036721879937983731e-03,2.425594245933478135e+02,2.329564635680214657e-02,nan,1.564775686764107503e-05,1.726681153154097359e+01,1.000000000000000000e+00,1.000000000000000000e+00,-1.000000000000000000e+00,0.000000000000000000e+00
8.660000000000000000e+02,1.050171798532401795e+02,3.646336966562493842e+01,-1.637051739406854799e-03,4.971164029842415033e+01,2.906739380583895915e-01,nan,1.240768133376592760e-05,1.386489612267438787e+01,1.000000000000000000e+00,1.000000000000000000e+00,-1.000000000000000000e+00,0.000000000000000000e+00
8.680000000000000000e+02,1.238699088934657766e+02,1.118439434514123043e+01,-1.479750017294382018e-03,4.497150714952273631e+01,3.556275936059737353e-01,nan,1.449466145015654443e-05,2.201647479431689547e+01,1.000000000000000000e+00,1.000000000000000000e+00,-1.000000000000000000e+00,0.000000000000000000e+00
8.680000000000000000e+02,6.340624580555966361e+01,1.785583427241065024e+01,-1.233482652529246503e-03,3.755048159723315848e+01,3.732425682220575913e-01,nan,1.089069011775873507e-05,1.051636476733446557e+01,1.000000000000000000e+00,1.000000000000000000e+00,-1.000000000000000000e+00,0.000000000000000000e+00
8.690000000000000000e+02,7.391869681416920912e+01,1.814271702061596514e+01,-1.383094137616131241e-03,4.205887699426282467e+01,3.000684551949361900e-01,nan,9.261649547624732358e-06,1.051636476733446557e+01,1.000000000000000000e+00,1.000000000000000000e+00,-1.000000000000000000e+00,0.000000000000000000e+00
8.730000000000000000e+02,1.130616523536867106e+02,3.036528986487946824e+01,-2.009159286627480376e-02,6.058211409985120781e+02,5.481123338580973225e-03,nan,2.244396202653595995e-05,2.201647479431689547e+01,1.000000000000000000e+00,1.000000000000000000e+00,-1.000000000000000000e+00,0.000000000000000000e+00
8.730000000000000000e+02,6.581188042549005957e+01,4.747418958315751780e+01,-1.466459990277684542e-03,4.457102521731223277e+01,3.381420654761935207e-01,nan,1.329867824700261544e-05,6.510214352995453702e+00,1.000000000000000000e+00,1.000000000000000000e+00,-1.000000000000000000e+00,0.000000000000000000e+00
8.740000000000000000e+02,7.944098109853473488e+01,3.696232574465526000e+01,-1.352419639257898673e-03,4.113453106504397283e+01,3.575585807991287224e-01,nan,1.286827595236902781e-05,1.138780651873056549e+01,1.000000000000000000e+00,1.000000000000000000e+00,-1.000000000000000000e+00,0.000000000000000000e+00
8.760000000000000000e+02,2.516141396011843767e+01,1.724925729444862199e+01,-8.504635040172460816e-03,2.566595288506221664e+02,2.131707777377256363e-02,nan,1.719766766423433602e-05,5.045359784151264648e+01,1.000000000000000000e+00,1.000000000000000000e+00,-1.000000000000000000e+00,0.000000000000000000e+00
8.840000000000000000e+02,1.262523047835114767e+02,1.392851867379183339e+01,1.371679152173529851e-03,-4.171489760125901824e+01,3.728932991448299372e-01,nan,1.343046071052938498e-05,2.723643045797458129e+01,1.000000000000000000e+00,1.000000000000000000e+00,-1.000000000000000000e+00,0.000000000000000000e+00
8.870000000000000000e+02,1.397386181913640826e+02,3.759162275498245975e+01,-8.308595630561108752e-03,2.507520734743523008e+02,3.084587104771918664e-02,nan,2.065735498965835793e-05,2.723643045797458129e+01,1.000000000000000000e+00,1.000000000000000000e+00,-1.000000000000000000e+00,0.000000000000000000e+00
8.910000000000000000e+02,1.392457987749140216e+02,7.802320423990467546e+00,-7.967569713802552522e-03,2.404755918761031523e+02,4.479536561365804470e-02,nan,2.898242898918334000e-05,2.979337853188985363e+01,1.000000000000000000e+00,1.000000000000000000e+00,-1.000000000000000000e+00,0.000000000000000000e+00
8.910000000000000000e+02,5.078515272339205211e+01,1.095874979274299932e+01,1.076156885694398669e-03,-3.280962388420075371e+01,3.587385359799933893e-01,nan,8.043263209793977749e-06,2.439270644577538505e+01,1.000000000000000000e+00,1.000000000000000000e+00,-1.000000000000000000e+00,0.000000000000000000e+00
8.920000000000000000e+02,3.927459788006004260e+01,3.246482463099319205e+01,-8.624045424342415694e-03,2.602578436861224418e+02,2.200011171450322323e-02,nan,1.568579736239764574e-05,2.298293431863643477e+01,1.000000000000000000e+00,1.000000000000000000e+00,-1.000000000000000000e+00,0.000000000000000000e+00
8.930000000000000000e+02,1.644200941286596418e+01,3.508935769089400480e+01,-1.317090439602977645e-03,4.006992027655744693e+01,3.724150693715493343e-01,nan,1.257440158566753859e-05,2.298293431863643477e+01,1.000000000000000000e+00,1.000000000000000000e+00,-1.000000000000000000e+00,0.000000000000000000e+00
8.940000000000000000e+02,8.092500242900995033e+01,3.739624143406086887e+01,-7.256695457446901178e-03,2.190540932300633585e+02,2.939623272897973205e-02,nan,1.510076827359130683e-05,3.398664949735777707e+00,1.000000000000000000e+00,1.000000000000000000e+00,-1.000000000000000000e+00,0.000000000000000000e+00
8.970000000000000000e+02,6.729778535097963754e+01,2.199052109677315769e+01,-1.487782796942490292e-03,4.521356708743360997e+01,2.693878980412757196e-01,nan,9.912553551295371753e-06,1.579806786058823498e+01,1.000000000000000000e+00,1.000000000000000000e+00,-1.000000000000000000e+00,0.000000000000000000e+00
8.990000000000000000e+02,9.468349242559328616e+01,1.698652477011951234e+01,-8.560106061368861000e-03,2.583310936805892766e+02,2.308288381823175861e-02,nan,1.627049858430230464e-05,1.407244486794638405e+01,1.000000000000000000e+00,1.000000000000000000e+00,-1.000000000000000000e+00,0.000000000000000000e+00
8.990000000000000000e+02,7.945893262671495449e+01,4.046243822738011175e+01,-7.931644080713779257e-03,2.393930081509383285e+02,2.796762795079532626e-02,nan,1.935865811408328296e-05,3.398664949735777707e+00,1.000000000000000000e+00,1.000000000000000000e+00,-1.000000000000000000e+00,0.000000000000000000e+00
9.020000000000000000e+02,8.287254684603652777e+01,2.463735930487055370e+01,-8.892156703159443884e-03,2.683371141686556598e+02,3.002951636493622622e-02,nan,2.335008900925816347e-05,1.407244486794638405e+01,1.000000000000000000e+00,1.000000000000000000e+00,-1.000000000000000000e+00,0.000000000000000000e+00
9.020000000000000000e+02,1.317794756189408645e+02,5.205198298256208744e+01,-8.597202270903351803e-03,2.594489515791016743e+02,4.504875290313870018e-02,nan,3.598812206262709746e-05,3.498835333310648110e+01,1.000000000000000000e+00,1.000000000000000000e+00,-1.000000000000000000e+00,0.000000000000000000e+00
9.030000000000000000e+02,1.823242992153657482e+01,1.154212748408106748e+01,-8.141144193090971495e-03,2.457060886057578273e+02,4.320125932166463123e-02,nan,2.968039601110406697e-05,4.415730328339141586e+00,1.000000000000000000e+00,1.000000000000000000e+00,-1.000000000000000000e+00,0.000000000000000000e+00
9.040000000000000000e+02,1.285578042204888902e+02,5.029226682771142265e+00,-6.676525110983174902e-03,2.015712287429474543e+02,3.530191389830217297e-02,nan,1.634716844370713099e-05,9.826826277640305918e+00,1.000000000000000000e+00,1.000000000000000000e+00,-1.000000000000000000e+00,0.000000000000000000e+00
9.040000000000000000e+02,1.379589031764181755e+02,7.890319675273713251e+00,-6.128678145251506386e-03,1.850623976385241463e+02,4.232308956176333847e-02,nan,1.678575280871951912e-05,9.826826277640305918e+00,1.000000000000000000e+00,1.000000000000000000e+00,-1.000000000000000000e+00,0.000000000000000000e+00
9.040000000000000000e+02,4.466728642052885334e+01,1.491413209270600326e+01,-1.436729426082930311e-03,4.367512381850661995e+01,3.204465580613758968e-01,nan,1.147540788909432600e-05,4.089470715146749313e+00,1.000000000000000000e+00,1.000000000000000000e+00,-1.000000000000000000e+00,0.000000000000000000e+00
9.060000000000000000e+02,1.122441992696789725e+02,1.375345513263559738e+01,-9.088624390116664675e-03,2.742574752627829753e+02,2.120184544289871464e-02,nan,1.705127130142176787e-05,9.469207723212333505e+00,1.000000000000000000e+00,1.000000000000000000e+00,-1.000000000000000000e+00,0.000000000000000000e+00
9.060000000000000000e+02,1.119600585450870653e+02,2.321839881730549138e+01,-9.198599441152560674e-03,2.775714655863894791e+02,3.081131667872538671e-02,nan,2.570506673236540386e-05,9.469207723212333505e+00,1.000000000000000000e+00,1.000000000000000000e+00,-1.000000000000000000e+00,0.000000000000000000e+00
9.080000000000000000e+02,3.996274498486334892e+01,5.443147018576968144e+00,-8.247710651567359205e-03,2.489173643349820111e+02,1.859043839767915429e-02,nan,1.205789037771902120e-05,1.057507770157121030e+01,1.000000000000000000e+00,1.000000000000000000e+00,-1.000000000000000000e+00,0.000000000000000000e+00
9.080000000000000000e+02,2.236553928130605229e+01,9.987752576666499849e+00,-7.954656435250903948e-03,2.400864628894548218e+02,4.254331514634213107e-02,nan,2.666034566524759397e-05,4.415730328339141586e+00,1.000000000000000000e+00,1.000000000000000000e+00,-1.000000000000000000e+00,0.000000000000000000e+00
9.080000000000000000e+02,4.225794647995228814e+01,1.821850068303992387e+01,1.645817546578464069e-03,-4.997578930196343805e+01,3.221349792245087329e-01,nan,1.494503862480530428e-05,4.089470715146749313e+00,1.000000000000000000e+00,1.000000000000000000e+00,-1.000000000000000000e+00,0.000000000000000000e+00
9.100000000000000000e+02,1.379676880544578239e+02,3.277387616979672913e+01,-8.785798910435838743e-03,2.651321263772780412e+02,2.682552179977637508e-02,nan,2.032476978042993768e-05,1.608646651492908575e+01,1.000000000000000000e+00,1.000000000000000000e+00,-1.000000000000000000e+00,0.000000000000000000e+00
9.120000000000000000e+02,1.229585514935178878e+02,2.698593831327211134e+01,-1.533114955657492295e-03,4.657960723849183893e+01,3.168571364174007643e-01,nan,1.263800302500368398e-05,1.608646651492908575e+01,1.000000000000000000e+00,1.000000000000000000e+00,-1.000000000000000000e+00,0.000000000000000000e+00
9.130000000000000000e+02,1.759126539884086782e+01,3.976563467751746117e+01,-8.203921778801545259e-03,2.475978295926869066e+02,2.150184790575482285e-02,nan,1.548303290009514144e-05,2.912222649815941367e+01,1.000000000000000000e+00,1.000000000000000000e+00,-1.000000000000000000e+00,0.000000000000000000e+00
9.130000000000000000e+02,4.221068822776450702e+01,2.420966811221616055e+01,-1.434654703556492846e-03,4.361260408960431079e+01,3.142049908681848747e-01,nan,1.084320029076483496e-05,5.991353812522010713e+00,1.000000000000000000e+00,1.000000000000000000e+00,-1.000000000000000000e+00,0.000000000000000000e+00
9.180000000000000000e+02,1.057288923736663691e+02,5.280915464144595894e+00,-1.338968759541233570e-03,4.072920199444891409e+01,3.571708644401878630e-01,nan,1.194949110069536155e-05,3.789319178384400999e+01,1.000000000000000000e+00,1.000000000000000000e+00,-1.000000000000000000e+00,0.000000000000000000e+00
9.230000000000000000e+02,7.125131084542374538e+01,2.100320395948032015e+01,-9.050432335644207488e-03,2.731065951516288237e+02,1.304161312484908297e-02,nan,1.048432027439482768e-05,1.804687938870701913e+01,1.000000000000000000e+00,1.000000000000000000e+00,-1.000000000000000000e+00,0.000000000000000000e+00
9.230000000000000000e+02,1.239173953226516467e+01,3.898144815105344207e+01,-8.888858360995845545e-03,2.682377218618447046e+02,2.084463805754255272e-02,nan,1.661774826732742992e-05,2.144313643499289412e+01,1.000000000000000000e+00,1.000000000000000000e+00,-1.000000000000000000e+00,0.000000000000000000e+00
9.240000000000000000e+02,4.674740162427157486e+01,4.949893074033987972e+01,-2.138537441628266325e-03,6.482342018790401994e+01,2.059905172303561072e-01,nan,1.245628933627788857e-05,1.596308563687107984e+01,1.000000000000000000e+00,1.000000000000000000e+00,-1.000000000000000000e+00,0.000000000000000000e+00
9.250000000000000000e+02,3.080960602989164343e+01,5.039713708736899633e+01,-9.755530155274572818e-03,2.943540265412117378e+02,2.348961120163239880e-02,nan,2.248566492779032077e-05,1.596308563687107984e+01,1.000000000000000000e+00,1.000000000000000000e+00,-1.000000000000000000e+00,0.000000000000000000e+00
9.250000000000000000e+02,2.754896324822640707e+01,6.073002027177617279e+00,-1.139325926508932569e-03,3.471316098683452367e+01,3.427132842558551218e-01,nan,7.792732480474677293e-06,2.033976501986937180e+01,1.000000000000000000e+00,1.000000000000000000e+00,-1.000000000000000000e+00,0.000000000000000000e+00
9.260000000000000000e+02,5.350210934102369720e+01,1.773889673945010870e+01,1.175042915050147690e-03,-3.578945741315140339e+01,3.599990051675975300e-01,nan,1.040622154100996841e-05,1.804687938870701913e+01,1.000000000000000000e+00,1.000000000000000000e+00,-1.000000000000000000e+00,0.000000000000000000e+00
9.270000000000000000e+02,1.330070495839046600e+02,3.878128286651001844e+01,-1.604582733550440456e-03,4.873321864540615422e+01,3.576998300089617722e-01,nan,1.699157271952015522e-05,1.074645547097131093e+01,1.000000000000000000e+00,1.000000000000000000e+00,-1.000000000000000000e+00,0.000000000000000000e+00
9.290000000000000000e+02,1.224564535993069825e+02,2.472396644525186460e+01,-1.571732844035623241e-03,4.774331943682916091e+01,2.847416420457160591e-01,nan,1.142399196647471802e-05,6.734090921296460586e+00,1.000000000000000000e+00,1.000000000000000000e+00,-1.000000000000000000e+00,0.000000000000000000e+00
9.320000000000000000e+02,1.862613626922304277e+01,8.619757394756591751e+00,-1.247501789519491920e-03,3.797293454354571196e+01,3.674642825774434574e-01,nan,1.134105903658676999e-05,7.219889735105509132e+00,1.000000000000000000e+00,1.000000000000000000e+00,-1.000000000000000000e+00,0.000000000000000000e+00
9.340000000000000000e+02,1.168707412464411277e+02,2.096261056640588549e+01,-9.300528664199439119e-03,2.806430027731267387e+02,2.030026129136641710e-02,nan,1.770611072217715049e-05,6.734090921296460586e+00,1.000000000000000000e+00,1.000000000000000000e+00,-1.000000000000000000e+00,0.000000000000000000e+00
9.350000000000000000e+02,4.422971795238426296e+01,3.471470102856650186e+01,-9.101566619372742500e-03,2.746474766505207867e+02,1.269247915440308017e-02,nan,1.133749033302243521e-05,2.184673413034719403e+01,1.000000000000000000e+00,1.000000000000000000e+00,-1.000000000000000000e+00,0.000000000000000000e+00
9.370000000000000000e+02,3.058317658258372518e+01,5.177493844791091959e+01,1.292935543588234586e-03,-3.934203617096651584e+01,3.258653102758232167e-01,nan,9.693903810962552683e-06,2.067090429783229055e+01,1.000000000000000000e+00,1.000000000000000000e+00,-1.000000000000000000e+00,0.000000000000000000e+00
9.380000000000000000e+02,7.285015186791899566e+01,2.735654047146515566e+01,-1.708760436876281168e-03,5.187251158053466327e+01,2.931813746078547611e-01,nan,1.336489433451361084e-05,2.186945456235762819e+01,1.000000000000000000e+00,1.000000000000000000e+00,-1.000000000000000000e+00,0.000000000000000000e+00
9.390000000000000000e+02,8.155851170428603325e+01,5.144738221976808745e+01,-9.027883727846294087e-03,2.724271149663575784e+02,1.637038338334884102e-02,nan,1.350418508944043070e-05,2.561648272463309794e+01,1.000000000000000000e+00,1.000000000000000000e+00,-1.000000000000000000e+00,0.000000000000000000e+00
9.410000000000000000e+02,1.048915782045332321e+02,2.730889319369148183e+01,-8.372684903391021741e-03,2.526833408664082015e+02,2.862992439920986065e-02,nan,2.055694207631999403e-05,1.899754236427459375e+01,1.000000000000000000e+00,1.000000000000000000e+00,-1.000000000000000000e+00,0.000000000000000000e+00
9.420000000000000000e+02,9.545079383497075298e+01,6.447806922182278910e+00,-7.237273549636267719e-03,2.184688330829286542e+02,3.417006793114307772e-02,nan,1.960032578396447430e-05,1.022663235421678429e+01,1.000000000000000000e+00,1.000000000000000000e+00,-1.000000000000000000e+00,0.000000000000000000e+00
9.420000000000000000e+02,8.575527471465782980e+01,9.700639271990681323e+00,-7.609406461054562566e-03,2.296826934623452132e+02,2.281553575507433429e-02,nan,1.265009000888022095e-05,1.022663235421678429e+01,1.000000000000000000e+00,1.000000000000000000e+00,-1.000000000000000000e+00,0.000000000000000000e+00
9.450000000000000000e+02,1.229224064959487350e+02,2.132593013113642400e+01,-1.564902732408641724e-03,4.753750072042246444e+01,3.488137772364140465e-01,nan,1.488355103723134868e-05,1.899754236427459375e+01,1.000000000000000000e+00,1.000000000000000000e+00,-1.000000000000000000e+00,0.000000000000000000e+00
9.470000000000000000e+02,1.257057693903129660e+02,4.143061218347671115e+01,-1.601077065840377433e-03,4.862757878655182964e+01,3.268250227890806547e-01,nan,1.473535514680761130e-05,2.029643686530759794e+01,1.000000000000000000e+00,1.000000000000000000e+00,-1.000000000000000000e+00,0.000000000000000000e+00
9.510000000000000000e+02,1.123070185349718599e+02,1.562792627755973385e+01,-9.257403330479039086e-03,2.793434631293119423e+02,1.386914722564647207e-02,nan,1.213540097835216734e-05,1.379160287404502405e+01,1.000000000000000000e+00,1.000000000000000000e+00,-1.000000000000000000e+00,0.000000000000000000e+00
9.510000000000000000e+02,5.929652616090965722e+01,2.778690876470959381e+01,-8.635214676881663998e-03,2.605944181590445510e+02,1.772235293186019689e-02,nan,1.302734745286714781e-05,2.090705534571781499e+01,1.000000000000000000e+00,1.000000000000000000e+00,-1.000000000000000000e+00,0.000000000000000000e+00
9.520000000000000000e+02,1.217726385246774754e+02,5.597455299292938058e+00,-1.712089173019697283e-03,5.197281978012367887e+01,3.632586497999870101e-01,nan,2.017446148545014176e-05,1.379160287404502405e+01,1.000000000000000000e+00,1.000000000000000000e+00,-1.000000000000000000e+00,0.000000000000000000e+00
9.520000000000000000e+02,7.565108022949979727e+01,4.400506588399355934e+01,-1.549707262924246605e-03,4.707960014788709913e+01,3.305687092106240899e-01,nan,1.365042292281790235e-05,1.384891656352466072e+01,1.000000000000000000e+00,1.000000000000000000e+00,-1.000000000000000000e+00,0.000000000000000000e+00
9.580000000000000000e+02,5.195125123798150391e+00,6.828493098426991814e+00,-9.632256784538002770e-03,2.906393043934947400e+02,2.024694965148476911e-02,nan,1.909003523775356371e-05,4.605687192349377312e+01,1.000000000000000000e+00,1.000000000000000000e+00,-1.000000000000000000e+00,0.000000000000000000e+00
9.590000000000000000e+02,9.438368774141696349e+01,1.319831095888240213e+01,-8.844563614706384483e-03,2.669029431169640816e+02,1.829157428236838356e-02,nan,1.491949225238276858e-05,3.797840156740419637e+00,1.000000000000000000e+00,1.000000000000000000e+00,-1.000000000000000000e+00,0.000000000000000000e+00
9.590000000000000000e+02,6.578400584808652241e+01,4.999234514944139818e+01,-7.828635747925418234e-03,2.362889530502951345e+02,2.238967753386200688e-02,nan,1.346060890627541048e-05,2.383108966825471953e+01,1.000000000000000000e+00,1.000000000000000000e+00,-1.000000000000000000e+00,0.000000000000000000e+00
9.600000000000000000e+02,6.385155456242166139e+01,8.353105422144299297e+00,-1.724760313085681868e-02,5.201202990817837417e+02,1.963142033883225057e-02,nan,6.209330926379227227e-05,7.567538765890919450e+00,1.000000000000000000e+00,1.000000000000000000e+00,-1.000000000000000000e+00,0.000000000000000000e+00
9.610000000000000000e+02,7.018373984725054981e+01,1.249690470442841495e+01,-8.258132403140522326e-03,2.492314135992757826e+02,2.154637779183133928e-01,nan,1.789205968116979091e-04,7.567538765890919450e+00,1.000000000000000000e+00,1.000000000000000000e+00,-1.000000000000000000e+00,0.000000000000000000e+00
9.630000000000000000e+02,5.400304488662921187e+01,1.889837492161930754e+01,-1.756095893663837601e-02,5.295629690185047593e+02,6.836752339296259251e-03,nan,2.310867101732009770e-05,1.442899343858522165e+01,1.000000000000000000e+00,1.000000000000000000e+00,-1.000000000000000000e+00,0.000000000000000000e+00
9.630000000000000000e+02,4.478972450356182122e+01,3.035514078425608986e+01,-8.297303371353870194e-03,2.504117923161082331e+02,1.823033967099496611e-02,nan,1.319299109053873774e-05,1.470179432968386202e+01,1.000000000000000000e+00,1.000000000000000000e+00,-1.000000000000000000e+00,0.000000000000000000e+00
9.640000000000000000e+02,9.612337092082242407e+01,3.089039040753748466e+01,-1.695999293426280570e-03,5.148796703599380464e+01,3.126216589934650569e-01,nan,1.486100178134156106e-05,7.604114198608328934e+00,1.000000000000000000e+00,1.000000000000000000e+00,-1.000000000000000000e+00,0.000000000000000000e+00
9.690000000000000000e+02,8.524493842153091805e+01,1.719654972515176539e+01,-8.512989497460897448e-03,2.569112822287935956e+02,1.633926669146912314e-02,nan,1.172872222859274581e-05,9.225724010466013425e+00,1.000000000000000000e+00,1.000000000000000000e+00,-1.000000000000000000e+00,0.000000000000000000e+00
9.690000000000000000e+02,1.430878874849481122e+02,3.248227232920351781e+01,-7.631843853075324056e-03,2.303588222692279430e+02,4.601168458780413584e-02,nan,2.705462021605848231e-05,7.675874045053282302e+00,1.000000000000000000e+00,1.000000000000000000e+00,-1.000000000000000000e+00,0.000000000000000000e+00
9.710000000000000000e+02,1.364576099945382168e+02,2.861465513567382501e+01,-8.412878102799992847e-03,2.538945235179410531e+02,3.906768084293743559e-02,nan,2.901683181813434595e-05,7.675874045053282302e+00,1.000000000000000000e+00,1.000000000000000000e+00,-1.000000000000000000e+00,0.000000000000000000e+00
9.710000000000000000e+02,4.077018383874693797e+01,4.427089451146644450e+01,-1.899964749089858582e-03,5.763426603792346015e+01,2.990147053349913042e-01,nan,1.764902759537892375e-05,1.730606754063318675e+01,1.000000000000000000e+00,1.000000000000000000e+00,-1.000000000000000000e+00,0.000000000000000000e+00
9.720000000000000000e+02,1.401754630791839134e+02,5.168366170363377421e+00,-1.795519463181368455e-03,5.448690976405299580e+01,3.161240849688619070e-01,nan,1.697975228772463909e-05,2.373922698412583188e+01,1.000000000000000000e+00,1.000000000000000000e+00,-1.000000000000000000e+00,0.000000000000000000e+00
9.720000000000000000e+02,7.927821150509747383e+01,4.952194885685389636e+01,-1.356159915876606554e-03,4.124724063330744883e+01,3.467444682328799654e-01,nan,1.289325973474580628e-05,1.383630878238163397e+01,1.000000000000000000e+00,1.000000000000000000e+00,-1.000000000000000000e+00,0.000000000000000000e+00
9.740000000000000000e+02,1.198149133890215836e+02,3.482317098000729061e+01,-8.392345794151235064e-03,2.532758025303865566e+02,1.366297373065269438e-01,nan,1.113974618713050815e-04,7.149040416116815955e+00,1.000000000000000000e+00,1.000000000000000000e+00,-1.000000000000000000e+00,0.000000000000000000e+00
9.770000000000000000e+02,1.147289990028307329e+02,3.984733794853138988e+01,-1.522890140792471786e-02,4.592887021602131767e+02,2.346594039365412776e-02,nan,5.244669270703244008e-05,7.149040416116815955e+00,1.000000000000000000e+00,1.000000000000000000e+00,-1.000000000000000000e+00,0.000000000000000000e+00
9.800000000000000000e+02,4.296794106399649138e+01,1.205106960943377103e+01,-8.555210910447884343e-03,2.581835831076738259e+02,1.772724567283279207e-02,nan,1.247728483423752646e-05,9.397516812109696360e+00,1.000000000000000000e+00,1.000000000000000000e+00,-1.000000000000000000e+00,0.000000000000000000e+00
9.810000000000000000e+02,1.029040019530127097e+02,8.764160081494168253e+00,-1.439640138735179655e-03,4.376283529009489115e+01,3.565444630919402114e-01,nan,1.394406261050943752e-05,1.029904365674792110e+01,1.000000000000000000e+00,1.000000000000000000e+00,-1.000000000000000000e+00,0.000000000000000000e+00
9.820000000000000000e+02,2.379477958451693453e+01,6.881248909745742104e+00,-1.317121755322865108e-03,4.007086394506868032e+01,3.666696535294304837e-01,nan,1.216003412897582321e-05,1.949094844521406600e+01,1.000000000000000000e+00,1.000000000000000000e+00,-1.000000000000000000e+00,0.000000000000000000e+00
9.840000000000000000e+02,8.488197361339237546e+01,8.268910311161832283e+00,-8.379803142520245510e-03,2.528978420225628270e+02,4.339533845845633397e-02,nan,3.919519492487389680e-05,7.103098100721489061e+00,1.000000000000000000e+00,1.000000000000000000e+00,-1.000000000000000000e+00,0.000000000000000000e+00
9.840000000000000000e+02,1.273264723721919580e+02,3.660981376917185770e+01,-7.048902614615729090e-03,2.127924596688984309e+02,4.216324384288683280e-02,nan,2.136922218375780989e-05,9.357311723001892290e+00,1.000000000000000000e+00,1.000000000000000000e+00,-1.000000000000000000e+00,0.000000000000000000e+00
9.840000000000000000e+02,6.582974035938943302e+01,4.639949738275750946e+01,-9.102432951518267534e-03,2.746735827202180076e+02,1.710801681041518307e-02,nan,1.365979374470819263e-05,1.246526965446937218e+01,1.000000000000000000e+00,1.000000000000000000e+00,-1.000000000000000000e+00,0.000000000000000000e+00
9.840000000000000000e+02,7.505373110841879303e+00,1.758416010387352557e+01,1.522493953216094579e-03,-4.625955374466527559e+01,3.432684115091036992e-01,nan,1.373251386228438868e-05,6.242957604212737266e+00,1.000000000000000000e+00,1.000000000000000000e+00,-1.000000000000000000e+00,0.000000000000000000e+00
9.850000000000000000e+02,5.124894454649253817e+01,7.608288548344584790e+00,-3.888106878543460317e-03,1.175449795761524854e+02,7.005314811846086176e-02,nan,1.100845844700715856e-05,9.397516812109696360e+00,1.000000000000000000e+00,1.000000000000000000e+00,-1.000000000000000000e+00,0.000000000000000000e+00
9.850000000000000000e+02,9.272671750692407500e+01,7.185178907761583744e+00,-8.829980574978800109e-03,2.664634975146136640e+02,3.208315180240450815e-02,nan,3.000533104646696064e-05,7.919247471181763309e+00,1.000000000000000000e+00,1.000000000000000000e+00,-1.000000000000000000e+00,0.000000000000000000e+00
9.870000000000000000e+02,7.654888963321336348e+01,4.003688892363361873e+01,-1.573122596913850701e-02,4.744257602428597806e+02,7.746143964678875449e-03,nan,2.052370707503483428e-05,1.246526965446937218e+01,1.000000000000000000e+00,1.000000000000000000e+00,-1.000000000000000000e+00,0.000000000000000000e+00
9.880000000000000000e+02,8.551229459028415647e+01,1.534398614782700676e+01,-7.018890959960504168e-03,2.118880878846982796e+02,4.424176846660388129e-02,nan,2.257103966124434546e-05,5.593827814903872486e+00,1.000000000000000000e+00,1.000000000000000000e+00,-1.000000000000000000e+00,0.000000000000000000e+00
9.890000000000000000e+02,8.345169423957794663e+01,2.895525722359154486e+01,-4.416538845947511928e-03,1.334687587439364620e+02,5.141387945415976102e-02,nan,1.085889011439137904e-05,8.176639353420476652e+00,1.000000000000000000e+00,1.000000000000000000e+00,-1.000000000000000000e+00,0.000000000000000000e+00
9.920000000000000000e+02,6.550362467291260771e+01,2.068773548209660973e+01,-8.798673473775810161e-03,2.655200887189859031e+02,2.061951447561038986e-02,nan,1.576280763753279871e-05,1.933609010208721202e+01,1.000000000000000000e+00,1.000000000000000000e+00,-1.000000000000000000e+00,0.000000000000000000e+00
9.930000000000000000e+02,8.483858133041600524e+01,2.089709519288186357e+01,-8.609887701313758898e-03,2.598312145854370669e+02,2.233835089814306674e-02,nan,1.631895267421608404e-05,5.593827814903872486e+00,1.000000000000000000e+00,1.000000000000000000e+00,-1.000000000000000000e+00,0.000000000000000000e+00
9.970000000000000000e+02,8.836078534763980485e+01,3.261926409951882988e+01,-1.703458378784773047e-02,5.137011700627599566e+02,6.506076843799557530e-03,nan,2.005539681003389100e-05,1.223990053124101074e+01,1.000000000000000000e+00,1.000000000000000000e+00,-1.000000000000000000e+00,0.000000000000000000e+00
9.970000000000000000e+02,2.859668895123207832e+01,8.132801725014852323e+00,-1.519481596021609064e-03,4.616877931446734351e+01,3.037732149467671228e-01,nan,1.131476550704847399e-05,2.000686838369179554e+01,1.000000000000000000e+00,1.000000000000000000e+00,-1.000000000000000000e+00,0.000000000000000000e+00
1.000000000000000000e+03,1.293779549458587894e+02,4.489077214368971624e+01,-1.659381671126204877e-03,5.038453089449730982e+01,3.542464322825168432e-01,nan,1.898081884666982984e-05,4.478340223195779402e+00,1.000000000000000000e+00,1.000000000000000000e+00,-1.000000000000000000e+00,0.000000000000000000e+00
1.002000000000000000e+03,1.887339331640032114e+01,2.561800416936841884e+01,-7.644537949085965928e-03,2.307413464049291179e+02,2.125881929411499449e-02,nan,1.229666951041074330e-05,1.042383782080387888e+01,1.000000000000000000e+00,1.000000000000000000e+00,-1.000000000000000000e+00,0.000000000000000000e+00
1.003000000000000000e+03,2.543936074629015920e+01,5.957456885559593296e+00,-9.136555928711381433e-03,2.757018451776158940e+02,1.805481526645036361e-02,nan,1.490847463365894278e-05,2.072797741674900251e+01,1.000000000000000000e+00,1.000000000000000000e+00,-1.000000000000000000e+00,0.000000000000000000e+00
1.004000000000000000e+03,1.217920701640446453e+02,2.990944961376560229e+01,-8.915993182626551564e-03,2.690554031038165590e+02,1.639096302438236563e-02,nan,1.341443621553363714e-05,1.679242902824279682e+01,1.000000000000000000e+00,1.000000000000000000e+00,-1.000000000000000000e+00,0.000000000000000000e+00
1.005000000000000000e+03,3.681927563588082819e+01,3.340899805774893139e+01,-1.643275504851849506e-02,4.955656511444336729e+02,4.887696182044654059e-03,nan,1.454694739892506903e-05,1.956410687952367411e+01,1.000000000000000000e+00,1.000000000000000000e+00,-1.000000000000000000e+00,0.000000000000000000e+00
1.006000000000000000e+03,1.262187987693856428e+02,5.367001929481817868e+00,-2.438453829125347954e-03,7.386110643305003975e+01,2.550164514026346252e-01,nan,2.213613276005590159e-05,1.382222807993867342e+01,1.000000000000000000e+00,1.000000000000000000e+00,-1.000000000000000000e+00,0.000000000000000000e+00
1.007000000000000000e+03,8.793250473678899226e+00,2.296336385762118226e+01,-8.938649018000588767e-03,2.697381144869490299e+02,2.360392555802015568e-02,nan,1.846788118590228286e-05,1.042383782080387888e+01,1.000000000000000000e+00,1.000000000000000000e+00,-1.000000000000000000e+00,0.000000000000000000e+00
1.009000000000000000e+03,1.437718945188452047e+01,5.834234666988489693e+00,-8.347619094564879064e-03,2.519280072964688202e+02,3.114063930900312638e-02,nan,2.158863982457058078e-05,1.791800477839098349e+01,1.000000000000000000e+00,1.000000000000000000e+00,-1.000000000000000000e+00,0.000000000000000000e+00
1.010000000000000000e+03,6.404022792627237948e+01,1.366883284379170860e+01,-8.958696324857608195e-03,2.703422204210926907e+02,1.418708123850653813e-02,nan,1.190224486647125701e-05,1.966682300488585611e+01,1.000000000000000000e+00,1.000000000000000000e+00,-1.000000000000000000e+00,0.000000000000000000e+00
1.010000000000000000e+03,1.099020414932891612e+02,2.738659702841075116e+01,-1.583044870452727506e-03,4.808419626055920304e+01,2.973237648853808146e-01,nan,1.187815747177190667e-05,1.393142658997448891e+01,1.000000000000000000e+00,1.000000000000000000e+00,-1.000000000000000000e+00,0.000000000000000000e+00
1.010000000000000000e+03,1.368047139442780065e+02,3.206147607231248742e+01,-1.524974194197289013e-03,4.633429337455830677e+01,3.614512177935595982e-01,nan,1.588421099145543273e-05,8.324788169946716110e+00,1.000000000000000000e+00,1.000000000000000000e+00,-1.000000000000000000e+00,0.000000000000000000e+00
1.010000000000000000e+03,5.710432505391722202e+01,3.300826830499278941e+01,-1.421317412382506465e-03,4.321069789836020192e+01,3.641614350322046612e-01,nan,1.362279822546043023e-05,2.028900722625241215e+01,1.000000000000000000e+00,1.000000000000000000e+00,-1.000000000000000000e+00,0.000000000000000000e+00
1.011000000000000000e+03,3.187142882670649868e+01,9.708054995149105082e+00,-1.600356509721892560e-03,4.860586553448437286e+01,3.098689667580980522e-01,nan,1.309909926160308179e-05,1.384296999009824347e+01,1.000000000000000000e+00,1.000000000000000000e+00,-1.000000000000000000e+00,0.000000000000000000e+00
1.013000000000000000e+03,9.058641183403858577e+01,3.658728074045590262e+01,-1.463754701568287459e-03,4.448950399480715845e+01,3.562362107593783911e-01,nan,1.365972927430755253e-05,8.276463939577235251e+00,1.000000000000000000e+00,1.000000000000000000e+00,-1.000000000000000000e+00,0.000000000000000000e+00
1.014000000000000000e+03,4.609998342713898722e+01,5.610821028410600597e+00,-1.700043866786207954e-03,5.160984628816656539e+01,3.003733553473637574e-01,nan,1.392983192934028375e-05,1.476813062414113453e+01,1.000000000000000000e+00,1.000000000000000000e+00,-1.000000000000000000e+00,0.000000000000000000e+00
1.014000000000000000e+03,8.448232942671762657e+01,4.861460290933399619e+01,-2.194534448084920018e-03,6.651083506791812283e+01,1.973455628439709786e-01,nan,1.237689108036331008e-05,1.348763509994808807e+01,1.000000000000000000e+00,1.000000000000000000e+00,-1.000000000000000000e+00,0.000000000000000000e+00
1.015000000000000000e+03,3.930103523592228498e+01,2.138832754123724200e+01,-7.686922384433634778e-03,2.320185598027919980e+02,3.061545329672155091e-02,nan,1.780771676177636320e-05,9.264096028564072327e+00,1.000000000000000000e+00,1.000000000000000000e+00,-1.000000000000000000e+00,0.000000000000000000e+00
1.016000000000000000e+03,1.401400992704606949e+02,1.645027420300607091e+01,-8.213451914351726363e-03,2.478850108824291567e+02,2.587754710218614917e-02,nan,1.949906716936811461e-05,2.374420038526887922e+01,1.000000000000000000e+00,1.000000000000000000e+00,-1.000000000000000000e+00,0.000000000000000000e+00
1.016000000000000000e+03,4.848662501166375449e+01,2.018482610864548832e+01,-8.360592207594150227e-03,2.523189393364278317e+02,2.259406242544181875e-02,nan,1.179130869475588676e-05,9.264096028564072327e+00,1.000000000000000000e+00,1.000000000000000000e+00,-1.000000000000000000e+00,0.000000000000000000e+00
1.017000000000000000e+03,8.824777567402063028e+01,2.864809713921712131e+01,-1.820925029714999055e-03,5.525248159934782421e+01,2.931167240401241214e-01,nan,1.549617475686659632e-05,8.276463939577235251e+00,1.000000000000000000e+00,1.000000000000000000e+00,-1.000000000000000000e+00,0.000000000000000000e+00
1.019000000000000000e+03,9.866078425734659163e+01,2.982624318284982934e+01,-8.922663934681709583e-03,2.692564196757912214e+02,1.699739151362045231e-02,nan,1.374686103889292260e-05,1.028809603798118744e+01,1.000000000000000000e+00,1.000000000000000000e+00,-1.000000000000000000e+00,0.000000000000000000e+00
1.023000000000000000e+03,9.224047557672805908e+01,3.786518319583030490e+01,-7.521313701756085490e-03,2.270281045429032645e+02,2.726251782196598139e-02,nan,1.525626350924608639e-05,1.028809603798118744e+01,1.000000000000000000e+00,1.000000000000000000e+00,-1.000000000000000000e+00,0.000000000000000000e+00
1.024000000000000000e+03,7.869810867669629317e+01,4.005858043350117015e+01,-1.477242878258863776e-03,4.489595697313835387e+01,3.348317020377304942e-01,nan,1.275734284013152155e-05,1.114111939766802095e+01,1.000000000000000000e+00,1.000000000000000000e+00,-1.000000000000000000e+00,0.000000000000000000e+00
1.025000000000000000e+03,4.510988689344979541e+00,4.564676565350518445e+01,-8.382106127742233737e-03,2.529672402239656890e+02,2.380166958665084209e-01,nan,2.331219548269246994e-04,3.529503892585264424e+01,1.000000000000000000e+00,1.000000000000000000e+00,-1.000000000000000000e+00,0.000000000000000000e+00
1.026000000000000000e+03,2.455636759898279919e+01,1.659642043788854338e+01,-8.847148805411896022e-03,2.669808453038878042e+02,2.015114659478123293e-02,nan,1.705371690326307308e-05,3.529503892585264424e+01,1.000000000000000000e+00,1.000000000000000000e+00,-1.000000000000000000e+00,0.000000000000000000e+00
1.028000000000000000e+03,7.779088259161693486e+01,5.116270049155377819e+01,-8.672035432122910184e-03,2.617039755125350666e+02,1.360358721528698300e-02,nan,1.002745567005799343e-05,1.114111939766802095e+01,1.000000000000000000e+00,1.000000000000000000e+00,-1.000000000000000000e+00,0.000000000000000000e+00
1.028000000000000000e+03,1.141428729339349246e+02,4.703395801150836775e+01,-1.536234844119884705e-03,4.667362201800510491e+01,2.852128858155517088e-01,nan,1.043526406943643188e-05,2.374408224407914503e+01,1.000000000000000000e+00,1.000000000000000000e+00,-1.000000000000000000e+00,0.000000000000000000e+00
1.032000000000000000e+03,6.006420927588282410e+01,1.714532118213295320e+01,-8.926889252500708194e-03,2.693837454850036579e+02,1.786694053613235855e-02,nan,1.478780495406378844e-05,2.150828954842410212e+01,1.000000000000000000e+00,1.000000000000000000e+00,-1.000000000000000000e+00,0.000000000000000000e+00
1.033000000000000000e+03,3.110901835404911964e+01,1.332747196225770736e+01,-8.325722182059108051e-03,2.512681653097868093e+02,2.667859456361498793e-02,nan,1.857636475924778963e-05,1.520266128166667308e+01,1.000000000000000000e+00,1.000000000000000000e+00,-1.000000000000000000e+00,0.000000000000000000e+00
1.035000000000000000e+03,4.305058617487652839e+01,3.030370817582463516e+01,-7.974726888050974460e-03,2.406912663038958158e+02,1.670270047628952259e-02,nan,1.121888773190448457e-05,1.106192430258363224e+01,1.000000000000000000e+00,1.000000000000000000e+00,-1.000000000000000000e+00,0.000000000000000000e+00
1.037000000000000000e+03,3.213748171691819522e+01,2.849530546465095426e+01,-7.931868265930775569e-03,2.393997637526209132e+02,2.352371586635715328e-02,nan,1.438298763776305484e-05,1.106192430258363224e+01,1.000000000000000000e+00,1.000000000000000000e+00,-1.000000000000000000e+00,0.000000000000000000e+00
1.039000000000000000e+03,9.776907732777247872e+01,3.722430708860783710e+01,-8.855733522111088052e-03,2.672395373236145133e+02,1.536025151639508479e-02,nan,1.366061243212454975e-05,7.609839560482693166e+00,1.000000000000000000e+00,1.000000000000000000e+00,-1.000000000000000000e+00,0.000000000000000000e+00
1.043000000000000000e+03,1.118125577883766653e+02,8.448182085242860850e+00,-9.127232934995619870e-03,2.754209059039346812e+02,2.510089961090833377e-02,nan,2.158299022831851275e-05,2.434043277694602025e+01,1.000000000000000000e+00,1.000000000000000000e+00,-1.000000000000000000e+00,0.000000000000000000e+00
1.043000000000000000e+03,9.042618859348391425e+01,3.522639738790925179e+01,-7.273916915453900248e-03,2.195730449800831252e+02,2.501976685428353164e-02,nan,1.376987184820825705e-05,7.609839560482693166e+00,1.000000000000000000e+00,1.000000000000000000e+00,-1.000000000000000000e+00,0.000000000000000000e+00
1.043000000000000000e+03,1.300259538609692811e+02,4.454581941961343006e+01,-8.212650118330154861e-03,2.478608495455443972e+02,3.072930058683431831e-02,nan,2.088383442046638373e-05,1.977000397599050174e+01,1.000000000000000000e+00,1.000000000000000000e+00,-1.000000000000000000e+00,0.000000000000000000e+00
1.043000000000000000e+03,6.228112409210801559e+01,3.962290306325441236e+01,-2.736531431377068561e-03,8.284338268790357063e+01,2.838431368341307603e-01,nan,3.551095187054225045e-05,3.734340090966192793e+00,1.000000000000000000e+00,1.000000000000000000e+00,-1.000000000000000000e+00,0.000000000000000000e+00
1.045000000000000000e+03,5.130107009423168307e+01,7.633656627720536214e+00,2.700742309478313969e-03,-8.176491259358977004e+01,1.720802786939927831e-01,nan,1.560019422023834824e-05,1.316084735489324054e+01,1.000000000000000000e+00,1.000000000000000000e+00,-1.000000000000000000e+00,0.000000000000000000e+00
1.046000000000000000e+03,5.451135653729147634e+01,3.732259025902619953e+01,-8.619095455189974483e-03,2.601086812195554785e+02,2.216763409409616692e-02,nan,1.657446962549646434e-05,4.397045301688799590e+00,1.000000000000000000e+00,1.000000000000000000e+00,-1.000000000000000000e+00,0.000000000000000000e+00
1.047000000000000000e+03,1.020108942453321959e+02,3.072786025971344870e+01,-8.602095163599634414e-03,2.595963941026303132e+02,2.377840195529445921e-02,nan,1.712325212863494777e-05,1.147756469463809559e+01,1.000000000000000000e+00,1.000000000000000000e+00,-1.000000000000000000e+00,0.000000000000000000e+00
1.047000000000000000e+03,1.929899539967577127e+01,3.081804576689049924e+01,-1.870908319273456534e-03,5.675867901756665646e+01,3.167495522686275544e-01,nan,1.843133051047605704e-05,6.531468181515156068e+00,1.000000000000000000e+00,1.000000000000000000e+00,-1.000000000000000000e+00,0.000000000000000000e+00
1.048000000000000000e+03,2.447733275580213430e+01,5.015482160914406684e+00,-2.635662848131509889e-03,7.980380684153664106e+01,2.241034161435416783e-01,nan,2.150638761977579887e-05,1.991824087708443969e+01,1.000000000000000000e+00,1.000000000000000000e+00,-1.000000000000000000e+00,0.000000000000000000e+00
1.048000000000000000e+03,1.121293332981553021e+02,3.614557956343407596e+01,-7.204201542402672610e-03,2.174722405747005212e+02,3.538483884380572153e-02,nan,1.795523484688135561e-05,1.147756469463809559e+01,1.000000000000000000e+00,1.000000000000000000e+00,-1.000000000000000000e+00,0.000000000000000000e+00
1.048000000000000000e+03,5.500775645704916172e+01,2.026173563074009110e+01,-1.548615663286950685e-03,4.704670586321820025e+01,3.306957777958762223e-01,nan,1.343864725970390892e-05,1.316084735489324054e+01,1.000000000000000000e+00,1.000000000000000000e+00,-1.000000000000000000e+00,0.000000000000000000e+00
1.049000000000000000e+03,2.168113388905157990e+01,2.473647583606020106e+01,-1.540175441961354847e-03,4.679236806988549091e+01,3.386499035423067294e-01,nan,1.418017993319986519e-05,6.531468181515156068e+00,1.000000000000000000e+00,1.000000000000000000e+00,-1.000000000000000000e+00,0.000000000000000000e+00
1.050000000000000000e+03,7.488331341161509158e+01,2.150509202623827676e+01,-1.501384207458887230e-03,4.562343225607106234e+01,3.080146880343587190e-01,nan,1.085351790958955440e-05,1.991440934048560507e+01,1.000000000000000000e+00,1.000000000000000000e+00,-1.000000000000000000e+00,0.000000000000000000e+00
1.052000000000000000e+03,1.372319577952453074e+02,1.402769404912487516e+01,-6.029690445974096071e-03,1.820795003861797738e+02,3.501520461071838675e-02,nan,1.309170561169717638e-05,3.345657807167361852e+01,1.000000000000000000e+00,1.000000000000000000e+00,-1.000000000000000000e+00,0.000000000000000000e+00
1.058000000000000000e+03,1.006529044807597444e+02,4.603097058337286285e+01,-8.362659367859442278e-03,2.523812311840059408e+02,2.147403956046001205e-02,nan,1.485776664945027499e-05,1.777461896503870520e+01,1.000000000000000000e+00,1.000000000000000000e+00,-1.000000000000000000e+00,0.000000000000000000e+00
1.058000000000000000e+03,1.053415867101528249e+02,2.301265674003466799e+01,-7.372815192754512449e-03,2.225532475888421402e+02,2.204973387322894940e-02,nan,1.234753507100409773e-05,1.324160829431991182e+01,1.000000000000000000e+00,1.000000000000000000e+00,-1.000000000000000000e+00,0.000000000000000000e+00
1.059000000000000000e+03,3.683468939206670711e+01,3.733626982479565726e+01,-8.235360726476124646e-03,2.485452114524499905e+02,2.316913157286215608e-02,nan,1.587439287676089647e-05,2.900250453384871818e+01,1.000000000000000000e+00,1.000000000000000000e+00,-1.000000000000000000e+00,0.000000000000000000e+00
1.060000000000000000e+03,9.385835502006356990e+01,2.960625819689659721e+01,-8.775263212068189558e-03,2.648146434380664118e+02,2.532240156792930907e-02,nan,1.955262461128250435e-05,1.324160829431991182e+01,1.000000000000000000e+00,1.000000000000000000e+00,-1.000000000000000000e+00,0.000000000000000000e+00
1.062000000000000000e+03,6.636751871014629955e+01,4.468097761263189227e+01,-8.808647025269934761e-03,2.658206319133939814e+02,1.831248442620003747e-02,nan,1.410263073646847104e-05,3.043242908509808231e+01,1.000000000000000000e+00,1.000000000000000000e+00,-1.000000000000000000e+00,0.000000000000000000e+00
1.063000000000000000e+03,3.809352565792622158e+01,8.361097685675025204e+00,-8.631285101267672025e-03,2.604760042511809957e+02,2.432745183768347808e-02,nan,1.978090222623658226e-05,1.993410769215067901e+01,1.000000000000000000e+00,1.000000000000000000e+00,-1.000000000000000000e+00,0.000000000000000000e+00
1.065000000000000000e+03,1.248228475089634486e+02,3.673672993658592389e+01,-9.266831377348152404e-03,2.796275680767563472e+02,2.379807295056335370e-02,nan,1.964345425464235963e-05,1.769270315511513303e+01,1.000000000000000000e+00,1.000000000000000000e+00,-1.000000000000000000e+00,0.000000000000000000e+00
1.065000000000000000e+03,1.405045919368629939e+02,2.354023021678116123e+01,-1.975079411865956949e-03,5.989777274472831436e+01,2.945669777639151610e-01,nan,1.512457093269268323e-05,2.049548031046761309e+01,1.000000000000000000e+00,1.000000000000000000e+00,-1.000000000000000000e+00,0.000000000000000000e+00
1.066000000000000000e+03,1.823956619951020031e+01,1.014685895354759282e+01,-1.418878931029163206e-03,4.313721665390379201e+01,3.357913536750430916e-01,nan,1.197230136032226933e-05,1.993410769215067901e+01,1.000000000000000000e+00,1.000000000000000000e+00,-1.000000000000000000e+00,0.000000000000000000e+00
1.067000000000000000e+03,1.198691760427109472e+02,4.674666836515141810e+00,-8.192826638391681807e-03,2.472634884161109312e+02,3.251078019960274013e-02,nan,2.186241750334521141e-05,2.795943259044176443e+01,1.000000000000000000e+00,1.000000000000000000e+00,-1.000000000000000000e+00,0.000000000000000000e+00
1.068000000000000000e+03,6.777501182709241334e+01,2.549843271386582444e+01,-7.272558845339880708e-03,2.195321208688938555e+02,3.866378391217539789e-02,nan,2.051758118115901868e-05,2.541767113126240218e+01,1.000000000000000000e+00,1.000000000000000000e+00,-1.000000000000000000e+00,0.000000000000000000e+00
1.070000000000000000e+03,1.495256922599426730e+01,5.313011524517487061e+01,-9.439559524477621200e-03,2.848325614166976152e+02,1.536917357486677904e-02,nan,1.327991410501238651e-05,2.065357869920455514e+01,1.000000000000000000e+00,1.000000000000000000e+00,-1.000000000000000000e+00,0.000000000000000000e+00
1.070000000000000000e+03,1.073941204231658446e+02,3.978159727422247727e+01,-1.830780564646125380e-03,5.554946848035466189e+01,2.885299083622888672e-01,nan,1.541012574288454259e-05,8.455260866462584346e+00,1.000000000000000000e+00,1.000000000000000000e+00,-1.000000000000000000e+00,0.000000000000000000e+00
1.073000000000000000e+03,2.792498293790587383e+01,3.690602188312593768e+01,-8.881934410047226391e-03,2.680290753894974500e+02,2.367535854185331967e-02,nan,1.863018809687003239e-05,9.249161275363590562e+00,1.000000000000000000e+00,1.000000000000000000e+00,-1.000000000000000000e+00,0.000000000000000000e+00
1.076000000000000000e+03,1.047956408150460703e+02,2.379509992113063177e+01,-1.783641565728129146e-03,5.412898097153097865e+01,2.678656215312046340e-01,nan,1.260545173511687677e-05,1.957977948524136025e+01,1.000000000000000000e+00,1.000000000000000000e+00,-1.000000000000000000e+00,0.000000000000000000e+00
1.076000000000000000e+03,2.385709705684814708e+01,4.521260293409851272e+01,-8.340600933379526544e-03,2.517165218910183171e+02,3.096548080457683927e-02,nan,2.154710846475162074e-05,9.249161275363590562e+00,1.000000000000000000e+00,1.000000000000000000e+00,-1.000000000000000000e+00,0.000000000000000000e+00
1.077000000000000000e+03,7.459860311933691435e+01,5.238634294117737511e+01,-7.176143872198889780e-03,2.166267501959060837e+02,2.499375653871782621e-02,nan,1.259956575239727782e-05,3.310139477307680522e+01,1.000000000000000000e+00,1.000000000000000000e+00,-1.000000000000000000e+00,0.000000000000000000e+00
1.079000000000000000e+03,5.711557783445654479e+01,1.650143843899473950e+01,-8.110186380252413021e-03,2.447732052724869334e+02,2.240096969880978062e-02,nan,1.223716210310037741e-05,3.292784741115218594e+01,1.000000000000000000e+00,1.000000000000000000e+00,-1.000000000000000000e+00,0.000000000000000000e+00
1.080000000000000000e+03,4.206285563970114794e+01,4.629311129742286823e+01,-1.729941332248662424e-03,5.251077709301424079e+01,3.280511220925477200e-01,nan,1.659367115576751997e-05,1.823779438145795950e+01,1.000000000000000000e+00,1.000000000000000000e+00,-1.000000000000000000e+00,0.000000000000000000e+00
1.082000000000000000e+03,2.492563470152706273e+01,2.467395378867533751e+01,-7.635100440589849026e-03,2.304569563406328427e+02,2.412384545314238959e-02,nan,1.450970375576183957e-05,2.758753908691072354e+01,1.000000000000000000e+00,1.000000000000000000e+00,-1.000000000000000000e+00,0.000000000000000000e+00
1.082000000000000000e+03,1.443691572452814000e+02,4.422975622813299168e+01,-8.705486758665129110e-03,2.627119984361755201e+02,2.404592039908526324e-02,nan,1.758965703858882652e-05,2.654313590549883628e+01,1.000000000000000000e+00,1.000000000000000000e+00,-1.000000000000000000e+00,0.000000000000000000e+00
1.083000000000000000e+03,1.180622340995596034e+02,4.069650584033590945e+01,-1.554127176004582852e-03,4.721278989448367014e+01,3.571687185535671327e-01,nan,1.625409211249297415e-05,1.577900439864153448e+01,1.000000000000000000e+00,1.000000000000000000e+00,-1.000000000000000000e+00,0.000000000000000000e+00
1.084000000000000000e+03,8.112985080005670113e+01,4.955777139304775147e+01,-1.237759648566944676e-03,3.767936467889146002e+01,3.648419645606284512e-01,nan,1.076859261936989179e-05,1.299812729344213658e+01,1.000000000000000000e+00,1.000000000000000000e+00,-1.000000000000000000e+00,0.000000000000000000e+00
1.088000000000000000e+03,9.934945595236212057e+01,2.797361953931791589e+01,-8.308763181839739706e-03,2.507571224678363819e+02,1.761604297271457398e-02,nan,1.188837654336716729e-05,1.922576338837136234e+01,1.000000000000000000e+00,1.000000000000000000e+00,-1.000000000000000000e+00,0.000000000000000000e+00
1.088000000000000000e+03,2.739376342915349127e+01,1.199247330759242658e+01,-1.555905306192025299e-03,4.726637210408294720e+01,3.527639512057587634e-01,nan,1.489193164776717787e-05,1.107234391256906925e+01,1.000000000000000000e+00,1.000000000000000000e+00,-1.000000000000000000e+00,0.000000000000000000e+00
1.090000000000000000e+03,6.873287589546391985e+01,1.566827739908325157e+01,-2.522624284117815779e-02,7.605487830560003886e+02,2.806229643947277808e-03,nan,2.352085169761213037e-05,3.042992537967149858e+01,1.000000000000000000e+00,1.000000000000000000e+00,-1.000000000000000000e+00,0.000000000000000000e+00
1.091000000000000000e+03,1.829665483866025610e+01,3.114258426178961159e+01,-8.574459833802125855e-03,2.587636305378402994e+02,2.371589594641665411e-02,nan,1.712862039629492721e-05,1.619755794555418049e+01,1.000000000000000000e+00,1.000000000000000000e+00,-1.000000000000000000e+00,0.000000000000000000e+00
1.091000000000000000e+03,1.386955449977972137e+02,4.584415032281769697e+01,-7.147795824340566484e-03,2.157725095712306143e+02,3.023014160909998083e-02,nan,1.543940623823438917e-05,3.618321044252235197e+01,1.000000000000000000e+00,1.000000000000000000e+00,-1.000000000000000000e+00,0.000000000000000000e+00
1.092000000000000000e+03,3.841989602327328868e+01,1.300301758425444554e+01,-1.647720661076708653e-03,5.003313779121159399e+01,2.500565548522769577e-01,nan,9.822895853169228393e-06,1.107234391256906925e+01,1.000000000000000000e+00,1.000000000000000000e+00,-1.000000000000000000e+00,0.000000000000000000e+00
1.092000000000000000e+03,5.579403732462397514e+00,2.111101371169653262e+01,-8.512456369304243278e-03,2.568952169345677135e+02,3.310810401115971136e-02,nan,2.536294407355878507e-05,1.619755794555418049e+01,1.000000000000000000e+00,1.000000000000000000e+00,-1.000000000000000000e+00,0.000000000000000000e+00
1.092000000000000000e+03,1.025287721740511415e+02,4.693468296487888125e+01,-8.350829033760097733e-03,2.520247356665138625e+02,1.818518040704908412e-02,nan,1.294567235985201413e-05,1.922576338837136234e+01,1.000000000000000000e+00,1.000000000000000000e+00,-1.000000000000000000e+00,0.000000000000000000e+00
1.095000000000000000e+03,8.278297905128013667e+01,4.721807246890239895e+01,-8.852444713162278475e-03,2.671404322908831546e+02,1.760118702245994093e-02,nan,1.344554892910282831e-05,1.974782660593973915e+01,1.000000000000000000e+00,1.000000000000000000e+00,-1.000000000000000000e+00,0.000000000000000000e+00
1.097000000000000000e+03,1.159154881081455812e+02,5.922890281607094742e+00,-1.695347670716125695e-03,5.146833102459162745e+01,3.228892836454489990e-01,nan,1.570145958949616753e-05,4.314129463282022670e+01,1.000000000000000000e+00,1.000000000000000000e+00,-1.000000000000000000e+00,0.000000000000000000e+00
1.099000000000000000e+03,4.278877282354368106e+01,1.123551906197473649e+01,-9.032112594942298678e-03,2.725545477295522119e+02,2.398965829536392480e-02,nan,1.926682071246149032e-05,1.753723627242308325e+01,1.000000000000000000e+00,1.000000000000000000e+00,-1.000000000000000000e+00,0.000000000000000000e+00
1.100000000000000000e+03,6.747915340726942190e+01,2.970766520430411006e+01,-7.205665287277973098e-03,2.175163490911984354e+02,2.625879593163160663e-02,nan,1.424137066982521162e-05,2.325556797660243191e+01,1.000000000000000000e+00,1.000000000000000000e+00,-1.000000000000000000e+00,0.000000000000000000e+00
1.108000000000000000e+03,7.993357569900423698e+01,1.259424611309049880e+01,-1.669534537702022786e-02,5.034785532029501951e+02,5.261059338580675870e-03,nan,1.509389542104325695e-05,1.731340052542574171e+01,1.000000000000000000e+00,1.000000000000000000e+00,-1.000000000000000000e+00,0.000000000000000000e+00
1.108000000000000000e+03,6.044418164591840537e+01,1.578863701551041387e+01,-8.724337195965289546e-03,2.632800378798498286e+02,1.373488477190509816e-02,nan,1.038114347240587590e-05,1.974944591106090996e+01,1.000000000000000000e+00,1.000000000000000000e+00,-1.000000000000000000e+00,0.000000000000000000e+00
1.109000000000000000e+03,5.819839477916588777e+01,3.741438850031544661e+01,-8.104745684600962730e-03,2.446092552440690326e+02,2.390871453265208668e-02,nan,1.701404840245057589e-05,1.447862340371835899e+01,1.000000000000000000e+00,1.000000000000000000e+00,-1.000000000000000000e+00,0.000000000000000000e+00
1.110000000000000000e+03,1.208657679986261115e+02,3.421562103113019049e+01,-1.564315590132129077e-03,4.751980776365986259e+01,3.481619142471102935e-01,nan,1.550130596946106383e-05,1.411995236941228526e+01,1.000000000000000000e+00,1.000000000000000000e+00,-1.000000000000000000e+00,0.000000000000000000e+00
1.115000000000000000e+03,1.145770400867835406e+02,5.321625868933197978e+01,-9.002630926450040996e-03,2.716661465586791451e+02,1.897543467864737377e-02,nan,1.536071198420443438e-05,2.001430313969147079e+01,1.000000000000000000e+00,1.000000000000000000e+00,-1.000000000000000000e+00,0.000000000000000000e+00
1.116000000000000000e+03,8.862443854426939538e+01,2.197097698777860231e+01,-6.908817048467087371e-03,2.085711184981449833e+02,3.536603596680709671e-02,nan,1.694030790162472238e-05,1.394205726297900938e+01,1.000000000000000000e+00,1.000000000000000000e+00,-1.000000000000000000e+00,0.000000000000000000e+00
1.117000000000000000e+03,1.434003714503791116e+01,1.921247746691791747e+01,-1.355920938258030123e-03,4.124003927710837303e+01,3.622582493457477959e-01,nan,1.245696013457394352e-05,1.524524516350015446e+01,1.000000000000000000e+00,1.000000000000000000e+00,-1.000000000000000000e+00,0.000000000000000000e+00
1.119000000000000000e+03,2.824273744545777731e+01,1.295688601191302780e+01,-2.094187741048908827e-03,6.348698544938442012e+01,1.776332481686075937e-01,nan,9.813859166149777096e-06,1.524524516350015446e+01,1.000000000000000000e+00,1.000000000000000000e+00,-1.000000000000000000e+00,0.000000000000000000e+00
1.121000000000000000e+03,6.796288290268053345e+01,4.864037540927395753e+01,-8.441036495890265334e-03,2.547430490821529929e+02,3.337782423124902031e-02,nan,2.459969840379711174e-05,2.950070385409625118e+01,1.000000000000000000e+00,1.000000000000000000e+00,-1.000000000000000000e+00,0.000000000000000000e+00
1.123000000000000000e+03,5.006621267128037545e+01,2.518828120607741639e+01,-7.949848213175531725e-03,2.399415718320609585e+02,2.467011665261120701e-02,nan,1.591111947604176882e-05,2.201003869443240646e+01,1.000000000000000000e+00,1.000000000000000000e+00,-1.000000000000000000e+00,0.000000000000000000e+00
1.124000000000000000e+03,9.939620764210422976e+01,3.192756628736359659e+01,-1.409195294017335891e-02,4.250278749537094996e+02,6.564610785663171910e-03,nan,1.280719768065822593e-05,2.319555192806120303e+01,1.000000000000000000e+00,1.000000000000000000e+00,-1.000000000000000000e+00,0.000000000000000000e+00
1.125000000000000000e+03,2.822954852982409690e+01,2.794543599020711255e+01,-8.540211910011292692e-03,2.577316029372403250e+02,1.772835756823198938e-02,nan,1.284617228791222217e-05,1.223888757065372168e+01,1.000000000000000000e+00,1.000000000000000000e+00,-1.000000000000000000e+00,0.000000000000000000e+00
1.127000000000000000e+03,1.020988519865442612e+02,7.686276198870827692e+00,-6.156090253918548860e-03,1.858884346534338192e+02,4.139149110212303473e-02,nan,1.602168170578912668e-05,2.439148276769969925e+01,1.000000000000000000e+00,1.000000000000000000e+00,-1.000000000000000000e+00,0.000000000000000000e+00
1.127000000000000000e+03,2.992136969709151018e+01,4.006682659133403490e+01,-7.559541915180023261e-03,2.281800742686035335e+02,2.863423850196100684e-02,nan,1.635716110068354012e-05,1.078874164100202648e+01,1.000000000000000000e+00,1.000000000000000000e+00,-1.000000000000000000e+00,0.000000000000000000e+00
1.128000000000000000e+03,2.096901479384470690e+01,4.608781387604108915e+01,-8.460999478046174124e-03,2.553446139741157879e+02,2.470163022570548428e-02,nan,1.746732744063560425e-05,1.078874164100202648e+01,1.000000000000000000e+00,1.000000000000000000e+00,-1.000000000000000000e+00,0.000000000000000000e+00
1.129000000000000000e+03,7.313055968684346908e+01,2.500520852176214603e+01,-1.256959778553155306e-03,3.825794176875815111e+01,3.466357659018159953e-01,nan,1.015860636868927374e-05,2.716253485123721845e+01,1.000000000000000000e+00,1.000000000000000000e+00,-1.000000000000000000e+00,0.000000000000000000e+00
1.131000000000000000e+03,1.058097467489741064e+02,3.720924931899659782e+01,-1.609144077851819244e-03,4.887067028316418060e+01,3.313070078392110762e-01,nan,1.518962000511960682e-05,2.670520488395273517e+01,1.000000000000000000e+00,1.000000000000000000e+00,-1.000000000000000000e+00,0.000000000000000000e+00
1.132000000000000000e+03,1.176491576401011230e+01,1.421270627364066641e+01,-8.800726362867182517e-03,2.655819505187319578e+02,1.898556125506212222e-02,nan,1.473354981542368124e-05,3.159259971616568308e+01,1.000000000000000000e+00,1.000000000000000000e+00,-1.000000000000000000e+00,0.000000000000000000e+00
1.139000000000000000e+03,1.367313297051577763e+02,3.865766274821553594e+01,-9.291677444266854130e-03,2.803762799397895265e+02,1.464602296973832596e-01,nan,1.484467561639876752e-04,5.597075673269168661e+00,1.000000000000000000e+00,1.000000000000000000e+00,-1.000000000000000000e+00,0.000000000000000000e+00
1.141000000000000000e+03,1.416014611543797628e+02,3.589920742691695210e+01,-8.621576806308569110e-03,2.601834543023505262e+02,1.757367226189799903e-01,nan,1.610686070392960511e-04,5.597075673269168661e+00,1.000000000000000000e+00,1.000000000000000000e+00,-1.000000000000000000e+00,0.000000000000000000e+00
1.144000000000000000e+03,5.985454106321299861e+01,2.985256961076098037e+01,-8.580970029976422650e-03,2.589598089157831282e+02,1.505372225099788075e-02,nan,1.159761939824981881e-05,2.102782055877947087e+01,1.000000000000000000e+00,1.000000000000000000e+00,-1.000000000000000000e+00,0.000000000000000000e+00
1.145000000000000000e+03,1.688113408024409168e+01,3.051661532318085079e+01,-1.394806580661980475e-03,4.241181998045946244e+01,3.205210790562339485e-01,nan,9.742053481428779508e-06,6.746785925033488063e+00,1.000000000000000000e+00,1.000000000000000000e+00,-1.000000000000000000e+00,0.000000000000000000e+00
1.146000000000000000e+03,7.991729979850678944e+01,3.652889210459137814e+01,-1.319074727030191199e-03,4.012971483242351667e+01,3.293977882570193749e-01,nan,1.038117946733341078e-05,1.233206860790035364e+01,1.000000000000000000e+00,1.000000000000000000e+00,-1.000000000000000000e+00,0.000000000000000000e+00
1.146000000000000000e+03,4.162660432139950473e+01,4.712386745773824970e+01,-1.212803491937977911e-03,3.692733537039121217e+01,3.614012005224281898e-01,nan,9.876300251861488364e-06,2.511086233450687288e+01,1.000000000000000000e+00,1.000000000000000000e+00,-1.000000000000000000e+00,0.000000000000000000e+00
1.147000000000000000e+03,6.035711246113992701e+01,5.591804172471952050e+00,-8.279739384551888098e-03,2.498825187967286183e+02,2.228117476297974964e-02,nan,1.503302754826406113e-05,1.584800396033744363e+01,1.000000000000000000e+00,1.000000000000000000e+00,-1.000000000000000000e+00,0.000000000000000000e+00
1.150000000000000000e+03,1.706206926010426983e+01,2.377225599267962508e+01,-8.751181074438145122e-03,2.640889518350529670e+02,2.360120594891312873e-02,nan,1.792987808383706704e-05,6.746785925033488063e+00,1.000000000000000000e+00,1.000000000000000000e+00,-1.000000000000000000e+00,0.000000000000000000e+00
1.151000000000000000e+03,6.719064364416526303e+01,1.989082795374778101e+01,-1.560281652497534687e-03,4.739824900864083190e+01,3.112411858717536450e-01,nan,1.247410464078626471e-05,1.361652389714998712e+01,1.000000000000000000e+00,1.000000000000000000e+00,-1.000000000000000000e+00,0.000000000000000000e+00
1.151000000000000000e+03,1.917185770663041566e+01,3.317947984360730374e+01,-2.008583201123890962e-03,6.090737658086296591e+01,2.545349534095279198e-01,nan,1.511109334652070021e-05,9.640905967312292546e+00,1.000000000000000000e+00,1.000000000000000000e+00,-1.000000000000000000e+00,0.000000000000000000e+00
1.154000000000000000e+03,1.403691267665070939e+02,5.296791499397272673e+01,-6.643417641685434374e-03,2.005735676201896922e+02,3.185720659014146250e-02,nan,1.402072774543776402e-05,5.187657707551088748e+01,1.000000000000000000e+00,1.000000000000000000e+00,-1.000000000000000000e+00,0.000000000000000000e+00
1.154000000000000000e+03,6.229286149127231553e+00,4.916977563970287690e+01,-1.307922543043242743e-03,3.979365470358789736e+01,3.648708200262917867e-01,nan,1.171704689523563797e-05,2.057181854303897239e+01,1.000000000000000000e+00,1.000000000000000000e+00,-1.000000000000000000e+00,0.000000000000000000e+00
1.155000000000000000e+03,1.105275037858287561e+02,1.053376852028397437e+01,-1.549114168314301085e-02,4.671910557062885232e+02,6.492507570579175713e-03,nan,1.752202984534029280e-05,1.458959003626495665e+01,1.000000000000000000e+00,1.000000000000000000e+00,-1.000000000000000000e+00,0.000000000000000000e+00
1.155000000000000000e+03,7.776624351179792427e+01,3.321183866632237880e+01,-1.642802949603412374e-02,4.954232512541005917e+02,5.798171279325692318e-03,nan,1.585215442412823262e-05,1.700860485062779048e+01,1.000000000000000000e+00,1.000000000000000000e+00,-1.000000000000000000e+00,0.000000000000000000e+00
1.156000000000000000e+03,2.883664381929697385e+01,2.371522952104172788e+01,-2.622369444628807125e-03,7.940322316223128496e+01,1.722941754986387908e-01,nan,1.463742828954210389e-05,1.352701462894806461e+01,1.000000000000000000e+00,1.000000000000000000e+00,-1.000000000000000000e+00,0.000000000000000000e+00
1.160000000000000000e+03,9.691451573786652318e+01,5.285655160959588983e+00,-1.459379691276466206e-03,4.435766734971170422e+01,3.591440219324697480e-01,nan,1.450906590104234021e-05,1.458959003626495665e+01,1.000000000000000000e+00,1.000000000000000000e+00,-1.000000000000000000e+00,0.000000000000000000e+00
1.162000000000000000e+03,6.545910386767400269e+01,1.075888274976682446e+01,-7.075495990888770563e-03,2.135938249859476628e+02,3.830802292227786232e-02,nan,1.940883437166773963e-05,3.192803088451164228e+01,1.000000000000000000e+00,1.000000000000000000e+00,-1.000000000000000000e+00,0.000000000000000000e+00
1.162000000000000000e+03,1.411114895808202334e+02,2.058470762670421550e+01,-7.765520066787552633e-03,2.343870238891943245e+02,2.966767670401704304e-02,nan,1.782678683927711906e-05,1.540000286177408029e+01,1.000000000000000000e+00,1.000000000000000000e+00,-1.000000000000000000e+00,0.000000000000000000e+00
1.163000000000000000e+03,7.625505561295967993e+01,4.928270517900041625e+01,-9.118193925809411904e-03,2.751485242255819799e+02,2.514870803847923941e-02,nan,2.243333708105557314e-05,2.327727296722844130e+01,1.000000000000000000e+00,1.000000000000000000e+00,-1.000000000000000000e+00,0.000000000000000000e+00
1.164000000000000000e+03,2.699109885148866184e+01,5.098053796721740838e+01,-2.408995579929168462e-02,7.263078872693539552e+02,3.766340554883784719e-03,nan,2.414301712434982947e-05,1.156097087364645759e+01,1.000000000000000000e+00,1.000000000000000000e+00,-1.000000000000000000e+00,0.000000000000000000e+00
1.164000000000000000e+03,2.472058975890116983e+01,1.847837785960602730e+01,-1.330718608350686498e-03,4.048059177825688693e+01,3.506172862942799062e-01,nan,1.078038326048598684e-05,3.070991347175781883e+01,1.000000000000000000e+00,1.000000000000000000e+00,-1.000000000000000000e+00,0.000000000000000000e+00
1.165000000000000000e+03,9.341487879386436077e+01,3.304495438682418040e+01,-8.207368757595475545e-03,2.477017009186027394e+02,2.306372430028313936e-02,nan,1.590694545858113877e-05,1.931089475004440104e+01,1.000000000000000000e+00,1.000000000000000000e+00,-1.000000000000000000e+00,0.000000000000000000e+00
1.165000000000000000e+03,9.943647184647862503e+01,5.139300804807119505e+01,-9.021515917345849372e-03,2.722352272410757337e+02,1.906651594813046913e-02,nan,1.547261354138229454e-05,1.456095976601160658e+01,1.000000000000000000e+00,1.000000000000000000e+00,-1.000000000000000000e+00,0.000000000000000000e+00
1.165000000000000000e+03,1.585356152688096643e+01,4.788032670275941882e+01,-8.610040829635387527e-03,2.598358289572547619e+02,1.887810378109955334e-02,nan,1.387559904276739691e-05,1.156097087364645759e+01,1.000000000000000000e+00,1.000000000000000000e+00,-1.000000000000000000e+00,0.000000000000000000e+00
1.167000000000000000e+03,1.304345421352755352e+02,3.168258496373251631e+01,-8.297793934153302811e-03,2.504265749450329679e+02,2.162249179055364401e-02,nan,1.691871192474183819e-05,1.363067470715945362e+01,1.000000000000000000e+00,1.000000000000000000e+00,-1.000000000000000000e+00,0.000000000000000000e+00
1.168000000000000000e+03,1.111932478178282793e+02,4.280232890920771638e+01,-8.575946917669200267e-03,2.588084423519695747e+02,2.252554124457895046e-02,nan,1.610181823935314194e-05,4.835431400099854393e+00,1.000000000000000000e+00,1.000000000000000000e+00,-1.000000000000000000e+00,0.000000000000000000e+00
1.171000000000000000e+03,1.015651128972665020e+02,4.632154206864720436e+01,-9.004194867259635721e-03,2.717132743814068476e+02,1.847873124383669907e-02,nan,1.598764865990311886e-05,1.025113863481092480e+01,1.000000000000000000e+00,1.000000000000000000e+00,-1.000000000000000000e+00,0.000000000000000000e+00
1.171000000000000000e+03,1.261338628618829993e+01,3.750880904018581674e+01,-1.773373862829553428e-03,5.381957381298881415e+01,2.343700151865326653e-01,nan,1.252529910718303323e-05,1.958104751458946780e+01,1.000000000000000000e+00,1.000000000000000000e+00,-1.000000000000000000e+00,0.000000000000000000e+00
1.172000000000000000e+03,3.283319236943279407e+01,4.438453315617594797e+01,-8.768891346726046324e-03,2.646226335241061065e+02,1.807885565671762951e-02,nan,1.625006236558040415e-05,1.626878519272676726e+01,1.000000000000000000e+00,1.000000000000000000e+00,-1.000000000000000000e+00,0.000000000000000000e+00
1.173000000000000000e+03,1.132628810392338181e+02,3.843220131908793036e+01,-8.186032310121505937e-03,2.470587479960731230e+02,2.691410054063525514e-02,nan,1.738884298613521879e-05,4.835431400099854393e+00,1.000000000000000000e+00,1.000000000000000000e+00,-1.000000000000000000e+00,0.000000000000000000e+00
1.174000000000000000e+03,1.618031458848754411e+01,1.209430619633667803e+01,-7.569281536807109800e-03,2.284735682158554368e+02,2.099733568015138552e-02,nan,1.183235878016660669e-05,2.131354962495930394e+01,1.000000000000000000e+00,1.000000000000000000e+00,-1.000000000000000000e+00,0.000000000000000000e+00
1.174000000000000000e+03,2.993422289421168259e+01,2.837611825560500023e+01,-8.823211544605023479e-03,2.662595194218772576e+02,1.732071934836654226e-02,nan,1.296533794296619182e-05,1.626878519272676726e+01,1.000000000000000000e+00,1.000000000000000000e+00,-1.000000000000000000e+00,0.000000000000000000e+00
1.175000000000000000e+03,9.285456834791217773e+01,3.472744384829982778e+01,-1.447930248264282013e-03,4.401264961163693101e+01,3.365423972857979340e-01,nan,1.234032217822132380e-05,1.234001515392493609e+01,1.000000000000000000e+00,1.000000000000000000e+00,-1.000000000000000000e+00,0.000000000000000000e+00
1.177000000000000000e+03,1.157059430076819098e+02,2.610193226701455416e+01,-8.846825083621018965e-03,2.669710902651548849e+02,1.818094228738664775e-02,nan,1.355935515859538741e-05,1.256996764825573898e+01,1.000000000000000000e+00,1.000000000000000000e+00,-1.000000000000000000e+00,0.000000000000000000e+00
1.178000000000000000e+03,8.231692297107628065e+01,4.322377294624522648e+01,-8.792296304517343425e-03,2.653279189767080766e+02,1.957979100792173188e-02,nan,1.487490732826638507e-05,1.353623205432533361e+01,1.000000000000000000e+00,1.000000000000000000e+00,-1.000000000000000000e+00,0.000000000000000000e+00
1.178000000000000000e+03,1.051139126126170567e+02,3.613614970778386493e+01,-1.743071442449788079e-03,5.290644008879875315e+01,2.843523642399846674e-01,nan,1.352656166295495285e-05,8.466258879798612469e+00,1.000000000000000000e+00,1.000000000000000000e+00,-1.000000000000000000e+00,0.000000000000000000e+00
1.186000000000000000e+03,6.599164339623378339e+01,3.861707280948718335e+01,-9.079457246227246037e-03,2.739812323707953396e+02,1.998609420196606479e-02,nan,1.613224496910573455e-05,1.763840700053279775e+01,1.000000000000000000e+00,1.000000000000000000e+00,-1.000000000000000000e+00,0.000000000000000000e+00
1.187000000000000000e+03,4.836696985328802612e+01,3.792116762842285027e+01,-9.323092118195815819e-03,2.813229303340307865e+02,3.082756479253823123e-02,nan,3.116143530380641706e-05,9.066068769275791084e+00,1.000000000000000000e+00,1.000000000000000000e+00,-1.000000000000000000e+00,0.000000000000000000e+00
1.187000000000000000e+03,6.995007334379558017e+01,1.004671545355796880e+01,-1.739159814092894329e-03,5.278856700392917389e+01,2.435824566594247953e-01,nan,1.063700372427156081e-05,2.334336718404503230e+01,1.000000000000000000e+00,1.000000000000000000e+00,-1.000000000000000000e+00,0.000000000000000000e+00
1.189000000000000000e+03,1.193087935379221420e+02,4.217676733721646087e+01,-9.024365802871034750e-03,2.723211057468358263e+02,1.701368887193621671e-02,nan,1.473028586994929577e-05,2.576709745881922231e+01,1.000000000000000000e+00,1.000000000000000000e+00,-1.000000000000000000e+00,0.000000000000000000e+00
1.190000000000000000e+03,4.340381737463044942e+01,3.033428945602328142e+01,-7.080136719159886051e-03,2.137336687817913514e+02,3.409617868968595200e-02,nan,1.902221024193539114e-05,6.391393783369518466e+00,1.000000000000000000e+00,1.000000000000000000e+00,-1.000000000000000000e+00,0.000000000000000000e+00
1.191000000000000000e+03,9.297285686285398754e+01,6.191299714143743138e+00,-8.520766193250227383e-03,2.571456253307309225e+02,2.320238621272430191e-02,nan,1.649363967977967899e-05,1.629437918219675652e+01,1.000000000000000000e+00,1.000000000000000000e+00,-1.000000000000000000e+00,0.000000000000000000e+00
1.192000000000000000e+03,1.011613609566099115e+02,2.027871230978207251e+01,-1.433251807333230836e-03,4.357032918756860340e+01,3.692914483029566819e-01,nan,1.499447880524589478e-05,1.045059638891478926e+01,1.000000000000000000e+00,1.000000000000000000e+00,-1.000000000000000000e+00,0.000000000000000000e+00
1.193000000000000000e+03,1.112863518163720755e+02,1.769036824962865850e+01,1.486173828058603161e-03,-4.516508238784074081e+01,3.664022551172931852e-01,nan,1.590815127726212427e-05,1.045059638891478926e+01,1.000000000000000000e+00,1.000000000000000000e+00,-1.000000000000000000e+00,0.000000000000000000e+00
1.195000000000000000e+03,6.318874639606494270e+01,8.291535414725460740e+00,1.814269617073632941e-03,-5.505192726556627747e+01,3.655188554206363349e-01,nan,2.040600519842811116e-05,3.784138452280659148e+00,1.000000000000000000e+00,1.000000000000000000e+00,-1.000000000000000000e+00,0.000000000000000000e+00
1.197000000000000000e+03,2.716742594962468260e+01,3.670403680004618963e+01,-7.820554111462162811e-03,2.360454208601678374e+02,1.780671567123903731e-02,nan,1.203948469151331058e-05,1.365777505350499510e+01,1.000000000000000000e+00,1.000000000000000000e+00,-1.000000000000000000e+00,0.000000000000000000e+00
1.199000000000000000e+03,1.016747039981704575e+02,1.979117208542357886e+01,1.558600124026696728e-03,-4.734757779704569458e+01,2.996956795966124742e-01,nan,1.164629254542410532e-05,1.828551797691161696e+01,1.000000000000000000e+00,1.000000000000000000e+00,-1.000000000000000000e+00,0.000000000000000000e+00
1.201000000000000000e+03,1.310832664958258817e+02,3.316425589880631719e+01,-1.823692421191116294e-03,5.533587422783126186e+01,3.090775208344342939e-01,nan,1.697903431151423289e-05,3.230639130045732088e+01,1.000000000000000000e+00,1.000000000000000000e+00,-1.000000000000000000e+00,0.000000000000000000e+00
1.201000000000000000e+03,6.487602276586855510e+00,5.213304812315241321e+01,-8.903214996197629169e-03,2.686703449858179056e+02,3.110022308644533329e-02,nan,2.413694335264678230e-05,2.580134681671628982e+01,1.000000000000000000e+00,1.000000000000000000e+00,-1.000000000000000000e+00,0.000000000000000000e+00
1.203000000000000000e+03,8.340147164812647418e+01,1.912098765911695608e+01,-8.864487140762856987e-03,2.675033190380602264e+02,1.679629163161033834e-02,nan,1.289245035356855607e-05,1.828551797691161696e+01,1.000000000000000000e+00,1.000000000000000000e+00,-1.000000000000000000e+00,0.000000000000000000e+00
1.206000000000000000e+03,3.144159835912766354e+01,1.651568546166174656e+01,-1.476847788652868153e-03,4.488405133527873403e+01,3.344109542587400119e-01,nan,1.190794881297757553e-05,1.745369192334378994e+01,1.000000000000000000e+00,1.000000000000000000e+00,-1.000000000000000000e+00,0.000000000000000000e+00
1.207000000000000000e+03,6.065211750802603774e+01,2.876639006987009850e+01,-8.616217863508269029e-03,2.600219678159367618e+02,2.203829584546335152e-02,nan,1.752970469496330637e-05,1.502570110396273328e+01,1.000000000000000000e+00,1.000000000000000000e+00,-1.000000000000000000e+00,0.000000000000000000e+00
1.207000000000000000e+03,4.736991955231573570e+00,5.273433179728306897e+01,-1.523420353839072998e-03,4.628746991902859520e+01,3.210189209036274915e-01,nan,1.249300820627734483e-05,3.183372260122397535e+01,1.000000000000000000e+00,1.000000000000000000e+00,-1.000000000000000000e+00,0.000000000000000000e+00
1.208000000000000000e+03,7.002899393004251749e+01,5.015981510053757120e+01,1.702587246864100540e-03,-5.168648855282565080e+01,3.100932579581408000e-01,nan,1.575628466117805519e-05,8.848776643794492358e+00,1.000000000000000000e+00,1.000000000000000000e+00,-1.000000000000000000e+00,0.000000000000000000e+00
1.210000000000000000e+03,3.043060399605555943e+01,3.394007216974512176e+01,-9.767981194152182411e-03,2.947292263885460102e+02,1.659212896328909892e-02,nan,1.592112730087193344e-05,1.745369192334378994e+01,1.000000000000000000e+00,1.000000000000000000e+00,-1.000000000000000000e+00,0.000000000000000000e+00
1.214000000000000000e+03,1.077516274166751202e+02,2.493985813681268482e+01,-8.929213232647491630e-03,2.694537763478779766e+02,2.343579650638361045e-02,nan,1.947906786494071213e-05,1.560235252019837837e+01,1.000000000000000000e+00,1.000000000000000000e+00,-1.000000000000000000e+00,0.000000000000000000e+00
1.217000000000000000e+03,8.815268006253693045e+01,1.008401841872567495e+01,-1.229550548915853353e-03,3.743199151058660590e+01,3.637396462183117851e-01,nan,1.033362966574014922e-05,2.007037165036962278e+01,1.000000000000000000e+00,1.000000000000000000e+00,-1.000000000000000000e+00,0.000000000000000000e+00
1.218000000000000000e+03,1.360035916125627296e+02,3.512829006186745318e+01,-1.999509568620052528e-03,6.063395156278438947e+01,2.862035416695758450e-01,nan,1.784188460181446851e-05,3.003294234698276455e+01,1.000000000000000000e+00,1.000000000000000000e+00,-1.000000000000000000e+00,0.000000000000000000e+00
1.222000000000000000e+03,1.488906778712251366e+01,9.482133856678403916e+00,-6.394000563873052795e-03,1.930576285537676995e+02,4.361188028470230904e-02,nan,1.860539891235753860e-05,1.771264003437719126e+01,1.000000000000000000e+00,1.000000000000000000e+00,-1.000000000000000000e+00,0.000000000000000000e+00
1.223000000000000000e+03,1.123984842558830337e+02,6.308374131192515222e+00,-8.640268868843756916e-03,2.607467212777814893e+02,2.202339135767572564e-02,nan,1.574582316428873557e-05,1.959681284427869485e+01,1.000000000000000000e+00,1.000000000000000000e+00,-1.000000000000000000e+00,0.000000000000000000e+00
1.223000000000000000e+03,9.207161637185119218e+01,1.200197606041015597e+01,-6.988650918414381769e-03,2.109768338854925958e+02,2.671935803443148405e-02,nan,1.379875437963913350e-05,2.110920796484974460e+01,1.000000000000000000e+00,1.000000000000000000e+00,-1.000000000000000000e+00,0.000000000000000000e+00
1.225000000000000000e+03,2.446190863627969136e+01,2.438509782577291674e+01,-1.255375701354711267e-03,3.821020715569781601e+01,3.167845920630956158e-01,nan,8.408518985912464324e-06,1.224207947201875157e+01,1.000000000000000000e+00,1.000000000000000000e+00,-1.000000000000000000e+00,0.000000000000000000e+00
1.226000000000000000e+03,1.032396547997682319e+02,4.103100417802868094e+01,-8.525912340579883814e-03,2.573006994342998155e+02,2.433198324986629579e-02,nan,1.739971564754770267e-05,1.869710324527445522e+01,1.000000000000000000e+00,1.000000000000000000e+00,-1.000000000000000000e+00,0.000000000000000000e+00
1.226000000000000000e+03,1.165749536525346386e+01,5.286855271495836917e+01,-8.476958230706675701e-03,2.558255153367027503e+02,2.443960836827840932e-02,nan,1.684913784938187352e-05,2.591498485346717828e+01,1.000000000000000000e+00,1.000000000000000000e+00,-1.000000000000000000e+00,0.000000000000000000e+00
1.227000000000000000e+03,1.141245714424420328e+02,2.582902208862680027e+01,-1.383636950690828385e-02,4.173261188123267971e+02,1.157866514888439280e-02,nan,2.211596482611460587e-05,1.869710324527445522e+01,1.000000000000000000e+00,1.000000000000000000e+00,-1.000000000000000000e+00,0.000000000000000000e+00
1.232000000000000000e+03,6.941483327176564444e+01,3.479319552280163208e+01,-9.619841500474063736e-03,2.902651819824099562e+02,1.704856889932115926e-02,nan,1.508727577783629010e-05,2.921383958965846617e+01,1.000000000000000000e+00,1.000000000000000000e+00,-1.000000000000000000e+00,0.000000000000000000e+00
1.233000000000000000e+03,1.855823786307944090e+01,1.549067386942728319e+01,-8.543174142311649177e-03,2.578208669029051521e+02,1.235367435631506972e-02,nan,9.019162217301113045e-06,6.988746534925299514e+00,1.000000000000000000e+00,1.000000000000000000e+00,-1.000000000000000000e+00,0.000000000000000000e+00
1.238000000000000000e+03,2.373184383190368862e+01,2.018922464693054408e+01,-2.501042644719556063e-02,7.540453676486229142e+02,3.525514644156069188e-03,nan,2.561615444387740551e-05,6.988746534925299514e+00,1.000000000000000000e+00,1.000000000000000000e+00,-1.000000000000000000e+00,0.000000000000000000e+00
1.238000000000000000e+03,7.013531816568642796e+01,3.770720827941801190e+01,-1.673649132843395629e-02,5.047184461018967454e+02,5.289623991598380037e-03,nan,1.733759733804594996e-05,1.627246219666186278e+01,1.000000000000000000e+00,1.000000000000000000e+00,-1.000000000000000000e+00,0.000000000000000000e+00
1.238000000000000000e+03,6.763780433833102279e+01,1.985531622234500304e+01,-8.263531108906489037e-03,2.493940983036690966e+02,1.489983329910704590e-02,nan,1.043996979413858762e-05,1.802574895351696327e+01,1.000000000000000000e+00,1.000000000000000000e+00,-1.000000000000000000e+00,0.000000000000000000e+00
1.239000000000000000e+03,1.210626479998465044e+02,2.192873835561593765e+01,-2.194556927327231260e-02,6.616889020507808254e+02,3.638230310857193395e-03,nan,1.936098610424603702e-05,1.972891693709825134e+01,1.000000000000000000e+00,1.000000000000000000e+00,-1.000000000000000000e+00,0.000000000000000000e+00
1.240000000000000000e+03,1.704393237627850155e+01,3.241232472370369777e+01,-1.471046523407926751e-03,4.470923589572839774e+01,3.076744910401989497e-01,nan,1.089045562015615191e-05,1.393313802146144198e+01,1.000000000000000000e+00,1.000000000000000000e+00,-1.000000000000000000e+00,0.000000000000000000e+00
1.242000000000000000e+03,8.583057934212362738e+01,3.341165214019545004e+01,-1.577840692980456930e-03,4.792737347554584204e+01,3.155533498192022446e-01,nan,1.342726698457677591e-05,7.118484350321092613e+00,1.000000000000000000e+00,1.000000000000000000e+00,-1.000000000000000000e+00,0.000000000000000000e+00
1.243000000000000000e+03,1.340628668983553951e+02,7.088776357626370483e+00,-1.730366119703671780e-03,5.252357764643276994e+01,2.866807065798026022e-01,nan,1.350151411908919967e-05,1.972891693709825134e+01,1.000000000000000000e+00,1.000000000000000000e+00,-1.000000000000000000e+00,0.000000000000000000e+00
1.247000000000000000e+03,8.944762036442780584e+01,3.954270699957609736e+01,-1.505069848504855074e-03,4.573449543492457536e+01,2.920898653446907245e-01,nan,1.037024197729486949e-05,7.118484350321092613e+00,1.000000000000000000e+00,1.000000000000000000e+00,-1.000000000000000000e+00,0.000000000000000000e+00
1.249000000000000000e+03,1.305986408679869442e+02,4.034552936249066590e+01,-1.485627014000965532e-03,4.514860468240888736e+01,3.313032106204734095e-01,nan,1.257234693402845617e-05,2.132305859498947953e+01,1.000000000000000000e+00,1.000000000000000000e+00,-1.000000000000000000e+00,0.000000000000000000e+00
1.251000000000000000e+03,1.093164007953065351e+02,4.166427320954775126e+01,-8.912448375593141556e-03,2.689485838198324359e+02,2.396313999487365010e-02,nan,1.896125334545108708e-05,1.998172862876890932e+01,1.000000000000000000e+00,1.000000000000000000e+00,-1.000000000000000000e+00,0.000000000000000000e+00
1.255000000000000000e+03,7.275576528004332033e+01,3.696413370933678522e+01,-1.351967294234542039e-03,4.112090009132570145e+01,3.574610625008135534e-01,nan,1.197322519658045591e-05,7.080192597487278583e+00,1.000000000000000000e+00,1.000000000000000000e+00,-1.000000000000000000e+00,0.000000000000000000e+00
1.256000000000000000e+03,6.183774822297012008e+01,1.497911475689333294e+01,-7.646916598827639515e-03,2.308130246824375718e+02,2.179210260233765961e-02,nan,1.267513915858569443e-05,1.627035288258779389e+01,1.000000000000000000e+00,1.000000000000000000e+00,-1.000000000000000000e+00,0.000000000000000000e+00
1.256000000000000000e+03,1.039811306268241822e+02,1.605151056268872622e+01,1.496401449630931513e-03,-4.547328173491940362e+01,2.698452812308260729e-01,nan,9.030016004759163417e-06,9.933039688265864697e+00,1.000000000000000000e+00,1.000000000000000000e+00,-1.000000000000000000e+00,0.000000000000000000e+00
1.256000000000000000e+03,1.117347965495657007e+02,9.842972714919596910e+00,-1.471524555137389279e-03,4.472364091314729251e+01,3.319126160951084703e-01,nan,1.249074284478628088e-05,9.933039688265864697e+00,1.000000000000000000e+00,1.000000000000000000e+00,-1.000000000000000000e+00,0.000000000000000000e+00
1.257000000000000000e+03,7.792108651940753816e+01,1.743891396948822958e+01,-8.896724741122309307e-03,2.684747675133389180e+02,1.850806091492485095e-02,nan,1.509585763477019352e-05,1.487134273200877210e+01,1.000000000000000000e+00,1.000000000000000000e+00,-1.000000000000000000e+00,0.000000000000000000e+00
1.261000000000000000e+03,3.025758975786700589e+01,5.124628917271459017e+01,-1.533205339762995240e-03,4.658233087488230240e+01,3.318685858058415539e-01,nan,1.369309303521965731e-05,2.701930140844676487e+01,1.000000000000000000e+00,1.000000000000000000e+00,-1.000000000000000000e+00,0.000000000000000000e+00
1.262000000000000000e+03,9.349723334113427597e+01,1.599861190999401472e+01,-7.667615875853006462e-03,2.314367770982952948e+02,2.744854665868490251e-02,nan,1.537482666515276600e-05,1.383951912297366960e+01,1.000000000000000000e+00,1.000000000000000000e+00,-1.000000000000000000e+00,0.000000000000000000e+00
1.266000000000000000e+03,5.675871489356763533e+01,9.204518835540172361e+00,-1.773542504334868920e-03,5.382465565938496610e+01,3.346992787901627020e-01,nan,1.825961130480740195e-05,3.447675282043111800e+00,1.000000000000000000e+00,1.000000000000000000e+00,-1.000000000000000000e+00,0.000000000000000000e+00
1.267000000000000000e+03,1.039221706393390861e+02,2.510097269627644323e+01,-1.811947743597261190e-03,5.498195988513902677e+01,2.878075366321900530e-01,nan,1.492199670766794439e-05,1.366759520942997952e+01,1.000000000000000000e+00,1.000000000000000000e+00,-1.000000000000000000e+00,0.000000000000000000e+00
1.267000000000000000e+03,8.696853275848941678e+01,4.534921169546909425e+01,-9.111288823593053504e-03,2.749404457412986744e+02,1.443129849031810075e-02,nan,1.174262698444327825e-05,2.541833002288666066e+01,1.000000000000000000e+00,1.000000000000000000e+00,-1.000000000000000000e+00,0.000000000000000000e+00
1.267000000000000000e+03,5.368683874802454881e+01,1.076977977124846575e+01,1.665680239462591795e-03,-5.057433207506277739e+01,3.170660126254328803e-01,nan,1.474126301851071693e-05,3.447675282043111800e+00,1.000000000000000000e+00,1.000000000000000000e+00,-1.000000000000000000e+00,0.000000000000000000e+00
1.268000000000000000e+03,1.260805448292566950e+02,3.699357166234781147e+01,-9.005034017564144885e-03,2.717385613529790476e+02,1.815422146820511173e-02,nan,1.480335422150405942e-05,1.354971126524530867e+01,1.000000000000000000e+00,1.000000000000000000e+00,-1.000000000000000000e+00,0.000000000000000000e+00
1.269000000000000000e+03,6.795015398703382914e+01,2.848526286793084239e+01,-1.307990244934648496e-03,3.979569483369827765e+01,3.561987484086042155e-01,nan,1.149932372296026223e-05,2.028495060970985264e+01,1.000000000000000000e+00,1.000000000000000000e+00,-1.000000000000000000e+00,0.000000000000000000e+00
1.270000000000000000e+03,1.935578981970698109e+01,2.218435465653319127e+01,-6.652288882763875144e-03,2.008408937711249393e+02,2.419860966017395310e-02,nan,1.151588857429104517e-05,2.913819810176697800e+01,1.000000000000000000e+00,1.000000000000000000e+00,-1.000000000000000000e+00,0.000000000000000000e+00
1.272000000000000000e+03,4.767311960090243872e+01,2.905191773821197998e+01,-7.900555241210447527e-03,2.384561764576066309e+02,2.366860204144116686e-02,nan,1.449723660913175090e-05,1.924581478201304563e+01,1.000000000000000000e+00,1.000000000000000000e+00,-1.000000000000000000e+00,0.000000000000000000e+00
1.273000000000000000e+03,1.141113869918189465e+02,5.302821905455620310e+01,-1.443023859364623174e-03,4.386480039325363833e+01,3.496456148325712832e-01,nan,1.333741011841507500e-05,1.320590069935693656e+01,1.000000000000000000e+00,1.000000000000000000e+00,-1.000000000000000000e+00,0.000000000000000000e+00
1.275000000000000000e+03,9.504034949202349480e+01,2.502500826587506921e+01,-8.790774017019572714e-03,2.652820463356877667e+02,1.746122904420877031e-02,nan,1.404847944372877732e-05,2.931084260046439383e+01,1.000000000000000000e+00,1.000000000000000000e+00,-1.000000000000000000e+00,0.000000000000000000e+00
1.275000000000000000e+03,4.785808083557827786e+01,5.090936107654117393e+01,-7.375939011205265641e-03,2.226473807947009789e+02,8.171710486520744610e-02,nan,5.343628832087313880e-05,2.185822591032044571e+01,1.000000000000000000e+00,1.000000000000000000e+00,-1.000000000000000000e+00,0.000000000000000000e+00
1.276000000000000000e+03,1.247086753383991464e+02,4.514828929720991368e+01,-8.937344922939585712e-03,2.696988168610555476e+02,1.457683217448202395e-02,nan,1.173909776929004338e-05,1.307328409757700882e+01,1.000000000000000000e+00,1.000000000000000000e+00,-1.000000000000000000e+00,0.000000000000000000e+00
1.278000000000000000e+03,6.904031584489416673e+01,1.149268605949300515e+01,-8.458916330324776564e-03,2.552818403602249475e+02,1.813475911434558885e-02,nan,1.354200240668316823e-05,1.742490531546465249e+01,1.000000000000000000e+00,1.000000000000000000e+00,-1.000000000000000000e+00,0.000000000000000000e+00
1.282000000000000000e+03,1.109233007014767907e+02,2.842371985862597583e+01,-1.750037578745254055e-03,5.311635777520713475e+01,3.216648388644373080e-01,nan,1.711680569143008326e-05,9.329435166614734598e+00,1.000000000000000000e+00,1.000000000000000000e+00,-1.000000000000000000e+00,0.000000000000000000e+00
1.283000000000000000e+03,6.229073018839450526e+01,2.755725635310753319e+01,-1.611893105232109578e-03,4.895350952762734664e+01,2.868632293898297769e-01,nan,1.167912367428799695e-05,1.742490531546465249e+01,1.000000000000000000e+00,1.000000000000000000e+00,-1.000000000000000000e+00,0.000000000000000000e+00
1.284000000000000000e+03,5.999630321707125802e+01,5.205821521522642215e+00,-8.273567505473752165e-03,2.496965352727315519e+02,1.526490702726879256e-02,nan,1.019513188395413746e-05,2.246889036328500566e+01,1.000000000000000000e+00,1.000000000000000000e+00,-1.000000000000000000e+00,0.000000000000000000e+00
1.284000000000000000e+03,1.020918422277344817e+01,3.830068902674766207e+01,-8.102510108390590174e-03,2.445418883471312768e+02,2.671633994410327340e-02,nan,1.815989019153337842e-05,3.267728408242883376e+01,1.000000000000000000e+00,1.000000000000000000e+00,-1.000000000000000000e+00,0.000000000000000000e+00
1.286000000000000000e+03,1.026437841016286541e+02,2.412395644642445802e+01,-8.873218124939102891e-03,2.677664186847809447e+02,1.573650064628706602e-02,nan,1.277177838083633511e-05,6.147404654799063728e+00,1.000000000000000000e+00,1.000000000000000000e+00,-1.000000000000000000e+00,0.000000000000000000e+00
1.286000000000000000e+03,1.841073254124346903e+01,6.669383328380446230e+00,-1.600569880062111114e-03,4.861229524046012074e+01,2.638351503204118265e-01,nan,1.083608717372138604e-05,3.267728408242883376e+01,1.000000000000000000e+00,1.000000000000000000e+00,-1.000000000000000000e+00,0.000000000000000000e+00
1.287000000000000000e+03,1.357672499185833317e+02,5.832840446521512234e+00,-7.836723304954220162e-03,2.365326636508596039e+02,3.381418713214590088e-02,nan,2.029314450485873578e-05,3.357930382414760118e+01,1.000000000000000000e+00,1.000000000000000000e+00,-1.000000000000000000e+00,0.000000000000000000e+00
1.287000000000000000e+03,9.005083632787415127e+01,3.744778082513469286e+01,-1.772155009106701155e-03,5.378284485123451475e+01,2.700401911288835555e-01,nan,1.362245975091580558e-05,1.315459987289820987e+01,1.000000000000000000e+00,1.000000000000000000e+00,-1.000000000000000000e+00,0.000000000000000000e+00
1.288000000000000000e+03,1.204140702799856797e+02,3.843716815079014282e+01,-9.281506882190728586e-03,2.800698000246775337e+02,1.344434053645138238e-02,nan,1.162671775249289781e-05,2.281778035118003345e+01,1.000000000000000000e+00,1.000000000000000000e+00,-1.000000000000000000e+00,0.000000000000000000e+00
1.291000000000000000e+03,3.113699938648898424e+01,5.242800898724238579e+01,-7.691919545665282243e-03,2.321691443563902340e+02,3.604854836475601676e-02,nan,2.114259385065449489e-05,1.415692684655288502e+01,1.000000000000000000e+00,1.000000000000000000e+00,-1.000000000000000000e+00,0.000000000000000000e+00
1.292000000000000000e+03,9.383268362659003969e+01,5.004703194673906097e+01,-7.747913285495678683e-03,2.338564607998252711e+02,3.546813931386805230e-02,nan,2.209085195643189226e-05,1.315459987289820987e+01,1.000000000000000000e+00,1.000000000000000000e+00,-1.000000000000000000e+00,0.000000000000000000e+00
1.294000000000000000e+03,3.006345628978771956e+01,3.831184509763785684e+01,-8.935275323095489067e-03,2.696364514991623764e+02,1.740412994960816029e-02,nan,1.356034285394088665e-05,1.415692684655288502e+01,1.000000000000000000e+00,1.000000000000000000e+00,-1.000000000000000000e+00,0.000000000000000000e+00
1.295000000000000000e+03,7.533233012053538857e+01,4.490245932467242795e+01,-1.354820768167678624e-03,4.120688673024066162e+01,3.293117832401362133e-01,nan,1.047344696597151754e-05,1.920233598583011414e+01,1.000000000000000000e+00,1.000000000000000000e+00,-1.000000000000000000e+00,0.000000000000000000e+00
1.296000000000000000e+03,2.707417551424764568e+01,1.861149813509860707e+01,-1.581100513894997950e-03,4.802560498228960739e+01,2.966462939615970296e-01,nan,1.031927852154522403e-05,1.992584929179790265e+01,1.000000000000000000e+00,1.000000000000000000e+00,-1.000000000000000000e+00,0.000000000000000000e+00
1.299000000000000000e+03,6.741763374839692347e+01,1.781419528522754803e+01,-8.210595412767453249e-03,2.477989330082160393e+02,1.826633219490592097e-02,nan,1.346718905936114500e-05,2.822085164083154396e+01,1.000000000000000000e+00,1.000000000000000000e+00,-1.000000000000000000e+00,0.000000000000000000e+00
1.300000000000000000e+03,9.542695408422466130e+01,3.162907872063165371e+01,-1.892832739542724477e-03,5.741934992372809887e+01,2.320013444926319890e-01,nan,1.088001577835149101e-05,2.408270219269011037e+01,1.000000000000000000e+00,1.000000000000000000e+00,-1.000000000000000000e+00,0.000000000000000000e+00
1.301000000000000000e+03,1.426202799033017143e+01,4.263956863127338437e+01,-1.551371508896031825e-03,4.712975056832015497e+01,3.535415151928507083e-01,nan,1.617496434919749959e-05,1.056971778551361574e+01,1.000000000000000000e+00,1.000000000000000000e+00,-1.000000000000000000e+00,0.000000000000000000e+00
1.302000000000000000e+03,3.292058202534670386e+01,3.558367900470472023e+01,-8.874962660240869050e-03,2.678189885454428918e+02,1.542478015617543274e-02,nan,1.174515230734711210e-05,1.994811312129423087e+01,1.000000000000000000e+00,1.000000000000000000e+00,-1.000000000000000000e+00,0.000000000000000000e+00
1.304000000000000000e+03,3.263145622410848290e+01,8.556429687550604513e+00,-8.832983734287206540e-03,2.665539947755338517e+02,1.646144287762363323e-02,nan,1.274790496604715768e-05,1.483885380862781922e+01,1.000000000000000000e+00,1.000000000000000000e+00,-1.000000000000000000e+00,0.000000000000000000e+00
1.304000000000000000e+03,1.352986928917214584e+02,4.866004511829320478e+01,-1.684378157546978548e-03,5.113777550172706299e+01,2.435973430095691450e-01,nan,9.855990514000510184e-06,3.273041650202219444e+01,1.000000000000000000e+00,1.000000000000000000e+00,-1.000000000000000000e+00,0.000000000000000000e+00
1.306000000000000000e+03,7.081580632532046593e+01,4.871015774183232594e+01,-8.523741446614746531e-03,2.572352816733961163e+02,2.059650631201026538e-02,nan,1.478603031637972724e-05,2.480376549038089706e+01,1.000000000000000000e+00,1.000000000000000000e+00,-1.000000000000000000e+00,0.000000000000000000e+00
1.307000000000000000e+03,4.745377457516401165e+01,7.856100440845294131e+00,-8.248441048276296608e-03,2.489393741235932680e+02,2.187278225258382225e-02,nan,1.509074014294303939e-05,1.483885380862781922e+01,1.000000000000000000e+00,1.000000000000000000e+00,-1.000000000000000000e+00,0.000000000000000000e+00
1.307000000000000000e+03,1.060092081144226910e+02,3.405161447444133671e+01,-1.301499999349552345e-03,3.960011764719787664e+01,3.685150843351403527e-01,nan,1.212827561392333446e-05,1.814128598542612991e+01,1.000000000000000000e+00,1.000000000000000000e+00,-1.000000000000000000e+00,0.000000000000000000e+00
1.308000000000000000e+03,3.415591324231287729e+01,3.858839698153636277e+01,-1.617678464782445601e-03,4.912784566466756075e+01,2.463141877543195690e-01,nan,9.513507876564795466e-06,9.852768793276325709e+00,1.000000000000000000e+00,1.000000000000000000e+00,-1.000000000000000000e+00,0.000000000000000000e+00
1.310000000000000000e+03,1.274960815949880697e+02,1.487837521206611768e+01,-7.091503453508301094e-03,2.140761941753859219e+02,3.276690166997708875e-02,nan,1.744043190321385562e-05,2.879754912804404654e+01,1.000000000000000000e+00,1.000000000000000000e+00,-1.000000000000000000e+00,0.000000000000000000e+00
1.314000000000000000e+03,4.516489178829555584e+01,2.188766220584624733e+01,-8.299811989746282148e-03,2.504873870714619954e+02,1.411588873522406917e-02,nan,1.000796677116155671e-05,2.133796290538066387e+01,1.000000000000000000e+00,1.000000000000000000e+00,-1.000000000000000000e+00,0.000000000000000000e+00
1.319000000000000000e+03,9.088928190909034299e+01,5.019328068915285002e+01,-8.930540775915863511e-03,2.694937805625077090e+02,1.602733013043045052e-02,nan,1.252596458341467426e-05,3.246578205086295554e+01,1.000000000000000000e+00,1.000000000000000000e+00,-1.000000000000000000e+00,0.000000000000000000e+00
1.319000000000000000e+03,6.373352063701644710e+01,3.240025863250752991e+01,1.624425986247076065e-03,-4.933117560751808384e+01,3.393468094249032507e-01,nan,1.594402821601044562e-05,1.570968678635576055e+01,1.000000000000000000e+00,1.000000000000000000e+00,-1.000000000000000000e+00,0.000000000000000000e+00
1.321000000000000000e+03,1.787023911845681567e+01,1.699130812618400910e+01,-8.147007484377090034e-03,2.458827731392375426e+02,2.458962536410613797e-02,nan,1.677702020970849519e-05,8.649851952855950543e+00,1.000000000000000000e+00,1.000000000000000000e+00,-1.000000000000000000e+00,0.000000000000000000e+00
1.321000000000000000e+03,4.813042285769636663e+01,3.422716821274885746e+01,-8.593591093189483290e-03,2.593401322797436706e+02,1.507589345090876165e-02,nan,1.190029503791227302e-05,7.751491468714482025e+00,1.000000000000000000e+00,1.000000000000000000e+00,-1.000000000000000000e+00,0.000000000000000000e+00
1.322000000000000000e+03,9.507399268421025340e+01,1.464329746435170776e+01,-1.554805696456876577e-03,4.723323644296980461e+01,3.135603341298770497e-01,nan,1.253375934202282528e-05,1.431653853199687809e+01,1.000000000000000000e+00,1.000000000000000000e+00,-1.000000000000000000e+00,0.000000000000000000e+00
1.322000000000000000e+03,1.419835597375932252e+02,1.886653734146453587e+01,-1.699060107525583990e-03,5.158020166750253566e+01,3.474514205012626533e-01,nan,1.898113210612864868e-05,1.874978066134696775e+01,1.000000000000000000e+00,1.000000000000000000e+00,-1.000000000000000000e+00,0.000000000000000000e+00
1.323000000000000000e+03,1.830951440834855859e+01,5.096341651591409772e+01,-7.656128617491773751e-03,2.310906198317579197e+02,2.030630109150144413e-02,nan,1.184525302608605979e-05,3.397494828875945672e+01,1.000000000000000000e+00,1.000000000000000000e+00,-1.000000000000000000e+00,0.000000000000000000e+00
1.324000000000000000e+03,1.395166263160282085e+02,4.346182435670976218e+01,-1.657388894387917767e-03,5.032448052156649254e+01,3.608609848103525586e-01,nan,1.873806521318189961e-05,1.742654222651349372e+01,1.000000000000000000e+00,1.000000000000000000e+00,-1.000000000000000000e+00,0.000000000000000000e+00
1.326000000000000000e+03,1.059196687501404455e+02,5.297999919005153657e+00,-8.780100550398520914e-03,2.649604118852526540e+02,2.486960777318403260e-02,nan,1.982522061397441957e-05,1.431653853199687809e+01,1.000000000000000000e+00,1.000000000000000000e+00,-1.000000000000000000e+00,0.000000000000000000e+00
1.328000000000000000e+03,1.333844216451172429e+02,2.714985207109954857e+01,-8.201327657075433569e-03,2.475196582782149903e+02,3.100413817917535564e-02,nan,2.292149853723091975e-05,1.742654222651349372e+01,1.000000000000000000e+00,1.000000000000000000e+00,-1.000000000000000000e+00,0.000000000000000000e+00
1.328000000000000000e+03,3.795068483181335495e+01,9.067310056832203813e+00,-1.881715629197944781e-03,5.708434670470671790e+01,3.017538020515353470e-01,nan,1.727859508487071302e-05,7.158599196956632049e+00,1.000000000000000000e+00,1.000000000000000000e+00,-1.000000000000000000e+00,0.000000000000000000e+00
1.330000000000000000e+03,5.202675986493714078e+01,3.277227144769592115e+01,-8.374724032580320443e-03,2.527447880249979733e+02,2.322921309991676786e-02,nan,1.583393325311735595e-05,4.623257192836670804e+00,1.000000000000000000e+00,1.000000000000000000e+00,-1.000000000000000000e+00,0.000000000000000000e+00
1.335000000000000000e+03,5.304444034173872780e+01,3.869605286590903859e+01,-8.753929732927830110e-03,2.641717799633594836e+02,2.125199485933226828e-02,nan,1.634716102293462146e-05,6.010562356687610297e+00,1.000000000000000000e+00,1.000000000000000000e+00,-1.000000000000000000e+00,0.000000000000000000e+00
1.336000000000000000e+03,1.330093013485196991e+02,2.782341115046043711e+01,-7.787517174444322579e-03,2.350498851585023203e+02,2.293387948626124384e-02,nan,1.388211652982476759e-05,1.891127832032277567e+01,1.000000000000000000e+00,1.000000000000000000e+00,-1.000000000000000000e+00,0.000000000000000000e+00
1.338000000000000000e+03,1.140994966250766112e+02,2.758733271019163880e+01,-1.417443852187411351e-03,4.309397196021753729e+01,3.374798683282094203e-01,nan,1.181119706096712233e-05,1.891127832032277567e+01,1.000000000000000000e+00,1.000000000000000000e+00,-1.000000000000000000e+00,0.000000000000000000e+00
1.339000000000000000e+03,6.909761898642668143e+01,3.108262380083009191e+01,-1.474300759176477111e-03,4.480729909957442203e+01,2.653355801707119044e-01,nan,8.595409806372020367e-06,1.059663531655959190e+01,1.000000000000000000e+00,1.000000000000000000e+00,-1.000000000000000000e+00,0.000000000000000000e+00
1.341000000000000000e+03,9.304122825568063604e+01,1.242342504949360205e+01,-8.854306812087271716e-03,2.671965448160504479e+02,2.881821438487175424e-02,nan,2.455055936166123491e-05,9.371359403304786895e+00,1.000000000000000000e+00,1.000000000000000000e+00,-1.000000000000000000e+00,0.000000000000000000e+00
1.341000000000000000e+03,8.589366976877238358e+01,1.848434781274796279e+01,-8.966828252685790299e-03,2.705872680921873439e+02,3.654452254118378818e-02,nan,3.084114717286770883e-05,9.371359403304786895e+00,1.000000000000000000e+00,1.000000000000000000e+00,-1.000000000000000000e+00,0.000000000000000000e+00
1.341000000000000000e+03,1.861401342586151486e+01,4.807189489733856647e+01,-1.639091142010521210e-02,4.943047344332340458e+02,5.630402781594212591e-03,nan,1.715518547350554295e-05,2.180617159064803445e+01,1.000000000000000000e+00,1.000000000000000000e+00,-1.000000000000000000e+00,0.000000000000000000e+00
1.343000000000000000e+03,7.473180019394463613e+01,2.210795488476363246e+01,-1.448685921517376633e-03,4.403542108412068501e+01,2.707733144537362024e-01,nan,8.803901393812893256e-06,5.186214422688397718e+00,1.000000000000000000e+00,1.000000000000000000e+00,-1.000000000000000000e+00,0.000000000000000000e+00
1.344000000000000000e+03,1.374696664419183776e+02,2.526307144911589475e+01,-1.649375770286101196e-03,5.008301288426928011e+01,2.862092346555303868e-01,nan,1.184793568814613051e-05,1.000235347778441053e+01,1.000000000000000000e+00,1.000000000000000000e+00,-1.000000000000000000e+00,0.000000000000000000e+00
1.345000000000000000e+03,1.374170742210768026e+02,1.526085623683152548e+01,-8.366796084428418379e-03,2.525058870814295631e+02,2.060397991883533564e-02,nan,1.472802062380432577e-05,1.000235347778441053e+01,1.000000000000000000e+00,1.000000000000000000e+00,-1.000000000000000000e+00,0.000000000000000000e+00
1.345000000000000000e+03,1.022628153032202931e+02,4.713617527142001506e+01,-1.545161858393166634e-03,4.694262883947679654e+01,3.149096473867363244e-01,nan,1.248217765976094312e-05,3.009201178190350490e+01,1.000000000000000000e+00,1.000000000000000000e+00,-1.000000000000000000e+00,0.000000000000000000e+00
1.346000000000000000e+03,6.064127001649912785e+01,4.268225205777477527e+01,-1.565288977863936925e-03,4.754913984847313202e+01,3.051804188453285382e-01,nan,1.253212101528393089e-05,1.188217078023010487e+01,1.000000000000000000e+00,1.000000000000000000e+00,-1.000000000000000000e+00,0.000000000000000000e+00
1.348000000000000000e+03,7.006212471756954585e+01,1.985164130207122923e+01,-1.957825850528930114e-03,5.937785359233805593e+01,2.473471880359922048e-01,nan,1.343642262046413690e-05,5.186214422688397718e+00,1.000000000000000000e+00,1.000000000000000000e+00,-1.000000000000000000e+00,0.000000000000000000e+00
1.350000000000000000e+03,1.064634216192248033e+02,1.043431323440042569e+01,-8.657408718534558359e-03,2.612632138412161567e+02,1.778769287235404395e-02,nan,1.344851215692351549e-05,3.132768945757819168e+01,1.000000000000000000e+00,1.000000000000000000e+00,-1.000000000000000000e+00,0.000000000000000000e+00
1.353000000000000000e+03,7.148080770536019202e+01,4.508755195293769447e+01,-8.634811824396446123e-03,2.605822785944316706e+02,1.627446684863453896e-02,nan,1.220220071610087261e-05,1.846360108368347142e+01,1.000000000000000000e+00,1.000000000000000000e+00,-1.000000000000000000e+00,0.000000000000000000e+00
1.354000000000000000e+03,2.252690583953623360e+01,3.032767296668586710e+01,-8.511327837061918866e-03,2.568612097220616874e+02,2.018828161044383673e-02,nan,1.422978650293108155e-05,1.253835381599022725e+01,1.000000000000000000e+00,1.000000000000000000e+00,-1.000000000000000000e+00,0.000000000000000000e+00
1.360000000000000000e+03,2.101305860821253191e+01,4.758625667191549269e+01,-1.956558670497948130e-03,5.933966836467609340e+01,2.730634071356017323e-01,nan,1.512759660367906830e-05,2.999674767718888191e+01,1.000000000000000000e+00,1.000000000000000000e+00,-1.000000000000000000e+00,0.000000000000000000e+00
1.361000000000000000e+03,5.760518866679249328e+01,4.978902868786692437e+01,-3.418939982144221599e-03,1.034070952089419393e+02,7.086144012192774344e-02,nan,9.030099427199900504e-06,1.092384852893097325e+01,1.000000000000000000e+00,1.000000000000000000e+00,-1.000000000000000000e+00,0.000000000000000000e+00
1.364000000000000000e+03,5.688696239253246745e+01,3.888881686873286014e+01,-1.291773108767144129e-03,3.930700733749355180e+01,3.721685898523626745e-01,nan,1.254339242122837234e-05,1.092384852893097325e+01,1.000000000000000000e+00,1.000000000000000000e+00,-1.000000000000000000e+00,0.000000000000000000e+00
1.366000000000000000e+03,1.104287010513462661e+02,6.967968332933065945e+00,-8.863723905258231658e-03,2.674803196845419961e+02,5.393654692692828601e-02,nan,4.325706533047348954e-05,2.806255883798963069e+01,1.000000000000000000e+00,1.000000000000000000e+00,-1.000000000000000000e+00,0.000000000000000000e+00
1.366000000000000000e+03,2.083727448399012161e+01,1.491820572112091092e+01,-1.770689072985158052e-03,5.373867030367978259e+01,3.358533876326962320e-01,nan,1.798880622549901809e-05,1.590824467900545791e+01,1.000000000000000000e+00,1.000000000000000000e+00,-1.000000000000000000e+00,0.000000000000000000e+00
1.367000000000000000e+03,8.354567124102700859e+01,4.754308629532350494e+01,-1.596003070832113313e-03,4.847467892243695786e+01,3.209583381835450222e-01,nan,1.266050374144186921e-05,2.581791359569317379e+01,1.000000000000000000e+00,1.000000000000000000e+00,-1.000000000000000000e+00,0.000000000000000000e+00
1.372000000000000000e+03,1.409662552362564441e+02,4.790854422179829442e+01,-7.040191756511830073e-03,2.125299665016326287e+02,3.642350846868780412e-02,nan,1.850574339698210166e-05,2.005101505523386862e+01,1.000000000000000000e+00,1.000000000000000000e+00,-1.000000000000000000e+00,0.000000000000000000e+00
1.373000000000000000e+03,6.999519216601461835e+01,2.389854888608670080e+01,1.433709791507933222e-03,-4.358413009158303453e+01,3.651692138889683914e-01,nan,1.452170995060434118e-05,5.555006309915124341e+00,1.000000000000000000e+00,1.000000000000000000e+00,-1.000000000000000000e+00,0.000000000000000000e+00
1.375000000000000000e+03,3.187317031546963264e+01,2.510567332206839453e+01,-7.543632941465179022e-03,2.277006729457317249e+02,3.372834314967432245e-02,nan,1.978878481402420770e-05,3.004290064302537644e+01,1.000000000000000000e+00,1.000000000000000000e+00,-1.000000000000000000e+00,0.000000000000000000e+00
1.376000000000000000e+03,1.417717826305662925e+02,2.328907394715676205e+01,-1.767785749211602279e-03,5.365118148870556070e+01,2.910526465868121804e-01,nan,1.453928278566327634e-05,2.278409239700561173e+01,1.000000000000000000e+00,1.000000000000000000e+00,-1.000000000000000000e+00,0.000000000000000000e+00
1.377000000000000000e+03,1.215306891985031825e+02,5.283824781708140250e+01,-8.675893047926820992e-03,2.618202209820841517e+02,2.123587137672910963e-02,nan,1.641200751510021077e-05,1.332271060616128544e+01,1.000000000000000000e+00,1.000000000000000000e+00,-1.000000000000000000e+00,0.000000000000000000e+00
1.378000000000000000e+03,1.287976359218051137e+01,4.838283767021033555e+01,-9.039718822356544378e-03,2.727837539341643378e+02,5.678209667079425760e-02,nan,4.830181567810379973e-05,2.125580804019656966e+01,1.000000000000000000e+00,1.000000000000000000e+00,-1.000000000000000000e+00,0.000000000000000000e+00
1.381000000000000000e+03,1.307726336779153371e+02,4.324235910706680386e+01,-7.795972199518473762e-03,2.353046690482814824e+02,2.884218810721550508e-02,nan,1.859951938163971599e-05,1.332271060616128544e+01,1.000000000000000000e+00,1.000000000000000000e+00,-1.000000000000000000e+00,0.000000000000000000e+00
1.382000000000000000e+03,1.123190225067576620e+01,2.719100130709967544e+01,-8.589510994942286398e-03,2.592171825199280875e+02,1.847528876672821507e-02,nan,1.368069605002784114e-05,2.125580804019656966e+01,1.000000000000000000e+00,1.000000000000000000e+00,-1.000000000000000000e+00,0.000000000000000000e+00
1.382000000000000000e+03,7.963924294233501655e+01,6.062824016120857529e+00,-1.262852441190076514e-03,3.843551137909332027e+01,3.580283424492296529e-01,nan,1.051143713197849582e-05,2.932558136894481393e+01,1.000000000000000000e+00,1.000000000000000000e+00,-1.000000000000000000e+00,0.000000000000000000e+00
1.384000000000000000e+03,1.126944420292315243e+02,2.997885667605241977e+01,1.817628160754588412e-03,-5.515313368607035471e+01,3.122109286553846896e-01,nan,1.661795115293782113e-05,7.848858036820806738e+00,1.000000000000000000e+00,1.000000000000000000e+00,-1.000000000000000000e+00,0.000000000000000000e+00
1.388000000000000000e+03,6.925305311131469921e+01,3.362803063925625935e+01,-1.297504696511456905e-03,3.947972311388682698e+01,3.499804820642623548e-01,nan,1.065221204838261572e-05,3.373177911350298075e+01,1.000000000000000000e+00,1.000000000000000000e+00,-1.000000000000000000e+00,0.000000000000000000e+00
1.388000000000000000e+03,1.106552163607564410e+02,3.755817928135158468e+01,-1.876006481607564533e-03,5.691230714034783489e+01,2.652693187112711293e-01,nan,1.416911178372902481e-05,7.848858036820806738e+00,1.000000000000000000e+00,1.000000000000000000e+00,-1.000000000000000000e+00,0.000000000000000000e+00
1.390000000000000000e+03,1.199459068855662593e+02,8.310299684928962094e+00,-1.997825480844244144e-03,6.058320322904357624e+01,2.645103125709922232e-01,nan,1.588135253935503809e-05,1.036424077121872500e+01,1.000000000000000000e+00,1.000000000000000000e+00,-1.000000000000000000e+00,0.000000000000000000e+00
1.392000000000000000e+03,1.272159254081825992e+02,3.003245145576291009e+01,1.269802079190323566e-03,-3.864493190555317881e+01,3.523725983478099844e-01,nan,1.071458375221894130e-05,1.297809307875365192e+01,1.000000000000000000e+00,1.000000000000000000e+00,-1.000000000000000000e+00,0.000000000000000000e+00
1.392000000000000000e+03,1.518639168560960151e+01,5.068404021099437529e+01,1.126163483231356092e-03,-3.431652366549634081e+01,3.617657054912619685e-01,nan,8.606621363703022515e-06,1.248317251937725025e+01,1.000000000000000000e+00,1.000000000000000000e+00,-1.000000000000000000e+00,0.000000000000000000e+00
1.393000000000000000e+03,1.210432386681170698e+02,1.861628579605856970e+01,-9.197581408138850653e-03,2.775407881597843698e+02,1.712589096176431180e-02,nan,1.534208774436371557e-05,8.581218077170182923e+00,1.000000000000000000e+00,1.000000000000000000e+00,-1.000000000000000000e+00,0.000000000000000000e+00
1.393000000000000000e+03,1.368011969865522026e+01,3.829207745887750747e+01,-1.869156965838133502e-03,5.670590369913573880e+01,2.083527762606867118e-01,nan,9.875028763076767175e-06,6.473242860652153929e+00,1.000000000000000000e+00,1.000000000000000000e+00,-1.000000000000000000e+00,0.000000000000000000e+00
1.394000000000000000e+03,3.690225495546020795e+01,2.301257918357328691e+01,-1.708867282472703412e-03,5.187573126781217070e+01,1.991226511464816440e-01,nan,7.614577140702654054e-06,1.947876894237159107e+01,1.000000000000000000e+00,1.000000000000000000e+00,-1.000000000000000000e+00,0.000000000000000000e+00
1.395000000000000000e+03,5.947536477669062549e+01,1.072324227074358483e+01,-1.476727961395099369e-02,4.453781820560172946e+02,9.127147424592307878e-03,nan,2.011803890795430132e-05,2.466467731892877779e+01,1.000000000000000000e+00,1.000000000000000000e+00,-1.000000000000000000e+00,0.000000000000000000e+00
1.396000000000000000e+03,1.033084430275037278e+02,2.241807987102309241e+01,-8.762194205934341687e-03,2.644208217534318806e+02,2.255467872630767534e-02,nan,1.725088292154561083e-05,1.786268333168275646e+01,1.000000000000000000e+00,1.000000000000000000e+00,-1.000000000000000000e+00,0.000000000000000000e+00
1.396000000000000000e+03,3.245678962653490629e+01,4.197729055811371524e+01,-8.407392951143902865e-03,2.537292338514160122e+02,3.511708665377943905e-02,nan,2.698661854676512003e-05,1.523618964061037495e+01,1.000000000000000000e+00,1.000000000000000000e+00,-1.000000000000000000e+00,0.000000000000000000e+00
1.398000000000000000e+03,1.681907999896687400e+01,3.263082306024362822e+01,-7.340885044490062794e-03,2.215910638809648958e+02,1.820203768161738900e-01,nan,1.231583476661218595e-04,3.536894230642530612e+00,1.000000000000000000e+00,1.000000000000000000e+00,-1.000000000000000000e+00,0.000000000000000000e+00
1.398000000000000000e+03,1.377033565937947515e+02,3.955744070996099992e+01,-6.212932454768210939e-03,1.876013186377003308e+02,4.630586090980215452e-02,nan,1.684571602355219912e-05,2.675988599425540926e+01,1.000000000000000000e+00,1.000000000000000000e+00,-1.000000000000000000e+00,0.000000000000000000e+00
1.399000000000000000e+03,1.027221580438614694e+02,4.565020589041964172e+00,-1.104521280338780420e-03,3.366435710324473973e+01,3.395483111639581164e-01,nan,7.408978127402323375e-06,1.786268333168275646e+01,1.000000000000000000e+00,1.000000000000000000e+00,-1.000000000000000000e+00,0.000000000000000000e+00
1.400000000000000000e+03,3.482351011130741369e+01,1.151845847009044732e+01,-1.521249198816890247e-02,4.587942203866242039e+02,6.778181089949653071e-03,nan,1.765499612027139259e-05,2.416583886267537196e+01,1.000000000000000000e+00,1.000000000000000000e+00,-1.000000000000000000e+00,0.000000000000000000e+00
1.400000000000000000e+03,2.133149602989094262e+01,3.156723209751342196e+01,-6.673383620519373477e-03,2.014765630083042254e+02,2.533938818055312403e-01,nan,1.653626557000461325e-04,4.133311264182412792e+00,1.000000000000000000e+00,1.000000000000000000e+00,-1.000000000000000000e+00,0.000000000000000000e+00
1.402000000000000000e+03,1.516560789711997614e+01,2.629547467890263945e+01,-8.476258694005384814e-03,2.558044354841611892e+02,4.800362647432787622e-02,nan,4.089017483533693927e-05,4.035309952319544813e+00,1.000000000000000000e+00,1.000000000000000000e+00,-1.000000000000000000e+00,0.000000000000000000e+00
1.405000000000000000e+03,6.245343796023504090e+00,1.735685626176589835e+01,-1.483843796881995384e-03,4.509486918311615966e+01,2.902564395424145349e-01,nan,1.008228339922039759e-05,1.262814360230697375e+01,1.000000000000000000e+00,1.000000000000000000e+00,-1.000000000000000000e+00,0.000000000000000000e+00
1.405000000000000000e+03,7.128913242544084028e+01,3.440345944794400168e+01,-1.867859077303232968e-03,5.666679310082034249e+01,3.129380105254988553e-01,nan,1.794991901434287091e-05,6.520971965286069150e+00,1.000000000000000000e+00,1.000000000000000000e+00,-1.000000000000000000e+00,0.000000000000000000e+00
1.405000000000000000e+03,8.736937769141789545e+01,3.867946380794990802e+01,-1.659737850036952823e-03,5.039526399671070322e+01,2.754141021836346015e-01,nan,1.149788897413888173e-05,1.200057678230205482e+01,1.000000000000000000e+00,1.000000000000000000e+00,-1.000000000000000000e+00,0.000000000000000000e+00
1.406000000000000000e+03,8.887742167178049613e+01,1.919405071806509966e+01,-7.475670724906345252e-03,2.256526981921368247e+02,3.718857643385165002e-02,nan,2.224696775827871611e-05,1.025129608030956341e+01,1.000000000000000000e+00,1.000000000000000000e+00,-1.000000000000000000e+00,0.000000000000000000e+00
1.406000000000000000e+03,2.198479765980873069e+01,2.506447003721968159e+01,-8.634170368758015482e-03,2.605629489577662525e+02,1.363376227770107807e-02,nan,9.939057048677811323e-06,6.929409891715462955e+00,1.000000000000000000e+00,1.000000000000000000e+00,-1.000000000000000000e+00,0.000000000000000000e+00
1.406000000000000000e+03,8.083637701014468746e+01,2.555256249958666004e+01,-9.444458024229399062e-03,2.849801729033454762e+02,3.205020319260543094e-02,nan,2.885049419609734089e-05,1.025129608030956341e+01,1.000000000000000000e+00,1.000000000000000000e+00,-1.000000000000000000e+00,0.000000000000000000e+00
1.406000000000000000e+03,4.188432124871940943e+01,3.551728778455201052e+01,-8.338015738685209191e-03,2.516386195838958315e+02,1.732851371704735577e-02,nan,1.249980209983072274e-05,2.090101573343460828e+01,1.000000000000000000e+00,1.000000000000000000e+00,-1.000000000000000000e+00,0.000000000000000000e+00
1.406000000000000000e+03,1.402113465491192414e+02,4.554130166634155330e+01,-1.394267477985223699e-02,4.205295239716444371e+02,1.017511838164941729e-02,nan,1.973399852001642905e-05,2.002380388473760320e+01,1.000000000000000000e+00,1.000000000000000000e+00,-1.000000000000000000e+00,0.000000000000000000e+00
1.407000000000000000e+03,6.595109615401928238e+01,1.827197019955262647e+01,1.665306939660207795e-03,-5.056308305156834138e+01,2.824998744551098229e-01,nan,1.258822457223737655e-05,9.022779403098184048e+00,1.000000000000000000e+00,1.000000000000000000e+00,-1.000000000000000000e+00,0.000000000000000000e+00
1.408000000000000000e+03,5.995429730202949514e+01,2.501355396642423656e+01,-1.229098332544421119e-03,3.741836441366792343e+01,3.717699138314281004e-01,nan,1.066840746863151705e-05,9.022779403098184048e+00,1.000000000000000000e+00,1.000000000000000000e+00,-1.000000000000000000e+00,0.000000000000000000e+00
1.410000000000000000e+03,7.539484383889708852e+01,3.946964234648427805e+01,-9.248245690792720325e-03,2.790675066371650814e+02,1.633595633540552150e-02,nan,1.345294208960687293e-05,6.520971965286069150e+00,1.000000000000000000e+00,1.000000000000000000e+00,-1.000000000000000000e+00,0.000000000000000000e+00
1.411000000000000000e+03,1.524288411467527737e+01,4.240971122402373084e+01,-8.777119763262659566e-03,2.648705887878143699e+02,1.682064890024070891e-02,nan,1.247853207299472449e-05,1.740186034759878808e+01,1.000000000000000000e+00,1.000000000000000000e+00,-1.000000000000000000e+00,0.000000000000000000e+00
1.414000000000000000e+03,1.024170718150632808e+02,5.189622445445149879e+01,-8.550739015173816973e-03,2.580488269286418586e+02,1.642737511523029159e-02,nan,1.247766808164476373e-05,2.862657845977345872e+01,1.000000000000000000e+00,1.000000000000000000e+00,-1.000000000000000000e+00,0.000000000000000000e+00
1.415000000000000000e+03,2.786037871921191211e+01,3.042540592660160925e+01,-6.717092463302059072e-03,2.027936861255335828e+02,3.240533436195613959e-02,nan,1.451930560392755290e-05,1.740186034759878808e+01,1.000000000000000000e+00,1.000000000000000000e+00,-1.000000000000000000e+00,0.000000000000000000e+00
1.418000000000000000e+03,1.123062527831131234e+02,9.860460424054442896e+00,-7.573871495897650449e-03,2.286118821322257588e+02,2.585504076040490151e-02,nan,1.575717319828043319e-05,2.581541617377299502e+01,1.000000000000000000e+00,1.000000000000000000e+00,-1.000000000000000000e+00,0.000000000000000000e+00
1.418000000000000000e+03,1.268105697947699184e+02,3.691496113563842840e+01,-6.746992239362477155e-03,2.036946865579851647e+02,2.808922237225897067e-02,nan,1.239704933340690211e-05,1.324899433344602251e+01,1.000000000000000000e+00,1.000000000000000000e+00,-1.000000000000000000e+00,0.000000000000000000e+00
1.418000000000000000e+03,4.462004569867657011e+01,4.076648870971659733e+01,-1.521222308661727930e-03,4.622123398296893271e+01,2.788624313641981933e-01,nan,1.002354609733402710e-05,7.668380674080987447e+00,1.000000000000000000e+00,1.000000000000000000e+00,-1.000000000000000000e+00,0.000000000000000000e+00
1.420000000000000000e+03,9.446315004199870202e+01,2.851681046352184623e+01,-8.585431151153519527e-03,2.590942404279677476e+02,1.828504740112191218e-02,nan,1.340183862779956670e-05,1.852983706985733647e+01,1.000000000000000000e+00,1.000000000000000000e+00,-1.000000000000000000e+00,0.000000000000000000e+00
1.421000000000000000e+03,7.729872056444629891e+01,5.210271237555295443e+01,-1.385065375444773355e-03,4.211827831327212834e+01,3.623571660082253176e-01,nan,1.301745849923774161e-05,1.219655373338332893e+01,1.000000000000000000e+00,1.000000000000000000e+00,-1.000000000000000000e+00,0.000000000000000000e+00
1.424000000000000000e+03,1.255732986584622068e+02,4.481886860747953705e+01,-8.520917971297614635e-03,2.571501990133584172e+02,2.217044773405696390e-02,nan,1.563764397619827037e-05,2.054501162614472776e+01,1.000000000000000000e+00,1.000000000000000000e+00,-1.000000000000000000e+00,0.000000000000000000e+00
1.424000000000000000e+03,8.010845036526910690e+01,4.023421030420144717e+01,-1.670620565459173890e-03,5.072320395458380915e+01,2.733447554951276004e-01,nan,1.183937985453199225e-05,1.219655373338332893e+01,1.000000000000000000e+00,1.000000000000000000e+00,-1.000000000000000000e+00,0.000000000000000000e+00
1.425000000000000000e+03,7.516241762694129136e+01,2.666831355541173210e+01,-1.535684161093586872e-03,4.665702772499650308e+01,2.451052056329914297e-01,nan,8.330274604088916740e-06,1.443941807855960491e+01,1.000000000000000000e+00,1.000000000000000000e+00,-1.000000000000000000e+00,0.000000000000000000e+00
1.428000000000000000e+03,1.437420866668970199e+01,3.832819448703452281e+01,1.608584029701521549e-03,-4.885379378132710571e+01,3.228001589777088620e-01,nan,1.457262981205585099e-05,9.277398291202031189e+00,1.000000000000000000e+00,1.000000000000000000e+00,-1.000000000000000000e+00,0.000000000000000000e+00
1.428000000000000000e+03,8.013193852916541005e+01,4.450426353595468676e+00,-1.179569056237970547e-03,3.592584823960190477e+01,3.735705459909216541e-01,nan,1.007858145660948173e-05,2.276687615177526780e+01,1.000000000000000000e+00,1.000000000000000000e+00,-1.000000000000000000e+00,0.000000000000000000e+00
1.430000000000000000e+03,3.255389466550047217e+01,2.665604509661004329e+01,-8.721077887249760463e-03,2.631818218077210076e+02,2.729226141750540346e-02,nan,2.090608764957025903e-05,1.898802162160723483e+01,1.000000000000000000e+00,1.000000000000000000e+00,-1.000000000000000000e+00,0.000000000000000000e+00
1.433000000000000000e+03,6.012754989845161546e+00,4.234767349103258738e+01,-7.877270198409981605e-03,2.377545045256671017e+02,2.257470768399338912e-02,nan,1.395985143649805577e-05,9.277398291202031189e+00,1.000000000000000000e+00,1.000000000000000000e+00,-1.000000000000000000e+00,0.000000000000000000e+00
1.433000000000000000e+03,1.165596627743204579e+02,3.535005998563024576e+01,2.203619610352767870e-03,-6.678460752412925672e+01,2.887550942307947066e-01,nan,2.168130128244921931e-05,9.481014659887751606e+00,1.000000000000000000e+00,1.000000000000000000e+00,-1.000000000000000000e+00,0.000000000000000000e+00
1.434000000000000000e+03,4.404662850540663754e+01,5.605093995729401257e+00,-8.261723501979730683e-03,2.493396278414348330e+02,1.627341515724567422e-02,nan,1.133325047910694301e-05,2.398385860045443607e+01,1.000000000000000000e+00,1.000000000000000000e+00,-1.000000000000000000e+00,0.000000000000000000e+00
1.435000000000000000e+03,1.552394309305117126e+01,1.825808614561156418e+01,-1.517841997696656219e-03,4.611937162670258772e+01,2.726982623420344254e-01,nan,9.331529604231181298e-06,1.898802162160723483e+01,1.000000000000000000e+00,1.000000000000000000e+00,-1.000000000000000000e+00,0.000000000000000000e+00
1.435000000000000000e+03,1.251959004524068888e+02,3.143789463270780971e+01,-1.710022292326055350e-03,5.191053635716311021e+01,3.369305141059645292e-01,nan,1.685276432143258173e-05,9.481014659887751606e+00,1.000000000000000000e+00,1.000000000000000000e+00,-1.000000000000000000e+00,0.000000000000000000e+00
1.441000000000000000e+03,8.352007422487184840e+01,2.192567863205337986e+01,-7.335427086904829086e-03,2.214265936810991491e+02,2.441526102390323416e-02,nan,1.263744590408576292e-05,1.003706403499591282e+01,1.000000000000000000e+00,1.000000000000000000e+00,-1.000000000000000000e+00,0.000000000000000000e+00
1.442000000000000000e+03,9.351826690247354179e+01,2.280817374487854465e+01,-1.547742385528123703e-03,4.702039049427484940e+01,3.503755240536891025e-01,nan,1.508444240621429662e-05,1.003706403499591282e+01,1.000000000000000000e+00,1.000000000000000000e+00,-1.000000000000000000e+00,0.000000000000000000e+00
1.443000000000000000e+03,1.177898464033914365e+02,2.062314243878887154e+01,-9.638162835933617931e-03,2.908172774609444104e+02,4.386875441399606945e-02,nan,4.195211945292841169e-05,8.833280731488825310e+00,1.000000000000000000e+00,1.000000000000000000e+00,-1.000000000000000000e+00,0.000000000000000000e+00
1.447000000000000000e+03,7.577787903246061774e+01,2.088830613713446382e+01,-8.315041737872981911e-03,2.509463205972702440e+02,2.238917981621191267e-02,nan,1.663937662899549899e-05,1.784396966512122873e+01,1.000000000000000000e+00,1.000000000000000000e+00,-1.000000000000000000e+00,0.000000000000000000e+00
1.447000000000000000e+03,1.223759310144785104e+02,1.307366057436651374e+01,-2.594184128600539752e-03,7.855388630168295094e+01,1.738203822612616190e-01,nan,1.474106139338959727e-05,8.833280731488825310e+00,1.000000000000000000e+00,1.000000000000000000e+00,-1.000000000000000000e+00,0.000000000000000000e+00
1.451000000000000000e+03,9.513739869171467944e+01,9.828246118264342357e+00,-8.786091668972236327e-03,2.651409483686991848e+02,1.361161704371149916e-02,nan,1.028398045632847214e-05,2.229609672247709540e+01,1.000000000000000000e+00,1.000000000000000000e+00,-1.000000000000000000e+00,0.000000000000000000e+00
1.451000000000000000e+03,5.305495843579320336e+01,4.015331554860944863e+01,-1.172372091814694603e-03,3.570897477390747099e+01,3.660226979002714209e-01,nan,9.628648753012573940e-06,1.593082811688877776e+01,1.000000000000000000e+00,1.000000000000000000e+00,-1.000000000000000000e+00,0.000000000000000000e+00
1.451000000000000000e+03,6.898377886431170225e+01,3.990040401098055156e+01,-1.323543975054287686e-03,4.026439123917343466e+01,3.354506798541143642e-01,nan,1.058237512395026865e-05,1.593082811688877776e+01,1.000000000000000000e+00,1.000000000000000000e+00,-1.000000000000000000e+00,0.000000000000000000e+00
1.453000000000000000e+03,1.186525915373467512e+02,1.608394188398460756e+01,-1.595275464224058665e-03,4.845275321077988195e+01,3.375328352254028941e-01,nan,1.526233680439209543e-05,2.433306442025985916e+01,1.000000000000000000e+00,1.000000000000000000e+00,-1.000000000000000000e+00,0.000000000000000000e+00
1.455000000000000000e+03,6.147084823464751047e+00,4.417525381744441404e+01,-9.264237457508739046e-03,2.795494028459420974e+02,1.728217961213829312e-02,nan,1.444448811998181806e-05,4.707998082272867180e+01,1.000000000000000000e+00,1.000000000000000000e+00,-1.000000000000000000e+00,0.000000000000000000e+00
1.458000000000000000e+03,1.183422047349563826e+02,4.207682117775278385e+01,-9.409575665683440546e-03,2.839290272335139775e+02,1.105979094023279430e-02,nan,1.064202528399801514e-05,2.407699437343026716e+01,1.000000000000000000e+00,1.000000000000000000e+00,-1.000000000000000000e+00,0.000000000000000000e+00
1.462000000000000000e+03,1.865408103900476178e+01,2.181955778294913983e+01,-7.389828061701832207e-03,2.230659137120867683e+02,2.557172089679193849e-02,nan,1.428197162656241632e-05,2.484054814695377544e+01,1.000000000000000000e+00,1.000000000000000000e+00,-1.000000000000000000e+00,0.000000000000000000e+00
1.462000000000000000e+03,1.418181286532585830e+02,3.673054637745685369e+01,-1.522339934948435019e-03,4.625491255519661848e+01,2.954822327001384030e-01,nan,1.083394150790989343e-05,2.407699437343026716e+01,1.000000000000000000e+00,1.000000000000000000e+00,-1.000000000000000000e+00,0.000000000000000000e+00
1.463000000000000000e+03,3.865158290785099382e+01,7.083454117236816394e+00,-1.575185097027000146e-03,4.784734969551329442e+01,2.993964276874059305e-01,nan,1.211827062405634192e-05,2.484054814695377544e+01,1.000000000000000000e+00,1.000000000000000000e+00,-1.000000000000000000e+00,0.000000000000000000e+00
1.466000000000000000e+03,8.840721615762832641e+01,1.129779042989004800e+01,-8.785296882750716005e-03,2.651169982652652948e+02,1.712067156328367368e-02,nan,1.299273252223455967e-05,8.928466076854641997e+00,1.000000000000000000e+00,1.000000000000000000e+00,-1.000000000000000000e+00,0.000000000000000000e+00
1.467000000000000000e+03,1.180949371423116645e+02,5.184070281199319652e+01,-8.944169958898615103e-03,2.699044826271855868e+02,1.912903774165486404e-02,nan,1.523523611973031572e-05,9.054194647291256004e+00,1.000000000000000000e+00,1.000000000000000000e+00,-1.000000000000000000e+00,0.000000000000000000e+00
1.470000000000000000e+03,4.445985795723191103e+01,1.966422116187823477e+01,-8.169781459913073862e-03,2.465690445603043486e+02,3.114924110375560939e-02,nan,2.337833493390080328e-05,8.968042811538008863e+00,1.000000000000000000e+00,1.000000000000000000e+00,-1.000000000000000000e+00,0.000000000000000000e+00
1.470000000000000000e+03,2.469190263619292836e+01,2.464958305840238495e+01,-7.400005588909160451e-03,2.233726035145976994e+02,2.724663573995877996e-02,nan,1.503125348582882440e-05,1.183396954351538888e+01,1.000000000000000000e+00,1.000000000000000000e+00,-1.000000000000000000e+00,0.000000000000000000e+00
1.470000000000000000e+03,8.021476592549488771e+01,1.484761657768389220e+01,-1.152191253241273547e-03,3.510084499242864808e+01,3.474800263736292916e-01,nan,8.548793892468820532e-06,8.928466076854641997e+00,1.000000000000000000e+00,1.000000000000000000e+00,-1.000000000000000000e+00,0.000000000000000000e+00
1.471000000000000000e+03,1.198571675277820958e+02,4.295965643335276241e+01,-8.128641842943115300e-03,2.453293425436094992e+02,2.482290372456186223e-02,nan,1.661599749991726316e-05,9.054194647291256004e+00,1.000000000000000000e+00,1.000000000000000000e+00,-1.000000000000000000e+00,0.000000000000000000e+00
1.472000000000000000e+03,3.649418493219067727e+01,2.378415382245765031e+01,-8.327449634743010545e-03,2.513202204025102731e+02,2.364759345397926538e-02,nan,1.695596752277919543e-05,8.968042811538008863e+00,1.000000000000000000e+00,1.000000000000000000e+00,-1.000000000000000000e+00,0.000000000000000000e+00
1.473000000000000000e+03,1.189087940215755026e+02,3.068306230181108063e+01,-1.558054468508834282e-03,4.733113500307391774e+01,3.447097258562481503e-01,nan,1.513598371863775739e-05,1.231317082549731623e+01,1.000000000000000000e+00,1.000000000000000000e+00,-1.000000000000000000e+00,0.000000000000000000e+00
1.474000000000000000e+03,7.363256712183611796e+01,2.435751525293326125e+01,-8.380241748328305651e-03,2.529110589785005345e+02,1.786496711249030422e-02,nan,1.221565439931549866e-05,1.156561774849906676e+01,1.000000000000000000e+00,1.000000000000000000e+00,-1.000000000000000000e+00,0.000000000000000000e+00
1.475000000000000000e+03,4.417797449477671279e+01,3.654958931317020898e+01,-8.714475377020417662e-03,2.629828616362507319e+02,1.464928413092969617e-02,nan,1.140469176345028539e-05,1.489956258786310350e+01,1.000000000000000000e+00,1.000000000000000000e+00,-1.000000000000000000e+00,0.000000000000000000e+00
1.475000000000000000e+03,9.681869255188576062e+01,4.681556866175861131e+01,-1.364225966935223022e-03,4.149030317254869971e+01,3.096201017457153037e-01,nan,9.478977521786710955e-06,1.500737661356097341e+01,1.000000000000000000e+00,1.000000000000000000e+00,-1.000000000000000000e+00,0.000000000000000000e+00
1.476000000000000000e+03,1.361514414536131881e+02,3.066651932873362085e+01,-1.984265408512061232e-03,6.017458374605201499e+01,2.954695049524941330e-01,nan,1.866065860553194219e-05,1.614813571794012148e+01,1.000000000000000000e+00,1.000000000000000000e+00,-1.000000000000000000e+00,0.000000000000000000e+00
1.477000000000000000e+03,1.754702825900723084e+01,3.900247499895649383e+01,-1.356376510372545290e-03,4.125376749605428017e+01,3.275660609023499648e-01,nan,1.047359959845037801e-05,2.430209960948298686e+01,1.000000000000000000e+00,1.000000000000000000e+00,-1.000000000000000000e+00,0.000000000000000000e+00
1.478000000000000000e+03,1.361251612982616734e+02,1.380693396638295667e+01,-9.525392072807170596e-03,2.874190410949091188e+02,1.873491210938205143e-02,nan,1.721823576849620450e-05,8.694912580592882634e+00,1.000000000000000000e+00,1.000000000000000000e+00,-1.000000000000000000e+00,0.000000000000000000e+00
1.480000000000000000e+03,1.202293360698324136e+02,2.797415098231577346e+01,-8.004874632606576862e-03,2.415997390237967863e+02,2.530123678324835979e-02,nan,1.752022115361783722e-05,1.614813571794012148e+01,1.000000000000000000e+00,1.000000000000000000e+00,-1.000000000000000000e+00,0.000000000000000000e+00
1.480000000000000000e+03,9.596325762806860382e+01,3.183259219136492746e+01,-1.324216656578944664e-03,4.028466183730077432e+01,3.204246139310090724e-01,nan,9.488734713337325282e-06,1.500737661356097341e+01,1.000000000000000000e+00,1.000000000000000000e+00,-1.000000000000000000e+00,0.000000000000000000e+00
1.482000000000000000e+03,1.094251662533141314e+02,4.471338199029862182e+01,-9.137592562031820326e-03,2.757330831062251946e+02,1.910849676050918600e-02,nan,1.530504001795917482e-05,1.863163250170994090e+01,1.000000000000000000e+00,1.000000000000000000e+00,-1.000000000000000000e+00,0.000000000000000000e+00
1.483000000000000000e+03,1.281173822660746282e+02,1.041916482492453966e+01,-6.130069473050715929e-03,1.851043239374448035e+02,4.250965034552856014e-02,nan,1.624976186841324620e-05,8.694912580592882634e+00,1.000000000000000000e+00,1.000000000000000000e+00,-1.000000000000000000e+00,0.000000000000000000e+00
1.484000000000000000e+03,7.814240472087233513e+01,2.316591870224412020e+01,-1.276606026724363399e-03,3.884996219267506490e+01,3.445413664222312100e-01,nan,9.914870596812804551e-06,1.968283530416115212e+01,1.000000000000000000e+00,1.000000000000000000e+00,-1.000000000000000000e+00,0.000000000000000000e+00
1.486000000000000000e+03,1.038127119492744121e+01,5.073668072807653751e+00,-1.725556768677829122e-03,5.237865256922351165e+01,3.044768648484353912e-01,nan,1.470588981799406845e-05,1.232475470135833895e+01,1.000000000000000000e+00,1.000000000000000000e+00,-1.000000000000000000e+00,0.000000000000000000e+00
1.487000000000000000e+03,5.870726762893754369e+01,2.627870713521432577e+01,-1.582234869140980178e-03,4.805978766530095925e+01,2.755483945564255466e-01,nan,1.059385394405281941e-05,1.784213163413739522e+01,1.000000000000000000e+00,1.000000000000000000e+00,-1.000000000000000000e+00,0.000000000000000000e+00
1.490000000000000000e+03,7.654910738580798579e+01,2.617665156190409803e+01,-1.734527355805636720e-03,5.264897241593965305e+01,3.583908420349408708e-01,nan,2.003203160094240725e-05,1.784213163413739522e+01,1.000000000000000000e+00,1.000000000000000000e+00,-1.000000000000000000e+00,0.000000000000000000e+00
1.492000000000000000e+03,1.042245905412094231e+02,3.341106957979972236e+01,-1.755943356814605684e-03,5.329432260623785567e+01,3.316465317799737189e-01,nan,1.784144430747352432e-05,6.545518348652941576e+00,1.000000000000000000e+00,1.000000000000000000e+00,-1.000000000000000000e+00,0.000000000000000000e+00
1.493000000000000000e+03,4.052544336789215151e+01,2.579034686116209230e+01,-8.405946328266239789e-03,2.536856412895274389e+02,2.093777644039429564e-02,nan,1.663804930846768450e-05,2.452287780509783133e+01,1.000000000000000000e+00,1.000000000000000000e+00,-1.000000000000000000e+00,0.000000000000000000e+00
1.493000000000000000e+03,1.278296307129725449e+02,1.983524361671900493e+01,-1.492894376180789896e-03,4.536759951546625302e+01,3.666954157082388255e-01,nan,1.521484350004132953e-05,2.607026139334747228e+01,1.000000000000000000e+00,1.000000000000000000e+00,-1.000000000000000000e+00,0.000000000000000000e+00
1.494000000000000000e+03,1.276721165304554688e+02,5.121893695918591050e+01,-8.903191461342030086e-03,2.686696357860222406e+02,1.820848206622760479e-02,nan,1.534707731614383410e-05,2.664732993665518279e+01,1.000000000000000000e+00,1.000000000000000000e+00,-1.000000000000000000e+00,0.000000000000000000e+00
1.498000000000000000e+03,1.010533224661580505e+02,4.998605605841570565e+01,-8.293864450175420996e-03,2.503081637985337693e+02,2.427366118329554734e-02,nan,1.629184452720703759e-05,2.302138123226539435e+01,1.000000000000000000e+00,1.000000000000000000e+00,-1.000000000000000000e+00,0.000000000000000000e+00
1.499000000000000000e+03,4.418247472989047964e+01,3.178876388388669838e+01,-6.484757029912877578e-03,1.957924856638819904e+02,2.207665381652279546e-02,nan,9.354214282825071161e-06,2.032359831043591214e+01,1.000000000000000000e+00,1.000000000000000000e+00,-1.000000000000000000e+00,0.000000000000000000e+00
1.500000000000000000e+03,3.432504983695168477e+01,1.401575561955440286e+01,-7.401884610430751153e-03,2.234292259856194676e+02,3.614500475483850561e-02,nan,1.982674034876016176e-05,2.032359831043591214e+01,1.000000000000000000e+00,1.000000000000000000e+00,-1.000000000000000000e+00,0.000000000000000000e+00
1.502000000000000000e+03,1.157477097534268751e+02,9.550815190515203668e+00,-8.757166292748082975e-03,2.642693105198362105e+02,2.066419679607245374e-02,nan,1.523806302880307531e-05,4.201668644646294837e+01,1.000000000000000000e+00,1.000000000000000000e+00,-1.000000000000000000e+00,0.000000000000000000e+00
1.503000000000000000e+03,6.951781280973409594e+01,2.394619342942363005e+01,-1.719776724470548773e-03,5.220447660483416286e+01,2.995262208450735208e-01,nan,1.452506377780304849e-05,2.652141148116350067e+01,1.000000000000000000e+00,1.000000000000000000e+00,-1.000000000000000000e+00,0.000000000000000000e+00
1.503000000000000000e+03,6.929495492098835996e+01,5.297978120639501753e+01,1.593564022626820127e-03,-4.840118059645288184e+01,2.907739065469819861e-01,nan,1.151953198270022071e-05,2.262397731102460341e+01,1.000000000000000000e+00,1.000000000000000000e+00,-1.000000000000000000e+00,0.000000000000000000e+00
1.504000000000000000e+03,1.069783706357294761e+01,2.144236464654001750e+01,-1.672406001338223131e-03,5.077700631403584453e+01,3.677633939792199769e-01,nan,1.920259879389864767e-05,1.006652571532759666e+01,1.000000000000000000e+00,1.000000000000000000e+00,-1.000000000000000000e+00,0.000000000000000000e+00
1.504000000000000000e+03,8.909274487882218807e+01,4.203026696350505631e+01,-1.814820269731656039e-03,5.506852064345669362e+01,2.705422424397173620e-01,nan,1.330215128050602656e-05,2.262397731102460341e+01,1.000000000000000000e+00,1.000000000000000000e+00,-1.000000000000000000e+00,0.000000000000000000e+00
1.505000000000000000e+03,4.657427993655335996e+01,4.367742144107196367e+01,-8.654835039678161410e-03,2.611856585525772516e+02,1.434368065718483187e-02,nan,1.088584267505367302e-05,1.617237863316107394e+01,1.000000000000000000e+00,1.000000000000000000e+00,-1.000000000000000000e+00,0.000000000000000000e+00
1.506000000000000000e+03,1.026287501428149618e+01,3.149948888724759399e+01,-2.121603005963572635e-03,6.431311757472118984e+01,2.711285455534442335e-01,nan,1.841759215892862868e-05,1.006652571532759666e+01,1.000000000000000000e+00,1.000000000000000000e+00,-1.000000000000000000e+00,0.000000000000000000e+00
1.509000000000000000e+03,1.223726833631895232e+02,2.233173660972071772e+01,-8.900728688723149803e-03,2.685954225480984405e+02,2.734049108349467794e-02,nan,2.162330399186026519e-05,9.435544175000778466e+00,1.000000000000000000e+00,1.000000000000000000e+00,-1.000000000000000000e+00,0.000000000000000000e+00
1.510000000000000000e+03,3.978679166888772301e+01,2.899832631669096017e+01,-9.103509046243161290e-03,2.747060097795554725e+02,4.084781394904579699e-02,nan,3.770742117217430175e-05,7.227342916838578546e+00,1.000000000000000000e+00,1.000000000000000000e+00,-1.000000000000000000e+00,0.000000000000000000e+00
1.510000000000000000e+03,1.092087785038059309e+02,2.799430491699927970e+01,-1.322949847551812934e-03,4.024648778947603489e+01,3.596593158698121462e-01,nan,1.189557331690432399e-05,1.363460048888463660e+01,1.000000000000000000e+00,1.000000000000000000e+00,-1.000000000000000000e+00,0.000000000000000000e+00
1.511000000000000000e+03,8.599806460107441808e+01,4.210256386189268341e+01,-9.842070892914474636e-03,2.969618468098542508e+02,2.602087382695505990e-02,nan,2.646894947280963798e-05,1.355821546486040674e+01,1.000000000000000000e+00,1.000000000000000000e+00,-1.000000000000000000e+00,0.000000000000000000e+00
1.511000000000000000e+03,3.913610239322298412e+01,3.619631833558842970e+01,-9.413534912683258274e-03,2.840483352594941380e+02,4.122974819814162473e-02,nan,4.103037843247494399e-05,7.227342916838578546e+00,1.000000000000000000e+00,1.000000000000000000e+00,-1.000000000000000000e+00,0.000000000000000000e+00
1.513000000000000000e+03,1.266817855064990823e+02,1.393762363711211272e+01,-8.238000353389391198e-03,2.486247540211153080e+02,1.004678050549693280e-01,nan,7.721976814092976324e-05,5.526651081010138356e+00,1.000000000000000000e+00,1.000000000000000000e+00,-1.000000000000000000e+00,0.000000000000000000e+00
1.513000000000000000e+03,9.109991774319951219e+00,4.249091744780798763e+01,-8.943717077291633497e-03,2.698908354840459651e+02,1.766086472872452351e-02,nan,1.386823701744947843e-05,3.067880859619807055e+01,1.000000000000000000e+00,1.000000000000000000e+00,-1.000000000000000000e+00,0.000000000000000000e+00
1.513000000000000000e+03,9.723523455200792398e+01,3.451631194902972055e+01,-1.451717810264817419e-03,4.412678407851466744e+01,3.669632846966769391e-01,nan,1.468709729585679795e-05,1.355821546486040674e+01,1.000000000000000000e+00,1.000000000000000000e+00,-1.000000000000000000e+00,0.000000000000000000e+00
1.515000000000000000e+03,1.211703347352003561e+02,1.434723634050546437e+01,-7.018415627352749681e-03,2.118737642026653418e+02,1.330828007906496024e-01,nan,7.746737668050085966e-05,5.526651081010138356e+00,1.000000000000000000e+00,1.000000000000000000e+00,-1.000000000000000000e+00,0.000000000000000000e+00
1.516000000000000000e+03,1.085558383362019157e+02,1.209611220946415955e+01,-1.563033558274614819e-03,4.748117499076875703e+01,3.056083319597069359e-01,nan,1.240097998888428903e-05,1.281378473573288446e+01,1.000000000000000000e+00,1.000000000000000000e+00,-1.000000000000000000e+00,0.000000000000000000e+00
1.517000000000000000e+03,5.156897206824978497e+01,2.829912619876533597e+01,-1.289617593156813617e-02,3.889943073546784831e+02,1.119928177624496257e-02,nan,1.825259721300502577e-05,9.725044302243878391e+00,1.000000000000000000e+00,1.000000000000000000e+00,-1.000000000000000000e+00,0.000000000000000000e+00
1.517000000000000000e+03,1.423467315253662377e+02,3.087332572214579685e+01,-8.981545164599331194e-03,2.710307478015890865e+02,2.888615712485542719e-02,nan,2.327368793236518586e-05,1.706713689005851364e+01,1.000000000000000000e+00,1.000000000000000000e+00,-1.000000000000000000e+00,0.000000000000000000e+00
1.517000000000000000e+03,4.554866379338907478e+01,1.736342971113585776e+01,-8.635283640803587818e-03,2.605964963192070627e+02,1.898300355432103181e-02,nan,1.444494477028267179e-05,1.248333166241721059e+01,1.000000000000000000e+00,1.000000000000000000e+00,-1.000000000000000000e+00,0.000000000000000000e+00
1.520000000000000000e+03,6.695199066555558431e+01,1.569172626078059629e+01,1.698899872635898246e-03,-5.157537314622501867e+01,2.483555995718681464e-01,nan,1.036012910705786669e-05,1.438573058665141602e+01,1.000000000000000000e+00,1.000000000000000000e+00,-1.000000000000000000e+00,0.000000000000000000e+00
1.521000000000000000e+03,6.127482053219301861e+01,2.890985713426547576e+01,-8.526545383815189658e-03,2.573197755714460868e+02,1.327635215585509787e-02,nan,1.053765922444827125e-05,9.725044302243878391e+00,1.000000000000000000e+00,1.000000000000000000e+00,-1.000000000000000000e+00,0.000000000000000000e+00
1.523000000000000000e+03,8.463793007606398078e+01,2.625465852908393316e+01,-8.848933634016826685e-03,2.670346293637297208e+02,1.557279092626462358e-02,nan,1.276388977753643652e-05,9.768996914613316207e+00,1.000000000000000000e+00,1.000000000000000000e+00,-1.000000000000000000e+00,0.000000000000000000e+00
1.525000000000000000e+03,1.335464446088569161e+02,1.969315215531660002e+01,-8.818583006935398066e-03,2.661200429778555758e+02,3.940080767363773884e-02,nan,3.013281620723709444e-05,3.973898805624592967e+00,1.000000000000000000e+00,1.000000000000000000e+00,-1.000000000000000000e+00,0.000000000000000000e+00
1.526000000000000000e+03,6.022214072004101837e+01,4.261470234786096256e+01,-1.388264202479760337e-03,4.221467182926492967e+01,2.994273344783063839e-01,nan,9.000155682596334693e-06,1.374521433501578649e+01,1.000000000000000000e+00,1.000000000000000000e+00,-1.000000000000000000e+00,0.000000000000000000e+00
1.527000000000000000e+03,1.079661023772097472e+01,4.141033923314283527e+01,-9.225051013931475502e-03,2.783685577941928955e+02,1.639786400422982293e-02,nan,1.397290775804491991e-05,1.356120320131396007e+01,1.000000000000000000e+00,1.000000000000000000e+00,-1.000000000000000000e+00,0.000000000000000000e+00
1.529000000000000000e+03,2.073002784258965647e+01,1.186647428070933330e+01,-7.230628066084847892e-03,2.182685779525363614e+02,2.514459127393275928e-02,nan,1.344521263500426039e-05,1.717158444012706298e+01,1.000000000000000000e+00,1.000000000000000000e+00,-1.000000000000000000e+00,0.000000000000000000e+00
1.531000000000000000e+03,9.483450450246030528e+01,3.484221027611839361e+01,-8.803892205122242770e-03,2.656773500707258790e+02,1.685774915245275007e-02,nan,1.452701880258101824e-05,3.246316428883725536e+01,1.000000000000000000e+00,1.000000000000000000e+00,-1.000000000000000000e+00,0.000000000000000000e+00
1.533000000000000000e+03,2.153228562024067472e+01,4.996798193154795342e+01,-7.055951144199883347e-03,2.130048601962681971e+02,2.607083853532998763e-02,nan,1.344027297069014284e-05,7.014880931874986736e+00,1.000000000000000000e+00,1.000000000000000000e+00,-1.000000000000000000e+00,0.000000000000000000e+00
1.534000000000000000e+03,4.850425939707539769e+00,5.331831552113035499e+00,-1.625032502995279538e-03,4.934945239498686931e+01,3.079536677883236706e-01,nan,1.331944729310108770e-05,1.717158444012706298e+01,1.000000000000000000e+00,1.000000000000000000e+00,-1.000000000000000000e+00,0.000000000000000000e+00
1.535000000000000000e+03,6.811553066658048294e+01,1.640438305050398071e+01,-8.791663258471929532e-03,2.653088427548819368e+02,1.904105606995865063e-02,nan,1.417983428328358675e-05,1.350973849227874268e+01,1.000000000000000000e+00,1.000000000000000000e+00,-1.000000000000000000e+00,0.000000000000000000e+00
1.537000000000000000e+03,5.462808386539832384e+01,1.718014906873310466e+01,-1.592733685496917732e-03,4.837615920125544022e+01,2.758185875936720599e-01,nan,1.066014692057745260e-05,7.185827985168041110e+00,1.000000000000000000e+00,1.000000000000000000e+00,-1.000000000000000000e+00,0.000000000000000000e+00
1.540000000000000000e+03,9.540019747164572550e+01,2.836721850604477879e+01,-8.847813712468918443e-03,2.670008816260564117e+02,4.335365083492903615e-02,nan,3.771281508196261140e-05,7.338643203771594514e+00,1.000000000000000000e+00,1.000000000000000000e+00,-1.000000000000000000e+00,0.000000000000000000e+00
1.541000000000000000e+03,7.504302206804501552e+00,4.910979596820487103e+01,-9.672404596748822997e-03,2.918491193463170816e+02,1.342949684638372609e-02,nan,1.432571480392934372e-05,3.260848107845357902e+01,1.000000000000000000e+00,1.000000000000000000e+00,-1.000000000000000000e+00,0.000000000000000000e+00
1.541000000000000000e+03,3.225970910003319148e+01,2.788521428105375932e+01,-8.665793963605701936e-03,2.615158949790295537e+02,1.803202133863646139e-02,nan,1.376625708140792289e-05,2.378853813642985315e+01,1.000000000000000000e+00,1.000000000000000000e+00,-1.000000000000000000e+00,0.000000000000000000e+00
1.541000000000000000e+03,9.715821571191229111e+01,2.124225844025121290e+01,-8.053914561398877597e-03,2.430775091903684029e+02,4.423542267624458457e-02,nan,3.254599960429651364e-05,7.338643203771594514e+00,1.000000000000000000e+00,1.000000000000000000e+00,-1.000000000000000000e+00,0.000000000000000000e+00
1.542000000000000000e+03,5.242831671125281190e+01,4.107830089256179917e+01,-1.315015469647515863e-03,4.000739309162410962e+01,3.722639856141984893e-01,nan,1.258752259310653671e-05,1.713360310049876034e+01,1.000000000000000000e+00,1.000000000000000000e+00,-1.000000000000000000e+00,0.000000000000000000e+00
1.545000000000000000e+03,8.077245262180186103e+01,1.697678530442094669e+01,-8.671169908421816341e-03,2.616778938045180212e+02,1.657973877103147142e-02,nan,1.279592779806384765e-05,1.243580299290684366e+01,1.000000000000000000e+00,1.000000000000000000e+00,-1.000000000000000000e+00,0.000000000000000000e+00
1.547000000000000000e+03,9.617197159109825577e+01,2.945571048716709583e+01,-8.186607906438341312e-03,2.470760930266625905e+02,1.930444922796537011e-02,nan,1.296085843354910791e-05,1.982091718872503350e+01,1.000000000000000000e+00,1.000000000000000000e+00,-1.000000000000000000e+00,0.000000000000000000e+00
1.548000000000000000e+03,7.174101416995689817e+01,2.552560484684474673e+01,-1.642015842318081094e-03,4.986122867195280861e+01,2.403472769491982186e-01,nan,9.342995020880403813e-06,1.243580299290684366e+01,1.000000000000000000e+00,1.000000000000000000e+00,-1.000000000000000000e+00,0.000000000000000000e+00
1.551000000000000000e+03,5.015349661480777854e+01,3.693954778017469920e+01,-8.195075225756551923e-03,2.473312473914309919e+02,2.576667322552150807e-02,nan,1.689788814346790979e-05,1.621292054431276952e+01,1.000000000000000000e+00,1.000000000000000000e+00,-1.000000000000000000e+00,0.000000000000000000e+00
1.553000000000000000e+03,1.141993976349614286e+02,3.692270067881963058e+01,-8.882440756243028396e-03,2.680443336355949100e+02,2.137380477898642717e-02,nan,1.609061950584226550e-05,1.804134626823996967e+01,1.000000000000000000e+00,1.000000000000000000e+00,-1.000000000000000000e+00,0.000000000000000000e+00
1.554000000000000000e+03,1.284123687178228295e+02,4.803492944573591927e+01,-1.745528335718600152e-02,5.263785390550908687e+02,5.932402997728791760e-03,nan,1.958284911950910738e-05,1.804134626823996967e+01,1.000000000000000000e+00,1.000000000000000000e+00,-1.000000000000000000e+00,0.000000000000000000e+00
1.557000000000000000e+03,8.830303010406304054e+01,1.702053343866165491e+01,-1.555256247455508428e-03,4.724681335551217387e+01,2.741898241240297018e-01,nan,1.012500042754784779e-05,1.359754734183055191e+01,1.000000000000000000e+00,1.000000000000000000e+00,-1.000000000000000000e+00,0.000000000000000000e+00
1.558000000000000000e+03,6.928219328833066015e+01,5.267959599528990111e+01,-1.354837785514160673e-03,4.120739953129002942e+01,3.627699285194093681e-01,nan,1.263702775751618451e-05,1.568564890052396521e+01,1.000000000000000000e+00,1.000000000000000000e+00,-1.000000000000000000e+00,0.000000000000000000e+00
1.561000000000000000e+03,8.098709953885031609e+01,4.223762534329826934e+01,-1.325188498826786014e-03,4.031394735047017974e+01,3.377239267465173000e-01,nan,1.068825748330963188e-05,1.568564890052396521e+01,1.000000000000000000e+00,1.000000000000000000e+00,-1.000000000000000000e+00,0.000000000000000000e+00
1.564000000000000000e+03,1.567704060382821218e+01,1.273396523190731244e+01,-8.889676769130602091e-03,2.682623837884707996e+02,1.366724956674381097e-02,nan,1.055657485723691302e-05,1.250393686568799900e+01,1.000000000000000000e+00,1.000000000000000000e+00,-1.000000000000000000e+00,0.000000000000000000e+00
1.564000000000000000e+03,2.703676288149587137e+01,7.508532530649691950e+00,-1.205782326842799214e-03,3.671575944506364664e+01,3.253825351535672983e-01,nan,8.441143782972274559e-06,1.250393686568799900e+01,1.000000000000000000e+00,1.000000000000000000e+00,-1.000000000000000000e+00,0.000000000000000000e+00
1.565000000000000000e+03,1.269976821515235912e+02,4.931984292026962180e+01,1.387294914134988479e-03,-4.218546327546020791e+01,3.533001884232963574e-01,nan,1.291897556883137024e-05,1.360740825973267931e+01,1.000000000000000000e+00,1.000000000000000000e+00,-1.000000000000000000e+00,0.000000000000000000e+00
1.566000000000000000e+03,8.241003006285812660e+01,1.736594143072366592e+01,-8.456902371346806252e-03,2.552211516812721470e+02,1.669040081489581162e-02,nan,1.165008113271336629e-05,1.551526805558076560e+01,1.000000000000000000e+00,1.000000000000000000e+00,-1.000000000000000000e+00,0.000000000000000000e+00
1.566000000000000000e+03,5.983791562094663163e+01,2.106361095619918089e+01,-1.493731730984619718e-03,4.539283238138610699e+01,3.476294024168645747e-01,nan,1.524574140665865372e-05,3.798676515530960973e+00,1.000000000000000000e+00,1.000000000000000000e+00,-1.000000000000000000e+00,0.000000000000000000e+00
1.568000000000000000e+03,5.184023666286075382e+01,1.650932851147212688e+01,-8.768989138058572858e-03,2.646255803700195202e+02,1.445880470661475847e-02,nan,1.185887434879304454e-05,9.203497014882909610e+00,1.000000000000000000e+00,1.000000000000000000e+00,-1.000000000000000000e+00,0.000000000000000000e+00
1.570000000000000000e+03,2.910818165263383150e+01,1.170827211473419105e+01,-1.335084231763482591e-03,4.061214555895750777e+01,3.307588468578442908e-01,nan,1.013168742916720425e-05,2.323352034265666788e+01,1.000000000000000000e+00,1.000000000000000000e+00,-1.000000000000000000e+00,0.000000000000000000e+00
1.572000000000000000e+03,3.027835224391834856e+01,3.940229186857135346e+01,-1.283564699161959290e-03,3.905965496304543905e+01,3.148512724941627816e-01,nan,8.613328361743124073e-06,1.767771194567156101e+01,1.000000000000000000e+00,1.000000000000000000e+00,-1.000000000000000000e+00,0.000000000000000000e+00
1.576000000000000000e+03,2.282908957846287024e+01,1.711862271486506160e+01,-1.736895613396092402e-03,5.272033753616147322e+01,3.361017986701073657e-01,nan,1.737665795268563161e-05,2.349581718542238917e+01,1.000000000000000000e+00,1.000000000000000000e+00,-1.000000000000000000e+00,0.000000000000000000e+00
1.578000000000000000e+03,1.410944807335479254e+02,6.044109572897967020e+00,-8.093801550708714168e-03,2.442794645008274017e+02,2.210462960043424463e-02,nan,1.436045399415161695e-05,4.934498225724001941e+01,1.000000000000000000e+00,1.000000000000000000e+00,-1.000000000000000000e+00,0.000000000000000000e+00
1.578000000000000000e+03,1.194262568194000380e+02,5.309532712997651771e+01,-8.603707819886959041e-03,2.596449899185100207e+02,2.214536830963109715e-02,nan,1.574590697566915845e-05,3.912051293710809574e+01,1.000000000000000000e+00,1.000000000000000000e+00,-1.000000000000000000e+00,0.000000000000000000e+00
1.579000000000000000e+03,5.144740087899877068e+01,3.168439334993699674e+01,-8.470247824435849643e-03,2.556233038238230790e+02,2.638230045722878003e-02,nan,1.831830202589697449e-05,1.385651500198386898e+01,1.000000000000000000e+00,1.000000000000000000e+00,-1.000000000000000000e+00,0.000000000000000000e+00
1.582000000000000000e+03,9.428391388965731323e+01,2.165494253340911968e+01,-2.323092408645179886e-03,7.038480314800774806e+01,1.868797055395926554e-01,nan,1.305655203197251899e-05,5.567292372114657439e+00,1.000000000000000000e+00,1.000000000000000000e+00,-1.000000000000000000e+00,0.000000000000000000e+00
1.584000000000000000e+03,6.283087887684195749e+01,3.958499058513536539e+01,-1.345269048102018094e-03,4.091905501228978892e+01,3.622898073384293038e-01,nan,1.201221355226547874e-05,3.509348146991508433e+00,1.000000000000000000e+00,1.000000000000000000e+00,-1.000000000000000000e+00,0.000000000000000000e+00
1.585000000000000000e+03,9.027320955968616545e+01,3.113364373895253223e+01,-8.350534431586715753e-03,2.520158581189000415e+02,2.015241643515808256e-02,nan,1.419504371848430974e-05,1.029230420102415344e+01,1.000000000000000000e+00,1.000000000000000000e+00,-1.000000000000000000e+00,0.000000000000000000e+00
1.588000000000000000e+03,1.806658286602747765e+01,2.317909841194055431e+01,-8.324060072390816745e-03,2.512180792647647252e+02,2.320680839072986057e-02,nan,1.878019711275973508e-05,8.787769674045897261e+00,1.000000000000000000e+00,1.000000000000000000e+00,-1.000000000000000000e+00,0.000000000000000000e+00
1.588000000000000000e+03,1.180036373316166873e+02,1.927059299404755421e+01,-1.311391995953312519e-03,3.989820326495593861e+01,3.404234066336933040e-01,nan,1.019499457273393627e-05,2.463240380622832149e+01,1.000000000000000000e+00,1.000000000000000000e+00,-1.000000000000000000e+00,0.000000000000000000e+00
1.589000000000000000e+03,2.680449937593401089e+01,2.547155531737985257e+01,-1.601748171619776610e-03,4.864780190114097280e+01,3.418301569532439244e-01,nan,1.584416871542284052e-05,9.033634019451612929e+00,1.000000000000000000e+00,1.000000000000000000e+00,-1.000000000000000000e+00,0.000000000000000000e+00
1.591000000000000000e+03,1.395666515969508623e+02,3.159847972140983430e+01,-7.092620589908083320e-03,2.141098579853515105e+02,3.514400982755649938e-02,nan,1.806389205870016565e-05,7.421054474993947991e+00,1.000000000000000000e+00,1.000000000000000000e+00,-1.000000000000000000e+00,0.000000000000000000e+00
1.592000000000000000e+03,1.343015515634250505e+02,4.781276489778350935e+01,-8.381687247078441552e-03,2.529546176659084153e+02,2.427507364636871667e-02,nan,1.693640325792625299e-05,1.704770724008963612e+01,1.000000000000000000e+00,1.000000000000000000e+00,-1.000000000000000000e+00,0.000000000000000000e+00
1.592000000000000000e+03,1.423973900688219771e+02,1.585004557160462646e+01,-1.846256101801475999e-03,5.601580861752545815e+01,3.540243934656643887e-01,nan,2.139601733988426524e-05,1.600082055604905662e+01,1.000000000000000000e+00,1.000000000000000000e+00,-1.000000000000000000e+00,0.000000000000000000e+00
1.593000000000000000e+03,2.096872940477596359e+01,1.488437470878377411e+01,-1.584662728154177108e-02,4.779032656318873364e+02,6.426872771032376974e-03,nan,1.761090185969909217e-05,8.787769674045897261e+00,1.000000000000000000e+00,1.000000000000000000e+00,-1.000000000000000000e+00,0.000000000000000000e+00
1.594000000000000000e+03,5.362397634703828686e+01,4.111389584448617995e+01,-8.713677179280506641e-03,2.629588087300554662e+02,2.190810002332832518e-02,nan,1.663631002700541542e-05,1.788073196787383168e+01,1.000000000000000000e+00,1.000000000000000000e+00,-1.000000000000000000e+00,0.000000000000000000e+00
1.595000000000000000e+03,7.029200940821338861e+01,6.671463307218188810e+00,-8.130858459952230305e-03,2.453961381236083810e+02,2.651009854886954287e-02,nan,1.784139797807376561e-05,2.134015071560645183e+01,1.000000000000000000e+00,1.000000000000000000e+00,-1.000000000000000000e+00,0.000000000000000000e+00
1.596000000000000000e+03,1.322434061744866085e+02,3.039759421346827750e+01,-8.482251313523333711e-03,2.559850171970904000e+02,2.268909901013960173e-02,nan,1.661279511627091593e-05,7.421054474993947991e+00,1.000000000000000000e+00,1.000000000000000000e+00,-1.000000000000000000e+00,0.000000000000000000e+00
1.597000000000000000e+03,4.207929033453101653e+01,5.543570283488002737e+00,-1.233704101372958386e-03,3.755715474099006457e+01,3.519616081732394042e-01,nan,9.784361830432321912e-06,2.004642070781360630e+01,1.000000000000000000e+00,1.000000000000000000e+00,-1.000000000000000000e+00,0.000000000000000000e+00
1.597000000000000000e+03,1.030617161302881755e+02,2.665121743524797537e+01,-1.776492257150760496e-03,5.391354356802258252e+01,2.383963077945353559e-01,nan,1.052458034869729898e-05,2.185646373193035785e+01,1.000000000000000000e+00,1.000000000000000000e+00,-1.000000000000000000e+00,0.000000000000000000e+00
1.601000000000000000e+03,1.307722018942131967e+02,5.219610027672566588e+01,-9.146961919921432760e-03,2.760154195188216022e+02,1.758853634734980353e-02,nan,1.442810703973525487e-05,2.184809622425175846e+01,1.000000000000000000e+00,1.000000000000000000e+00,-1.000000000000000000e+00,0.000000000000000000e+00
1.602000000000000000e+03,6.225904021229134599e+01,1.180028212342623206e+01,-1.117212447591348773e-03,3.404679298369325124e+01,3.430213985458938630e-01,nan,7.686803345994421333e-06,1.603237217030209649e+01,1.000000000000000000e+00,1.000000000000000000e+00,-1.000000000000000000e+00,0.000000000000000000e+00
1.604000000000000000e+03,2.141584384871485369e+01,3.594785390052825846e+01,-8.932982476838676952e-03,2.695673588255330628e+02,1.389619040227085822e-02,nan,1.080257136379977964e-05,1.537644113555088943e+01,1.000000000000000000e+00,1.000000000000000000e+00,-1.000000000000000000e+00,0.000000000000000000e+00
1.604000000000000000e+03,7.465621525685706672e+01,2.360036048902884787e+01,-2.362006977365311341e-03,7.155745551753238942e+01,1.839377871592469127e-01,nan,1.285836808608751212e-05,1.134696029084226510e+01,1.000000000000000000e+00,1.000000000000000000e+00,-1.000000000000000000e+00,0.000000000000000000e+00
1.606000000000000000e+03,1.430272087513856150e+02,2.170417317491367726e+01,-1.989788170194798072e-03,6.034100675385040091e+01,2.348160180955590759e-01,nan,1.317999326860354459e-05,1.941352628121304846e+01,1.000000000000000000e+00,1.000000000000000000e+00,-1.000000000000000000e+00,0.000000000000000000e+00
1.606000000000000000e+03,7.989773627451455695e+01,3.366415526353642207e+01,-6.416806531161293493e-03,1.937448640149183063e+02,1.740026705069918078e-01,nan,8.852109424930217139e-05,1.134696029084226510e+01,1.000000000000000000e+00,1.000000000000000000e+00,-1.000000000000000000e+00,0.000000000000000000e+00
1.609000000000000000e+03,1.328574979385486188e+02,3.824085919886103824e+01,-8.733196172197765089e-03,2.635469944416785779e+02,2.592835491608802556e-02,nan,1.981368620033045937e-05,1.941352628121304846e+01,1.000000000000000000e+00,1.000000000000000000e+00,-1.000000000000000000e+00,0.000000000000000000e+00
1.611000000000000000e+03,1.018938856657710517e+02,3.618368624136810041e+01,-8.089883075862207978e-03,2.441613851037068628e+02,2.923735264973503778e-02,nan,2.016074850729942259e-05,9.541763561746426703e+00,1.000000000000000000e+00,1.000000000000000000e+00,-1.000000000000000000e+00,0.000000000000000000e+00
1.613000000000000000e+03,2.778513742341226589e+01,4.117273885470166306e+01,-8.608307229800594290e-03,2.597835886261669884e+02,1.608813235719264156e-02,nan,1.240588078044773594e-05,1.342665115766605410e+01,1.000000000000000000e+00,1.000000000000000000e+00,-1.000000000000000000e+00,0.000000000000000000e+00
1.614000000000000000e+03,1.215429219153134888e+01,5.301094158881882379e+01,-1.384373106792974794e-03,4.209741747627512609e+01,3.088560851214073866e-01,nan,9.734590116788863041e-06,1.960781391785105043e+01,1.000000000000000000e+00,1.000000000000000000e+00,-1.000000000000000000e+00,0.000000000000000000e+00
1.614000000000000000e+03,2.079004383067534434e+01,2.971221413117761045e+01,-1.779467319817084996e-03,5.400319416418465579e+01,2.688528798216305304e-01,nan,1.301747316583365856e-05,1.342665115766605410e+01,1.000000000000000000e+00,1.000000000000000000e+00,-1.000000000000000000e+00,0.000000000000000000e+00
1.615000000000000000e+03,9.254932069302545017e+01,3.425382683239348580e+01,-1.626898082082379191e-03,4.940566979142665360e+01,3.171631285488450969e-01,nan,1.382027339916442541e-05,9.541763561746426703e+00,1.000000000000000000e+00,1.000000000000000000e+00,-1.000000000000000000e+00,0.000000000000000000e+00
1.615000000000000000e+03,1.266957778695494170e+02,3.547591795261922698e+01,-1.455191512421743919e-03,4.423146068677000642e+01,3.312224857546641754e-01,nan,1.217525116741585646e-05,2.481198889324273082e+01,1.000000000000000000e+00,1.000000000000000000e+00,-1.000000000000000000e+00,0.000000000000000000e+00
1.617000000000000000e+03,8.064825808347026737e+01,2.610874638867027642e+01,-8.593692054968545338e-03,2.593431746639545850e+02,1.660437526751945558e-02,nan,1.211811742173190047e-05,6.816164240376258121e+00,1.000000000000000000e+00,1.000000000000000000e+00,-1.000000000000000000e+00,0.000000000000000000e+00
1.618000000000000000e+03,9.017940524952659587e+01,2.288343600924906340e+01,-1.392461657343154521e-03,4.234115801563207526e+01,3.279353347215714365e-01,nan,1.086471572186255407e-05,1.006207698959940444e+01,1.000000000000000000e+00,1.000000000000000000e+00,-1.000000000000000000e+00,0.000000000000000000e+00
1.619000000000000000e+03,7.436485297740146905e+01,2.346698273065455354e+01,2.152938446164122215e-03,-6.525738033825177808e+01,3.494839046181452691e-01,nan,3.233365761534683818e-05,6.816164240376258121e+00,1.000000000000000000e+00,1.000000000000000000e+00,-1.000000000000000000e+00,0.000000000000000000e+00
1.626000000000000000e+03,1.078492050827247368e+02,4.239644286272719853e+01,-9.108611715386221580e-03,2.748597737106051682e+02,1.840002372729510061e-02,nan,1.502350027582345628e-05,2.588933346018496451e+01,1.000000000000000000e+00,1.000000000000000000e+00,-1.000000000000000000e+00,0.000000000000000000e+00
1.626000000000000000e+03,3.796534853331584003e+01,4.793116589819047135e+01,-1.778826574744504438e-03,5.398388593972438798e+01,2.963103161297436783e-01,nan,1.475547176942619309e-05,3.132817705997016233e+01,1.000000000000000000e+00,1.000000000000000000e+00,-1.000000000000000000e+00,0.000000000000000000e+00
1.629000000000000000e+03,6.936513886422331154e+01,1.860805514172417219e+01,-1.596975058757242952e-02,4.816134657268422643e+02,6.256655640982100586e-03,nan,1.679999910325214975e-05,2.011616898717618440e+01,1.000000000000000000e+00,1.000000000000000000e+00,-1.000000000000000000e+00,0.000000000000000000e+00
1.629000000000000000e+03,1.234271090555154160e+02,7.969362694900548938e+00,-8.298834767304101925e-03,2.504579394314118872e+02,2.229561043275252175e-02,nan,1.627341501293905180e-05,1.957430814800632390e+01,1.000000000000000000e+00,1.000000000000000000e+00,-1.000000000000000000e+00,0.000000000000000000e+00
1.629000000000000000e+03,1.285579750174893832e+02,2.685924765890612065e+01,-1.385778210733618543e-03,4.213975890570928584e+01,3.496170829151762360e-01,nan,1.208912119414942299e-05,1.815965840965595746e+01,1.000000000000000000e+00,1.000000000000000000e+00,-1.000000000000000000e+00,0.000000000000000000e+00
1.631000000000000000e+03,4.924920675156361227e+01,1.870567665316117711e+01,-7.946949955457019085e-03,2.398542356776877682e+02,2.328515857535640166e-02,nan,1.429024926098189453e-05,2.011616898717618440e+01,1.000000000000000000e+00,1.000000000000000000e+00,-1.000000000000000000e+00,0.000000000000000000e+00
1.632000000000000000e+03,9.710115692460347248e+01,3.573860782462780605e+01,-9.274456708779533695e-03,2.798573499621917904e+02,1.667147300925952980e-02,nan,1.432460661673145477e-05,3.259973210116106657e+01,1.000000000000000000e+00,1.000000000000000000e+00,-1.000000000000000000e+00,0.000000000000000000e+00
1.633000000000000000e+03,1.295865725382396079e+02,4.498975180787271455e+01,-8.777186632202227390e-03,2.648726038177379110e+02,1.828108839836650734e-02,nan,1.503281015709907044e-05,1.815965840965595746e+01,1.000000000000000000e+00,1.000000000000000000e+00,-1.000000000000000000e+00,0.000000000000000000e+00
1.635000000000000000e+03,4.617778912838478078e+00,2.197061877327557866e+01,-7.407186263156409489e-03,2.235889860918113641e+02,2.593904605646712991e-02,nan,1.367868965026158277e-05,1.907692979115458698e+01,1.000000000000000000e+00,1.000000000000000000e+00,-1.000000000000000000e+00,0.000000000000000000e+00
1.635000000000000000e+03,1.352211355166694773e+01,3.884195763231106469e+01,-1.640573105216896381e-03,4.981775320412808128e+01,2.873304526513035251e-01,nan,1.213612568527288569e-05,1.907692979115458698e+01,1.000000000000000000e+00,1.000000000000000000e+00,-1.000000000000000000e+00,0.000000000000000000e+00
1.637000000000000000e+03,2.867029289138583792e+01,9.541076385118078207e+00,-1.764325412835614226e-02,5.320428539238819212e+02,5.893309182821493408e-03,nan,1.927616706713237543e-05,1.361426454958003873e+01,1.000000000000000000e+00,1.000000000000000000e+00,-1.000000000000000000e+00,0.000000000000000000e+00
1.637000000000000000e+03,4.057187736303415448e+01,2.049061164276910674e+01,-9.173383158937703508e-03,2.768115976484324392e+02,1.606409574835743204e-02,nan,1.469641343839145909e-05,1.617219945753586430e+01,1.000000000000000000e+00,1.000000000000000000e+00,-1.000000000000000000e+00,0.000000000000000000e+00
1.638000000000000000e+03,9.429007312745524416e+01,3.471802391166831114e+01,-1.540914176817947435e-03,4.681462912040012014e+01,3.058675553095934196e-01,nan,1.185120892035540347e-05,3.676072992514110638e+01,1.000000000000000000e+00,1.000000000000000000e+00,-1.000000000000000000e+00,0.000000000000000000e+00
1.641000000000000000e+03,1.521189581276157554e+01,7.486874033831889541e+00,-3.156493945496680054e-02,9.515591899119738173e+02,3.085992170737905660e-03,nan,3.420348993357639935e-05,1.361426454958003873e+01,1.000000000000000000e+00,1.000000000000000000e+00,-1.000000000000000000e+00,0.000000000000000000e+00
1.643000000000000000e+03,5.435190441309186049e+00,1.735148273336035274e+01,-8.556483266786998887e-03,2.582219243183055823e+02,2.058065004992770675e-02,nan,1.463466925173835374e-05,1.388864546005112466e+01,1.000000000000000000e+00,1.000000000000000000e+00,-1.000000000000000000e+00,0.000000000000000000e+00
1.643000000000000000e+03,3.017920304207935800e+01,1.336972833579624265e+01,-1.247551488283507766e-03,3.797443216706570723e+01,3.676721572117472858e-01,nan,1.081178391477629158e-05,1.608192340595268632e+01,1.000000000000000000e+00,1.000000000000000000e+00,-1.000000000000000000e+00,0.000000000000000000e+00
1.646000000000000000e+03,2.009639043601119468e+01,5.094449280456047546e+01,-7.521691777090021291e-03,2.270394974723582209e+02,1.884515967624877941e-02,nan,1.065296148914090125e-05,3.665298229241930983e+01,1.000000000000000000e+00,1.000000000000000000e+00,-1.000000000000000000e+00,0.000000000000000000e+00
1.649000000000000000e+03,1.259778447587980565e+02,4.791663086670675398e+01,-1.887198779096830323e-03,5.724957605024127361e+01,2.476147746123481541e-01,nan,1.278526590482505011e-05,1.913566037924285013e+01,1.000000000000000000e+00,1.000000000000000000e+00,-1.000000000000000000e+00,0.000000000000000000e+00
1.650000000000000000e+03,1.023433326288964196e+02,1.498868147107033977e+01,-8.430583145089693906e-03,2.544280476061268530e+02,1.542478390886070638e-02,nan,1.175419307934004734e-05,1.581114882484718009e+01,1.000000000000000000e+00,1.000000000000000000e+00,-1.000000000000000000e+00,0.000000000000000000e+00
1.651000000000000000e+03,8.662343730356536753e+01,1.329241553611164761e+01,-7.787190048230642828e-03,2.350400275308265918e+02,6.753765929437116622e-02,nan,4.193099911357828821e-05,4.530203939622341913e+00,1.000000000000000000e+00,1.000000000000000000e+00,-1.000000000000000000e+00,0.000000000000000000e+00
1.654000000000000000e+03,9.178987741043101778e+01,3.899129040816315239e+01,-1.288424803100099913e-03,3.920610942949949873e+01,3.481095415760818712e-01,nan,1.063170353090438818e-05,1.572569236238207679e+01,1.000000000000000000e+00,1.000000000000000000e+00,-1.000000000000000000e+00,0.000000000000000000e+00
1.656000000000000000e+03,8.455261786604835095e+01,1.732161577831499244e+01,-1.622143345477012819e-02,4.891976821346025304e+02,1.049559844979786050e-02,nan,2.644218246184282709e-05,4.530203939622341913e+00,1.000000000000000000e+00,1.000000000000000000e+00,-1.000000000000000000e+00,0.000000000000000000e+00
1.656000000000000000e+03,1.339348000308679900e+02,1.810334733828598530e+01,-8.751417439276600388e-03,2.640960744576851198e+02,1.813803788052703592e-02,nan,1.510779817972824576e-05,8.294336808854506415e+00,1.000000000000000000e+00,1.000000000000000000e+00,-1.000000000000000000e+00,0.000000000000000000e+00
1.657000000000000000e+03,8.338676484398727951e+01,5.228358514879982266e+01,-8.764702830102052283e-03,2.644964166828186194e+02,2.036069613170576886e-02,nan,1.548771598735755340e-05,1.572569236238207679e+01,1.000000000000000000e+00,1.000000000000000000e+00,-1.000000000000000000e+00,0.000000000000000000e+00
1.657000000000000000e+03,6.385601182186049840e+01,2.482377458312424423e+01,-1.876955267921796757e-03,5.694089788556612319e+01,2.049477545847538940e-01,nan,9.561963146458260949e-06,1.119904122311533534e+01,1.000000000000000000e+00,1.000000000000000000e+00,-1.000000000000000000e+00,0.000000000000000000e+00
1.660000000000000000e+03,1.420637093965085853e+02,1.645505864272341512e+01,-7.909479184347197739e-03,2.387250907333904593e+02,3.075932937436864911e-02,nan,1.856587628487174125e-05,8.294336808854506415e+00,1.000000000000000000e+00,1.000000000000000000e+00,-1.000000000000000000e+00,0.000000000000000000e+00
1.661000000000000000e+03,1.324244628177483776e+02,4.047760305614860954e+01,-1.469103158089458006e-03,4.465067448748194323e+01,3.417087582672301282e-01,nan,1.421948356674098683e-05,2.043328947148362928e+01,1.000000000000000000e+00,1.000000000000000000e+00,-1.000000000000000000e+00,0.000000000000000000e+00
1.663000000000000000e+03,4.035148328925556882e+01,3.898364664396303425e+01,-1.507055639132167746e-03,4.579433528825162369e+01,3.582603301662101725e-01,nan,1.486242390278869936e-05,9.043130603311009708e+00,1.000000000000000000e+00,1.000000000000000000e+00,-1.000000000000000000e+00,0.000000000000000000e+00
1.666000000000000000e+03,8.497099417554244383e+01,2.913038026066127628e+01,-1.313708116678471375e-03,3.996799729186642480e+01,3.432304222100071023e-01,nan,1.071847190504449379e-05,1.451484489118514354e+01,1.000000000000000000e+00,1.000000000000000000e+00,-1.000000000000000000e+00,0.000000000000000000e+00
1.668000000000000000e+03,3.313422247149492961e+01,4.443244076715737378e+01,-8.577060415074080207e-03,2.588419965043920570e+02,1.832649872720426565e-02,nan,1.370240066094255767e-05,9.043130603311009708e+00,1.000000000000000000e+00,1.000000000000000000e+00,-1.000000000000000000e+00,0.000000000000000000e+00
1.669000000000000000e+03,4.078691811001110068e+01,6.808248916307496401e+00,-1.438036786590068429e-03,4.371451984541737090e+01,3.569779825505400295e-01,nan,1.200490929733522958e-05,3.058298767708907917e+01,1.000000000000000000e+00,1.000000000000000000e+00,-1.000000000000000000e+00,0.000000000000000000e+00
1.670000000000000000e+03,7.397231281477520781e+01,3.860190234211549409e+01,-9.276208010739949925e-03,2.799101237294768794e+02,1.658357623645279055e-02,nan,1.375297098008480287e-05,1.451484489118514354e+01,1.000000000000000000e+00,1.000000000000000000e+00,-1.000000000000000000e+00,0.000000000000000000e+00
1.672000000000000000e+03,5.343542827564407460e+00,2.591771360111938449e+01,-1.681367488352276387e-03,5.104705193774739058e+01,2.686175890503759156e-01,nan,1.155991784716245425e-05,6.245711114265001918e+00,1.000000000000000000e+00,1.000000000000000000e+00,-1.000000000000000000e+00,0.000000000000000000e+00
1.673000000000000000e+03,8.241301613791902980e+01,5.287727955821058856e+01,1.791024638305492448e-03,-5.435146262395485905e+01,2.991170473128351714e-01,nan,1.537260610457648566e-05,1.658408475771690149e+01,1.000000000000000000e+00,1.000000000000000000e+00,-1.000000000000000000e+00,0.000000000000000000e+00
1.674000000000000000e+03,6.859214875247411669e+01,1.954356533076765245e+01,-8.673161719968765573e-03,2.617379150923542852e+02,1.524862376400193398e-02,nan,1.131076530806800333e-05,1.664828801422560645e+01,1.000000000000000000e+00,1.000000000000000000e+00,-1.000000000000000000e+00,0.000000000000000000e+00
1.674000000000000000e+03,1.303175542047015085e+02,2.835323019443994141e+01,-8.432161791189123415e-03,2.544756185583440242e+02,2.460859521229741276e-02,nan,1.823563709285155507e-05,1.237805986974339056e+01,1.000000000000000000e+00,1.000000000000000000e+00,-1.000000000000000000e+00,0.000000000000000000e+00
1.674000000000000000e+03,1.641891475696127145e+01,3.844539088537403870e+01,-1.435560112723381848e-03,4.363988770702218289e+01,3.353004275841251491e-01,nan,1.215982008744939052e-05,8.475271311178676825e+00,1.000000000000000000e+00,1.000000000000000000e+00,-1.000000000000000000e+00,0.000000000000000000e+00
1.675000000000000000e+03,9.920438373068439830e+01,3.616006650787205956e+01,-8.892855183368327324e-03,2.683581621848344980e+02,4.067053650493201999e-02,nan,3.241473660122890383e-05,5.037874938973736505e+00,1.000000000000000000e+00,1.000000000000000000e+00,-1.000000000000000000e+00,0.000000000000000000e+00
1.678000000000000000e+03,1.253002130612850777e+02,3.966882359423707527e+01,-1.212746527422489499e-02,3.658299654781087042e+02,1.799722528253999698e-02,nan,2.670976299727928792e-05,1.237805986974339056e+01,1.000000000000000000e+00,1.000000000000000000e+00,-1.000000000000000000e+00,0.000000000000000000e+00
1.678000000000000000e+03,1.096004952775207215e+02,4.233012491282896406e+01,-8.733337761604054866e-03,2.635512610995973546e+02,6.246929175590731909e-02,nan,5.061313137357545486e-05,7.905630965097035556e+00,1.000000000000000000e+00,1.000000000000000000e+00,-1.000000000000000000e+00,0.000000000000000000e+00
1.678000000000000000e+03,8.353091265785116093e+01,2.689195473144668824e+01,-1.570094033824197093e-03,4.769393549809272059e+01,3.046152660469857443e-01,nan,1.202524645797968841e-05,1.664828801422560645e+01,1.000000000000000000e+00,1.000000000000000000e+00,-1.000000000000000000e+00,0.000000000000000000e+00
1.679000000000000000e+03,9.739869448642807015e+00,4.680858120990682103e+00,-8.454814400851792464e-03,2.551582327378274897e+02,2.368242613196247515e-02,nan,1.850898179238237457e-05,3.441879310823794924e+01,1.000000000000000000e+00,1.000000000000000000e+00,-1.000000000000000000e+00,0.000000000000000000e+00
1.679000000000000000e+03,1.042286643660800678e+02,3.652991512221002779e+01,-7.047356873114309431e-03,2.127458802644766820e+02,1.830393480984313648e-01,nan,5.737942846187591729e-05,5.037874938973736505e+00,1.000000000000000000e+00,1.000000000000000000e+00,-1.000000000000000000e+00,0.000000000000000000e+00
1.679000000000000000e+03,1.601019526325268671e+01,4.691080122236012784e+01,-8.842581576513526553e-03,2.668432163395697785e+02,1.536995564332122033e-02,nan,1.322910901306938267e-05,8.475271311178676825e+00,1.000000000000000000e+00,1.000000000000000000e+00,-1.000000000000000000e+00,0.000000000000000000e+00
1.680000000000000000e+03,5.929310623471784503e+00,4.004544494645526242e+01,-1.479244121035956216e-03,4.495626246184694708e+01,2.796681949680296375e-01,nan,9.760871721726546132e-06,1.219661231308418969e+01,1.000000000000000000e+00,1.000000000000000000e+00,-1.000000000000000000e+00,0.000000000000000000e+00
1.683000000000000000e+03,6.159069206868474566e+01,1.272720047329773152e+01,-7.900469145414125427e-03,2.384535820452083215e+02,1.787803772595109031e-02,nan,1.375837329432015914e-05,1.582359534826168357e+01,1.000000000000000000e+00,1.000000000000000000e+00,-1.000000000000000000e+00,0.000000000000000000e+00
1.683000000000000000e+03,2.166851914936708212e+01,3.720022937756439774e+01,-1.702584283419860973e-03,5.168639925233938470e+01,2.861446842301987870e-01,nan,1.296319376678002870e-05,1.123885380068235662e+01,1.000000000000000000e+00,1.000000000000000000e+00,-1.000000000000000000e+00,0.000000000000000000e+00
1.686000000000000000e+03,1.221728204945664942e+02,3.069631564976678462e+01,-8.743410754679313904e-03,2.638548008685424975e+02,1.971169727713362185e-02,nan,1.468451383429153071e-05,2.185724967576279099e+01,1.000000000000000000e+00,1.000000000000000000e+00,-1.000000000000000000e+00,0.000000000000000000e+00
1.687000000000000000e+03,1.035443399880833653e+02,8.077455207461646580e+00,-8.779490219732231579e-03,2.649420201691021930e+02,1.695831938686653828e-02,nan,1.380988424979982743e-05,2.930244245261643954e+01,1.000000000000000000e+00,1.000000000000000000e+00,-1.000000000000000000e+00,0.000000000000000000e+00
1.687000000000000000e+03,7.391398617799623594e+01,3.573627755986959187e+01,-8.921480934062661280e-03,2.692207711121632201e+02,3.255179772153082851e-02,nan,2.528945139228841360e-05,5.366173031315374153e+00,1.000000000000000000e+00,1.000000000000000000e+00,-1.000000000000000000e+00,0.000000000000000000e+00
1.687000000000000000e+03,1.246470726298420573e+02,5.241307046626081956e+01,-8.061995871806691694e-03,2.433210315551347094e+02,2.715732595102171576e-02,nan,1.850773037984658999e-05,2.185724967576279099e+01,1.000000000000000000e+00,1.000000000000000000e+00,-1.000000000000000000e+00,0.000000000000000000e+00
1.689000000000000000e+03,1.074669101661296722e+01,1.176455857393567861e+01,-1.768363380652777754e-03,5.366858784577141250e+01,2.258852385521307182e-01,nan,1.033180505521950619e-05,3.052241265927460034e+01,1.000000000000000000e+00,1.000000000000000000e+00,-1.000000000000000000e+00,0.000000000000000000e+00
1.692000000000000000e+03,3.176168668182296884e+01,3.390022282270516030e+01,-1.647183258231253375e-02,4.967432143066602634e+02,5.677400709622859587e-03,nan,1.637946052140406509e-05,1.444106713591773428e+01,1.000000000000000000e+00,1.000000000000000000e+00,-1.000000000000000000e+00,0.000000000000000000e+00
1.692000000000000000e+03,7.227837111705846951e+01,4.084710688341875340e+01,-4.166006491545395408e-03,1.259192119111009447e+02,8.455921653169162777e-02,nan,1.631582215376207123e-05,5.366173031315374153e+00,1.000000000000000000e+00,1.000000000000000000e+00,-1.000000000000000000e+00,0.000000000000000000e+00
1.697000000000000000e+03,3.063777372159407264e+01,1.950295781570078191e+01,-7.533169410843070651e-03,2.273853647107656855e+02,2.186893372574394423e-02,nan,1.146038900791426707e-05,1.444106713591773428e+01,1.000000000000000000e+00,1.000000000000000000e+00,-1.000000000000000000e+00,0.000000000000000000e+00
1.697000000000000000e+03,5.684600504453819525e+01,1.980271880474886714e+01,-1.462130077182547099e-03,4.444054753201741903e+01,3.259494256385663258e-01,nan,1.206893987667410354e-05,1.838757090165932340e+01,1.000000000000000000e+00,1.000000000000000000e+00,-1.000000000000000000e+00,0.000000000000000000e+00
1.697000000000000000e+03,8.892931030787327273e+00,2.998005632833108081e+01,-1.521253480377769435e-03,4.622217331206547897e+01,3.385827328329175101e-01,nan,1.408807169315019373e-05,7.784340195731175527e+00,1.000000000000000000e+00,1.000000000000000000e+00,-1.000000000000000000e+00,0.000000000000000000e+00
1.698000000000000000e+03,1.166293592443442719e+02,2.139704164224179550e+01,-1.729878395714889690e-03,5.250888056228331635e+01,3.235696955564811850e-01,nan,1.926656786739933868e-05,1.763637674744236250e+01,1.000000000000000000e+00,1.000000000000000000e+00,-1.000000000000000000e+00,0.000000000000000000e+00
1.699000000000000000e+03,8.920855829581773833e+01,3.017094295128150705e+01,-8.533667755227175925e-03,2.575344012498897541e+02,1.429078679225481707e-02,nan,1.040002468798530582e-05,1.610922089546260594e+01,1.000000000000000000e+00,1.000000000000000000e+00,-1.000000000000000000e+00,0.000000000000000000e+00
1.699000000000000000e+03,6.755081600445352308e+01,3.475296248089091478e+01,-8.973607229492848100e-03,2.707915459109374297e+02,1.580976566754066504e-02,nan,1.298219462807685932e-05,1.708441367711532166e+01,1.000000000000000000e+00,1.000000000000000000e+00,-1.000000000000000000e+00,0.000000000000000000e+00
1.700000000000000000e+03,1.035704083028376630e+02,3.746780955515134082e+01,-7.536823800121311007e-03,2.274954861482436002e+02,2.925435316951729980e-02,nan,1.623248283120923841e-05,1.610922089546260594e+01,1.000000000000000000e+00,1.000000000000000000e+00,-1.000000000000000000e+00,0.000000000000000000e+00
1.701000000000000000e+03,5.232123794445866949e+00,5.297273636192225865e+01,-7.905977940612355162e-03,2.386195841866913270e+02,2.598690411299275915e-02,nan,1.601580666967638756e-05,1.979263689515604341e+01,1.000000000000000000e+00,1.000000000000000000e+00,-1.000000000000000000e+00,0.000000000000000000e+00
1.702000000000000000e+03,2.374106192937347970e+01,4.596076913574994904e+01,-9.203849461441307098e-03,2.777296697997247747e+02,1.857229255078063357e-02,nan,1.696330359335346990e-05,1.979263689515604341e+01,1.000000000000000000e+00,1.000000000000000000e+00,-1.000000000000000000e+00,0.000000000000000000e+00
1.704000000000000000e+03,1.276234874189234318e+02,2.541434414737320324e+01,-7.823859136760083141e-03,2.361450145566782055e+02,3.432684742563840707e-02,nan,2.251506787346512913e-05,6.467663901902283463e+00,1.000000000000000000e+00,1.000000000000000000e+00,-1.000000000000000000e+00,0.000000000000000000e+00
1.704000000000000000e+03,5.406752745415708006e+01,4.524477455318090335e+01,-8.569298781652971014e-03,2.586081072921512032e+02,1.311561192776178331e-02,nan,9.839372651469449564e-06,1.708441367711532166e+01,1.000000000000000000e+00,1.000000000000000000e+00,-1.000000000000000000e+00,0.000000000000000000e+00
1.706000000000000000e+03,7.283537999288320464e+01,2.612003623222422632e+01,-6.895083966291778999e-03,2.081572855331808682e+02,2.560936516652190242e-02,nan,1.321833486306567139e-05,2.319164473116748937e+01,1.000000000000000000e+00,1.000000000000000000e+00,-1.000000000000000000e+00,0.000000000000000000e+00
1.706000000000000000e+03,1.201973831035685123e+02,3.012343122148852004e+01,-1.836888066461103827e-03,5.573351205865353819e+01,3.421793545727007668e-01,nan,2.149732067781175607e-05,8.793322828949982295e+00,1.000000000000000000e+00,1.000000000000000000e+00,-1.000000000000000000e+00,0.000000000000000000e+00
1.708000000000000000e+03,3.132525464429425810e+01,2.759455082655838254e+01,-8.134200827218352262e-03,2.454968570837137065e+02,1.703678493721128007e-02,nan,1.114056661642433612e-05,2.630105849581086730e+01,1.000000000000000000e+00,1.000000000000000000e+00,-1.000000000000000000e+00,0.000000000000000000e+00
1.709000000000000000e+03,1.039204202712111424e+02,4.732517120142527034e+01,-8.680418220138135660e-03,2.619565826093777332e+02,1.565963767426603592e-02,nan,1.179483195215464619e-05,2.368204757581779774e+01,1.000000000000000000e+00,1.000000000000000000e+00,-1.000000000000000000e+00,0.000000000000000000e+00
1.710000000000000000e+03,4.640963121117597723e+01,6.049081196295628793e+00,-8.003378234162515995e-03,2.415546465240237239e+02,1.997026696501869036e-02,nan,1.337673366869545463e-05,2.467169380872035234e+01,1.000000000000000000e+00,1.000000000000000000e+00,-1.000000000000000000e+00,0.000000000000000000e+00
1.711000000000000000e+03,9.221625284036838366e+01,1.338291909347181452e+01,-8.249181358584677104e-03,2.489616826488026788e+02,1.986147770697532788e-02,nan,1.408842198139570296e-05,2.208456579948791898e+01,1.000000000000000000e+00,1.000000000000000000e+00,-1.000000000000000000e+00,0.000000000000000000e+00
1.714000000000000000e+03,7.106130123966454448e+01,7.042882080662701938e+00,-1.573455704161683903e-03,4.779523613732543197e+01,2.562925472531970561e-01,nan,9.414933808992428783e-06,2.208456579948791898e+01,1.000000000000000000e+00,1.000000000000000000e+00,-1.000000000000000000e+00,0.000000000000000000e+00
1.716000000000000000e+03,1.366659977474012635e+02,4.626645374932942190e+01,-8.961935167580085959e-03,2.704398197705893949e+02,1.999969392638722976e-02,nan,1.559483163181378122e-05,2.028031145206116292e+01,1.000000000000000000e+00,1.000000000000000000e+00,-1.000000000000000000e+00,0.000000000000000000e+00
1.719000000000000000e+03,4.692050756252137944e+01,3.187869778813645993e+01,-1.234904142787747331e-03,3.759331681228784561e+01,3.667953478965951808e-01,nan,1.068275657499805198e-05,1.678260380936065843e+01,1.000000000000000000e+00,1.000000000000000000e+00,-1.000000000000000000e+00,0.000000000000000000e+00
1.721000000000000000e+03,8.332443203666848319e+01,2.620541576227343228e+01,1.983576402106195912e-03,-6.015382121363731471e+01,2.291580696856631016e-01,nan,1.240534109262458942e-05,1.392754672545236616e+01,1.000000000000000000e+00,1.000000000000000000e+00,-1.000000000000000000e+00,0.000000000000000000e+00
1.721000000000000000e+03,1.397084989321377861e+02,2.621566276409694396e+01,-1.617578855411608242e-03,4.912484403395234978e+01,3.713689548661819329e-01,nan,1.812863032512741679e-05,2.028031145206116292e+01,1.000000000000000000e+00,1.000000000000000000e+00,-1.000000000000000000e+00,0.000000000000000000e+00
1.724000000000000000e+03,7.339398770044932796e+00,1.251686077562943034e+01,-9.489762502051708043e-03,2.863453789178457214e+02,1.378968653853562820e-02,nan,1.355128577980798170e-05,9.209885490603257452e+00,1.000000000000000000e+00,1.000000000000000000e+00,-1.000000000000000000e+00,0.000000000000000000e+00
1.724000000000000000e+03,5.837417446297764911e+01,4.414529084225541311e+01,-1.932114865474797915e-03,5.860307826941527054e+01,2.304197302673466341e-01,nan,1.211961320926388287e-05,1.678260380936065843e+01,1.000000000000000000e+00,1.000000000000000000e+00,-1.000000000000000000e+00,0.000000000000000000e+00
1.725000000000000000e+03,8.455440681856927654e+01,1.233228634510345323e+01,-8.548905555997491842e-03,2.579935774342171158e+02,1.582993813652699977e-02,nan,1.371427706309703657e-05,7.211481733603769761e+00,1.000000000000000000e+00,1.000000000000000000e+00,-1.000000000000000000e+00,0.000000000000000000e+00
1.726000000000000000e+03,1.610492812313863809e+01,1.534307483512263559e+01,-8.485342267023071941e-03,2.560781600498771127e+02,2.815183217553984818e-02,nan,2.087044890876665044e-05,9.209885490603257452e+00,1.000000000000000000e+00,1.000000000000000000e+00,-1.000000000000000000e+00,0.000000000000000000e+00
1.727000000000000000e+03,2.799922069998735807e+01,5.524131218953820088e+00,-8.787690055558622718e-03,2.651891141811336752e+02,1.699120791867836378e-02,nan,1.293380452513286892e-05,1.542354854244576678e+01,1.000000000000000000e+00,1.000000000000000000e+00,-1.000000000000000000e+00,0.000000000000000000e+00
1.728000000000000000e+03,1.081132028033714221e+02,3.623258007056619334e+01,-1.523496995540795469e-03,4.628977944155666790e+01,2.816555279363758268e-01,nan,1.006757788356939704e-05,1.576167249506213253e+01,1.000000000000000000e+00,1.000000000000000000e+00,-1.000000000000000000e+00,0.000000000000000000e+00
1.729000000000000000e+03,7.737495083778283345e+01,1.165340445990500307e+01,-8.660571180611189787e-03,2.613585115348476506e+02,1.696880329938299514e-02,nan,1.409387358261406750e-05,7.211481733603769761e+00,1.000000000000000000e+00,1.000000000000000000e+00,-1.000000000000000000e+00,0.000000000000000000e+00
1.731000000000000000e+03,4.936430259663809750e+01,4.219426927315154785e+01,-8.301141410820103358e-03,2.505274478719175590e+02,2.130752434400950968e-02,nan,1.454187089205133563e-05,8.329170697574157956e+00,1.000000000000000000e+00,1.000000000000000000e+00,-1.000000000000000000e+00,0.000000000000000000e+00
1.731000000000000000e+03,1.214393333004849467e+02,4.464950146829226441e+01,-8.027970891410567481e-03,2.422957221351203998e+02,2.426168075263013257e-02,nan,1.577164276985858429e-05,1.049753234799209345e+01,1.000000000000000000e+00,1.000000000000000000e+00,-1.000000000000000000e+00,0.000000000000000000e+00
1.731000000000000000e+03,1.740681272772192756e+01,2.513630389972295376e+01,-1.943496746689557259e-03,5.894606009897441368e+01,2.550400735758322490e-01,nan,1.423464795614013646e-05,9.879384547398862182e+00,1.000000000000000000e+00,1.000000000000000000e+00,-1.000000000000000000e+00,0.000000000000000000e+00
1.732000000000000000e+03,4.331925453972716156e+01,2.218607434237170395e+01,-1.699819740834237905e-03,5.160309247237742625e+01,2.681495066659385085e-01,nan,1.161214718275805173e-05,2.090144661018578631e+01,1.000000000000000000e+00,1.000000000000000000e+00,-1.000000000000000000e+00,0.000000000000000000e+00
1.732000000000000000e+03,1.302476327734194115e+02,3.893880573202309847e+01,-8.997936149203484418e-03,2.715246740499599127e+02,2.126856706971325117e-02,nan,1.767276033433719441e-05,1.049753234799209345e+01,1.000000000000000000e+00,1.000000000000000000e+00,-1.000000000000000000e+00,0.000000000000000000e+00
1.733000000000000000e+03,5.762280044398146828e+01,4.327699630003916553e+01,-3.158301037836035163e-03,9.555299619960921120e+01,1.452114366234559251e-01,nan,1.799756424289538154e-05,8.329170697574157956e+00,1.000000000000000000e+00,1.000000000000000000e+00,-1.000000000000000000e+00,0.000000000000000000e+00
1.735000000000000000e+03,6.474933260125169454e+01,5.059685794349329058e+01,-8.702797425390337502e-03,2.626309580150467013e+02,1.789418924682473211e-02,nan,1.326478093143917981e-05,1.021605770676328717e+01,1.000000000000000000e+00,1.000000000000000000e+00,-1.000000000000000000e+00,0.000000000000000000e+00
1.737000000000000000e+03,1.165129202594701923e+02,1.840362390012514027e+01,-1.724778678580719121e-02,5.201258333436247767e+02,5.460722505519544079e-03,nan,1.835856876447057896e-05,1.907252251966437129e+01,1.000000000000000000e+00,1.000000000000000000e+00,-1.000000000000000000e+00,0.000000000000000000e+00
1.737000000000000000e+03,7.629193777824428935e+01,2.964736771163998696e+01,-8.990119398289661209e-03,2.712891239261231817e+02,1.721737275693457914e-02,nan,1.406229250063799403e-05,2.301950832048001772e+01,1.000000000000000000e+00,1.000000000000000000e+00,-1.000000000000000000e+00,0.000000000000000000e+00
1.738000000000000000e+03,4.363224628498586810e+01,1.141641482313074007e+01,-7.732530735047654299e-03,2.333929227258988135e+02,1.810035527051667703e-02,nan,1.087864787722182633e-05,2.483974833805693905e+01,1.000000000000000000e+00,1.000000000000000000e+00,-1.000000000000000000e+00,0.000000000000000000e+00
1.738000000000000000e+03,5.371102642792774873e+01,3.411952668754798168e+01,-1.428277526699366128e-03,4.342043411834831090e+01,3.311285608617944298e-01,nan,1.183953224656952227e-05,9.957972969252953277e+00,1.000000000000000000e+00,1.000000000000000000e+00,-1.000000000000000000e+00,0.000000000000000000e+00
1.742000000000000000e+03,2.870123185594496107e+01,3.936590172715846592e+01,-1.617725608361897296e-03,4.912926629020627445e+01,2.763478439846180912e-01,nan,1.104029194276006107e-05,2.357972065652288052e+01,1.000000000000000000e+00,1.000000000000000000e+00,-1.000000000000000000e+00,0.000000000000000000e+00
1.744000000000000000e+03,4.136797338435017224e+01,1.947728977729563127e+01,-6.652771067391072789e-03,2.008554239320448289e+02,3.352878945073833883e-02,nan,1.502384781618267437e-05,1.495075771726371805e+01,1.000000000000000000e+00,1.000000000000000000e+00,-1.000000000000000000e+00,0.000000000000000000e+00
1.746000000000000000e+03,4.301975029544770734e+01,4.618057315412356090e+00,-7.709774363720937884e-03,2.327071817904159161e+02,2.202339013779952559e-02,nan,1.315918671860482349e-05,1.495075771726371805e+01,1.000000000000000000e+00,1.000000000000000000e+00,-1.000000000000000000e+00,0.000000000000000000e+00
1.747000000000000000e+03,1.401340877207942128e+02,3.143892992024442989e+01,-6.586169253119074536e-03,1.988484435673801443e+02,3.840840811647805442e-02,nan,1.653517588738355598e-05,2.443465223049717494e+01,1.000000000000000000e+00,1.000000000000000000e+00,-1.000000000000000000e+00,0.000000000000000000e+00
1.748000000000000000e+03,1.438779155657057913e+02,7.292791871003403870e+00,-8.281591175542944369e-03,2.499383207024144724e+02,2.327580755305136417e-02,nan,1.607178762877763090e-05,2.443465223049717494e+01,1.000000000000000000e+00,1.000000000000000000e+00,-1.000000000000000000e+00,0.000000000000000000e+00
1.749000000000000000e+03,7.946078849077959205e+01,3.560096106937159988e+01,-1.528719515220054335e-03,4.644715495099161018e+01,3.031372545253926409e-01,nan,1.160164327997396761e-05,2.587539188803739165e+01,1.000000000000000000e+00,1.000000000000000000e+00,-1.000000000000000000e+00,0.000000000000000000e+00
1.749000000000000000e+03,5.601319302465515193e+01,4.951525653942947969e+01,-1.378702358354306611e-03,4.192653503269963267e+01,3.199218350662035304e-01,nan,1.008042740546921842e-05,7.902690514401604638e+00,1.000000000000000000e+00,1.000000000000000000e+00,-1.000000000000000000e+00,0.000000000000000000e+00
1.751000000000000000e+03,1.180620973523529926e+02,1.781507103758611166e+01,-1.553010597374197702e-03,4.717914289235193337e+01,3.173256211064384713e-01,nan,1.284191703670662982e-05,1.873119751799755051e+01,1.000000000000000000e+00,1.000000000000000000e+00,-1.000000000000000000e+00,0.000000000000000000e+00
1.755000000000000000e+03,1.083272346774809591e+01,2.839794126460798651e+01,-9.253676997195287024e-03,2.792311737297747527e+02,1.817054795855643778e-02,nan,1.554724436752895057e-05,4.529539347262982574e+00,1.000000000000000000e+00,1.000000000000000000e+00,-1.000000000000000000e+00,0.000000000000000000e+00
1.755000000000000000e+03,5.880881578149285360e+01,4.417203698246920851e+01,-1.705536086008612590e-02,5.143272667610779081e+02,5.389464292420154123e-03,nan,1.724620529201469462e-05,1.040239313242537911e+01,1.000000000000000000e+00,1.000000000000000000e+00,-1.000000000000000000e+00,0.000000000000000000e+00
1.756000000000000000e+03,6.898561961495462924e+01,4.632667073714038253e+01,-8.834725575949239559e-03,2.666064834660037377e+02,1.232262485398250007e-02,nan,1.006431966616281023e-05,1.040239313242537911e+01,1.000000000000000000e+00,1.000000000000000000e+00,-1.000000000000000000e+00,0.000000000000000000e+00
1.760000000000000000e+03,3.512749414058637143e+01,2.646573051054997805e+01,-1.576012264075320971e-03,4.787227556341079548e+01,2.913398778548736967e-01,nan,1.142057534400466620e-05,2.131478036715112978e+01,1.000000000000000000e+00,1.000000000000000000e+00,-1.000000000000000000e+00,0.000000000000000000e+00
1.760000000000000000e+03,1.435548168013376547e+01,3.124520333113310500e+01,-1.636491814809132826e-03,4.969476751972278805e+01,3.240904065122115485e-01,nan,1.512571181558668642e-05,4.529539347262982574e+00,1.000000000000000000e+00,1.000000000000000000e+00,-1.000000000000000000e+00,0.000000000000000000e+00
1.761000000000000000e+03,6.695065736746578011e+01,2.680391350794216265e+01,-7.914863737486335302e-03,2.388873489622520196e+02,2.325374535481694593e-02,nan,1.532059827143833667e-05,1.523375357297440225e+01,1.000000000000000000e+00,1.000000000000000000e+00,-1.000000000000000000e+00,0.000000000000000000e+00
1.764000000000000000e+03,6.954461004661179402e+01,4.181519784408281026e+01,-1.421601564835189239e-03,4.321926055388752275e+01,3.020120176743269491e-01,nan,1.007953445382957237e-05,9.357361736925254192e+00,1.000000000000000000e+00,1.000000000000000000e+00,-1.000000000000000000e+00,0.000000000000000000e+00
1.768000000000000000e+03,5.466464090587710700e+01,5.051800566330862097e+01,1.423255483267165224e-03,-4.326909976403540981e+01,3.452591661591809524e-01,nan,1.267220690017912505e-05,1.723810736616971440e+01,1.000000000000000000e+00,1.000000000000000000e+00,-1.000000000000000000e+00,0.000000000000000000e+00
1.769000000000000000e+03,7.597015870008843308e+01,3.501280538425830002e+01,-8.544741877172173233e-03,2.578681090556372624e+02,1.841405387471306554e-02,nan,1.435803794967824630e-05,9.357361736925254192e+00,1.000000000000000000e+00,1.000000000000000000e+00,-1.000000000000000000e+00,0.000000000000000000e+00
1.769000000000000000e+03,1.427145670840311027e+02,3.703623046383474104e+01,-7.815828015668196266e-03,2.359030045977327177e+02,2.865461504288258077e-02,nan,1.714553916563045602e-05,1.491238006489944645e+01,1.000000000000000000e+00,1.000000000000000000e+00,-1.000000000000000000e+00,0.000000000000000000e+00
1.769000000000000000e+03,1.283252025994949008e+02,3.312148028902426944e+01,-1.403764443524108552e-03,4.268175639390651810e+01,3.216881707337241325e-01,nan,1.068550653537754302e-05,1.491238006489944645e+01,1.000000000000000000e+00,1.000000000000000000e+00,-1.000000000000000000e+00,0.000000000000000000e+00
1.772000000000000000e+03,5.394579239152763250e+01,7.930618722169160861e+00,-7.605198589698922151e-03,2.295558933851984307e+02,1.754137504398900482e-02,nan,1.110461340107029798e-05,2.884208131597385005e+01,1.000000000000000000e+00,1.000000000000000000e+00,-1.000000000000000000e+00,0.000000000000000000e+00
1.772000000000000000e+03,1.001665775304333437e+02,4.034328454881670467e+01,1.442911828334745477e-03,-4.386142444802368345e+01,3.441042642982107269e-01,nan,1.284472925493432017e-05,1.523902648674743965e+01,1.000000000000000000e+00,1.000000000000000000e+00,-1.000000000000000000e+00,0.000000000000000000e+00
1.773000000000000000e+03,6.356426641573361280e+01,3.512162113257916474e+01,1.376618555078777889e-03,-4.186374166432786126e+01,3.483778812384343837e-01,nan,1.226989761692005637e-05,1.005436528989664779e+01,1.000000000000000000e+00,1.000000000000000000e+00,-1.000000000000000000e+00,0.000000000000000000e+00
1.776000000000000000e+03,4.987376206979850934e+01,5.275591002431593068e+01,-1.555925530050718047e-03,4.726698153023353655e+01,2.931932185318464335e-01,nan,1.123132755852221504e-05,4.687389504756952263e+00,1.000000000000000000e+00,1.000000000000000000e+00,-1.000000000000000000e+00,0.000000000000000000e+00
1.777000000000000000e+03,1.137012647780848624e+02,3.334041589575392095e+01,-1.943585930689217594e-03,5.894874757135211496e+01,3.404380393003597627e-01,nan,2.531227544735102175e-05,1.523902648674743965e+01,1.000000000000000000e+00,1.000000000000000000e+00,-1.000000000000000000e+00,0.000000000000000000e+00
1.778000000000000000e+03,7.087834224304128838e+01,4.202050192406063900e+01,1.233864750431508048e-03,-3.756199574284016762e+01,3.731576474059085102e-01,nan,1.114556652494483790e-05,1.005436528989664779e+01,1.000000000000000000e+00,1.000000000000000000e+00,-1.000000000000000000e+00,0.000000000000000000e+00
1.779000000000000000e+03,8.784938237251935789e+01,3.404724861085018262e+01,-8.690987548408451308e-03,2.622750789527294160e+02,2.048365023542053631e-02,nan,1.583348661796818931e-05,1.252436302033418158e+01,1.000000000000000000e+00,1.000000000000000000e+00,-1.000000000000000000e+00,0.000000000000000000e+00
1.780000000000000000e+03,1.004901393571077790e+02,4.740889043651964840e+01,-1.491346383277689482e-03,4.532095226726255532e+01,2.866554669419051349e-01,nan,9.245761933333350173e-06,1.839353716447439169e+01,1.000000000000000000e+00,1.000000000000000000e+00,-1.000000000000000000e+00,0.000000000000000000e+00
1.781000000000000000e+03,1.313338041180142284e+02,5.339450644015037994e+00,-3.018225936866617085e-03,9.133197038676972568e+01,1.936073403407700955e-01,nan,2.236318569122150961e-05,2.718924922160830349e+01,1.000000000000000000e+00,1.000000000000000000e+00,-1.000000000000000000e+00,0.000000000000000000e+00
1.781000000000000000e+03,5.367255387235896080e+01,5.000985809288689410e+01,-1.663959912997205626e-03,5.052249172394648014e+01,3.698560517253020041e-01,nan,1.851384107030266160e-05,4.687389504756952263e+00,1.000000000000000000e+00,1.000000000000000000e+00,-1.000000000000000000e+00,0.000000000000000000e+00
1.783000000000000000e+03,8.448789965237199340e+01,1.601839395196317284e+01,-9.122748423540161244e-03,2.752857695486476928e+02,1.318775812060446473e-02,nan,1.246439699364922877e-05,1.833955196805857568e+01,1.000000000000000000e+00,1.000000000000000000e+00,-1.000000000000000000e+00,0.000000000000000000e+00
1.784000000000000000e+03,1.435214346411914903e+02,2.964411964948074996e+01,-7.850321748194725308e-03,2.369424394035476951e+02,8.803572360859746038e-02,nan,5.807200084781612983e-05,6.125206176241001721e+00,1.000000000000000000e+00,1.000000000000000000e+00,-1.000000000000000000e+00,0.000000000000000000e+00
1.784000000000000000e+03,7.547563900728769681e+01,3.211071970672822573e+01,-8.552955866628545942e-03,2.581156295734294304e+02,1.748117605763577220e-02,nan,1.365999397821130554e-05,1.252436302033418158e+01,1.000000000000000000e+00,1.000000000000000000e+00,-1.000000000000000000e+00,0.000000000000000000e+00
1.787000000000000000e+03,1.201924475978877069e+02,1.713188808468732205e+01,-9.359331210534055714e-03,2.824149598463063739e+02,1.585433889312670708e-02,nan,1.400490917660491767e-05,1.873242316163237220e+01,1.000000000000000000e+00,1.000000000000000000e+00,-1.000000000000000000e+00,0.000000000000000000e+00
1.787000000000000000e+03,4.471181436028659562e+01,2.844932060578915056e+01,-3.478353003047996318e-03,1.051974483346438234e+02,1.098211317596534675e-01,nan,1.474042531764161621e-05,1.013498212366254592e+01,1.000000000000000000e+00,1.000000000000000000e+00,-1.000000000000000000e+00,0.000000000000000000e+00
1.787000000000000000e+03,1.385596214288292458e+02,2.605266307211713439e+01,-8.533733464618109554e-03,2.575363813379522071e+02,8.855398291727156757e-02,nan,6.945786357910369003e-05,6.125206176241001721e+00,1.000000000000000000e+00,1.000000000000000000e+00,-1.000000000000000000e+00,0.000000000000000000e+00
1.788000000000000000e+03,2.209051182195890206e+01,3.265433711583775533e+01,-9.174767819341374600e-03,2.768533230319264362e+02,1.217615912049818672e-02,nan,9.774646133983997258e-06,9.153258101931241342e+00,1.000000000000000000e+00,1.000000000000000000e+00,-1.000000000000000000e+00,0.000000000000000000e+00
1.790000000000000000e+03,4.309701957868502120e+01,1.844380710271137502e+01,-8.962426296207326795e-03,2.704546194501803029e+02,1.774180583571915992e-02,nan,1.382846646252952215e-05,1.013498212366254592e+01,1.000000000000000000e+00,1.000000000000000000e+00,-1.000000000000000000e+00,0.000000000000000000e+00
1.792000000000000000e+03,5.794325588348132072e+01,3.445307185196450916e+01,-1.176456504168925561e-03,3.583205453510824157e+01,3.153430924457366613e-01,nan,7.325287082329689284e-06,1.452983392223303127e+01,1.000000000000000000e+00,1.000000000000000000e+00,-1.000000000000000000e+00,0.000000000000000000e+00
1.796000000000000000e+03,1.264016974347608624e+02,4.127621307923309502e+01,-1.422663921224602036e-03,4.325127362195680547e+01,3.267753083428716065e-01,nan,1.132627453679313650e-05,3.633023785509113424e+01,1.000000000000000000e+00,1.000000000000000000e+00,-1.000000000000000000e+00,0.000000000000000000e+00
1.800000000000000000e+03,4.292538821324475862e+01,3.146600892896024604e+01,-3.929562175177589607e-03,1.187941942899778951e+02,2.930443694732212112e-01,nan,7.168375721898946759e-05,3.629053509566694924e+00,1.000000000000000000e+00,1.000000000000000000e+00,-1.000000000000000000e+00,0.000000000000000000e+00
1.800000000000000000e+03,7.489791983477306303e+01,4.063090624099241666e+01,-7.928889387929563201e-03,2.393099981850832592e+02,2.105679887665945493e-01,nan,1.758010343257428837e-04,7.461241793881732143e+00,1.000000000000000000e+00,1.000000000000000000e+00,-1.000000000000000000e+00,0.000000000000000000e+00
1.800000000000000000e+03,8.017616377365716573e+01,4.590445059260270000e+01,-8.873296124008635960e-03,2.677687691102569829e+02,1.137575103539729682e-01,nan,1.001028712721444903e-04,7.461241793881732143e+00,1.000000000000000000e+00,1.000000000000000000e+00,-1.000000000000000000e+00,0.000000000000000000e+00
1.800000000000000000e+03,4.477658811265096261e+01,2.834461688249495026e+01,4.218633280212588654e-03,-1.275050685827985859e+02,2.280856456126069132e-01,nan,5.697781181975959626e-05,3.629053509566694924e+00,1.000000000000000000e+00,1.000000000000000000e+00,-1.000000000000000000e+00,0.000000000000000000e+00
1.800000000000000000e+03,5.344343285452868031e+01,5.002652392175328089e+00,-1.444561877238804406e-03,4.391114705374217664e+01,3.627596930749786841e-01,nan,1.450709934428271052e-05,2.489902616664265622e+01,1.000000000000000000e+00,1.000000000000000000e+00,-1.000000000000000000e+00,0.000000000000000000e+00
1.801000000000000000e+03,9.120960242503421966e+01,5.029855376410360890e+01,2.306009142168594095e-03,-6.987001566424910948e+01,2.317041709300902141e-01,nan,1.801834838551365391e-05,1.187623303726797985e+01,1.000000000000000000e+00,1.000000000000000000e+00,-1.000000000000000000e+00,0.000000000000000000e+00
1.805000000000000000e+03,2.678965738932472007e+01,1.975043257463980595e+01,-1.764377132962035785e-02,5.320584392768219004e+02,4.133394490112185515e-03,nan,1.530909213964067630e-05,1.629224231540818835e+01,1.000000000000000000e+00,1.000000000000000000e+00,-1.000000000000000000e+00,0.000000000000000000e+00
1.805000000000000000e+03,5.819687708075024801e+01,4.372173322009189178e+01,1.690659971106614565e-03,-5.132707179352454574e+01,2.238675010696434819e-01,nan,8.870591736323740143e-06,1.698464131168000790e+01,1.000000000000000000e+00,1.000000000000000000e+00,-1.000000000000000000e+00,0.000000000000000000e+00
1.805000000000000000e+03,1.066875273753757654e+02,1.833652961350990296e+01,-1.339227629697759339e-03,4.073700279277286285e+01,3.712481866721204504e-01,nan,1.266948125659587600e-05,1.352224728847159518e+01,1.000000000000000000e+00,1.000000000000000000e+00,-1.000000000000000000e+00,0.000000000000000000e+00
1.811000000000000000e+03,1.254049800768709666e+01,1.399529855693186775e+01,-1.550982371889601591e-03,4.711802430621143145e+01,3.165371122209463817e-01,nan,1.316967209812436444e-05,5.686461646470439391e+00,1.000000000000000000e+00,1.000000000000000000e+00,-1.000000000000000000e+00,0.000000000000000000e+00
1.811000000000000000e+03,1.063888708488051549e+02,1.236727220169223784e+01,-1.541268251150846799e-03,4.682529880322375249e+01,2.734900315624861911e-01,nan,9.582184825677302618e-06,2.838286893014291223e+01,1.000000000000000000e+00,1.000000000000000000e+00,-1.000000000000000000e+00,0.000000000000000000e+00
1.815000000000000000e+03,1.373612568757150143e+02,1.401512143589064863e+01,-2.329771892954016731e-03,7.058608285788432113e+01,2.300035398726973934e-01,nan,1.751511745344649216e-05,5.703765320421665841e+00,1.000000000000000000e+00,1.000000000000000000e+00,-1.000000000000000000e+00,0.000000000000000000e+00
1.815000000000000000e+03,6.741702058039209078e+01,3.849378604708616081e+01,-1.885099770053488312e-03,5.718632447096692317e+01,3.086471335428686569e-01,nan,1.819182790304853852e-05,1.009649670946569167e+01,1.000000000000000000e+00,1.000000000000000000e+00,-1.000000000000000000e+00,0.000000000000000000e+00
1.815000000000000000e+03,8.172822184588093819e+01,2.641859382850886817e+01,-1.742098728109316413e-03,5.287712829597308684e+01,2.719029578967047112e-01,nan,1.246636452814125783e-05,1.872486979332350998e+01,1.000000000000000000e+00,1.000000000000000000e+00,-1.000000000000000000e+00,0.000000000000000000e+00
1.816000000000000000e+03,6.248023902196692347e+01,2.968654847514314454e+01,-1.657615024666705614e-03,5.033129473577888291e+01,2.386579130176091912e-01,nan,8.633614414904821558e-06,1.009649670946569167e+01,1.000000000000000000e+00,1.000000000000000000e+00,-1.000000000000000000e+00,0.000000000000000000e+00
1.817000000000000000e+03,1.313053383397290190e+02,3.311389977916855543e+01,-9.006151782341405634e-03,2.717722440984837817e+02,1.700962298276564866e-02,nan,1.431890097727201264e-05,7.936400630830221736e+00,1.000000000000000000e+00,1.000000000000000000e+00,-1.000000000000000000e+00,0.000000000000000000e+00
1.819000000000000000e+03,1.583252423001314746e+01,2.197817803390921654e+01,-7.619367998790444602e-03,2.299828746339291001e+02,2.429272775719171218e-02,nan,1.354688027183668047e-05,9.294819817191820377e+00,1.000000000000000000e+00,1.000000000000000000e+00,-1.000000000000000000e+00,0.000000000000000000e+00
1.820000000000000000e+03,1.428693028473795721e+02,1.253378136538870358e+01,-8.001367325108891745e-03,2.414940497515504205e+02,2.232609985415789922e-02,nan,1.485711351692363091e-05,5.703765320421665841e+00,1.000000000000000000e+00,1.000000000000000000e+00,-1.000000000000000000e+00,0.000000000000000000e+00
1.821000000000000000e+03,3.041201090148783592e+01,1.832634510709453224e+01,-1.622604322624736015e-02,4.893365930778181792e+02,1.787256416418803173e-02,nan,4.483368993547600149e-05,6.033880092801739536e+00,1.000000000000000000e+00,1.000000000000000000e+00,-1.000000000000000000e+00,0.000000000000000000e+00
1.822000000000000000e+03,4.016884359330843779e+01,2.617805085097245765e+01,-9.319570937454188173e-03,2.812168230051820501e+02,1.441100484901491896e-02,nan,1.233161272444187063e-05,1.252378007091408740e+01,1.000000000000000000e+00,1.000000000000000000e+00,-1.000000000000000000e+00,0.000000000000000000e+00
1.822000000000000000e+03,4.110324634052399517e+01,4.882394638527794228e+01,-1.739185672207976818e-02,5.244672396010683997e+02,7.025346059061465809e-03,nan,2.468615452516139468e-05,2.266516474779482238e+01,1.000000000000000000e+00,1.000000000000000000e+00,-1.000000000000000000e+00,0.000000000000000000e+00
1.824000000000000000e+03,1.839368003664755591e+01,1.304318187452533984e+01,-8.512422188042007704e-03,2.568941869157477527e+02,4.452451621916553304e-02,nan,3.981389630133629846e-05,7.141331060137480868e+00,1.000000000000000000e+00,1.000000000000000000e+00,-1.000000000000000000e+00,0.000000000000000000e+00
1.825000000000000000e+03,2.513429712132599647e+01,1.540171757029622235e+01,-9.085134367764364019e-03,2.741523068614432646e+02,1.203133601670164365e-01,nan,1.138312504865579160e-04,6.033880092801739536e+00,1.000000000000000000e+00,1.000000000000000000e+00,-1.000000000000000000e+00,0.000000000000000000e+00
1.828000000000000000e+03,6.100357630568559841e+01,6.466621527720164408e+00,-8.398735962491851031e-03,2.534683639872583285e+02,1.775875469729770728e-02,nan,1.196478118145288100e-05,2.910740756322464406e+01,1.000000000000000000e+00,1.000000000000000000e+00,-1.000000000000000000e+00,0.000000000000000000e+00
1.828000000000000000e+03,9.635209655141690632e+01,4.472705647072925927e+01,-2.064355207108011653e-03,6.258801129226830540e+01,2.878377566871159754e-01,nan,1.916787099760911117e-05,1.676331966521571104e+01,1.000000000000000000e+00,1.000000000000000000e+00,-1.000000000000000000e+00,0.000000000000000000e+00
1.829000000000000000e+03,2.372681676192981826e+01,4.905691406344961791e+01,-1.803513631365271860e-02,5.438518393058732272e+02,4.469893515323897226e-03,nan,1.795105458395890912e-05,6.393799289555825993e+00,1.000000000000000000e+00,1.000000000000000000e+00,-1.000000000000000000e+00,0.000000000000000000e+00
1.831000000000000000e+03,5.398913910095461688e+01,3.471620286537104505e+01,-8.745178010164930682e-03,2.639080553796657682e+02,2.025349990540137313e-02,nan,1.538408589323679164e-05,2.388152093152221411e+01,1.000000000000000000e+00,1.000000000000000000e+00,-1.000000000000000000e+00,0.000000000000000000e+00
1.832000000000000000e+03,1.308149627391863987e+02,5.120868663719801361e+01,-8.595821545522549026e-03,2.594073447736631692e+02,2.049958834166987209e-02,nan,1.499957625755705639e-05,1.437427371122583075e+01,1.000000000000000000e+00,1.000000000000000000e+00,-1.000000000000000000e+00,0.000000000000000000e+00
1.833000000000000000e+03,1.171274321851678337e+02,4.681878321479265992e+01,-8.659881685037982418e-03,2.613377342618547914e+02,1.936385014773001068e-02,nan,1.523001587688248241e-05,1.437427371122583075e+01,1.000000000000000000e+00,1.000000000000000000e+00,-1.000000000000000000e+00,0.000000000000000000e+00
1.833000000000000000e+03,1.752454748243791371e+01,4.750368351398326183e+01,-8.425243656767266234e-03,2.542671473613271473e+02,7.000063515677013015e-02,nan,2.525839881193113601e-05,6.393799289555825993e+00,1.000000000000000000e+00,1.000000000000000000e+00,-1.000000000000000000e+00,0.000000000000000000e+00
1.834000000000000000e+03,1.163087407484726015e+02,1.174763206991707598e+01,-8.280708244309129690e-03,2.499117144354683830e+02,1.808853174324343005e-02,nan,1.251144483285134961e-05,3.508070549882408073e+01,1.000000000000000000e+00,1.000000000000000000e+00,-1.000000000000000000e+00,0.000000000000000000e+00
1.835000000000000000e+03,5.780619100334776306e+01,1.114170060599830414e+01,-8.149147252118797008e-03,2.459472529419199418e+02,2.912153037558029567e-02,nan,1.934834490693274162e-05,1.679654741869649115e+01,1.000000000000000000e+00,1.000000000000000000e+00,-1.000000000000000000e+00,0.000000000000000000e+00
1.836000000000000000e+03,4.178460449108400354e+01,6.098609210974040629e+00,-9.252809347941322315e-03,2.792050279703062756e+02,1.805557217061892761e-02,nan,1.578949098409645555e-05,1.679654741869649115e+01,1.000000000000000000e+00,1.000000000000000000e+00,-1.000000000000000000e+00,0.000000000000000000e+00
1.837000000000000000e+03,1.590622078054422950e+01,2.717595532848040563e+01,-1.582489746918419767e-03,4.806746815719599653e+01,3.424485594955987144e-01,nan,1.529827713777759583e-05,2.039204537307989895e+01,1.000000000000000000e+00,1.000000000000000000e+00,-1.000000000000000000e+00,0.000000000000000000e+00
1.842000000000000000e+03,1.007368032139202114e+02,4.611114979052484841e+01,-1.882798215109133394e-03,5.711696936957805093e+01,1.978289616440019882e-01,nan,9.430672623555009531e-06,1.554907237292018785e+01,1.000000000000000000e+00,1.000000000000000000e+00,-1.000000000000000000e+00,0.000000000000000000e+00
1.844000000000000000e+03,1.133020783237973035e+02,3.695213712149697471e+01,-8.145974937534709859e-03,2.458516583526374291e+02,1.962259863805582150e-02,nan,1.335780588057418455e-05,1.554907237292018785e+01,1.000000000000000000e+00,1.000000000000000000e+00,-1.000000000000000000e+00,0.000000000000000000e+00
1.847000000000000000e+03,3.343402675347518027e+01,3.903385990394106386e+01,-1.693386854343387768e-03,5.140924374593693358e+01,2.669327420303116982e-01,nan,1.276783748545321630e-05,2.898779240831854409e+01,1.000000000000000000e+00,1.000000000000000000e+00,-1.000000000000000000e+00,0.000000000000000000e+00
1.847000000000000000e+03,1.288018702991310249e+02,5.729167616638330074e+00,-6.708282169217079892e-03,2.025281965524828820e+02,3.308601517735532127e-02,nan,1.476666471035907897e-05,2.797005754914779985e+01,1.000000000000000000e+00,1.000000000000000000e+00,-1.000000000000000000e+00,0.000000000000000000e+00
1.850000000000000000e+03,1.044525508003999192e+01,7.396965039227286987e+00,-9.218163227959695963e-03,2.781610011179600406e+02,1.459421239968328177e-02,nan,1.276702837527325455e-05,3.284780696185897142e+01,1.000000000000000000e+00,1.000000000000000000e+00,-1.000000000000000000e+00,0.000000000000000000e+00
1.850000000000000000e+03,6.011494002898177058e+01,5.732323728358609927e+00,2.421288931435254619e-03,-7.334385907271830263e+01,2.049958880016873319e-01,nan,1.594590832325832122e-05,2.050771597706813765e+01,1.000000000000000000e+00,1.000000000000000000e+00,-1.000000000000000000e+00,0.000000000000000000e+00
1.850000000000000000e+03,6.700816958046878824e+01,2.504682089878999207e+01,-2.183134692031123147e-03,6.616731459761230383e+01,1.574903652470101001e-01,nan,9.093060999496944808e-06,2.050771597706813765e+01,1.000000000000000000e+00,1.000000000000000000e+00,-1.000000000000000000e+00,0.000000000000000000e+00
1.853000000000000000e+03,1.106484516011676078e+02,3.180013826297608759e+01,-9.225706817916783098e-03,2.783883198042217373e+02,3.942996201742643425e-02,nan,3.956907958240721973e-05,7.362105639843805172e+00,1.000000000000000000e+00,1.000000000000000000e+00,-1.000000000000000000e+00,0.000000000000000000e+00
1.853000000000000000e+03,1.545213404219750331e+01,5.112185731521855558e+01,-9.221673574750306052e-03,2.782667819763184411e+02,1.714581457856911850e-02,nan,1.544336346750853312e-05,1.325731975441165744e+01,1.000000000000000000e+00,1.000000000000000000e+00,-1.000000000000000000e+00,0.000000000000000000e+00
1.853000000000000000e+03,4.463870982702042767e+01,2.488993985453355151e+01,-1.460073379591000442e-03,4.437857096685314673e+01,3.451512981328630492e-01,nan,1.337729226814272095e-05,1.995270223214765437e+01,1.000000000000000000e+00,1.000000000000000000e+00,-1.000000000000000000e+00,0.000000000000000000e+00
1.854000000000000000e+03,7.315706470290359675e+01,5.050721095391886450e+01,-1.335123489433179440e-03,4.061332855033852951e+01,3.695189964049705456e-01,nan,1.261244767410566871e-05,2.619237241996241394e+01,1.000000000000000000e+00,1.000000000000000000e+00,-1.000000000000000000e+00,0.000000000000000000e+00
1.855000000000000000e+03,1.177426962419723964e+02,3.376795238748899664e+01,-8.384752392348720010e-03,2.530469828130074177e+02,4.458912266029269045e-02,nan,3.513506408902309155e-05,7.362105639843805172e+00,1.000000000000000000e+00,1.000000000000000000e+00,-1.000000000000000000e+00,0.000000000000000000e+00
1.855000000000000000e+03,8.004824110827421180e+00,4.015399052824351855e+01,-8.582734911931360136e-03,2.590129919028868244e+02,2.309376491439463219e-02,nan,1.691310119150058513e-05,1.325731975441165744e+01,1.000000000000000000e+00,1.000000000000000000e+00,-1.000000000000000000e+00,0.000000000000000000e+00
1.856000000000000000e+03,9.291831711276221029e+01,2.948221086985762440e+01,-8.145709607894289703e-03,2.458436629041003414e+02,2.614622876020245013e-02,nan,1.705012142668722158e-05,1.788100825951130446e+01,1.000000000000000000e+00,1.000000000000000000e+00,-1.000000000000000000e+00,0.000000000000000000e+00
1.858000000000000000e+03,4.058788707418914044e+01,5.352766021302341137e+00,-1.307796018622050041e-03,3.978984201422260725e+01,3.467907060167250144e-01,nan,1.057887349742859989e-05,1.732787430059351053e+01,1.000000000000000000e+00,1.000000000000000000e+00,-1.000000000000000000e+00,0.000000000000000000e+00
1.861000000000000000e+03,1.306545572402776827e+02,1.561246263377465660e+01,-1.743074800040830515e-03,5.290654126651243416e+01,3.399719195044773601e-01,nan,1.788341345514565743e-05,3.633877424572825277e+01,1.000000000000000000e+00,1.000000000000000000e+00,-1.000000000000000000e+00,0.000000000000000000e+00
1.865000000000000000e+03,5.121102422282967126e+01,3.112811370234538444e+01,-7.946301121562157274e-03,2.398346837044998097e+02,2.244873371343580892e-02,nan,1.390550823270713815e-05,1.070752928089684275e+01,1.000000000000000000e+00,1.000000000000000000e+00,-1.000000000000000000e+00,0.000000000000000000e+00
1.868000000000000000e+03,1.191014523658103030e+02,3.883344265363164283e+01,-8.176896343554980809e-03,2.467834446021390420e+02,2.525660841037280502e-02,nan,1.725651950844585687e-05,2.856029086220434010e+01,1.000000000000000000e+00,1.000000000000000000e+00,-1.000000000000000000e+00,0.000000000000000000e+00
1.869000000000000000e+03,1.054976592759022509e+02,7.879305161963385373e+00,-8.841486486462324379e-03,2.668102168747004157e+02,1.962114775622547658e-02,nan,3.496136522574989089e-05,9.100052725271218890e+00,1.000000000000000000e+00,1.000000000000000000e+00,-1.000000000000000000e+00,0.000000000000000000e+00
1.869000000000000000e+03,1.141475345381684718e+02,1.070607320160706877e+01,-7.693588942004381086e-03,2.322194499780919443e+02,4.108241324022676721e-02,nan,2.680356760868660886e-05,9.100052725271218890e+00,1.000000000000000000e+00,1.000000000000000000e+00,-1.000000000000000000e+00,0.000000000000000000e+00
1.870000000000000000e+03,2.402380268756993331e+01,1.984427821341689224e+01,-9.314000115085733708e-03,2.810489517357469254e+02,2.584379582529561237e-02,nan,2.318523208323521764e-05,1.589599738865060807e+01,1.000000000000000000e+00,1.000000000000000000e+00,-1.000000000000000000e+00,0.000000000000000000e+00
1.870000000000000000e+03,5.446988341607572437e+01,2.092855390498849388e+01,-6.799326728940928953e-03,2.052717350832662930e+02,3.392150042965202950e-02,nan,1.608252075382382083e-05,1.070752928089684275e+01,1.000000000000000000e+00,1.000000000000000000e+00,-1.000000000000000000e+00,0.000000000000000000e+00
1.871000000000000000e+03,2.662792850044045068e+01,3.552551737780464691e+01,-8.631097379881080486e-03,2.604703474512719481e+02,2.249529741891365120e-02,nan,1.803695803065811566e-05,1.034316123254599518e+01,1.000000000000000000e+00,1.000000000000000000e+00,-1.000000000000000000e+00,0.000000000000000000e+00
1.871000000000000000e+03,7.095024585703135322e+00,8.934381751787469739e+00,1.409778761361981476e-03,-4.286299196442968906e+01,3.412849060464760997e-01,nan,1.183270656850344115e-05,2.013974599705068158e+01,1.000000000000000000e+00,1.000000000000000000e+00,-1.000000000000000000e+00,0.000000000000000000e+00
1.872000000000000000e+03,3.696860244661380790e+01,3.575233585450781959e+01,-7.530653698689660815e-03,2.273095561918802616e+02,2.164328825031169856e-02,nan,1.252757881350718156e-05,1.034316123254599518e+01,1.000000000000000000e+00,1.000000000000000000e+00,-1.000000000000000000e+00,0.000000000000000000e+00
1.874000000000000000e+03,8.793059882207153066e+00,3.248516176519730436e+01,-2.030245382359323423e-03,6.156014517088618732e+01,2.367101702651034367e-01,nan,1.367513751395711395e-05,1.809216131037847575e+01,1.000000000000000000e+00,1.000000000000000000e+00,-1.000000000000000000e+00,0.000000000000000000e+00
1.874000000000000000e+03,8.672646043431892338e+01,9.138585238854112447e+00,-1.392759613735020628e-03,4.235013663933082029e+01,2.949206894779208277e-01,nan,9.132837449622873980e-06,1.881339130147229000e+01,1.000000000000000000e+00,1.000000000000000000e+00,-1.000000000000000000e+00,0.000000000000000000e+00
1.878000000000000000e+03,1.415713897136352273e+02,2.881409560677341020e+01,-2.321360538891437727e-03,7.033261495121595885e+01,2.431522943431525530e-01,nan,1.937094593831785493e-05,3.053341474142725787e+01,1.000000000000000000e+00,1.000000000000000000e+00,-1.000000000000000000e+00,0.000000000000000000e+00
1.879000000000000000e+03,4.604251658776867373e+01,4.692150510052293555e+01,1.462047044602221178e-03,-4.443804542662940804e+01,3.401958942560022736e-01,nan,1.293381580321481390e-05,1.526115723112022238e+01,1.000000000000000000e+00,1.000000000000000000e+00,-1.000000000000000000e+00,0.000000000000000000e+00
1.880000000000000000e+03,1.057881397090635858e+02,1.972239214358918602e+01,-8.613881425726450936e-03,2.599515615544463571e+02,1.689792869691575383e-02,nan,1.271206422465510761e-05,2.351559986212810571e+01,1.000000000000000000e+00,1.000000000000000000e+00,-1.000000000000000000e+00,0.000000000000000000e+00
1.880000000000000000e+03,1.788999774716372926e+01,2.422966403978404060e+01,-6.873677368654267615e-03,2.075122187042607607e+02,2.902051245599024387e-02,nan,1.327108096501371449e-05,1.342059746395472253e+01,1.000000000000000000e+00,1.000000000000000000e+00,-1.000000000000000000e+00,0.000000000000000000e+00
1.883000000000000000e+03,5.580648955731231098e+01,3.233132926271187557e+01,-2.392667336551609555e-02,7.213875312390522367e+02,3.025860294032844955e-03,nan,2.333255638526188447e-05,1.755586509199203249e+01,1.000000000000000000e+00,1.000000000000000000e+00,-1.000000000000000000e+00,0.000000000000000000e+00
1.883000000000000000e+03,3.160012145705848852e+01,4.198995940759746048e+01,-1.490088762170562213e-03,4.528305508839765992e+01,2.834983160436195249e-01,nan,9.720645460559710791e-06,1.227860701644498320e+01,1.000000000000000000e+00,1.000000000000000000e+00,-1.000000000000000000e+00,0.000000000000000000e+00
1.886000000000000000e+03,8.305497139334454459e+01,4.488237609029484787e+01,-1.724324895674541648e-03,5.234153128421974799e+01,2.832059861921706334e-01,nan,1.327509658201924189e-05,3.000014231360843198e+01,1.000000000000000000e+00,1.000000000000000000e+00,-1.000000000000000000e+00,0.000000000000000000e+00
1.888000000000000000e+03,3.359794322114046139e+01,2.987497288415252683e+01,-8.552365046680976066e-03,2.580978257936557725e+02,1.683876243089010849e-02,nan,1.206748003811616198e-05,1.227860701644498320e+01,1.000000000000000000e+00,1.000000000000000000e+00,-1.000000000000000000e+00,0.000000000000000000e+00
1.891000000000000000e+03,2.183977778509440881e+01,3.434317907452368956e+01,-1.457606605876553534e-03,4.430423715983781108e+01,3.099160048455733563e-01,nan,1.121468065053772221e-05,1.257852618477615003e+01,1.000000000000000000e+00,1.000000000000000000e+00,-1.000000000000000000e+00,0.000000000000000000e+00
1.892000000000000000e+03,3.029137236550811352e+01,5.835053436739438659e+00,-7.830595641674917284e-03,2.363480125266032417e+02,2.005990417899061740e-02,nan,1.258832596979164960e-05,1.911354744260595595e+01,1.000000000000000000e+00,1.000000000000000000e+00,-1.000000000000000000e+00,0.000000000000000000e+00
1.893000000000000000e+03,6.729772341088452947e+01,4.240265250637640548e+01,-1.283465210021530025e-03,3.905665695535569171e+01,3.211775612511268418e-01,nan,8.885216018305474331e-06,1.039111489906951391e+01,1.000000000000000000e+00,1.000000000000000000e+00,-1.000000000000000000e+00,0.000000000000000000e+00
1.896000000000000000e+03,6.570767083511290707e+01,3.213391345759605144e+01,-8.790925304751015870e-03,2.652866052431250523e+02,1.892583284549920197e-02,nan,1.422013067483513691e-05,1.039111489906951391e+01,1.000000000000000000e+00,1.000000000000000000e+00,-1.000000000000000000e+00,0.000000000000000000e+00
1.897000000000000000e+03,4.415282312110299756e+01,3.562583534942872632e+01,-8.311685567953419618e-03,2.508451857077380964e+02,1.571969111495197247e-02,nan,1.120113321532292294e-05,2.183586450023947378e+01,1.000000000000000000e+00,1.000000000000000000e+00,-1.000000000000000000e+00,0.000000000000000000e+00
1.902000000000000000e+03,2.226137083568078623e+01,1.770478687277234897e+01,-8.110756510581934586e-03,2.447903855909085280e+02,1.650150282616336117e-02,nan,1.152969764351074132e-05,2.373114236251568343e+01,1.000000000000000000e+00,1.000000000000000000e+00,-1.000000000000000000e+00,0.000000000000000000e+00
1.905000000000000000e+03,6.230684803572533959e+00,3.520290743384849463e+01,-7.926402787635879188e-03,2.392350669235441671e+02,4.361924705959130399e-02,nan,2.783073662911561829e-05,1.205748370663774338e+01,1.000000000000000000e+00,1.000000000000000000e+00,-1.000000000000000000e+00,0.000000000000000000e+00
1.905000000000000000e+03,5.498875849409743921e+01,8.679366711403934787e+00,-1.437198414268680766e-03,4.368925631760367168e+01,3.527678681036278130e-01,nan,1.405672186671707939e-05,3.394908116626307049e+01,1.000000000000000000e+00,1.000000000000000000e+00,-1.000000000000000000e+00,0.000000000000000000e+00
1.907000000000000000e+03,9.860889758784902881e+01,2.421414857275873800e+01,-8.967448242693227753e-03,2.706059508831115181e+02,1.829877291426373898e-02,nan,1.618481975252858339e-05,6.783752903720410288e+00,1.000000000000000000e+00,1.000000000000000000e+00,-1.000000000000000000e+00,0.000000000000000000e+00
1.912000000000000000e+03,1.457099790941453676e+01,5.102824816153037091e+01,-1.222907898004809476e-03,3.723182173903441594e+01,3.542296398395909929e-01,nan,9.533783324673155039e-06,2.225769839328800614e+01,1.000000000000000000e+00,1.000000000000000000e+00,-1.000000000000000000e+00,0.000000000000000000e+00
1.913000000000000000e+03,1.007518702365101859e+02,7.845160657921230296e+00,-7.746566646593573691e-03,2.338158811569977900e+02,2.409364074062059213e-02,nan,1.428041016794242054e-05,1.462510754784282518e+01,1.000000000000000000e+00,1.000000000000000000e+00,-1.000000000000000000e+00,0.000000000000000000e+00
1.913000000000000000e+03,1.088652936939299423e+02,3.552120102542392033e+01,-8.266218047902921737e-03,2.494750665755673538e+02,1.637672432943038103e-02,nan,1.104820992115351735e-05,1.451636183171112648e+01,1.000000000000000000e+00,1.000000000000000000e+00,-1.000000000000000000e+00,0.000000000000000000e+00
1.913000000000000000e+03,1.268893855018809091e+02,3.721138879567696733e+01,-1.897532797994487715e-03,5.756098157638761137e+01,1.958905745865614501e-01,nan,9.029688652325080280e-06,1.810316602697324129e+01,1.000000000000000000e+00,1.000000000000000000e+00,-1.000000000000000000e+00,0.000000000000000000e+00
1.915000000000000000e+03,3.033801851784244619e+01,2.596480722306722200e+01,-7.597490019903340407e-03,2.293236031932796664e+02,2.149289522030606303e-02,nan,1.262542991641423295e-05,1.649281832654698832e+01,1.000000000000000000e+00,1.000000000000000000e+00,-1.000000000000000000e+00,0.000000000000000000e+00
1.915000000000000000e+03,1.408651872065551558e+01,2.877582317722282212e+01,-9.197801003032047076e-03,2.775474054365604388e+02,1.981567993416333273e-02,nan,1.656843638212102544e-05,1.649281832654698832e+01,1.000000000000000000e+00,1.000000000000000000e+00,-1.000000000000000000e+00,0.000000000000000000e+00
1.921000000000000000e+03,8.226779706574339457e+01,2.906676402606082377e+01,-8.828973373827745177e-03,2.664331464955681668e+02,4.607878079302596408e-02,nan,3.823858969330818351e-05,9.805874169390111916e+00,1.000000000000000000e+00,1.000000000000000000e+00,-1.000000000000000000e+00,0.000000000000000000e+00
1.922000000000000000e+03,7.335642334954640376e+01,3.315853463500087628e+01,-1.755795753877502710e-02,5.294725248370041299e+02,3.279325979941960512e-03,nan,1.235403116414442820e-05,9.805874169390111916e+00,1.000000000000000000e+00,1.000000000000000000e+00,-1.000000000000000000e+00,0.000000000000000000e+00
1.923000000000000000e+03,1.025699936394151877e+02,7.901464102919561583e+00,-8.456859833054483633e-03,2.552198698315452248e+02,1.799046370507428882e-02,nan,1.624926363469677228e-05,1.836011063965777623e+01,1.000000000000000000e+00,1.000000000000000000e+00,-1.000000000000000000e+00,0.000000000000000000e+00
1.923000000000000000e+03,1.123083780440336028e+02,2.346608847642628248e+01,-1.232847136636487087e-03,3.753133094897917488e+01,3.747768581155117573e-01,nan,1.158134571396725116e-05,1.664737676807520472e+01,1.000000000000000000e+00,1.000000000000000000e+00,-1.000000000000000000e+00,0.000000000000000000e+00
1.923000000000000000e+03,4.364324163478141116e+01,1.253764907025551878e+01,-1.246360405241590244e-03,3.793854004754999920e+01,3.478483938657774832e-01,nan,1.028020694623932985e-05,1.666263305537029638e+01,1.000000000000000000e+00,1.000000000000000000e+00,-1.000000000000000000e+00,0.000000000000000000e+00
1.928000000000000000e+03,1.251192554004039863e+02,4.105620498795865814e+01,-8.476888494231343482e-03,2.558234138964008082e+02,1.969993401656855436e-02,nan,1.439882544873670361e-05,2.176076233796158377e+01,1.000000000000000000e+00,1.000000000000000000e+00,-1.000000000000000000e+00,0.000000000000000000e+00
1.929000000000000000e+03,3.798282192992754602e+01,2.054500953885469272e+01,-9.152591255817592655e-03,2.761850540360368882e+02,1.349247190225544291e-02,nan,1.130927195908170216e-05,2.242121243183034451e+01,1.000000000000000000e+00,1.000000000000000000e+00,-1.000000000000000000e+00,0.000000000000000000e+00
1.929000000000000000e+03,1.392880622074385428e+02,1.120089988839183093e+01,-8.525269017401252564e-03,2.572813135211417830e+02,2.760134979567219204e-02,nan,2.053737122703714409e-05,2.905922489801951514e+01,1.000000000000000000e+00,1.000000000000000000e+00,-1.000000000000000000e+00,0.000000000000000000e+00
1.931000000000000000e+03,6.016844062394818593e+01,2.378678221391774628e+01,-1.220148845984329791e-03,3.714868041186910830e+01,3.320493680659883928e-01,nan,8.933603395637900550e-06,2.230009930271879171e+01,1.000000000000000000e+00,1.000000000000000000e+00,-1.000000000000000000e+00,0.000000000000000000e+00
1.931000000000000000e+03,3.500715693583570243e+01,4.435931375612896232e+01,-1.463002825911522472e-03,4.446684695916494690e+01,3.158457191097693295e-01,nan,1.132465178166441737e-05,1.797800162719047279e+01,1.000000000000000000e+00,1.000000000000000000e+00,-1.000000000000000000e+00,0.000000000000000000e+00
1.934000000000000000e+03,1.172156307345599089e+02,3.804389802229695050e+01,-8.718849270305618904e-03,2.631146646214470479e+02,1.317917421266900924e-02,nan,1.096636888814961180e-05,1.966503502007488891e+01,1.000000000000000000e+00,1.000000000000000000e+00,-1.000000000000000000e+00,0.000000000000000000e+00
1.935000000000000000e+03,3.219632581095766000e+01,2.660240606096198945e+01,-8.959157735462762451e-03,2.703561245772288544e+02,2.121412045950654690e-02,nan,1.709584044348234390e-05,9.110036033208082529e+00,1.000000000000000000e+00,1.000000000000000000e+00,-1.000000000000000000e+00,0.000000000000000000e+00
1.937000000000000000e+03,1.193572529708973917e+01,2.989750036420130286e+01,-8.916963620228443230e-03,2.690846462893576359e+02,1.784171615145524470e-02,nan,1.463694510634970468e-05,9.491550707731947867e+00,1.000000000000000000e+00,1.000000000000000000e+00,-1.000000000000000000e+00,0.000000000000000000e+00
1.937000000000000000e+03,9.865002528085413758e+01,4.452709912037360596e+01,5.568592183602162800e-03,-1.681847563934391019e+02,3.262984845225858077e-02,nan,9.812107212038755091e-06,1.205182817047363919e+01,1.000000000000000000e+00,1.000000000000000000e+00,-1.000000000000000000e+00,0.000000000000000000e+00
1.939000000000000000e+03,9.100766204286090044e+01,3.520825550170548723e+01,-8.708808505675368072e-03,2.628120960250896587e+02,1.971034250994918580e-02,nan,1.475772781796959837e-05,1.205182817047363919e+01,1.000000000000000000e+00,1.000000000000000000e+00,-1.000000000000000000e+00,0.000000000000000000e+00
1.939000000000000000e+03,1.188897784713177508e+01,3.938893595179126805e+01,-8.372393253109176522e-03,2.526745522711512990e+02,2.039367187641694112e-02,nan,1.409745837229125175e-05,9.491550707731947867e+00,1.000000000000000000e+00,1.000000000000000000e+00,-1.000000000000000000e+00,0.000000000000000000e+00
1.940000000000000000e+03,2.325035484549298914e+01,2.488125527982375473e+01,-8.443614928693434982e-03,2.548207476263162903e+02,1.584100240191366193e-02,nan,1.272653868175427443e-05,9.110036033208082529e+00,1.000000000000000000e+00,1.000000000000000000e+00,-1.000000000000000000e+00,0.000000000000000000e+00
1.941000000000000000e+03,4.708098508552385653e+01,5.176161214969574331e+01,-7.225362575358688574e-03,2.181099075527396280e+02,3.274355627106796396e-01,nan,2.791091967655804328e-04,4.711049525732065035e+00,1.000000000000000000e+00,1.000000000000000000e+00,-1.000000000000000000e+00,0.000000000000000000e+00
1.941000000000000000e+03,1.200893876989109685e+02,6.024656167537369100e+00,1.422615366790115545e-03,-4.324981048168507414e+01,3.513481192337594150e-01,nan,1.304842640001164451e-05,1.554881510538999301e+01,1.000000000000000000e+00,1.000000000000000000e+00,-1.000000000000000000e+00,0.000000000000000000e+00
1.941000000000000000e+03,7.091980215136490528e+01,1.163807770904940853e+01,-1.586846674008385175e-03,4.819875988273555834e+01,2.418028567529473261e-01,nan,8.212926088167613785e-06,3.070276657177976887e+01,1.000000000000000000e+00,1.000000000000000000e+00,-1.000000000000000000e+00,0.000000000000000000e+00
1.942000000000000000e+03,4.254997501072823951e+01,5.305154832486137195e+01,-7.941329240056469937e-03,2.396848609306545939e+02,2.443335664239181249e-01,nan,2.198184079737003295e-04,4.711049525732065035e+00,1.000000000000000000e+00,1.000000000000000000e+00,-1.000000000000000000e+00,0.000000000000000000e+00
1.944000000000000000e+03,1.061759545123464790e+02,1.296598371668889449e+01,-8.886137327418545950e-03,2.681557261831845267e+02,1.546330520836713962e-02,nan,1.391228756851258833e-05,1.554881510538999301e+01,1.000000000000000000e+00,1.000000000000000000e+00,-1.000000000000000000e+00,0.000000000000000000e+00
1.945000000000000000e+03,3.099215552363272508e+01,1.834207509470977371e+01,-7.153763759288533572e-03,2.159523474388486193e+02,2.954681217204291332e-02,nan,1.521448976233851894e-05,1.013392101969579251e+01,1.000000000000000000e+00,1.000000000000000000e+00,-1.000000000000000000e+00,0.000000000000000000e+00
1.945000000000000000e+03,1.132459695303630127e+02,4.466530715156704190e+01,-8.621976714534419425e-03,2.601955051445943923e+02,1.522919363893604494e-02,nan,1.077470120790010144e-05,1.238701311605058386e+01,1.000000000000000000e+00,1.000000000000000000e+00,-1.000000000000000000e+00,0.000000000000000000e+00
1.950000000000000000e+03,1.145292779903487457e+02,3.234494947276005661e+01,-2.010879868215082866e-03,6.097658439158970367e+01,2.240510004118089205e-01,nan,1.277681140622629786e-05,1.238701311605058386e+01,1.000000000000000000e+00,1.000000000000000000e+00,-1.000000000000000000e+00,0.000000000000000000e+00
1.955000000000000000e+03,6.864169495128908238e+01,1.172559745126212505e+01,-1.289058439695732776e-03,3.922520344697738182e+01,3.402715105368309123e-01,nan,1.005741240586705558e-05,4.715123382551187348e+01,1.000000000000000000e+00,1.000000000000000000e+00,-1.000000000000000000e+00,0.000000000000000000e+00
1.956000000000000000e+03,1.645791086468604902e+01,2.306536787754471263e+01,-1.590875677402802963e-03,4.832016994926528497e+01,3.015650288166564774e-01,nan,1.219216736037527466e-05,2.889170802789438497e+01,1.000000000000000000e+00,1.000000000000000000e+00,-1.000000000000000000e+00,0.000000000000000000e+00
1.962000000000000000e+03,8.373589776794557338e+01,3.388630788356676504e+01,1.345097905952196684e-03,-4.091389781142352433e+01,2.655749523645462018e-01,nan,7.089230514413356497e-06,1.271106413737650875e+01,1.000000000000000000e+00,1.000000000000000000e+00,-1.000000000000000000e+00,0.000000000000000000e+00
1.965000000000000000e+03,1.168480266048206317e+02,2.549369714073449344e+01,-3.548817104694939033e-03,1.073208149420698447e+02,7.449455536304583347e-02,nan,9.809123757788771819e-06,2.144819098556348536e+01,1.000000000000000000e+00,1.000000000000000000e+00,-1.000000000000000000e+00,0.000000000000000000e+00
1.965000000000000000e+03,1.751823262698644612e+01,3.457847823680138788e+01,-7.490228694411567127e-03,2.260913883279196739e+02,2.685246273667385442e-02,nan,1.390293853623586007e-05,1.997204110962761447e+01,1.000000000000000000e+00,1.000000000000000000e+00,-1.000000000000000000e+00,0.000000000000000000e+00
1.965000000000000000e+03,9.606627437962453087e+01,3.079875802669646845e+01,-1.385567904377062913e-03,4.213342152987673472e+01,2.772813948595422850e-01,nan,8.140014809250995163e-06,1.271106413737650875e+01,1.000000000000000000e+00,1.000000000000000000e+00,-1.000000000000000000e+00,0.000000000000000000e+00
1.967000000000000000e+03,9.850174914842192209e+01,8.686030572940754979e+00,-1.405655470890464654e-03,4.273874064928762095e+01,3.496575166826391134e-01,nan,1.254953203398560449e-05,2.224644359877619593e+01,1.000000000000000000e+00,1.000000000000000000e+00,-1.000000000000000000e+00,0.000000000000000000e+00
1.970000000000000000e+03,8.821130492176285998e+01,4.246598977937798480e+01,-8.842684384397357655e-03,2.668463143543376077e+02,1.449109683460048092e-02,nan,1.105251606743621308e-05,1.406502193225163388e+01,1.000000000000000000e+00,1.000000000000000000e+00,-1.000000000000000000e+00,0.000000000000000000e+00
1.972000000000000000e+03,4.831135393817926627e+01,1.847781212761880099e+01,-1.330911345985740001e-03,4.048639973789450863e+01,2.767755868486480031e-01,nan,7.275760856963793221e-06,3.276862520264184298e+01,1.000000000000000000e+00,1.000000000000000000e+00,-1.000000000000000000e+00,0.000000000000000000e+00
1.973000000000000000e+03,6.631629564358122764e+01,4.680540768351972503e+01,-7.771897642276854798e-03,2.345792058728400491e+02,1.846953756301339400e-02,nan,1.133955216515396162e-05,1.298304161747243057e+01,1.000000000000000000e+00,1.000000000000000000e+00,-1.000000000000000000e+00,0.000000000000000000e+00
1.977000000000000000e+03,1.396965377381783213e+01,7.017713108735561534e+00,-8.843242131645934895e-03,2.668631215207576020e+02,1.300258627748329676e-02,nan,1.134821455511796247e-05,3.620340094109268847e+01,1.000000000000000000e+00,1.000000000000000000e+00,-1.000000000000000000e+00,0.000000000000000000e+00
1.978000000000000000e+03,2.865611013722864797e+01,4.681902859833397201e+01,-8.719608312103067568e-03,2.631375376017117560e+02,1.434013115354038082e-02,nan,1.156496713015461168e-05,2.559819584485232369e+01,1.000000000000000000e+00,1.000000000000000000e+00,-1.000000000000000000e+00,0.000000000000000000e+00
1.979000000000000000e+03,8.632575218954531238e+01,4.074340079427532402e+01,-8.403879477808681026e-03,2.536233587777015828e+02,1.870722476837782811e-02,nan,1.442755857502878633e-05,3.388968566370291313e+01,1.000000000000000000e+00,1.000000000000000000e+00,-1.000000000000000000e+00,0.000000000000000000e+00
1.985000000000000000e+03,1.005199393602682107e+02,3.639241789166886321e+01,-8.911751541036768212e-03,2.689275853937783154e+02,1.831776567267728861e-02,nan,1.380261943431859765e-05,2.174564899557671893e+01,1.000000000000000000e+00,1.000000000000000000e+00,-1.000000000000000000e+00,0.000000000000000000e+00
1.986000000000000000e+03,9.979439813597533515e+00,5.123905705277928746e+01,-8.261287491448523340e-03,2.493264890916202035e+02,1.883651990286339117e-02,nan,1.249339986712811981e-05,3.964870877166963936e+01,1.000000000000000000e+00,1.000000000000000000e+00,-1.000000000000000000e+00,0.000000000000000000e+00
1.987000000000000000e+03,1.293456461858212379e+02,2.614204494256901157e+01,-7.657404107492684492e-03,2.311290554722151001e+02,2.480403333790381915e-02,nan,1.476463945282157158e-05,1.913918763498046971e+01,1.000000000000000000e+00,1.000000000000000000e+00,-1.000000000000000000e+00,0.000000000000000000e+00
1.987000000000000000e+03,8.489358224888405857e+01,5.151492474953871437e+01,-6.718219084440452994e-03,2.028276357487966663e+02,3.590365959109220739e-02,nan,1.726556939656233487e-05,2.174564899557671893e+01,1.000000000000000000e+00,1.000000000000000000e+00,-1.000000000000000000e+00,0.000000000000000000e+00
1.990000000000000000e+03,9.205097896246989819e+01,9.998963310393047976e+00,-1.629495757253702354e-03,4.948394818548558050e+01,2.806003465905969607e-01,nan,1.138154534196777944e-05,2.771890573152817439e+01,1.000000000000000000e+00,1.000000000000000000e+00,-1.000000000000000000e+00,0.000000000000000000e+00
1.991000000000000000e+03,6.750815506272722644e+01,3.410336080786667168e+01,-1.450534927270490061e-03,4.409113905939228317e+01,3.666244149267654517e-01,nan,1.476418586001289267e-05,2.460519533228897515e+01,1.000000000000000000e+00,1.000000000000000000e+00,-1.000000000000000000e+00,0.000000000000000000e+00
1.992000000000000000e+03,1.441855775189409528e+01,1.133034165329490861e+01,-1.460148079414532547e-03,4.438082197278611574e+01,3.051820472821628050e-01,nan,1.058632263862557018e-05,7.853899764205907630e+00,1.000000000000000000e+00,1.000000000000000000e+00,-1.000000000000000000e+00,0.000000000000000000e+00
1.994000000000000000e+03,1.388737688913598731e+02,1.285323110700493565e+01,-8.449089799471256462e-03,2.549857274886559253e+02,2.094733621527133938e-02,nan,1.538424166176631606e-05,1.958679515187173337e+01,1.000000000000000000e+00,1.000000000000000000e+00,-1.000000000000000000e+00,0.000000000000000000e+00
1.996000000000000000e+03,8.442268683608995516e+00,1.642619393515018444e+01,-1.646568073537721432e-03,4.999840569592875994e+01,3.181742565176494120e-01,nan,1.557819159832385839e-05,7.853899764205907630e+00,1.000000000000000000e+00,1.000000000000000000e+00,-1.000000000000000000e+00,0.000000000000000000e+00
1.997000000000000000e+03,5.451613894430332863e+01,4.106548150834430544e+01,-9.075992152853271447e-03,2.738768151797726773e+02,2.966593225440461445e-02,nan,2.539832830091426889e-05,6.599442632172265455e+00,1.000000000000000000e+00,1.000000000000000000e+00,-1.000000000000000000e+00,0.000000000000000000e+00
1.997000000000000000e+03,3.923088721612454322e+01,1.802847074616203216e+01,-1.328928563447574892e-03,4.042665053038425071e+01,3.163787820278484153e-01,nan,9.218137637370636141e-06,2.570051802563970611e+01,1.000000000000000000e+00,1.000000000000000000e+00,-1.000000000000000000e+00,0.000000000000000000e+00
1.999000000000000000e+03,1.730058659958218570e+01,4.590603057510256235e+01,-7.233784526694933374e-03,2.183636947978584146e+02,2.916481639924595193e-02,nan,1.487473775751942827e-05,7.754249901914352705e+00,1.000000000000000000e+00,1.000000000000000000e+00,-1.000000000000000000e+00,0.000000000000000000e+00
2.000000000000000000e+03,6.026056576332463521e+01,3.463958458386903771e+01,-9.060331762678709711e-03,2.734049046781311745e+02,1.377043448147879934e-01,nan,1.327737745425457800e-04,5.608915749588007316e+00,1.000000000000000000e+00,1.000000000000000000e+00,-1.000000000000000000e+00,0.000000000000000000e+00
2.002000000000000000e+03,6.105746721513980191e+01,4.019160079080425163e+01,-8.274214097306295188e-03,2.497160196835700958e+02,1.599306004200161668e-01,nan,1.330403994887934319e-04,5.608915749588007316e+00,1.000000000000000000e+00,1.000000000000000000e+00,-1.000000000000000000e+00,0.000000000000000000e+00
2.004000000000000000e+03,1.039491603081940951e+02,2.638403240733426003e+01,-1.506558634135326353e-03,4.577935853002507827e+01,3.422179492474062279e-01,nan,1.378249005726692677e-05,9.658222297854729632e+00,1.000000000000000000e+00,1.000000000000000000e+00,-1.000000000000000000e+00,0.000000000000000000e+00
2.004000000000000000e+03,9.795989449939943583e+00,4.785780237603633935e+01,-8.879293540909334592e-03,2.679494953876111367e+02,1.189727712127286452e-02,nan,8.899802489988445874e-06,7.754249901914352705e+00,1.000000000000000000e+00,1.000000000000000000e+00,-1.000000000000000000e+00,0.000000000000000000e+00
2.005000000000000000e+03,6.365220948440455118e+01,1.638369757796728976e+01,-8.887257819034407105e-03,2.681894910992965606e+02,1.587794787995611134e-02,nan,1.279074863123802484e-05,1.856827018068708313e+01,1.000000000000000000e+00,1.000000000000000000e+00,-1.000000000000000000e+00,0.000000000000000000e+00
2.007000000000000000e+03,9.430696601107779031e+01,2.694022220536735901e+01,-1.290764176690851420e-03,3.927660415871331168e+01,3.504075975944589416e-01,nan,1.057635375360379084e-05,9.658222297854729632e+00,1.000000000000000000e+00,1.000000000000000000e+00,-1.000000000000000000e+00,0.000000000000000000e+00
2.011000000000000000e+03,1.201381395556534386e+02,4.210474398343644964e+01,-7.443439506461147805e-03,2.246814420295862078e+02,2.773787994044751848e-02,nan,1.530453070421792819e-05,1.356344554022343551e+01,1.000000000000000000e+00,1.000000000000000000e+00,-1.000000000000000000e+00,0.000000000000000000e+00
2.011000000000000000e+03,5.746807664753358580e+01,5.129103630518533663e+01,-8.338681954754975298e-03,2.516586953518799419e+02,2.133591738996520881e-02,nan,1.423225392361506019e-05,2.677044982748221358e+01,1.000000000000000000e+00,1.000000000000000000e+00,-1.000000000000000000e+00,0.000000000000000000e+00
2.013000000000000000e+03,1.277222276806017760e+02,5.334968338903684781e+01,-7.491174083869667037e-03,2.261198767122093045e+02,3.103213095866974580e-02,nan,1.719968559316038779e-05,1.356344554022343551e+01,1.000000000000000000e+00,1.000000000000000000e+00,-1.000000000000000000e+00,0.000000000000000000e+00
2.014000000000000000e+03,2.169145150946165401e+01,2.154375491601813053e+01,-2.127060138551318917e-03,6.447756291409663731e+01,2.216851032456500503e-01,nan,1.367831557742436948e-05,7.677583713285556222e+00,1.000000000000000000e+00,1.000000000000000000e+00,-1.000000000000000000e+00,0.000000000000000000e+00
2.015000000000000000e+03,5.261953965844394077e+01,7.467116153767127784e+00,-2.371940431277536065e-02,7.151416815786443522e+02,2.983915691061822528e-03,nan,1.825920859778103572e-05,2.841858196798671443e+01,1.000000000000000000e+00,1.000000000000000000e+00,-1.000000000000000000e+00,0.000000000000000000e+00
2.015000000000000000e+03,1.006388536831249496e+02,3.619469931894125381e+01,-1.343980833143663262e-03,4.088023591771787579e+01,3.393249313985055027e-01,nan,1.079314161332499566e-05,1.143208114533275221e+01,1.000000000000000000e+00,1.000000000000000000e+00,-1.000000000000000000e+00,0.000000000000000000e+00
2.018000000000000000e+03,9.759632021117950273e+01,1.656245476852091514e+01,-1.501574562663711507e-03,4.562916842350988844e+01,2.972347870357798794e-01,nan,9.917863872239046007e-06,1.306971075377427738e+01,1.000000000000000000e+00,1.000000000000000000e+00,-1.000000000000000000e+00,0.000000000000000000e+00
2.019000000000000000e+03,1.937910713837496957e+01,1.422266516216240007e+01,-1.660382174803490957e-02,5.007205783897382503e+02,6.552991280263986695e-03,nan,1.881550981337946527e-05,7.677583713285556222e+00,1.000000000000000000e+00,1.000000000000000000e+00,-1.000000000000000000e+00,0.000000000000000000e+00
2.020000000000000000e+03,9.726403433141957322e+00,2.848484563553761006e+01,-8.855676029649015707e-03,2.672378048446459502e+02,1.424543799933797317e-02,nan,1.256039112998415102e-05,1.722162828178985805e+01,1.000000000000000000e+00,1.000000000000000000e+00,-1.000000000000000000e+00,0.000000000000000000e+00
2.024000000000000000e+03,9.894581097391208857e+01,3.662095898926431659e+01,-1.245717586624212666e-03,3.791916933885055130e+01,3.677303845105994728e-01,nan,1.066205357874816886e-05,2.296785444448621405e+01,1.000000000000000000e+00,1.000000000000000000e+00,-1.000000000000000000e+00,0.000000000000000000e+00
2.026000000000000000e+03,1.000353002281758279e+02,1.180859184401164264e+01,-9.219997998671245268e-03,2.782162901342127270e+02,1.451518354434844227e-02,nan,1.231235942329672658e-05,1.401486538475578136e+01,1.000000000000000000e+00,1.000000000000000000e+00,-1.000000000000000000e+00,0.000000000000000000e+00
2.027000000000000000e+03,4.329351912864274965e+01,7.057292576894736769e+00,-1.493454028510504249e-03,4.538446408963819323e+01,3.580973857368042745e-01,nan,1.445985351988292246e-05,1.966461433677664061e+01,1.000000000000000000e+00,1.000000000000000000e+00,-1.000000000000000000e+00,0.000000000000000000e+00
2.028000000000000000e+03,1.216533519963757470e+02,3.317278287771848966e+01,-8.432055426514019347e-03,2.544724133631588643e+02,2.408026507200067279e-02,nan,1.643729615993469608e-05,2.296785444448621405e+01,1.000000000000000000e+00,1.000000000000000000e+00,-1.000000000000000000e+00,0.000000000000000000e+00
2.032000000000000000e+03,4.231730742203442475e+01,2.669766089620184601e+01,-8.568819642800498682e-03,2.585936689126660326e+02,1.706314578485479405e-02,nan,1.221483457369031097e-05,1.401773821140595189e+01,1.000000000000000000e+00,1.000000000000000000e+00,-1.000000000000000000e+00,0.000000000000000000e+00
2.032000000000000000e+03,2.406650511077669563e+01,5.160701846024894479e+01,-1.587733846698186416e-02,4.788287170903435026e+02,4.386581707470638136e-03,nan,1.094260991721998159e-05,3.087989441785967060e+01,1.000000000000000000e+00,1.000000000000000000e+00,-1.000000000000000000e+00,0.000000000000000000e+00
2.033000000000000000e+03,5.601904027220800941e+01,2.965730639287616910e+01,-9.821534639753853879e-03,2.963430069583026807e+02,1.487950593148779088e-02,nan,1.477390329144501024e-05,1.401773821140595189e+01,1.000000000000000000e+00,1.000000000000000000e+00,-1.000000000000000000e+00,0.000000000000000000e+00
2.038000000000000000e+03,3.614083775481661576e+01,2.113997117888946775e+01,-1.581443480237427384e-03,4.803593993671270823e+01,2.735847731351932488e-01,nan,1.051602843408575976e-05,2.162609383291035670e+01,1.000000000000000000e+00,1.000000000000000000e+00,-1.000000000000000000e+00,0.000000000000000000e+00
2.039000000000000000e+03,1.281824478941935297e+02,3.089905513494942468e+01,-8.684045517981220028e-03,2.620658876730225302e+02,2.022429240147249896e-02,nan,1.451978075440028548e-05,2.445893454803472267e+01,1.000000000000000000e+00,1.000000000000000000e+00,-1.000000000000000000e+00,0.000000000000000000e+00
2.043000000000000000e+03,6.585500912686805464e+01,1.079069329467347416e+01,-8.739017664122215520e-03,2.637224193923820508e+02,1.362826137565920082e-02,nan,1.022231615698200436e-05,2.210764051687038290e+01,1.000000000000000000e+00,1.000000000000000000e+00,-1.000000000000000000e+00,0.000000000000000000e+00
2.043000000000000000e+03,9.900485427665276461e+01,5.099965121093378428e+01,-1.396419919476507608e-03,4.246043636362710316e+01,3.607410226298889411e-01,nan,1.305177513260380163e-05,2.412213039312803886e+01,1.000000000000000000e+00,1.000000000000000000e+00,-1.000000000000000000e+00,0.000000000000000000e+00
2.046000000000000000e+03,1.294216441712845267e+02,1.697115483425661964e+01,-1.394692071278211525e-03,4.240836935246522188e+01,3.310990434012711647e-01,nan,1.117228189938752291e-05,1.239725660548004882e+01,1.000000000000000000e+00,1.000000000000000000e+00,-1.000000000000000000e+00,0.000000000000000000e+00
2.047000000000000000e+03,1.365267740296572754e+02,2.713034284500722038e+01,-1.303503259004433696e-03,3.966048391254092564e+01,3.554269903358440175e-01,nan,1.104848922925638668e-05,1.239725660548004882e+01,1.000000000000000000e+00,1.000000000000000000e+00,-1.000000000000000000e+00,0.000000000000000000e+00
2.048000000000000000e+03,1.092107366002295237e+02,2.914290990074815824e+01,-8.826984775109054590e-03,2.663732220231610199e+02,1.285393042303117905e-02,nan,1.026128709050059211e-05,1.964034936809768439e+01,1.000000000000000000e+00,1.000000000000000000e+00,-1.000000000000000000e+00,0.000000000000000000e+00
2.049000000000000000e+03,9.046731141402784715e+01,2.327542870434064781e+01,-1.238713812484597840e-03,3.770811747291567428e+01,3.376299601650641913e-01,nan,9.970984490929650187e-06,1.964034936809768439e+01,1.000000000000000000e+00,1.000000000000000000e+00,-1.000000000000000000e+00,0.000000000000000000e+00
2.054000000000000000e+03,1.113312182814859028e+02,3.669637457715163720e+01,1.566001915438186868e-03,-4.757062352318067155e+01,3.145369407916928095e-01,nan,1.228481972990224805e-05,2.480774874701220511e+01,1.000000000000000000e+00,1.000000000000000000e+00,-1.000000000000000000e+00,0.000000000000000000e+00
2.055000000000000000e+03,5.661329133206997000e+01,7.554528144035969284e+00,-8.496297713118822550e-03,2.564082916752788037e+02,1.426689921401891326e-02,nan,1.044352832041284922e-05,4.928741570309124853e+01,1.000000000000000000e+00,1.000000000000000000e+00,-1.000000000000000000e+00,0.000000000000000000e+00
2.061000000000000000e+03,2.934258945671148666e+01,3.031658419034299001e+01,-3.332166158866945761e-03,1.007922511331763218e+02,1.208269768968788238e-01,nan,1.535674501735438842e-05,1.519913739443004452e+01,1.000000000000000000e+00,1.000000000000000000e+00,-1.000000000000000000e+00,0.000000000000000000e+00
2.061000000000000000e+03,9.530602823721963546e+01,2.931749403508973728e+01,-1.327717790908607880e-03,4.039016508718209053e+01,2.918852100636948332e-01,nan,8.409317288687851878e-06,2.305194117326912817e+01,1.000000000000000000e+00,1.000000000000000000e+00,-1.000000000000000000e+00,0.000000000000000000e+00
2.063000000000000000e+03,4.390296090470553736e+01,2.595661161804378025e+01,-8.044402568413978188e-03,2.427908746090406567e+02,1.647107261594371597e-02,nan,1.035213977733548872e-05,1.519913739443004452e+01,1.000000000000000000e+00,1.000000000000000000e+00,-1.000000000000000000e+00,0.000000000000000000e+00
2.065000000000000000e+03,2.083347353077976294e+01,5.057353278072076108e+01,-1.721103096328042981e-02,5.190182326738134861e+02,7.094630248744238088e-03,nan,2.359155512334419559e-05,1.208921555854520236e+01,1.000000000000000000e+00,1.000000000000000000e+00,-1.000000000000000000e+00,0.000000000000000000e+00
2.070000000000000000e+03,5.906205425514447427e+01,4.681879493670250270e+01,-8.920465148407181327e-03,2.691901614074946565e+02,1.991475455375246728e-02,nan,1.714536160362314598e-05,8.933646062296372037e+00,1.000000000000000000e+00,1.000000000000000000e+00,-1.000000000000000000e+00,0.000000000000000000e+00
2.070000000000000000e+03,7.572317838408763180e+01,5.217612982394508947e+01,-8.671340865281396484e-03,2.616830454218445539e+02,1.886251551546436200e-02,nan,1.435372794653202208e-05,8.567616215090264831e+00,1.000000000000000000e+00,1.000000000000000000e+00,-1.000000000000000000e+00,0.000000000000000000e+00
2.071000000000000000e+03,8.927713243434830304e+01,9.605152269501369133e+00,-1.157493187449561188e-03,3.526061358082355923e+01,3.708620426722137875e-01,nan,9.592867582311702640e-06,9.572457213559804501e+00,1.000000000000000000e+00,1.000000000000000000e+00,-1.000000000000000000e+00,0.000000000000000000e+00
2.071000000000000000e+03,1.348798370850957440e+02,2.473429670259531576e+01,-1.816492455974433838e-03,5.511891033617004609e+01,2.780024477406627392e-01,nan,1.453924624267954943e-05,9.653711111470563822e+00,1.000000000000000000e+00,1.000000000000000000e+00,-1.000000000000000000e+00,0.000000000000000000e+00
2.071000000000000000e+03,9.467725107213246361e+01,3.461516621899293256e+01,-1.201268367321002084e-03,3.657973570117373185e+01,3.610940966495953530e-01,nan,9.631186411142925107e-06,2.183172499790552123e+01,1.000000000000000000e+00,1.000000000000000000e+00,-1.000000000000000000e+00,0.000000000000000000e+00
2.073000000000000000e+03,1.253645872310085991e+02,2.636345551561042910e+01,-1.493760756636776247e-03,4.539370704095185971e+01,3.135054587430760042e-01,nan,1.146210045736982240e-05,9.653711111470563822e+00,1.000000000000000000e+00,1.000000000000000000e+00,-1.000000000000000000e+00,0.000000000000000000e+00
2.074000000000000000e+03,4.853864981732255757e+01,7.580621941313256507e+00,-7.953476334266592826e-03,2.400509017034762849e+02,1.750199173030597688e-02,nan,1.054051607323469620e-05,3.198603824873503854e+01,1.000000000000000000e+00,1.000000000000000000e+00,-1.000000000000000000e+00,0.000000000000000000e+00
2.074000000000000000e+03,6.756541873360197314e+01,4.955792335882708244e+01,-8.266058559000040440e-03,2.494702605338706860e+02,2.505935195998887366e-02,nan,1.908957616901474388e-05,8.567616215090264831e+00,1.000000000000000000e+00,1.000000000000000000e+00,-1.000000000000000000e+00,0.000000000000000000e+00
2.075000000000000000e+03,7.451278133673412185e+01,2.624746780937172730e+01,2.903811354424877533e-03,-8.788419913756482060e+01,1.556145152692989253e-01,nan,1.632286235557445177e-05,3.114352116214621269e+00,1.000000000000000000e+00,1.000000000000000000e+00,-1.000000000000000000e+00,0.000000000000000000e+00
2.076000000000000000e+03,9.609955535526484738e+00,1.575678860056320651e+01,-6.960620537347956757e-03,2.101321658380932433e+02,2.753533137435681954e-02,nan,1.284640700408154549e-05,3.703802685673770867e+01,1.000000000000000000e+00,1.000000000000000000e+00,-1.000000000000000000e+00,0.000000000000000000e+00
2.079000000000000000e+03,1.268151077498540928e+02,4.095545872448264646e+01,-7.828313699164708706e-03,2.362792484266857969e+02,3.807978825317082094e-02,nan,2.449348998013219290e-05,1.797546657746790544e+01,1.000000000000000000e+00,1.000000000000000000e+00,-1.000000000000000000e+00,0.000000000000000000e+00
2.079000000000000000e+03,7.729671521059233896e+01,2.764349835694411794e+01,-1.624822680776636177e-03,4.934312960817556615e+01,3.162913666981695959e-01,nan,1.389748003159214762e-05,3.114352116214621269e+00,1.000000000000000000e+00,1.000000000000000000e+00,-1.000000000000000000e+00,0.000000000000000000e+00
2.081000000000000000e+03,1.266839435957386968e+02,2.298047069549244981e+01,-2.820727627566690324e-03,8.538055249895286636e+01,1.470618104760375022e-01,nan,1.390490947455122269e-05,1.797546657746790544e+01,1.000000000000000000e+00,1.000000000000000000e+00,-1.000000000000000000e+00,0.000000000000000000e+00
2.081000000000000000e+03,1.015932396053913749e+02,2.784623795838589899e+01,-8.336821175732938086e-03,2.516026226006939623e+02,1.733910341251343468e-02,nan,1.264141366871067994e-05,2.199972627069940145e+01,1.000000000000000000e+00,1.000000000000000000e+00,-1.000000000000000000e+00,0.000000000000000000e+00
2.083000000000000000e+03,7.314149139295264490e+01,1.409661090576437736e+01,-8.021960532537755068e-03,2.421146058641272418e+02,2.176288563264949794e-02,nan,1.367853702308750161e-05,1.416982867185102357e+01,1.000000000000000000e+00,1.000000000000000000e+00,-1.000000000000000000e+00,0.000000000000000000e+00
2.088000000000000000e+03,8.840578807492705948e+01,2.448992931627135405e+01,-8.466077235933462675e-03,2.554976272289002566e+02,1.760886088760638124e-02,nan,1.286861844001646706e-05,1.582991092618594209e+01,1.000000000000000000e+00,1.000000000000000000e+00,-1.000000000000000000e+00,0.000000000000000000e+00
2.088000000000000000e+03,1.337829990764783190e+02,4.795024082763305984e+01,1.645282591253464672e-03,-4.995966894781118839e+01,3.210877776911943426e-01,nan,1.467990435549827525e-05,1.612472678821998073e+01,1.000000000000000000e+00,1.000000000000000000e+00,-1.000000000000000000e+00,0.000000000000000000e+00
2.088000000000000000e+03,7.321099530332742233e+01,2.892888781564082734e+01,-1.342728170359560507e-03,4.084248815305529234e+01,3.111214105300239563e-01,nan,9.166822231973823526e-06,1.483243975631829414e+01,1.000000000000000000e+00,1.000000000000000000e+00,-1.000000000000000000e+00,0.000000000000000000e+00
2.089000000000000000e+03,9.997510839915653946e+01,4.410093356724470937e+01,-1.180257238952085209e-03,3.594658595087339137e+01,3.466497233196695893e-01,nan,8.802868596490848009e-06,1.951921346631833387e+01,1.000000000000000000e+00,1.000000000000000000e+00,-1.000000000000000000e+00,0.000000000000000000e+00
2.092000000000000000e+03,7.182284692676732973e+00,4.733088407670115316e+01,-7.433315494272870264e-03,2.243763648496986036e+02,2.128511391133869335e-02,nan,1.150543482487388061e-05,3.115154973187254228e+01,1.000000000000000000e+00,1.000000000000000000e+00,-1.000000000000000000e+00,0.000000000000000000e+00
2.092000000000000000e+03,7.698851468734704895e+01,4.365175187302784110e+01,-1.329223294929912126e-03,4.043553197459662130e+01,3.494165525308066123e-01,nan,1.112314876503787766e-05,1.519974929888458526e+01,1.000000000000000000e+00,1.000000000000000000e+00,-1.000000000000000000e+00,0.000000000000000000e+00
2.095000000000000000e+03,9.328631689706335806e+01,5.324906849655794616e+01,1.786101261627789320e-03,-5.420310149553807832e+01,3.305784146317382044e-01,nan,1.775015789599973282e-05,1.891366815927891665e+01,1.000000000000000000e+00,1.000000000000000000e+00,-1.000000000000000000e+00,0.000000000000000000e+00
2.096000000000000000e+03,5.364564041150724449e+01,3.208791239021662989e+01,-1.350306512034616432e-03,4.107085404826112551e+01,3.712310455798067954e-01,nan,1.308800954189769534e-05,1.845689348763227144e+01,1.000000000000000000e+00,1.000000000000000000e+00,-1.000000000000000000e+00,0.000000000000000000e+00
2.100000000000000000e+03,1.040826110124389601e+02,3.418875155225595819e+01,-1.801682729734133560e-03,5.467263375804327552e+01,3.031339703136395336e-01,nan,1.582405392561103292e-05,7.875154698028499212e+00,1.000000000000000000e+00,1.000000000000000000e+00,-1.000000000000000000e+00,0.000000000000000000e+00
2.102000000000000000e+03,4.739318890791034988e+01,3.415794299882210083e+01,-8.515840983167731471e-03,2.569972089544585288e+02,3.567189494261024940e-02,nan,2.903673029897761045e-05,9.457843940614015565e+00,1.000000000000000000e+00,1.000000000000000000e+00,-1.000000000000000000e+00,0.000000000000000000e+00
2.102000000000000000e+03,5.135639621254248510e+01,2.557052197353635137e+01,-9.096961183853367189e-03,2.745086963671434432e+02,3.301421036554497146e-02,nan,2.812351010505364417e-05,9.457843940614015565e+00,1.000000000000000000e+00,1.000000000000000000e+00,-1.000000000000000000e+00,0.000000000000000000e+00
2.102000000000000000e+03,9.785410380285256338e+01,2.936964795739408629e+01,-1.692985683838158992e-03,5.139715486614172590e+01,3.374609555285202900e-01,nan,1.789686054596664844e-05,7.875154698028499212e+00,1.000000000000000000e+00,1.000000000000000000e+00,-1.000000000000000000e+00,0.000000000000000000e+00
2.106000000000000000e+03,9.629121538711740413e+01,4.742701605044938873e+01,-1.251131793049510338e-03,3.808232114041314276e+01,3.649493798977682113e-01,nan,1.098032567500826090e-05,1.812487690022006248e+01,1.000000000000000000e+00,1.000000000000000000e+00,-1.000000000000000000e+00,0.000000000000000000e+00
2.109000000000000000e+03,3.778360473557138022e+01,5.055359371146781911e+01,-8.778708107135907435e-03,2.649184519729361114e+02,1.863407561908092536e-02,nan,1.457884678721546450e-05,1.290308005784696910e+01,1.000000000000000000e+00,1.000000000000000000e+00,-1.000000000000000000e+00,0.000000000000000000e+00
2.110000000000000000e+03,1.160702410448991628e+02,3.024977664336671168e+01,-1.223601152774212277e-03,3.725271229171845278e+01,3.414888760301718618e-01,nan,9.015842367214341887e-06,2.619670608338810425e+01,1.000000000000000000e+00,1.000000000000000000e+00,-1.000000000000000000e+00,0.000000000000000000e+00
2.111000000000000000e+03,3.232512532285844031e+01,2.481045909143191608e+01,-9.004669068259574943e-03,2.717275639635478797e+02,2.399128919623161327e-02,nan,1.950156098331558182e-05,1.023073957871666018e+01,1.000000000000000000e+00,1.000000000000000000e+00,-1.000000000000000000e+00,0.000000000000000000e+00
2.112000000000000000e+03,3.840212283123039327e+01,1.658014113823225699e+01,-7.974470281381085962e-03,2.406835337135221664e+02,2.497788822671120901e-02,nan,1.687647271652828750e-05,1.023073957871666018e+01,1.000000000000000000e+00,1.000000000000000000e+00,-1.000000000000000000e+00,0.000000000000000000e+00
2.112000000000000000e+03,1.368696575851974373e+01,2.625606404023043439e+01,-1.600714581695359025e-03,4.861665568228648482e+01,3.466573172167839445e-01,nan,1.546441723075076230e-05,1.869413719896537174e+01,1.000000000000000000e+00,1.000000000000000000e+00,-1.000000000000000000e+00,0.000000000000000000e+00
2.114000000000000000e+03,3.543611545918011529e+01,3.786585281419078797e+01,-8.639462320955070343e-03,2.607224167480408710e+02,1.343581255159420618e-02,nan,9.626456200346393709e-06,1.290308005784696910e+01,1.000000000000000000e+00,1.000000000000000000e+00,-1.000000000000000000e+00,0.000000000000000000e+00
2.117000000000000000e+03,4.664529929905708627e+01,5.177545850266720429e+00,-8.162654594059667867e-03,2.463542834462757014e+02,2.595742407671552954e-02,nan,1.746914221689474631e-05,1.407015058842177524e+01,1.000000000000000000e+00,1.000000000000000000e+00,-1.000000000000000000e+00,0.000000000000000000e+00
2.119000000000000000e+03,1.429989270559637475e+02,2.504326454620297326e+01,-9.010605872550711895e-03,2.719064637393484531e+02,2.319095332667775455e-02,nan,1.822482835511549213e-05,2.553092140425493639e+01,1.000000000000000000e+00,1.000000000000000000e+00,-1.000000000000000000e+00,0.000000000000000000e+00
2.119000000000000000e+03,8.921965789356373477e+01,2.980005056290327659e+01,-1.659227503346738086e-03,5.037988519963695921e+01,3.088574472148347683e-01,nan,1.432755517632073821e-05,2.182313673213948846e+01,1.000000000000000000e+00,1.000000000000000000e+00,-1.000000000000000000e+00,0.000000000000000000e+00
2.120000000000000000e+03,1.233002026706265468e+02,4.955851232937743589e+01,-1.612229039651236467e-03,4.896363258193709100e+01,3.438925951286549987e-01,nan,1.596908775430807135e-05,5.934325140252188824e+00,1.000000000000000000e+00,1.000000000000000000e+00,-1.000000000000000000e+00,0.000000000000000000e+00
2.128000000000000000e+03,8.382240988263393433e+01,4.556046206823445033e+01,-1.468713556625544231e-03,4.463893422940238764e+01,2.715808105446824161e-01,nan,8.917475090161482403e-06,1.878040727090074924e+01,1.000000000000000000e+00,1.000000000000000000e+00,-1.000000000000000000e+00,0.000000000000000000e+00
2.128000000000000000e+03,1.052700560043476941e+02,4.184764281044575540e+01,1.594464462517793894e-03,-4.842831446961382369e+01,3.216221975482179696e-01,nan,1.382883000167296380e-05,3.706336297956165815e+00,1.000000000000000000e+00,1.000000000000000000e+00,-1.000000000000000000e+00,0.000000000000000000e+00
2.129000000000000000e+03,9.496310889240936604e+01,3.018850302649134676e+01,-1.538665865316332084e-03,4.674687845794873198e+01,3.080636646364086628e-01,nan,1.300108342664728536e-05,8.499238043827922695e+00,1.000000000000000000e+00,1.000000000000000000e+00,-1.000000000000000000e+00,0.000000000000000000e+00
2.130000000000000000e+03,1.179092152439467611e+02,6.969242858054874645e+00,-1.829761579218980132e-03,5.551876235370460222e+01,2.931030843124836638e-01,nan,1.568321753230786313e-05,1.079929327415799456e+01,1.000000000000000000e+00,1.000000000000000000e+00,-1.000000000000000000e+00,0.000000000000000000e+00
2.130000000000000000e+03,8.706011477435131951e+01,2.706124683366163097e+01,1.487310211425592679e-03,-4.519932618628991605e+01,3.489792967511691213e-01,nan,1.370672846105234261e-05,8.499238043827922695e+00,1.000000000000000000e+00,1.000000000000000000e+00,-1.000000000000000000e+00,0.000000000000000000e+00
2.132000000000000000e+03,1.732613328436321254e+01,4.892187771478137392e+01,-7.968788864596084917e-03,2.405123297897910959e+02,2.476967630891702132e-02,nan,1.621482757827669776e-05,1.024918425929604382e+01,1.000000000000000000e+00,1.000000000000000000e+00,-1.000000000000000000e+00,0.000000000000000000e+00
2.133000000000000000e+03,1.245739742313533611e+02,1.546663792131144000e+01,-1.510380916463528516e-03,4.589453925993098693e+01,3.637103153374869891e-01,nan,1.419702428585983890e-05,1.079929327415799456e+01,1.000000000000000000e+00,1.000000000000000000e+00,-1.000000000000000000e+00,0.000000000000000000e+00
2.133000000000000000e+03,1.986179652615317437e+01,3.283690312192156568e+01,-1.587619156927263684e-03,4.822203789801449147e+01,2.767610453755554589e-01,nan,1.069246829827548020e-05,1.424682069845811760e+01,1.000000000000000000e+00,1.000000000000000000e+00,-1.000000000000000000e+00,0.000000000000000000e+00
2.134000000000000000e+03,6.784564829531991847e+01,1.017903150976485449e+01,-1.192575093746648220e-03,3.631777242646273152e+01,3.354540523500018079e-01,nan,8.399026468626864786e-06,2.557742982233039797e+01,1.000000000000000000e+00,1.000000000000000000e+00,-1.000000000000000000e+00,0.000000000000000000e+00
2.135000000000000000e+03,5.112648827390299999e+01,3.182262452494522975e+01,-8.310268986017168083e-03,2.508024984001613689e+02,1.253877908006695296e-02,nan,8.847735403064013458e-06,1.642287015178837706e+01,1.000000000000000000e+00,1.000000000000000000e+00,-1.000000000000000000e+00,0.000000000000000000e+00
2.137000000000000000e+03,9.363850990866387392e+00,4.246836404704433932e+01,-8.290823949084686825e-03,2.502165412796197472e+02,2.119718812870108327e-02,nan,1.424807167004815292e-05,1.024918425929604382e+01,1.000000000000000000e+00,1.000000000000000000e+00,-1.000000000000000000e+00,0.000000000000000000e+00
2.138000000000000000e+03,6.534384934329453642e+01,4.004316637114074240e+01,-1.388374827692360775e-03,4.221800541156974163e+01,3.432974442335507970e-01,nan,1.171986074686796051e-05,1.473449135237780183e+01,1.000000000000000000e+00,1.000000000000000000e+00,-1.000000000000000000e+00,0.000000000000000000e+00
2.141000000000000000e+03,7.482091439031627544e+01,2.876085838439374598e+01,-6.797437570559413875e-03,2.052148071479106761e+02,3.177902003198473935e-02,nan,1.497466245103565608e-05,1.473449135237780183e+01,1.000000000000000000e+00,1.000000000000000000e+00,-1.000000000000000000e+00,0.000000000000000000e+00
2.142000000000000000e+03,8.292864429677015892e+01,6.623071921801954254e+00,-1.639343458084155380e-02,4.943807674078620948e+02,6.981513358184421314e-03,nan,2.045843405681531786e-05,2.357576878278456434e+01,1.000000000000000000e+00,1.000000000000000000e+00,-1.000000000000000000e+00,0.000000000000000000e+00
2.145000000000000000e+03,1.417254019342843492e+02,1.438236537093706957e+01,-1.706727284363440244e-03,5.181124452322935525e+01,3.368661669978036954e-01,nan,1.728930624194159219e-05,1.404504700213231061e+01,1.000000000000000000e+00,1.000000000000000000e+00,-1.000000000000000000e+00,0.000000000000000000e+00
2.148000000000000000e+03,1.146830535341263158e+02,2.790696475621280115e+01,-1.655277075415760926e-02,4.991822067488409402e+02,6.683312494520698976e-03,nan,2.073260997234974381e-05,2.083965805029794183e+01,1.000000000000000000e+00,1.000000000000000000e+00,-1.000000000000000000e+00,0.000000000000000000e+00
2.149000000000000000e+03,8.312052491282287292e+01,3.630217802036750641e+01,-8.675600080207899675e-03,2.618113926871527610e+02,2.401513003941402324e-02,nan,1.829414187119342405e-05,1.021107927646110092e+01,1.000000000000000000e+00,1.000000000000000000e+00,-1.000000000000000000e+00,0.000000000000000000e+00
2.149000000000000000e+03,6.065506597953747558e+01,4.132379800841398065e+01,-1.603070180998857671e-03,4.868763935744332372e+01,2.680172450534616946e-01,nan,1.048120406431591623e-05,1.804819670226667938e+01,1.000000000000000000e+00,1.000000000000000000e+00,-1.000000000000000000e+00,0.000000000000000000e+00
2.151000000000000000e+03,1.108250649957725820e+01,3.005356133026775822e+01,-8.553097291382160544e-03,2.581198912697012702e+02,2.352920735160757282e-02,nan,1.687271474605397226e-05,4.604209438218854444e+01,1.000000000000000000e+00,1.000000000000000000e+00,-1.000000000000000000e+00,0.000000000000000000e+00
2.151000000000000000e+03,1.286042358312099338e+02,9.634533674436029926e+00,-7.989512212340505251e-03,2.411368075531642319e+02,3.816415419275831500e-02,nan,2.444044124784639348e-05,2.297130937031923281e+01,1.000000000000000000e+00,1.000000000000000000e+00,-1.000000000000000000e+00,0.000000000000000000e+00
2.153000000000000000e+03,5.668652490152599910e+01,2.371731948726031547e+01,-8.592330499271157856e-03,2.593021455181284409e+02,1.873675735756030747e-02,nan,1.336925001311427818e-05,1.804819670226667938e+01,1.000000000000000000e+00,1.000000000000000000e+00,-1.000000000000000000e+00,0.000000000000000000e+00
2.155000000000000000e+03,8.041437401368820304e+01,3.676030005923288968e+01,-8.291052849913967474e-03,2.502234389816544819e+02,1.684836063462946676e-02,nan,1.190026458430285120e-05,1.294123433022793535e+01,1.000000000000000000e+00,1.000000000000000000e+00,-1.000000000000000000e+00,0.000000000000000000e+00
2.158000000000000000e+03,4.417864536462084857e+01,3.735434968829171964e+01,-8.798611822936026200e-03,2.655182309313826181e+02,1.894900209514926992e-02,nan,1.493766835712679197e-05,1.396420575252906282e+01,1.000000000000000000e+00,1.000000000000000000e+00,-1.000000000000000000e+00,0.000000000000000000e+00
2.159000000000000000e+03,2.591917702186343675e+01,4.600339579160606007e+01,-8.429414263614881317e-03,2.543928245090654343e+02,2.542031528718824429e-02,nan,1.895421258111265744e-05,2.020431099190014379e+01,1.000000000000000000e+00,1.000000000000000000e+00,-1.000000000000000000e+00,0.000000000000000000e+00
2.159000000000000000e+03,1.091837154152459135e+02,4.423683581312321422e+01,-1.424559579291716964e-03,4.330839741896450334e+01,3.177272040898136973e-01,nan,1.074107105438528203e-05,7.027554487624041890e+00,1.000000000000000000e+00,1.000000000000000000e+00,-1.000000000000000000e+00,0.000000000000000000e+00
2.162000000000000000e+03,4.582594686232079795e+01,5.122105225503920423e+01,-8.515070037355684102e-03,2.569739772583866966e+02,1.635701745717454969e-02,nan,1.190209952994203640e-05,1.396420575252906282e+01,1.000000000000000000e+00,1.000000000000000000e+00,-1.000000000000000000e+00,0.000000000000000000e+00
2.163000000000000000e+03,8.564356602620644310e+01,8.020133795395302911e+00,-8.719473242660695511e-03,2.631334674165123033e+02,1.574167617944322028e-02,nan,1.199900266218648059e-05,3.334701955747507185e+01,1.000000000000000000e+00,1.000000000000000000e+00,-1.000000000000000000e+00,0.000000000000000000e+00
2.164000000000000000e+03,1.063501786313975401e+02,3.715553240335015062e+01,-8.501051181573295382e-03,2.565515327859971535e+02,1.651227242371766657e-02,nan,1.230658624854226385e-05,7.627174357957565931e+00,1.000000000000000000e+00,1.000000000000000000e+00,-1.000000000000000000e+00,0.000000000000000000e+00
2.166000000000000000e+03,6.152701432577899254e+01,3.105088817833367187e+01,-1.227573876357446062e-03,3.737242642132501658e+01,3.381981577447675802e-01,nan,9.121349340965863268e-06,9.054587416774003472e+00,1.000000000000000000e+00,1.000000000000000000e+00,-1.000000000000000000e+00,0.000000000000000000e+00
2.171000000000000000e+03,1.281305800542702400e+02,3.231684164634215506e+01,-8.764526032695058380e-03,2.644910890663228997e+02,2.392891895047932760e-02,nan,1.861044627703727685e-05,2.232196615549637286e+01,1.000000000000000000e+00,1.000000000000000000e+00,-1.000000000000000000e+00,0.000000000000000000e+00
2.171000000000000000e+03,7.020963594678131869e+01,3.361947437982760789e+01,-2.479392535421450199e-03,7.509475420359727593e+01,1.262265089552321307e-01,nan,8.893289912884771528e-06,9.054587416774003472e+00,1.000000000000000000e+00,1.000000000000000000e+00,-1.000000000000000000e+00,0.000000000000000000e+00
2.171000000000000000e+03,8.877843416360494189e+01,4.886182493415296335e+01,-1.340653360005894697e-03,4.077996577756557883e+01,3.486137805698482639e-01,nan,1.101857470702693109e-05,1.283392435776115548e+01,1.000000000000000000e+00,1.000000000000000000e+00,-1.000000000000000000e+00,0.000000000000000000e+00
2.172000000000000000e+03,3.557155228342817566e+01,4.519356833978765309e+01,-1.154066017398655032e-03,3.515733917195468194e+01,3.481611390365412229e-01,nan,8.387976493030134206e-06,2.568706177986896577e+01,1.000000000000000000e+00,1.000000000000000000e+00,-1.000000000000000000e+00,0.000000000000000000e+00
2.173000000000000000e+03,1.040125702464350468e+02,1.032501483424895383e+01,-1.278206288435379794e-03,3.889818451015155887e+01,3.326336972295211858e-01,nan,9.726796367121848908e-06,9.303324705640743986e+00,1.000000000000000000e+00,1.000000000000000000e+00,-1.000000000000000000e+00,0.000000000000000000e+00
2.174000000000000000e+03,9.474431351469367257e+01,1.113202644080497095e+01,-1.553843478363311050e-03,4.720424094425224126e+01,3.250556974070942795e-01,nan,1.344684581045977509e-05,9.303324705640743986e+00,1.000000000000000000e+00,1.000000000000000000e+00,-1.000000000000000000e+00,0.000000000000000000e+00
2.174000000000000000e+03,3.594296497207591301e+01,1.950919185334133488e+01,-1.671490942338863060e-03,5.074943190837888807e+01,2.821568316626148487e-01,nan,1.072549109875634341e-05,1.495553580013008421e+01,1.000000000000000000e+00,1.000000000000000000e+00,-1.000000000000000000e+00,0.000000000000000000e+00
2.176000000000000000e+03,2.932486793203669251e+01,6.097672825371509120e+00,-8.566582163396625760e-03,2.585262446648583818e+02,2.002201426965777298e-02,nan,1.449951766323644931e-05,1.495553580013008421e+01,1.000000000000000000e+00,1.000000000000000000e+00,-1.000000000000000000e+00,0.000000000000000000e+00
2.176000000000000000e+03,1.182290611296837994e+02,5.232259322015667635e+01,-8.738432458064302605e-03,2.637047847816683088e+02,4.679739355286538505e-02,nan,3.658357828949093795e-05,7.785712262288449814e+00,1.000000000000000000e+00,1.000000000000000000e+00,-1.000000000000000000e+00,0.000000000000000000e+00
2.178000000000000000e+03,7.847927495029529155e+01,1.630902766391616154e+01,-1.634797843307526791e-03,4.964372134959684502e+01,3.063716658169068907e-01,nan,1.338768877391024404e-05,1.706906034805259154e+01,1.000000000000000000e+00,1.000000000000000000e+00,-1.000000000000000000e+00,0.000000000000000000e+00
2.178000000000000000e+03,4.429036332123408215e+01,4.520559507638419205e+01,-1.217402334315620784e-03,3.706591697590759082e+01,3.427964800555050040e-01,nan,9.433462983401971823e-06,2.701821973781277464e+01,1.000000000000000000e+00,1.000000000000000000e+00,-1.000000000000000000e+00,0.000000000000000000e+00
2.179000000000000000e+03,1.265963056631799191e+02,5.114946461435759062e+01,-8.073278299076603465e-03,2.436610164375884153e+02,2.799877429504777915e-01,nan,2.844559928887926406e-04,5.231195368784105071e+00,1.000000000000000000e+00,1.000000000000000000e+00,-1.000000000000000000e+00,0.000000000000000000e+00
2.180000000000000000e+03,1.237061358267548457e+02,4.678915232015125270e+01,-8.601584854519776779e-03,2.595810164389077954e+02,2.292616877413656828e-01,nan,2.440656112964218632e-04,5.231195368784105071e+00,1.000000000000000000e+00,1.000000000000000000e+00,-1.000000000000000000e+00,0.000000000000000000e+00
2.184000000000000000e+03,1.043053143868671242e+02,2.674219214812093171e+01,-7.370218516191852712e-03,2.224749992868760557e+02,2.199816311001601132e-02,nan,1.199285135743353225e-05,2.346349842219590442e+01,1.000000000000000000e+00,1.000000000000000000e+00,-1.000000000000000000e+00,0.000000000000000000e+00
2.192000000000000000e+03,5.380686153430958285e+01,4.274489611647165788e+01,-1.405930794394475011e-03,4.274703725310418889e+01,3.174426649548427459e-01,nan,1.048176504196460015e-05,3.268677302806079155e+01,1.000000000000000000e+00,1.000000000000000000e+00,-1.000000000000000000e+00,0.000000000000000000e+00
2.194000000000000000e+03,1.395864364501304919e+02,2.364650069280022038e+01,-8.924924431117019566e-03,2.693245375192711890e+02,2.270052434515290596e-02,nan,1.917391566477568270e-05,3.575914963502274446e+01,1.000000000000000000e+00,1.000000000000000000e+00,-1.000000000000000000e+00,0.000000000000000000e+00
2.197000000000000000e+03,1.054292359493065447e+02,1.306338033222322892e+01,-8.795391533265669096e-03,2.654211906599187500e+02,1.874710915511490494e-02,nan,1.630057710286122625e-05,8.094240055687745183e+00,1.000000000000000000e+00,1.000000000000000000e+00,-1.000000000000000000e+00,0.000000000000000000e+00
2.200000000000000000e+03,9.741659478290077345e+01,1.420981114894071773e+01,-1.472935751554410805e-03,4.476616593338293626e+01,3.367775423560692705e-01,nan,1.398146063438004930e-05,8.094240055687745183e+00,1.000000000000000000e+00,1.000000000000000000e+00,-1.000000000000000000e+00,0.000000000000000000e+00
2.204000000000000000e+03,5.661630800015425535e+01,4.998246360136261046e+01,-8.582128924257680438e-03,2.589947310585599780e+02,1.253386676449819159e-02,nan,8.871747946854082991e-06,7.552630575489935438e+00,1.000000000000000000e+00,1.000000000000000000e+00,-1.000000000000000000e+00,0.000000000000000000e+00
2.205000000000000000e+03,1.296953537560025325e+02,2.654660540860380280e+01,-8.900775915103456212e-03,2.685968456687596699e+02,1.547351325811452405e-02,nan,1.379937139630504829e-05,1.980095537101747638e+01,1.000000000000000000e+00,1.000000000000000000e+00,-1.000000000000000000e+00,0.000000000000000000e+00
2.207000000000000000e+03,7.435952423742011774e+01,1.394830863892084594e+01,-1.431429722188679856e-03,4.351542243843821467e+01,2.934482264750704061e-01,nan,9.857204677961683265e-06,2.657231196827677522e+01,1.000000000000000000e+00,1.000000000000000000e+00,-1.000000000000000000e+00,0.000000000000000000e+00
2.207000000000000000e+03,5.175351757518775031e+01,3.693025080980856956e+01,-1.475822756800014915e-03,4.485316300551896518e+01,3.304109081501088729e-01,nan,1.239177792877205112e-05,1.071270998698381050e+01,1.000000000000000000e+00,1.000000000000000000e+00,-1.000000000000000000e+00,0.000000000000000000e+00
2.208000000000000000e+03,1.422656447665634971e+02,1.124740224259427102e+01,-1.429270904353228434e-03,4.345036857986096379e+01,3.493018001798525729e-01,nan,1.301205986449828025e-05,1.980095537101747638e+01,1.000000000000000000e+00,1.000000000000000000e+00,-1.000000000000000000e+00,0.000000000000000000e+00
2.209000000000000000e+03,4.909170859980977752e+01,5.063256549657671002e+01,-8.042714403254146507e-03,2.427400034073305051e+02,2.248486612738287427e-02,nan,1.674835752752896128e-05,7.552630575489935438e+00,1.000000000000000000e+00,1.000000000000000000e+00,-1.000000000000000000e+00,0.000000000000000000e+00
2.210000000000000000e+03,1.136445508690573973e+02,4.215590332666447182e+01,-8.493083662169541651e-03,2.563114394015569815e+02,2.270169027716928412e-02,nan,1.712294494388471244e-05,2.238924864327383801e+01,1.000000000000000000e+00,1.000000000000000000e+00,-1.000000000000000000e+00,0.000000000000000000e+00
2.210000000000000000e+03,6.243877808478976021e+01,3.769664699140297870e+01,-8.764323302835394860e-03,2.644849800007947920e+02,1.365286207852811629e-02,nan,1.059117849475763078e-05,1.071270998698381050e+01,1.000000000000000000e+00,1.000000000000000000e+00,-1.000000000000000000e+00,0.000000000000000000e+00
2.211000000000000000e+03,1.161582939130413905e+01,3.447982849313902420e+01,-8.582646696179084198e-03,2.590103336076945766e+02,1.563055326474671602e-02,nan,1.144744571600692460e-05,1.363999502379576789e+01,1.000000000000000000e+00,1.000000000000000000e+00,-1.000000000000000000e+00,0.000000000000000000e+00
2.215000000000000000e+03,5.146138431436541794e+01,2.102027644359485592e+01,-1.461404028894780147e-03,4.441866877881415832e+01,3.604511111328467798e-01,nan,1.332465000986217357e-05,1.509842347413053076e+01,1.000000000000000000e+00,1.000000000000000000e+00,-1.000000000000000000e+00,0.000000000000000000e+00
2.217000000000000000e+03,9.006667569182278044e+01,1.735684669816310688e+01,-8.306599204603420591e-03,2.506919131357731771e+02,2.281124689782731974e-02,nan,1.659365258900679819e-05,2.373676831156133460e+01,1.000000000000000000e+00,1.000000000000000000e+00,-1.000000000000000000e+00,0.000000000000000000e+00
2.217000000000000000e+03,9.509127617656167786e+01,4.528197838412859966e+01,-7.911611830375026369e-03,2.387893559302085293e+02,1.518117822879594403e-02,nan,9.624485326298016106e-06,1.190412994029662919e+01,1.000000000000000000e+00,1.000000000000000000e+00,-1.000000000000000000e+00,0.000000000000000000e+00
2.220000000000000000e+03,1.339384628128120198e+02,3.447971155627129747e+01,-1.544280890226980979e-03,4.691608172764875206e+01,3.674770418870737521e-01,nan,1.659756030031949120e-05,7.161473079026337452e+00,1.000000000000000000e+00,1.000000000000000000e+00,-1.000000000000000000e+00,0.000000000000000000e+00
2.220000000000000000e+03,7.447421610368289535e+00,1.902477545572322271e+01,-1.342874853687747424e-03,4.084690831131543831e+01,3.317488139820937709e-01,nan,1.057120510817555859e-05,2.951676052386778082e+01,1.000000000000000000e+00,1.000000000000000000e+00,-1.000000000000000000e+00,0.000000000000000000e+00
2.221000000000000000e+03,1.146296564651115091e+02,2.424091167381890699e+01,-8.302640754858243641e-03,2.505726291342798220e+02,1.817075251240030109e-02,nan,1.276517047263052436e-05,2.185550332538481300e+01,1.000000000000000000e+00,1.000000000000000000e+00,-1.000000000000000000e+00,0.000000000000000000e+00
2.222000000000000000e+03,4.739031222593455794e+01,4.754269382145776746e+01,-8.747333774742802395e-03,2.639730172313198295e+02,1.633694053088141640e-02,nan,1.226161125414530173e-05,2.764696015724381795e+01,1.000000000000000000e+00,1.000000000000000000e+00,-1.000000000000000000e+00,0.000000000000000000e+00
2.224000000000000000e+03,1.419472326415221062e+02,2.576504573688580280e+01,-1.898885768873996918e-03,5.760175202714513176e+01,3.249254253387252600e-01,nan,2.038805810616125215e-05,1.183578449080680173e+01,1.000000000000000000e+00,1.000000000000000000e+00,-1.000000000000000000e+00,0.000000000000000000e+00
2.226000000000000000e+03,6.191684903475705681e+01,2.401963844427191574e+01,-8.267172020403374885e-03,2.495038136014219390e+02,2.273659903240177194e-02,nan,1.666790067473654916e-05,1.704857731039072988e+01,1.000000000000000000e+00,1.000000000000000000e+00,-1.000000000000000000e+00,0.000000000000000000e+00
2.229000000000000000e+03,1.273614058711756911e+02,4.814479703476019523e+01,-1.533792391589090332e-03,4.660002110601026715e+01,3.080087215099589493e-01,nan,1.186984133459307432e-05,2.671328528521463497e+01,1.000000000000000000e+00,1.000000000000000000e+00,-1.000000000000000000e+00,0.000000000000000000e+00
2.230000000000000000e+03,5.611762382463874843e+01,4.005157454914390058e+01,-1.431542749611573176e-03,4.351882840899465066e+01,3.132851802080748316e-01,nan,1.095141721028863605e-05,3.891415512249113640e+00,1.000000000000000000e+00,1.000000000000000000e+00,-1.000000000000000000e+00,0.000000000000000000e+00
2.231000000000000000e+03,8.488560181135332527e+01,2.304084468543999620e+01,-1.295087101623517215e-03,3.940687126258449524e+01,3.507519598375771208e-01,nan,1.085633890759602186e-05,1.486579249129456848e+01,1.000000000000000000e+00,1.000000000000000000e+00,-1.000000000000000000e+00,0.000000000000000000e+00
2.235000000000000000e+03,1.505523551811118566e+01,3.761464774943929967e+01,-9.445449191525333646e-03,2.850100407578893851e+02,2.574579526396014728e-02,nan,2.316279013387582451e-05,2.096431947440882126e+01,1.000000000000000000e+00,1.000000000000000000e+00,-1.000000000000000000e+00,0.000000000000000000e+00
2.235000000000000000e+03,1.105957735959992760e+02,4.495351109309225279e+01,-1.364890952000467287e-03,4.151034184541862970e+01,3.728388449105660696e-01,nan,1.306732275692896494e-05,9.523528336105991698e+00,1.000000000000000000e+00,1.000000000000000000e+00,-1.000000000000000000e+00,0.000000000000000000e+00
2.236000000000000000e+03,2.058092252224690100e+01,1.739165405025117295e+01,-2.149617531846615727e-03,6.515730784171661583e+01,2.919030500533182915e-01,nan,2.100119327611274639e-05,1.105322582063938519e+01,1.000000000000000000e+00,1.000000000000000000e+00,-1.000000000000000000e+00,0.000000000000000000e+00
2.236000000000000000e+03,7.118860518850000574e+01,2.881873962285229851e+01,-1.336095716550074084e-03,4.064262566115946385e+01,3.480033250933592948e-01,nan,1.111337595235819857e-05,6.697032145686839577e+00,1.000000000000000000e+00,1.000000000000000000e+00,-1.000000000000000000e+00,0.000000000000000000e+00
2.238000000000000000e+03,3.943555599938461853e+01,1.021571912713641872e+01,-1.705630449487889047e-03,5.177819247978920458e+01,3.037839378504811894e-01,nan,1.421230285457191479e-05,9.120810462638299754e+00,1.000000000000000000e+00,1.000000000000000000e+00,-1.000000000000000000e+00,0.000000000000000000e+00
2.239000000000000000e+03,3.090732078302228558e+01,1.344966216772473366e+01,2.199794462116116782e-03,-6.666934043288249256e+01,2.072660623160582638e-01,nan,1.409831119021707794e-05,7.573276648412440970e+00,1.000000000000000000e+00,1.000000000000000000e+00,-1.000000000000000000e+00,0.000000000000000000e+00
2.240000000000000000e+03,1.199151465566461354e+02,4.691485746458759820e+01,-1.332165992842668928e-03,4.052420729064616722e+01,3.698449946707536018e-01,nan,1.243400802958279519e-05,9.523528336105991698e+00,1.000000000000000000e+00,1.000000000000000000e+00,-1.000000000000000000e+00,0.000000000000000000e+00
2.241000000000000000e+03,1.341368280264137240e+02,1.376194888263601079e+01,-8.955216609535888994e-03,2.702373626120127028e+02,2.092937139211481501e-02,nan,1.771615596493606270e-05,3.607452801175325163e+01,1.000000000000000000e+00,1.000000000000000000e+00,-1.000000000000000000e+00,0.000000000000000000e+00
2.242000000000000000e+03,1.059021632354386355e+01,3.766593147168124034e+01,-2.537757012481964974e-02,7.651088823599950501e+02,2.405320552589906846e-03,nan,1.670179111496969822e-05,3.161032161524308393e+01,1.000000000000000000e+00,1.000000000000000000e+00,-1.000000000000000000e+00,0.000000000000000000e+00
2.242000000000000000e+03,7.926537548810746614e+01,4.839339274435786820e+01,-8.171695010528091940e-03,2.466267075316980311e+02,1.585075099890054240e-02,nan,1.184234148778098252e-05,1.190734316902901924e+01,1.000000000000000000e+00,1.000000000000000000e+00,-1.000000000000000000e+00,0.000000000000000000e+00
2.242000000000000000e+03,5.848002093440118188e+01,3.663494849018806576e+01,-1.404442476719487990e-03,4.270218825938333396e+01,3.164076388766906556e-01,nan,1.035267883602327889e-05,1.394454768307203807e+01,1.000000000000000000e+00,1.000000000000000000e+00,-1.000000000000000000e+00,0.000000000000000000e+00
2.244000000000000000e+03,3.143760018701412307e+01,5.894973362281372253e+00,-8.207204406938504657e-03,2.476967483727139268e+02,2.100658577771385982e-02,nan,1.347280126466272061e-05,7.573276648412440970e+00,1.000000000000000000e+00,1.000000000000000000e+00,-1.000000000000000000e+00,0.000000000000000000e+00
2.246000000000000000e+03,6.740381848859315994e+01,4.735018284587376058e+01,-7.646002403593883841e-03,2.307854763055101159e+02,2.133384663249726643e-01,nan,1.646580744369560375e-04,3.370239339149550428e+00,1.000000000000000000e+00,1.000000000000000000e+00,-1.000000000000000000e+00,0.000000000000000000e+00
2.248000000000000000e+03,6.404158698607008660e+01,4.711799213418908749e+01,-5.738102436309977863e-03,1.732927816403874886e+02,3.350637115612121741e-01,nan,2.364648069130368541e-04,3.370239339149550428e+00,1.000000000000000000e+00,1.000000000000000000e+00,-1.000000000000000000e+00,0.000000000000000000e+00
2.249000000000000000e+03,2.848104216317859638e+01,1.640227246497176239e+01,1.138239161368323525e-03,-3.468041238498267376e+01,3.575471887221328693e-01,nan,8.597842877833823972e-06,1.091533644839702077e+01,1.000000000000000000e+00,1.000000000000000000e+00,-1.000000000000000000e+00,0.000000000000000000e+00
2.250000000000000000e+03,1.358100036690428283e+02,1.828369204659894010e+01,-8.292905924232391729e-03,2.502792795591521724e+02,1.975382116163171276e-02,nan,1.489676640518591467e-05,1.284257572437183192e+01,1.000000000000000000e+00,1.000000000000000000e+00,-1.000000000000000000e+00,0.000000000000000000e+00
2.251000000000000000e+03,5.276396191591317830e+01,3.424675037368096753e+01,-1.312628508821569876e-03,3.993546436774081343e+01,2.935937414304536919e-01,nan,8.022689031542378901e-06,1.711296852332989360e+01,1.000000000000000000e+00,1.000000000000000000e+00,-1.000000000000000000e+00,0.000000000000000000e+00
2.252000000000000000e+03,1.253730776216385152e+02,1.080022186778229099e+01,-9.126724559148624225e-03,2.754055864962887767e+02,2.049491132416170203e-02,nan,1.673660082645247421e-05,1.284257572437183192e+01,1.000000000000000000e+00,1.000000000000000000e+00,-1.000000000000000000e+00,0.000000000000000000e+00
2.252000000000000000e+03,8.825281456598607122e+01,3.928747927664453954e+01,-8.710622863241954811e-03,2.628667699112356217e+02,1.842221984394754042e-02,nan,1.364093426496298150e-05,8.182522611431906512e+00,1.000000000000000000e+00,1.000000000000000000e+00,-1.000000000000000000e+00,0.000000000000000000e+00
2.255000000000000000e+03,7.522525229317808737e+01,2.122363142778386802e+01,-1.912521952383872429e-03,5.801266504584334882e+01,1.977553594567137418e-01,nan,9.735834090773733067e-06,1.304086211624684921e+01,1.000000000000000000e+00,1.000000000000000000e+00,-1.000000000000000000e+00,0.000000000000000000e+00
2.255000000000000000e+03,1.779062787991863459e+01,4.828662197611464535e+01,-1.537805907087733213e-03,4.672096445998793968e+01,3.273164233678892421e-01,nan,1.224016406520309702e-05,3.768623207759138438e+01,1.000000000000000000e+00,1.000000000000000000e+00,-1.000000000000000000e+00,0.000000000000000000e+00
2.267000000000000000e+03,1.221298381961265989e+02,1.114821277333481930e+01,-1.698058467706498043e-02,5.120739598097819680e+02,4.626447969561020557e-03,nan,1.555165211452175223e-05,3.425566956046397138e+01,1.000000000000000000e+00,1.000000000000000000e+00,-1.000000000000000000e+00,0.000000000000000000e+00
2.267000000000000000e+03,1.286760633385696053e+02,4.477257646129395852e+01,-1.809691803333772497e-02,5.457135708466482811e+02,5.841622584399686069e-03,nan,2.150397991984881422e-05,1.420905582778941145e+01,1.000000000000000000e+00,1.000000000000000000e+00,-1.000000000000000000e+00,0.000000000000000000e+00
2.268000000000000000e+03,1.423366024788566904e+02,4.868242785411195683e+01,-9.205687815310947819e-03,2.777850667909329445e+02,1.765350661854325764e-02,nan,1.458888854848378176e-05,1.420905582778941145e+01,1.000000000000000000e+00,1.000000000000000000e+00,-1.000000000000000000e+00,0.000000000000000000e+00
2.269000000000000000e+03,3.959887032090138348e+01,2.350222713851631795e+01,-8.713557724648039737e-03,2.629552090818409056e+02,1.407426627344332548e-02,nan,1.179146123862862962e-05,2.229689307149722666e+01,1.000000000000000000e+00,1.000000000000000000e+00,-1.000000000000000000e+00,0.000000000000000000e+00
2.270000000000000000e+03,2.183801800973677487e+01,1.002248063412018375e+01,-8.599691760713198616e-03,2.595239699133769022e+02,3.057602978161366725e-02,nan,2.484582332369181606e-05,2.229689307149722666e+01,1.000000000000000000e+00,1.000000000000000000e+00,-1.000000000000000000e+00,0.000000000000000000e+00
2.272000000000000000e+03,9.968056978426018588e+01,4.068302200134060342e+01,-1.207297248663319507e-03,3.676141012862265001e+01,3.638588680134067221e-01,nan,1.029506477689426100e-05,9.605855688284666627e+00,1.000000000000000000e+00,1.000000000000000000e+00,-1.000000000000000000e+00,0.000000000000000000e+00
2.274000000000000000e+03,1.022360331010569325e+02,3.142332056227373371e+01,-1.302361136071303891e-03,3.962606715789421941e+01,3.387173029595401674e-01,nan,1.017950180219568249e-05,9.605855688284666627e+00,1.000000000000000000e+00,1.000000000000000000e+00,-1.000000000000000000e+00,0.000000000000000000e+00
2.274000000000000000e+03,7.253263517181130737e+01,5.175452285624288606e+01,-1.476752153082014742e-03,4.488116945112940925e+01,3.427611535381416275e-01,nan,1.344867084874290359e-05,5.614657303077624562e+00,1.000000000000000000e+00,1.000000000000000000e+00,-1.000000000000000000e+00,0.000000000000000000e+00
2.275000000000000000e+03,5.997399106570045291e+01,1.973909055726788608e+01,-5.921173180920343004e-03,1.788094390136690208e+02,3.425831919669819481e-02,nan,1.237350711624557028e-05,2.542974591174673193e+01,1.000000000000000000e+00,1.000000000000000000e+00,-1.000000000000000000e+00,0.000000000000000000e+00
2.276000000000000000e+03,3.168486921039184168e+01,4.730821564716510608e+01,-8.512625159951667589e-03,2.569003032752150943e+02,2.250257810347178200e-02,nan,1.636126506347397545e-05,1.407345729803777168e+01,1.000000000000000000e+00,1.000000000000000000e+00,-1.000000000000000000e+00,0.000000000000000000e+00
2.278000000000000000e+03,1.300762098698302225e+02,3.349849432720350961e+01,-8.752937705298028878e-03,2.641418861834980589e+02,1.744035516763620119e-02,nan,1.446559132551549474e-05,2.791741013545484407e+01,1.000000000000000000e+00,1.000000000000000000e+00,-1.000000000000000000e+00,0.000000000000000000e+00
2.278000000000000000e+03,4.190134942900867543e+01,3.762907662231875605e+01,-1.603535952951714097e-02,4.835905268575151581e+02,5.167856425971506518e-03,nan,1.372293563315532331e-05,1.407345729803777168e+01,1.000000000000000000e+00,1.000000000000000000e+00,-1.000000000000000000e+00,0.000000000000000000e+00
2.282000000000000000e+03,6.858985807514096678e+01,1.862942358616534833e+01,-1.529862379877066844e-02,4.613897180399582680e+02,4.701184827280102674e-03,nan,1.223368205147680128e-05,1.321534338163405131e+01,1.000000000000000000e+00,1.000000000000000000e+00,-1.000000000000000000e+00,0.000000000000000000e+00
2.282000000000000000e+03,8.440145691340890721e+01,4.648124305442582482e+01,-7.890989530665958387e-03,2.381679231502950529e+02,2.555339568148340401e-02,nan,1.704210416973096068e-05,2.542113725659082490e+01,1.000000000000000000e+00,1.000000000000000000e+00,-1.000000000000000000e+00,0.000000000000000000e+00
2.284000000000000000e+03,2.415639913820764662e+01,3.801672101853942820e+01,-1.501466234416978145e-03,4.562590405801911686e+01,3.314670023768168106e-01,nan,1.271867574228289902e-05,3.470294196099006001e+01,1.000000000000000000e+00,1.000000000000000000e+00,-1.000000000000000000e+00,0.000000000000000000e+00
2.286000000000000000e+03,5.867611902012524183e+01,8.757487660449125855e+00,-1.644164018297408552e-03,4.992596184863096198e+01,2.360886954863867793e-01,nan,9.128363401308161847e-06,1.399061617557964077e+01,1.000000000000000000e+00,1.000000000000000000e+00,-1.000000000000000000e+00,0.000000000000000000e+00
2.288000000000000000e+03,1.024114440784830862e+02,1.269047812895566274e+01,-1.160162475890992367e-03,3.534104997055462860e+01,3.738766886138109591e-01,nan,9.087101509506481726e-06,8.156068271704329575e+00,1.000000000000000000e+00,1.000000000000000000e+00,-1.000000000000000000e+00,0.000000000000000000e+00
2.290000000000000000e+03,1.055590229704103322e+01,4.105409492225783907e+01,-7.780449386187404150e-03,2.348369042899134911e+02,3.166391456118611281e-02,nan,1.885977181737131974e-05,1.501666534206708548e+01,1.000000000000000000e+00,1.000000000000000000e+00,-1.000000000000000000e+00,0.000000000000000000e+00
2.290000000000000000e+03,4.001324155302828700e+01,4.189406838201878003e+01,-7.243064224916074927e-03,2.186433294042639659e+02,3.605148274737435266e-02,nan,1.904782204957787618e-05,1.652538834297047643e+01,1.000000000000000000e+00,1.000000000000000000e+00,-1.000000000000000000e+00,0.000000000000000000e+00
2.291000000000000000e+03,7.231755445440879271e+01,3.188677764066678932e+01,-8.690166902990544354e-03,2.622503496077694081e+02,2.416939952911678624e-02,nan,1.829160587864493836e-05,8.183814772625677136e+00,1.000000000000000000e+00,1.000000000000000000e+00,-1.000000000000000000e+00,0.000000000000000000e+00
2.291000000000000000e+03,9.426802592467321062e+01,1.314456008730880576e+01,2.185693096657608404e-03,-6.624440961231044867e+01,1.522078439101292036e-01,nan,8.671417868321298778e-06,8.156068271704329575e+00,1.000000000000000000e+00,1.000000000000000000e+00,-1.000000000000000000e+00,0.000000000000000000e+00
2.291000000000000000e+03,7.566553532595229115e+00,2.633798021897609587e+01,-9.381513161463184147e-03,2.830833911863732055e+02,1.844514289686216557e-02,nan,1.602218923348687867e-05,1.501666534206708548e+01,1.000000000000000000e+00,1.000000000000000000e+00,-1.000000000000000000e+00,0.000000000000000000e+00
2.291000000000000000e+03,5.258190842408779275e+01,3.116480592039935260e+01,-1.493623679969980625e-03,4.538957637001264089e+01,2.644500262494339227e-01,nan,8.583287530009200392e-06,1.159149153404626986e+01,1.000000000000000000e+00,1.000000000000000000e+00,-1.000000000000000000e+00,0.000000000000000000e+00
2.298000000000000000e+03,1.372668136142630715e+02,1.910001589560375024e+01,-8.610169964646237004e-03,2.598397203141794876e+02,2.475609243872434195e-02,nan,1.822684614597360478e-05,4.752749257925294302e+01,1.000000000000000000e+00,1.000000000000000000e+00,-1.000000000000000000e+00,0.000000000000000000e+00
2.298000000000000000e+03,5.379043661280547894e+01,2.596006601856091933e+01,-1.365910944804852537e-03,4.154107832839400771e+01,3.019023499739269534e-01,nan,9.079953428347166123e-06,2.066031425911416974e+01,1.000000000000000000e+00,1.000000000000000000e+00,-1.000000000000000000e+00,0.000000000000000000e+00
2.298000000000000000e+03,4.701228993801535694e+01,4.547686168128147699e+01,-1.225346396952561303e-03,3.730530351368107489e+01,3.719784483177114298e-01,nan,1.086924058181225778e-05,2.066031425911416974e+01,1.000000000000000000e+00,1.000000000000000000e+00,-1.000000000000000000e+00,0.000000000000000000e+00
2.300000000000000000e+03,8.316392558776824728e+01,4.198961362026089006e+01,-7.899891499665244107e-03,2.384361752569937778e+02,1.972908340048040721e-02,nan,1.249216610060961032e-05,8.143223485368670467e+00,1.000000000000000000e+00,1.000000000000000000e+00,-1.000000000000000000e+00,0.000000000000000000e+00
2.300000000000000000e+03,8.978235867932588121e+01,1.555750665438878855e+01,-1.320625014415809659e-03,4.017643122260797384e+01,3.076182805005041043e-01,nan,1.051662154333752329e-05,2.724811801285970603e+01,1.000000000000000000e+00,1.000000000000000000e+00,-1.000000000000000000e+00,0.000000000000000000e+00
2.301000000000000000e+03,9.922124705374319120e+00,1.597844468971168119e+01,-1.619065138166858424e-03,4.916963170736234190e+01,2.648441187132392072e-01,nan,1.019589404581839770e-05,3.786587513864799348e+01,1.000000000000000000e+00,1.000000000000000000e+00,-1.000000000000000000e+00,0.000000000000000000e+00
2.303000000000000000e+03,9.723000186205212003e+01,4.471087795819287436e+01,-8.184624767857761468e-03,2.470163330901633003e+02,2.376623751562778608e-02,nan,1.570299522316861586e-05,1.381363132832963103e+01,1.000000000000000000e+00,1.000000000000000000e+00,-1.000000000000000000e+00,0.000000000000000000e+00
2.305000000000000000e+03,7.507885694509852215e+01,4.101814371543695614e+01,-1.622653067474601370e-03,4.927775043879864825e+01,3.239268185683937817e-01,nan,1.397962714333781182e-05,8.143223485368670467e+00,1.000000000000000000e+00,1.000000000000000000e+00,-1.000000000000000000e+00,0.000000000000000000e+00
2.306000000000000000e+03,2.004863423383131860e+01,5.246513136835859115e+01,-7.459185110824579669e-03,2.251559203772499700e+02,2.283237858235853679e-02,nan,1.221057266627862829e-05,3.577419468315727613e+01,1.000000000000000000e+00,1.000000000000000000e+00,-1.000000000000000000e+00,0.000000000000000000e+00
2.307000000000000000e+03,5.413531489816843845e+01,4.160735965792260771e+01,-1.190749190927748065e-03,3.626275063545936916e+01,3.510499253054035762e-01,nan,9.176520686175502697e-06,2.095182877217183659e+01,1.000000000000000000e+00,1.000000000000000000e+00,-1.000000000000000000e+00,0.000000000000000000e+00
2.308000000000000000e+03,8.763454881103304217e+01,3.477389193522300559e+01,-1.433685961055191672e-03,4.358341198425733864e+01,3.046826318926095789e-01,nan,1.046370421178286385e-05,1.381363132832963103e+01,1.000000000000000000e+00,1.000000000000000000e+00,-1.000000000000000000e+00,0.000000000000000000e+00
2.309000000000000000e+03,4.620777286927987859e+01,1.552663239632704517e+01,-7.904845165217581557e-03,2.385854491109469677e+02,1.464519779458439697e-02,nan,8.948139456025667546e-06,1.221137178305531990e+01,1.000000000000000000e+00,1.000000000000000000e+00,-1.000000000000000000e+00,0.000000000000000000e+00
2.310000000000000000e+03,6.839564979896086072e+01,1.789217687363379738e+01,-1.473599528661764888e-03,4.478616820562634615e+01,3.433870470843770617e-01,nan,1.357935778969341086e-05,1.028713515490067287e+01,1.000000000000000000e+00,1.000000000000000000e+00,-1.000000000000000000e+00,0.000000000000000000e+00
2.311000000000000000e+03,5.312494094892650232e+00,1.202842706034021525e+01,-8.230961122982627734e-03,2.484126337153376198e+02,2.332246273808658010e-02,nan,1.583811970243979362e-05,4.104462530718940627e+01,1.000000000000000000e+00,1.000000000000000000e+00,-1.000000000000000000e+00,0.000000000000000000e+00
2.311000000000000000e+03,8.596004940084006307e+01,1.480034917534347727e+01,-1.877465954964882382e-03,5.695628693883989513e+01,1.951045977533966136e-01,nan,8.924127509878591253e-06,1.783444789979239786e+01,1.000000000000000000e+00,1.000000000000000000e+00,-1.000000000000000000e+00,0.000000000000000000e+00
2.311000000000000000e+03,5.811432909686995885e+01,1.823800098492498023e+01,-1.715988831027952504e-03,5.209033215027492503e+01,2.641249901650257748e-01,nan,1.166072689821979316e-05,1.028713515490067287e+01,1.000000000000000000e+00,1.000000000000000000e+00,-1.000000000000000000e+00,0.000000000000000000e+00
2.317000000000000000e+03,7.604728066666763198e+01,1.453650163059622002e+01,-8.147258401280848064e-03,2.458903342740881328e+02,2.095073231532151858e-02,nan,1.401910424929112079e-05,3.043926159731348235e+01,1.000000000000000000e+00,1.000000000000000000e+00,-1.000000000000000000e+00,0.000000000000000000e+00
2.318000000000000000e+03,1.195881560222954647e+02,5.308286062885270695e+01,-8.955644656965369710e-03,2.702502614015652398e+02,1.689242370480337208e-02,nan,1.313790691562838052e-05,4.703887277651367071e+01,1.000000000000000000e+00,1.000000000000000000e+00,-1.000000000000000000e+00,0.000000000000000000e+00
2.320000000000000000e+03,3.778845280110866156e+01,3.700902911184463306e+01,-8.134717210573688337e-03,2.455124177897714617e+02,1.984707302999821898e-02,nan,1.265072964699483938e-05,3.251833900784336606e+01,1.000000000000000000e+00,1.000000000000000000e+00,-1.000000000000000000e+00,0.000000000000000000e+00
2.321000000000000000e+03,4.689146747410222815e+01,5.790805336423147764e+00,-8.454375487542391959e-03,2.551450065156384142e+02,2.179891854245030736e-02,nan,1.513024354870354599e-05,2.088810301140475545e+01,1.000000000000000000e+00,1.000000000000000000e+00,-1.000000000000000000e+00,0.000000000000000000e+00
2.321000000000000000e+03,1.330432357450970926e+02,8.009405228383451814e+00,-9.016378119207312664e-03,2.720804047321941539e+02,2.250066265671790688e-02,nan,1.845496646035379317e-05,2.381710615823902799e+01,1.000000000000000000e+00,1.000000000000000000e+00,-1.000000000000000000e+00,0.000000000000000000e+00
2.324000000000000000e+03,9.132397572908244499e+00,1.116336713837403849e+01,-1.691976554924211817e-03,5.136674575585178815e+01,3.033697752251379720e-01,nan,1.412132737442415026e-05,6.033831842531000689e+00,1.000000000000000000e+00,1.000000000000000000e+00,-1.000000000000000000e+00,0.000000000000000000e+00
2.324000000000000000e+03,6.425958939294163486e+01,1.739516608690770383e+01,1.917690967223552225e-03,-5.816842823940336871e+01,2.230948440682681833e-01,nan,1.156676844667949242e-05,2.088810301140475545e+01,1.000000000000000000e+00,1.000000000000000000e+00,-1.000000000000000000e+00,0.000000000000000000e+00
2.324000000000000000e+03,1.112693245865457357e+02,1.766089934133509232e+01,-1.507268963120242389e-03,4.580076359745096681e+01,3.026616776465498315e-01,nan,1.119143448369904269e-05,2.381710615823902799e+01,1.000000000000000000e+00,1.000000000000000000e+00,-1.000000000000000000e+00,0.000000000000000000e+00
2.332000000000000000e+03,6.177501286141259840e+01,9.492067436425967841e+00,-8.527373065375041736e-03,2.573447169436440731e+02,2.020603239527629658e-02,nan,1.305443607186562446e-05,4.974777186217574254e+00,1.000000000000000000e+00,1.000000000000000000e+00,-1.000000000000000000e+00,0.000000000000000000e+00
2.332000000000000000e+03,3.472356121637898951e+01,1.377373214093102050e+01,-1.258011771318174330e-03,3.828964253916869609e+01,3.643177283298064673e-01,nan,1.105157568899649710e-05,8.849127015505686700e+00,1.000000000000000000e+00,1.000000000000000000e+00,-1.000000000000000000e+00,0.000000000000000000e+00
2.334000000000000000e+03,9.867670337545341397e+01,5.301547063573316620e+01,-7.358168021158221876e-03,2.221118694355147341e+02,2.109284011246292945e-02,nan,1.172266391469032992e-05,5.280289839310598410e+01,1.000000000000000000e+00,1.000000000000000000e+00,-1.000000000000000000e+00,0.000000000000000000e+00
2.335000000000000000e+03,3.768311877079549532e+01,2.679394699510066147e+01,-3.350269989764872829e-03,1.013377923250267969e+02,8.950346696273114855e-02,nan,1.086260654285793362e-05,1.335233971132563724e+01,1.000000000000000000e+00,1.000000000000000000e+00,-1.000000000000000000e+00,0.000000000000000000e+00
2.336000000000000000e+03,2.709042039201001728e+01,9.296879441555670809e+00,-6.763802617580793111e-03,2.042012508216696745e+02,2.099147775425047602e-02,nan,1.133219564179849485e-05,8.849127015505686700e+00,1.000000000000000000e+00,1.000000000000000000e+00,-1.000000000000000000e+00,0.000000000000000000e+00
2.342000000000000000e+03,4.991470689155084983e+01,4.023060423162777255e+01,-1.265281891910042394e-03,3.850872049426816091e+01,3.166949398587586284e-01,nan,8.358805511667950381e-06,1.290900206959541485e+01,1.000000000000000000e+00,1.000000000000000000e+00,-1.000000000000000000e+00,0.000000000000000000e+00
2.342000000000000000e+03,1.179806237866470866e+02,4.674791263717490608e+01,-1.519022882970504518e-03,4.615495644647725726e+01,2.996161007468878257e-01,nan,1.085785080088838264e-05,6.407463382566118071e+01,1.000000000000000000e+00,1.000000000000000000e+00,-1.000000000000000000e+00,0.000000000000000000e+00
2.343000000000000000e+03,3.719794747363508236e+01,3.801106276103765680e+01,-9.108038899794560633e-03,2.748425124744421169e+02,1.628464129061735211e-02,nan,1.338800044813961931e-05,1.290900206959541485e+01,1.000000000000000000e+00,1.000000000000000000e+00,-1.000000000000000000e+00,0.000000000000000000e+00
2.349000000000000000e+03,3.127657427347750740e+01,2.724434229252031159e+01,-8.398549968629584472e-03,2.534627592446008180e+02,2.375650033676657280e-02,nan,1.614532696306920418e-05,1.914710421180820887e+01,1.000000000000000000e+00,1.000000000000000000e+00,-1.000000000000000000e+00,0.000000000000000000e+00
2.351000000000000000e+03,1.186144905944392178e+02,4.621080493296134506e+01,-8.838686839508136731e-03,2.667258522590144025e+02,1.492058000571760967e-02,nan,1.235139177342655704e-05,6.113365028722120798e+01,1.000000000000000000e+00,1.000000000000000000e+00,-1.000000000000000000e+00,0.000000000000000000e+00
2.353000000000000000e+03,5.300282857348143750e+01,4.664952316196423965e+01,-1.548951378629571723e-03,4.705682231587226028e+01,2.849511899752407151e-01,nan,1.068125392094128002e-05,1.305422076046793833e+01,1.000000000000000000e+00,1.000000000000000000e+00,-1.000000000000000000e+00,0.000000000000000000e+00
2.353000000000000000e+03,4.571121378712167171e+01,1.466448610061628166e+01,1.339700585305999289e-03,-4.075125484625625916e+01,3.069869475816606741e-01,nan,8.872057284949813399e-06,1.852748361850301606e+01,1.000000000000000000e+00,1.000000000000000000e+00,-1.000000000000000000e+00,0.000000000000000000e+00
2.357000000000000000e+03,1.021711949208578716e+02,3.013343043010653943e+01,-1.442538105849109145e-03,4.385016268738391432e+01,3.465141545990059191e-01,nan,1.299033944084515156e-05,3.855777343002856128e+01,1.000000000000000000e+00,1.000000000000000000e+00,-1.000000000000000000e+00,0.000000000000000000e+00
2.358000000000000000e+03,6.595712860144952572e+01,4.503744672195957577e+01,-8.443368369590377107e-03,2.548133178095166329e+02,1.469150270225327848e-02,nan,1.039742180473500741e-05,1.305422076046793833e+01,1.000000000000000000e+00,1.000000000000000000e+00,-1.000000000000000000e+00,0.000000000000000000e+00
2.361000000000000000e+03,6.446984824604467690e+01,2.205194846285766630e+01,-8.131415083059756466e-03,2.454129114151400586e+02,2.142203243991369632e-02,nan,1.416223240140895155e-05,1.288355814766385343e+01,1.000000000000000000e+00,1.000000000000000000e+00,-1.000000000000000000e+00,0.000000000000000000e+00
2.361000000000000000e+03,4.926405395249125974e+01,2.529030822160848047e+01,-8.239328546683612198e-03,2.486647778236365980e+02,1.822474782477112587e-02,nan,1.278184408199521574e-05,1.554680526748046354e+01,1.000000000000000000e+00,1.000000000000000000e+00,-1.000000000000000000e+00,0.000000000000000000e+00
2.361000000000000000e+03,1.315703579487261266e+01,4.304331608254126706e+01,-7.335509301112475705e-03,2.214290711256289512e+02,3.988053091042031983e-02,nan,2.160157441659820552e-05,2.084720337121410694e+01,1.000000000000000000e+00,1.000000000000000000e+00,-1.000000000000000000e+00,0.000000000000000000e+00
2.363000000000000000e+03,5.040836734708898348e+01,7.015250804137213692e+00,-8.623204340335286627e-03,2.602324984443179687e+02,1.725986901917964111e-02,nan,1.261271612442134299e-05,1.831084860832308081e+01,1.000000000000000000e+00,1.000000000000000000e+00,-1.000000000000000000e+00,0.000000000000000000e+00
2.365000000000000000e+03,6.504185091749197056e+01,4.219703731151844295e+01,-1.260306830909811108e-03,3.835880190947262491e+01,3.555055697432657480e-01,nan,1.056033881111165736e-05,1.934835327899206447e+01,1.000000000000000000e+00,1.000000000000000000e+00,-1.000000000000000000e+00,0.000000000000000000e+00
2.366000000000000000e+03,1.182741062993133880e+02,4.049165348002130571e+01,-8.210209562262841751e-03,2.477873057816169364e+02,2.888814549248608365e-02,nan,1.920154844568800861e-05,3.058514227676728936e+01,1.000000000000000000e+00,1.000000000000000000e+00,-1.000000000000000000e+00,0.000000000000000000e+00
2.367000000000000000e+03,1.705250424800890841e+01,3.625846938350165516e+01,-9.338168467701243175e-03,2.817772413428066898e+02,1.425841662918481134e-02,nan,1.324433223290810615e-05,4.435966000732036463e+01,1.000000000000000000e+00,1.000000000000000000e+00,-1.000000000000000000e+00,0.000000000000000000e+00
2.376000000000000000e+03,1.036755051403535219e+02,8.729128938573584406e+00,1.217118834143170875e-03,-3.705737397620547569e+01,3.695061176300458161e-01,nan,1.046689782694659919e-05,4.376200899798229216e+01,1.000000000000000000e+00,1.000000000000000000e+00,-1.000000000000000000e+00,0.000000000000000000e+00
2.377000000000000000e+03,1.207474617404752451e+02,4.902381505700665798e+01,-8.621720628226791153e-03,2.601877882348271669e+02,1.706805461481719632e-02,nan,1.313582258099663997e-05,1.635668979861308259e+01,1.000000000000000000e+00,1.000000000000000000e+00,-1.000000000000000000e+00,0.000000000000000000e+00
2.379000000000000000e+03,4.390109872784970690e+01,1.115026808936733538e+01,-1.520694788468631266e-03,4.620533767922583479e+01,2.932992775318120637e-01,nan,1.096799012256741744e-05,1.709926800789547485e+01,1.000000000000000000e+00,1.000000000000000000e+00,-1.000000000000000000e+00,0.000000000000000000e+00
2.380000000000000000e+03,2.400659518751799126e+01,4.459485880639105915e+01,-8.060174158455621699e-03,2.432661360096362841e+02,1.800816691188000807e-02,nan,1.184542785089930603e-05,1.250149401591923848e+01,1.000000000000000000e+00,1.000000000000000000e+00,-1.000000000000000000e+00,0.000000000000000000e+00
2.380000000000000000e+03,3.503115112131519737e+01,5.048947661356408645e+01,-8.507802375249350763e-03,2.567549733873381115e+02,1.720923887158976040e-02,nan,1.250278051341756766e-05,1.250149401591923848e+01,1.000000000000000000e+00,1.000000000000000000e+00,-1.000000000000000000e+00,0.000000000000000000e+00
2.381000000000000000e+03,1.366087535075125743e+02,4.502872749238844108e+01,-8.258676044235661526e-03,2.492477956905941028e+02,2.542230780788079514e-02,nan,1.865707946613032227e-05,1.332003255434283773e+01,1.000000000000000000e+00,1.000000000000000000e+00,-1.000000000000000000e+00,0.000000000000000000e+00
2.383000000000000000e+03,2.739596610727638293e+01,6.681983901547143390e+00,-2.017562783339536987e-03,6.117796748573071852e+01,2.091520620704520050e-01,nan,1.073152821857543793e-05,1.709926800789547485e+01,1.000000000000000000e+00,1.000000000000000000e+00,-1.000000000000000000e+00,0.000000000000000000e+00
2.386000000000000000e+03,1.390588985416845276e+02,3.193597924917092001e+01,-6.492347667692588593e-03,1.960212220901442777e+02,3.865365258955755223e-02,nan,1.664500182825020522e-05,1.332003255434283773e+01,1.000000000000000000e+00,1.000000000000000000e+00,-1.000000000000000000e+00,0.000000000000000000e+00
2.389000000000000000e+03,5.757072951027599572e+01,8.477300151463532885e+00,-3.024456011185496559e-03,9.151970756728148615e+01,1.182379907947379571e-01,nan,1.213681807973558505e-05,2.962360792421917921e+01,1.000000000000000000e+00,1.000000000000000000e+00,-1.000000000000000000e+00,0.000000000000000000e+00
2.389000000000000000e+03,6.498402373720690406e+00,4.170968969796286530e+01,-1.653548423907886785e-03,5.020875170954015942e+01,3.167928217805247026e-01,nan,1.464412563066492607e-05,1.531125907712945278e+01,1.000000000000000000e+00,1.000000000000000000e+00,-1.000000000000000000e+00,0.000000000000000000e+00
2.390000000000000000e+03,1.392106442176733871e+01,2.831794811415581492e+01,-9.199809047830560457e-03,2.776079158975146015e+02,1.661930345954945043e-01,nan,1.766652985143780962e-04,5.820090876304372607e+00,1.000000000000000000e+00,1.000000000000000000e+00,-1.000000000000000000e+00,0.000000000000000000e+00
2.392000000000000000e+03,9.007929968186676462e+00,2.519792124736763839e+01,-9.530395803490337298e-03,2.875698236124869709e+02,1.677703953885699706e-01,nan,1.884374918099950306e-04,5.820090876304372607e+00,1.000000000000000000e+00,1.000000000000000000e+00,-1.000000000000000000e+00,0.000000000000000000e+00
2.392000000000000000e+03,9.874466482722360183e+01,4.002118866192647317e+01,-8.581761670516281637e-03,2.589836642271847040e+02,2.215964163053019131e-02,nan,1.573226074418838778e-05,1.381964908290778560e+01,1.000000000000000000e+00,1.000000000000000000e+00,-1.000000000000000000e+00,0.000000000000000000e+00
2.397000000000000000e+03,1.435136446557621070e+02,2.906978026433430529e+01,-8.608770551528328180e-03,2.597975503721081054e+02,2.114474426461487866e-02,nan,1.561340167867939055e-05,3.717908135913727818e+01,1.000000000000000000e+00,1.000000000000000000e+00,-1.000000000000000000e+00,0.000000000000000000e+00
2.398000000000000000e+03,9.352212396818465834e+01,4.335419097648757969e+01,-8.304079912637889541e-03,2.506159967427597905e+02,2.467340431033304693e-02,nan,1.699927855952242098e-05,1.560000909084842746e+01,1.000000000000000000e+00,1.000000000000000000e+00,-1.000000000000000000e+00,0.000000000000000000e+00
2.400000000000000000e+03,1.091212947764164767e+02,4.319246982709195493e+01,-9.133010083668943735e-03,2.755949946142475824e+02,2.467325364985739622e-02,nan,2.109034161639338295e-05,8.629952328308670317e+00,1.000000000000000000e+00,1.000000000000000000e+00,-1.000000000000000000e+00,0.000000000000000000e+00
2.401000000000000000e+03,5.411159036922498444e+01,5.106105711130616243e+01,-8.182287267902927166e-03,2.469458948211305938e+02,2.134768934477193625e-02,nan,1.511603099998678332e-05,2.717612745723406320e+01,1.000000000000000000e+00,1.000000000000000000e+00,-1.000000000000000000e+00,0.000000000000000000e+00
2.403000000000000000e+03,1.132900963763151481e+02,5.074873678965769841e+01,-8.578749847238716780e-03,2.588929058860496184e+02,2.363465291986976968e-02,nan,1.890061267983063171e-05,8.629952328308670317e+00,1.000000000000000000e+00,1.000000000000000000e+00,-1.000000000000000000e+00,0.000000000000000000e+00
2.405000000000000000e+03,4.743889179781419330e+01,2.471685476340950771e+01,-1.378935043730139705e-03,4.193354677833368527e+01,3.662649864946982969e-01,nan,1.293647829747258603e-05,1.811142139387318650e+01,1.000000000000000000e+00,1.000000000000000000e+00,-1.000000000000000000e+00,0.000000000000000000e+00
2.406000000000000000e+03,5.465003326829836539e+01,8.102914123118571510e+00,-3.544482006901027767e-03,1.071901810209614894e+02,2.287346164907555490e-01,nan,4.018718786622525507e-05,1.811142139387318650e+01,1.000000000000000000e+00,1.000000000000000000e+00,-1.000000000000000000e+00,0.000000000000000000e+00
2.409000000000000000e+03,1.270744962290965390e+02,1.376737703448642236e+01,-1.593734155790173246e-02,4.806368513973692984e+02,6.681681533529659767e-03,nan,1.969803139045082975e-05,3.180483418826553077e+01,1.000000000000000000e+00,1.000000000000000000e+00,-1.000000000000000000e+00,0.000000000000000000e+00
2.409000000000000000e+03,9.928718274991075177e+00,4.665663200079264072e+01,-7.979180453463036865e-03,2.408254701305101548e+02,3.043794119272029697e-01,nan,3.337629671421579519e-04,5.310693305301882106e+00,1.000000000000000000e+00,1.000000000000000000e+00,-1.000000000000000000e+00,0.000000000000000000e+00
2.410000000000000000e+03,6.082861411204051549e+00,5.031898757695403646e+01,-9.377116561008671386e-03,2.829509039428959341e+02,2.267590281313650591e-01,nan,2.713324232601660620e-04,5.310693305301882106e+00,1.000000000000000000e+00,1.000000000000000000e+00,-1.000000000000000000e+00,0.000000000000000000e+00
2.413000000000000000e+03,9.784458365748861297e+00,6.131066496916470321e+00,-7.736018288348025032e-03,2.334980167247796885e+02,1.918110300900333076e-02,nan,1.163547187257370585e-05,2.612861530324983761e+01,1.000000000000000000e+00,1.000000000000000000e+00,-1.000000000000000000e+00,0.000000000000000000e+00
2.413000000000000000e+03,8.136364166923243602e+00,3.220765222390571125e+01,-9.015926862953648271e-03,2.720668065674829563e+02,3.300497893531173510e-02,nan,2.832940197016490326e-05,8.882611533587116526e+00,1.000000000000000000e+00,1.000000000000000000e+00,-1.000000000000000000e+00,0.000000000000000000e+00
2.413000000000000000e+03,4.747309799997829316e+00,4.041832199893860178e+01,-8.300768508420102929e-03,2.505162108237542782e+02,4.447228513056944443e-02,nan,3.411629241702235544e-05,8.109470109937145565e+00,1.000000000000000000e+00,1.000000000000000000e+00,-1.000000000000000000e+00,0.000000000000000000e+00
2.415000000000000000e+03,2.074582152100765597e+01,3.103400613152151521e+01,-1.005113898724815935e-02,3.032619088245609760e+02,1.306013846672304801e-02,nan,1.477267130811343775e-05,1.266395909321576063e+01,1.000000000000000000e+00,1.000000000000000000e+00,-1.000000000000000000e+00,0.000000000000000000e+00
2.415000000000000000e+03,4.732652622657564478e+01,3.946634767236297847e+01,-8.592129166686057751e-03,2.592960785580991683e+02,1.990886648669876191e-02,nan,1.510203516353649983e-05,1.736152732411530764e+01,1.000000000000000000e+00,1.000000000000000000e+00,-1.000000000000000000e+00,0.000000000000000000e+00
2.417000000000000000e+03,4.168356038206864156e+01,1.165595208124717175e+01,-8.649684891850376034e-03,2.610304638979200149e+02,1.320940531848513455e-02,nan,9.612893122286280344e-06,2.837712399903531590e+01,1.000000000000000000e+00,1.000000000000000000e+00,-1.000000000000000000e+00,0.000000000000000000e+00
2.419000000000000000e+03,8.272404188572254569e+00,5.337753393595392737e+01,-1.796770115037477425e-03,5.452459693137236485e+01,2.705183367845793718e-01,nan,1.330252910237170179e-05,1.393028575386773582e+01,1.000000000000000000e+00,1.000000000000000000e+00,-1.000000000000000000e+00,0.000000000000000000e+00
2.420000000000000000e+03,9.870810518322664961e+01,3.684334289988320421e+01,-7.490214214319063611e-03,2.260909519845309887e+02,2.775774346938220116e-02,nan,1.708036915348271073e-05,3.259661710457996975e+01,1.000000000000000000e+00,1.000000000000000000e+00,-1.000000000000000000e+00,0.000000000000000000e+00
2.424000000000000000e+03,1.366133850367888272e+02,4.866917897932196979e+01,-7.384877652302280528e-03,2.229167379791048234e+02,2.576746505132587739e-02,nan,1.357032193766772769e-05,1.791018281693740732e+01,1.000000000000000000e+00,1.000000000000000000e+00,-1.000000000000000000e+00,0.000000000000000000e+00
2.424000000000000000e+03,7.709077828687223466e+00,3.945864301042868050e+01,-1.492950750116295300e-03,4.536929828873354609e+01,3.321167388079082627e-01,nan,1.366307962265075220e-05,7.500191266276338808e+00,1.000000000000000000e+00,1.000000000000000000e+00,-1.000000000000000000e+00,0.000000000000000000e+00
2.427000000000000000e+03,6.686303200534003111e+01,3.479987675866949814e+01,-1.654509836775061322e-03,5.023772294355002543e+01,3.055657448217892203e-01,nan,1.319914054823393662e-05,1.138696871644033060e+01,1.000000000000000000e+00,1.000000000000000000e+00,-1.000000000000000000e+00,0.000000000000000000e+00
2.429000000000000000e+03,5.588815168617697893e+00,3.226438451611234370e+01,-9.184207261231237818e-03,2.771377713571474146e+02,1.998533131178370503e-02,nan,1.627439710021842063e-05,7.500191266276338808e+00,1.000000000000000000e+00,1.000000000000000000e+00,-1.000000000000000000e+00,0.000000000000000000e+00
2.429000000000000000e+03,1.189029476909334875e+02,5.133658550151770328e+01,-1.461020831372487720e-03,4.440712149723578506e+01,3.454603223134896650e-01,nan,1.304898028264528258e-05,1.791018281693740732e+01,1.000000000000000000e+00,1.000000000000000000e+00,-1.000000000000000000e+00,0.000000000000000000e+00
2.430000000000000000e+03,6.457357038890073397e+01,1.799342325133537557e+01,-8.621676178077106872e-03,2.601864487731534155e+02,1.553811123730097776e-02,nan,1.256525604480374787e-05,1.696167780578714712e+01,1.000000000000000000e+00,1.000000000000000000e+00,-1.000000000000000000e+00,0.000000000000000000e+00
2.430000000000000000e+03,5.550406527639209742e+01,3.400179693819749360e+01,-1.294571178982421985e-03,3.939132443969863573e+01,3.185747336991820999e-01,nan,8.914208210045592454e-06,1.138696871644033060e+01,1.000000000000000000e+00,1.000000000000000000e+00,-1.000000000000000000e+00,0.000000000000000000e+00
2.436000000000000000e+03,5.191180030999692008e+01,6.023328034889164684e+00,-8.461424799485136455e-03,2.553574306186171441e+02,1.927693204692015883e-02,nan,1.420511662922007422e-05,2.977939524154166406e+01,1.000000000000000000e+00,1.000000000000000000e+00,-1.000000000000000000e+00,0.000000000000000000e+00
2.439000000000000000e+03,5.922618991956757384e+01,3.489047347033807966e+01,-9.030149037486053659e-03,2.724953778510338793e+02,1.260636669888470784e-02,nan,1.117695056418645876e-05,1.808458262445229181e+01,1.000000000000000000e+00,1.000000000000000000e+00,-1.000000000000000000e+00,0.000000000000000000e+00
2.440000000000000000e+03,3.239806606785327148e+01,3.591222738983782392e+01,-8.164711102245933785e-03,2.464162543038975457e+02,2.447575239909560718e-02,nan,1.595923285358380060e-05,2.684757364222947729e+01,1.000000000000000000e+00,1.000000000000000000e+00,-1.000000000000000000e+00,0.000000000000000000e+00
2.447000000000000000e+03,9.279425999625101440e+01,4.588723630053121383e+01,-1.642272630416576409e-02,4.952634447673526097e+02,7.761192714500708689e-02,nan,2.189959113515432083e-04,6.215631368652728028e+00,1.000000000000000000e+00,1.000000000000000000e+00,-1.000000000000000000e+00,0.000000000000000000e+00
2.448000000000000000e+03,8.432841439056102217e+01,1.409302790535889116e+01,-7.044351866559943505e-03,2.126553273386108742e+02,2.528520105913156790e-02,nan,1.202612363167834189e-05,2.356622987318480966e+01,1.000000000000000000e+00,1.000000000000000000e+00,-1.000000000000000000e+00,0.000000000000000000e+00
2.449000000000000000e+03,1.708213007984249643e+01,9.325194916131007261e+00,-1.505443814372606909e-02,4.540314227688136270e+02,8.165650788018230521e-03,nan,1.989287140525501375e-05,1.951548236675533232e+01,1.000000000000000000e+00,1.000000000000000000e+00,-1.000000000000000000e+00,0.000000000000000000e+00
2.449000000000000000e+03,6.304299627180520105e+01,2.420728348575280720e+01,-1.267702500167020322e-03,3.858166315049160033e+01,3.412028865159472124e-01,nan,9.720352310837867356e-06,2.356622987318480966e+01,1.000000000000000000e+00,1.000000000000000000e+00,-1.000000000000000000e+00,0.000000000000000000e+00
2.450000000000000000e+03,8.772748348229004023e+01,4.948749310644843291e+01,-1.691776911180361762e-02,5.101810743463319682e+02,6.140973952458739227e-02,nan,1.713349706417402517e-04,6.215631368652728028e+00,1.000000000000000000e+00,1.000000000000000000e+00,-1.000000000000000000e+00,0.000000000000000000e+00
2.451000000000000000e+03,4.930102822503098281e+01,4.457617796741693894e+00,-8.423614058030635260e-03,2.542180410013510823e+02,2.147269324852207895e-02,nan,1.477633628227476604e-05,2.406015337910933383e+01,1.000000000000000000e+00,1.000000000000000000e+00,-1.000000000000000000e+00,0.000000000000000000e+00
2.453000000000000000e+03,2.001397835151602322e+01,2.898471836603765439e+01,-2.586167992444160166e-03,7.831232789907504355e+01,1.675036756877781308e-01,nan,1.395429897488707584e-05,5.128106077626734205e+00,1.000000000000000000e+00,1.000000000000000000e+00,-1.000000000000000000e+00,0.000000000000000000e+00
2.455000000000000000e+03,6.155942789375228585e+01,2.729545418966626258e+01,-8.693684788890541568e-03,2.623563576497965073e+02,2.162189265354874657e-02,nan,1.627721496601101234e-05,2.022916911242026927e+01,1.000000000000000000e+00,1.000000000000000000e+00,-1.000000000000000000e+00,0.000000000000000000e+00
2.455000000000000000e+03,1.063156547756236705e+02,3.024059680638696079e+01,-7.591141427089037781e-03,2.291322945741252113e+02,2.114049299187170661e-02,nan,1.232403494841571044e-05,1.730653512133442362e+01,1.000000000000000000e+00,1.000000000000000000e+00,-1.000000000000000000e+00,0.000000000000000000e+00
2.455000000000000000e+03,8.178524522020659049e+01,4.355392388951272409e+01,-8.764091720907998123e-03,2.644780015064973782e+02,2.476837659906849787e-02,nan,1.920553874910633485e-05,8.397466237832432512e+00,1.000000000000000000e+00,1.000000000000000000e+00,-1.000000000000000000e+00,0.000000000000000000e+00
2.457000000000000000e+03,1.406363678559629591e+02,7.428971243519900014e+00,-8.014227411602917184e-03,2.418815758477013844e+02,2.652381506819290191e-02,nan,1.724196801149523766e-05,1.886963387039478235e+01,1.000000000000000000e+00,1.000000000000000000e+00,-1.000000000000000000e+00,0.000000000000000000e+00
2.457000000000000000e+03,1.241613738466861605e+02,3.931806288123632243e+01,-1.314455089921820171e-03,3.999050659808754915e+01,2.776342507977801466e-01,nan,7.253625474879923418e-06,1.431868577763761152e+01,1.000000000000000000e+00,1.000000000000000000e+00,-1.000000000000000000e+00,0.000000000000000000e+00
2.460000000000000000e+03,4.143011188902670483e+01,2.528798808514620688e+01,1.486341012373016638e-03,-4.517012032321795800e+01,3.203295312836260678e-01,nan,1.245891366324264652e-05,1.432067536136486297e+01,1.000000000000000000e+00,1.000000000000000000e+00,-1.000000000000000000e+00,0.000000000000000000e+00
2.461000000000000000e+03,9.140718451155511559e+01,2.381574341201374523e+01,-8.980897966365074606e-03,2.710112451174295529e+02,1.250882492154947734e-02,nan,1.024196505592022625e-05,2.318326555099055497e+01,1.000000000000000000e+00,1.000000000000000000e+00,-1.000000000000000000e+00,0.000000000000000000e+00
2.461000000000000000e+03,1.154118986656020951e+02,2.480648245464278645e+01,-8.806636053450930812e-03,2.657600332495475186e+02,1.955110951307048595e-02,nan,1.588447434710725675e-05,7.421559142607223158e+00,1.000000000000000000e+00,1.000000000000000000e+00,-1.000000000000000000e+00,0.000000000000000000e+00
2.461000000000000000e+03,1.345887762564450725e+02,2.530324656444384246e+01,-8.482364002764882990e-03,2.559884129768836374e+02,2.049298941368160598e-02,nan,1.474909238684460627e-05,1.146270758388057587e+01,1.000000000000000000e+00,1.000000000000000000e+00,-1.000000000000000000e+00,0.000000000000000000e+00
2.463000000000000000e+03,4.664603460066750529e+01,4.629787915410140187e+01,-8.545369350249226031e-03,2.578870173415265299e+02,1.475064943065695910e-02,nan,1.034664868113695851e-05,1.412499177319722676e+01,1.000000000000000000e+00,1.000000000000000000e+00,-1.000000000000000000e+00,0.000000000000000000e+00
2.464000000000000000e+03,7.005099909506438394e+01,3.283667163832249969e+01,-1.274468567083148840e-03,3.878555194233771886e+01,3.387622140894005485e-01,nan,9.946216633703334063e-06,1.309095646407726399e+01,1.000000000000000000e+00,1.000000000000000000e+00,-1.000000000000000000e+00,0.000000000000000000e+00
2.465000000000000000e+03,1.342218369012396693e+02,3.676007948908556955e+01,-8.895747765266725712e-03,2.684453273039341070e+02,2.188654035348314153e-02,nan,1.696104566359596397e-05,1.146270758388057587e+01,1.000000000000000000e+00,1.000000000000000000e+00,-1.000000000000000000e+00,0.000000000000000000e+00
2.466000000000000000e+03,1.270906641695829649e+02,4.606063997250193154e+01,-8.061906830464409673e-03,2.433183483815972181e+02,2.260278439000962258e-02,nan,1.460450847067844725e-05,1.171981441126138890e+01,1.000000000000000000e+00,1.000000000000000000e+00,-1.000000000000000000e+00,0.000000000000000000e+00
2.468000000000000000e+03,2.245697067537180303e+01,1.283921218516852392e+01,-8.355991858975722261e-03,2.521803123418224004e+02,2.510881418588717384e-02,nan,1.694582613055068169e-05,2.396042359620748741e+01,1.000000000000000000e+00,1.000000000000000000e+00,-1.000000000000000000e+00,0.000000000000000000e+00
2.469000000000000000e+03,6.287052792659151379e+01,2.189071462474455743e+01,-1.170468865851279593e-03,3.565162292576570735e+01,3.491076850930675546e-01,nan,8.604450143529819572e-06,1.309095646407726399e+01,1.000000000000000000e+00,1.000000000000000000e+00,-1.000000000000000000e+00,0.000000000000000000e+00
2.471000000000000000e+03,1.410234300889765962e+02,3.313544740199755978e+01,-6.614292048321040660e-03,1.996958964241345882e+02,4.379234089273087438e-02,nan,1.960243799789431455e-05,1.013890585917688192e+01,1.000000000000000000e+00,1.000000000000000000e+00,-1.000000000000000000e+00,0.000000000000000000e+00
2.474000000000000000e+03,1.322111964944832607e+02,2.812127238537375007e+01,-8.122133028858327317e-03,2.451332058135787975e+02,3.192472556925429750e-02,nan,2.185254590912449858e-05,7.361693329703525634e+00,1.000000000000000000e+00,1.000000000000000000e+00,-1.000000000000000000e+00,0.000000000000000000e+00
2.475000000000000000e+03,5.639044711965688350e+00,2.373075751235221986e+01,-1.422607563981184882e-03,4.324957535168923073e+01,3.304426955631977192e-01,nan,1.168439629305986945e-05,3.332660845144407347e+01,1.000000000000000000e+00,1.000000000000000000e+00,-1.000000000000000000e+00,0.000000000000000000e+00
2.476000000000000000e+03,8.931302512054418230e+01,2.135523388801991018e+01,-9.199852355254060227e-03,2.776092209242553963e+02,1.455380810359940824e-02,nan,1.287422343389563157e-05,2.670963620514545056e+01,1.000000000000000000e+00,1.000000000000000000e+00,-1.000000000000000000e+00,0.000000000000000000e+00
2.477000000000000000e+03,1.125277138662655148e+02,8.146036612996120141e+00,-1.357716438391988857e-03,4.129414491301329093e+01,3.352386045989282914e-01,nan,1.096982698901894130e-05,1.134877361112320848e+01,1.000000000000000000e+00,1.000000000000000000e+00,-1.000000000000000000e+00,0.000000000000000000e+00
2.480000000000000000e+03,2.638592082923865334e+01,4.981197608530989385e+01,-8.340152842192407809e-03,2.517030191024838359e+02,2.071047372143919318e-02,nan,1.462863918115561154e-05,8.719979160472073332e+00,1.000000000000000000e+00,1.000000000000000000e+00,-1.000000000000000000e+00,0.000000000000000000e+00
2.482000000000000000e+03,1.012728434591326874e+02,9.602935578323597454e+00,-8.874744230758206329e-03,2.678124063871704834e+02,1.134500501987190102e-02,nan,9.745555455579866269e-06,1.134877361112320848e+01,1.000000000000000000e+00,1.000000000000000000e+00,-1.000000000000000000e+00,0.000000000000000000e+00
2.484000000000000000e+03,1.157828307730309270e+01,3.702194621581922718e+01,-9.016700312755388316e-03,2.720901137188288317e+02,2.805618665005227275e-02,nan,2.358439575232450990e-05,9.453088113012386273e+00,1.000000000000000000e+00,1.000000000000000000e+00,-1.000000000000000000e+00,0.000000000000000000e+00
2.484000000000000000e+03,3.431724994572831378e+01,4.618815834637894824e+01,-9.033902474020456472e-03,2.726084839804524904e+02,2.056561716896643244e-02,nan,1.924572784905597187e-05,8.719979160472073332e+00,1.000000000000000000e+00,1.000000000000000000e+00,-1.000000000000000000e+00,0.000000000000000000e+00
2.487000000000000000e+03,1.883886627128551439e+01,3.096845081599970584e+01,-9.416940247203594780e-03,2.841509516760607994e+02,1.462402865981593525e-02,nan,1.445268092839009592e-05,9.453088113012386273e+00,1.000000000000000000e+00,1.000000000000000000e+00,-1.000000000000000000e+00,0.000000000000000000e+00
2.488000000000000000e+03,1.056193457153289614e+02,1.695287896797554694e+01,-1.533293822720492409e-02,4.624237496927746065e+02,7.102012806082247387e-03,nan,1.863704436472347458e-05,3.348924436028536178e+01,1.000000000000000000e+00,1.000000000000000000e+00,-1.000000000000000000e+00,0.000000000000000000e+00
2.490000000000000000e+03,1.280570254255117106e+02,4.222855525676355626e+01,-1.440048933477925579e-03,4.377515391881149753e+01,3.446561845335845975e-01,nan,1.271968516211373082e-05,1.243496898195258460e+01,1.000000000000000000e+00,1.000000000000000000e+00,-1.000000000000000000e+00,0.000000000000000000e+00
2.491000000000000000e+03,1.379748024043511805e+02,2.559312840116394838e+01,-7.871568122542003249e-03,2.375826780607283979e+02,2.193463235607695516e-02,nan,1.386928905057747510e-05,1.936749149657752866e+01,1.000000000000000000e+00,1.000000000000000000e+00,-1.000000000000000000e+00,0.000000000000000000e+00
2.494000000000000000e+03,5.336539511364446042e+00,2.179055254147422716e+01,-7.612997285077089359e-03,2.297908994231730162e+02,2.135263549064503330e-02,nan,1.205847224628478195e-05,3.636208305715526734e+01,1.000000000000000000e+00,1.000000000000000000e+00,-1.000000000000000000e+00,0.000000000000000000e+00
2.494000000000000000e+03,1.177046290021585975e+02,4.911741161147647716e+01,-8.014940077163492521e-03,2.419030513255435437e+02,1.838221344692503312e-02,nan,1.470000827783504842e-05,8.940049853926760548e+00,1.000000000000000000e+00,1.000000000000000000e+00,-1.000000000000000000e+00,0.000000000000000000e+00
2.497000000000000000e+03,1.078741140068647582e+02,1.708613972373083456e+01,-8.778536586888482235e-03,2.649132833784693162e+02,1.498423621453259802e-02,nan,1.202337882395566566e-05,2.415702134383593247e+01,1.000000000000000000e+00,1.000000000000000000e+00,-1.000000000000000000e+00,0.000000000000000000e+00
2.497000000000000000e+03,1.260043215403457708e+02,4.579482298778921034e+01,-8.548211450997923039e-03,2.579726612606807521e+02,2.206766716189878519e-02,nan,1.677487498514575859e-05,8.940049853926760548e+00,1.000000000000000000e+00,1.000000000000000000e+00,-1.000000000000000000e+00,0.000000000000000000e+00
2.499000000000000000e+03,5.980575158266791647e+01,9.920196426968661996e+00,-1.326790367419036169e-03,4.036221808973697733e+01,3.499632818643703125e-01,nan,1.098211484698573980e-05,7.287567856600353444e+00,1.000000000000000000e+00,1.000000000000000000e+00,-1.000000000000000000e+00,0.000000000000000000e+00
2.501000000000000000e+03,1.233015902376677531e+02,3.567524022253263638e+01,-8.971028949798324006e-03,2.707138519805529882e+02,1.506820268568886956e-02,nan,1.176806307803276846e-05,1.047428813033866746e+01,1.000000000000000000e+00,1.000000000000000000e+00,-1.000000000000000000e+00,0.000000000000000000e+00
2.502000000000000000e+03,5.191437177888418830e+01,3.479143841219573119e+01,-8.419488095515546139e-03,2.540937091667961170e+02,2.210059318358370550e-02,nan,1.599831414647824842e-05,6.467931995122457423e+00,1.000000000000000000e+00,1.000000000000000000e+00,-1.000000000000000000e+00,0.000000000000000000e+00
2.502000000000000000e+03,7.606761104834828302e+01,8.091643792233995214e+00,-1.242823931253495429e-03,3.783197187171521847e+01,3.676315142971993133e-01,nan,1.168774668903441515e-05,1.636434166165975768e+01,1.000000000000000000e+00,1.000000000000000000e+00,-1.000000000000000000e+00,0.000000000000000000e+00
2.505000000000000000e+03,5.023951613106153502e+01,4.103875806565395123e+01,-5.815370975959347453e-03,1.756211933147193065e+02,8.651044783187766818e-02,nan,3.165888699198185111e-05,6.467931995122457423e+00,1.000000000000000000e+00,1.000000000000000000e+00,-1.000000000000000000e+00,0.000000000000000000e+00
2.506000000000000000e+03,5.907380786508340975e+01,2.114696000788132224e+01,-8.980052155075754841e-03,2.709857574236117443e+02,1.489274943018070729e-02,nan,1.226405488044312088e-05,1.540874154492098391e+01,1.000000000000000000e+00,1.000000000000000000e+00,-1.000000000000000000e+00,0.000000000000000000e+00
2.507000000000000000e+03,1.712061171978220742e+01,4.435019508495393836e+01,-1.224939255637182622e-03,3.729303470937685461e+01,3.487004138193682268e-01,nan,9.491867474020951448e-06,1.162665931776660422e+01,1.000000000000000000e+00,1.000000000000000000e+00,-1.000000000000000000e+00,0.000000000000000000e+00
2.510000000000000000e+03,6.343811186548645509e+00,3.998673577400513324e+01,-8.670275328106519241e-03,2.616509365039242994e+02,2.001325658613994918e-02,nan,1.435072902748453083e-05,1.162665931776660422e+01,1.000000000000000000e+00,1.000000000000000000e+00,-1.000000000000000000e+00,0.000000000000000000e+00
2.515000000000000000e+03,2.412138548492304579e+01,3.139564102560938252e+01,-7.374837416315538005e-03,2.226141853129012134e+02,2.193606124016533876e-02,nan,1.205391557305842533e-05,1.974459563805081075e+01,1.000000000000000000e+00,1.000000000000000000e+00,-1.000000000000000000e+00,0.000000000000000000e+00
2.516000000000000000e+03,6.351806873359650751e+01,2.630661310627815652e+01,1.153425715946233528e-03,-3.513804431555289653e+01,3.662303471605846683e-01,nan,9.182771754678085676e-06,9.456998495058876131e+00,1.000000000000000000e+00,1.000000000000000000e+00,-1.000000000000000000e+00,0.000000000000000000e+00
2.516000000000000000e+03,5.743576700731553331e+01,3.354818933290349747e+01,-1.656156510620126034e-03,5.028734384517523637e+01,2.454333099226717607e-01,nan,9.940088556698672918e-06,9.456998495058876131e+00,1.000000000000000000e+00,1.000000000000000000e+00,-1.000000000000000000e+00,0.000000000000000000e+00
2.517000000000000000e+03,3.783252585715416672e+01,1.550519749839919648e+01,-8.731198911846576455e-03,2.634868089594694993e+02,1.459046712605716056e-02,nan,1.154736693097624091e-05,2.098812916385074701e+01,1.000000000000000000e+00,1.000000000000000000e+00,-1.000000000000000000e+00,0.000000000000000000e+00
2.518000000000000000e+03,9.074235557391789087e+01,3.028100013310275429e+01,-8.446885513133396348e-03,2.549193034813441159e+02,2.194481993131536246e-02,nan,1.548053372260541213e-05,5.862807638936662791e+00,1.000000000000000000e+00,1.000000000000000000e+00,-1.000000000000000000e+00,0.000000000000000000e+00
2.519000000000000000e+03,1.302629574037572127e+02,2.017356432889087614e+01,-8.845023982894740025e-03,2.669168158608921999e+02,1.876441164766784464e-02,nan,1.602513097739487080e-05,1.096139228388248554e+01,1.000000000000000000e+00,1.000000000000000000e+00,-1.000000000000000000e+00,0.000000000000000000e+00
2.519000000000000000e+03,8.516310859395748878e+01,4.104590687367438306e+01,-1.459326201005900882e-03,4.435605547285971539e+01,3.208392683401060097e-01,nan,1.177267078885094484e-05,6.692499198853403719e+00,1.000000000000000000e+00,1.000000000000000000e+00,-1.000000000000000000e+00,0.000000000000000000e+00
2.522000000000000000e+03,6.779885727545560314e+01,5.271106334579445019e+01,-1.501038760396606470e-03,4.561302254758778929e+01,2.852482224207303352e-01,nan,1.047852019371216879e-05,1.463660295534548794e+01,1.000000000000000000e+00,1.000000000000000000e+00,-1.000000000000000000e+00,0.000000000000000000e+00
2.524000000000000000e+03,1.302293838340964669e+02,9.212223461251610956e+00,-8.256423146009928687e-03,2.491799068117090883e+02,2.704782319021481474e-02,nan,1.812941241005592316e-05,1.096139228388248554e+01,1.000000000000000000e+00,1.000000000000000000e+00,-1.000000000000000000e+00,0.000000000000000000e+00
2.524000000000000000e+03,1.152219672417035525e+02,4.248723733317745399e+01,-8.867921141040955788e-03,2.676067992691279755e+02,1.749739345598400053e-02,nan,1.361920745554115879e-05,2.690968948162023366e+01,1.000000000000000000e+00,1.000000000000000000e+00,-1.000000000000000000e+00,0.000000000000000000e+00
2.525000000000000000e+03,5.358254355725785700e+01,4.922874079637274747e+01,-8.634171322295873530e-03,2.605629776916945843e+02,1.304642818282564232e-02,nan,9.242691358332127366e-06,1.463660295534548794e+01,1.000000000000000000e+00,1.000000000000000000e+00,-1.000000000000000000e+00,0.000000000000000000e+00
2.526000000000000000e+03,2.739001013576509536e+01,3.436767529966072487e+01,-8.222013658240597683e-03,2.481430106390435526e+02,1.769983538182484661e-02,nan,1.225122786456220539e-05,3.011478166504914000e+01,1.000000000000000000e+00,1.000000000000000000e+00,-1.000000000000000000e+00,0.000000000000000000e+00
2.527000000000000000e+03,8.515564001870524180e+01,2.464043894414675506e+01,-7.347020604309488848e-03,2.217759529597146582e+02,2.511380951441932741e-02,nan,1.340506035103993554e-05,1.001430710658916645e+01,1.000000000000000000e+00,1.000000000000000000e+00,-1.000000000000000000e+00,0.000000000000000000e+00
2.533000000000000000e+03,1.330642303483193416e+02,4.734385237314041461e+01,-7.509144448888740130e-03,2.266613960406745321e+02,2.323661798022258473e-02,nan,1.296405945802103119e-05,1.564550326203789687e+01,1.000000000000000000e+00,1.000000000000000000e+00,-1.000000000000000000e+00,0.000000000000000000e+00
2.536000000000000000e+03,7.383703652948513252e+01,2.769867586486593325e+01,-1.260581551283049360e-03,3.836708033853479094e+01,3.483423875587509100e-01,nan,1.014075344890070018e-05,1.503824435389352132e+01,1.000000000000000000e+00,1.000000000000000000e+00,-1.000000000000000000e+00,0.000000000000000000e+00
2.538000000000000000e+03,4.178538597590933534e+01,3.195468002498418514e+01,-8.531905002939986146e-03,2.574812824382353256e+02,1.729336556394234226e-02,nan,1.315946202674512394e-05,1.810878894974253583e+01,1.000000000000000000e+00,1.000000000000000000e+00,-1.000000000000000000e+00,0.000000000000000000e+00
2.538000000000000000e+03,1.430299975590796748e+02,3.528295455318635021e+01,-1.362912369661689257e-03,4.145071920679826860e+01,3.023978831784344123e-01,nan,9.268872616217150529e-06,1.564550326203789687e+01,1.000000000000000000e+00,1.000000000000000000e+00,-1.000000000000000000e+00,0.000000000000000000e+00
2.540000000000000000e+03,1.151975219298436173e+02,1.912825110327601053e+01,-1.573786379210077597e-03,4.780520070565536628e+01,3.037721743037278266e-01,nan,1.214236875691368824e-05,3.218106808678922448e+01,1.000000000000000000e+00,1.000000000000000000e+00,-1.000000000000000000e+00,0.000000000000000000e+00
2.542000000000000000e+03,9.052170114144884394e+01,4.258779444711987594e+01,-8.529532287848048608e-03,2.574097829955772454e+02,1.945305589781687328e-02,nan,1.364938684568474202e-05,1.015680014223069527e+01,1.000000000000000000e+00,1.000000000000000000e+00,-1.000000000000000000e+00,0.000000000000000000e+00
2.543000000000000000e+03,8.455605937725306376e+01,3.436759326524479263e+01,-8.445464145395027364e-03,2.548764719583134593e+02,2.298610620053886944e-02,nan,1.683910942924770596e-05,1.015680014223069527e+01,1.000000000000000000e+00,1.000000000000000000e+00,-1.000000000000000000e+00,0.000000000000000000e+00
2.543000000000000000e+03,7.553845743085850017e+01,4.786085398555633219e+01,-1.392356423016025179e-03,4.233798688237473584e+01,3.352007881152008206e-01,nan,1.024472080308366537e-05,5.702871147005941665e+00,1.000000000000000000e+00,1.000000000000000000e+00,-1.000000000000000000e+00,0.000000000000000000e+00
2.547000000000000000e+03,1.325670898622661582e+02,2.008848375412515352e+01,-1.325328754119213222e-03,4.031817380617590629e+01,3.472794203186103656e-01,nan,1.084253678580737474e-05,2.208310529634628949e+01,1.000000000000000000e+00,1.000000000000000000e+00,-1.000000000000000000e+00,0.000000000000000000e+00
2.550000000000000000e+03,1.105078162537788842e+02,2.111414812194456303e+01,-8.744736305290644676e-03,2.638947450364062206e+02,1.367937689933607093e-02,nan,1.144962351024533164e-05,2.208310529634628949e+01,1.000000000000000000e+00,1.000000000000000000e+00,-1.000000000000000000e+00,0.000000000000000000e+00
2.552000000000000000e+03,8.338822136074482216e+01,4.969854337835400315e+01,-7.662150010014343038e-03,2.312720685909671090e+02,1.758643281567950911e-02,nan,1.041822085992730881e-05,2.107971282096355736e+01,1.000000000000000000e+00,1.000000000000000000e+00,-1.000000000000000000e+00,0.000000000000000000e+00
2.553000000000000000e+03,5.028942835665705324e+00,1.382627636302387408e+01,-1.445715292993261574e-03,4.394590410648606138e+01,3.371866492157907791e-01,nan,1.203974626478798989e-05,1.830662694214343489e+01,1.000000000000000000e+00,1.000000000000000000e+00,-1.000000000000000000e+00,0.000000000000000000e+00
2.555000000000000000e+03,1.554996589973742260e+01,2.880762021743436208e+01,-8.043293305642025548e-03,2.427574480631290044e+02,2.711695352209320120e-02,nan,1.882567408529807506e-05,1.830662694214343489e+01,1.000000000000000000e+00,1.000000000000000000e+00,-1.000000000000000000e+00,0.000000000000000000e+00
2.556000000000000000e+03,6.350327431662608291e+01,4.270260357966442655e+01,-1.738644770670904390e-03,5.277304667544890293e+01,2.400884890899400714e-01,nan,1.033343396605661123e-05,1.450289338103088177e+01,1.000000000000000000e+00,1.000000000000000000e+00,-1.000000000000000000e+00,0.000000000000000000e+00
2.559000000000000000e+03,5.431807827603615912e+00,4.526198440435031500e+01,-1.673111923084408259e-02,5.045565632087984227e+02,7.530112123348642328e-03,nan,2.281633564570443326e-05,1.931639778965914900e+01,1.000000000000000000e+00,1.000000000000000000e+00,-1.000000000000000000e+00,0.000000000000000000e+00
2.560000000000000000e+03,1.243114754246142581e+02,1.965231770505638309e+01,-1.307629524618456355e-03,3.978482488068503642e+01,3.283814232542052736e-01,nan,9.673881397711413653e-06,1.129347760225967257e+01,1.000000000000000000e+00,1.000000000000000000e+00,-1.000000000000000000e+00,0.000000000000000000e+00
2.561000000000000000e+03,6.455421960153452687e+01,2.823783844400881549e+01,-9.001264849035831364e-03,2.716249811553504401e+02,1.601694541877252131e-02,nan,1.361644778815417176e-05,1.450289338103088177e+01,1.000000000000000000e+00,1.000000000000000000e+00,-1.000000000000000000e+00,0.000000000000000000e+00
2.561000000000000000e+03,1.268459140285910536e+02,3.065773715709968172e+01,-1.339987378238359636e-03,4.075989707004946183e+01,3.197540397816064361e-01,nan,9.743173775463468902e-06,1.129347760225967257e+01,1.000000000000000000e+00,1.000000000000000000e+00,-1.000000000000000000e+00,0.000000000000000000e+00
2.562000000000000000e+03,5.313286116976303930e+01,4.364715309665137255e+01,-1.295368969198740228e-03,3.941536506557007158e+01,3.484895629161868236e-01,nan,1.053969225241840836e-05,1.775020943261120010e+01,1.000000000000000000e+00,1.000000000000000000e+00,-1.000000000000000000e+00,0.000000000000000000e+00
2.566000000000000000e+03,1.135711682898897834e+02,4.608159540555433153e+01,-1.079405169853017536e-02,3.256488548935314498e+02,1.973181393060541300e-02,nan,2.312194621846355510e-05,1.577845162840700866e+01,1.000000000000000000e+00,1.000000000000000000e+00,-1.000000000000000000e+00,0.000000000000000000e+00
2.566000000000000000e+03,1.402576594671540704e+02,2.445511852404612441e+01,-8.893271644634600376e-03,2.683707118367199200e+02,2.272461707788386853e-02,nan,1.799941320784474271e-05,1.477658260951831437e+01,1.000000000000000000e+00,1.000000000000000000e+00,-1.000000000000000000e+00,0.000000000000000000e+00
2.567000000000000000e+03,5.835328374941247631e+01,2.668197926932364084e+01,-8.699081245034061619e-03,2.625189745640233241e+02,1.624678665240597564e-02,nan,1.283155895047425677e-05,1.141038437901302238e+01,1.000000000000000000e+00,1.000000000000000000e+00,-1.000000000000000000e+00,0.000000000000000000e+00
2.569000000000000000e+03,1.060184919065842024e+02,2.263857996604840395e+01,-1.313358134269971807e-03,3.995745091517211733e+01,3.070538073569299975e-01,nan,8.811088738895986186e-06,2.462961415548069866e+01,1.000000000000000000e+00,1.000000000000000000e+00,-1.000000000000000000e+00,0.000000000000000000e+00
2.569000000000000000e+03,9.371849959234836547e+01,4.769787345910496867e+01,-1.509442036908517854e-03,4.586624704518747109e+01,2.855348266803063861e-01,nan,1.003675382511227325e-05,1.991835357555263286e+01,1.000000000000000000e+00,1.000000000000000000e+00,-1.000000000000000000e+00,0.000000000000000000e+00
2.569000000000000000e+03,7.203362164885677998e+01,1.019316372412882821e+01,-1.069834962626388950e-03,3.261911893169902044e+01,3.736420284335510988e-01,nan,8.475442689024743047e-06,2.142504803090135823e+01,1.000000000000000000e+00,1.000000000000000000e+00,-1.000000000000000000e+00,0.000000000000000000e+00
2.571000000000000000e+03,4.045699513710331985e+01,5.118544438753291104e+01,-1.196676783748294379e-03,3.644137283262623583e+01,3.114837319206882338e-01,nan,7.474427594660029992e-06,3.034298846347150302e+01,1.000000000000000000e+00,1.000000000000000000e+00,-1.000000000000000000e+00,0.000000000000000000e+00
2.572000000000000000e+03,4.866526629904141288e+01,2.065377974059782318e+01,-2.925084225178642330e-03,8.852523623797314656e+01,1.016415361327690503e-01,nan,9.497794915982919284e-06,1.141038437901302238e+01,1.000000000000000000e+00,1.000000000000000000e+00,-1.000000000000000000e+00,0.000000000000000000e+00
2.575000000000000000e+03,1.332074204948873160e+02,1.039249870607292614e+01,-8.014810205094598239e-03,2.418991377580974245e+02,2.336650133162521126e-02,nan,1.791710734473826662e-05,8.516260754899234087e+01,1.000000000000000000e+00,1.000000000000000000e+00,-1.000000000000000000e+00,0.000000000000000000e+00
2.582000000000000000e+03,6.152037005159746030e+01,4.779251817615430298e+01,-8.055154988654092754e-03,2.431148882493658618e+02,1.393950149661504767e-02,nan,9.485366854418628350e-06,2.338328837978114549e+01,1.000000000000000000e+00,1.000000000000000000e+00,-1.000000000000000000e+00,0.000000000000000000e+00
2.585000000000000000e+03,1.143091121489198372e+02,2.203699398877283855e+01,-1.466675858926686036e-03,4.457753020737336414e+01,2.719482454638697533e-01,nan,8.952589991699343711e-06,1.927682729621196955e+01,1.000000000000000000e+00,1.000000000000000000e+00,-1.000000000000000000e+00,0.000000000000000000e+00
2.590000000000000000e+03,5.830912577425385734e+01,3.073980354095640521e+01,-7.685129707513688006e-03,2.319645392416729521e+02,1.587043044912139766e-02,nan,9.540288879961649160e-06,1.978625720259373821e+01,1.000000000000000000e+00,1.000000000000000000e+00,-1.000000000000000000e+00,0.000000000000000000e+00
2.590000000000000000e+03,1.323336425265555931e+02,8.595876119922996494e+00,-1.818170605095791644e-03,5.516947971438231946e+01,2.785848778912105583e-01,nan,1.402276124221795728e-05,8.244140047017417317e+00,1.000000000000000000e+00,1.000000000000000000e+00,-1.000000000000000000e+00,0.000000000000000000e+00
2.592000000000000000e+03,1.256530586428357168e+02,3.726475014974304401e+01,-9.543016923333976637e-03,2.879501486829545343e+02,1.402129115597317011e-02,nan,1.302516822039072672e-05,1.793821050783718718e+01,1.000000000000000000e+00,1.000000000000000000e+00,-1.000000000000000000e+00,0.000000000000000000e+00
2.593000000000000000e+03,1.254147945687611099e+02,1.307866409748332792e+01,-1.577343639416652153e-03,4.791239525380147768e+01,2.815479266718835527e-01,nan,1.081672110611349419e-05,8.244140047017417317e+00,1.000000000000000000e+00,1.000000000000000000e+00,-1.000000000000000000e+00,0.000000000000000000e+00
2.595000000000000000e+03,3.887561028434858201e+01,3.445927256096508984e+01,-1.293388586869891358e-03,3.935568818601396401e+01,3.133083524165808376e-01,nan,9.528469532441599283e-06,1.880566488980895556e+01,1.000000000000000000e+00,1.000000000000000000e+00,-1.000000000000000000e+00,0.000000000000000000e+00
2.596000000000000000e+03,1.104713754816653477e+02,2.770986173504575234e+01,-8.065118741164469668e-03,2.434151361610074105e+02,2.003666960357197713e-02,nan,1.382260219318753334e-05,1.793821050783718718e+01,1.000000000000000000e+00,1.000000000000000000e+00,-1.000000000000000000e+00,0.000000000000000000e+00
2.598000000000000000e+03,9.093108441808585951e+01,4.706249370229135032e+00,-1.352427024070920834e-03,4.113475359914298934e+01,3.666972771331600267e-01,nan,1.260235440670849629e-05,1.244713644281447174e+01,1.000000000000000000e+00,1.000000000000000000e+00,-1.000000000000000000e+00,0.000000000000000000e+00
2.599000000000000000e+03,4.817121868803400986e+01,5.080689307139797961e+01,-1.341235299916808919e-03,4.079750196614220670e+01,3.246088416839272295e-01,nan,9.920808343640707830e-06,1.004754718909662081e+01,1.000000000000000000e+00,1.000000000000000000e+00,-1.000000000000000000e+00,0.000000000000000000e+00
2.601000000000000000e+03,9.663855882308577350e+01,1.576771136864105394e+01,-8.797079966824342123e-03,2.654720699495647978e+02,1.330245940210117439e-02,nan,1.257575767421025680e-05,1.244713644281447174e+01,1.000000000000000000e+00,1.000000000000000000e+00,-1.000000000000000000e+00,0.000000000000000000e+00
2.603000000000000000e+03,6.252129149003103947e+01,3.261364277751858509e+01,-7.747861026782624713e-03,2.338548860347512459e+02,2.048212261882187413e-02,nan,1.227172128943653897e-05,1.055888435873420050e+01,1.000000000000000000e+00,1.000000000000000000e+00,-1.000000000000000000e+00,0.000000000000000000e+00
2.607000000000000000e+03,3.140482102969279410e+01,3.169797540691462245e+01,-1.385001362069036065e-03,4.211634933296453198e+01,3.585680482782368506e-01,nan,1.300605076974382400e-05,2.007977191577747433e+01,1.000000000000000000e+00,1.000000000000000000e+00,-1.000000000000000000e+00,0.000000000000000000e+00
2.608000000000000000e+03,4.439232731695488354e+01,1.215936196219754173e+01,-8.571794369978364553e-03,2.586833093992123622e+02,2.022706319046418955e-02,nan,1.551104621268178756e-05,2.346130292425702635e+01,1.000000000000000000e+00,1.000000000000000000e+00,-1.000000000000000000e+00,0.000000000000000000e+00
2.616000000000000000e+03,4.233192386972249466e+01,7.187658348502120376e+00,-1.469697480202559851e-03,4.466858380157975716e+01,2.792486226195760590e-01,nan,9.251856449947897822e-06,9.981698704775601172e+00,1.000000000000000000e+00,1.000000000000000000e+00,-1.000000000000000000e+00,0.000000000000000000e+00
2.617000000000000000e+03,2.170979473146490335e+01,8.001139397657430763e+00,-1.170880418961788450e-03,3.566402467519004915e+01,3.527996408932267958e-01,nan,8.858818829789411208e-06,2.012136615983966692e+01,1.000000000000000000e+00,1.000000000000000000e+00,-1.000000000000000000e+00,0.000000000000000000e+00
2.619000000000000000e+03,4.283930555118979555e+01,1.715645330387312129e+01,-1.212745928712969691e-03,3.692560075905095118e+01,3.625349085607257882e-01,nan,9.950619433027743448e-06,9.981698704775601172e+00,1.000000000000000000e+00,1.000000000000000000e+00,-1.000000000000000000e+00,0.000000000000000000e+00
2.619000000000000000e+03,6.290215721183128217e+00,2.905249107350329396e+01,-1.642238840373583296e-03,4.986794849968788412e+01,3.464061224273998763e-01,nan,1.681691782771968944e-05,6.471466356004390796e+00,1.000000000000000000e+00,1.000000000000000000e+00,-1.000000000000000000e+00,0.000000000000000000e+00
2.619000000000000000e+03,1.891596664574655051e+01,3.299013153447087632e+01,1.477941433714796259e-03,-4.491700725681321416e+01,3.078065943793174553e-01,nan,1.143556400634954627e-05,1.322552829980576306e+01,1.000000000000000000e+00,1.000000000000000000e+00,-1.000000000000000000e+00,0.000000000000000000e+00
2.621000000000000000e+03,1.357522165617252199e+02,2.045467710503804426e+01,-2.418686031988096299e-02,7.292280099746553788e+02,3.032469275319416013e-03,nan,2.304207571136713170e-05,4.694304121458886669e+01,1.000000000000000000e+00,1.000000000000000000e+00,-1.000000000000000000e+00,0.000000000000000000e+00
2.622000000000000000e+03,8.445005821114534683e+01,3.071837735001294334e+01,-1.447144951559321607e-03,4.398898546547936661e+01,2.892390680760004162e-01,nan,1.000748166955147753e-05,8.837651894135511554e+00,1.000000000000000000e+00,1.000000000000000000e+00,-1.000000000000000000e+00,0.000000000000000000e+00
2.626000000000000000e+03,3.187347324583839736e+01,4.210388072823445071e+01,-8.665081370520818713e-03,2.614944216851712895e+02,1.684933988124870385e-02,nan,1.231373037572497138e-05,1.878461660054568938e+01,1.000000000000000000e+00,1.000000000000000000e+00,-1.000000000000000000e+00,0.000000000000000000e+00
2.627000000000000000e+03,2.087058136682527021e+01,1.979092098528143850e+01,-8.075121793431665196e-03,2.437165683322841119e+02,2.680222341345506187e-02,nan,1.691423638127193519e-05,1.224263220430857579e+01,1.000000000000000000e+00,1.000000000000000000e+00,-1.000000000000000000e+00,0.000000000000000000e+00
2.627000000000000000e+03,6.905174115455656647e+01,5.163395354284719474e+01,-8.735662046335824008e-03,2.636213011408415809e+02,1.502154073672523626e-02,nan,1.136110174142676296e-05,2.597247573208006344e+01,1.000000000000000000e+00,1.000000000000000000e+00,-1.000000000000000000e+00,0.000000000000000000e+00
2.628000000000000000e+03,3.331533085374157110e+01,2.337468246808384720e+01,-8.148556272640890275e-03,2.459294443548560025e+02,2.102498070446234824e-02,nan,1.428735902104505294e-05,1.295048787334753904e+01,1.000000000000000000e+00,1.000000000000000000e+00,-1.000000000000000000e+00,0.000000000000000000e+00
2.628000000000000000e+03,1.112242144082537436e+02,5.079206773480814263e+01,-1.999364170853033112e-03,6.062957014364943831e+01,2.491294237940960832e-01,nan,1.467212297685838659e-05,2.462619943975246528e+01,1.000000000000000000e+00,1.000000000000000000e+00,-1.000000000000000000e+00,0.000000000000000000e+00
2.628000000000000000e+03,8.298468456685289141e+01,2.379239926525714210e+01,-1.301757078688391914e-03,3.960786448098689050e+01,3.628713455982395253e-01,nan,1.149105566698923272e-05,1.493218774527455039e+01,1.000000000000000000e+00,1.000000000000000000e+00,-1.000000000000000000e+00,0.000000000000000000e+00
2.630000000000000000e+03,7.720740417346838136e+00,4.211717757104239723e+01,-1.658688244543154999e-03,5.036363516437749865e+01,2.692516731401251029e-01,nan,1.111635859601467160e-05,2.415273648865739631e+01,1.000000000000000000e+00,1.000000000000000000e+00,-1.000000000000000000e+00,0.000000000000000000e+00
2.635000000000000000e+03,8.413040949212788178e+01,4.366384909351542376e+01,-1.799963440431084092e-03,5.462082466079696985e+01,2.940741372400895726e-01,nan,1.605980196161082402e-05,3.311573823419534079e+01,1.000000000000000000e+00,1.000000000000000000e+00,-1.000000000000000000e+00,0.000000000000000000e+00
2.637000000000000000e+03,1.125096904474305148e+02,2.659725800871630952e+01,-7.624206390854273985e-03,2.301286748343410125e+02,2.110140446070274400e-02,nan,1.200804892030452492e-05,1.937843129917601814e+01,1.000000000000000000e+00,1.000000000000000000e+00,-1.000000000000000000e+00,0.000000000000000000e+00
2.638000000000000000e+03,1.277532849311431846e+02,3.856205749859533682e+01,-1.133853804348893251e-03,3.454826395139651396e+01,3.649430507069180152e-01,nan,8.937089096577225631e-06,1.937843129917601814e+01,1.000000000000000000e+00,1.000000000000000000e+00,-1.000000000000000000e+00,0.000000000000000000e+00
2.647000000000000000e+03,1.435486358265361844e+02,2.514344575266641257e+01,-7.416368412161180625e-03,2.238656811482364333e+02,2.464376654955802159e-02,nan,1.346479884761106225e-05,1.155586838981873541e+02,1.000000000000000000e+00,1.000000000000000000e+00,-1.000000000000000000e+00,0.000000000000000000e+00
2.648000000000000000e+03,6.156279709062168592e+00,2.626586853630818652e+01,-8.008509471324785217e-03,2.417092713243190190e+02,2.304840103803673657e-02,nan,1.449844388345689297e-05,1.778530184313639850e+01,1.000000000000000000e+00,1.000000000000000000e+00,-1.000000000000000000e+00,0.000000000000000000e+00
2.653000000000000000e+03,2.282271700834590433e+01,3.247447783312457403e+01,-8.582855369851193419e-03,2.590166217841823482e+02,1.560059328844043414e-02,nan,1.171411753905685496e-05,1.778530184313639850e+01,1.000000000000000000e+00,1.000000000000000000e+00,-1.000000000000000000e+00,0.000000000000000000e+00
2.654000000000000000e+03,1.216559884583544147e+02,9.888876385428158500e+00,-9.021156853738989886e-03,2.722244072113737161e+02,1.275565572367509670e-02,nan,1.083289767186309078e-05,1.704738311926306693e+01,1.000000000000000000e+00,1.000000000000000000e+00,-1.000000000000000000e+00,0.000000000000000000e+00
2.656000000000000000e+03,1.371656637519063793e+02,2.098393897226361915e+01,-9.184294044293959958e-03,2.771403864796448033e+02,1.467132785952507401e-02,nan,1.204089897175556521e-05,1.906962090648925923e+01,1.000000000000000000e+00,1.000000000000000000e+00,-1.000000000000000000e+00,0.000000000000000000e+00
2.659000000000000000e+03,1.063315177683035699e+02,1.735706688143908494e+01,-8.374578679533065811e-03,2.527404079534492780e+02,1.853446660218949216e-02,nan,1.272463291969888666e-05,1.704738311926306693e+01,1.000000000000000000e+00,1.000000000000000000e+00,-1.000000000000000000e+00,0.000000000000000000e+00
2.660000000000000000e+03,6.938679795199784905e+01,3.976917946298694062e+01,-1.247488295017904359e-03,3.797252789997281042e+01,3.657910037382874346e-01,nan,1.089380518532318146e-05,1.181392586746213880e+01,1.000000000000000000e+00,1.000000000000000000e+00,-1.000000000000000000e+00,0.000000000000000000e+00
2.664000000000000000e+03,1.060138479198369410e+01,1.103351704557066881e+01,-8.952113078325794893e-03,2.701438407422578507e+02,2.172749611001068004e-02,nan,1.788691150690919143e-05,1.727985136391864174e+01,1.000000000000000000e+00,1.000000000000000000e+00,-1.000000000000000000e+00,0.000000000000000000e+00
2.664000000000000000e+03,1.425585829915422380e+02,5.262565726230679530e+01,-8.812322147906526473e-03,2.659313781302951156e+02,2.537732580388252224e-02,nan,1.931642079829660436e-05,1.678490753449981554e+01,1.000000000000000000e+00,1.000000000000000000e+00,-1.000000000000000000e+00,0.000000000000000000e+00
2.665000000000000000e+03,1.006337848180916410e+02,2.262433789909363213e+01,-8.520588812095580833e-03,2.571402801235720972e+02,1.515090284720976843e-02,nan,1.086647115261883086e-05,3.539529371673818758e+01,1.000000000000000000e+00,1.000000000000000000e+00,-1.000000000000000000e+00,0.000000000000000000e+00
2.665000000000000000e+03,2.877354338389563537e+01,2.794651616601797883e+01,-8.451752917654434955e-03,2.550659779437050076e+02,2.405738841064242184e-02,nan,1.733638553784121986e-05,9.097995145358142466e+00,1.000000000000000000e+00,1.000000000000000000e+00,-1.000000000000000000e+00,0.000000000000000000e+00
2.665000000000000000e+03,5.926250492078413856e+01,4.585749080686617418e+01,-9.118860146492777444e-03,2.751686001325923598e+02,2.142348553934259048e-02,nan,1.790254305908075245e-05,1.181392586746213880e+01,1.000000000000000000e+00,1.000000000000000000e+00,-1.000000000000000000e+00,0.000000000000000000e+00
2.667000000000000000e+03,5.226080055294956139e+01,9.988982312390980667e+00,-1.486473371454346106e-03,4.517410883434512670e+01,2.767704464981899370e-01,nan,9.571028910020235172e-06,7.431345944510564294e+00,1.000000000000000000e+00,1.000000000000000000e+00,-1.000000000000000000e+00,0.000000000000000000e+00
2.670000000000000000e+03,6.175307687641522847e+01,1.842633591983964081e+01,-1.481518710851580968e-03,4.502480499552300586e+01,3.131016148882610484e-01,nan,1.287603050301684182e-05,1.270008841300539082e+01,1.000000000000000000e+00,1.000000000000000000e+00,-1.000000000000000000e+00,0.000000000000000000e+00
2.670000000000000000e+03,4.744385827746739182e+01,1.564777809079350845e+01,-1.397387766223648050e-03,4.248960147630079831e+01,3.660062354899028536e-01,nan,1.339820121131872934e-05,7.431345944510564294e+00,1.000000000000000000e+00,1.000000000000000000e+00,-1.000000000000000000e+00,0.000000000000000000e+00
2.672000000000000000e+03,1.190177301798329808e+02,1.161916877679256821e+01,-7.558448610377577204e-03,2.281471286004548915e+02,2.554073977822168828e-02,nan,1.449991813071119786e-05,2.539683422855221195e+01,1.000000000000000000e+00,1.000000000000000000e+00,-1.000000000000000000e+00,0.000000000000000000e+00
2.672000000000000000e+03,1.338520389708867242e+02,3.968155489381371126e+01,-8.792083281847124648e-03,2.653214997474268557e+02,1.393339032519980147e-02,nan,1.128899630833442342e-05,4.537724640619379635e+00,1.000000000000000000e+00,1.000000000000000000e+00,-1.000000000000000000e+00,0.000000000000000000e+00
2.676000000000000000e+03,1.028323791648868877e+02,3.119041302327686793e+01,-1.378442037190993246e-03,4.191869050970897348e+01,3.454761905765664221e-01,nan,1.175808378931613777e-05,2.539683422855221195e+01,1.000000000000000000e+00,1.000000000000000000e+00,-1.000000000000000000e+00,0.000000000000000000e+00
2.678000000000000000e+03,3.456022735164938808e+01,3.914015204698080197e+01,-1.683374716963384130e-02,5.076491555093006696e+02,5.277647378722938321e-03,nan,1.501163870969507873e-05,1.208159125986406579e+01,1.000000000000000000e+00,1.000000000000000000e+00,-1.000000000000000000e+00,0.000000000000000000e+00
2.679000000000000000e+03,1.585287362362244146e+01,2.247362040632223668e+01,-7.964837688310889841e-03,2.403932649668820716e+02,2.190263735412456558e-02,nan,1.332088532653354620e-05,2.505470735080728417e+01,1.000000000000000000e+00,1.000000000000000000e+00,-1.000000000000000000e+00,0.000000000000000000e+00
2.679000000000000000e+03,5.311844360880360227e+01,6.526842499730548752e+00,-1.461787846434824340e-03,4.443023474401950068e+01,3.749131374176534193e-01,nan,1.611348432115112947e-05,3.659957831355960423e+00,1.000000000000000000e+00,1.000000000000000000e+00,-1.000000000000000000e+00,0.000000000000000000e+00
2.680000000000000000e+03,5.206586002652969825e+01,1.003217545533280664e+01,1.576900281894275720e-03,-4.789903510961228505e+01,3.551765069717562895e-01,nan,1.636432485662765959e-05,3.659957831355960423e+00,1.000000000000000000e+00,1.000000000000000000e+00,-1.000000000000000000e+00,0.000000000000000000e+00
2.687000000000000000e+03,7.118536918129125013e+01,7.666433287342988123e+00,-1.258404685180064672e-03,3.830148261311320113e+01,3.335301939163888285e-01,nan,9.337647127741266199e-06,4.072507601827383894e+01,1.000000000000000000e+00,1.000000000000000000e+00,-1.000000000000000000e+00,0.000000000000000000e+00
2.688000000000000000e+03,1.370232877278091053e+02,3.265552771927801246e+01,-9.042580700232125471e-03,2.728699938176441151e+02,2.210470134191688807e-02,nan,1.869532787870887349e-05,2.555510987085071051e+01,1.000000000000000000e+00,1.000000000000000000e+00,-1.000000000000000000e+00,0.000000000000000000e+00
2.688000000000000000e+03,5.104319411736030077e+01,4.879724148862370470e+01,-1.526875673749124654e-03,4.639159259629963117e+01,2.870163674670795917e-01,nan,1.038959546763236959e-05,3.733462270733064692e+00,1.000000000000000000e+00,1.000000000000000000e+00,-1.000000000000000000e+00,0.000000000000000000e+00
2.689000000000000000e+03,3.051731843589810822e+01,5.512027275396503612e+00,-1.538204632394755966e-02,4.639035740336854019e+02,6.908864464434505415e-03,nan,1.697774059332299597e-05,2.855734569466367034e+01,1.000000000000000000e+00,1.000000000000000000e+00,-1.000000000000000000e+00,0.000000000000000000e+00
2.691000000000000000e+03,3.194402860678477651e+01,3.403371185420100176e+01,-1.433402403962288170e-03,4.357486726931316667e+01,3.668516444623757256e-01,nan,1.445027247069325733e-05,7.435273774225653831e+00,1.000000000000000000e+00,1.000000000000000000e+00,-1.000000000000000000e+00,0.000000000000000000e+00
2.696000000000000000e+03,2.516567583491048410e+01,3.708939995963844893e+01,-7.402218297555786773e-03,2.234392813199254419e+02,1.441922185101353060e-01,nan,9.376291026984736037e-05,4.183054802347991874e+00,1.000000000000000000e+00,1.000000000000000000e+00,-1.000000000000000000e+00,0.000000000000000000e+00
2.697000000000000000e+03,7.252419262451473969e+01,5.264249439195492641e+01,-8.294486834974888062e-03,2.503269187541674796e+02,1.607773338312190603e-02,nan,1.094388435711456063e-05,1.277204735020121618e+01,1.000000000000000000e+00,1.000000000000000000e+00,-1.000000000000000000e+00,0.000000000000000000e+00
2.698000000000000000e+03,5.894189173179662333e+01,1.088867448823116746e+01,-9.176492473632434990e-03,2.769052937978256637e+02,1.251501877933114404e-02,nan,1.054062683016887344e-05,1.734653646833099572e+01,1.000000000000000000e+00,1.000000000000000000e+00,-1.000000000000000000e+00,0.000000000000000000e+00
2.699000000000000000e+03,2.180603103005194043e+01,3.459726547999382262e+01,-6.619913399571285620e-03,1.998652903318748315e+02,1.388492287434136552e-01,nan,7.126229670608901564e-05,4.183054802347991874e+00,1.000000000000000000e+00,1.000000000000000000e+00,-1.000000000000000000e+00,0.000000000000000000e+00
2.700000000000000000e+03,6.865187388249633216e+01,4.047161352506633136e+01,-8.586223319156415304e-03,2.591181116339507184e+02,2.147643341117599913e-02,nan,1.583189091000378141e-05,1.277204735020121618e+01,1.000000000000000000e+00,1.000000000000000000e+00,-1.000000000000000000e+00,0.000000000000000000e+00
2.703000000000000000e+03,1.232623452252758938e+02,9.376757463376598878e+00,-8.524758683003390292e-03,2.572659350944859966e+02,2.169615551887904559e-02,nan,1.682856355271848727e-05,3.580078336898097291e+01,1.000000000000000000e+00,1.000000000000000000e+00,-1.000000000000000000e+00,0.000000000000000000e+00
2.704000000000000000e+03,9.175838513726189660e+01,2.638253849823428965e+01,-8.755598397357435003e-03,2.642220635296862383e+02,2.410614766135965592e-02,nan,1.818512384986725435e-05,2.706312800616938929e+01,1.000000000000000000e+00,1.000000000000000000e+00,-1.000000000000000000e+00,0.000000000000000000e+00
2.705000000000000000e+03,3.547173694269666555e+01,4.362157145258799318e+01,-8.805669313328649828e-03,2.657309014839287897e+02,1.821268703587264337e-02,nan,1.521621894386618341e-05,1.190888947592506319e+01,1.000000000000000000e+00,1.000000000000000000e+00,-1.000000000000000000e+00,0.000000000000000000e+00
2.705000000000000000e+03,4.796539108382466665e+00,1.479197447400572152e+01,-1.294745935845414758e-03,3.939659056640179813e+01,3.470805750763026332e-01,nan,1.041638346950718213e-05,1.185995988758950226e+01,1.000000000000000000e+00,1.000000000000000000e+00,-1.000000000000000000e+00,0.000000000000000000e+00
2.708000000000000000e+03,4.474186620688676186e+01,5.109728894156556578e+01,-8.672767951632678537e-03,2.617260492696677829e+02,1.450142178913038649e-02,nan,1.102165163733576436e-05,1.190888947592506319e+01,1.000000000000000000e+00,1.000000000000000000e+00,-1.000000000000000000e+00,0.000000000000000000e+00
2.710000000000000000e+03,1.575307623152077774e+01,1.025182659045346156e+01,-8.551806983542189003e-03,2.580810091081941096e+02,2.051838352175117119e-02,nan,1.506610247041535310e-05,1.185995988758950226e+01,1.000000000000000000e+00,1.000000000000000000e+00,-1.000000000000000000e+00,0.000000000000000000e+00
2.711000000000000000e+03,8.920734496968898952e+01,4.438306572935431404e+01,-7.995158670242747193e-03,2.413069580252433184e+02,1.846089221555469173e-02,nan,1.151264155634256562e-05,4.299681240266686189e+01,1.000000000000000000e+00,1.000000000000000000e+00,-1.000000000000000000e+00,0.000000000000000000e+00
2.711000000000000000e+03,1.302871980256029083e+01,4.893657839408376731e+01,-1.152819644143918999e-03,3.511978093609217666e+01,3.705405444246463453e-01,nan,9.631415462171735286e-06,1.147281076141597822e+01,1.000000000000000000e+00,1.000000000000000000e+00,-1.000000000000000000e+00,0.000000000000000000e+00
2.712000000000000000e+03,3.033580065060918685e+01,3.253253422249004245e+01,-1.538941994343220225e-03,4.675519933540734741e+01,2.615401820788945120e-01,nan,9.353345639954813599e-06,1.418663977140804455e+01,1.000000000000000000e+00,1.000000000000000000e+00,-1.000000000000000000e+00,0.000000000000000000e+00
2.715000000000000000e+03,1.187003528670935637e+01,3.752242766089342751e+01,-6.574961037594790822e-03,1.985106949831103691e+02,2.887049085080828359e-02,nan,1.221367773471370188e-05,1.147281076141597822e+01,1.000000000000000000e+00,1.000000000000000000e+00,-1.000000000000000000e+00,0.000000000000000000e+00
2.715000000000000000e+03,4.440019539946187166e+01,3.067416172157922460e+01,-1.288733630982634220e-03,3.921541565490915815e+01,3.223166185056305366e-01,nan,9.038206510142499984e-06,8.381882088077796666e+00,1.000000000000000000e+00,1.000000000000000000e+00,-1.000000000000000000e+00,0.000000000000000000e+00
2.717000000000000000e+03,7.433062600555952315e+01,1.260922324536233674e+01,-1.243675812743193785e-03,3.785764248506913532e+01,3.614015766182747669e-01,nan,1.030027490435625009e-05,3.225772608894373406e+01,1.000000000000000000e+00,1.000000000000000000e+00,-1.000000000000000000e+00,0.000000000000000000e+00
2.720000000000000000e+03,6.414491347350897854e+01,4.321661046877213863e+01,-8.523271544958034227e-03,2.572211216477473386e+02,1.073447147067418950e-02,nan,7.688201711218447569e-06,1.557633448474838289e+01,1.000000000000000000e+00,1.000000000000000000e+00,-1.000000000000000000e+00,0.000000000000000000e+00
2.721000000000000000e+03,2.905197711140998962e+01,4.293606302059186675e+01,-1.912561319209421171e-03,5.801385132652892906e+01,3.580553227044952491e-01,nan,2.470216418608597628e-05,3.969721485098314684e+00,1.000000000000000000e+00,1.000000000000000000e+00,-1.000000000000000000e+00,0.000000000000000000e+00
2.722000000000000000e+03,3.753683910229127463e+01,2.886062018701023391e+01,-6.863415657473308749e-03,2.072029921002536241e+02,2.187877600647480936e-02,nan,1.021737521399948911e-05,1.414638337948814772e+01,1.000000000000000000e+00,1.000000000000000000e+00,-1.000000000000000000e+00,0.000000000000000000e+00
2.722000000000000000e+03,2.915960185410018468e+01,4.690432530829564683e+01,2.051397067790564771e-03,-6.219753047043220562e+01,3.214648101047884454e-01,nan,2.271452687567028950e-05,3.969721485098314684e+00,1.000000000000000000e+00,1.000000000000000000e+00,-1.000000000000000000e+00,0.000000000000000000e+00
2.725000000000000000e+03,8.791300142761467384e+01,2.622834820447936721e+01,-8.754710375849921247e-03,2.641953038723336817e+02,1.524477896400766586e-02,nan,1.223801935431479226e-05,2.055799704360291003e+01,1.000000000000000000e+00,1.000000000000000000e+00,-1.000000000000000000e+00,0.000000000000000000e+00
2.725000000000000000e+03,1.041476481995989900e+02,5.984087314192919393e+00,-8.941098617693226183e-03,2.698119307716576714e+02,2.553850155958459212e-02,nan,1.969868279276299988e-05,2.594983342538218096e+01,1.000000000000000000e+00,1.000000000000000000e+00,-1.000000000000000000e+00,0.000000000000000000e+00
2.726000000000000000e+03,6.028414795668648907e+01,3.270651907691085825e+01,-8.716623394343484682e-03,2.630475900319780749e+02,1.751183659379407231e-02,nan,1.340537457027205119e-05,2.292823706698311170e+01,1.000000000000000000e+00,1.000000000000000000e+00,-1.000000000000000000e+00,0.000000000000000000e+00
2.727000000000000000e+03,8.129468938058781902e+00,1.118617760338322320e+01,-3.184022871229773115e-03,9.632809842660834931e+01,9.569190413271633222e-02,nan,1.072313395424593518e-05,3.431004722553029751e+01,1.000000000000000000e+00,1.000000000000000000e+00,-1.000000000000000000e+00,0.000000000000000000e+00
2.728000000000000000e+03,8.097210567792568980e+00,5.072975716935002310e+01,-1.559429820939692941e-03,4.737257989993445051e+01,3.236108677617415275e-01,nan,1.353636995416686524e-05,4.107857418465658661e+00,1.000000000000000000e+00,1.000000000000000000e+00,-1.000000000000000000e+00,0.000000000000000000e+00
2.731000000000000000e+03,1.012765717562453744e+02,3.689959599530762091e+01,-8.759710287224952568e-03,2.643459712988060346e+02,1.903084626910134247e-02,nan,1.613450376762815970e-05,4.120631872669813589e+01,1.000000000000000000e+00,1.000000000000000000e+00,-1.000000000000000000e+00,0.000000000000000000e+00
2.733000000000000000e+03,4.053422699102175386e+01,4.081886872265258148e+01,-8.979841593896673718e-03,2.709794123689522394e+02,1.643364515190415265e-02,nan,1.404178384406303981e-05,3.391733692735501648e+01,1.000000000000000000e+00,1.000000000000000000e+00,-1.000000000000000000e+00,0.000000000000000000e+00
2.739000000000000000e+03,2.559256241657462638e+01,1.323700741006765469e+01,-1.455403652341599003e-03,4.423785331523463071e+01,3.520780469887024866e-01,nan,1.362288548705640479e-05,1.858681890805155135e+01,1.000000000000000000e+00,1.000000000000000000e+00,-1.000000000000000000e+00,0.000000000000000000e+00
2.740000000000000000e+03,7.191845192991292990e+00,1.061337580894177179e+01,3.303516405225727804e-03,-9.992891890058007220e+01,1.993013953124337378e-01,nan,2.766010867522186663e-05,1.858681890805155135e+01,1.000000000000000000e+00,1.000000000000000000e+00,-1.000000000000000000e+00,0.000000000000000000e+00
2.741000000000000000e+03,4.913850260105056122e+01,1.080546052997294737e+01,-9.176147536595048726e-03,2.768948994584424668e+02,1.297884498335033499e-02,nan,1.292791700369666372e-05,2.367115796493735047e+01,1.000000000000000000e+00,1.000000000000000000e+00,-1.000000000000000000e+00,0.000000000000000000e+00
2.742000000000000000e+03,7.097023576756006946e+01,2.883691776535368234e+01,-1.968985056556117781e-03,5.971412532347060420e+01,2.142819721118450760e-01,nan,1.132507593822827618e-05,2.831533194375505857e+01,1.000000000000000000e+00,1.000000000000000000e+00,-1.000000000000000000e+00,0.000000000000000000e+00
2.743000000000000000e+03,4.158774613818874144e+01,3.484176631430680970e+01,-8.257109314244642784e-03,2.492005838186192079e+02,1.217779152479658844e-02,nan,9.072314811090336899e-06,2.235473833285551493e+01,1.000000000000000000e+00,1.000000000000000000e+00,-1.000000000000000000e+00,0.000000000000000000e+00
2.746000000000000000e+03,2.172607504817910140e+01,2.458270459099531635e+01,-8.490731346382130937e-03,2.562405546719377298e+02,1.444493507695165935e-02,nan,1.033626528411911686e-05,2.235473833285551493e+01,1.000000000000000000e+00,1.000000000000000000e+00,-1.000000000000000000e+00,0.000000000000000000e+00
2.748000000000000000e+03,1.231580301278497416e+02,4.682296866230330323e+01,-7.988187609171542095e-03,2.410968919355472053e+02,2.123856062711751980e-01,nan,1.804794284880526477e-04,5.199143420903662438e+00,1.000000000000000000e+00,1.000000000000000000e+00,-1.000000000000000000e+00,0.000000000000000000e+00
2.748000000000000000e+03,6.818831480098289433e+01,2.873287346950768750e+01,-1.217363282469353632e-03,3.706474018681380045e+01,3.235996932141108617e-01,nan,8.220879291179066875e-06,2.729301787954685565e+01,1.000000000000000000e+00,1.000000000000000000e+00,-1.000000000000000000e+00,0.000000000000000000e+00
2.749000000000000000e+03,1.276012531177605638e+02,4.412317945329942859e+01,-7.581802782288849483e-03,2.288508836703619522e+02,2.896403904611924984e-01,nan,2.571862640129513261e-04,5.199143420903662438e+00,1.000000000000000000e+00,1.000000000000000000e+00,-1.000000000000000000e+00,0.000000000000000000e+00
2.750000000000000000e+03,9.438152220886237842e+01,3.808356788538790028e+01,-1.120176040978055655e-03,3.413609796436059440e+01,3.711141358989120675e-01,nan,8.951433891003805486e-06,2.781222034234890117e+01,1.000000000000000000e+00,1.000000000000000000e+00,-1.000000000000000000e+00,0.000000000000000000e+00
2.757000000000000000e+03,4.371273526369243001e+01,4.490042912878956116e+01,-9.062120221955701979e-03,2.734587981447155016e+02,1.499568659415106975e-02,nan,1.177124872629406357e-05,1.279600200898494933e+01,1.000000000000000000e+00,1.000000000000000000e+00,-1.000000000000000000e+00,0.000000000000000000e+00
2.757000000000000000e+03,1.261167765053215675e+02,4.408540916589477376e+01,-8.447071441086681509e-03,2.549249062378990800e+02,1.390847039937326279e-02,nan,9.826669003858918278e-06,4.244595155365559691e+01,1.000000000000000000e+00,1.000000000000000000e+00,-1.000000000000000000e+00,0.000000000000000000e+00
2.758000000000000000e+03,3.416535980788976445e+01,3.638072905661074685e+01,-8.147816127940613398e-03,2.459071408200844076e+02,2.111284862065021528e-02,nan,1.473091585240138030e-05,1.279600200898494933e+01,1.000000000000000000e+00,1.000000000000000000e+00,-1.000000000000000000e+00,0.000000000000000000e+00
2.758000000000000000e+03,1.167301442677107559e+01,1.247099372065760292e+01,-7.544065029248290394e-03,2.277136934873790608e+02,2.561208471536813303e-02,nan,1.463497837797852155e-05,3.282652958475595284e+01,1.000000000000000000e+00,1.000000000000000000e+00,-1.000000000000000000e+00,0.000000000000000000e+00
2.759000000000000000e+03,5.720101941141672341e+01,4.171380779616426793e+01,-1.528207584508226502e-03,4.643172842097981601e+01,3.120371987476565634e-01,nan,1.205635749273129252e-05,1.385959468264830186e+01,1.000000000000000000e+00,1.000000000000000000e+00,-1.000000000000000000e+00,0.000000000000000000e+00
2.760000000000000000e+03,1.082460819474791975e+02,5.584797751066810534e+00,3.681424941188627450e-03,-1.113168220621850963e+02,1.123686603872445788e-01,nan,1.705971234308879266e-05,3.092712429783427197e+01,1.000000000000000000e+00,1.000000000000000000e+00,-1.000000000000000000e+00,0.000000000000000000e+00
2.767000000000000000e+03,6.712153385408204542e+01,1.881471305896209145e+01,-1.192758472822648148e-03,3.632329837510009440e+01,3.375274364140489203e-01,nan,8.560144994149647803e-06,1.278602246353656113e+01,1.000000000000000000e+00,1.000000000000000000e+00,-1.000000000000000000e+00,0.000000000000000000e+00
2.767000000000000000e+03,7.613158847282431907e+01,2.788671869197084519e+01,-1.420033507782639520e-03,4.317200869221466775e+01,2.875442219675590216e-01,nan,8.994393785297834175e-06,1.278602246353656113e+01,1.000000000000000000e+00,1.000000000000000000e+00,-1.000000000000000000e+00,0.000000000000000000e+00
2.767000000000000000e+03,1.399848243352683141e+02,3.765284350826015469e+01,-1.754531014817725752e-03,5.325176306507651702e+01,3.067972817568825894e-01,nan,1.564960982206469077e-05,3.652244977496668810e+01,1.000000000000000000e+00,1.000000000000000000e+00,-1.000000000000000000e+00,0.000000000000000000e+00
2.769000000000000000e+03,5.645967229898759854e+01,4.295681465481007422e+01,-1.523427221698279120e-02,4.594505462246690968e+02,9.842409540265051326e-03,nan,2.298632139061894172e-05,2.478088130554766977e+01,1.000000000000000000e+00,1.000000000000000000e+00,-1.000000000000000000e+00,0.000000000000000000e+00
2.769000000000000000e+03,2.938333537431163478e+01,3.312833457745619370e+01,1.433177737837908281e-03,-4.356809717595813680e+01,3.542317730885895521e-01,nan,1.293717564261829502e-05,2.880498293506721197e+01,1.000000000000000000e+00,1.000000000000000000e+00,-1.000000000000000000e+00,0.000000000000000000e+00
2.774000000000000000e+03,1.157427801754097487e+02,5.466888813175406092e+00,-1.699554601937311882e-03,5.159510277170851822e+01,2.734305290507369479e-01,nan,1.194444179376459952e-05,2.318629777762601663e+01,1.000000000000000000e+00,1.000000000000000000e+00,-1.000000000000000000e+00,0.000000000000000000e+00
2.775000000000000000e+03,9.805368076359260954e+01,4.299870947857705517e+01,-1.732856155983997226e-02,5.225599019529565794e+02,5.516983174838063775e-03,nan,1.728744638552531701e-05,3.014343037406695558e+01,1.000000000000000000e+00,1.000000000000000000e+00,-1.000000000000000000e+00,0.000000000000000000e+00
2.777000000000000000e+03,8.445113241444360597e+01,1.609894975613183732e+01,-1.546917989168337601e-03,4.699554811835946566e+01,3.493458440860391923e-01,nan,1.414115628444622929e-05,3.014343037406695558e+01,1.000000000000000000e+00,1.000000000000000000e+00,-1.000000000000000000e+00,0.000000000000000000e+00
2.778000000000000000e+03,1.360894833788531741e+02,1.658516536054236923e+01,-1.664222018067272211e-03,5.053039000321788876e+01,3.187289850719515760e-01,nan,1.734224785328048268e-05,2.318629777762601663e+01,1.000000000000000000e+00,1.000000000000000000e+00,-1.000000000000000000e+00,0.000000000000000000e+00
2.780000000000000000e+03,2.243231082409918642e+01,1.274299577127066385e+01,2.052171520510575817e-03,-6.222086784373671264e+01,1.997731569756590053e-01,nan,1.089772378092841772e-05,8.637134189590023325e+00,1.000000000000000000e+00,1.000000000000000000e+00,-1.000000000000000000e+00,0.000000000000000000e+00
2.780000000000000000e+03,5.331758922592432981e+01,1.594017238329380959e+01,-1.990111530904677996e-03,6.035075091176150863e+01,1.994218547289229315e-01,nan,1.084242133225475917e-05,1.558494249086420957e+01,1.000000000000000000e+00,1.000000000000000000e+00,-1.000000000000000000e+00,0.000000000000000000e+00
2.784000000000000000e+03,4.014428605600176780e+01,2.426810826422210354e+01,-1.337748109063413397e-03,4.069241888924552342e+01,3.742746429979272316e-01,nan,1.286451840899259397e-05,1.173504531981008725e+01,1.000000000000000000e+00,1.000000000000000000e+00,-1.000000000000000000e+00,0.000000000000000000e+00
2.788000000000000000e+03,2.417963330355978258e+01,2.955860075358548755e+01,-8.599567783869331225e-03,2.595202339927562321e+02,2.546463450469438339e-02,nan,1.853809504429887201e-05,1.522119530270855670e+01,1.000000000000000000e+00,1.000000000000000000e+00,-1.000000000000000000e+00,0.000000000000000000e+00
2.788000000000000000e+03,7.239846256133193947e+01,9.090525475603918437e+00,-1.248114117904122267e-03,3.799138645897944144e+01,3.702426396323130753e-01,nan,1.100780344263119823e-05,2.195569233417459643e+01,1.000000000000000000e+00,1.000000000000000000e+00,-1.000000000000000000e+00,0.000000000000000000e+00
2.789000000000000000e+03,3.541583367093626578e+01,1.352785562752100113e+01,-1.423210319239013970e-03,4.326773879033402181e+01,3.613437904595330208e-01,nan,1.375145302376667231e-05,1.173504531981008725e+01,1.000000000000000000e+00,1.000000000000000000e+00,-1.000000000000000000e+00,0.000000000000000000e+00
2.792000000000000000e+03,9.720361700610638422e+01,4.106201900055419429e+01,-8.391901251139477491e-03,2.532624066626373178e+02,1.796991257432811739e-02,nan,1.256866261867033019e-05,2.133496485542696064e+01,1.000000000000000000e+00,1.000000000000000000e+00,-1.000000000000000000e+00,0.000000000000000000e+00
2.792000000000000000e+03,1.150525394137241761e+02,5.274947784622047919e+01,-8.438261800187182859e-03,2.546594363479523508e+02,1.796552628189906908e-02,nan,1.265598525807818551e-05,2.133496485542696064e+01,1.000000000000000000e+00,1.000000000000000000e+00,-1.000000000000000000e+00,0.000000000000000000e+00
2.795000000000000000e+03,6.944779078705417419e+01,3.575459854460490305e+01,-7.321791729177613492e-03,2.210157055465516294e+02,2.305883518663587317e-02,nan,1.183892811741320606e-05,9.850789969263756163e+00,1.000000000000000000e+00,1.000000000000000000e+00,-1.000000000000000000e+00,0.000000000000000000e+00
2.795000000000000000e+03,6.710913888724840959e+00,5.237243111159067155e+01,-8.740004814081896514e-03,2.637521661884372861e+02,1.627793996204818239e-02,nan,1.244373032142544702e-05,1.723111307675923243e+01,1.000000000000000000e+00,1.000000000000000000e+00,-1.000000000000000000e+00,0.000000000000000000e+00
2.796000000000000000e+03,5.543423471085066012e+01,2.180410220592229820e+01,-8.425421645710874305e-03,2.542725108836103516e+02,2.229481366304841838e-02,nan,1.611865010076669375e-05,9.924426213021304122e+00,1.000000000000000000e+00,1.000000000000000000e+00,-1.000000000000000000e+00,0.000000000000000000e+00
2.797000000000000000e+03,6.905374996280752953e+01,1.248643577467012733e+01,-1.472010135219192122e-03,4.473827339276219561e+01,3.436951766344805703e-01,nan,1.673125042416671383e-05,6.288607109412548191e+00,1.000000000000000000e+00,1.000000000000000000e+00,-1.000000000000000000e+00,0.000000000000000000e+00
2.797000000000000000e+03,2.338914619527119143e+01,4.804255524813492428e+01,-1.281824112444676384e-03,3.900720408910503068e+01,3.497007291036180465e-01,nan,1.051445780142503394e-05,1.723111307675923243e+01,1.000000000000000000e+00,1.000000000000000000e+00,-1.000000000000000000e+00,0.000000000000000000e+00
2.798000000000000000e+03,6.604330698509083675e+01,1.800765053724460074e+01,-1.739465503857077523e-03,5.279777866521949647e+01,2.750053410143473709e-01,nan,1.335156942426020369e-05,6.288607109412548191e+00,1.000000000000000000e+00,1.000000000000000000e+00,-1.000000000000000000e+00,0.000000000000000000e+00
2.805000000000000000e+03,8.260307914749471081e+01,4.991827454463194869e+01,-7.763078399078257932e-03,2.343134466270257974e+02,1.837986088325171963e-02,nan,1.096267900221596539e-05,2.864238053937314277e+01,1.000000000000000000e+00,1.000000000000000000e+00,-1.000000000000000000e+00,0.000000000000000000e+00
2.806000000000000000e+03,4.643713740741500118e+01,2.938328644010266189e+01,-1.418611627622004242e-03,4.312916172784149182e+01,3.013063817974827030e-01,nan,9.467377737131668102e-06,1.719980876999436958e+01,1.000000000000000000e+00,1.000000000000000000e+00,-1.000000000000000000e+00,0.000000000000000000e+00
2.808000000000000000e+03,6.361300966633319121e+01,2.847618453309344844e+01,-8.929318190532234412e-03,2.694569391508150602e+02,1.445953568462965411e-02,nan,1.115133548339798132e-05,1.719980876999436958e+01,1.000000000000000000e+00,1.000000000000000000e+00,-1.000000000000000000e+00,0.000000000000000000e+00
2.812000000000000000e+03,9.595220703997910050e+01,3.505945307635435881e+01,-1.242220345417465724e-03,3.781378340441079899e+01,3.169433051067157558e-01,nan,8.358166186509215695e-06,3.149887350862105251e+01,1.000000000000000000e+00,1.000000000000000000e+00,-1.000000000000000000e+00,0.000000000000000000e+00
2.816000000000000000e+03,5.235304421455490598e+01,2.988814666836221789e+01,-8.444408761315682840e-03,2.548446689939711689e+02,2.686620885146406845e-02,nan,1.944402358242935326e-05,1.051077138277408096e+01,1.000000000000000000e+00,1.000000000000000000e+00,-1.000000000000000000e+00,0.000000000000000000e+00
2.818000000000000000e+03,3.057592329676112541e+01,5.088954774097733491e+01,-8.729953911174920603e-03,2.634492920850522069e+02,2.015246986323171452e-02,nan,1.581979016295636904e-05,2.436547715667516911e+01,1.000000000000000000e+00,1.000000000000000000e+00,-1.000000000000000000e+00,0.000000000000000000e+00
2.819000000000000000e+03,5.256632472597480188e+01,4.039675392548202382e+01,-9.176342241447484060e-03,2.769007666982468550e+02,1.535840456587955760e-02,nan,1.247647246600890800e-05,1.051077138277408096e+01,1.000000000000000000e+00,1.000000000000000000e+00,-1.000000000000000000e+00,0.000000000000000000e+00
2.820000000000000000e+03,1.190590748844942794e+02,4.408758193148539561e+01,-1.670100533478347969e-03,5.070753330077469201e+01,2.638467544157724332e-01,nan,1.166769412579741871e-05,3.001010532791106300e+01,1.000000000000000000e+00,1.000000000000000000e+00,-1.000000000000000000e+00,0.000000000000000000e+00
2.821000000000000000e+03,1.435180818074931040e+02,2.669898215654631102e+01,-8.572217570170617348e-03,2.586960621220241592e+02,1.802017747463047215e-02,nan,1.446125674010138997e-05,9.647229624955548033e+00,1.000000000000000000e+00,1.000000000000000000e+00,-1.000000000000000000e+00,0.000000000000000000e+00
2.826000000000000000e+03,1.410120266143941592e+02,3.601502889353522363e+01,-8.510813585360184688e-03,2.568457132512949670e+02,1.907288655738070826e-02,nan,1.371486335053025703e-05,9.647229624955548033e+00,1.000000000000000000e+00,1.000000000000000000e+00,-1.000000000000000000e+00,0.000000000000000000e+00
2.826000000000000000e+03,3.220239716916737649e+01,3.183776617371218620e+01,-1.741179217138889151e-03,5.284941973453353370e+01,2.283250045583747889e-01,nan,9.664460035394575416e-06,1.985684239076317326e+01,1.000000000000000000e+00,1.000000000000000000e+00,-1.000000000000000000e+00,0.000000000000000000e+00
2.827000000000000000e+03,8.537357356554086607e+01,9.827597494319594063e+00,-8.870542191611823987e-03,2.676857820579307372e+02,1.709264702972945749e-02,nan,1.301927760585677974e-05,2.351980098990219759e+01,1.000000000000000000e+00,1.000000000000000000e+00,-1.000000000000000000e+00,0.000000000000000000e+00
2.828000000000000000e+03,6.746750848320522209e+01,3.366186037811772991e+01,1.426670145433178629e-03,-4.337199726005803058e+01,3.249888204166725414e-01,nan,1.259435256473453463e-05,1.995639983295814446e+01,1.000000000000000000e+00,1.000000000000000000e+00,-1.000000000000000000e+00,0.000000000000000000e+00
2.828000000000000000e+03,8.731749751863965514e+01,3.571997349114737830e+01,-6.542499458547511824e-03,1.975324971297030743e+02,2.737817700462163995e-02,nan,1.196459664674551148e-05,1.901332311308193113e+01,1.000000000000000000e+00,1.000000000000000000e+00,-1.000000000000000000e+00,0.000000000000000000e+00
2.830000000000000000e+03,4.272307064028208146e+01,5.289275404412948234e+01,-1.462051257771817365e-03,4.443817238636383848e+01,3.009867747225142276e-01,nan,1.064683438068832360e-05,2.301011427670156806e+01,1.000000000000000000e+00,1.000000000000000000e+00,-1.000000000000000000e+00,0.000000000000000000e+00
2.832000000000000000e+03,1.035847433617891227e+02,4.556289828416453958e+01,-1.443752300308900980e-03,4.388675124681466144e+01,3.526613729572088962e-01,nan,1.216094826960316748e-05,1.901332311308193113e+01,1.000000000000000000e+00,1.000000000000000000e+00,-1.000000000000000000e+00,0.000000000000000000e+00
2.832000000000000000e+03,1.057002580241504148e+02,2.166005022081402487e+01,-1.438644857887370725e-03,4.373284347769888569e+01,3.501303959402819466e-01,nan,1.311541346482115309e-05,1.617502553432104762e+01,1.000000000000000000e+00,1.000000000000000000e+00,-1.000000000000000000e+00,0.000000000000000000e+00
2.834000000000000000e+03,7.876674402393837227e+01,3.405715442292722628e+01,-1.338449581775734377e-03,4.071355708158105102e+01,3.269994179684116986e-01,nan,1.013209141805642419e-05,1.371686466487811451e+01,1.000000000000000000e+00,1.000000000000000000e+00,-1.000000000000000000e+00,0.000000000000000000e+00
2.835000000000000000e+03,2.477014465970352930e+01,3.849977632015821882e+01,-1.834264080564930108e-02,5.531181856393665157e+02,5.979580161244668624e-03,nan,2.366429039859939255e-05,2.301011427670156806e+01,1.000000000000000000e+00,1.000000000000000000e+00,-1.000000000000000000e+00,0.000000000000000000e+00
2.836000000000000000e+03,8.952897835241958546e+01,2.200813758715062107e+01,-8.715092530708215893e-03,2.630014589574638535e+02,1.889748288395010078e-02,nan,1.426357445974933183e-05,1.615563352053912993e+01,1.000000000000000000e+00,1.000000000000000000e+00,-1.000000000000000000e+00,0.000000000000000000e+00
2.836000000000000000e+03,6.894042932861424333e+01,2.448657890506839507e+01,-8.792008854575842844e-03,2.653192569545886954e+02,1.260490044606465965e-02,nan,8.722554878249632617e-06,1.371686466487811451e+01,1.000000000000000000e+00,1.000000000000000000e+00,-1.000000000000000000e+00,0.000000000000000000e+00
2.838000000000000000e+03,7.100495738689622272e+01,4.789994144510544771e+01,-8.878929374079339368e-03,2.679385215772840070e+02,1.590583836401093798e-02,nan,1.286707260767548957e-05,1.587035236976015717e+01,1.000000000000000000e+00,1.000000000000000000e+00,-1.000000000000000000e+00,0.000000000000000000e+00
2.838000000000000000e+03,1.101977563002223945e+02,3.304506153588578599e+01,-8.331350429338146152e-03,2.514377670225926238e+02,2.011773607109779149e-02,nan,1.464879128502704055e-05,2.159471205516010528e+01,1.000000000000000000e+00,1.000000000000000000e+00,-1.000000000000000000e+00,0.000000000000000000e+00
2.839000000000000000e+03,1.322394101371898216e+02,3.020382208473649399e+01,-9.179528415150970191e-03,2.769967789185025140e+02,1.649008529399165202e-02,nan,1.377222608013719879e-05,6.206976794843549250e+00,1.000000000000000000e+00,1.000000000000000000e+00,-1.000000000000000000e+00,0.000000000000000000e+00
2.844000000000000000e+03,1.386775522151688733e+02,4.267904084209177995e+01,-8.521798921038778798e-03,2.571767455699664993e+02,3.110958977577116258e-02,nan,2.225473747426478919e-05,1.403854538262827134e+01,1.000000000000000000e+00,1.000000000000000000e+00,-1.000000000000000000e+00,0.000000000000000000e+00
2.844000000000000000e+03,1.361249554509858228e+02,2.536346067817146022e+01,-1.640924622640120914e-02,4.948572358422154593e+02,9.910079776635272175e-03,nan,2.690047655753142992e-05,6.206976794843549250e+00,1.000000000000000000e+00,1.000000000000000000e+00,-1.000000000000000000e+00,0.000000000000000000e+00
2.844000000000000000e+03,6.471774165581619798e+01,5.099267965778449962e+01,-1.336501537025820870e-03,4.065485466325656461e+01,3.185287814980736210e-01,nan,9.516128388793320360e-06,3.614452849898255238e+01,1.000000000000000000e+00,1.000000000000000000e+00,-1.000000000000000000e+00,0.000000000000000000e+00
2.844000000000000000e+03,3.111004155816626948e+01,1.039808740077946503e+01,-5.046524782544399221e-03,1.524527671915326152e+02,5.857908401639155827e-02,nan,1.446106246186831000e-05,3.171192640215597791e+01,1.000000000000000000e+00,1.000000000000000000e+00,-1.000000000000000000e+00,0.000000000000000000e+00
2.844000000000000000e+03,6.249844052025392926e+01,1.491634887313493252e+01,-1.449565399198600923e-03,4.406192328164596006e+01,3.259754741295698421e-01,nan,1.201106757530255073e-05,3.171192640215597791e+01,1.000000000000000000e+00,1.000000000000000000e+00,-1.000000000000000000e+00,0.000000000000000000e+00
