frame_indices,x_coords,y_coords,contrasts,calibrated_values,fit_errors,diffblur_errors,residual_errors,neareast_neighbour_distances,selections,good_flags,peak_labels,peak_features
5.000000000000000000e+00,3.590915452716857459e+01,3.809564046298662277e+01,-6.798815943832696614e-03,2.181702439106883560e+02,4.153259578017587383e-02,nan,1.985002415768723167e-05,2.185938792842864586e+01,1.000000000000000000e+00,1.000000000000000000e+00,-1.000000000000000000e+00,0.000000000000000000e+00
6.000000000000000000e+00,1.146606263705712223e+02,1.207405211562784153e+01,-8.353646350065802029e-03,2.682157202739045374e+02,2.105787443208750886e-02,nan,1.462006934175580291e-05,1.550180514751062866e+01,1.000000000000000000e+00,1.000000000000000000e+00,-1.000000000000000000e+00,0.000000000000000000e+00
8.000000000000000000e+00,3.438558555841533604e+01,1.628941249474360120e+01,-7.681959296666414014e-03,2.465960642525019466e+02,1.659747560697577562e-02,nan,9.678480051914101348e-06,2.121173858159573555e+01,1.000000000000000000e+00,1.000000000000000000e+00,-1.000000000000000000e+00,0.000000000000000000e+00
8.000000000000000000e+00,8.692470428700060836e+01,3.892502717406235035e+01,-1.349835678108825135e-03,4.278339014277215568e+01,3.208298692484111703e-01,nan,9.877279521565773967e-06,1.038895461390209007e+01,1.000000000000000000e+00,1.000000000000000000e+00,-1.000000000000000000e+00,0.000000000000000000e+00
9.000000000000000000e+00,1.008639466157185751e+02,5.013819371375586798e+01,-1.460037392701500408e-03,4.633046336743019111e+01,2.497802923037210077e-01,nan,7.633963548359823408e-06,1.005895373644145074e+01,1.000000000000000000e+00,1.000000000000000000e+00,-1.000000000000000000e+00,0.000000000000000000e+00
1.000000000000000000e+01,1.292416061848557831e+02,6.810879072033968917e+00,-7.700180706966118505e-03,2.471825585446142099e+02,1.942550464972236934e-02,nan,1.289564786619867288e-05,1.550180514751062866e+01,1.000000000000000000e+00,1.000000000000000000e+00,-1.000000000000000000e+00,0.000000000000000000e+00
1.000000000000000000e+01,1.320537934971737215e+01,1.744557797208209848e+01,-1.238963743416747476e-03,3.921474447908261141e+01,3.057836038291541492e-01,nan,7.667670481597257590e-06,1.656681240201822192e+01,1.000000000000000000e+00,1.000000000000000000e+00,-1.000000000000000000e+00,0.000000000000000000e+00
1.200000000000000000e+01,9.080688620871818273e+01,5.033335068087341568e+01,-8.644653381703603159e-03,2.775823916902698443e+02,1.982617494480132248e-02,nan,1.414672181985364411e-05,6.684624597823171754e+00,1.000000000000000000e+00,1.000000000000000000e+00,-1.000000000000000000e+00,0.000000000000000000e+00
1.300000000000000000e+01,1.087533100245256179e+02,5.170827332827232503e+00,-6.232013930393865038e-03,1.999265327943753618e+02,2.830582559372107898e-02,nan,1.063740705617066970e-05,1.638423966490062966e+01,1.000000000000000000e+00,1.000000000000000000e+00,-1.000000000000000000e+00,0.000000000000000000e+00
1.300000000000000000e+01,7.942213968917982925e+01,3.173879711754148758e+01,-8.093664793881266695e-03,2.598476688306433289e+02,2.855574086243761744e-02,nan,1.911989776941069023e-05,4.184729808323178091e+00,1.000000000000000000e+00,1.000000000000000000e+00,-1.000000000000000000e+00,0.000000000000000000e+00
1.300000000000000000e+01,9.346985774045607798e+01,1.107501192322349226e+01,-1.562954945287712985e-03,4.964308056649284140e+01,2.610279601409719596e-01,nan,9.532998158957959879e-06,1.638423966490062966e+01,1.000000000000000000e+00,1.000000000000000000e+00,-1.000000000000000000e+00,0.000000000000000000e+00
1.400000000000000000e+01,2.991212828504044552e+01,1.075576127917939395e+01,-1.707677090452098048e-02,5.489877722953310695e+02,2.802781998371450811e-02,nan,8.322401456410446758e-05,7.170960423866175049e+00,1.000000000000000000e+00,1.000000000000000000e+00,-1.000000000000000000e+00,0.000000000000000000e+00
1.400000000000000000e+01,1.280328762945953542e+02,3.524118144893406424e+01,-1.175683417749789038e-03,3.717793452879688232e+01,3.585868190860206361e-01,nan,9.748320555410549707e-06,4.008204706972379405e+00,1.000000000000000000e+00,1.000000000000000000e+00,-1.000000000000000000e+00,0.000000000000000000e+00
1.600000000000000000e+01,6.366751510568031591e+01,3.866827129977787081e+01,-7.651398001853532312e-03,2.456123849064742615e+02,2.557478465412987845e-02,nan,1.510436756391370623e-05,1.284096399120411114e+01,1.000000000000000000e+00,1.000000000000000000e+00,-1.000000000000000000e+00,0.000000000000000000e+00
1.600000000000000000e+01,1.056050744564236794e+02,3.712067733466787445e+01,-1.233093713660794516e-03,3.902580526473148836e+01,3.503950638816806240e-01,nan,9.652324732156625957e-06,5.659869077832209605e+00,1.000000000000000000e+00,1.000000000000000000e+00,-1.000000000000000000e+00,0.000000000000000000e+00
1.600000000000000000e+01,5.522246046701921429e+00,3.872610357577703155e+01,-1.143403639025921022e-03,3.613894217525206187e+01,3.700790543943878186e-01,nan,9.426221217727513897e-06,3.819380748801703973e+00,1.000000000000000000e+00,1.000000000000000000e+00,-1.000000000000000000e+00,0.000000000000000000e+00
1.700000000000000000e+01,9.532008644701392086e+01,4.540230316306648461e+01,-8.474288816227627114e-03,2.720988509770974701e+02,1.973495606421726833e-02,nan,1.487240525489744062e-05,6.684624597823171754e+00,1.000000000000000000e+00,1.000000000000000000e+00,-1.000000000000000000e+00,0.000000000000000000e+00
1.800000000000000000e+01,6.505409736352545380e+00,1.753548565071290000e+01,-8.104676456698428968e-03,2.602021022846244023e+02,1.397859951030377967e-02,nan,9.479360097200940590e-06,1.072213795057490238e+01,1.000000000000000000e+00,1.000000000000000000e+00,-1.000000000000000000e+00,0.000000000000000000e+00
1.800000000000000000e+01,7.890307430196973115e+00,2.816780903785378243e+01,-1.555537862022780046e-03,4.940434619152104290e+01,2.598037472619731947e-01,nan,9.362281339723776407e-06,1.072213795057490238e+01,1.000000000000000000e+00,1.000000000000000000e+00,-1.000000000000000000e+00,0.000000000000000000e+00
1.900000000000000000e+01,1.180094671102371962e+02,4.136585341410405903e+01,-1.319018065515524139e-03,4.179146067160539246e+01,3.116905913686922602e-01,nan,8.918578430153547104e-06,8.514117682525425224e+00,1.000000000000000000e+00,1.000000000000000000e+00,-1.000000000000000000e+00,0.000000000000000000e+00
2.100000000000000000e+01,8.756021250318470095e+01,1.453853781281314284e+01,-8.158722681366928353e-03,2.619416933347642953e+02,2.785408591706206582e-02,nan,1.892388192584103994e-05,1.233130308374304462e+01,1.000000000000000000e+00,1.000000000000000000e+00,-1.000000000000000000e+00,0.000000000000000000e+00
2.100000000000000000e+01,1.111986244026607977e+02,3.625678094206517699e+01,-1.339851266607946199e-03,4.246202092606225875e+01,3.457735239220788293e-01,nan,1.126973855606460443e-05,5.659869077832209605e+00,1.000000000000000000e+00,1.000000000000000000e+00,-1.000000000000000000e+00,0.000000000000000000e+00
2.100000000000000000e+01,9.358923112153219392e+01,2.529548767059113601e+01,-1.525745855513530253e-03,4.844542800237681490e+01,3.106629393940748551e-01,nan,1.177410266253283897e-05,1.233130308374304462e+01,1.000000000000000000e+00,1.000000000000000000e+00,-1.000000000000000000e+00,0.000000000000000000e+00
2.200000000000000000e+01,4.218922068871466990e+01,4.271662388269292165e+01,-1.869616718512567312e-03,5.951363266137227015e+01,2.846274045456268498e-01,nan,1.603822877994458862e-05,1.802675684034575809e+01,1.000000000000000000e+00,1.000000000000000000e+00,-1.000000000000000000e+00,0.000000000000000000e+00
2.200000000000000000e+01,7.844928643132546142e+01,4.913089051500218574e+01,-1.574939223603437008e-03,5.002881968940645407e+01,3.055318707588055016e-01,nan,1.263533777357150465e-05,1.727791239734617434e+01,1.000000000000000000e+00,1.000000000000000000e+00,-1.000000000000000000e+00,0.000000000000000000e+00
2.200000000000000000e+01,2.420757769855107355e+01,5.107959929315618552e+01,-1.355321990442859498e-03,4.295997860742620134e+01,3.547652357752095753e-01,nan,1.345858227685655853e-05,7.328022807040704301e+00,1.000000000000000000e+00,1.000000000000000000e+00,-1.000000000000000000e+00,0.000000000000000000e+00
2.300000000000000000e+01,1.085918036636732324e+02,1.969664250046099596e+01,-8.882923944066414487e-03,2.852516292797684514e+02,1.899349895856572434e-02,nan,1.579998915947335386e-05,1.583444028683493698e+01,1.000000000000000000e+00,1.000000000000000000e+00,-1.000000000000000000e+00,0.000000000000000000e+00
2.400000000000000000e+01,1.373644174997146195e+02,4.172409234472193873e+01,-8.475065471740369366e-03,2.721238492630516816e+02,1.332492435969656608e-02,nan,9.879761357979640349e-06,3.577711986901408459e+00,1.000000000000000000e+00,1.000000000000000000e+00,-1.000000000000000000e+00,0.000000000000000000e+00
2.600000000000000000e+01,1.277693487233707543e+02,4.998024527300146680e+00,-7.176358166605388209e-03,2.303222318767984973e+02,2.506920678393411706e-01,nan,1.837288170036256957e-04,2.416252480262888369e+01,1.000000000000000000e+00,1.000000000000000000e+00,-1.000000000000000000e+00,0.000000000000000000e+00
2.700000000000000000e+01,9.383326966635654287e+01,2.543381719253624595e+01,1.261532863314643186e-03,-3.994117891968834755e+01,3.477703883468615809e-01,nan,9.099556559247499375e-06,1.583444028683493698e+01,1.000000000000000000e+00,1.000000000000000000e+00,-1.000000000000000000e+00,0.000000000000000000e+00
3.000000000000000000e+01,2.061151719708975705e+01,2.910802760955912660e+01,-1.522037739134710424e-03,4.832607450257108184e+01,3.212458193618530355e-01,nan,1.266581509439766402e-05,1.877542302933129292e+01,1.000000000000000000e+00,1.000000000000000000e+00,-1.000000000000000000e+00,0.000000000000000000e+00
3.100000000000000000e+01,6.444713106355756338e+00,1.678657591809410476e+01,-8.727164216804039060e-03,2.802381759038884752e+02,2.049148209513518282e-02,nan,1.566884102798461701e-05,1.877542302933129292e+01,1.000000000000000000e+00,1.000000000000000000e+00,-1.000000000000000000e+00,0.000000000000000000e+00
3.300000000000000000e+01,5.692385009880233326e+01,2.677894258221384405e+01,-8.563459929885516506e-03,2.749690102195187364e+02,1.852551000552371541e-02,nan,1.357855370407933955e-05,1.058428252019154847e+01,1.000000000000000000e+00,1.000000000000000000e+00,-1.000000000000000000e+00,0.000000000000000000e+00
3.600000000000000000e+01,4.875994724408737824e+01,8.167130834374855652e+00,-7.545840082692562706e-03,2.422147819736122756e+02,2.207262184819214212e-02,nan,1.226351753678925817e-05,1.159124595655602974e+01,1.000000000000000000e+00,1.000000000000000000e+00,-1.000000000000000000e+00,0.000000000000000000e+00
3.600000000000000000e+01,2.556019217453778936e+01,4.830946664499479937e+01,-1.355867444619831370e-03,4.297753519366958130e+01,3.479404658939755368e-01,nan,1.162968360636246556e-05,1.844683750804161804e+01,1.000000000000000000e+00,1.000000000000000000e+00,-1.000000000000000000e+00,0.000000000000000000e+00
3.700000000000000000e+01,4.528550657857241646e+01,1.922539674215589756e+01,-8.501713434823072665e-03,2.729815698229513714e+02,2.006286538251644824e-02,nan,1.449792754332008633e-05,1.069977031597541561e+01,1.000000000000000000e+00,1.000000000000000000e+00,-1.000000000000000000e+00,0.000000000000000000e+00
3.800000000000000000e+01,4.888706325036410760e+01,3.366640173780981371e+01,-8.079624738035461398e-03,2.593957601979379888e+02,1.565407511989569400e-02,nan,1.003477590360584665e-05,1.058428252019154847e+01,1.000000000000000000e+00,1.000000000000000000e+00,-1.000000000000000000e+00,0.000000000000000000e+00
4.200000000000000000e+01,3.489972519243829652e+01,1.665233828692043971e+01,-3.140799824646788030e-03,1.004293259976538621e+02,1.393803776081521395e-01,nan,1.656151107566132712e-05,9.620107400775600226e+00,1.000000000000000000e+00,1.000000000000000000e+00,-1.000000000000000000e+00,0.000000000000000000e+00
4.400000000000000000e+01,7.985955929775238360e+01,3.813257485101532041e+01,-7.588879647809879288e-03,2.436001006103760744e+02,1.655864803188655809e-02,nan,1.042396520801330060e-05,2.092415881424197366e+01,1.000000000000000000e+00,1.000000000000000000e+00,-1.000000000000000000e+00,0.000000000000000000e+00
4.600000000000000000e+01,4.262436365737461585e+01,2.238613519546923669e+01,-8.613836507829875089e-03,2.765904859963412719e+02,1.677485062580730268e-02,nan,1.381119121466236844e-05,9.620107400775600226e+00,1.000000000000000000e+00,1.000000000000000000e+00,-1.000000000000000000e+00,0.000000000000000000e+00
4.600000000000000000e+01,5.444601768156476673e+00,3.557856291139005123e+01,-2.932769302413179135e-03,9.373342749867072143e+01,1.340878319918146211e-01,nan,1.367620591886773793e-05,2.284892219368377653e+01,1.000000000000000000e+00,1.000000000000000000e+00,-1.000000000000000000e+00,0.000000000000000000e+00
4.600000000000000000e+01,6.033257053053742425e+01,3.061478715990027766e+01,-1.630001869329493437e-03,5.180112638223451427e+01,2.795092466264176290e-01,nan,1.128104484929222936e-05,1.557472083083141356e+01,1.000000000000000000e+00,1.000000000000000000e+00,-1.000000000000000000e+00,0.000000000000000000e+00
4.700000000000000000e+01,6.676629357722325686e+00,1.276288072935649076e+01,-8.047941453337139825e-03,2.583759672551692006e+02,1.530138790898627477e-02,nan,9.874192879038514958e-06,2.284892219368377653e+01,1.000000000000000000e+00,1.000000000000000000e+00,-1.000000000000000000e+00,0.000000000000000000e+00
4.900000000000000000e+01,1.422334707237832561e+02,3.093520698481250619e+01,-8.787140775184585501e-03,2.821686471776350231e+02,1.219136399652132052e-02,nan,9.871924025155230322e-06,3.322563423998964538e+01,1.000000000000000000e+00,1.000000000000000000e+00,-1.000000000000000000e+00,0.000000000000000000e+00
5.000000000000000000e+01,9.082678621541350594e+01,1.752936584096601536e+01,-8.084887185514722310e-03,2.595651431029032210e+02,2.009863377646525784e-02,nan,1.384817772470636948e-05,2.767767486291828760e+01,1.000000000000000000e+00,1.000000000000000000e+00,-1.000000000000000000e+00,0.000000000000000000e+00
5.000000000000000000e+01,4.803438205126972349e+01,4.331533496487615054e+01,-7.604588648877474988e-03,2.441057277440277460e+02,2.174196344988854612e-02,nan,1.235404518836829990e-05,8.536456327203916672e+00,1.000000000000000000e+00,1.000000000000000000e+00,-1.000000000000000000e+00,0.000000000000000000e+00
5.100000000000000000e+01,4.851966294332983409e+01,7.576097832542080468e+00,-8.341574108067502033e-03,2.678271498554493064e+02,1.789964361966855932e-02,nan,1.266284300290187160e-05,1.594025596915816401e+01,1.000000000000000000e+00,1.000000000000000000e+00,-1.000000000000000000e+00,0.000000000000000000e+00
5.200000000000000000e+01,2.017990363089887751e+01,4.530305546299067032e+01,-8.538846266365690899e-03,2.741767678560073023e+02,1.273268869661103864e-02,nan,8.785992493353122118e-06,1.226511849553420674e+01,1.000000000000000000e+00,1.000000000000000000e+00,-1.000000000000000000e+00,0.000000000000000000e+00
5.300000000000000000e+01,5.100905324856200451e+01,2.525322167912059967e+01,-1.377104014169551645e-02,4.425858971513126789e+02,1.178438390547520420e-02,nan,2.348217082105221891e-05,9.844421372046113561e+00,1.000000000000000000e+00,1.000000000000000000e+00,-1.000000000000000000e+00,0.000000000000000000e+00
5.400000000000000000e+01,1.063288636205603765e+01,5.300289916126870082e+01,-8.491413041670465428e-03,2.726500300743176126e+02,1.746372536558882249e-02,nan,1.288769239218674769e-05,1.226511849553420674e+01,1.000000000000000000e+00,1.000000000000000000e+00,-1.000000000000000000e+00,0.000000000000000000e+00
5.400000000000000000e+01,8.282606532231545771e+01,4.966510387146156091e+01,-2.875837983409226459e-03,9.190097363867599256e+01,1.484789147883974758e-01,nan,1.446048150667421230e-05,1.928999051928252939e+01,1.000000000000000000e+00,1.000000000000000000e+00,-1.000000000000000000e+00,0.000000000000000000e+00
5.600000000000000000e+01,5.833246730284628256e+01,3.183199350522232152e+01,-1.415977959251469437e-02,4.550982913773515861e+02,1.050910042796782129e-02,nan,2.393548579846705666e-05,9.844421372046113561e+00,1.000000000000000000e+00,1.000000000000000000e+00,-1.000000000000000000e+00,0.000000000000000000e+00
5.700000000000000000e+01,1.050773130472340569e+02,3.093692929613714782e+01,-3.477587728805294626e-03,1.112695507767766401e+02,9.551968233271901365e-02,nan,1.356131885594273366e-05,8.249969164380535958e+00,1.000000000000000000e+00,1.000000000000000000e+00,-1.000000000000000000e+00,0.000000000000000000e+00
5.700000000000000000e+01,1.151234647373270974e+02,2.313991193572942606e+01,-3.027889919276681007e-03,9.679508397503836648e+01,1.001872123707892026e-01,nan,1.008060495291222215e-05,1.271686453096275748e+01,1.000000000000000000e+00,1.000000000000000000e+00,-1.000000000000000000e+00,0.000000000000000000e+00
5.700000000000000000e+01,2.756537113555459229e+01,1.636523598449398875e+01,-1.293410073783264483e-03,4.096721376994420893e+01,3.735628587248744914e-01,nan,1.177916403209381291e-05,2.507194688738054467e+01,1.000000000000000000e+00,1.000000000000000000e+00,-1.000000000000000000e+00,0.000000000000000000e+00
6.400000000000000000e+01,6.138291935026206403e+01,1.338502608573975294e+01,-7.237193238411155673e-03,2.322803362050294140e+02,1.671659943615511068e-02,nan,8.663062395175311439e-06,2.537172403985308478e+01,1.000000000000000000e+00,1.000000000000000000e+00,-1.000000000000000000e+00,0.000000000000000000e+00
6.400000000000000000e+01,3.055227888617008603e+01,5.052305346296731159e+01,-7.226931193962928858e-03,2.319500307898451297e+02,2.771614164370328481e-02,nan,1.488189820550673400e-05,2.255433692005455626e+01,1.000000000000000000e+00,1.000000000000000000e+00,-1.000000000000000000e+00,0.000000000000000000e+00
6.400000000000000000e+01,1.166527739865427975e+02,2.494305882967540455e+01,-2.312563142551763914e-03,7.377079196669481576e+01,1.846924775709428701e-01,nan,1.261575723225901702e-05,8.681204612279657340e+00,1.000000000000000000e+00,1.000000000000000000e+00,-1.000000000000000000e+00,0.000000000000000000e+00
6.500000000000000000e+01,1.078888022976638439e+02,2.476604071908101901e+01,-8.326738339297050720e-03,2.673496295340333404e+02,2.616795036252650419e-02,nan,1.840525631187068487e-05,8.765759246919243353e+00,1.000000000000000000e+00,1.000000000000000000e+00,-1.000000000000000000e+00,0.000000000000000000e+00
6.500000000000000000e+01,1.221775752439760510e+02,3.163931782900701251e+01,-1.139665304467293167e-03,3.601861603997608796e+01,3.412771917543137024e-01,nan,7.738355664369754019e-06,8.681204612279657340e+00,1.000000000000000000e+00,1.000000000000000000e+00,-1.000000000000000000e+00,0.000000000000000000e+00
6.600000000000000000e+01,1.404727363708609573e+02,2.942048050263644399e+01,-1.448577986561840406e-02,4.655912936344528816e+02,5.109205148693396481e-03,nan,1.326746278397990004e-05,1.842922026944102498e+01,1.000000000000000000e+00,1.000000000000000000e+00,-1.000000000000000000e+00,0.000000000000000000e+00
6.600000000000000000e+01,9.214691952843377010e+01,5.212005365091665965e+01,-2.071283370845052041e-02,6.660220767311964210e+02,3.442608277165359887e-03,nan,1.565611229847902196e-05,3.156024234056535605e+01,1.000000000000000000e+00,1.000000000000000000e+00,-1.000000000000000000e+00,0.000000000000000000e+00
6.800000000000000000e+01,8.657727074035234693e+01,1.637986143799449579e+01,-1.076137260094582604e-03,3.397383274379761531e+01,3.455724610062393953e-01,nan,7.207776633168216602e-06,8.302922534120799725e+00,1.000000000000000000e+00,1.000000000000000000e+00,-1.000000000000000000e+00,0.000000000000000000e+00
7.000000000000000000e+01,7.927144041127895946e+01,2.032490463299279426e+01,-1.537968724003418866e-03,4.883884665025583161e+01,2.707276687563449080e-01,nan,1.054400213657486548e-05,8.302922534120799725e+00,1.000000000000000000e+00,1.000000000000000000e+00,-1.000000000000000000e+00,0.000000000000000000e+00
7.100000000000000000e+01,4.249831757131349974e+01,1.048734125704721443e+01,-1.501955742878503634e-03,4.767969335068645620e+01,3.652700295586690515e-01,nan,1.497395879451946025e-05,6.144949510428002526e+00,1.000000000000000000e+00,1.000000000000000000e+00,-1.000000000000000000e+00,0.000000000000000000e+00
7.200000000000000000e+01,1.411791015438986676e+02,2.862606973437392810e+01,-6.718774105205310883e-03,2.155939295248641940e+02,3.692348842351578231e-02,nan,1.636309980518562993e-05,1.843316208984933269e+01,1.000000000000000000e+00,1.000000000000000000e+00,-1.000000000000000000e+00,0.000000000000000000e+00
7.300000000000000000e+01,9.000249686154017326e+00,3.749682153171037413e+01,-8.513633575686005428e-03,2.733652445474812112e+02,2.484294706141076947e-02,nan,1.679646177075694343e-05,1.571107925408565364e+01,1.000000000000000000e+00,1.000000000000000000e+00,-1.000000000000000000e+00,0.000000000000000000e+00
7.400000000000000000e+01,2.496166873049750734e+01,3.182465677797309667e+01,-8.370802993899063849e-03,2.687679428249863349e+02,4.569844415080948075e-02,nan,3.668453707611107255e-05,6.891646455431556184e+00,1.000000000000000000e+00,1.000000000000000000e+00,-1.000000000000000000e+00,0.000000000000000000e+00
7.400000000000000000e+01,2.466442779535686114e+01,3.870989015768790864e+01,-6.910400458974879506e-03,2.217618254701062597e+02,6.451099988231090432e-02,nan,3.812711672142235221e-05,6.891646455431556184e+00,1.000000000000000000e+00,1.000000000000000000e+00,-1.000000000000000000e+00,0.000000000000000000e+00
7.500000000000000000e+01,1.273583607609007515e+02,1.642899677239502765e+01,-8.122952434203918604e-03,2.607903529366563475e+02,1.206801521457512294e-02,nan,8.428433563495013196e-06,1.843316208984933269e+01,1.000000000000000000e+00,1.000000000000000000e+00,-1.000000000000000000e+00,0.000000000000000000e+00
8.000000000000000000e+01,1.041305589252935988e+02,4.739085729357264576e+00,-7.845295810479959581e-03,2.518533923884429839e+02,1.387737973822855686e-02,nan,8.287327847510087635e-06,2.600355357077896201e+01,1.000000000000000000e+00,1.000000000000000000e+00,-1.000000000000000000e+00,0.000000000000000000e+00
8.100000000000000000e+01,7.871176714990148149e+00,5.219587097507006490e+01,-1.589480866797204862e-03,5.049687296249566515e+01,3.125892067294973042e-01,nan,1.310340790085170438e-05,5.608997025049067986e+01,1.000000000000000000e+00,1.000000000000000000e+00,-1.000000000000000000e+00,0.000000000000000000e+00
8.200000000000000000e+01,5.038211467153669787e+01,1.560482129409507124e+01,-7.260777614923183930e-03,2.330394488082704356e+02,2.656140696310194116e-02,nan,1.432945007823956140e-05,3.108355112695751998e+01,1.000000000000000000e+00,1.000000000000000000e+00,-1.000000000000000000e+00,0.000000000000000000e+00
8.300000000000000000e+01,1.036282947833742014e+02,3.295903113178319188e+01,-1.392186543578686087e-03,4.414654153750755938e+01,3.224098631688274708e-01,nan,1.223289892409293913e-05,1.209695270983727156e+01,1.000000000000000000e+00,1.000000000000000000e+00,-1.000000000000000000e+00,0.000000000000000000e+00
8.500000000000000000e+01,9.187778803541762329e+01,3.583337558404812739e+01,-6.432197656603561194e-03,2.063698657123359794e+02,2.580303975713094111e-02,nan,1.033714576667382645e-05,1.209695270983727156e+01,1.000000000000000000e+00,1.000000000000000000e+00,-1.000000000000000000e+00,0.000000000000000000e+00
8.900000000000000000e+01,1.174777944121680235e+02,5.333838863580476897e+01,-8.147505352967250244e-03,2.615806401028272035e+02,1.456073396900714467e-02,nan,9.773011262976165502e-06,2.348895918172589603e+01,1.000000000000000000e+00,1.000000000000000000e+00,-1.000000000000000000e+00,0.000000000000000000e+00
9.000000000000000000e+01,1.432498462272634043e+01,3.303473184788812489e+01,-1.435917738590859229e-02,4.615163273999090734e+02,1.213078186672333914e-02,nan,2.853838864919005388e-05,9.232480855662474895e+00,1.000000000000000000e+00,1.000000000000000000e+00,-1.000000000000000000e+00,0.000000000000000000e+00
9.000000000000000000e+01,1.394997386398339074e+02,1.956637972671477144e+01,-1.384397779376421575e-03,4.389584383232989495e+01,2.849788198117269022e-01,nan,9.194118422761616348e-06,1.319774453393507763e+01,1.000000000000000000e+00,1.000000000000000000e+00,-1.000000000000000000e+00,0.000000000000000000e+00
9.200000000000000000e+01,1.206115328220779048e+02,5.755840731911568753e+00,-1.582270529637897979e-02,5.086230415191672023e+02,7.838356215000064076e-03,nan,1.863600610582469709e-05,2.117524979626012893e+01,1.000000000000000000e+00,1.000000000000000000e+00,-1.000000000000000000e+00,0.000000000000000000e+00
9.200000000000000000e+01,6.860314061541311403e+00,2.760174039168725102e+01,-7.537313113578000649e-03,2.419403235956683034e+02,6.146849488785388615e-02,nan,3.722156501114055047e-05,9.232480855662474895e+00,1.000000000000000000e+00,1.000000000000000000e+00,-1.000000000000000000e+00,0.000000000000000000e+00
9.300000000000000000e+01,1.417712943445199301e+02,6.565591463554663498e+00,-7.904580487646041195e-03,2.537615940147566960e+02,2.127494568160681609e-02,nan,1.298298638599722300e-05,1.319774453393507763e+01,1.000000000000000000e+00,1.000000000000000000e+00,-1.000000000000000000e+00,0.000000000000000000e+00
9.300000000000000000e+01,8.970808496235122220e+01,1.811509183231459730e+01,-1.871394948809662964e-03,5.957086873158603169e+01,2.311394661518756388e-01,nan,1.134468281742223811e-05,9.288079691461080145e+00,1.000000000000000000e+00,1.000000000000000000e+00,-1.000000000000000000e+00,0.000000000000000000e+00
9.400000000000000000e+01,1.396961048211400396e+02,4.467488492779788345e+01,-7.517943423161303762e-03,2.413168695005942936e+02,5.180742745235444868e-02,nan,2.986424554484011387e-05,2.384763329825589295e+01,1.000000000000000000e+00,1.000000000000000000e+00,-1.000000000000000000e+00,0.000000000000000000e+00
9.400000000000000000e+01,4.753266125950293031e+01,1.540997328658810162e+01,-6.897525216925616195e-03,2.213474088115022198e+02,2.593248517693058641e-02,nan,1.237545240440296583e-05,1.687111743656103613e+01,1.000000000000000000e+00,1.000000000000000000e+00,-1.000000000000000000e+00,0.000000000000000000e+00
9.500000000000000000e+01,3.066414219752303438e+01,1.570606147253058360e+01,-1.516953301707600014e-03,4.816242122433659745e+01,2.584869945961499882e-01,nan,8.997786906598506914e-06,1.687111743656103613e+01,1.000000000000000000e+00,1.000000000000000000e+00,-1.000000000000000000e+00,0.000000000000000000e+00
9.500000000000000000e+01,8.083540999107766822e+01,1.536844602168163831e+01,-2.108753805895387853e-03,6.721076117532999206e+01,1.943007120209873095e-01,nan,1.110834869176065563e-05,9.288079691461080145e+00,1.000000000000000000e+00,1.000000000000000000e+00,-1.000000000000000000e+00,0.000000000000000000e+00
9.500000000000000000e+01,8.071452897789731296e+00,4.981952858119595362e+01,-1.337598169781114036e-03,4.238950028102004808e+01,3.090333897353568782e-01,nan,8.913948552925165224e-06,1.791189717515288393e+01,1.000000000000000000e+00,1.000000000000000000e+00,-1.000000000000000000e+00,0.000000000000000000e+00
9.900000000000000000e+01,8.082115596162799420e+01,3.057612949745976749e+01,-8.652404992300088277e-03,2.778318935287520617e+02,4.304517902050541966e-02,nan,3.852852016099176118e-05,7.375453624546651987e+00,1.000000000000000000e+00,1.000000000000000000e+00,-1.000000000000000000e+00,0.000000000000000000e+00
9.900000000000000000e+01,4.665812301704282561e+01,4.528089262494380307e+01,-8.536579106812694842e-03,2.741037945726406519e+02,1.592651315955617708e-02,nan,1.157622537637152554e-05,1.458318934005591139e+01,1.000000000000000000e+00,1.000000000000000000e+00,-1.000000000000000000e+00,0.000000000000000000e+00
9.900000000000000000e+01,1.281610992076727484e+02,1.502018125652750236e+01,-1.120563221331827633e-03,3.540377544629347994e+01,3.672654706325662044e-01,nan,9.080943683952466438e-06,3.181914210555619249e+01,1.000000000000000000e+00,1.000000000000000000e+00,-1.000000000000000000e+00,0.000000000000000000e+00
1.010000000000000000e+02,8.175979713531432935e+01,2.326064804270239250e+01,-1.439663997478641058e-02,4.627221393641424356e+02,1.644109253231529344e-02,nan,3.864605688277655398e-05,7.375453624546651987e+00,1.000000000000000000e+00,1.000000000000000000e+00,-1.000000000000000000e+00,0.000000000000000000e+00
1.040000000000000000e+02,3.101528511442698033e+01,1.791853187575033246e+01,-7.428047838270955376e-03,2.384233916326853091e+02,1.640536793374225422e-02,nan,9.707171052040414926e-06,1.811835456879379436e+01,1.000000000000000000e+00,1.000000000000000000e+00,-1.000000000000000000e+00,0.000000000000000000e+00
1.050000000000000000e+02,1.293126246443930540e+02,6.070653793944279286e+00,-8.631522047626878982e-03,2.771597321728589804e+02,2.575825431361378204e-02,nan,2.026850265417695502e-05,4.204002023229526941e+01,1.000000000000000000e+00,1.000000000000000000e+00,-1.000000000000000000e+00,0.000000000000000000e+00
1.060000000000000000e+02,2.305638289638525507e+01,4.689541697808615339e+01,-1.230625981404930144e-03,3.894637612841763996e+01,3.242101731036683976e-01,nan,8.251273071763476883e-06,1.479427590071288634e+01,1.000000000000000000e+00,1.000000000000000000e+00,-1.000000000000000000e+00,0.000000000000000000e+00
1.080000000000000000e+02,7.852813889722502161e+00,1.235808324781521961e+01,-1.651809512797454069e-02,5.310056211502469523e+02,5.515464162251793034e-03,nan,1.764533861402635962e-05,1.278306952113469919e+01,1.000000000000000000e+00,1.000000000000000000e+00,-1.000000000000000000e+00,0.000000000000000000e+00
1.090000000000000000e+02,1.019307144482142320e+02,4.765266289220728169e+01,-7.338089435883844540e-03,2.355278918519446734e+02,4.326160077943008719e-02,nan,2.366660517878502808e-05,2.410915667152730535e+01,1.000000000000000000e+00,1.000000000000000000e+00,-1.000000000000000000e+00,0.000000000000000000e+00
1.100000000000000000e+02,3.774764198884798105e+01,8.463948171828183931e+00,-7.769811733164331061e-03,2.494237791058917537e+02,2.216206335193615651e-02,nan,1.442794038627033155e-05,1.600152196775639268e+01,1.000000000000000000e+00,1.000000000000000000e+00,-1.000000000000000000e+00,0.000000000000000000e+00
1.100000000000000000e+02,3.886183505192528997e+01,2.442663212856869137e+01,-8.322936228209763115e-03,2.672272506174734303e+02,1.439606948192784230e-02,nan,9.486746963734726912e-06,1.600152196775639268e+01,1.000000000000000000e+00,1.000000000000000000e+00,-1.000000000000000000e+00,0.000000000000000000e+00
1.100000000000000000e+02,2.049005497022718458e+01,1.043272503299708021e+01,-2.622293633837180591e-03,8.374011718599319920e+01,1.495591750535694153e-01,nan,1.322004303390745201e-05,1.278306952113469919e+01,1.000000000000000000e+00,1.000000000000000000e+00,-1.000000000000000000e+00,0.000000000000000000e+00
1.110000000000000000e+02,6.473398770737718166e+01,1.095057623865201890e+01,-8.574490121502657478e-03,2.753240400617731893e+02,1.458625028126903089e-02,nan,1.228622308766134278e-05,2.277737071499563370e+01,1.000000000000000000e+00,1.000000000000000000e+00,-1.000000000000000000e+00,0.000000000000000000e+00
1.110000000000000000e+02,3.716933633904793766e+01,5.133333817518391129e+01,-1.311641120971039284e-02,4.215152925303818847e+02,9.630903036524252059e-03,nan,1.728621139868624559e-05,1.479427590071288634e+01,1.000000000000000000e+00,1.000000000000000000e+00,-1.000000000000000000e+00,0.000000000000000000e+00
1.160000000000000000e+02,8.651749758827131132e+01,1.760544768424197315e+01,-7.838649720587658604e-03,2.516394740515751209e+02,4.258908378283821072e-02,nan,2.623855594052160338e-05,5.269462412817544461e+00,1.000000000000000000e+00,1.000000000000000000e+00,-1.000000000000000000e+00,0.000000000000000000e+00
1.180000000000000000e+02,1.023125377829191365e+02,2.654810408086624207e+01,-1.022650978768133113e-03,3.225226464405603366e+01,3.570147008781254794e-01,nan,7.203512032013313837e-06,1.500523017943018367e+01,1.000000000000000000e+00,1.000000000000000000e+00,-1.000000000000000000e+00,0.000000000000000000e+00
1.190000000000000000e+02,3.546544904046151458e+01,4.755529466457492305e+00,-1.147001286885486861e-03,3.625474001416574055e+01,3.662526271428200308e-01,nan,9.054083397796774323e-06,1.139581316948741119e+01,1.000000000000000000e+00,1.000000000000000000e+00,-1.000000000000000000e+00,0.000000000000000000e+00
1.190000000000000000e+02,1.108105819847768281e+01,1.444662138479153235e+01,-1.134079593713331396e-03,3.583882822878553753e+01,3.165048471444044109e-01,nan,6.692318413588776891e-06,1.489694517843724064e+01,1.000000000000000000e+00,1.000000000000000000e+00,-1.000000000000000000e+00,0.000000000000000000e+00
1.200000000000000000e+02,6.227407199995704445e+01,1.966996028138519037e+01,-7.700864374425956359e-03,2.472045638151340654e+02,2.397457414936998710e-02,nan,1.404507903177675744e-05,1.350465567042766146e+01,1.000000000000000000e+00,1.000000000000000000e+00,-1.000000000000000000e+00,0.000000000000000000e+00
1.200000000000000000e+02,6.849478286472941591e+01,4.250898624689182981e+01,-8.291935106205575862e-03,2.662294145111854959e+02,1.751422944355407463e-02,nan,1.274721775696599464e-05,6.764021200030579273e+00,1.000000000000000000e+00,1.000000000000000000e+00,-1.000000000000000000e+00,0.000000000000000000e+00
1.200000000000000000e+02,8.160373400970605928e+01,1.570224995041017202e+01,-8.648491566608192127e-03,2.777059317182691984e+02,3.832111086542189238e-02,nan,3.024873936696477014e-05,5.269462412817544461e+00,1.000000000000000000e+00,1.000000000000000000e+00,-1.000000000000000000e+00,0.000000000000000000e+00
1.210000000000000000e+02,1.304930282296363053e+01,3.241474345274419733e+01,-8.894891734235434860e-03,2.856368376971125826e+02,1.540825613231000535e-02,nan,1.243855529540247442e-05,1.807560227352508875e+01,1.000000000000000000e+00,1.000000000000000000e+00,-1.000000000000000000e+00,0.000000000000000000e+00
1.210000000000000000e+02,1.053170307053224661e+02,4.124946303223229194e+01,-8.999081968925522201e-03,2.889904188378965273e+02,1.636895871055565888e-02,nan,1.354324914645039406e-05,8.288870583628234812e+00,1.000000000000000000e+00,1.000000000000000000e+00,-1.000000000000000000e+00,0.000000000000000000e+00
1.230000000000000000e+02,1.362909354771478831e+02,1.120973086657043183e+01,-7.402289422480386877e-03,2.375943030173398824e+02,1.969136919389313789e-02,nan,1.068160240646244100e-05,3.493690072788903933e+01,1.000000000000000000e+00,1.000000000000000000e+00,-1.000000000000000000e+00,0.000000000000000000e+00
1.240000000000000000e+02,9.765004378696929166e+01,3.135955112807354794e+01,-1.283801868391516244e-03,4.065795353558166880e+01,3.257943335577192512e-01,nan,9.195978878938660268e-06,5.546069892072605256e+00,1.000000000000000000e+00,1.000000000000000000e+00,-1.000000000000000000e+00,0.000000000000000000e+00
1.260000000000000000e+02,1.105135502205776419e+02,3.479178849105962712e+01,-3.246243480056187729e-03,1.038232511121149173e+02,8.670903649460903750e-02,nan,1.007191209953623287e-05,8.288870583628234812e+00,1.000000000000000000e+00,1.000000000000000000e+00,-1.000000000000000000e+00,0.000000000000000000e+00
1.270000000000000000e+02,6.262852726852830898e+00,3.754267157525902832e+01,-1.611333458643229464e-03,5.120024444553397558e+01,2.407224374677491285e-01,nan,9.160697429902658564e-06,1.582091528988878970e+01,1.000000000000000000e+00,1.000000000000000000e+00,-1.000000000000000000e+00,0.000000000000000000e+00
1.280000000000000000e+02,5.548006094545461764e+01,2.328779210664581001e+01,-1.284323384135097621e-03,4.067473961315888431e+01,2.821956466477434367e-01,nan,7.208460926076125842e-06,1.007869732063651647e+01,1.000000000000000000e+00,1.000000000000000000e+00,-1.000000000000000000e+00,0.000000000000000000e+00
1.290000000000000000e+02,1.335066201743240981e+02,2.366739081644832154e+01,-6.902042514695809136e-03,2.214928075108571477e+02,2.346351279551631697e-01,nan,1.610890101837626623e-04,4.833776769581485055e+00,1.000000000000000000e+00,1.000000000000000000e+00,-1.000000000000000000e+00,0.000000000000000000e+00
1.290000000000000000e+02,9.412898174717290090e+01,3.564452643251336639e+01,-7.636208801325206075e-03,2.451234886429530775e+02,1.600928559321845857e-02,nan,9.249268547109008106e-06,5.546069892072605256e+00,1.000000000000000000e+00,1.000000000000000000e+00,-1.000000000000000000e+00,0.000000000000000000e+00
1.300000000000000000e+02,4.402297228421792852e+01,2.579293287167545401e+01,-8.140669083929722230e-03,2.613606004514551842e+02,2.287241595940414651e-02,nan,1.472559736711537729e-05,1.172777092392461462e+01,1.000000000000000000e+00,1.000000000000000000e+00,-1.000000000000000000e+00,0.000000000000000000e+00
1.310000000000000000e+02,1.346974654886935241e+02,2.835218379964299018e+01,-7.493478227349819991e-03,2.405294058815418907e+02,2.187523686409693635e-01,nan,1.609189991786815724e-04,4.833776769581485055e+00,1.000000000000000000e+00,1.000000000000000000e+00,-1.000000000000000000e+00,0.000000000000000000e+00
1.320000000000000000e+02,2.009483158928044233e+01,2.986297618031056444e+01,-1.317005745971488138e-03,4.172668994820522670e+01,3.205986142377107440e-01,nan,9.589416787356783037e-06,1.582091528988878970e+01,1.000000000000000000e+00,1.000000000000000000e+00,-1.000000000000000000e+00,0.000000000000000000e+00
1.330000000000000000e+02,5.746595030124467485e+01,4.728658147379060495e+01,-8.041155190280009982e-03,2.581575371511149797e+02,4.001930544923248956e-02,nan,2.963007844703566742e-05,5.018178817426256266e+00,1.000000000000000000e+00,1.000000000000000000e+00,-1.000000000000000000e+00,0.000000000000000000e+00
1.340000000000000000e+02,7.963914114620041573e+01,4.927894506951269449e+01,-8.160962240904236567e-03,2.620137782537619273e+02,1.700384623940642825e-02,nan,1.075991650300842071e-05,1.472779484934509320e+01,1.000000000000000000e+00,1.000000000000000000e+00,-1.000000000000000000e+00,0.000000000000000000e+00
1.340000000000000000e+02,9.770731714937467416e+01,2.847438766182828118e+01,-1.226468847074076553e-03,3.881257004444898229e+01,3.322130030980950943e-01,nan,8.876849112079777517e-06,8.013449584388233404e+00,1.000000000000000000e+00,1.000000000000000000e+00,-1.000000000000000000e+00,0.000000000000000000e+00
1.360000000000000000e+02,6.529728322474667834e+01,4.257385616528397776e+01,-6.611493438905773241e-03,2.121408763635674006e+02,3.148387883575097801e-01,nan,2.230122302388381117e-04,4.121833790625001548e+00,1.000000000000000000e+00,1.000000000000000000e+00,-1.000000000000000000e+00,0.000000000000000000e+00
1.370000000000000000e+02,6.595008335433226421e+01,1.674720226398016720e+01,-2.035100292711362890e-02,6.543757944471049086e+02,5.478583863749664218e-03,nan,2.520622711010586349e-05,2.583490274312869062e+01,1.000000000000000000e+00,1.000000000000000000e+00,-1.000000000000000000e+00,0.000000000000000000e+00
1.380000000000000000e+02,3.205216517987097546e+01,3.439672437143858019e+01,-7.678509001312409411e-03,2.464850092629077665e+02,2.577890375407050350e-01,nan,2.180901459867880005e-04,5.355336403013261304e+00,1.000000000000000000e+00,1.000000000000000000e+00,-1.000000000000000000e+00,0.000000000000000000e+00
1.380000000000000000e+02,3.157024034585791838e+01,2.906311617024864802e+01,-7.220340596767612328e-03,2.317378986017714624e+02,2.476811596548417205e-01,nan,1.844207521971467456e-04,5.355336403013261304e+00,1.000000000000000000e+00,1.000000000000000000e+00,-1.000000000000000000e+00,0.000000000000000000e+00
1.430000000000000000e+02,1.934510076254734656e+01,5.154279168655970267e+01,-8.289097397388291155e-03,2.661380769035777689e+02,1.593230822266644697e-02,nan,1.112239771962674287e-05,2.134144115285275589e+01,1.000000000000000000e+00,1.000000000000000000e+00,-1.000000000000000000e+00,0.000000000000000000e+00
1.450000000000000000e+02,5.955815633553146426e+01,3.123957631601424367e+01,-1.508951371394254455e-02,4.850237332850120993e+02,5.407041675052792762e-03,nan,1.299965632119066000e-05,2.900013974976204523e+01,1.000000000000000000e+00,1.000000000000000000e+00,-1.000000000000000000e+00,0.000000000000000000e+00
1.450000000000000000e+02,1.178445920041727675e+02,2.637052485272229418e+01,-9.792594285637314967e-04,3.085561662931935700e+01,2.981216433687027267e-01,nan,4.651995611641205589e-06,2.369761744603903253e+01,1.000000000000000000e+00,1.000000000000000000e+00,-1.000000000000000000e+00,0.000000000000000000e+00
1.470000000000000000e+02,9.758749297567307224e+01,1.407308562464028334e+01,-8.403964456444640643e-03,2.698353140208038212e+02,1.644195696197991996e-02,nan,1.165178018051732842e-05,1.546115745428978094e+01,1.000000000000000000e+00,1.000000000000000000e+00,-1.000000000000000000e+00,0.000000000000000000e+00
1.470000000000000000e+02,8.855338210429459878e+01,3.070573352625023844e+01,-7.364053260922538528e-03,2.363635919945863577e+02,1.470058940914042989e-02,nan,7.793150759136604371e-06,7.144533080271119552e+00,1.000000000000000000e+00,1.000000000000000000e+00,-1.000000000000000000e+00,0.000000000000000000e+00
1.500000000000000000e+02,2.178607273187360960e+01,2.025556153987531260e+01,-8.633269985814765596e-03,2.772159932280297312e+02,2.056297839466880717e-02,nan,1.590201215420192186e-05,3.933673703250126863e+01,1.000000000000000000e+00,1.000000000000000000e+00,-1.000000000000000000e+00,0.000000000000000000e+00
1.560000000000000000e+02,8.874330799327071873e+01,4.471499008544872567e+01,-7.460253446022285101e-03,2.394599966379778095e+02,6.852280061100268771e-02,nan,3.902119250751026288e-05,5.687050341997209379e+00,1.000000000000000000e+00,1.000000000000000000e+00,-1.000000000000000000e+00,0.000000000000000000e+00
1.560000000000000000e+02,3.125193222047020569e+01,4.690588352339235456e+01,-8.363771062645063495e-03,2.685416053749667071e+02,1.933501093852107999e-02,nan,1.301242612660228133e-05,1.917256743843378786e+01,1.000000000000000000e+00,1.000000000000000000e+00,-1.000000000000000000e+00,0.000000000000000000e+00
1.560000000000000000e+02,8.301997473014500883e+01,8.015444732792657234e+00,-1.591500488809620634e-03,5.056187873115042919e+01,2.527351967964445167e-01,nan,9.387846329604552782e-06,1.633068178499711465e+01,1.000000000000000000e+00,1.000000000000000000e+00,-1.000000000000000000e+00,0.000000000000000000e+00
1.560000000000000000e+02,2.037282732700905896e+01,3.111878692843983885e+01,-9.487038557531163319e-04,2.987212145793092688e+01,3.698859860917994569e-01,nan,6.348029090124146550e-06,1.917256743843378786e+01,1.000000000000000000e+00,1.000000000000000000e+00,-1.000000000000000000e+00,0.000000000000000000e+00
1.570000000000000000e+02,6.596789556770437457e+01,3.011416501352806918e+01,-7.162101823652113237e-03,2.298633615900882319e+02,3.175573256464381267e-02,nan,1.622470389938731738e-05,1.383543941327102189e+01,1.000000000000000000e+00,1.000000000000000000e+00,-1.000000000000000000e+00,0.000000000000000000e+00
1.580000000000000000e+02,1.216718769442664154e+02,1.701284840993947256e+01,-1.521668272255446161e-03,4.831418243646594135e+01,2.892600882506313198e-01,nan,1.026789234993208572e-05,1.732337218002535550e+01,1.000000000000000000e+00,1.000000000000000000e+00,-1.000000000000000000e+00,0.000000000000000000e+00
1.590000000000000000e+02,8.361353566542548776e+01,4.717018406085757221e+01,-7.340282167549253174e-03,2.355984695177094750e+02,9.180309789031404488e-02,nan,5.256740786662473803e-05,5.687050341997209379e+00,1.000000000000000000e+00,1.000000000000000000e+00,-1.000000000000000000e+00,0.000000000000000000e+00
1.600000000000000000e+02,1.397776698534686375e+02,3.058977689829373858e+01,-1.388601670057497493e-03,4.403115486745624452e+01,3.274230326031192240e-01,nan,1.103212454696020894e-05,1.677355847812660627e+01,1.000000000000000000e+00,1.000000000000000000e+00,-1.000000000000000000e+00,0.000000000000000000e+00
1.610000000000000000e+02,1.062344865894167896e+02,9.152428400825948884e+00,-7.250310855732436562e-03,2.327025542199088193e+02,1.969119901878768619e-02,nan,1.070765614838266974e-05,1.732337218002535550e+01,1.000000000000000000e+00,1.000000000000000000e+00,-1.000000000000000000e+00,0.000000000000000000e+00
1.610000000000000000e+02,6.428896377783659943e+01,1.638097267513622057e+01,-7.434588636249632627e-03,2.386339209285662264e+02,2.774020488104889104e-02,nan,1.639536143703534875e-05,1.383543941327102189e+01,1.000000000000000000e+00,1.000000000000000000e+00,-1.000000000000000000e+00,0.000000000000000000e+00
1.610000000000000000e+02,4.044350315966093490e+01,1.835200018870432359e+01,-7.864903879187449751e-03,2.524845191885718805e+02,2.106503204735299395e-02,nan,1.282803969555897858e-05,2.353540322438779242e+01,1.000000000000000000e+00,1.000000000000000000e+00,-1.000000000000000000e+00,0.000000000000000000e+00
1.620000000000000000e+02,1.217707940277477690e+02,4.998453699922174565e+01,-7.866480957090469725e-03,2.525352807472615950e+02,1.655119227530432724e-02,nan,9.833378739828970615e-06,1.028571898733771484e+01,1.000000000000000000e+00,1.000000000000000000e+00,-1.000000000000000000e+00,0.000000000000000000e+00
1.620000000000000000e+02,2.277308301620813324e+01,5.207352090944400658e+01,-1.869752963949505202e-03,5.951801800640188844e+01,1.830865384188680167e-01,nan,9.173888359590161071e-06,1.384945097027445193e+01,1.000000000000000000e+00,1.000000000000000000e+00,-1.000000000000000000e+00,0.000000000000000000e+00
1.620000000000000000e+02,9.738911877512043702e+01,3.486598262607485310e+01,-1.266039799361833723e-03,4.008624410526485349e+01,3.437980330125273154e-01,nan,1.058026067689904101e-05,1.706232901066008978e+01,1.000000000000000000e+00,1.000000000000000000e+00,-1.000000000000000000e+00,0.000000000000000000e+00
1.620000000000000000e+02,1.758761220958578519e+01,3.923147338221131264e+01,-1.361341177540100313e-03,4.315371876351855462e+01,3.546837421472663898e-01,nan,1.198368279124280969e-05,1.172303620037364347e+01,1.000000000000000000e+00,1.000000000000000000e+00,-1.000000000000000000e+00,0.000000000000000000e+00
1.640000000000000000e+02,2.930976253455915526e+01,3.908735706114521236e+01,-8.001042587175205903e-03,2.568664289231687690e+02,1.590355147748889753e-02,nan,1.050242349262984661e-05,1.172303620037364347e+01,1.000000000000000000e+00,1.000000000000000000e+00,-1.000000000000000000e+00,0.000000000000000000e+00
1.650000000000000000e+02,9.567355989210533096e+01,5.184184575543946494e+01,-6.727450579280535269e-03,2.158732000334077554e+02,2.065945493882559436e-02,nan,8.957908614761274610e-06,1.706232901066008978e+01,1.000000000000000000e+00,1.000000000000000000e+00,-1.000000000000000000e+00,0.000000000000000000e+00
1.650000000000000000e+02,1.242789096553411667e+02,2.417567553176758466e+01,-1.347228440933006914e-03,4.269947074813423171e+01,2.955467214319886793e-01,nan,8.836935973643092812e-06,1.677355847812660627e+01,1.000000000000000000e+00,1.000000000000000000e+00,-1.000000000000000000e+00,0.000000000000000000e+00
1.670000000000000000e+02,1.148506588501167727e+02,4.237482319318451829e+01,-1.526414633183917867e-03,4.846695401380638657e+01,3.006409676870245296e-01,nan,1.121452731624231192e-05,5.828617365386524085e+00,1.000000000000000000e+00,1.000000000000000000e+00,-1.000000000000000000e+00,0.000000000000000000e+00
1.680000000000000000e+02,2.075314345983965580e+01,5.097416482064523535e+01,-9.137958252876249299e-03,2.934604431942541396e+02,1.587064302009455474e-02,nan,1.324590180226208816e-05,1.464622574935821220e+01,1.000000000000000000e+00,1.000000000000000000e+00,-1.000000000000000000e+00,0.000000000000000000e+00
1.700000000000000000e+02,6.091576356189815300e+01,3.492136752470517536e+01,-1.485989408205869557e-03,4.716578339545066711e+01,3.119905357374742616e-01,nan,1.147800666263083443e-05,1.458736259697224114e+01,1.000000000000000000e+00,1.000000000000000000e+00,-1.000000000000000000e+00,0.000000000000000000e+00
1.700000000000000000e+02,1.181759686993395775e+02,4.716179455290113509e+01,-1.574508205177179354e-03,5.001494645771705905e+01,3.747734285049060254e-01,nan,1.779603019508368421e-05,5.828617365386524085e+00,1.000000000000000000e+00,1.000000000000000000e+00,-1.000000000000000000e+00,0.000000000000000000e+00
1.720000000000000000e+02,1.271673212740890193e+02,4.936638313219390284e+01,-1.608308495606075236e-02,5.170039067581203653e+02,6.083775779461175759e-03,nan,1.749164173547502777e-05,9.257679618965084956e+00,1.000000000000000000e+00,1.000000000000000000e+00,-1.000000000000000000e+00,0.000000000000000000e+00
1.740000000000000000e+02,4.976464966533114875e+01,2.551691079391338590e+01,-1.284047554617339434e-03,4.066586146184675243e+01,3.034791039536999246e-01,nan,7.784264417635094444e-06,1.458736259697224114e+01,1.000000000000000000e+00,1.000000000000000000e+00,-1.000000000000000000e+00,0.000000000000000000e+00
1.750000000000000000e+02,6.663918199499744333e+01,1.802609430037645311e+01,-1.192487107991823704e-03,3.771879652856952703e+01,3.326697613591188540e-01,nan,8.128947580988043199e-06,1.773513541174259700e+01,1.000000000000000000e+00,1.000000000000000000e+00,-1.000000000000000000e+00,0.000000000000000000e+00
1.770000000000000000e+02,5.134952529066433868e+01,9.039358188946010841e+00,-7.002636415745115001e-03,2.247306331136142319e+02,3.258482371104187703e-02,nan,1.587568911277744728e-05,1.655359690814182017e+01,1.000000000000000000e+00,1.000000000000000000e+00,-1.000000000000000000e+00,0.000000000000000000e+00
1.770000000000000000e+02,1.225350442758570466e+02,3.832249727801060146e+01,-1.095286953698988057e-03,3.459020578023952908e+01,3.749160582744954784e-01,nan,8.722979927456779340e-06,1.197603460869160408e+01,1.000000000000000000e+00,1.000000000000000000e+00,-1.000000000000000000e+00,0.000000000000000000e+00
1.780000000000000000e+02,4.072553559391078437e+01,4.818719499564667785e+01,-1.831320253292711454e-03,5.828098063882899282e+01,2.050165962897273486e-01,nan,9.358950497668639326e-06,2.440588799825787447e+01,1.000000000000000000e+00,1.000000000000000000e+00,-1.000000000000000000e+00,0.000000000000000000e+00
1.820000000000000000e+02,1.376109125968540354e+02,2.354160823234079203e+01,-8.806953072135413271e-03,2.828063474919450755e+02,1.723779375860434726e-02,nan,1.322448754721681927e-05,1.548540164124473684e+01,1.000000000000000000e+00,1.000000000000000000e+00,-1.000000000000000000e+00,0.000000000000000000e+00
1.830000000000000000e+02,1.111837290497372237e+02,1.967725897512086064e+01,-1.551301847767515632e-03,4.926800119181160653e+01,3.002091113558229551e-01,nan,1.209574616284162086e-05,1.533784652837437257e+01,1.000000000000000000e+00,1.000000000000000000e+00,-1.000000000000000000e+00,0.000000000000000000e+00
1.830000000000000000e+02,1.254261707733853370e+02,1.398494926144108241e+01,-1.225130553488249213e-03,3.876949425962507689e+01,3.602969805410229931e-01,nan,1.133162706945863181e-05,1.533784652837437257e+01,1.000000000000000000e+00,1.000000000000000000e+00,-1.000000000000000000e+00,0.000000000000000000e+00
1.840000000000000000e+02,6.691639542714879951e+01,4.338589546126931396e+01,-1.590347522972524949e-02,5.112227911599864001e+02,5.912062895575442845e-03,nan,1.663369208432238853e-05,7.570881570656648130e+00,1.000000000000000000e+00,1.000000000000000000e+00,-1.000000000000000000e+00,0.000000000000000000e+00
1.840000000000000000e+02,2.076369756301184921e+01,3.941860539479804260e+01,-7.726347770560449378e-03,2.480248003462635040e+02,2.553527117909748512e-02,nan,1.512842238462387085e-05,6.867475172068944644e+00,1.000000000000000000e+00,1.000000000000000000e+00,-1.000000000000000000e+00,0.000000000000000000e+00
1.860000000000000000e+02,6.630426939124510000e+01,3.583980047955345327e+01,-6.706140634251298374e-03,2.151872947758396037e+02,1.013145423467903816e-01,nan,5.398838582904948771e-05,7.570881570656648130e+00,1.000000000000000000e+00,1.000000000000000000e+00,-1.000000000000000000e+00,0.000000000000000000e+00
1.870000000000000000e+02,1.705419053022384190e+01,4.549866753849134682e+01,-5.369075616213409355e-03,1.721510539819568919e+02,1.411232286439478845e-01,nan,1.801659341308693029e-05,7.122330945517492573e+00,1.000000000000000000e+00,1.000000000000000000e+00,-1.000000000000000000e+00,0.000000000000000000e+00
1.890000000000000000e+02,7.844868034992239814e+01,2.691785752831580680e+01,-8.497244237495114871e-03,2.728377193371734393e+02,1.297498458400969668e-02,nan,9.869244520858496712e-06,1.506943209143530993e+01,1.000000000000000000e+00,1.000000000000000000e+00,-1.000000000000000000e+00,0.000000000000000000e+00
1.900000000000000000e+02,1.233187306469393718e+02,4.540445463345517574e+00,-1.216204951482959071e-03,3.848220504634977601e+01,3.511255642212925965e-01,nan,9.398223943867450042e-06,1.073432319309079297e+01,1.000000000000000000e+00,1.000000000000000000e+00,-1.000000000000000000e+00,0.000000000000000000e+00
1.920000000000000000e+02,3.804191277779889191e+01,6.243448465447166029e+00,-6.682463493899581421e-03,2.144251963739366147e+02,2.523830136452542838e-02,nan,1.093076516982671240e-05,2.110902754636373047e+01,1.000000000000000000e+00,1.000000000000000000e+00,-1.000000000000000000e+00,0.000000000000000000e+00
1.930000000000000000e+02,1.254430552673057662e+02,1.506246709994331034e+01,-7.616230315863285923e-03,2.444804392029953704e+02,2.008130161427079674e-02,nan,1.121321682861535431e-05,1.073432319309079297e+01,1.000000000000000000e+00,1.000000000000000000e+00,-1.000000000000000000e+00,0.000000000000000000e+00
1.940000000000000000e+02,1.359234246413190021e+02,3.537404173655014716e+01,-1.477392726799117532e-03,4.688908118122910196e+01,2.620899010006966234e-01,nan,8.610850927166566041e-06,1.960494248329129974e+01,1.000000000000000000e+00,1.000000000000000000e+00,-1.000000000000000000e+00,0.000000000000000000e+00
1.940000000000000000e+02,3.750020759853369867e+01,5.174866235911522949e+01,-9.953509149715389533e-04,3.137355485553527146e+01,3.672270870796189302e-01,nan,5.279394090350059409e-06,2.440792738346704738e+01,1.000000000000000000e+00,1.000000000000000000e+00,-1.000000000000000000e+00,0.000000000000000000e+00
1.950000000000000000e+02,1.204846238001741057e+02,4.745697177692626667e+01,-7.480656807548583150e-03,2.401167216048301896e+02,1.486516857454867058e-02,nan,7.823318326950420842e-06,1.960494248329129974e+01,1.000000000000000000e+00,1.000000000000000000e+00,-1.000000000000000000e+00,0.000000000000000000e+00
1.950000000000000000e+02,9.297127883126690051e+01,4.846669334292053577e+01,-6.518029746481896966e-03,2.091325514740702545e+02,2.599859960510042534e-02,nan,1.100326865092779559e-05,2.160297596315919222e+01,1.000000000000000000e+00,1.000000000000000000e+00,-1.000000000000000000e+00,0.000000000000000000e+00
1.960000000000000000e+02,9.551860075100988468e+01,9.357181824308211660e+00,-7.675107836832850867e-03,2.463755356535116334e+02,3.450458655291510635e-02,nan,2.126100546475440708e-05,1.412663301818341388e+01,1.000000000000000000e+00,1.000000000000000000e+00,-1.000000000000000000e+00,0.000000000000000000e+00
1.970000000000000000e+02,8.187105028114092420e+01,1.300493820361992903e+01,-7.191976251017070075e-03,2.308249326672706729e+02,1.930628957423430325e-02,nan,9.546267077180476762e-06,1.410316207975683866e+01,1.000000000000000000e+00,1.000000000000000000e+00,-1.000000000000000000e+00,0.000000000000000000e+00
1.990000000000000000e+02,7.653084862750799289e+01,2.859070605401375786e+01,-8.619247555485706064e-03,2.767646519095331996e+02,1.614331879970454242e-02,nan,1.240157757724969288e-05,1.647525153640555828e+01,1.000000000000000000e+00,1.000000000000000000e+00,-1.000000000000000000e+00,0.000000000000000000e+00
1.990000000000000000e+02,1.173002966671473359e+02,2.278215417554422473e+01,-1.232108497895622505e-03,3.899409402980134587e+01,3.452144971143162877e-01,nan,9.392177777954245938e-06,2.144767896213099689e+01,1.000000000000000000e+00,1.000000000000000000e+00,-1.000000000000000000e+00,0.000000000000000000e+00
2.010000000000000000e+02,4.747994330885483549e+01,3.700304720750465037e+01,-7.553875960292182404e-03,2.424734335415628834e+02,1.442492609503880363e-01,nan,9.318387335712685811e-05,6.516682507592477691e+00,1.000000000000000000e+00,1.000000000000000000e+00,-1.000000000000000000e+00,0.000000000000000000e+00
2.030000000000000000e+02,1.312038614254128106e+02,3.911291716676281993e+01,-8.721065185912197162e-03,2.800418658078724548e+02,1.143048556217696188e-02,nan,8.595904389758832125e-06,2.144767896213099689e+01,1.000000000000000000e+00,1.000000000000000000e+00,-1.000000000000000000e+00,0.000000000000000000e+00
2.030000000000000000e+02,4.361229568163409454e+01,4.224789732322917502e+01,-7.535556864768341682e-03,2.418837950457123895e+02,1.317217917201342070e-01,nan,8.724386108161858366e-05,6.516682507592477691e+00,1.000000000000000000e+00,1.000000000000000000e+00,-1.000000000000000000e+00,0.000000000000000000e+00
2.030000000000000000e+02,3.519356478014177725e+01,5.074357624619040052e+01,-1.181864542486794336e-03,3.737688698733113313e+01,3.067517656930439651e-01,nan,7.130212361557963672e-06,1.196041764963871401e+01,1.000000000000000000e+00,1.000000000000000000e+00,-1.000000000000000000e+00,0.000000000000000000e+00
2.060000000000000000e+02,1.105695730785380988e+02,3.082068480753198259e+01,-6.811144728357547765e-03,2.185670716882081308e+02,2.220151290802552246e-02,nan,1.126190311694662665e-05,1.979203547601969149e+01,1.000000000000000000e+00,1.000000000000000000e+00,-1.000000000000000000e+00,0.000000000000000000e+00
2.090000000000000000e+02,8.702420797068776892e+01,5.433069500486578995e+00,-6.503316545494674909e-03,2.086589762537237505e+02,3.704359119513134235e-02,nan,1.572531267092571684e-05,3.237417316714060433e+01,1.000000000000000000e+00,1.000000000000000000e+00,-1.000000000000000000e+00,0.000000000000000000e+00
2.090000000000000000e+02,6.074301885410778112e+01,2.433772995431552744e+01,-1.443457549607173995e-03,4.579680635740735539e+01,2.446293323593786706e-01,nan,7.260354342508271173e-06,3.237417316714060433e+01,1.000000000000000000e+00,1.000000000000000000e+00,-1.000000000000000000e+00,0.000000000000000000e+00
2.120000000000000000e+02,1.152671998246056972e+02,5.099100328271896387e+01,-2.224552427233422031e-02,7.153549358516955863e+02,3.832713194433901016e-03,nan,1.948002466312450542e-05,3.417051056484789484e+01,1.000000000000000000e+00,1.000000000000000000e+00,-1.000000000000000000e+00,0.000000000000000000e+00
2.120000000000000000e+02,2.909923729716541985e+01,1.004979366492231563e+01,-1.648530716848798858e-02,5.299502719334421954e+02,4.040097616109905587e-03,nan,1.267716916786356449e-05,3.471993713463843534e+01,1.000000000000000000e+00,1.000000000000000000e+00,-1.000000000000000000e+00,0.000000000000000000e+00
2.170000000000000000e+02,4.870141233857815166e+01,4.042152439302605416e+01,-1.356746613531836700e-03,4.300583308830082530e+01,2.962524498048457744e-01,nan,8.981658696086676041e-06,1.281418432868648694e+01,1.000000000000000000e+00,1.000000000000000000e+00,-1.000000000000000000e+00,0.000000000000000000e+00
2.180000000000000000e+02,5.691359736769170752e+01,3.058468866921946372e+01,-7.121453417442377351e-03,2.285550074158859388e+02,1.396693774586210690e-02,nan,7.329053790409690497e-06,1.281418432868648694e+01,1.000000000000000000e+00,1.000000000000000000e+00,-1.000000000000000000e+00,0.000000000000000000e+00
2.190000000000000000e+02,4.141073047638487026e+01,2.333023521332627936e+01,-8.233677073680270228e-03,2.643542575950198170e+02,1.287471718267896303e-02,nan,8.664960454704970230e-06,1.711624891129181592e+01,1.000000000000000000e+00,1.000000000000000000e+00,-1.000000000000000000e+00,0.000000000000000000e+00
2.200000000000000000e+02,1.170036684392905784e+02,3.364882611760662456e+01,-7.808731925926025268e-03,2.506765071070286126e+02,1.864005946406976921e-02,nan,1.093481247788652602e-05,1.708732988950294995e+01,1.000000000000000000e+00,1.000000000000000000e+00,-1.000000000000000000e+00,0.000000000000000000e+00
2.200000000000000000e+02,9.060121012503307725e+01,1.776236250393776217e+01,-1.409332275845125507e-03,4.469841287693483878e+01,3.146713467697074273e-01,nan,1.038297435877541705e-05,1.365090557895331358e+01,1.000000000000000000e+00,1.000000000000000000e+00,-1.000000000000000000e+00,0.000000000000000000e+00
2.210000000000000000e+02,1.310971415589646369e+02,4.331065090269384399e+01,-1.646148898916982226e-02,5.291836338967125357e+02,5.431378163486821897e-03,nan,1.516258874250242048e-05,1.708732988950294995e+01,1.000000000000000000e+00,1.000000000000000000e+00,-1.000000000000000000e+00,0.000000000000000000e+00
2.220000000000000000e+02,1.302790229685930399e+02,8.421256924745490480e+00,-1.386628394039540356e-03,4.396764084179860532e+01,3.205731887000788927e-01,nan,1.057283578280878031e-05,2.522632209109369228e+01,1.000000000000000000e+00,1.000000000000000000e+00,-1.000000000000000000e+00,0.000000000000000000e+00
2.240000000000000000e+02,2.126509736430875819e+01,4.815817378673141036e+01,-1.199563729986094203e-03,3.794657244375997607e+01,3.170914851240358434e-01,nan,7.798632274342678339e-06,3.197300529026253102e+01,1.000000000000000000e+00,1.000000000000000000e+00,-1.000000000000000000e+00,0.000000000000000000e+00
2.250000000000000000e+02,1.053346208410141287e+02,4.660388841278791716e+00,-7.357732078479030206e-03,2.361601314851340305e+02,1.609972872555376355e-02,nan,8.647361496596121119e-06,1.971636642951217411e+01,1.000000000000000000e+00,1.000000000000000000e+00,-1.000000000000000000e+00,0.000000000000000000e+00
2.250000000000000000e+02,9.671593045577400005e+01,2.996717378483523930e+01,-1.425572054144390744e-03,4.522112418857476968e+01,3.320303742418327930e-01,nan,1.162299407555982201e-05,1.365090557895331358e+01,1.000000000000000000e+00,1.000000000000000000e+00,-1.000000000000000000e+00,0.000000000000000000e+00
2.270000000000000000e+02,8.919141389998900138e+01,4.362293729512628460e+01,-1.570372093191771748e-02,5.047932802954561566e+02,4.993221944519787847e-03,nan,1.402472126168376194e-05,1.291941807631830486e+01,1.000000000000000000e+00,1.000000000000000000e+00,-1.000000000000000000e+00,0.000000000000000000e+00
2.280000000000000000e+02,8.279186519108688458e+01,3.239987444432261299e+01,-1.213707113855161694e-03,3.840180690552364240e+01,3.467965468589734312e-01,nan,9.098481221143091570e-06,1.291941807631830486e+01,1.000000000000000000e+00,1.000000000000000000e+00,-1.000000000000000000e+00,0.000000000000000000e+00
2.320000000000000000e+02,1.129877971977242481e+02,5.263045907011650826e+01,-8.336220465820330314e-03,2.676548316556868485e+02,1.734416480585077025e-02,nan,1.165189357054699054e-05,2.544412125776121414e+01,1.000000000000000000e+00,1.000000000000000000e+00,-1.000000000000000000e+00,0.000000000000000000e+00
2.340000000000000000e+02,1.391482415824116572e+02,1.741417513183531440e+01,-1.169376136331611981e-03,3.697492145298866006e+01,3.528893755586968162e-01,nan,9.001330602964960635e-06,4.384599269914355091e+01,1.000000000000000000e+00,1.000000000000000000e+00,-1.000000000000000000e+00,0.000000000000000000e+00
2.360000000000000000e+02,1.372632865203750008e+01,1.229013399839666576e+01,-1.935144462396223928e-03,6.162278047872770514e+01,2.258316225228326202e-01,nan,1.144373537570284370e-05,6.539073848854191517e+00,1.000000000000000000e+00,1.000000000000000000e+00,-1.000000000000000000e+00,0.000000000000000000e+00
2.360000000000000000e+02,7.449504227281424562e+01,3.905478371389083492e+01,-1.264526985928998357e-03,4.003755103328001752e+01,2.990166990818323711e-01,nan,7.617085598559499086e-06,1.882536285668550846e+01,1.000000000000000000e+00,1.000000000000000000e+00,-1.000000000000000000e+00,0.000000000000000000e+00
2.380000000000000000e+02,4.785330946733452606e+01,3.714840895776198693e+01,-1.511307142886443057e-02,4.857819877290777413e+02,7.656854018969316833e-03,nan,1.832242610660103822e-05,1.036988253912031510e+01,1.000000000000000000e+00,1.000000000000000000e+00,-1.000000000000000000e+00,0.000000000000000000e+00
2.390000000000000000e+02,1.061653034108814211e+02,4.630356531830971534e+01,-8.927110388769778776e-03,2.866738626404692809e+02,1.225030403709870264e-02,nan,1.030442950411919390e-05,2.828231625644842850e+01,1.000000000000000000e+00,1.000000000000000000e+00,-1.000000000000000000e+00,0.000000000000000000e+00
2.400000000000000000e+02,4.574172616562974802e+00,4.896209583199077287e+01,-8.570331928908655333e-03,2.751901999153864722e+02,2.960947301589200720e-02,nan,2.117375590381070143e-05,2.392160225016843711e+01,1.000000000000000000e+00,1.000000000000000000e+00,-1.000000000000000000e+00,0.000000000000000000e+00
2.400000000000000000e+02,8.036000497337757054e+01,2.116633774430266257e+01,-1.065845942797323878e-03,3.364258512059600292e+01,3.606006094425845410e-01,nan,7.905748547547529289e-06,4.542540449088547483e+00,1.000000000000000000e+00,1.000000000000000000e+00,-1.000000000000000000e+00,0.000000000000000000e+00
2.410000000000000000e+02,5.794879208545747673e+01,6.406506275053811095e+00,-8.480807822676489360e-03,2.723086788669048133e+02,1.379960301853788707e-02,nan,1.011949395274014282e-05,1.997140542986271328e+01,1.000000000000000000e+00,1.000000000000000000e+00,-1.000000000000000000e+00,0.000000000000000000e+00
2.430000000000000000e+02,6.147799139773538002e+01,4.799048402624777765e+01,-7.874559071489902265e-03,2.527952917951646157e+02,1.959622951691175619e-02,nan,1.225774528099320659e-05,1.125663557551938254e+01,1.000000000000000000e+00,1.000000000000000000e+00,-1.000000000000000000e+00,0.000000000000000000e+00
2.440000000000000000e+02,4.624634661494682319e+01,2.259013395409025549e+01,-1.635707120143564328e-02,5.258227284841341316e+02,6.855358099088215695e-03,nan,1.801178714806231837e-05,1.997140542986271328e+01,1.000000000000000000e+00,1.000000000000000000e+00,-1.000000000000000000e+00,0.000000000000000000e+00
2.440000000000000000e+02,1.173584951416495556e+02,2.033046631745825650e+01,-8.217285219731619572e-03,2.638266514097742288e+02,6.707943601638233222e-02,nan,4.651514174367822764e-05,4.367531997971143554e+00,1.000000000000000000e+00,1.000000000000000000e+00,-1.000000000000000000e+00,0.000000000000000000e+00
2.450000000000000000e+02,2.821524111889360142e+01,3.501527267772083718e+01,-2.441649749245117934e-03,7.792571503623472040e+01,1.437751253635509707e-01,nan,1.065095780473656460e-05,2.189759890287665556e+01,1.000000000000000000e+00,1.000000000000000000e+00,-1.000000000000000000e+00,0.000000000000000000e+00
2.450000000000000000e+02,1.323805087900562683e+02,3.892809550552228615e+01,-7.659910826642505124e-03,2.458863880196452101e+02,2.715344292441013163e-02,nan,1.584817853015429805e-05,1.123977337802441667e+01,1.000000000000000000e+00,1.000000000000000000e+00,-1.000000000000000000e+00,0.000000000000000000e+00
2.460000000000000000e+02,8.442788877295342331e+01,1.484543346648493056e+01,-7.988196291909860358e-03,2.564529439774926800e+02,2.755350350262320003e-02,nan,1.759991922523416438e-05,9.395677155302145422e+00,1.000000000000000000e+00,1.000000000000000000e+00,-1.000000000000000000e+00,0.000000000000000000e+00
2.460000000000000000e+02,9.768018825397282967e+01,3.769415181742031251e+01,-1.403195369725100455e-03,4.450088368729346655e+01,2.486285805644273816e-01,nan,7.514940317515672245e-06,1.221900169435116901e+01,1.000000000000000000e+00,1.000000000000000000e+00,-1.000000000000000000e+00,0.000000000000000000e+00
2.460000000000000000e+02,1.214485166314713638e+02,4.278461142204341883e+01,-1.450802828296340755e-03,4.603322955156813379e+01,2.714319867862082791e-01,nan,8.636567833748705258e-06,1.159228914277687750e+01,1.000000000000000000e+00,1.000000000000000000e+00,-1.000000000000000000e+00,0.000000000000000000e+00
2.470000000000000000e+02,1.193783378577768275e+02,8.257214015109500593e+00,-1.527084693846054823e-02,4.908603232855044212e+02,5.082522618067075726e-03,nan,1.241466419312450785e-05,1.224104512507252807e+01,1.000000000000000000e+00,1.000000000000000000e+00,-1.000000000000000000e+00,0.000000000000000000e+00
2.470000000000000000e+02,7.203936308066495542e+01,5.188525907174936691e+01,-1.412771399887783122e-02,4.540661930198760956e+02,6.089160501536072800e-03,nan,1.227112754029737768e-05,1.125663557551938254e+01,1.000000000000000000e+00,1.000000000000000000e+00,-1.000000000000000000e+00,0.000000000000000000e+00
2.480000000000000000e+02,1.139379949795589795e+02,2.304625614629997798e+01,-6.917928586066069210e-03,2.220041340234321297e+02,1.272919446959036582e-01,nan,6.955985920228679477e-05,4.367531997971143554e+00,1.000000000000000000e+00,1.000000000000000000e+00,-1.000000000000000000e+00,0.000000000000000000e+00
2.490000000000000000e+02,8.705725725283200234e+01,3.165616048324651288e+01,-1.579316183140027502e-02,5.076721231602568309e+02,5.433622543484450951e-03,nan,1.496037080161684096e-05,1.221900169435116901e+01,1.000000000000000000e+00,1.000000000000000000e+00,-1.000000000000000000e+00,0.000000000000000000e+00
2.500000000000000000e+02,1.382878771609496766e+02,4.849028691334897445e+01,-8.496929609756113944e-03,2.728275923837692289e+02,1.799868119150271895e-02,nan,1.253402661014271271e-05,1.123977337802441667e+01,1.000000000000000000e+00,1.000000000000000000e+00,-1.000000000000000000e+00,0.000000000000000000e+00
2.500000000000000000e+02,4.678204876935973999e+01,1.125297945028659541e+01,-7.243692004913012197e-03,2.324895126297088552e+02,3.031109853403324284e-02,nan,1.599376707755002929e-05,1.379801492987184552e+01,1.000000000000000000e+00,1.000000000000000000e+00,-1.000000000000000000e+00,0.000000000000000000e+00
2.500000000000000000e+02,1.268251224410796993e+02,2.321395720267554452e+01,-6.564462759667374220e-03,2.106270953513516986e+02,7.457842001069570070e-02,nan,3.369860881863294703e-05,5.450437426948566255e+00,1.000000000000000000e+00,1.000000000000000000e+00,-1.000000000000000000e+00,0.000000000000000000e+00
2.510000000000000000e+02,1.862707845668350259e+01,3.960793364796574423e+01,-1.969144717031225556e-03,6.271714995649067248e+01,1.903110793031713710e-01,nan,9.482081306780791558e-06,7.010695733268877738e+00,1.000000000000000000e+00,1.000000000000000000e+00,-1.000000000000000000e+00,0.000000000000000000e+00
2.530000000000000000e+02,1.142511956635045891e+02,5.008474892832520453e+01,-8.439320408262165549e-03,2.709733194546373625e+02,1.479652199231795695e-02,nan,1.017746402741844658e-05,2.408950739485598547e+01,1.000000000000000000e+00,1.000000000000000000e+00,-1.000000000000000000e+00,0.000000000000000000e+00
2.540000000000000000e+02,6.046136565605677760e+01,1.305894332542131231e+01,-1.586414461540034543e-02,5.099568528803792447e+02,5.268175415198306233e-03,nan,1.353871081823888080e-05,1.379801492987184552e+01,1.000000000000000000e+00,1.000000000000000000e+00,-1.000000000000000000e+00,0.000000000000000000e+00
2.540000000000000000e+02,1.306916054396015454e+02,1.937239796621657462e+01,-8.280076898013983416e-03,2.658477332195260487e+02,3.204502655001673084e-02,nan,2.145429988697483280e-05,5.450437426948566255e+00,1.000000000000000000e+00,1.000000000000000000e+00,-1.000000000000000000e+00,0.000000000000000000e+00
2.550000000000000000e+02,1.320985538098561847e+02,3.049865307792818925e+01,-8.763607587600400275e-03,2.814111821973554015e+02,1.401589535785319196e-02,nan,1.089098952469105872e-05,8.993101378063006024e+00,1.000000000000000000e+00,1.000000000000000000e+00,-1.000000000000000000e+00,0.000000000000000000e+00
2.560000000000000000e+02,2.366771545357234174e+01,2.684044981377705952e+01,-8.369452952340353594e-03,2.687244889070253180e+02,9.089997984507658391e-02,nan,6.861633753514884669e-05,4.731291791767352706e+00,1.000000000000000000e+00,1.000000000000000000e+00,-1.000000000000000000e+00,0.000000000000000000e+00
2.590000000000000000e+02,9.745315428019920034e+01,4.277949558961372389e+01,-2.344034496120963110e-02,7.538127446928940572e+02,3.077412684586833258e-03,nan,1.833551441032307065e-05,1.123095793972619560e+01,1.000000000000000000e+00,1.000000000000000000e+00,-1.000000000000000000e+00,0.000000000000000000e+00
2.590000000000000000e+02,1.207869900773387144e+02,4.526249602037828623e+01,-1.489959568813608746e-03,4.729357133814606584e+01,3.675909673035226977e-01,nan,1.231631341667045167e-05,8.242870387972811130e+00,1.000000000000000000e+00,1.000000000000000000e+00,-1.000000000000000000e+00,0.000000000000000000e+00
2.600000000000000000e+02,2.207836293061406607e+01,2.238409698028067041e+01,-8.859600039429557303e-03,2.845009005099152546e+02,3.954373884957551599e-02,nan,3.141781796551372969e-05,4.731291791767352706e+00,1.000000000000000000e+00,1.000000000000000000e+00,-1.000000000000000000e+00,0.000000000000000000e+00
2.610000000000000000e+02,1.060502372349257172e+02,1.499751357202592494e+01,-6.551660145422189864e-03,2.102150163708878381e+02,2.297010250009112742e-02,nan,9.968504282843239519e-06,1.829585386428939131e+01,1.000000000000000000e+00,1.000000000000000000e+00,-1.000000000000000000e+00,0.000000000000000000e+00
2.610000000000000000e+02,1.394174447505148464e+02,3.630003374452839893e+01,-1.516100576872539581e-02,4.873248549529765228e+02,9.021554549086485686e-03,nan,2.371047342303181379e-05,1.651783402867224027e+01,1.000000000000000000e+00,1.000000000000000000e+00,-1.000000000000000000e+00,0.000000000000000000e+00
2.610000000000000000e+02,1.283433799545020122e+02,4.855580503369954926e+01,-7.524421685566552200e-03,2.415253859579370896e+02,2.252326069330790048e-02,nan,1.296418665200536487e-05,8.242870387972811130e+00,1.000000000000000000e+00,1.000000000000000000e+00,-1.000000000000000000e+00,0.000000000000000000e+00
2.620000000000000000e+02,6.809642025853510461e+01,3.013171404014053678e+01,-8.641723188932299085e-03,2.774880772927072030e+02,1.508619728034155116e-02,nan,1.228456427287125478e-05,3.196535954031996241e+01,1.000000000000000000e+00,1.000000000000000000e+00,-1.000000000000000000e+00,0.000000000000000000e+00
2.620000000000000000e+02,1.030578866229963779e+02,3.304700404790138890e+01,-1.459413707054035229e-03,4.631038873729485772e+01,3.124707534442957568e-01,nan,1.114942537930237401e-05,1.123095793972619560e+01,1.000000000000000000e+00,1.000000000000000000e+00,-1.000000000000000000e+00,0.000000000000000000e+00
2.660000000000000000e+02,1.190978618605311539e+02,2.805087605732760281e+01,-7.751181539128270022e-03,2.488241272522000997e+02,1.968669551101998039e-02,nan,1.188569592932364656e-05,1.396584295557513222e+01,1.000000000000000000e+00,1.000000000000000000e+00,-1.000000000000000000e+00,0.000000000000000000e+00
2.670000000000000000e+02,1.551979662876960120e+01,3.936681163777166148e+01,-7.727724324124437411e-03,2.480691076086974647e+02,2.114444908557044922e-02,nan,1.266618434085653613e-05,9.758499741867931121e+00,1.000000000000000000e+00,1.000000000000000000e+00,-1.000000000000000000e+00,0.000000000000000000e+00
2.670000000000000000e+02,1.310336904123605279e+02,4.299538622152252287e+01,-8.239802407537313855e-03,2.645514143071156354e+02,2.066922722033404103e-02,nan,1.347767763446526897e-05,1.912596108085527291e+01,1.000000000000000000e+00,1.000000000000000000e+00,-1.000000000000000000e+00,0.000000000000000000e+00
2.680000000000000000e+02,7.512980225552905011e+00,4.494527094991300942e+01,-8.603375855860198596e-03,2.762537879816937902e+02,2.309206406913733023e-02,nan,1.781572255580583848e-05,9.758499741867931121e+00,1.000000000000000000e+00,1.000000000000000000e+00,-1.000000000000000000e+00,0.000000000000000000e+00
2.680000000000000000e+02,3.790319502065050017e+01,1.372659081743330667e+01,-1.313086921721290422e-03,4.160055437380518129e+01,3.258326795131805120e-01,nan,9.586535013361464840e-06,2.419752937832403106e+01,1.000000000000000000e+00,1.000000000000000000e+00,-1.000000000000000000e+00,0.000000000000000000e+00
2.700000000000000000e+02,3.427395915341941901e+01,3.765040897078955595e+01,-1.469183102846662384e-03,4.662483722264916963e+01,3.440894681687908241e-01,nan,1.455422735398768863e-05,1.433422219182021884e+01,1.000000000000000000e+00,1.000000000000000000e+00,-1.000000000000000000e+00,0.000000000000000000e+00
2.730000000000000000e+02,1.761004151014869734e+01,3.410616822281081539e+01,-9.081897306121813895e-03,2.916560040898660304e+02,1.603026946477037473e-02,nan,1.277887889441258937e-05,1.338956493016556060e+01,1.000000000000000000e+00,1.000000000000000000e+00,-1.000000000000000000e+00,0.000000000000000000e+00
2.730000000000000000e+02,1.118711067717802621e+02,3.966174235482356636e+01,-1.601305505825511384e-03,5.087747376025621548e+01,2.656154356262193650e-01,nan,1.069825316795635077e-05,1.688386940150700966e+01,1.000000000000000000e+00,1.000000000000000000e+00,-1.000000000000000000e+00,0.000000000000000000e+00
2.750000000000000000e+02,7.599236042083335363e+00,2.521436171908660739e+01,-7.828126374724726430e-03,2.513007581025339618e+02,1.984544832199863773e-02,nan,1.248246987818064897e-05,1.338956493016556060e+01,1.000000000000000000e+00,1.000000000000000000e+00,-1.000000000000000000e+00,0.000000000000000000e+00
2.750000000000000000e+02,4.128025692281667602e+01,5.015567655733124752e+01,-6.677052505961030178e-03,2.142510323828705623e+02,2.061013686848289783e-02,nan,8.783346552209171112e-06,1.433422219182021884e+01,1.000000000000000000e+00,1.000000000000000000e+00,-1.000000000000000000e+00,0.000000000000000000e+00
2.760000000000000000e+02,6.981951980510034161e+01,2.114545033179294364e+01,-1.329370122154080762e-03,4.212466331784814599e+01,3.297120938072219953e-01,nan,1.003435414220413568e-05,1.934526060418662397e+01,1.000000000000000000e+00,1.000000000000000000e+00,-1.000000000000000000e+00,0.000000000000000000e+00
2.780000000000000000e+02,4.550029052492060089e+01,2.972025515017994834e+01,-1.200375877264709930e-03,3.797271310660813981e+01,3.717914589972223238e-01,nan,1.050316300449758075e-05,2.086660326192894743e+01,1.000000000000000000e+00,1.000000000000000000e+00,-1.000000000000000000e+00,0.000000000000000000e+00
2.790000000000000000e+02,3.057437433365213764e+01,1.363232384641429995e+01,-7.634119935542390926e-03,2.450562541183767848e+02,1.862194263653649262e-02,nan,1.037180683594211226e-05,2.194548946329183181e+01,1.000000000000000000e+00,1.000000000000000000e+00,-1.000000000000000000e+00,0.000000000000000000e+00
2.800000000000000000e+02,5.586374435751006473e+01,7.748605945881331891e+00,-8.535703767107025858e-03,2.740756199290433983e+02,2.052491595127126089e-02,nan,1.607404591880521883e-05,1.934526060418662397e+01,1.000000000000000000e+00,1.000000000000000000e+00,-1.000000000000000000e+00,0.000000000000000000e+00
2.830000000000000000e+02,1.000306157325856162e+02,8.598058589618652547e+00,-8.676146605657387989e-03,2.785960671295089242e+02,1.258410100785123387e-02,nan,1.006823824615042251e-05,2.032215472391561661e+01,1.000000000000000000e+00,1.000000000000000000e+00,-1.000000000000000000e+00,0.000000000000000000e+00
2.830000000000000000e+02,9.511471005517759636e+01,3.179781439409519805e+01,-7.702014851396024944e-03,2.472415943284177899e+02,6.830688566986420351e-02,nan,4.188486977878721600e-05,4.778145879255667694e+00,1.000000000000000000e+00,1.000000000000000000e+00,-1.000000000000000000e+00,0.000000000000000000e+00
2.830000000000000000e+02,1.627868073337034005e+01,4.561543022050569363e+01,-1.364319863394428123e-03,4.324959401262521652e+01,2.927323446150854602e-01,nan,8.585128240131765427e-06,3.076679090640007885e+01,1.000000000000000000e+00,1.000000000000000000e+00,-1.000000000000000000e+00,0.000000000000000000e+00
2.830000000000000000e+02,1.356160525993669523e+02,4.907073066355939517e+01,1.260316824824251041e-03,-3.990203817142170806e+01,3.535796637127373021e-01,nan,1.025517600555222543e-05,8.496114803485079747e+00,1.000000000000000000e+00,1.000000000000000000e+00,-1.000000000000000000e+00,0.000000000000000000e+00
2.860000000000000000e+02,4.587179468528522364e+01,3.719860009823738523e+01,-1.972573226756707196e-03,6.282750372995676713e+01,1.973033230723730824e-01,nan,9.755270660623144657e-06,2.863140886880310632e+01,1.000000000000000000e+00,1.000000000000000000e+00,-1.000000000000000000e+00,0.000000000000000000e+00
2.870000000000000000e+02,9.282948356723954930e+01,2.760157584722083612e+01,-7.043109253582551313e-03,2.260333362516708462e+02,9.241149547987481672e-02,nan,4.907184720768970233e-05,4.778145879255667694e+00,1.000000000000000000e+00,1.000000000000000000e+00,-1.000000000000000000e+00,0.000000000000000000e+00
2.880000000000000000e+02,6.717693006915908427e+01,7.663815818966511095e+00,-8.788049451427741576e-03,2.821978948275821608e+02,1.941327872833553680e-02,nan,1.617849224307194963e-05,2.232088118553816614e+01,1.000000000000000000e+00,1.000000000000000000e+00,-1.000000000000000000e+00,0.000000000000000000e+00
2.900000000000000000e+02,7.894796385260626437e+01,4.254469496571113041e+01,-8.464095453073420400e-03,2.717707562133531383e+02,1.796592005816155524e-02,nan,1.231894295508875718e-05,2.039591622303696994e+01,1.000000000000000000e+00,1.000000000000000000e+00,-1.000000000000000000e+00,0.000000000000000000e+00
2.910000000000000000e+02,2.562833509257801978e+01,1.695113315713564361e+01,-7.317177091718986802e-03,2.348547842117761490e+02,3.114474620903828761e-02,nan,1.685164797435111157e-05,2.234216557752131393e+01,1.000000000000000000e+00,1.000000000000000000e+00,-1.000000000000000000e+00,0.000000000000000000e+00
2.910000000000000000e+02,1.076952629764056439e+02,4.190433640004795279e+01,-1.523145333571934669e-03,4.836172475163099449e+01,3.411879742619864375e-01,nan,1.432754695532846139e-05,1.296937168331550616e+01,1.000000000000000000e+00,1.000000000000000000e+00,-1.000000000000000000e+00,0.000000000000000000e+00
2.920000000000000000e+02,6.291343111336184535e+01,2.957372940968675223e+01,-1.210798246246257018e-03,3.830817890302152051e+01,3.594718682369517637e-01,nan,9.921440098970426985e-06,2.062406816371279916e+01,1.000000000000000000e+00,1.000000000000000000e+00,-1.000000000000000000e+00,0.000000000000000000e+00
2.940000000000000000e+02,1.351271133482889013e+02,2.402753576231949850e+01,-8.879266496924114946e-03,2.851339066755693352e+02,1.262040618230553246e-02,nan,1.089798056933228914e-05,1.833911277061937994e+01,1.000000000000000000e+00,1.000000000000000000e+00,-1.000000000000000000e+00,0.000000000000000000e+00
2.940000000000000000e+02,9.828937314716871754e+01,5.083371702695838934e+01,-8.226715399052274627e-03,2.641301815018028378e+02,2.273763212785040455e-02,nan,1.498227669787736876e-05,1.296937168331550616e+01,1.000000000000000000e+00,1.000000000000000000e+00,-1.000000000000000000e+00,0.000000000000000000e+00
2.960000000000000000e+02,1.204892479798936620e+02,1.297964208658971685e+01,-1.569903041944066156e-03,4.986671962422602178e+01,2.198337061380432056e-01,nan,7.222127604640082082e-06,1.796143311418023103e+01,1.000000000000000000e+00,1.000000000000000000e+00,-1.000000000000000000e+00,0.000000000000000000e+00
2.970000000000000000e+02,8.010439803783323498e+01,1.700851247765686480e+01,-8.713494945744247253e-03,2.797982017568800188e+02,1.473389870304175897e-02,nan,1.166852914230576133e-05,6.669389039339372438e+00,1.000000000000000000e+00,1.000000000000000000e+00,-1.000000000000000000e+00,0.000000000000000000e+00
2.990000000000000000e+02,9.861429814684997552e+01,8.673541854256065164e+00,-6.752810287643943969e-03,2.166894554143105154e+02,8.660835452406756563e-02,nan,4.262769881220998590e-05,7.696371604768759589e+00,1.000000000000000000e+00,1.000000000000000000e+00,-1.000000000000000000e+00,0.000000000000000000e+00
2.990000000000000000e+02,7.622147234604733512e+01,3.229820564375716430e+01,-1.042101411879479446e-03,3.287831761203630521e+01,3.507641707415928289e-01,nan,7.012502602122752123e-06,1.063713099749945812e+01,1.000000000000000000e+00,1.000000000000000000e+00,-1.000000000000000000e+00,0.000000000000000000e+00
3.010000000000000000e+02,1.026675931597888791e+02,1.521608993713443780e+01,-8.594250472708502009e-03,2.759600683933754794e+02,3.497189609926010245e-02,nan,2.740658407555580548e-05,7.696371604768759589e+00,1.000000000000000000e+00,1.000000000000000000e+00,-1.000000000000000000e+00,0.000000000000000000e+00
3.040000000000000000e+02,5.697557941442020990e+01,7.375689032359056263e+00,-8.318254944416280175e-03,2.670765736841583475e+02,2.228824488279279592e-02,nan,1.536825632812642461e-05,2.330371005558152220e+01,1.000000000000000000e+00,1.000000000000000000e+00,-1.000000000000000000e+00,0.000000000000000000e+00
3.070000000000000000e+02,1.296571829205246331e+02,1.571214320519014862e+01,-1.343985268569112710e-03,4.259508244621498108e+01,3.581588026820612392e-01,nan,1.137170498564171437e-05,1.428986033384433085e+01,1.000000000000000000e+00,1.000000000000000000e+00,-1.000000000000000000e+00,0.000000000000000000e+00
3.080000000000000000e+02,4.242236114807743519e+01,3.787013101100004064e+01,-1.371773971273395005e-03,4.348952010242267363e+01,3.071918353336711149e-01,nan,9.372830756691487671e-06,2.964320937432376368e+01,1.000000000000000000e+00,1.000000000000000000e+00,-1.000000000000000000e+00,0.000000000000000000e+00
3.100000000000000000e+02,1.153786270553212319e+02,1.034012120464778661e+01,-8.517505154824949604e-03,2.734898594389250661e+02,9.846275591288589091e-03,nan,7.206184537990826801e-06,1.154359491619070610e+01,1.000000000000000000e+00,1.000000000000000000e+00,-1.000000000000000000e+00,0.000000000000000000e+00
3.110000000000000000e+02,6.636276161935072970e+00,2.935820986002055832e+01,-2.073134660309825395e-03,6.606428429828018523e+01,2.029705103568297808e-01,nan,1.154128402814865854e-05,1.987326653387113140e+01,1.000000000000000000e+00,1.000000000000000000e+00,-1.000000000000000000e+00,0.000000000000000000e+00
3.110000000000000000e+02,7.204532068466551209e+01,3.677462642239179047e+01,-1.366777737536339302e-03,4.332870584487371701e+01,3.236968785908856949e-01,nan,1.021253735636213161e-05,4.628758250009245678e+00,1.000000000000000000e+00,1.000000000000000000e+00,-1.000000000000000000e+00,0.000000000000000000e+00
3.130000000000000000e+02,1.297235768900811870e+01,1.052205330915896830e+01,-8.121030406408474150e-03,2.607284884424833535e+02,1.426871046378630492e-02,nan,1.064286629563543185e-05,1.470991381293159606e+01,1.000000000000000000e+00,1.000000000000000000e+00,-1.000000000000000000e+00,0.000000000000000000e+00
3.130000000000000000e+02,1.415269721453994123e+02,4.016676258409169975e+01,-8.860210010038024539e-03,2.845205336927664916e+02,1.263889575293730694e-02,nan,9.777596636494888599e-06,3.085488239543491318e+01,1.000000000000000000e+00,1.000000000000000000e+00,-1.000000000000000000e+00,0.000000000000000000e+00
3.150000000000000000e+02,5.780800683211403168e+01,2.398459693656061376e+01,-1.012597444092823342e-03,3.192867055305871915e+01,3.714984760107071793e-01,nan,7.335416364313763624e-06,1.314365603595065757e+01,1.000000000000000000e+00,1.000000000000000000e+00,-1.000000000000000000e+00,0.000000000000000000e+00
3.160000000000000000e+02,7.183599529952068963e+01,4.139864911050250385e+01,-2.007938089663374726e-03,6.396579598587671711e+01,1.729781095623833531e-01,nan,8.782491347822165157e-06,4.628758250009245678e+00,1.000000000000000000e+00,1.000000000000000000e+00,-1.000000000000000000e+00,0.000000000000000000e+00
3.170000000000000000e+02,1.051570080854621523e+02,1.447609030961494447e+01,-7.928852895737125220e-03,2.545428523568440653e+02,2.353715999974237416e-02,nan,1.445993995040145858e-05,1.369885010445497819e+01,1.000000000000000000e+00,1.000000000000000000e+00,-1.000000000000000000e+00,0.000000000000000000e+00
3.170000000000000000e+02,8.736317859225744442e+00,2.460883899448736756e+01,-8.332422871887507423e-03,2.675325981332137530e+02,1.811274438288190680e-02,nan,1.269875347322290050e-05,1.470991381293159606e+01,1.000000000000000000e+00,1.000000000000000000e+00,-1.000000000000000000e+00,0.000000000000000000e+00
3.180000000000000000e+02,9.722042039956789949e+01,3.322977266744802449e+01,-8.611590296238256712e-03,2.765181869670294645e+02,1.400095261169276295e-02,nan,1.105017750389939898e-05,1.595671158803445522e+01,1.000000000000000000e+00,1.000000000000000000e+00,-1.000000000000000000e+00,0.000000000000000000e+00
3.180000000000000000e+02,2.994606464656359179e+01,5.289303895879847950e+00,-8.030012554607493178e-03,2.577988880611966351e+02,1.637666541660198760e-02,nan,1.047701170508935459e-05,1.597621066988539873e+01,1.000000000000000000e+00,1.000000000000000000e+00,-1.000000000000000000e+00,0.000000000000000000e+00
3.190000000000000000e+02,5.813214204981282052e+01,1.084493825179906779e+01,-7.509894556177143868e-03,2.410577998420697270e+02,1.827062027361403551e-02,nan,1.004478626366845870e-05,1.314365603595065757e+01,1.000000000000000000e+00,1.000000000000000000e+00,-1.000000000000000000e+00,0.000000000000000000e+00
3.190000000000000000e+02,5.392735044684315682e+01,5.064182627302615458e+01,-6.816336394195213026e-03,2.187341763376431913e+02,1.407189261096064570e-02,nan,6.201139052710818623e-06,2.015330951772269685e+01,1.000000000000000000e+00,1.000000000000000000e+00,-1.000000000000000000e+00,0.000000000000000000e+00
3.200000000000000000e+02,1.020784771616779807e+02,4.842898084418636273e+01,-1.731708711143605146e-03,5.507477431681342495e+01,2.952631449522179485e-01,nan,1.335460441279815271e-05,1.595671158803445522e+01,1.000000000000000000e+00,1.000000000000000000e+00,-1.000000000000000000e+00,0.000000000000000000e+00
3.210000000000000000e+02,1.395086380882827939e+02,3.388958006703821013e+01,-7.827065663983143878e-03,2.512666169035110499e+02,1.528045731442151389e-02,nan,9.213559772775908806e-06,2.236949754706843052e+01,1.000000000000000000e+00,1.000000000000000000e+00,-1.000000000000000000e+00,0.000000000000000000e+00
3.220000000000000000e+02,2.567636489320240045e+01,2.068439958849272031e+01,-8.474791267823151425e-03,2.721150234351010226e+02,1.739594710711922509e-02,nan,1.241345529475955187e-05,1.313975675515982822e+01,1.000000000000000000e+00,1.000000000000000000e+00,-1.000000000000000000e+00,0.000000000000000000e+00
3.220000000000000000e+02,5.418492161090270542e+01,2.464387842976356069e+01,-8.369611279615475630e-03,2.687295850023119783e+02,2.084859920742554440e-02,nan,1.470611545245258182e-05,1.435239698546526732e+01,1.000000000000000000e+00,1.000000000000000000e+00,-1.000000000000000000e+00,0.000000000000000000e+00
3.230000000000000000e+02,1.239517391049930239e+02,4.996369946848655985e+01,-1.265802593309879858e-03,4.007860913117463753e+01,3.159201708801503417e-01,nan,8.702843657531917420e-06,2.192703694749128829e+01,1.000000000000000000e+00,1.000000000000000000e+00,-1.000000000000000000e+00,0.000000000000000000e+00
3.240000000000000000e+02,8.171608603094169609e+01,5.997789129583425805e+00,-6.521702920702656357e-03,2.092507802872617617e+02,2.604073182596755576e-02,nan,1.083003168902928927e-05,2.407690321278923662e+01,1.000000000000000000e+00,1.000000000000000000e+00,-1.000000000000000000e+00,0.000000000000000000e+00
3.240000000000000000e+02,4.456650874954180352e+01,1.277234704157222112e+01,-7.348617721106354313e-03,2.358667667846293341e+02,1.712334720602215477e-02,nan,9.685544705848470065e-06,1.370187255379047642e+01,1.000000000000000000e+00,1.000000000000000000e+00,-1.000000000000000000e+00,0.000000000000000000e+00
3.240000000000000000e+02,3.089089527483776010e+01,8.623641714968762528e+00,-1.244349466458218902e-03,3.938809526646770109e+01,3.194743553989708440e-01,nan,8.249553960888245793e-06,1.313975675515982822e+01,1.000000000000000000e+00,1.000000000000000000e+00,-1.000000000000000000e+00,0.000000000000000000e+00
3.270000000000000000e+02,7.748404394155429031e+01,3.915027118404957207e+01,-1.508617687020518024e-03,4.789412198982014957e+01,3.028366476546026087e-01,nan,1.109945393460823844e-05,2.744602944180212489e+01,1.000000000000000000e+00,1.000000000000000000e+00,-1.000000000000000000e+00,0.000000000000000000e+00
3.310000000000000000e+02,2.443312511753959271e+01,1.589237809661020151e+01,-1.681151864112953804e-03,5.344749620151016956e+01,2.402334648805243278e-01,nan,9.618992390121212390e-06,1.880502418034539147e+01,1.000000000000000000e+00,1.000000000000000000e+00,-1.000000000000000000e+00,0.000000000000000000e+00
3.320000000000000000e+02,1.396186587244594648e+02,2.738739344663858688e+01,-8.971122340273977175e-03,2.880904795717258935e+02,1.177169457880333781e-02,nan,1.004234741676954852e-05,2.939990689280633163e+01,1.000000000000000000e+00,1.000000000000000000e+00,-1.000000000000000000e+00,0.000000000000000000e+00
3.350000000000000000e+02,1.102619460844539105e+02,2.579429951412254951e+01,-1.624613445090123190e-02,5.222519965866712255e+02,8.742601170897645879e-03,nan,2.584798233559704354e-05,8.998614757672228848e+00,1.000000000000000000e+00,1.000000000000000000e+00,-1.000000000000000000e+00,0.000000000000000000e+00
3.350000000000000000e+02,5.097020844236250525e+01,3.648082159337982944e+01,-8.722590470190276155e-03,2.800909602801568781e+02,1.963806750979890658e-02,nan,1.492402215191108320e-05,1.325514896853797353e+01,1.000000000000000000e+00,1.000000000000000000e+00,-1.000000000000000000e+00,0.000000000000000000e+00
3.350000000000000000e+02,5.409019212441570090e+01,1.344285755594350995e+01,-1.285816681829976549e-03,4.072280453020238866e+01,3.683437644236131625e-01,nan,1.149433849457798255e-05,1.666075616300845041e+01,1.000000000000000000e+00,1.000000000000000000e+00,-1.000000000000000000e+00,0.000000000000000000e+00
3.360000000000000000e+02,1.042986376692466735e+02,1.905530698540470169e+01,-7.839679686923433505e-03,2.516726256774407489e+02,4.512187183319071870e-02,nan,3.010064982018654476e-05,8.998614757672228848e+00,1.000000000000000000e+00,1.000000000000000000e+00,-1.000000000000000000e+00,0.000000000000000000e+00
3.360000000000000000e+02,4.317531576106706126e+01,5.281925218026032098e+01,-1.522551831840901742e-03,4.834262165412732770e+01,2.743440592817030232e-01,nan,9.732838956557258401e-06,1.201235957897883289e+01,1.000000000000000000e+00,1.000000000000000000e+00,-1.000000000000000000e+00,0.000000000000000000e+00
3.370000000000000000e+02,6.146415674161855236e+01,2.838291919395104657e+01,-5.645464663518564088e-03,1.810472149256271734e+02,2.839080757587608694e-02,nan,9.710214616375474760e-06,1.325514896853797353e+01,1.000000000000000000e+00,1.000000000000000000e+00,-1.000000000000000000e+00,0.000000000000000000e+00
3.390000000000000000e+02,3.493458799640463752e+01,4.407927571785457843e+01,-1.378883888176416113e-03,4.371836768405481877e+01,2.382821166343208619e-01,nan,6.539976409389782048e-06,1.201235957897883289e+01,1.000000000000000000e+00,1.000000000000000000e+00,-1.000000000000000000e+00,0.000000000000000000e+00
3.410000000000000000e+02,8.139337196362710358e+00,6.485568336340900686e+00,-6.853090142893120996e-03,2.199171727945860368e+02,3.236290749098957864e-02,nan,1.482991860598129162e-05,4.616570480480097416e+01,1.000000000000000000e+00,1.000000000000000000e+00,-1.000000000000000000e+00,0.000000000000000000e+00
3.420000000000000000e+02,7.447118939239548752e+01,5.095734208612340410e+01,-1.443398853657377849e-02,4.639242811274092446e+02,6.851902274280785576e-03,nan,1.512517924106491070e-05,2.605354999406055327e+01,1.000000000000000000e+00,1.000000000000000000e+00,-1.000000000000000000e+00,0.000000000000000000e+00
3.470000000000000000e+02,5.729562501088210524e+01,1.862746202153075004e+01,-7.202408067902061999e-03,2.311607025642641702e+02,1.953047285625308938e-02,nan,1.088924275454716015e-05,1.908957078238197980e+01,1.000000000000000000e+00,1.000000000000000000e+00,-1.000000000000000000e+00,0.000000000000000000e+00
3.480000000000000000e+02,1.237511532856203331e+02,6.163929108680317626e+00,-7.275112908873664075e-03,2.335008602983483854e+02,3.657120474447761449e-02,nan,2.029467463290705301e-05,2.669365443292431905e+01,1.000000000000000000e+00,1.000000000000000000e+00,-1.000000000000000000e+00,0.000000000000000000e+00
3.490000000000000000e+02,8.176532215764252953e+01,4.916404239558764999e+01,-2.416342511491824038e-02,7.770865953945954061e+02,2.670879517907231993e-03,nan,2.223763117336829821e-05,2.358333691054645342e+01,1.000000000000000000e+00,1.000000000000000000e+00,-1.000000000000000000e+00,0.000000000000000000e+00
3.500000000000000000e+02,1.262170979996557350e+02,3.274343820218505385e+01,-1.205296225100244232e-03,3.813108481732005117e+01,3.703330474529100691e-01,nan,1.045356361242779049e-05,2.669365443292431905e+01,1.000000000000000000e+00,1.000000000000000000e+00,-1.000000000000000000e+00,0.000000000000000000e+00
3.510000000000000000e+02,7.459578496929317737e+01,2.669692161117874818e+01,-6.731466330666380747e-03,2.160024554108786390e+02,2.715655498253588540e-02,nan,1.195990222114996798e-05,1.579219997358689476e+01,1.000000000000000000e+00,1.000000000000000000e+00,-1.000000000000000000e+00,0.000000000000000000e+00
3.530000000000000000e+02,2.418575463912228329e+01,1.142616914405655848e+01,-7.731196905807672000e-03,2.481808799305217406e+02,2.737934454590984501e-02,nan,1.830786015463867021e-05,1.064550422260432860e+01,1.000000000000000000e+00,1.000000000000000000e+00,-1.000000000000000000e+00,0.000000000000000000e+00
3.540000000000000000e+02,3.295391373625432863e+01,5.389104774607847759e+00,-8.495767656937668749e-03,2.727901924962461067e+02,1.456520531401861440e-02,nan,1.026199108270334631e-05,1.064550422260432860e+01,1.000000000000000000e+00,1.000000000000000000e+00,-1.000000000000000000e+00,0.000000000000000000e+00
3.540000000000000000e+02,5.928257338961333289e+01,3.055686087517203831e+01,-9.888731651185693472e-03,3.176256590329735445e+02,3.570986533122644246e-02,nan,3.493539934659330685e-05,1.579219997358689476e+01,1.000000000000000000e+00,1.000000000000000000e+00,-1.000000000000000000e+00,0.000000000000000000e+00
3.550000000000000000e+02,6.395414018881108831e+00,8.796510005989949477e+00,-8.741846634709731986e-03,2.807107603062184467e+02,1.430219870195803544e-02,nan,1.104275494502563959e-05,1.798364052595081120e+01,1.000000000000000000e+00,1.000000000000000000e+00,-1.000000000000000000e+00,0.000000000000000000e+00
3.560000000000000000e+02,1.257672312174761942e+02,7.781873605693542473e+00,-2.889252896673103095e-03,9.233276074675578116e+01,1.550601483856497431e-01,nan,1.579666836818788156e-05,3.802166891884267930e+00,1.000000000000000000e+00,1.000000000000000000e+00,-1.000000000000000000e+00,0.000000000000000000e+00
3.560000000000000000e+02,1.399896490681786929e+02,3.603752232816329837e+01,-7.989997010728149690e-03,2.565109038879087962e+02,1.417949689881381481e-02,nan,9.845096682298155188e-06,2.905578870352104914e+01,1.000000000000000000e+00,1.000000000000000000e+00,-1.000000000000000000e+00,0.000000000000000000e+00
3.560000000000000000e+02,5.711706570127266502e+01,5.231304226918148714e+01,-1.446466347260438488e-03,4.589365081789289036e+01,2.765762228161418035e-01,nan,8.808263198673626379e-06,2.186368798710102013e+01,1.000000000000000000e+00,1.000000000000000000e+00,-1.000000000000000000e+00,0.000000000000000000e+00
3.570000000000000000e+02,1.044597962095902801e+02,8.529519038199481429e+00,-6.812067604197399352e-03,2.185967763819446930e+02,3.622688675512164558e-02,nan,1.680001356291320141e-05,2.132054784258671631e+01,1.000000000000000000e+00,1.000000000000000000e+00,-1.000000000000000000e+00,0.000000000000000000e+00
3.590000000000000000e+02,4.222078313269625482e+01,2.808567012172104427e+01,-1.039859782025442849e-03,3.280616605555429999e+01,3.378258639585378642e-01,nan,6.579599685089407812e-06,1.723982222968010092e+01,1.000000000000000000e+00,1.000000000000000000e+00,-1.000000000000000000e+00,0.000000000000000000e+00
3.610000000000000000e+02,8.549861064618168882e+01,3.392345040321810501e+01,-8.869726135466649702e-03,2.848268301404681324e+02,1.474447845517612432e-02,nan,1.152736004460561867e-05,2.343286548158209470e+01,1.000000000000000000e+00,1.000000000000000000e+00,-1.000000000000000000e+00,0.000000000000000000e+00
3.620000000000000000e+02,5.801561445479314472e+01,3.667485402980421583e+01,-1.363005613304350480e-03,4.320729211811976711e+01,3.495359761422964784e-01,nan,1.315534627352450620e-05,1.507248500947343750e+01,1.000000000000000000e+00,1.000000000000000000e+00,-1.000000000000000000e+00,0.000000000000000000e+00
3.630000000000000000e+02,1.107136861782912973e+02,2.776909251043390370e+01,-1.606001747463989965e-02,5.162614315070716202e+02,4.645222496642453791e-03,nan,1.288117886427840025e-05,2.035991549011142965e+01,1.000000000000000000e+00,1.000000000000000000e+00,-1.000000000000000000e+00,0.000000000000000000e+00
3.630000000000000000e+02,4.083099657035961627e+01,4.541578345543274509e+01,-8.535463107161160232e-03,2.740678737841364523e+02,1.693082381998955999e-02,nan,1.205013091996158491e-05,7.646981935825555077e+00,1.000000000000000000e+00,1.000000000000000000e+00,-1.000000000000000000e+00,0.000000000000000000e+00
3.640000000000000000e+02,1.065705717323443906e+02,7.835182671863210935e+00,-6.637193163389581811e-03,2.129680758761570587e+02,2.376074137022654575e-02,nan,1.049876641193159605e-05,1.368903246432112653e+01,1.000000000000000000e+00,1.000000000000000000e+00,-1.000000000000000000e+00,0.000000000000000000e+00
3.650000000000000000e+02,1.040234895935650314e+02,4.827364359574046659e+01,-1.411613946211265954e-03,4.477185322124478262e+01,2.997487961642909537e-01,nan,9.522265904227652239e-06,2.156838764377693352e+01,1.000000000000000000e+00,1.000000000000000000e+00,-1.000000000000000000e+00,0.000000000000000000e+00
3.680000000000000000e+02,9.305634517902176128e+01,5.654519819722300333e+00,-7.392702960511783952e-03,2.372857426406368688e+02,2.406845312760930167e-02,nan,1.288752889025407202e-05,1.368903246432112653e+01,1.000000000000000000e+00,1.000000000000000000e+00,-1.000000000000000000e+00,0.000000000000000000e+00
3.680000000000000000e+02,6.569892302840229092e+01,4.745607877168411193e+01,-8.316949819399432550e-03,2.670345654992657387e+02,2.086831002721534212e-02,nan,1.523572931584694085e-05,3.042278092914130205e+00,1.000000000000000000e+00,1.000000000000000000e+00,-1.000000000000000000e+00,0.000000000000000000e+00
3.680000000000000000e+02,4.520589849398987070e+01,3.914389650767462570e+01,-7.735256495413620967e-03,2.483115463330145190e+02,1.584070085609412537e-02,nan,1.115255146939246741e-05,7.646981935825555077e+00,1.000000000000000000e+00,1.000000000000000000e+00,-1.000000000000000000e+00,0.000000000000000000e+00
3.700000000000000000e+02,2.538163311419454260e+01,1.144005726217424268e+01,-8.435582996976942471e-03,2.708530230368515959e+02,2.450885345297459939e-02,nan,1.815740042820916490e-05,1.025592422081254540e+01,1.000000000000000000e+00,1.000000000000000000e+00,-1.000000000000000000e+00,0.000000000000000000e+00
3.700000000000000000e+02,6.919705434618072104e+01,1.783432388991276341e+01,-8.643136403982783905e-03,2.775335645819457113e+02,1.382303981877197607e-02,nan,1.012640109965619728e-05,2.401126491678119379e+01,1.000000000000000000e+00,1.000000000000000000e+00,-1.000000000000000000e+00,0.000000000000000000e+00
3.710000000000000000e+02,1.733798126772490988e+01,5.077381205998266367e+00,-8.231482858289392718e-03,2.642836321724401500e+02,1.974723716430848430e-02,nan,1.281399740705188253e-05,1.025592422081254540e+01,1.000000000000000000e+00,1.000000000000000000e+00,-1.000000000000000000e+00,0.000000000000000000e+00
3.710000000000000000e+02,2.017744592502932832e+01,2.865789657154929415e+01,-1.489977199649163706e-03,4.729413882355186161e+01,2.683244431410513053e-01,nan,8.997974459306534308e-06,1.798714971259571627e+01,1.000000000000000000e+00,1.000000000000000000e+00,-1.000000000000000000e+00,0.000000000000000000e+00
3.730000000000000000e+02,3.859414724946321229e+01,1.168853533004774903e+01,-7.548894157500923331e-03,2.423130837742592121e+02,2.773032087280558056e-02,nan,1.609310067292182175e-05,8.333076916640926868e+00,1.000000000000000000e+00,1.000000000000000000e+00,-1.000000000000000000e+00,0.000000000000000000e+00
3.730000000000000000e+02,5.948701016900714400e+00,4.094865572569024437e+01,-7.213434349755898194e-03,2.315156065625897668e+02,2.638815283107920351e-02,nan,1.334870862619396836e-05,1.880212600334588657e+01,1.000000000000000000e+00,1.000000000000000000e+00,-1.000000000000000000e+00,0.000000000000000000e+00
3.740000000000000000e+02,1.263438707885956092e+02,1.404590045605434590e+01,-3.072072218848358616e-03,9.821718391598551534e+01,1.074682946779316195e-01,nan,1.107983967565480922e-05,1.442707310415280908e+01,1.000000000000000000e+00,1.000000000000000000e+00,-1.000000000000000000e+00,0.000000000000000000e+00
3.750000000000000000e+02,4.665317964398682449e+01,9.569061866502414304e+00,-8.115526000055045888e-03,2.605513175838805751e+02,1.807321334188161099e-02,nan,1.272807177574340858e-05,8.333076916640926868e+00,1.000000000000000000e+00,1.000000000000000000e+00,-1.000000000000000000e+00,0.000000000000000000e+00
3.750000000000000000e+02,1.142406884573290711e+02,2.189786936892497948e+01,-8.388842202627115260e-03,2.693485725775250899e+02,1.439057626548023716e-02,nan,1.053857545627560091e-05,1.090872096966583094e+01,1.000000000000000000e+00,1.000000000000000000e+00,-1.000000000000000000e+00,0.000000000000000000e+00
3.790000000000000000e+02,2.389381330984683771e+01,6.298740760143641815e+00,-8.408771493273129588e-03,2.699900385791947315e+02,1.423171315949489646e-02,nan,1.101047907113838556e-05,2.299312410418123775e+01,1.000000000000000000e+00,1.000000000000000000e+00,-1.000000000000000000e+00,0.000000000000000000e+00
3.790000000000000000e+02,1.043849859335062291e+02,2.657390625457281175e+01,-6.820968781287660605e-03,2.188832794281223926e+02,2.357738662610464608e-02,nan,1.062690274121833073e-05,1.090872096966583094e+01,1.000000000000000000e+00,1.000000000000000000e+00,-1.000000000000000000e+00,0.000000000000000000e+00
3.790000000000000000e+02,2.450641907597922398e+01,3.233238665779210663e+01,-1.336226881154112386e-03,4.234536248162106631e+01,3.398036376930639868e-01,nan,1.098885040182812793e-05,1.709344085602961982e+01,1.000000000000000000e+00,1.000000000000000000e+00,-1.000000000000000000e+00,0.000000000000000000e+00
3.800000000000000000e+02,1.473146557621373809e+01,4.635508270298987554e+01,-7.989656063111591836e-03,2.564999297740651514e+02,1.828152392796322800e-02,nan,1.126607383188280236e-05,1.709344085602961982e+01,1.000000000000000000e+00,1.000000000000000000e+00,-1.000000000000000000e+00,0.000000000000000000e+00
3.850000000000000000e+02,1.050494807868841463e+01,1.968504296117763985e+01,-8.976511143335162701e-03,2.882639294960027883e+02,1.457147422512683477e-02,nan,1.275415683466508234e-05,1.289083888854018944e+01,1.000000000000000000e+00,1.000000000000000000e+00,-1.000000000000000000e+00,0.000000000000000000e+00
3.850000000000000000e+02,1.134316735604737403e+02,5.102391598625489166e+01,-8.381797075959044468e-03,2.691218104054390778e+02,1.980027875137979620e-02,nan,1.402334870904954850e-05,3.722519876137185690e+01,1.000000000000000000e+00,1.000000000000000000e+00,-1.000000000000000000e+00,0.000000000000000000e+00
3.860000000000000000e+02,9.001091638258947114e+01,2.208979156476559780e+01,-1.204121020435097462e-03,3.809325839132801406e+01,3.431226904720541260e-01,nan,8.972993770969110253e-06,1.142824303454795043e+01,1.000000000000000000e+00,1.000000000000000000e+00,-1.000000000000000000e+00,0.000000000000000000e+00
3.870000000000000000e+02,5.323354875190807967e+00,3.843533942206347831e+01,-1.573858947548945368e-03,4.999404873976842367e+01,2.973270990871128561e-01,nan,1.114087862077515826e-05,1.419223562027004704e+01,1.000000000000000000e+00,1.000000000000000000e+00,-1.000000000000000000e+00,0.000000000000000000e+00
3.910000000000000000e+02,8.333780848319139523e+01,3.136741894571191125e+01,-7.405665955436789225e-03,2.377029838095226353e+02,1.709993712971957791e-02,nan,9.383821004813363610e-06,1.142824303454795043e+01,1.000000000000000000e+00,1.000000000000000000e+00,-1.000000000000000000e+00,0.000000000000000000e+00
3.930000000000000000e+02,4.693893488433869976e+01,4.896046084569640300e+01,-1.458253000265149341e-02,4.687053996338061665e+02,2.784322375135829253e-01,nan,9.074919663421144710e-04,5.431685788604336373e+00,1.000000000000000000e+00,1.000000000000000000e+00,-1.000000000000000000e+00,0.000000000000000000e+00
3.940000000000000000e+02,1.035649542376170729e+02,1.245457432138778309e+01,-8.663834202177341307e-03,2.781997666102594167e+02,1.590955957717332669e-02,nan,1.252887005288781823e-05,1.301293533035353533e+01,1.000000000000000000e+00,1.000000000000000000e+00,-1.000000000000000000e+00,0.000000000000000000e+00
3.940000000000000000e+02,5.086031450205622662e+01,5.271891696488628298e+01,-1.572767943387658185e-02,5.055644349105665469e+02,1.969758387643266717e-01,nan,6.316665955576311175e-04,5.431685788604336373e+00,1.000000000000000000e+00,1.000000000000000000e+00,-1.000000000000000000e+00,0.000000000000000000e+00
3.960000000000000000e+02,5.591438469687320634e+01,1.295230402181274698e+01,-7.218791458874418941e-03,2.316880363508749099e+02,2.869159221776174107e-02,nan,1.602047101486651668e-05,1.901773939159718907e+01,1.000000000000000000e+00,1.000000000000000000e+00,-1.000000000000000000e+00,0.000000000000000000e+00
3.960000000000000000e+02,9.399504990942166671e+01,2.316792281018344823e+01,-7.662452459296547995e-03,2.459681957952083735e+02,1.816636667179105658e-02,nan,1.081700049878939135e-05,1.341360977698791679e+01,1.000000000000000000e+00,1.000000000000000000e+00,-1.000000000000000000e+00,0.000000000000000000e+00
3.960000000000000000e+02,3.547195292124324340e+01,3.379989914987147870e+01,-7.489474004557622813e-03,2.404005215760275291e+02,2.306366498329737169e-02,nan,1.264085637627697946e-05,1.900879549773920729e+01,1.000000000000000000e+00,1.000000000000000000e+00,-1.000000000000000000e+00,0.000000000000000000e+00
3.970000000000000000e+02,6.072092581393822286e+01,3.135261853153433620e+01,-8.200273880609416227e-03,2.632791057954526082e+02,1.976392791483705391e-02,nan,1.340878251914541783e-05,1.901773939159718907e+01,1.000000000000000000e+00,1.000000000000000000e+00,-1.000000000000000000e+00,0.000000000000000000e+00
3.980000000000000000e+02,1.072934876742988308e+02,2.492191262286614517e+01,-1.198362609582403994e-03,3.790791186538996271e+01,3.508632151049917436e-01,nan,8.987730332011965888e-06,1.301293533035353533e+01,1.000000000000000000e+00,1.000000000000000000e+00,-1.000000000000000000e+00,0.000000000000000000e+00
4.020000000000000000e+02,4.638341273092086681e+01,4.667075686798333578e+01,-7.530192216971412847e-03,2.417111226092576715e+02,2.438223317578458449e-02,nan,1.341776383906583257e-05,1.303086432823621976e+01,1.000000000000000000e+00,1.000000000000000000e+00,-1.000000000000000000e+00,0.000000000000000000e+00
4.030000000000000000e+02,1.145718185259398609e+02,3.872998744240834412e+01,-8.467694317356279712e-03,2.718865932054007999e+02,4.243256219298052745e-02,nan,3.470561828465480481e-05,8.078386448427865574e+00,1.000000000000000000e+00,1.000000000000000000e+00,-1.000000000000000000e+00,0.000000000000000000e+00
4.040000000000000000e+02,8.082730646172146294e+01,1.428004035039164776e+01,-8.386179289531208586e-03,2.692628611366732230e+02,8.348841976449339342e-02,nan,7.024479894001009700e-05,6.467708850821252575e+00,1.000000000000000000e+00,1.000000000000000000e+00,-1.000000000000000000e+00,0.000000000000000000e+00
4.040000000000000000e+02,1.226483086432328378e+02,3.890501599839812030e+01,-8.195259505994997515e-03,2.631177076357329270e+02,2.919899965406325126e-02,nan,2.042095402326291691e-05,8.078386448427865574e+00,1.000000000000000000e+00,1.000000000000000000e+00,-1.000000000000000000e+00,0.000000000000000000e+00
4.050000000000000000e+02,8.729341485295101677e+01,1.442391547632492355e+01,-8.667174311148974353e-03,2.783072750201286567e+02,9.416141867549887579e-02,nan,7.938522874766353802e-05,5.821893966795831155e+00,1.000000000000000000e+00,1.000000000000000000e+00,-1.000000000000000000e+00,0.000000000000000000e+00
4.050000000000000000e+02,5.062718677493401032e+01,3.435029393007960152e+01,-1.192812134728831949e-03,3.772925819552635573e+01,3.305564206874567201e-01,nan,8.278643948186187578e-06,1.181819209473894716e+01,1.000000000000000000e+00,1.000000000000000000e+00,-1.000000000000000000e+00,0.000000000000000000e+00
4.060000000000000000e+02,1.921497606725952778e+01,5.055968518845811843e+01,-9.906986628633096537e-03,3.182132337541087850e+02,1.977284362409292839e-02,nan,1.948585382814525162e-05,2.254294299155016645e+01,1.000000000000000000e+00,1.000000000000000000e+00,-1.000000000000000000e+00,0.000000000000000000e+00
4.070000000000000000e+02,2.462511908736284383e+01,2.867556694663013772e+01,-7.963755952657348286e-03,2.556662804189031419e+02,1.468125758813820791e-02,nan,9.031996916809200559e-06,1.801849137619583274e+01,1.000000000000000000e+00,1.000000000000000000e+00,-1.000000000000000000e+00,0.000000000000000000e+00
4.070000000000000000e+02,7.338685093398939330e+01,1.096281694862394573e+01,-8.425035595137117528e-03,2.705135327957602271e+02,2.217395894026541470e-02,nan,1.680922877143585457e-05,8.146431707035540981e+00,1.000000000000000000e+00,1.000000000000000000e+00,-1.000000000000000000e+00,0.000000000000000000e+00
4.080000000000000000e+02,4.242013504588101824e+01,2.584653203872831284e+01,-7.421188544707867790e-03,2.382026108886866780e+02,2.099945344355469423e-02,nan,1.143253126550196828e-05,1.181819209473894716e+01,1.000000000000000000e+00,1.000000000000000000e+00,-1.000000000000000000e+00,0.000000000000000000e+00
4.080000000000000000e+02,6.874129030861010392e+01,4.004887223039921196e+01,-7.539125946324230602e-03,2.419986734182523094e+02,1.584919354869940289e-02,nan,8.960550733146926470e-06,1.044462430258857211e+01,1.000000000000000000e+00,1.000000000000000000e+00,-1.000000000000000000e+00,0.000000000000000000e+00
4.090000000000000000e+02,1.384991668354680598e+02,1.991991494297221266e+01,-7.739280829942314817e-03,2.484410779769327462e+02,1.637693638643966665e-02,nan,9.413985670381929587e-06,2.019593768238410547e+01,1.000000000000000000e+00,1.000000000000000000e+00,-1.000000000000000000e+00,0.000000000000000000e+00
4.090000000000000000e+02,8.665631061612958774e+01,2.021084450233153973e+01,-7.082621837160536955e-03,2.273051315931913336e+02,5.476966166259922275e-02,nan,2.807093996623955909e-05,5.821893966795831155e+00,1.000000000000000000e+00,1.000000000000000000e+00,-1.000000000000000000e+00,0.000000000000000000e+00
4.090000000000000000e+02,1.179048470668964228e+02,1.094658594478285885e+01,-1.332444077683817615e-03,4.222360502119296655e+01,3.591413905358504799e-01,nan,1.230049184179085069e-05,2.246434152250909833e+01,1.000000000000000000e+00,1.000000000000000000e+00,-1.000000000000000000e+00,0.000000000000000000e+00
4.110000000000000000e+02,6.072847229863362628e+01,1.201853810419979673e+01,-8.549894414526637565e-03,2.745323756672704576e+02,1.400846119928378375e-02,nan,1.039825754838616125e-05,9.645487492099075411e+00,1.000000000000000000e+00,1.000000000000000000e+00,-1.000000000000000000e+00,0.000000000000000000e+00
4.120000000000000000e+02,5.919278033982239151e+01,4.428161769855407215e+01,-7.661936239925460843e-03,2.459515801924838456e+02,2.119497632843447832e-02,nan,1.315789508901820202e-05,1.044462430258857211e+01,1.000000000000000000e+00,1.000000000000000000e+00,-1.000000000000000000e+00,0.000000000000000000e+00
4.140000000000000000e+02,6.438592878552404386e+01,2.094369586228692981e+01,-6.621094582773713079e-03,2.124499093079815282e+02,2.639250319671904155e-02,nan,1.170537390081118520e-05,9.645487492099075411e+00,1.000000000000000000e+00,1.000000000000000000e+00,-1.000000000000000000e+00,0.000000000000000000e+00
4.150000000000000000e+02,1.246879662506414235e+02,2.494399059806942276e+01,-7.428763194817458726e-03,2.384464168828963864e+02,2.050718744578861052e-02,nan,1.224351062707407078e-05,1.568258056686706148e+01,1.000000000000000000e+00,1.000000000000000000e+00,-1.000000000000000000e+00,0.000000000000000000e+00
4.160000000000000000e+02,8.410604024689813230e+01,4.611974765382970531e+01,-1.399895393289234298e-02,4.499217803476191193e+02,9.740436828836340766e-02,nan,2.052462812975116983e-04,3.425783014507872704e+00,1.000000000000000000e+00,1.000000000000000000e+00,-1.000000000000000000e+00,0.000000000000000000e+00
4.160000000000000000e+02,9.988896303344731109e+01,2.409386542148228472e+01,-6.551039811825600488e-03,2.101950496335375931e+02,2.460213526542653906e-02,nan,1.023333117474341597e-05,1.267964620371182782e+01,1.000000000000000000e+00,1.000000000000000000e+00,-1.000000000000000000e+00,0.000000000000000000e+00
4.170000000000000000e+02,1.139137483399562178e+01,2.896074767732288535e+01,-1.583219442539146463e-03,5.029533589552647754e+01,2.169801470547615407e-01,nan,7.921001706816277284e-06,1.670285876890848797e+01,1.000000000000000000e+00,1.000000000000000000e+00,-1.000000000000000000e+00,0.000000000000000000e+00
4.180000000000000000e+02,4.095375369009099131e+01,3.602717183732773520e+01,-7.956489889212943478e-03,2.554324069334716683e+02,1.619748847639690403e-02,nan,9.819404151887392245e-06,2.786715050364256641e+01,1.000000000000000000e+00,1.000000000000000000e+00,-1.000000000000000000e+00,0.000000000000000000e+00
4.190000000000000000e+02,1.103396889902660121e+02,3.127409904071638280e+01,-6.596700688487221707e-03,2.116647406779963205e+02,1.739279886212985460e-02,nan,7.301933983885566648e-06,1.267964620371182782e+01,1.000000000000000000e+00,1.000000000000000000e+00,-1.000000000000000000e+00,0.000000000000000000e+00
4.190000000000000000e+02,1.920972760045678029e+01,1.420070529685282246e+01,-6.921914481480355950e-03,2.221324284238646669e+02,1.715894059959088835e-02,nan,8.154843706787885676e-06,1.670285876890848797e+01,1.000000000000000000e+00,1.000000000000000000e+00,-1.000000000000000000e+00,0.000000000000000000e+00
4.200000000000000000e+02,1.348907283053040942e+02,4.285896383736090343e+01,-7.844868163291284641e-03,2.518396276671030591e+02,2.020264060795451400e-02,nan,1.312432877747460056e-05,6.224764512138842854e+00,1.000000000000000000e+00,1.000000000000000000e+00,-1.000000000000000000e+00,0.000000000000000000e+00
4.210000000000000000e+02,8.654923888714706948e+01,4.852115758692659142e+01,-1.418717430959540692e-02,4.559800477802644991e+02,1.201955560812606461e-02,nan,2.447249380347742628e-05,3.425783014507872704e+00,1.000000000000000000e+00,1.000000000000000000e+00,-1.000000000000000000e+00,0.000000000000000000e+00
4.210000000000000000e+02,8.190801592895601857e+01,1.158353761732740850e+01,-1.317064568479145653e-03,4.172858327393696243e+01,3.607160389884941365e-01,nan,1.261367695941031461e-05,1.901938971761274644e+01,1.000000000000000000e+00,1.000000000000000000e+00,-1.000000000000000000e+00,0.000000000000000000e+00
4.240000000000000000e+02,8.591997292317101653e+01,3.017497076022961977e+01,-1.108862002953093237e-03,3.502714720089370815e+01,3.400569763527317990e-01,nan,7.766333215176889673e-06,1.835697542443983821e+01,1.000000000000000000e+00,1.000000000000000000e+00,-1.000000000000000000e+00,0.000000000000000000e+00
4.260000000000000000e+02,2.522173127617918453e+01,5.303223800032551338e+01,-8.550242998816705992e-03,2.745435955834614674e+02,2.276542936585679300e-02,nan,1.628256448056808009e-05,1.359917589708709329e+01,1.000000000000000000e+00,1.000000000000000000e+00,-1.000000000000000000e+00,0.000000000000000000e+00
4.260000000000000000e+02,3.518472758067049000e+01,1.400457183974256381e+01,-1.424120775983300042e-03,4.517441175832118461e+01,3.189734228659634185e-01,nan,1.090484051361666632e-05,2.206764928376035684e+01,1.000000000000000000e+00,1.000000000000000000e+00,-1.000000000000000000e+00,0.000000000000000000e+00
4.270000000000000000e+02,1.337531225793119916e+02,4.595551756345633976e+01,-8.901306359473051474e-03,2.858433058587983169e+02,1.561784088973916518e-02,nan,1.372350543458055553e-05,6.287879753444592268e+00,1.000000000000000000e+00,1.000000000000000000e+00,-1.000000000000000000e+00,0.000000000000000000e+00
4.270000000000000000e+02,9.638938440110148065e+01,4.781052490647797981e+01,-8.552288900245976627e-03,2.746094472102431610e+02,1.224321506536951709e-02,nan,9.159455798738058870e-06,2.050905523761345250e+01,1.000000000000000000e+00,1.000000000000000000e+00,-1.000000000000000000e+00,0.000000000000000000e+00
4.270000000000000000e+02,5.723604436803066875e+01,1.315570621166227738e+01,-1.167481319465851503e-03,3.691393279963592278e+01,3.293508748274397435e-01,nan,7.563124332058703004e-06,2.206764928376035684e+01,1.000000000000000000e+00,1.000000000000000000e+00,-1.000000000000000000e+00,0.000000000000000000e+00
4.280000000000000000e+02,1.306835010720502908e+02,1.912537121999698542e+01,-1.217567012158781922e-03,3.852604582479345652e+01,3.319231840432795844e-01,nan,8.440399787909637870e-06,2.223357924028758603e+01,1.000000000000000000e+00,1.000000000000000000e+00,-1.000000000000000000e+00,0.000000000000000000e+00
4.320000000000000000e+02,1.191014225032516833e+02,4.204859363065954625e+01,-8.057777283018419806e-03,2.586925540545100262e+02,1.773434397973194798e-02,nan,1.266028136110289775e-05,9.748025407051274627e+00,1.000000000000000000e+00,1.000000000000000000e+00,-1.000000000000000000e+00,0.000000000000000000e+00
4.330000000000000000e+02,4.384667793772427302e+01,2.567365324252380177e+01,-8.722498347734388563e-03,2.800879951257772404e+02,2.705833660837608790e-02,nan,2.133901148351622550e-05,8.938925145388548543e+00,1.000000000000000000e+00,1.000000000000000000e+00,-1.000000000000000000e+00,0.000000000000000000e+00
4.330000000000000000e+02,3.601796984136764479e+01,2.998824618936129838e+01,-6.592658718416017152e-03,2.115346413971690538e+02,1.611895917556193103e-01,nan,8.543456806918227927e-05,7.001307165873135396e+00,1.000000000000000000e+00,1.000000000000000000e+00,-1.000000000000000000e+00,0.000000000000000000e+00
4.340000000000000000e+02,2.406458998518276715e+01,2.678903559616913199e+01,-8.645821642936547466e-03,2.776199946273393948e+02,2.203979500357311494e-02,nan,1.612684802346231878e-05,1.237409545808659850e+01,1.000000000000000000e+00,1.000000000000000000e+00,-1.000000000000000000e+00,0.000000000000000000e+00
4.340000000000000000e+02,3.968898499863021101e+01,3.594995313838646922e+01,-8.881307740176171833e-03,2.851996083691514059e+02,5.498649787111942189e-02,nan,4.437199949100640407e-05,7.001307165873135396e+00,1.000000000000000000e+00,1.000000000000000000e+00,-1.000000000000000000e+00,0.000000000000000000e+00
4.340000000000000000e+02,1.283027943910621502e+02,4.526709556769926479e+01,-1.289746206577232135e-03,4.084928452253408437e+01,3.088390836196699407e-01,nan,8.524142870690658936e-06,9.726136041328629744e+00,1.000000000000000000e+00,1.000000000000000000e+00,-1.000000000000000000e+00,0.000000000000000000e+00
4.360000000000000000e+02,1.040563890672328107e+01,1.897233537941716008e+01,-7.379335844198058568e-03,2.368554939776051071e+02,1.826865504806440832e-02,nan,1.022114798179287509e-05,1.573746316412908719e+01,1.000000000000000000e+00,1.000000000000000000e+00,-1.000000000000000000e+00,0.000000000000000000e+00
4.360000000000000000e+02,1.272788155570295459e+02,3.559501256340877262e+01,-1.182331495548497860e-03,3.739191685060016823e+01,3.703177688458658690e-01,nan,1.000440444163389976e-05,9.726136041328629744e+00,1.000000000000000000e+00,1.000000000000000000e+00,-1.000000000000000000e+00,0.000000000000000000e+00
4.400000000000000000e+02,1.137696989870345305e+02,1.806759892892856811e+01,-8.700841401312452844e-03,2.793909209008884886e+02,2.439731054225746654e-02,nan,2.060140559131965274e-05,8.357999245633932262e+00,1.000000000000000000e+00,1.000000000000000000e+00,-1.000000000000000000e+00,0.000000000000000000e+00
4.420000000000000000e+02,1.347785127193568542e+02,8.891755007072504213e+00,-1.274333493562503474e-03,4.035319404103883301e+01,3.590649622964344756e-01,nan,1.082426597433021186e-05,1.961336437049566328e+01,1.000000000000000000e+00,1.000000000000000000e+00,-1.000000000000000000e+00,0.000000000000000000e+00
4.430000000000000000e+02,1.336105299451850783e+02,5.181747335637020058e+01,-2.325565337784726502e-02,7.478680588721174445e+02,3.927147669095742977e-03,nan,2.332272286659406492e-05,2.766110254662904566e+01,1.000000000000000000e+00,1.000000000000000000e+00,-1.000000000000000000e+00,0.000000000000000000e+00
4.440000000000000000e+02,1.151876387990209025e+02,9.830754989676020017e+00,-8.060289582085393770e-03,2.587734176670747956e+02,1.842367612011308609e-02,nan,1.185748702585378065e-05,8.357999245633932262e+00,1.000000000000000000e+00,1.000000000000000000e+00,-1.000000000000000000e+00,0.000000000000000000e+00
4.450000000000000000e+02,6.405830213186814603e+01,2.530207230290159970e+01,-7.314021891979281646e-03,2.347532274932030987e+02,3.050640899825374230e-02,nan,1.631577160423628369e-05,4.733400792188283468e+00,1.000000000000000000e+00,1.000000000000000000e+00,-1.000000000000000000e+00,0.000000000000000000e+00
4.480000000000000000e+02,1.260685472132503975e+02,2.520441095148475696e+01,-1.668872593574461868e-02,5.364977314298381543e+02,5.152173502473766931e-03,nan,1.672840798670584416e-05,1.883463473367369545e+01,1.000000000000000000e+00,1.000000000000000000e+00,-1.000000000000000000e+00,0.000000000000000000e+00
4.500000000000000000e+02,6.493505598717933935e+01,2.995356515323316060e+01,-7.596580636011211057e-03,2.438479730609392675e+02,2.520503084356418011e-02,nan,1.505747158515776834e-05,4.733400792188283468e+00,1.000000000000000000e+00,1.000000000000000000e+00,-1.000000000000000000e+00,0.000000000000000000e+00
4.500000000000000000e+02,1.228926532485136107e+02,4.982945935170059926e+01,-7.631752314061680635e-03,2.449800472572458716e+02,1.920698752702754142e-02,nan,1.151899357731050963e-05,2.482900141343232292e+01,1.000000000000000000e+00,1.000000000000000000e+00,-1.000000000000000000e+00,0.000000000000000000e+00
4.500000000000000000e+02,6.136214166765648770e+01,1.454556391034548390e+01,-1.757856329283438756e-03,5.591639022574186413e+01,2.310590515812538381e-01,nan,1.030426867237698941e-05,1.108926300742786886e+01,1.000000000000000000e+00,1.000000000000000000e+00,-1.000000000000000000e+00,0.000000000000000000e+00
4.530000000000000000e+02,5.388810728960370255e+01,2.774699226659507190e+01,-8.455306178830508668e-03,2.714878549949243620e+02,1.842445072100085124e-02,nan,1.317402077082128246e-05,1.126516930325125720e+01,1.000000000000000000e+00,1.000000000000000000e+00,-1.000000000000000000e+00,0.000000000000000000e+00
4.530000000000000000e+02,6.083857104115328696e+01,5.112501695251519607e+01,-7.498600634124348747e-03,2.406942812828266653e+02,1.820763394263624768e-02,nan,1.024652761931906078e-05,2.156412669695530582e+01,1.000000000000000000e+00,1.000000000000000000e+00,-1.000000000000000000e+00,0.000000000000000000e+00
4.540000000000000000e+02,3.326571715992896827e+01,1.976408488655433615e+01,-8.571146445802929267e-03,2.752164168492824956e+02,5.519068659359172013e-02,nan,4.415879487113319457e-05,6.243556694468208157e+00,1.000000000000000000e+00,1.000000000000000000e+00,-1.000000000000000000e+00,0.000000000000000000e+00
4.540000000000000000e+02,3.591788409181710762e+01,2.905844157061149247e+01,-7.978268526408054465e-03,2.561333980310226366e+02,1.599096696451995925e-01,nan,1.226565183103408673e-04,3.590693000951691083e+00,1.000000000000000000e+00,1.000000000000000000e+00,-1.000000000000000000e+00,0.000000000000000000e+00
4.560000000000000000e+02,1.087558509809308873e+02,4.812500928087921892e+01,-8.706763948052999996e-03,2.795815504844918564e+02,1.398488157117327990e-02,nan,1.016442736152294467e-05,3.509935246147041710e+01,1.000000000000000000e+00,1.000000000000000000e+00,-1.000000000000000000e+00,0.000000000000000000e+00
4.570000000000000000e+02,8.103986847071904265e+01,2.337716825393426845e+01,-8.529669739661576919e-03,2.738814021052307908e+02,1.323285491058712182e-02,nan,1.056098743560922467e-05,2.252639526181768659e+01,1.000000000000000000e+00,1.000000000000000000e+00,-1.000000000000000000e+00,0.000000000000000000e+00
4.570000000000000000e+02,3.412308469979654291e+01,2.594849440554806108e+01,-7.202081991070765320e-03,2.311502070978211236e+02,2.194870465020043460e-01,nan,1.510584438119118116e-04,3.590693000951691083e+00,1.000000000000000000e+00,1.000000000000000000e+00,-1.000000000000000000e+00,0.000000000000000000e+00
4.580000000000000000e+02,1.404642650588007768e+02,3.307372960502200954e+01,-8.277750343457915272e-03,2.657728481834624858e+02,1.500590713383098684e-02,nan,1.075469266507250824e-05,3.371816814876272161e+01,1.000000000000000000e+00,1.000000000000000000e+00,-1.000000000000000000e+00,0.000000000000000000e+00
4.590000000000000000e+02,4.228818911995212204e+01,4.703876151124082128e+01,-8.498542980483754505e-03,2.728795221031081155e+02,1.611624131486466549e-02,nan,1.190885057795136136e-05,1.907544734256250507e+01,1.000000000000000000e+00,1.000000000000000000e+00,-1.000000000000000000e+00,0.000000000000000000e+00
4.590000000000000000e+02,5.884091645800812387e+01,1.955028792800296245e+01,-1.331725093906886139e-03,4.220046302096599078e+01,2.675835681336341532e-01,nan,7.448433847479597869e-06,1.165961004510964294e+01,1.000000000000000000e+00,1.000000000000000000e+00,-1.000000000000000000e+00,0.000000000000000000e+00
4.600000000000000000e+02,3.846321932941479815e+01,2.822435364870798225e+01,-8.256024177954917123e-03,2.650735459973303136e+02,8.874800971008356409e-02,nan,6.522339739944055291e-05,4.900643212669948845e+00,1.000000000000000000e+00,1.000000000000000000e+00,-1.000000000000000000e+00,0.000000000000000000e+00
4.630000000000000000e+02,1.067461402458786353e+02,3.301967030016804472e+01,-7.777708800724214729e-03,2.496779627816949301e+02,4.167788424066343200e-02,nan,2.606227969005968207e-05,1.770762400261702041e+01,1.000000000000000000e+00,1.000000000000000000e+00,-1.000000000000000000e+00,0.000000000000000000e+00
4.630000000000000000e+02,6.831442280938847489e+01,2.634728607530135847e+01,-7.658625315764843594e-03,2.458450111569438263e+02,1.093495861674620429e-02,nan,6.953660445982506123e-06,1.165961004510964294e+01,1.000000000000000000e+00,1.000000000000000000e+00,-1.000000000000000000e+00,0.000000000000000000e+00
4.660000000000000000e+02,1.063223657995468727e+02,1.531711785605155640e+01,-8.970626944691773366e-03,2.880745342263041380e+02,2.716570657761541163e-02,nan,2.309798863278440166e-05,9.441256485095991025e+00,1.000000000000000000e+00,1.000000000000000000e+00,-1.000000000000000000e+00,0.000000000000000000e+00
4.660000000000000000e+02,7.488100365290524962e+01,5.234008785344507686e+01,-2.138076447200441647e-03,6.815457186134196377e+01,1.892022356873064304e-01,nan,1.116007760559146285e-05,1.215656389007941129e+01,1.000000000000000000e+00,1.000000000000000000e+00,-1.000000000000000000e+00,0.000000000000000000e+00
4.670000000000000000e+02,1.019194086289288492e+02,6.965393951906349024e+00,-8.269111682713102193e-03,2.654947947762348122e+02,2.642649132096941411e-02,nan,1.897876911282913944e-05,9.441256485095991025e+00,1.000000000000000000e+00,1.000000000000000000e+00,-1.000000000000000000e+00,0.000000000000000000e+00
4.670000000000000000e+02,2.195501592388671952e+01,2.314260585458124453e+01,1.586058837100951489e-03,-5.038672776235581097e+01,3.410519071765494292e-01,nan,1.516031626881276503e-05,1.311029071948552449e+01,1.000000000000000000e+00,1.000000000000000000e+00,-1.000000000000000000e+00,0.000000000000000000e+00
4.680000000000000000e+02,8.978993705213906651e+01,1.000439771746393625e+01,-7.670291231151066258e-03,2.462205031015160444e+02,1.613229353697709367e-02,nan,9.340697361008078417e-06,1.250438421591500848e+01,1.000000000000000000e+00,1.000000000000000000e+00,-1.000000000000000000e+00,0.000000000000000000e+00
4.700000000000000000e+02,5.784714932463847958e+01,1.508645734275904893e+01,-6.901927357314089316e-03,2.214891009290963382e+02,2.134793375560795070e-02,nan,1.007703639770397166e-05,2.826719372990081425e+01,1.000000000000000000e+00,1.000000000000000000e+00,-1.000000000000000000e+00,0.000000000000000000e+00
4.700000000000000000e+02,1.547984615691557764e+01,3.454225055247999876e+01,-8.198388764440686996e-03,2.632184293793715710e+02,1.430859700237585574e-02,nan,1.377603878604629436e-05,1.311029071948552449e+01,1.000000000000000000e+00,1.000000000000000000e+00,-1.000000000000000000e+00,0.000000000000000000e+00
4.710000000000000000e+02,1.413888529249383339e+02,3.130525843776107209e+01,-8.408127672795062332e-03,2.699693158673233597e+02,1.592098520566576081e-02,nan,1.136946265795538425e-05,2.717814576250167846e+01,1.000000000000000000e+00,1.000000000000000000e+00,-1.000000000000000000e+00,0.000000000000000000e+00
4.720000000000000000e+02,1.028192151815173645e+02,4.177265738112470217e+01,-6.860814662026658121e-03,2.201658026375353927e+02,1.985587025898982727e-02,nan,1.029306414595647853e-05,2.278190970866946330e+01,1.000000000000000000e+00,1.000000000000000000e+00,-1.000000000000000000e+00,0.000000000000000000e+00
4.730000000000000000e+02,3.761401684069151941e+01,3.482612783774943921e+01,-8.242485694230498525e-03,2.646377815149095909e+02,1.435954116016346926e-02,nan,9.661739050054754069e-06,2.213599101399389113e+01,1.000000000000000000e+00,1.000000000000000000e+00,-1.000000000000000000e+00,0.000000000000000000e+00
4.760000000000000000e+02,6.975023428602204945e+01,8.219004985759886139e+00,-5.974128625587617723e-03,1.916259535965647842e+02,2.613813633609562981e-02,nan,9.760431472905684469e-06,3.081046306882852193e+01,1.000000000000000000e+00,1.000000000000000000e+00,-1.000000000000000000e+00,0.000000000000000000e+00
4.780000000000000000e+02,8.068032796865098533e+01,4.215083281941998905e+01,-8.698259604184957125e-03,2.793078203475415080e+02,1.486774324541118020e-02,nan,1.198419675574625016e-05,1.454693220624021777e+01,1.000000000000000000e+00,1.000000000000000000e+00,-1.000000000000000000e+00,0.000000000000000000e+00
4.780000000000000000e+02,1.284816717745172632e+01,4.838646775000754019e+01,-8.003826172667347777e-03,2.569560244580859489e+02,4.051403490565619325e-02,nan,2.747605788787820931e-05,2.823526391019171200e+01,1.000000000000000000e+00,1.000000000000000000e+00,-1.000000000000000000e+00,0.000000000000000000e+00
4.790000000000000000e+02,1.181270704264550488e+02,3.171858074749222567e+01,-8.683523271087770570e-03,2.788335005717387958e+02,1.057740764428305447e-02,nan,8.601158925149496965e-06,1.514507768212430250e+01,1.000000000000000000e+00,1.000000000000000000e+00,-1.000000000000000000e+00,0.000000000000000000e+00
4.810000000000000000e+02,9.501714824343162036e+01,4.461433054046374735e+01,-1.249166406358596850e-03,3.954313857598943116e+01,3.584964066934401838e-01,nan,1.099436009710181052e-05,1.030815996670134282e+01,1.000000000000000000e+00,1.000000000000000000e+00,-1.000000000000000000e+00,0.000000000000000000e+00
4.820000000000000000e+02,4.192742960734686619e+01,5.082231618517239724e+01,-8.276167242649382430e-03,2.657218927649317379e+02,1.202268659722038890e-02,nan,8.240923366403707343e-06,2.918110452100478724e+01,1.000000000000000000e+00,1.000000000000000000e+00,-1.000000000000000000e+00,0.000000000000000000e+00
4.850000000000000000e+02,1.256824459965046614e+01,4.326519398732914112e+01,-8.172764355926830440e-03,2.623936540691765344e+02,1.729651836560608391e-02,nan,1.140511162907975579e-05,3.031619765454237125e+01,1.000000000000000000e+00,1.000000000000000000e+00,-1.000000000000000000e+00,0.000000000000000000e+00
4.860000000000000000e+02,1.327442145167837850e+02,2.674146995910435010e+01,-1.244730553184062241e-03,3.940036134169627502e+01,3.722817000593845460e-01,nan,1.141815486976431751e-05,9.958794137597775986e+00,1.000000000000000000e+00,1.000000000000000000e+00,-1.000000000000000000e+00,0.000000000000000000e+00
4.870000000000000000e+02,9.145936606175632733e+01,3.318694745773765220e+01,-7.273334396991127694e-03,2.334436151647168742e+02,2.373586170584662813e-02,nan,1.284287583102243578e-05,1.647792976522523034e+01,1.000000000000000000e+00,1.000000000000000000e+00,-1.000000000000000000e+00,0.000000000000000000e+00
4.870000000000000000e+02,7.885414705990511663e+01,4.379970502884351191e+01,-1.176220750039127551e-03,3.719522969505905508e+01,3.634227008762802580e-01,nan,9.272263150277322490e-06,8.768399578030535935e+00,1.000000000000000000e+00,1.000000000000000000e+00,-1.000000000000000000e+00,0.000000000000000000e+00
4.880000000000000000e+02,1.256090022868017968e+02,1.979407281282234976e+01,-8.065637886584237082e-03,2.589455640602165545e+02,1.921400082357227479e-02,nan,1.427322475618668988e-05,9.958794137597775986e+00,1.000000000000000000e+00,1.000000000000000000e+00,-1.000000000000000000e+00,0.000000000000000000e+00
4.880000000000000000e+02,7.535339323975185266e+01,1.446304779253208928e+01,-8.184957759329839974e-03,2.627861243214600790e+02,1.260364259016844013e-02,nan,8.697881779982760927e-06,2.469791042205457288e+01,1.000000000000000000e+00,1.000000000000000000e+00,-1.000000000000000000e+00,0.000000000000000000e+00
4.880000000000000000e+02,1.314259687560596035e+02,4.057282965940674302e+01,-8.866657664566060179e-03,2.847280649714110723e+02,1.243204508498152450e-02,nan,9.818765671814601328e-06,8.362642133390568944e+00,1.000000000000000000e+00,1.000000000000000000e+00,-1.000000000000000000e+00,0.000000000000000000e+00
4.900000000000000000e+02,1.088863486671336460e+02,1.461861862570177450e+01,-7.924592706364070802e-03,2.544057292302848339e+02,2.002358826527528279e-02,nan,1.315760277428313869e-05,1.750521265584580632e+01,1.000000000000000000e+00,1.000000000000000000e+00,-1.000000000000000000e+00,0.000000000000000000e+00
4.910000000000000000e+02,1.347235586168558541e+02,5.727216688066971706e+00,-7.767501628765957275e-03,2.493494235526417526e+02,2.541984121067608626e-02,nan,1.667574209241906878e-05,1.676161025463533605e+01,1.000000000000000000e+00,1.000000000000000000e+00,-1.000000000000000000e+00,0.000000000000000000e+00
4.920000000000000000e+02,4.157352851349562428e+01,5.194587128925251562e+01,-8.149468266495660598e-03,2.616438205900336129e+02,2.105675393863826184e-02,nan,1.364566201450104976e-05,3.030882723961867242e+01,1.000000000000000000e+00,1.000000000000000000e+00,-1.000000000000000000e+00,0.000000000000000000e+00
4.920000000000000000e+02,2.779319019640997013e+01,8.303278369699837569e+00,-1.905934181743964900e-03,6.068258635589269545e+01,2.453961161666970980e-01,nan,1.265677011317854522e-05,2.078385324132086254e+01,1.000000000000000000e+00,1.000000000000000000e+00,-1.000000000000000000e+00,0.000000000000000000e+00
4.940000000000000000e+02,1.009021403321703936e+01,4.427780055663851755e+01,-7.974925994779410651e-03,2.560258116428584003e+02,1.807075822380022068e-02,nan,1.105953248511743831e-05,3.240367879461359735e+01,1.000000000000000000e+00,1.000000000000000000e+00,-1.000000000000000000e+00,0.000000000000000000e+00
4.960000000000000000e+02,9.029700383690769172e+01,2.308126586215831466e+01,-7.423697464130850007e-03,2.382833657203240705e+02,1.775305544284644377e-02,nan,1.113580269343527042e-05,1.327194629161472328e+01,1.000000000000000000e+00,1.000000000000000000e+00,-1.000000000000000000e+00,0.000000000000000000e+00
5.000000000000000000e+02,4.649942063956012106e+01,3.181317042367169279e+01,-8.090049365132310003e-03,2.597312986765265919e+02,1.781131502372879094e-02,nan,1.137468878533962124e-05,1.597429410553773366e+01,1.000000000000000000e+00,1.000000000000000000e+00,-1.000000000000000000e+00,0.000000000000000000e+00
5.010000000000000000e+02,1.285459283042968934e+02,4.727037938662033412e+01,-9.051190908121852646e-03,2.906676542935499583e+02,1.556960317084288281e-02,nan,1.361402283307471904e-05,2.627293433606993744e+01,1.000000000000000000e+00,1.000000000000000000e+00,-1.000000000000000000e+00,0.000000000000000000e+00
5.010000000000000000e+02,9.218972363330456687e+01,3.621755796228433155e+01,-1.353845509297272329e-03,4.291245496627794864e+01,3.152071601015921098e-01,nan,1.000817213854310111e-05,1.167284336260444455e+01,1.000000000000000000e+00,1.000000000000000000e+00,-1.000000000000000000e+00,0.000000000000000000e+00
5.020000000000000000e+02,8.051496027727378646e+01,5.295518905955499633e+01,-1.508280100872660132e-03,4.788325607189402433e+01,2.607944373702826280e-01,nan,8.798333928402876338e-06,2.040706726033020857e+01,1.000000000000000000e+00,1.000000000000000000e+00,-1.000000000000000000e+00,0.000000000000000000e+00
5.020000000000000000e+02,3.471987388119480755e+01,1.374562882957240717e+01,-1.404122965207250766e-03,4.453074029261227196e+01,3.131164899236900112e-01,nan,1.042015508131549245e-05,1.407066405025618216e+01,1.000000000000000000e+00,1.000000000000000000e+00,-1.000000000000000000e+00,0.000000000000000000e+00
5.030000000000000000e+02,1.143255771924054045e+02,2.517855526813774247e+01,-6.851350739616314349e-03,2.198611864534220217e+02,1.861021193588585643e-02,nan,8.334291262042088053e-06,1.049126653897936556e+01,1.000000000000000000e+00,1.000000000000000000e+00,-1.000000000000000000e+00,0.000000000000000000e+00
5.040000000000000000e+02,5.140245055114306183e+01,5.070123127824950870e+01,-1.551697927560579662e-03,4.928074985034199784e+01,2.711950884101662629e-01,nan,9.944185008217155795e-06,1.951406019156730665e+01,1.000000000000000000e+00,1.000000000000000000e+00,-1.000000000000000000e+00,0.000000000000000000e+00
5.050000000000000000e+02,4.861212838448997786e+01,1.597920256483318369e+01,-7.524967389955802485e-03,2.415429505977872111e+02,1.940079638620184621e-02,nan,1.082654776788535586e-05,1.407066405025618216e+01,1.000000000000000000e+00,1.000000000000000000e+00,-1.000000000000000000e+00,0.000000000000000000e+00
5.060000000000000000e+02,8.462488242141103001e+01,2.732776327361262148e+01,-8.529426365369081886e-03,2.738735685933868922e+02,1.390094588601542558e-02,nan,9.999660150247845040e-06,1.167284336260444455e+01,1.000000000000000000e+00,1.000000000000000000e+00,-1.000000000000000000e+00,0.000000000000000000e+00
5.070000000000000000e+02,6.073732644072534015e+01,3.108561070604635290e+01,-1.307724290792849995e-03,4.142794685449116088e+01,2.841017085727682856e-01,nan,7.377983198685007994e-06,1.937069938933143831e+01,1.000000000000000000e+00,1.000000000000000000e+00,-1.000000000000000000e+00,0.000000000000000000e+00
5.160000000000000000e+02,2.756882351042873580e+01,1.740011488903821402e+01,-8.839823215779562746e-03,2.838643419781631110e+02,1.782107329950488595e-02,nan,1.460168227657541063e-05,1.719079191321819522e+01,1.000000000000000000e+00,1.000000000000000000e+00,-1.000000000000000000e+00,0.000000000000000000e+00
5.160000000000000000e+02,1.023203673026440299e+02,2.300466020874956286e+01,-6.045876278026353183e-03,1.939353022109503684e+02,2.970361109272090516e-02,nan,1.059574552857956114e-05,1.262456506186875593e+01,1.000000000000000000e+00,1.000000000000000000e+00,-1.000000000000000000e+00,0.000000000000000000e+00
5.170000000000000000e+02,4.184651279182581618e+01,3.606399705345000228e+01,-8.781435581957831513e-03,2.819850135725598079e+02,1.637359571614727116e-02,nan,1.200669913196727106e-05,2.349878525931009676e+01,1.000000000000000000e+00,1.000000000000000000e+00,-1.000000000000000000e+00,0.000000000000000000e+00
5.180000000000000000e+02,6.958977179550875292e+01,1.796243280491940553e+01,-7.484145509079118477e-03,2.402290127777354769e+02,1.007282471779757937e-01,nan,6.222351454070875019e-05,7.279968291890462240e+00,1.000000000000000000e+00,1.000000000000000000e+00,-1.000000000000000000e+00,0.000000000000000000e+00
5.180000000000000000e+02,1.382782229814610844e+02,4.451684222564687587e+01,-6.728387309468507847e-03,2.159033506583845679e+02,2.770120533504116800e-02,nan,1.213225068003460183e-05,2.535741492163937494e+01,1.000000000000000000e+00,1.000000000000000000e+00,-1.000000000000000000e+00,0.000000000000000000e+00
5.190000000000000000e+02,8.369156811976976940e+01,1.447665395831205792e+01,-8.770118843260826108e-03,2.816207606117872047e+02,1.393344182066813541e-02,nan,1.129313574310715399e-05,1.233844168490952420e+01,1.000000000000000000e+00,1.000000000000000000e+00,-1.000000000000000000e+00,0.000000000000000000e+00
5.190000000000000000e+02,6.462715356310081916e+01,1.263604954699448513e+01,-7.493195738296956794e-03,2.405203133791305277e+02,1.701031403503435735e-01,nan,1.175202600070614131e-04,7.279968291890462240e+00,1.000000000000000000e+00,1.000000000000000000e+00,-1.000000000000000000e+00,0.000000000000000000e+00
5.200000000000000000e+02,8.987962100351889205e+01,2.515116306739230367e+01,-8.830968173557903964e-03,2.835793238794542503e+02,1.023902707431778580e-02,nan,7.574129678680890311e-06,1.233844168490952420e+01,1.000000000000000000e+00,1.000000000000000000e+00,-1.000000000000000000e+00,0.000000000000000000e+00
5.200000000000000000e+02,6.435582627563077551e+01,2.649162375158770644e+01,-8.239732122304780498e-03,2.645491520295519194e+02,1.964198721185794749e-02,nan,1.007003608107741802e-05,1.000706170210712997e+01,1.000000000000000000e+00,1.000000000000000000e+00,-1.000000000000000000e+00,0.000000000000000000e+00
5.240000000000000000e+02,1.423973418989409936e+02,3.963881174486190417e+01,-1.302892789987432397e-03,4.127243487171344327e+01,3.341423433237755702e-01,nan,9.829295271929621580e-06,1.366669970804810141e+01,1.000000000000000000e+00,1.000000000000000000e+00,-1.000000000000000000e+00,0.000000000000000000e+00
5.270000000000000000e+02,1.019304120206700617e+02,4.074241752651207804e+01,-1.290128364027115721e-03,4.086158506126069057e+01,3.227079763458555739e-01,nan,8.826949512193802159e-06,3.109903621605841906e+01,1.000000000000000000e+00,1.000000000000000000e+00,-1.000000000000000000e+00,0.000000000000000000e+00
5.280000000000000000e+02,5.934438539674913216e+01,4.724961305090604213e+01,-1.108466563382587986e-03,3.501441914926861898e+01,3.680066197155502650e-01,nan,1.012004609082562228e-05,7.975634912892071604e+00,1.000000000000000000e+00,1.000000000000000000e+00,-1.000000000000000000e+00,0.000000000000000000e+00
5.300000000000000000e+02,2.488695204925500093e+01,3.076120593675770820e+01,-6.407535674403213623e-03,2.055760681107906862e+02,3.524518446497149071e-02,nan,1.468630382923499968e-05,2.034160102591616592e+01,1.000000000000000000e+00,1.000000000000000000e+00,-1.000000000000000000e+00,0.000000000000000000e+00
5.320000000000000000e+02,5.171314855245933018e+01,4.956801260449829272e+01,-8.198407371549192024e-03,2.632190282881690564e+02,2.110786430150568549e-02,nan,1.391116492623089857e-05,7.975634912892071604e+00,1.000000000000000000e+00,1.000000000000000000e+00,-1.000000000000000000e+00,0.000000000000000000e+00
5.330000000000000000e+02,4.104443849549215884e+01,1.007285557212687088e+01,-8.901956942897987918e-03,2.858642462502933768e+02,8.888018451249535268e-03,nan,6.979397435179852783e-06,2.395210417876216624e+01,1.000000000000000000e+00,1.000000000000000000e+00,-1.000000000000000000e+00,0.000000000000000000e+00
5.330000000000000000e+02,4.413690085427031562e+01,3.733541336441338387e+01,-8.501136415086497575e-03,2.729629972329942120e+02,1.962903865651766111e-02,nan,1.410899174871172458e-05,1.438874606603508788e+01,1.000000000000000000e+00,1.000000000000000000e+00,-1.000000000000000000e+00,0.000000000000000000e+00
5.360000000000000000e+02,2.020216300692340994e+01,2.187551828224793482e+01,-1.434823370863170253e-03,4.551889721277229484e+01,3.056332986231916626e-01,nan,1.021668882039367513e-05,1.700447331527697514e+01,1.000000000000000000e+00,1.000000000000000000e+00,-1.000000000000000000e+00,0.000000000000000000e+00
5.370000000000000000e+02,1.349732038895787412e+02,1.103537654986558714e+01,-8.134818584318241619e-03,2.611722898557492840e+02,1.855824629559943428e-02,nan,1.233619178755992912e-05,1.091840041801079231e+01,1.000000000000000000e+00,1.000000000000000000e+00,-1.000000000000000000e+00,0.000000000000000000e+00
5.370000000000000000e+02,6.271418199783862235e+01,4.046016510509929276e+01,-7.220136807597748486e-03,2.317313392200906037e+02,2.264923812679053849e-02,nan,1.181683792972053359e-05,1.048918428896935673e+01,1.000000000000000000e+00,1.000000000000000000e+00,-1.000000000000000000e+00,0.000000000000000000e+00
5.370000000000000000e+02,3.301920226938007374e+01,5.168982365104927368e+01,-7.352455309440796699e-03,2.359902876107677798e+02,2.462601314333756619e-02,nan,1.333619606156041172e-05,1.815632992929872813e+01,1.000000000000000000e+00,1.000000000000000000e+00,-1.000000000000000000e+00,0.000000000000000000e+00
5.380000000000000000e+02,8.015354744522200292e+01,3.908815483895695309e+01,-9.039761071415850988e-03,2.902997610362451724e+02,1.346918945483333019e-02,nan,1.118823421735838368e-05,1.658994996815803802e+01,1.000000000000000000e+00,1.000000000000000000e+00,-1.000000000000000000e+00,0.000000000000000000e+00
5.380000000000000000e+02,1.249870019825170999e+02,6.620941233835157647e+00,-8.090091668501782352e-03,2.597326602991630580e+02,1.321682424613168649e-02,nan,1.048993263557054704e-05,9.139261149431884945e+00,1.000000000000000000e+00,1.000000000000000000e+00,-1.000000000000000000e+00,0.000000000000000000e+00
5.380000000000000000e+02,5.626238223816894646e+01,4.873042912199064602e+01,-8.554212120864834040e-03,2.746713500979384435e+02,2.066266568453134500e-02,nan,1.522297586878551030e-05,1.048918428896935673e+01,1.000000000000000000e+00,1.000000000000000000e+00,-1.000000000000000000e+00,0.000000000000000000e+00
5.400000000000000000e+02,1.219081752268594840e+02,1.522599324798137310e+01,-3.612091980614594734e-03,1.155988521125939883e+02,1.259275326966436959e-01,nan,1.964083112830195571e-05,7.200052325433183853e+00,1.000000000000000000e+00,1.000000000000000000e+00,-1.000000000000000000e+00,0.000000000000000000e+00
5.400000000000000000e+02,9.657535622135581832e+01,4.144413371536507640e+01,-6.891524579981468668e-03,2.211542657309779827e+02,2.480107625317651276e-02,nan,1.165038403662897658e-05,1.157736118918626111e+01,1.000000000000000000e+00,1.000000000000000000e+00,-1.000000000000000000e+00,0.000000000000000000e+00
5.410000000000000000e+02,1.257925027087784997e+01,3.707562729990307560e+01,-7.701563183192009984e-03,2.472270564403385436e+02,1.647076430687299808e-02,nan,1.047145983228646867e-05,1.700447331527697514e+01,1.000000000000000000e+00,1.000000000000000000e+00,-1.000000000000000000e+00,0.000000000000000000e+00
5.430000000000000000e+02,9.683814504538490553e+01,2.986975536752964189e+01,-1.711383358049471930e-03,5.442056021489678841e+01,2.788672753205553301e-01,nan,1.225590196175604516e-05,1.157736118918626111e+01,1.000000000000000000e+00,1.000000000000000000e+00,-1.000000000000000000e+00,0.000000000000000000e+00
5.450000000000000000e+02,1.300008089619089802e+01,1.426103289971422328e+01,-1.114822582731296715e-03,3.521900095755122351e+01,3.395955378908728228e-01,nan,7.497938432000784671e-06,2.281847532286787228e+01,1.000000000000000000e+00,1.000000000000000000e+00,-1.000000000000000000e+00,0.000000000000000000e+00
5.490000000000000000e+02,3.591279522112579770e+01,7.745339542818423517e+00,-1.309334647008846128e-03,4.147977954545276447e+01,3.730162281112492373e-01,nan,1.263444314429045302e-05,2.231252311286667478e+01,1.000000000000000000e+00,1.000000000000000000e+00,-1.000000000000000000e+00,0.000000000000000000e+00
5.500000000000000000e+02,8.078538983962585007e+01,4.156247143674134037e+01,-7.871909210002935031e-03,2.527100004477094899e+02,1.756406596011272914e-02,nan,1.034909106471667069e-05,1.922078762743268499e+01,1.000000000000000000e+00,1.000000000000000000e+00,-1.000000000000000000e+00,0.000000000000000000e+00
5.510000000000000000e+02,1.211392797185121850e+02,3.556235239503805445e+01,-8.358359702305010255e-03,2.683674293973775775e+02,1.580320060842632657e-02,nan,1.110571760154028593e-05,7.302023769280200582e+00,1.000000000000000000e+00,1.000000000000000000e+00,-1.000000000000000000e+00,0.000000000000000000e+00
5.530000000000000000e+02,4.994201039476009640e+01,3.624991831993362723e+01,-7.433413209488174897e-03,2.385960873539387705e+02,2.276355342430314010e-02,nan,1.351805599925032826e-05,7.904432832002392217e+00,1.000000000000000000e+00,1.000000000000000000e+00,-1.000000000000000000e+00,0.000000000000000000e+00
5.540000000000000000e+02,3.184257112472142026e+01,2.968347901423346968e+01,1.377433015780058856e-03,-4.367166831418987982e+01,3.097327435267251960e-01,nan,9.702281551152558195e-06,7.204776307253603740e+00,1.000000000000000000e+00,1.000000000000000000e+00,-1.000000000000000000e+00,0.000000000000000000e+00
5.550000000000000000e+02,2.637609063664424625e+01,3.580510650737930689e+01,-1.193411828763070665e-03,3.774856060529101143e+01,3.543152529279772756e-01,nan,9.316121172437572754e-06,8.207114723906778764e+00,1.000000000000000000e+00,1.000000000000000000e+00,-1.000000000000000000e+00,0.000000000000000000e+00
5.560000000000000000e+02,4.636913317271065260e+00,1.274285576709213963e+01,-8.879224225104497339e-03,2.851325460684311111e+02,1.245537774848726187e-02,nan,9.478615550486274046e-06,2.262218392219477892e+01,1.000000000000000000e+00,1.000000000000000000e+00,-1.000000000000000000e+00,0.000000000000000000e+00
5.560000000000000000e+02,1.156157744980271929e+02,2.059841390057964716e+01,-7.680321733032212557e-03,2.465433558337444140e+02,1.252809166671686736e-02,nan,7.316259879915000975e-06,1.129589624958141769e+01,1.000000000000000000e+00,1.000000000000000000e+00,-1.000000000000000000e+00,0.000000000000000000e+00
5.560000000000000000e+02,1.284404396632383509e+02,3.567466708089541072e+01,-1.361128935047653532e-03,4.314688729392776878e+01,2.783111672445162110e-01,nan,9.778465958618279868e-06,7.302023769280200582e+00,1.000000000000000000e+00,1.000000000000000000e+00,-1.000000000000000000e+00,0.000000000000000000e+00
5.570000000000000000e+02,1.199751158711489865e+02,1.017759747988130847e+01,-7.419647009212096932e-03,2.381529933368897787e+02,2.906673866664899464e-02,nan,1.624307645147777464e-05,1.129589624958141769e+01,1.000000000000000000e+00,1.000000000000000000e+00,-1.000000000000000000e+00,0.000000000000000000e+00
5.590000000000000000e+02,1.099563336210984765e+01,3.445298899563252348e+01,-8.490226926688569653e-03,2.726118524769072451e+02,1.274787174148073188e-02,nan,9.027351857306328955e-06,7.997630652829978537e+00,1.000000000000000000e+00,1.000000000000000000e+00,-1.000000000000000000e+00,0.000000000000000000e+00
5.590000000000000000e+02,3.820426861109321948e+01,3.306543210815029710e+01,-8.774109931377407912e-03,2.817492221502297411e+02,1.205160836292318294e-02,nan,9.076124636045358000e-06,4.958071584100412821e+00,1.000000000000000000e+00,1.000000000000000000e+00,-1.000000000000000000e+00,0.000000000000000000e+00
5.600000000000000000e+02,9.587831860384874005e+01,4.597028696974452089e+01,-7.466281230950223315e-03,2.396540135332766965e+02,6.275764709885822690e-02,nan,3.588830347170919393e-05,1.999235813561061192e+01,1.000000000000000000e+00,1.000000000000000000e+00,-1.000000000000000000e+00,0.000000000000000000e+00
5.600000000000000000e+02,1.125844586874316775e+02,3.498851719751657896e+01,-2.042843569157613750e-03,6.508930202355949746e+01,1.823151398627271824e-01,nan,9.628194496627713177e-06,1.470591542339617597e+01,1.000000000000000000e+00,1.000000000000000000e+00,-1.000000000000000000e+00,0.000000000000000000e+00
5.610000000000000000e+02,6.737899095031366414e+01,3.497495734687270641e+01,-1.872193677067102548e-03,5.959657747510434689e+01,2.198890214223424566e-01,nan,1.045049283445508813e-05,1.273435872507222832e+01,1.000000000000000000e+00,1.000000000000000000e+00,-1.000000000000000000e+00,0.000000000000000000e+00
5.610000000000000000e+02,8.190191913544252600e+01,2.083214069344536057e+01,-1.230385808800425144e-03,3.893864566961411811e+01,3.720733546191650198e-01,nan,1.090959221986999639e-05,8.481233479004460563e+00,1.000000000000000000e+00,1.000000000000000000e+00,-1.000000000000000000e+00,0.000000000000000000e+00
5.610000000000000000e+02,1.307913150232167254e+02,4.322990622931894933e+01,-1.191708248929330798e-03,3.769372731674680921e+01,3.525874515595733838e-01,nan,9.241353072356424863e-06,7.912537743861010497e+00,1.000000000000000000e+00,1.000000000000000000e+00,-1.000000000000000000e+00,0.000000000000000000e+00
5.610000000000000000e+02,5.800334683670115510e+01,4.359245057830064241e+01,-1.367799452931224265e-03,4.336159189690850013e+01,3.459738036144713869e-01,nan,1.202034975393542876e-05,1.013002766619552375e+01,1.000000000000000000e+00,1.000000000000000000e+00,-1.000000000000000000e+00,0.000000000000000000e+00
5.610000000000000000e+02,1.373223895565952830e+02,5.175037740025642563e+01,-1.471424300588031501e-03,4.669697487067903552e+01,3.107944140033879199e-01,nan,1.117030312891109990e-05,1.073561193110679568e+01,1.000000000000000000e+00,1.000000000000000000e+00,-1.000000000000000000e+00,0.000000000000000000e+00
5.630000000000000000e+02,8.173383566789313193e+01,2.931170844618621985e+01,-1.611062225290944014e-03,5.119151423144354851e+01,2.722425664995428152e-01,nan,1.118829664313358037e-05,8.481233479004460563e+00,1.000000000000000000e+00,1.000000000000000000e+00,-1.000000000000000000e+00,0.000000000000000000e+00
5.640000000000000000e+02,4.088155604232326112e+01,2.215193020935171830e+01,-7.330364040465025231e-03,2.352792338039163269e+02,2.013349897512695108e-02,nan,1.065930400855187234e-05,4.544477053825096924e+00,1.000000000000000000e+00,1.000000000000000000e+00,-1.000000000000000000e+00,0.000000000000000000e+00
5.640000000000000000e+02,5.523378454524507930e+01,5.333652494335098737e+01,-8.562249797463802534e-03,2.749300595704547163e+02,5.557069680445025917e-02,nan,4.136422109154441756e-05,1.013002766619552375e+01,1.000000000000000000e+00,1.000000000000000000e+00,-1.000000000000000000e+00,0.000000000000000000e+00
5.650000000000000000e+02,4.958691685987510311e+01,3.763375487214317872e+01,-1.581517467167856215e-03,5.024055424997001040e+01,2.863657535630302897e-01,nan,1.121107792850362429e-05,1.031224263065001701e+01,1.000000000000000000e+00,1.000000000000000000e+00,-1.000000000000000000e+00,0.000000000000000000e+00
5.670000000000000000e+02,1.033597867721071282e+02,4.386630692252975905e+01,-7.876574195841229420e-03,2.528601527971677854e+02,1.641443310276780032e-02,nan,9.697491598225284635e-06,1.761208907655619171e+01,1.000000000000000000e+00,1.000000000000000000e+00,-1.000000000000000000e+00,0.000000000000000000e+00
5.670000000000000000e+02,1.002648840504569421e+02,2.280976311813626722e+01,-1.526444561713913989e-02,4.906542833382538333e+02,5.757002341430950132e-03,nan,1.527737952848779940e-05,1.222830795120333036e+01,1.000000000000000000e+00,1.000000000000000000e+00,-1.000000000000000000e+00,0.000000000000000000e+00
5.670000000000000000e+02,1.268289961676257604e+02,4.683480513311569382e+01,-6.832219314774920157e-03,2.192454014354185290e+02,1.616876548842904882e-02,nan,8.344555171003258348e-06,2.365619942587887437e+01,1.000000000000000000e+00,1.000000000000000000e+00,-1.000000000000000000e+00,0.000000000000000000e+00
5.680000000000000000e+02,1.330149687744714448e+01,1.106379412745423174e+01,-8.284266433347941064e-03,2.659825821977090641e+02,1.460729324427989528e-02,nan,1.018008497942891037e-05,1.937264516607308451e+01,1.000000000000000000e+00,1.000000000000000000e+00,-1.000000000000000000e+00,0.000000000000000000e+00
5.690000000000000000e+02,2.672752428621353360e+01,3.414634262705897072e+01,-1.142907869074361602e-03,3.612298477996773016e+01,3.688420512240894178e-01,nan,9.330694286572698568e-06,7.799929937413548231e+00,1.000000000000000000e+00,1.000000000000000000e+00,-1.000000000000000000e+00,0.000000000000000000e+00
5.700000000000000000e+02,7.901144562467987953e+01,2.449001803888500461e+01,-8.144121607648990846e-03,2.614717271656571711e+02,2.255430823089643599e-02,nan,1.503537427306347858e-05,1.724903942926323452e+01,1.000000000000000000e+00,1.000000000000000000e+00,-1.000000000000000000e+00,0.000000000000000000e+00
5.720000000000000000e+02,4.677821458605254890e+01,1.561343185648247456e+01,-1.246460748467062042e-02,4.005356231181002045e+02,1.523003498721110516e-01,nan,2.819511638670472217e-04,1.333520557922927097e+01,1.000000000000000000e+00,1.000000000000000000e+00,-1.000000000000000000e+00,0.000000000000000000e+00
5.730000000000000000e+02,3.253180953592181623e+01,8.719768575570546076e+00,-7.652190678780656369e-03,2.456378988752396140e+02,1.804128487074041498e-02,nan,1.031864412465557740e-05,1.582664368345303529e+01,1.000000000000000000e+00,1.000000000000000000e+00,-1.000000000000000000e+00,0.000000000000000000e+00
5.730000000000000000e+02,6.947023337798076170e+01,1.012009701976605669e+01,-8.230190936032210150e-03,2.642420489460472481e+02,1.655958217518083142e-02,nan,1.147004933529847938e-05,1.724903942926323452e+01,1.000000000000000000e+00,1.000000000000000000e+00,-1.000000000000000000e+00,0.000000000000000000e+00
5.740000000000000000e+02,1.363771822928227664e+02,3.436632380036552092e+01,-8.573082967864275802e-03,2.752787478717910972e+02,1.923989586672858465e-02,nan,1.348584467928747164e-05,2.586565654485366039e+01,1.000000000000000000e+00,1.000000000000000000e+00,-1.000000000000000000e+00,0.000000000000000000e+00
5.780000000000000000e+02,2.806320078051189881e+01,4.096570949836257824e+01,-5.777634587405521167e-03,1.853013810232903893e+02,3.254383297103036199e-02,nan,1.061913373329571950e-05,1.067311971623506750e+01,1.000000000000000000e+00,1.000000000000000000e+00,-1.000000000000000000e+00,0.000000000000000000e+00
5.790000000000000000e+02,1.042451843150742121e+02,1.645402167946047101e+01,-8.381455288008186205e-03,2.691108092436742254e+02,1.114601959112282437e-02,nan,8.137947734742579579e-06,1.438540196262341198e+01,1.000000000000000000e+00,1.000000000000000000e+00,-1.000000000000000000e+00,0.000000000000000000e+00
5.810000000000000000e+02,1.186159960823664790e+02,1.710175524760684951e+01,-7.566606874980224585e-03,2.428832047214603165e+02,1.695626440134700985e-02,nan,1.003328947720788728e-05,1.438540196262341198e+01,1.000000000000000000e+00,1.000000000000000000e+00,-1.000000000000000000e+00,0.000000000000000000e+00
5.820000000000000000e+02,3.228394370749431630e+01,1.075694995285360100e+01,-2.575026797813079280e-03,8.221873497252140339e+01,1.291270039076217735e-01,nan,1.042720092308720961e-05,2.628723871019024116e+01,1.000000000000000000e+00,1.000000000000000000e+00,-1.000000000000000000e+00,0.000000000000000000e+00
5.820000000000000000e+02,2.534459966200027026e+01,5.128678950171072870e+01,-1.242933404483120710e-03,3.934251634299184985e+01,3.475724126995298757e-01,nan,1.026830133988114074e-05,9.027156055658112521e+00,1.000000000000000000e+00,1.000000000000000000e+00,-1.000000000000000000e+00,0.000000000000000000e+00
5.830000000000000000e+02,1.813237326328343357e+01,4.585785435503077423e+01,-1.314832061124451791e-03,4.165672534422183304e+01,2.979542721018604290e-01,nan,8.626484653627313059e-06,6.203876232960589654e+00,1.000000000000000000e+00,1.000000000000000000e+00,-1.000000000000000000e+00,0.000000000000000000e+00
5.840000000000000000e+02,8.059839284360238310e+01,3.262949162461020336e+01,-1.043758537627140172e-03,3.293165567842796548e+01,3.552315554874793113e-01,nan,7.094486765955524911e-06,1.438467440152763110e+01,1.000000000000000000e+00,1.000000000000000000e+00,-1.000000000000000000e+00,0.000000000000000000e+00
5.880000000000000000e+02,1.379572347562879031e+02,1.205472217518408939e+01,-8.468773576059126368e-03,2.719213314094432690e+02,1.401979634420513765e-02,nan,1.032841096333236655e-05,4.285365632345494902e+01,1.000000000000000000e+00,1.000000000000000000e+00,-1.000000000000000000e+00,0.000000000000000000e+00
5.890000000000000000e+02,6.686187368971617673e+01,6.511741830640613848e+00,-2.993947051813780538e-03,9.570256162372302811e+01,9.912243032723033753e-02,nan,9.696403942381134477e-06,2.722441466987045189e+01,1.000000000000000000e+00,1.000000000000000000e+00,-1.000000000000000000e+00,0.000000000000000000e+00
5.890000000000000000e+02,6.036851835319665405e+00,1.728355718950190933e+01,-1.182756933211187881e-03,3.740561045371393334e+01,3.555899835179174850e-01,nan,9.337479598474482303e-06,2.804582054780041034e+01,1.000000000000000000e+00,1.000000000000000000e+00,-1.000000000000000000e+00,0.000000000000000000e+00
5.910000000000000000e+02,9.994031689979075850e+01,3.392473849676872533e+01,-8.835257863887708771e-03,2.837173965561559044e+02,3.015691874568682262e-02,nan,2.295564607489599158e-05,1.551965328970537783e+01,1.000000000000000000e+00,1.000000000000000000e+00,-1.000000000000000000e+00,0.000000000000000000e+00
5.930000000000000000e+02,1.121244845920519708e+02,4.624689787725017709e+01,-8.739445660390646881e-03,2.806334799140594782e+02,9.157913063304046197e-03,nan,7.292300413933426239e-06,1.732886476810091025e+01,1.000000000000000000e+00,1.000000000000000000e+00,-1.000000000000000000e+00,0.000000000000000000e+00
5.940000000000000000e+02,1.433723982773599914e+02,3.886722150808694920e+01,-7.750635785760594254e-03,2.488065610358766548e+02,1.556914800813902211e-02,nan,9.043798132352146455e-06,2.274721690741029434e+01,1.000000000000000000e+00,1.000000000000000000e+00,-1.000000000000000000e+00,0.000000000000000000e+00
5.950000000000000000e+02,1.041240771168438357e+02,1.897964603539977801e+01,-1.739695916583824595e-02,5.592937027680659412e+02,5.780465167333215248e-03,nan,1.846407864041013037e-05,1.137696215483700968e+01,1.000000000000000000e+00,1.000000000000000000e+00,-1.000000000000000000e+00,0.000000000000000000e+00
5.970000000000000000e+02,7.208739326158007543e+01,2.760851268617229692e+01,-8.404314577948842832e-03,2.698465834154545178e+02,1.999744271479886315e-02,nan,1.450212090648392247e-05,1.278701320235786021e+01,1.000000000000000000e+00,1.000000000000000000e+00,-1.000000000000000000e+00,0.000000000000000000e+00
5.970000000000000000e+02,9.654704488946724439e+01,1.049295937346332508e+01,-8.355911680675686543e-03,2.682886346889027323e+02,2.032024711031665820e-02,nan,1.408694022015526237e-05,1.137696215483700968e+01,1.000000000000000000e+00,1.000000000000000000e+00,-1.000000000000000000e+00,0.000000000000000000e+00
5.980000000000000000e+02,1.155996080371892276e+02,2.465917186008313777e+01,-8.515771207936799828e-03,2.734340487230693952e+02,1.555993768720631554e-02,nan,1.170727234373429018e-05,1.280409401312909523e+01,1.000000000000000000e+00,1.000000000000000000e+00,-1.000000000000000000e+00,0.000000000000000000e+00
5.990000000000000000e+02,1.396285524399841336e+02,1.643020977794034820e+01,-1.362289347375839239e-02,4.378174860507742778e+02,4.476491305424601386e-03,nan,1.009602309052543073e-05,1.157092983087697213e+01,1.000000000000000000e+00,1.000000000000000000e+00,-1.000000000000000000e+00,0.000000000000000000e+00
5.990000000000000000e+02,5.432289058189434883e+01,3.501942656905641371e+01,-6.004930325883272094e-03,1.926173708970712823e+02,3.068820005259897954e-02,nan,1.150912336479877505e-05,7.162344509452533536e+00,1.000000000000000000e+00,1.000000000000000000e+00,-1.000000000000000000e+00,0.000000000000000000e+00
5.990000000000000000e+02,1.001937033096566267e+02,4.402780263891376933e+01,-8.779932002997292359e-03,2.819366177314261108e+02,1.644786643913387358e-02,nan,1.237919303721647710e-05,1.977425526424003266e+01,1.000000000000000000e+00,1.000000000000000000e+00,-1.000000000000000000e+00,0.000000000000000000e+00
5.990000000000000000e+02,1.210199543422607604e+01,2.685277427031531872e+01,-1.292966301587013603e-03,4.095293003142900545e+01,3.161710509818125292e-01,nan,9.026625374211721852e-06,1.036065996566734526e+01,1.000000000000000000e+00,1.000000000000000000e+00,-1.000000000000000000e+00,0.000000000000000000e+00
6.000000000000000000e+02,5.622750868533262292e+01,1.969176801010449651e+01,-6.749273520151812325e-03,2.165756171376598331e+02,4.307790735328553833e-02,nan,2.106689248902980457e-05,7.031574267604117523e+00,1.000000000000000000e+00,1.000000000000000000e+00,-1.000000000000000000e+00,0.000000000000000000e+00
6.010000000000000000e+02,1.896014026043398104e+01,4.182917953272005462e+01,-8.110758548571716728e-03,2.603978671628152028e+02,1.640699625111363691e-02,nan,1.051319926831259399e-05,7.227667991369274070e+00,1.000000000000000000e+00,1.000000000000000000e+00,-1.000000000000000000e+00,0.000000000000000000e+00
6.020000000000000000e+02,6.295907047981959437e+01,1.765974623663952769e+01,-7.561712914657259602e-03,2.427256823481624792e+02,3.055322101050039763e-02,nan,1.983514120725848409e-05,7.031574267604117523e+00,1.000000000000000000e+00,1.000000000000000000e+00,-1.000000000000000000e+00,0.000000000000000000e+00
6.020000000000000000e+02,9.005796635594175825e+01,2.704875650373810814e+01,-1.667416083232601924e-03,5.300538129648759167e+01,3.132823586139881211e-01,nan,1.543928886016417739e-05,4.751490306728482160e+00,1.000000000000000000e+00,1.000000000000000000e+00,-1.000000000000000000e+00,0.000000000000000000e+00
6.030000000000000000e+02,3.506634725222350113e+01,3.502614711752253385e+01,-8.846183176199335155e-03,2.840690506380804550e+02,1.234750029927689230e-02,nan,9.470230149346387741e-06,1.403630906572285397e+01,1.000000000000000000e+00,1.000000000000000000e+00,-1.000000000000000000e+00,0.000000000000000000e+00
6.040000000000000000e+02,1.288453318871829367e+02,1.223395291488674630e+01,-1.472275461400355959e-03,4.672437126590241263e+01,3.095944968663001395e-01,nan,1.094994979170917734e-05,1.157092983087697213e+01,1.000000000000000000e+00,1.000000000000000000e+00,-1.000000000000000000e+00,0.000000000000000000e+00
6.040000000000000000e+02,7.392470320142099638e+01,3.129865119112625393e+01,-1.126985787217099069e-03,3.561049919437174083e+01,3.300567132918383884e-01,nan,7.184869477008784311e-06,1.171921057224617790e+01,1.000000000000000000e+00,1.000000000000000000e+00,-1.000000000000000000e+00,0.000000000000000000e+00
6.050000000000000000e+02,3.892336214192109622e+01,1.517159102481445920e+01,-7.932783201581581831e-03,2.546693574904267621e+02,1.595916197694924321e-02,nan,1.082258147216765245e-05,1.788478368821403564e+01,1.000000000000000000e+00,1.000000000000000000e+00,-1.000000000000000000e+00,0.000000000000000000e+00
6.060000000000000000e+02,2.120531102196447648e+01,9.866886316844027505e+00,-8.260874182689514206e-03,2.652296535678626128e+02,1.496005410665046664e-02,nan,1.047294570533646543e-05,1.849511361219929384e+01,1.000000000000000000e+00,1.000000000000000000e+00,-1.000000000000000000e+00,0.000000000000000000e+00
6.060000000000000000e+02,1.398559055981214954e+02,4.745446260528634497e+01,-1.078524496376609496e-03,3.405067094843180087e+01,3.638486101268197936e-01,nan,7.928224661765918694e-06,2.570011153194088038e+01,1.000000000000000000e+00,1.000000000000000000e+00,-1.000000000000000000e+00,0.000000000000000000e+00
6.070000000000000000e+02,6.401373608025330952e+01,2.504464230403793579e+01,-7.980880631407201789e-03,2.562174741067599371e+02,1.639271110480022831e-02,nan,1.038010629297325727e-05,7.459826368958911047e+00,1.000000000000000000e+00,1.000000000000000000e+00,-1.000000000000000000e+00,0.000000000000000000e+00
6.090000000000000000e+02,1.172544059393991489e+02,3.522057745252418925e+01,-7.872760182191615441e-03,2.527373907716854262e+02,2.537825721754960462e-02,nan,1.598546576981609794e-05,5.829510416664657413e+00,1.000000000000000000e+00,1.000000000000000000e+00,-1.000000000000000000e+00,0.000000000000000000e+00
6.140000000000000000e+02,9.605434614796249093e+01,3.350048145567043179e+01,-7.622036152072739386e-03,2.446673122134691312e+02,2.034322101103480662e-02,nan,1.133012652717677190e-05,1.258774846113838386e+01,1.000000000000000000e+00,1.000000000000000000e+00,-1.000000000000000000e+00,0.000000000000000000e+00
6.140000000000000000e+02,1.118995085914307310e+02,3.752454491989922758e+01,-8.548715737905955223e-03,2.744944374891104530e+02,1.551681093629608821e-02,nan,1.091244382822366082e-05,5.829510416664657413e+00,1.000000000000000000e+00,1.000000000000000000e+00,-1.000000000000000000e+00,0.000000000000000000e+00
6.140000000000000000e+02,4.341855592051756929e+01,1.213092916584805003e+01,-1.134484840110289985e-03,3.585187193368027891e+01,3.506629202667782552e-01,nan,8.213016681926521719e-06,3.693680293738827203e+01,1.000000000000000000e+00,1.000000000000000000e+00,-1.000000000000000000e+00,0.000000000000000000e+00
6.160000000000000000e+02,5.509488594003920880e+00,3.373843536686689504e+01,-7.659275121378861066e-03,2.458659265129637674e+02,2.598090367936778389e-02,nan,1.636433635140386998e-05,8.795132507883019812e+00,1.000000000000000000e+00,1.000000000000000000e+00,-1.000000000000000000e+00,0.000000000000000000e+00
6.170000000000000000e+02,9.148417086311552282e+01,2.177167464565494370e+01,-1.366750834486452938e-03,4.332783991381024435e+01,3.559999735644396868e-01,nan,1.228743351661814634e-05,1.240774746146971275e+01,1.000000000000000000e+00,1.000000000000000000e+00,-1.000000000000000000e+00,0.000000000000000000e+00
6.180000000000000000e+02,1.311356310719518490e+02,2.145644670857019420e+01,-8.798958873296652827e-03,2.825490374422931836e+02,1.452227617698420570e-02,nan,1.108619980070155923e-05,2.372388030832025407e+01,1.000000000000000000e+00,1.000000000000000000e+00,-1.000000000000000000e+00,0.000000000000000000e+00
6.210000000000000000e+02,1.255023536923154239e+02,4.450180812573139377e+01,-8.807551787934672638e-03,2.828256184151659909e+02,1.400458078082145175e-02,nan,1.122934730245956626e-05,1.281861309146310823e+01,1.000000000000000000e+00,1.000000000000000000e+00,-1.000000000000000000e+00,0.000000000000000000e+00
6.210000000000000000e+02,5.360718090646618528e+00,2.494456118260934119e+01,-1.361878909625924674e-03,4.317102679806880872e+01,3.144696125326309488e-01,nan,1.009736622756966489e-05,8.795132507883019812e+00,1.000000000000000000e+00,1.000000000000000000e+00,-1.000000000000000000e+00,0.000000000000000000e+00
6.210000000000000000e+02,8.179900196023052672e+01,4.070905487759264929e+01,-1.070570678772735573e-03,3.379466065348498915e+01,3.626800874304838551e-01,nan,7.879974767922393885e-06,9.502501137203346104e+00,1.000000000000000000e+00,1.000000000000000000e+00,-1.000000000000000000e+00,0.000000000000000000e+00
6.220000000000000000e+02,9.247884305053557341e+01,3.669291645802749713e+01,-6.621043935743609402e-03,2.124482791271349527e+02,2.473919725550621784e-02,nan,1.085874388929845902e-05,1.141001198593916399e+01,1.000000000000000000e+00,1.000000000000000000e+00,-1.000000000000000000e+00,0.000000000000000000e+00
6.240000000000000000e+02,1.364629477532016608e+02,5.114877882079954219e+01,-6.466373816257389023e-03,2.074698970619189140e+02,2.486261851413729129e-02,nan,1.044051152133566476e-05,1.281861309146310823e+01,1.000000000000000000e+00,1.000000000000000000e+00,-1.000000000000000000e+00,0.000000000000000000e+00
6.260000000000000000e+02,8.212379095949063412e+01,5.020600385968739943e+01,-8.366583480533174369e-03,2.686321289409959263e+02,1.261861240691064534e-02,nan,9.115380665088665356e-06,9.502501137203346104e+00,1.000000000000000000e+00,1.000000000000000000e+00,-1.000000000000000000e+00,0.000000000000000000e+00
6.260000000000000000e+02,4.433256615931369993e+01,3.346502945443575783e+01,-1.178138395885479361e-03,3.725695314701361838e+01,3.475448505754566986e-01,nan,9.084445206189761303e-06,8.024811613748061845e+00,1.000000000000000000e+00,1.000000000000000000e+00,-1.000000000000000000e+00,0.000000000000000000e+00
6.270000000000000000e+02,6.909480562542891846e+01,9.666764840183606822e+00,-1.429438951998121933e-03,4.534558840303962057e+01,2.927087569222078800e-01,nan,9.528485149063715232e-06,3.434422661856283554e+01,1.000000000000000000e+00,1.000000000000000000e+00,-1.000000000000000000e+00,0.000000000000000000e+00
6.350000000000000000e+02,1.436463256676539402e+02,4.977986483875987744e+00,-7.280128524354482003e-03,2.336622983979546291e+02,2.775288671057918322e-02,nan,1.546472300772591704e-05,4.014336203483056664e+01,1.000000000000000000e+00,1.000000000000000000e+00,-1.000000000000000000e+00,0.000000000000000000e+00
6.350000000000000000e+02,7.513819278878332852e+01,1.774874319911259235e+01,-1.361975400732617523e-03,4.317413256663360244e+01,3.025739880657056791e-01,nan,9.045321094101154474e-06,9.640774390069173805e+00,1.000000000000000000e+00,1.000000000000000000e+00,-1.000000000000000000e+00,0.000000000000000000e+00
6.350000000000000000e+02,1.202264387853230687e+02,3.782330821328312709e+01,-8.122616740318455014e-03,2.607795479251625466e+02,1.615068319161427901e-02,nan,1.036273424114484848e-05,2.221087679225403022e+01,1.000000000000000000e+00,1.000000000000000000e+00,-1.000000000000000000e+00,0.000000000000000000e+00
6.360000000000000000e+02,4.944866853417094887e+01,1.208168008909037283e+01,-6.973051106730205478e-03,2.237783679166714990e+02,2.229447415579610681e-02,nan,1.179764991794476620e-05,1.749319892369084073e+01,1.000000000000000000e+00,1.000000000000000000e+00,-1.000000000000000000e+00,0.000000000000000000e+00
6.360000000000000000e+02,4.514283242785762695e+01,2.903667298231763283e+01,-7.812822796659507976e-03,2.508081803581926863e+02,3.416058549543710132e-02,nan,2.149037998017636487e-05,1.129463638132546066e+01,1.000000000000000000e+00,1.000000000000000000e+00,-1.000000000000000000e+00,0.000000000000000000e+00
6.380000000000000000e+02,5.598069896136080104e+01,3.221621068272827415e+01,-7.204979325213586340e-03,2.312434638715371591e+02,2.592467596174291566e-01,nan,2.388840901798177676e-04,1.129463638132546066e+01,1.000000000000000000e+00,1.000000000000000000e+00,-1.000000000000000000e+00,0.000000000000000000e+00
6.390000000000000000e+02,8.231560796992380347e+01,1.131218805231645241e+01,-7.879660683651024816e-03,2.529594978782205033e+02,2.000307223113395594e-02,nan,1.397788931493664525e-05,9.622879558188971671e+00,1.000000000000000000e+00,1.000000000000000000e+00,-1.000000000000000000e+00,0.000000000000000000e+00
6.410000000000000000e+02,2.540047012264950865e+01,5.208593588132607266e+01,-1.418222469068539885e-03,4.498456238433011833e+01,3.500333567575607541e-01,nan,1.267485548527194815e-05,1.937437893195496130e+01,1.000000000000000000e+00,1.000000000000000000e+00,-1.000000000000000000e+00,0.000000000000000000e+00
6.420000000000000000e+02,4.450546899387772726e+01,4.886637424511707195e+01,-8.352750676895998386e-03,2.681868911551345036e+02,1.742186122962552375e-02,nan,1.257535449038938845e-05,1.937437893195496130e+01,1.000000000000000000e+00,1.000000000000000000e+00,-1.000000000000000000e+00,0.000000000000000000e+00
6.430000000000000000e+02,7.951828781839996907e+01,2.051951181990982676e+01,-1.202111184011721724e-03,3.802856759237221951e+01,3.228691351790107245e-01,nan,7.604816550830207185e-06,9.504163450234624833e+00,1.000000000000000000e+00,1.000000000000000000e+00,-1.000000000000000000e+00,0.000000000000000000e+00
6.440000000000000000e+02,1.241554480864553227e+02,3.425429602526134687e+01,-7.276559800178432347e-03,2.335474315284340889e+02,2.246894521535236500e-02,nan,1.141724642224507096e-05,3.813627451962047843e+01,1.000000000000000000e+00,1.000000000000000000e+00,-1.000000000000000000e+00,0.000000000000000000e+00
6.470000000000000000e+02,8.854155999053309856e+00,5.301363808195741001e+01,-7.405805091898583908e-03,2.377074622082483586e+02,2.249565888744686770e-02,nan,1.267763666749452461e-05,3.589172489010941547e+01,1.000000000000000000e+00,1.000000000000000000e+00,-1.000000000000000000e+00,0.000000000000000000e+00
6.480000000000000000e+02,7.002390213036643729e+01,2.095051448305679997e+01,-7.711681878707961173e-03,2.475527478696031380e+02,1.609329855516383745e-02,nan,9.873653078458789734e-06,9.504163450234624833e+00,1.000000000000000000e+00,1.000000000000000000e+00,-1.000000000000000000e+00,0.000000000000000000e+00
6.510000000000000000e+02,1.245939558043704487e+01,7.548774540658368615e+00,-5.598431918763416108e-03,1.795333674304245051e+02,3.427012829696152174e-02,nan,1.183822538468327540e-05,1.905022868800670111e+01,1.000000000000000000e+00,1.000000000000000000e+00,-1.000000000000000000e+00,0.000000000000000000e+00
6.510000000000000000e+02,1.193908435945914022e+02,2.085346567637090232e+01,-8.661555508026415676e-03,2.781264220616758962e+02,1.304447988926904500e-02,nan,9.272411616354826486e-06,1.964098727546785383e+01,1.000000000000000000e+00,1.000000000000000000e+00,-1.000000000000000000e+00,0.000000000000000000e+00
6.530000000000000000e+02,1.281458281957082157e+01,4.586568926824829617e+01,-6.870172468498055365e-03,2.204670032576792096e+02,2.781824776335484195e-02,nan,1.307390072252613130e-05,2.118582211720115893e+01,1.000000000000000000e+00,1.000000000000000000e+00,-1.000000000000000000e+00,0.000000000000000000e+00
6.550000000000000000e+02,1.875331840418261109e+01,2.552925697451114218e+01,-8.800389336831212703e-03,2.825950799101535722e+02,2.952335448840581744e-02,nan,2.681639547042636706e-05,7.361018803938845778e+00,1.000000000000000000e+00,1.000000000000000000e+00,-1.000000000000000000e+00,0.000000000000000000e+00
6.560000000000000000e+02,1.061426694325781881e+02,6.353318693389814698e+00,-8.430667374496676053e-03,2.706948034216057977e+02,2.086096891687749810e-02,nan,1.427919554901563481e-05,1.964098727546785383e+01,1.000000000000000000e+00,1.000000000000000000e+00,-1.000000000000000000e+00,0.000000000000000000e+00
6.580000000000000000e+02,1.321756563289225141e+02,1.307249482550416886e+01,-7.764524807261819969e-03,2.492536083115546433e+02,1.337781110778990534e-02,nan,8.535178352987266310e-06,2.688612531845395281e+01,1.000000000000000000e+00,1.000000000000000000e+00,-1.000000000000000000e+00,0.000000000000000000e+00
6.580000000000000000e+02,2.585937044760157377e+01,2.360867836686123411e+01,-8.631669099018017544e-03,2.771644653301794960e+02,2.391892940048412353e-02,nan,1.911320987039442411e-05,7.361018803938845778e+00,1.000000000000000000e+00,1.000000000000000000e+00,-1.000000000000000000e+00,0.000000000000000000e+00
6.590000000000000000e+02,1.158944209881379805e+02,3.832075884749483663e+01,-8.778792922926529144e-03,2.818999540512403996e+02,1.114572354831366852e-02,nan,8.807746244620382183e-06,1.450207731442437797e+01,1.000000000000000000e+00,1.000000000000000000e+00,-1.000000000000000000e+00,0.000000000000000000e+00
6.590000000000000000e+02,1.017964784323701082e+02,4.172050326844936308e+01,-7.746021683816926330e-03,2.486580464912462105e+02,2.026203294722361825e-02,nan,1.255163940484866055e-05,1.450207731442437797e+01,1.000000000000000000e+00,1.000000000000000000e+00,-1.000000000000000000e+00,0.000000000000000000e+00
6.600000000000000000e+02,7.863192522998498646e+01,3.229493245248454514e+01,-1.738642909503576930e-02,5.589547703627465580e+02,3.881714626648102850e-03,nan,1.416113411113228325e-05,1.712240754533734943e+01,1.000000000000000000e+00,1.000000000000000000e+00,-1.000000000000000000e+00,0.000000000000000000e+00
6.610000000000000000e+02,5.758961803633168586e+01,3.495401230387164304e+01,-8.603005305737156452e-03,2.762418610491166078e+02,1.632390342703748942e-02,nan,1.211095240832343181e-05,2.120965340801509313e+01,1.000000000000000000e+00,1.000000000000000000e+00,-1.000000000000000000e+00,0.000000000000000000e+00
6.620000000000000000e+02,2.959935571213206984e+01,5.107327358852422350e+01,-8.361242187772947865e-03,2.684602082353618471e+02,2.340911237707887782e-02,nan,1.617326152586804518e-05,2.771807136993298570e+01,1.000000000000000000e+00,1.000000000000000000e+00,-1.000000000000000000e+00,0.000000000000000000e+00
6.650000000000000000e+02,9.506987025379692113e+01,3.708771906809366214e+01,-6.388978103611988799e-03,2.049787537884904225e+02,2.843339737666772393e-02,nan,1.140076358328668413e-05,1.712240754533734943e+01,1.000000000000000000e+00,1.000000000000000000e+00,-1.000000000000000000e+00,0.000000000000000000e+00
6.660000000000000000e+02,1.374245353138517203e+02,4.449968298037444470e+01,1.148798449722266725e-03,-3.631258546786175856e+01,3.477263679518236561e-01,nan,8.753746461602864284e-06,4.299831230858229247e+01,1.000000000000000000e+00,1.000000000000000000e+00,-1.000000000000000000e+00,0.000000000000000000e+00
6.670000000000000000e+02,6.824647216682670603e+01,3.298783512564071430e+01,-1.166540477856200120e-03,3.688364983993267998e+01,3.566924645003509697e-01,nan,9.087665356608555422e-06,1.933192319224373534e+01,1.000000000000000000e+00,1.000000000000000000e+00,-1.000000000000000000e+00,0.000000000000000000e+00
6.730000000000000000e+02,4.415904644860137296e+01,4.186216496057348024e+01,-7.590686868111300861e-03,2.436582697846573069e+02,2.035917525817998452e-02,nan,1.129233816425258970e-05,2.630940211767035919e+01,1.000000000000000000e+00,1.000000000000000000e+00,-1.000000000000000000e+00,0.000000000000000000e+00
6.730000000000000000e+02,1.790465174661192194e+01,4.356257627005884103e+01,-8.647378905093960552e-03,2.776701183747125583e+02,1.280847391921524636e-02,nan,9.661779684463984289e-06,2.630940211767035919e+01,1.000000000000000000e+00,1.000000000000000000e+00,-1.000000000000000000e+00,0.000000000000000000e+00
6.750000000000000000e+02,1.331021196044042654e+02,1.794056598661465785e+01,-8.643333647108323095e-03,2.775399132654660548e+02,1.764662098238456434e-02,nan,1.321849686723696288e-05,2.049153882072153010e+01,1.000000000000000000e+00,1.000000000000000000e+00,-1.000000000000000000e+00,0.000000000000000000e+00
6.770000000000000000e+02,1.335383200108792039e+02,3.842746161397920446e+01,-8.272950694321289100e-03,2.656183614134226332e+02,1.565362272230841345e-02,nan,1.080399874899672350e-05,1.324151459834819988e+01,1.000000000000000000e+00,1.000000000000000000e+00,-1.000000000000000000e+00,0.000000000000000000e+00
6.780000000000000000e+02,1.322037806318042215e+02,5.160155412557053012e+01,-1.063621787865606360e-03,3.357099603112542496e+01,3.668871600974138447e-01,nan,7.822534996374100108e-06,1.324151459834819988e+01,1.000000000000000000e+00,1.000000000000000000e+00,-1.000000000000000000e+00,0.000000000000000000e+00
6.790000000000000000e+02,6.357324134907838697e+01,1.003978005956040853e+01,-7.493612331621673020e-03,2.405337223086842471e+02,1.618868951490914920e-02,nan,9.526176277266929491e-06,1.550593569325442367e+01,1.000000000000000000e+00,1.000000000000000000e+00,-1.000000000000000000e+00,0.000000000000000000e+00
6.820000000000000000e+02,9.101188933380535673e+01,1.631141170804734486e+01,-1.272733158843335254e-03,4.030168391296293606e+01,3.185491857833390172e-01,nan,8.253396835733616183e-06,1.224854798400014744e+01,1.000000000000000000e+00,1.000000000000000000e+00,-1.000000000000000000e+00,0.000000000000000000e+00
6.830000000000000000e+02,5.629673418894328307e+01,5.233720397251070011e+01,-1.599971798399933698e-02,5.143205659815013178e+02,4.896295749458157154e-03,nan,1.379040369793879827e-05,1.500611761763290275e+01,1.000000000000000000e+00,1.000000000000000000e+00,-1.000000000000000000e+00,0.000000000000000000e+00
6.830000000000000000e+02,3.748143413460504547e+01,2.254871209079736971e+01,-1.202529873919458642e-03,3.804204400484599802e+01,3.101466255624477641e-01,nan,7.211172740109794414e-06,1.529311760649812157e+01,1.000000000000000000e+00,1.000000000000000000e+00,-1.000000000000000000e+00,0.000000000000000000e+00
6.840000000000000000e+02,1.026971508019725547e+02,1.998314047484386435e+01,-7.716149467070813721e-03,2.476965465674658731e+02,1.806673051294693799e-02,nan,1.079920505521501180e-05,1.214102097771142219e+01,1.000000000000000000e+00,1.000000000000000000e+00,-1.000000000000000000e+00,0.000000000000000000e+00
6.870000000000000000e+02,4.458548399828064390e+01,4.295476372884611038e+01,-1.372090118120684876e-02,4.409720695904721310e+02,8.544706643469512919e-03,nan,1.559252469015298833e-05,1.500611761763290275e+01,1.000000000000000000e+00,1.000000000000000000e+00,-1.000000000000000000e+00,0.000000000000000000e+00
6.870000000000000000e+02,1.160378292539801208e+02,1.558593552111222635e+01,-8.529442066211085152e-03,2.738740739579039882e+02,1.389000719636634962e-02,nan,9.794515576417470940e-06,1.404667622482205047e+01,1.000000000000000000e+00,1.000000000000000000e+00,-1.000000000000000000e+00,0.000000000000000000e+00
6.870000000000000000e+02,1.346747883721628796e+02,3.239238896701420600e+01,-6.561738814152965650e-03,2.105394194541544550e+02,2.354092171892707697e-02,nan,9.832414115940991495e-06,1.916031795936842386e+01,1.000000000000000000e+00,1.000000000000000000e+00,-1.000000000000000000e+00,0.000000000000000000e+00
6.880000000000000000e+02,2.228622796479389834e+01,2.082095181138472029e+01,-8.689977736795405708e-03,2.790412510824785386e+02,1.469572562484522393e-02,nan,1.088013894703937619e-05,1.529311760649812157e+01,1.000000000000000000e+00,1.000000000000000000e+00,-1.000000000000000000e+00,0.000000000000000000e+00
6.890000000000000000e+02,1.392318169189682351e+02,5.665665541679222095e+00,-1.313717811081972905e-03,4.162086087055316597e+01,3.230845786586670210e-01,nan,9.554846241213000736e-06,2.522643098554491559e+01,1.000000000000000000e+00,1.000000000000000000e+00,-1.000000000000000000e+00,0.000000000000000000e+00
6.900000000000000000e+02,4.813901014293728764e+01,7.296595969921759739e+00,-8.469271943735192862e-03,2.719373724179370129e+02,1.915863298454489883e-02,nan,1.313843894505077665e-05,1.952310265695447811e+01,1.000000000000000000e+00,1.000000000000000000e+00,-1.000000000000000000e+00,0.000000000000000000e+00
6.910000000000000000e+02,4.919907905034062878e+01,2.679089747742747818e+01,-8.345528597771465634e-03,2.679544333972522736e+02,1.833971476449258731e-02,nan,1.327699510336406220e-05,1.680939711881846677e+01,1.000000000000000000e+00,1.000000000000000000e+00,-1.000000000000000000e+00,0.000000000000000000e+00
6.910000000000000000e+02,1.390350029668635159e+02,5.104999634288788002e+01,-8.888395729517269833e-03,2.854277501662314194e+02,1.389475499675751902e-02,nan,1.193746289321684596e-05,1.916031795936842386e+01,1.000000000000000000e+00,1.000000000000000000e+00,-1.000000000000000000e+00,0.000000000000000000e+00
6.910000000000000000e+02,9.726790859719640991e+01,3.795688445406430844e+01,-1.727467804044499709e-03,5.493827183066699860e+01,2.621546678112383066e-01,nan,1.165516307072777145e-05,7.274696226366533125e+00,1.000000000000000000e+00,1.000000000000000000e+00,-1.000000000000000000e+00,0.000000000000000000e+00
6.920000000000000000e+02,9.805044671815900870e+01,1.709922855710269829e+01,-1.524631024591114117e-03,4.840954483186953894e+01,3.266798228168450446e-01,nan,1.288487788709625345e-05,1.276259580361697488e+01,1.000000000000000000e+00,1.000000000000000000e+00,-1.000000000000000000e+00,0.000000000000000000e+00
6.920000000000000000e+02,7.535456647695403376e+01,5.122929375197484703e+00,-1.390466659621367000e-03,4.409118346656397591e+01,2.804133963088429882e-01,nan,8.428281611515014399e-06,2.391991048225457561e+01,1.000000000000000000e+00,1.000000000000000000e+00,-1.000000000000000000e+00,0.000000000000000000e+00
6.930000000000000000e+02,8.031019613618026654e+01,2.852386636839649015e+01,-8.031228989918641481e-03,2.578380415819712539e+02,1.485461316285585642e-02,nan,9.533332723610180585e-06,1.433422069994598580e+01,1.000000000000000000e+00,1.000000000000000000e+00,-1.000000000000000000e+00,0.000000000000000000e+00
6.960000000000000000e+02,1.368112851731411013e+02,1.441760670904942820e+01,-6.559430801869639040e-03,2.104651312400134486e+02,2.712829498623725577e-02,nan,1.126510655114776711e-05,3.038448449519174943e+01,1.000000000000000000e+00,1.000000000000000000e+00,-1.000000000000000000e+00,0.000000000000000000e+00
6.960000000000000000e+02,9.976656891319775866e+01,2.974591888533470652e+01,-8.566600016731819658e-03,2.750700804979331338e+02,1.383407307649586748e-02,nan,1.082511931060081982e-05,8.582730273381717012e+00,1.000000000000000000e+00,1.000000000000000000e+00,-1.000000000000000000e+00,0.000000000000000000e+00
6.970000000000000000e+02,3.129663454348375495e+01,3.076772020914554417e+01,-7.726160694727709534e-03,2.480187789183778762e+02,2.199345157401810802e-02,nan,1.313448962352557668e-05,1.008828883021720735e+01,1.000000000000000000e+00,1.000000000000000000e+00,-1.000000000000000000e+00,0.000000000000000000e+00
6.970000000000000000e+02,1.728818245112214669e+01,1.570278849450175507e+01,-8.605517193516773813e-03,2.763227114235355089e+02,1.471633271151007172e-02,nan,1.167934100372026760e-05,2.057155554621163418e+01,1.000000000000000000e+00,1.000000000000000000e+00,-1.000000000000000000e+00,0.000000000000000000e+00
6.980000000000000000e+02,1.065252986161598727e+02,1.686217544584128092e+01,-8.402799499430811669e-03,2.697978174369538920e+02,1.583624754637347198e-02,nan,1.088354005775594218e-05,1.454892684057460706e+01,1.000000000000000000e+00,1.000000000000000000e+00,-1.000000000000000000e+00,0.000000000000000000e+00
7.000000000000000000e+02,6.892809910152450925e+01,2.398489261920062887e+01,-1.496377667856669223e-02,4.809766231907812539e+02,7.840276629836140376e-02,nan,1.839980134425366033e-04,2.594461199044374311e+01,1.000000000000000000e+00,1.000000000000000000e+00,-1.000000000000000000e+00,0.000000000000000000e+00
7.000000000000000000e+02,4.128965026580854669e+01,2.938453247956767100e+01,-8.907224439842428149e-03,2.860337916828817697e+02,1.638348363717789802e-02,nan,1.283342966849829621e-05,1.008828883021720735e+01,1.000000000000000000e+00,1.000000000000000000e+00,-1.000000000000000000e+00,0.000000000000000000e+00
7.010000000000000000e+02,5.751465090701638871e+01,5.126686200081073963e+01,-7.525450764562530842e-03,2.415585090229110392e+02,1.587344409777791121e-02,nan,1.094539117000353150e-05,1.852809861350867493e+01,1.000000000000000000e+00,1.000000000000000000e+00,-1.000000000000000000e+00,0.000000000000000000e+00
7.030000000000000000e+02,7.908902766175270926e+01,5.320497064605150683e+01,-7.910922859366053064e-03,2.539657365454971227e+02,1.505939435451808528e-02,nan,9.174940700309285469e-06,2.166125567634674098e+01,1.000000000000000000e+00,1.000000000000000000e+00,-1.000000000000000000e+00,0.000000000000000000e+00
7.030000000000000000e+02,3.902427841155922295e+01,5.008509924494848065e+01,-8.299615708639275502e-03,2.664766308030781943e+02,1.059350939345782283e-02,nan,7.287662994872214316e-06,1.621227972718375199e+01,1.000000000000000000e+00,1.000000000000000000e+00,-1.000000000000000000e+00,0.000000000000000000e+00
7.060000000000000000e+02,5.584022016025887325e+01,2.000772534851323314e+01,-8.641193535277232399e-03,2.774710292793874942e+02,1.354189812601847009e-02,nan,1.062576324456464746e-05,2.739390563558484715e+01,1.000000000000000000e+00,1.000000000000000000e+00,-1.000000000000000000e+00,0.000000000000000000e+00
7.070000000000000000e+02,6.420210333659289503e+00,5.136058170575361714e+01,-1.702559447729746697e-02,5.473405516925560050e+02,7.809309412613263390e-03,nan,2.208033478732177875e-05,3.262900719813821127e+01,1.000000000000000000e+00,1.000000000000000000e+00,-1.000000000000000000e+00,0.000000000000000000e+00
7.070000000000000000e+02,1.098824966721491876e+02,7.233536932946249998e+00,-1.483338540017658733e-02,4.767797065274064039e+02,5.033172112986372682e-03,nan,1.269742877322741887e-05,1.779170062965291876e+01,1.000000000000000000e+00,1.000000000000000000e+00,-1.000000000000000000e+00,0.000000000000000000e+00
7.100000000000000000e+02,8.262131327068475173e+01,2.576959290877760367e+01,-8.378578683843113453e-03,2.690182197077529054e+02,1.776870941189068187e-02,nan,1.205218194754256890e-05,5.171649263858689949e+00,1.000000000000000000e+00,1.000000000000000000e+00,-1.000000000000000000e+00,0.000000000000000000e+00
7.100000000000000000e+02,1.092400064229565970e+02,4.015492825042816349e+01,-7.565196245217890858e-03,2.428378006451410442e+02,1.818197859387316040e-02,nan,1.036683185009983863e-05,2.564904449091007876e+01,1.000000000000000000e+00,1.000000000000000000e+00,-1.000000000000000000e+00,0.000000000000000000e+00
7.120000000000000000e+02,4.337269934604086075e+01,1.774930019280131432e+01,-1.154536069403277456e-03,3.649726278635002075e+01,3.335266707382665841e-01,nan,7.811922756188129061e-06,1.716157546868443262e+01,1.000000000000000000e+00,1.000000000000000000e+00,-1.000000000000000000e+00,0.000000000000000000e+00
7.120000000000000000e+02,5.941467945393196715e+01,4.906791539794938473e+01,-1.252509912061160278e-03,3.965075631676496926e+01,3.065874566935617995e-01,nan,8.174122458756693659e-06,1.069155015159821254e+01,1.000000000000000000e+00,1.000000000000000000e+00,-1.000000000000000000e+00,0.000000000000000000e+00
7.130000000000000000e+02,3.814347947028110042e+01,3.622558249389300755e+01,-8.671780391951827358e-03,2.784555313875254683e+02,1.478763017908535371e-02,nan,1.145930875737103434e-05,1.501420988084234942e+01,1.000000000000000000e+00,1.000000000000000000e+00,-1.000000000000000000e+00,0.000000000000000000e+00
7.140000000000000000e+02,4.311724995622487455e+01,5.210317006847671450e+01,-1.591445092737892161e-03,5.056009569244267965e+01,2.505931562367925691e-01,nan,9.219910964676697991e-06,1.657766506923369931e+01,1.000000000000000000e+00,1.000000000000000000e+00,-1.000000000000000000e+00,0.000000000000000000e+00
7.140000000000000000e+02,6.732129314162357048e+01,4.187106159661733784e+01,-1.257351415690483856e-03,3.980659026140124723e+01,3.233398368799577094e-01,nan,8.685803339073357564e-06,1.069155015159821254e+01,1.000000000000000000e+00,1.000000000000000000e+00,-1.000000000000000000e+00,0.000000000000000000e+00
7.150000000000000000e+02,8.778215196469990644e+01,2.610380853188053152e+01,-7.904265763231738823e-03,2.537514639496552320e+02,2.796033448818280309e-02,nan,1.776499905563182371e-05,5.171649263858689949e+00,1.000000000000000000e+00,1.000000000000000000e+00,-1.000000000000000000e+00,0.000000000000000000e+00
7.150000000000000000e+02,2.625380802439094907e+01,1.895894166236599432e+01,-1.281081748237069195e-03,4.057040076561475672e+01,3.305029819912228550e-01,nan,9.245953373232280388e-06,1.262984098324969118e+01,1.000000000000000000e+00,1.000000000000000000e+00,-1.000000000000000000e+00,0.000000000000000000e+00
7.160000000000000000e+02,2.781965799457766053e+01,6.426543762002320470e+00,-8.574770746775458100e-03,2.753330725745158247e+02,1.377619387273187890e-02,nan,1.093308650710580697e-05,1.262984098324969118e+01,1.000000000000000000e+00,1.000000000000000000e+00,-1.000000000000000000e+00,0.000000000000000000e+00
7.170000000000000000e+02,2.408912229092768342e+01,4.150777357536110657e+01,-1.234660924429083900e-03,3.907624922900320996e+01,2.924047384880812395e-01,nan,7.036608459918824049e-06,1.501420988084234942e+01,1.000000000000000000e+00,1.000000000000000000e+00,-1.000000000000000000e+00,0.000000000000000000e+00
7.180000000000000000e+02,1.335302039779525387e+02,2.554997086435200870e+01,-8.087114403010516733e-03,2.596368307674193829e+02,1.945406756333212250e-02,nan,1.363667987225630970e-05,1.042232034388705131e+01,1.000000000000000000e+00,1.000000000000000000e+00,-1.000000000000000000e+00,0.000000000000000000e+00
7.180000000000000000e+02,9.603850415573228716e+00,7.397067578964541923e+00,-7.640681680699824493e-03,2.452674576431222135e+02,2.535191290679728038e-02,nan,1.538027903440485032e-05,1.824164362755193736e+01,1.000000000000000000e+00,1.000000000000000000e+00,-1.000000000000000000e+00,0.000000000000000000e+00
7.210000000000000000e+02,7.155502552321776477e+01,9.159449833263884955e+00,-7.275582341612257635e-03,2.335159699752168194e+02,2.111588381453188834e-02,nan,1.081872326330013391e-05,1.035334949384260561e+01,1.000000000000000000e+00,1.000000000000000000e+00,-1.000000000000000000e+00,0.000000000000000000e+00
7.220000000000000000e+02,6.440352843436455998e+01,1.664596672229680152e+01,-6.807928976228187247e-03,2.184635659640244967e+02,2.377194566939333509e-02,nan,1.097042917029150699e-05,1.035334949384260561e+01,1.000000000000000000e+00,1.000000000000000000e+00,-1.000000000000000000e+00,0.000000000000000000e+00
7.220000000000000000e+02,8.708030237045339561e+01,3.569227942749688509e+01,-8.727816721494457280e-03,2.802591781353410170e+02,1.405675377643611501e-02,nan,1.124609037775260309e-05,1.810659160234786924e+01,1.000000000000000000e+00,1.000000000000000000e+00,-1.000000000000000000e+00,0.000000000000000000e+00
7.240000000000000000e+02,5.302364909671096171e+01,2.203543779313999096e+01,-8.122012798208021883e-03,2.607601087821593637e+02,1.667029507683559508e-02,nan,1.104445999964832340e-05,7.105776743567742137e+00,1.000000000000000000e+00,1.000000000000000000e+00,-1.000000000000000000e+00,0.000000000000000000e+00
7.240000000000000000e+02,1.084386142271865765e+02,4.562431565290700775e+01,-7.497019477252114296e-03,2.406433884339611211e+02,1.644376688650439622e-02,nan,8.897299788755753291e-06,1.927208133154961445e+01,1.000000000000000000e+00,1.000000000000000000e+00,-1.000000000000000000e+00,0.000000000000000000e+00
7.270000000000000000e+02,1.022211962155773506e+02,2.576242580194419318e+01,-8.450437281810356180e-03,2.713311393365733579e+02,2.157236827830255610e-02,nan,1.474859514847518834e-05,1.202652851342042339e+01,1.000000000000000000e+00,1.000000000000000000e+00,-1.000000000000000000e+00,0.000000000000000000e+00
7.290000000000000000e+02,4.841204637089299467e+01,2.744146992666051688e+01,-8.473044637317185893e-03,2.720588044704144863e+02,1.608078034965942926e-02,nan,1.150009792035513327e-05,7.105776743567742137e+00,1.000000000000000000e+00,1.000000000000000000e+00,-1.000000000000000000e+00,0.000000000000000000e+00
7.320000000000000000e+02,9.020082769591270733e+01,2.537755084098974478e+01,-7.495444483911618654e-03,2.405926939712865931e+02,2.013198450861930500e-02,nan,1.101253289436140367e-05,1.083632164906551409e+01,1.000000000000000000e+00,1.000000000000000000e+00,-1.000000000000000000e+00,0.000000000000000000e+00
7.330000000000000000e+02,3.762248077444802163e+01,3.783298858700324274e+01,-8.288571542644592241e-03,2.661211511661849158e+02,1.804599008378149350e-02,nan,1.283892759813679197e-05,1.308786816400221653e+01,1.000000000000000000e+00,1.000000000000000000e+00,-1.000000000000000000e+00,0.000000000000000000e+00
7.340000000000000000e+02,6.455804914594659749e+01,2.582694879268103350e+01,-1.297683822881539814e-03,4.110477334468794908e+01,3.174354483136391236e-01,nan,8.506805509452287635e-06,1.622652409187207923e+01,1.000000000000000000e+00,1.000000000000000000e+00,-1.000000000000000000e+00,0.000000000000000000e+00
7.350000000000000000e+02,2.259912386013690977e+01,2.251529102466660959e+01,-8.019669767745513100e-03,2.574659837821473047e+02,3.300041671200826254e-02,nan,2.094025541514307892e-05,8.355799254650008834e+00,1.000000000000000000e+00,1.000000000000000000e+00,-1.000000000000000000e+00,0.000000000000000000e+00
7.360000000000000000e+02,7.781732087218075833e+01,4.203517186295865571e+01,-8.500576306675689323e-03,2.729449689695118764e+02,2.005182647876735391e-02,nan,1.530720690658833640e-05,1.061719710702665331e+01,1.000000000000000000e+00,1.000000000000000000e+00,-1.000000000000000000e+00,0.000000000000000000e+00
7.360000000000000000e+02,3.145347588855378973e+01,4.937576432753098743e+01,-8.662698477294776545e-03,2.781632109238400972e+02,1.824944704345932145e-02,nan,1.324334774925575757e-05,1.308786816400221653e+01,1.000000000000000000e+00,1.000000000000000000e+00,-1.000000000000000000e+00,0.000000000000000000e+00
7.370000000000000000e+02,8.611807859858632241e+01,3.541533080920415699e+01,-7.886836734048028458e-03,2.531904741050069276e+02,2.077520352831330186e-02,nan,1.301036782704550203e-05,1.061719710702665331e+01,1.000000000000000000e+00,1.000000000000000000e+00,-1.000000000000000000e+00,0.000000000000000000e+00
7.390000000000000000e+02,4.131741202080211650e+01,3.922710092797711923e+01,-7.415647069660382534e-03,2.380242468964502791e+02,2.119662880983841369e-02,nan,1.144624611737091752e-05,1.415247698526722075e+01,1.000000000000000000e+00,1.000000000000000000e+00,-1.000000000000000000e+00,0.000000000000000000e+00
7.410000000000000000e+02,8.332719133107755738e+01,5.390812347302304630e+00,-7.997854367141033274e-03,2.567638093771904551e+02,1.754493875748375231e-02,nan,1.091238250717002332e-05,1.623313563047197405e+01,1.000000000000000000e+00,1.000000000000000000e+00,-1.000000000000000000e+00,0.000000000000000000e+00
7.410000000000000000e+02,1.229310927129495497e+02,6.874522175967214821e+00,-7.201649829030982823e-03,2.311362970565328112e+02,1.930283499084928245e-02,nan,1.008739040620681358e-05,1.363566975812939397e+01,1.000000000000000000e+00,1.000000000000000000e+00,-1.000000000000000000e+00,0.000000000000000000e+00
7.450000000000000000e+02,1.004359807762203189e+02,2.965303478860593600e+01,-8.778681958495486090e-03,2.818963824283877102e+02,1.073330522812565579e-02,nan,8.482768904941567943e-06,1.250099617225158077e+01,1.000000000000000000e+00,1.000000000000000000e+00,-1.000000000000000000e+00,0.000000000000000000e+00
7.450000000000000000e+02,1.760116354303429631e+01,4.509707924901191944e+01,-1.575609676401543494e-02,5.064791062586880344e+02,8.734091870527538326e-03,nan,2.243569626356358679e-05,3.511130964042097702e+01,1.000000000000000000e+00,1.000000000000000000e+00,-1.000000000000000000e+00,0.000000000000000000e+00
7.450000000000000000e+02,6.729202288994150649e+01,7.918274604526574834e+00,-1.464267483738148279e-03,4.646661771593029044e+01,2.774652493127423014e-01,nan,9.226754416220813161e-06,1.623313563047197405e+01,1.000000000000000000e+00,1.000000000000000000e+00,-1.000000000000000000e+00,0.000000000000000000e+00
7.460000000000000000e+02,6.564860207487947719e+01,4.821122474730507435e+01,-7.493882818891881709e-03,2.405424285085588281e+02,1.543956792326262040e-02,nan,8.764301484633207077e-06,2.567720102259831094e+01,1.000000000000000000e+00,1.000000000000000000e+00,-1.000000000000000000e+00,0.000000000000000000e+00
7.460000000000000000e+02,1.138887585884395861e+02,1.708077924374123668e+01,-6.720081180138650669e-03,2.156360004719071526e+02,2.832568761792031431e-02,nan,1.324758481783961410e-05,1.363566975812939397e+01,1.000000000000000000e+00,1.000000000000000000e+00,-1.000000000000000000e+00,0.000000000000000000e+00
7.470000000000000000e+02,1.072161597030702183e+02,4.015560966425186962e+01,-1.217169769609434274e-03,3.851325974051432866e+01,3.143842257346838309e-01,nan,7.840730357308588566e-06,6.176951639935016836e+00,1.000000000000000000e+00,1.000000000000000000e+00,-1.000000000000000000e+00,0.000000000000000000e+00
7.480000000000000000e+02,4.874459842750725613e+01,2.888318001834838711e+01,-7.840934417129599016e-03,2.517130117996976537e+02,1.889922583110459353e-02,nan,1.217180266852284889e-05,2.567720102259831094e+01,1.000000000000000000e+00,1.000000000000000000e+00,-1.000000000000000000e+00,0.000000000000000000e+00
7.490000000000000000e+02,1.328870473175865925e+02,5.118468254451019561e+01,-7.260797424342463335e-03,2.330400864159608716e+02,1.621807048265788698e-02,nan,8.305979126702570266e-06,2.793984465803594830e+01,1.000000000000000000e+00,1.000000000000000000e+00,-1.000000000000000000e+00,0.000000000000000000e+00
7.550000000000000000e+02,1.084845327809492233e+02,3.448809884453948627e+01,-8.526275438169800616e-03,2.737721493954848597e+02,1.679379944109582468e-02,nan,1.313220660028558609e-05,1.506125695995839031e+01,1.000000000000000000e+00,1.000000000000000000e+00,-1.000000000000000000e+00,0.000000000000000000e+00
7.570000000000000000e+02,9.249236791431717108e+01,3.308878062709771228e+01,-8.049647227104800296e-03,2.584308711600762649e+02,2.179564666123745553e-02,nan,1.463380028725354857e-05,1.286250234732236031e+01,1.000000000000000000e+00,1.000000000000000000e+00,-1.000000000000000000e+00,0.000000000000000000e+00
7.570000000000000000e+02,2.354365073135711839e+01,3.292087493337986359e+01,-1.349984560515094011e-03,4.278818223515339270e+01,2.680653290832106794e-01,nan,7.635532853696500423e-06,1.553461743245651583e+01,1.000000000000000000e+00,1.000000000000000000e+00,-1.000000000000000000e+00,0.000000000000000000e+00
7.580000000000000000e+02,9.055377829831394365e+01,2.037320604567994309e+01,-2.078078283813562452e-02,6.682091619270637466e+02,3.406906957041266892e-03,nan,1.573644303119500195e-05,1.286250234732236031e+01,1.000000000000000000e+00,1.000000000000000000e+00,-1.000000000000000000e+00,0.000000000000000000e+00
7.580000000000000000e+02,1.159409933939888191e+02,2.140212710606762769e+01,-8.526182354857378062e-03,2.737691533139231979e+02,1.222984394441517519e-02,nan,8.556907252834759249e-06,1.506125695995839031e+01,1.000000000000000000e+00,1.000000000000000000e+00,-1.000000000000000000e+00,0.000000000000000000e+00
7.580000000000000000e+02,6.017698477368202248e+01,1.447359979994913459e+01,-1.127775167306845809e-03,3.563590704751420901e+01,3.374561725066711482e-01,nan,7.445459649345930550e-06,1.042740195931388669e+01,1.000000000000000000e+00,1.000000000000000000e+00,-1.000000000000000000e+00,0.000000000000000000e+00
7.600000000000000000e+02,7.039266734760651900e+01,1.238301586957980938e+01,-8.585140635313213281e-03,2.756668491778192447e+02,1.763387844841979302e-02,nan,1.291841082014869634e-05,1.042740195931388669e+01,1.000000000000000000e+00,1.000000000000000000e+00,-1.000000000000000000e+00,0.000000000000000000e+00
7.600000000000000000e+02,4.186519465186231770e+01,5.075938881599466157e+01,-1.503191109477490517e-03,4.771945621465005161e+01,2.736745353778811118e-01,nan,9.876065391573651060e-06,2.557130323568280517e+01,1.000000000000000000e+00,1.000000000000000000e+00,-1.000000000000000000e+00,0.000000000000000000e+00
7.610000000000000000e+02,9.051412606052501530e+01,4.986929221618457575e+01,-1.616423445647257456e-02,5.196158735607157269e+02,6.518877274571788227e-03,nan,2.145465264558659978e-05,1.689671595380515257e+01,1.000000000000000000e+00,1.000000000000000000e+00,-1.000000000000000000e+00,0.000000000000000000e+00
7.620000000000000000e+02,7.664119318914862333e+01,3.196017186392893450e+01,-1.339354828284510055e-03,4.244604201782781416e+01,3.007453113103387699e-01,nan,8.720909372130909281e-06,1.589130258689084130e+01,1.000000000000000000e+00,1.000000000000000000e+00,-1.000000000000000000e+00,0.000000000000000000e+00
7.670000000000000000e+02,3.133137455305277186e+01,4.097431128846575632e+01,-8.813571799068595225e-03,2.830193850946065481e+02,1.168714912030066611e-02,nan,9.891840779276025704e-06,3.232927482881711967e+01,1.000000000000000000e+00,1.000000000000000000e+00,-1.000000000000000000e+00,0.000000000000000000e+00
7.700000000000000000e+02,1.335440195479749192e+01,1.410405883042645314e+01,-8.478448686532911657e-03,2.722327451241392282e+02,3.592830070047781099e-02,nan,2.807331812375601332e-05,8.648738605174415284e+00,1.000000000000000000e+00,1.000000000000000000e+00,-1.000000000000000000e+00,0.000000000000000000e+00
7.700000000000000000e+02,8.843769337123666219e+01,3.111383831337469630e+01,-8.114302823603930168e-03,2.605119470853831558e+02,1.764692668428891054e-02,nan,1.121841093441455157e-05,8.336928983824396511e+00,1.000000000000000000e+00,1.000000000000000000e+00,-1.000000000000000000e+00,0.000000000000000000e+00
7.700000000000000000e+02,7.925855174598244446e+01,4.217659820479276789e+01,-8.766185393961760039e-03,2.814941542995275654e+02,1.200631941701491012e-02,nan,9.020455210026384458e-06,1.437502338751638398e+01,1.000000000000000000e+00,1.000000000000000000e+00,-1.000000000000000000e+00,0.000000000000000000e+00
7.710000000000000000e+02,1.683518643201752596e+01,6.186684336076805124e+00,-8.507876122613555747e-03,2.731799288497082898e+02,3.462337334690457347e-02,nan,2.779402470258064047e-05,8.648738605174415284e+00,1.000000000000000000e+00,1.000000000000000000e+00,-1.000000000000000000e+00,0.000000000000000000e+00
7.720000000000000000e+02,8.087016081407068668e+01,2.761571940779640144e+01,-2.054291589354411383e-03,6.545778055463767942e+01,2.768304811183301961e-01,nan,1.912802385717848435e-05,8.336928983824396511e+00,1.000000000000000000e+00,1.000000000000000000e+00,-1.000000000000000000e+00,0.000000000000000000e+00
7.760000000000000000e+02,5.269294436663077619e+01,3.837723208070522674e+01,-1.258895924477731023e-03,3.985630351481788836e+01,3.269680583316307843e-01,nan,9.434632465790671990e-06,1.549234625334720228e+01,1.000000000000000000e+00,1.000000000000000000e+00,-1.000000000000000000e+00,0.000000000000000000e+00
7.770000000000000000e+02,7.756365446418638498e+01,4.800840554566301677e+01,-7.632311004417658210e-03,2.449980298776605139e+02,2.364051348400086905e-02,nan,1.342176787699136981e-05,2.065900849894211078e+01,1.000000000000000000e+00,1.000000000000000000e+00,-1.000000000000000000e+00,0.000000000000000000e+00
7.800000000000000000e+02,8.161674805853955661e+01,8.670367728371747518e+00,-8.434451231128965720e-03,2.708165947802606865e+02,1.510439813706110357e-02,nan,1.239219603933020504e-05,2.804278214186942364e+01,1.000000000000000000e+00,1.000000000000000000e+00,-1.000000000000000000e+00,0.000000000000000000e+00
7.800000000000000000e+02,1.121147677423886648e+02,5.317064134944997988e+01,-1.490267274574402084e-02,4.790098650070477788e+02,6.534803221482032853e-03,nan,1.557010163410872685e-05,9.679452205646954965e+00,1.000000000000000000e+00,1.000000000000000000e+00,-1.000000000000000000e+00,0.000000000000000000e+00
7.820000000000000000e+02,1.327913021179821840e+02,4.286289705948391315e+01,-7.621253822369488187e-03,2.446421312917973125e+02,2.016450488063481483e-02,nan,1.194235186026985334e-05,1.986418233131484001e+01,1.000000000000000000e+00,1.000000000000000000e+00,-1.000000000000000000e+00,0.000000000000000000e+00
7.820000000000000000e+02,6.214721215394512654e+01,2.885290478187567231e+01,-1.317510201210752739e-03,4.174292689768326170e+01,3.431935513118183900e-01,nan,1.080934623660491748e-05,1.620130061607421723e+01,1.000000000000000000e+00,1.000000000000000000e+00,-1.000000000000000000e+00,0.000000000000000000e+00
7.840000000000000000e+02,1.129381999395453704e+02,4.352627748146525022e+01,-7.890976060466420999e-03,2.533237070039783134e+02,1.993241033678683216e-02,nan,1.313354358035644483e-05,9.679452205646954965e+00,1.000000000000000000e+00,1.000000000000000000e+00,-1.000000000000000000e+00,0.000000000000000000e+00
7.870000000000000000e+02,8.004602180821103730e+01,1.941584920621761867e+01,-8.582159307768658443e-03,2.755708889003742570e+02,1.307898554753939013e-02,nan,1.004973988915389134e-05,1.444409939926385888e+01,1.000000000000000000e+00,1.000000000000000000e+00,-1.000000000000000000e+00,0.000000000000000000e+00
7.870000000000000000e+02,6.554010839550521439e+01,4.469495000168281251e+01,-1.473718461582671554e-03,4.677081725205413676e+01,2.802269156588090837e-01,nan,9.240393111581799584e-06,1.449593067348093278e+01,1.000000000000000000e+00,1.000000000000000000e+00,-1.000000000000000000e+00,0.000000000000000000e+00
7.910000000000000000e+02,7.307111492711983658e+01,6.767423159632961926e+00,-1.223096503987713014e-03,3.870402411201758497e+01,3.679667124114459620e-01,nan,1.056326006410703121e-05,1.444409939926385888e+01,1.000000000000000000e+00,1.000000000000000000e+00,-1.000000000000000000e+00,0.000000000000000000e+00
7.920000000000000000e+02,7.810546565669253027e+01,5.369194661087934151e+01,-1.174519815159568272e-03,3.714048153991036116e+01,3.324876351431833577e-01,nan,8.236618839976228649e-06,1.545425996569122873e+01,1.000000000000000000e+00,1.000000000000000000e+00,-1.000000000000000000e+00,0.000000000000000000e+00
7.920000000000000000e+02,5.591155306309080686e+01,3.385876394287967628e+01,-1.126520524980200149e-03,3.559552375384389933e+01,3.435669077332487165e-01,nan,7.959175695982010604e-06,1.449593067348093278e+01,1.000000000000000000e+00,1.000000000000000000e+00,-1.000000000000000000e+00,0.000000000000000000e+00
7.940000000000000000e+02,1.153541382710925802e+02,4.669676616159740234e+01,-8.120480798897879507e-03,2.607107981724897741e+02,8.920354478903180784e-02,nan,6.380822379615596035e-05,3.841850345726817828e+00,1.000000000000000000e+00,1.000000000000000000e+00,-1.000000000000000000e+00,0.000000000000000000e+00
7.970000000000000000e+02,4.862291353573419883e+01,4.779150585870913659e+01,-7.640168153602251710e-03,2.452509286968651736e+02,1.710459441275469228e-02,nan,9.797416541754277934e-06,1.572404411889181652e+01,1.000000000000000000e+00,1.000000000000000000e+00,-1.000000000000000000e+00,0.000000000000000000e+00
7.980000000000000000e+02,1.208678984905503881e+02,4.986980312994629116e+01,-1.533179585435046587e-02,4.928220919242605191e+02,1.200107054656573968e-02,nan,3.173203326118938288e-05,6.361581199684880339e+00,1.000000000000000000e+00,1.000000000000000000e+00,-1.000000000000000000e+00,0.000000000000000000e+00
7.990000000000000000e+02,1.471257866728669050e+01,1.266667444587442226e+01,-8.210855564354734362e-03,2.636196994715451183e+02,1.530810835858720242e-02,nan,1.081654445355648615e-05,2.926886367941482803e+01,1.000000000000000000e+00,1.000000000000000000e+00,-1.000000000000000000e+00,0.000000000000000000e+00
7.990000000000000000e+02,1.007059344732685702e+01,4.156508883666484166e+01,-1.449335815328569145e-03,4.598601066357313272e+01,3.233050069424441286e-01,nan,1.137738059875994762e-05,2.926886367941482803e+01,1.000000000000000000e+00,1.000000000000000000e+00,-1.000000000000000000e+00,0.000000000000000000e+00
7.990000000000000000e+02,1.135102768772940323e+02,4.332630784863452789e+01,-8.327265047285609817e-03,2.673665827349008168e+02,5.417097104998114254e-02,nan,2.383941231274677703e-05,3.841850345726817828e+00,1.000000000000000000e+00,1.000000000000000000e+00,-1.000000000000000000e+00,0.000000000000000000e+00
8.000000000000000000e+02,7.683582303182181761e+01,2.513895578861964353e+01,-7.928597596710043258e-03,2.545346350224170067e+02,1.632588722710437423e-02,nan,1.002458499303889131e-05,1.938532334378913191e+01,1.000000000000000000e+00,1.000000000000000000e+00,-1.000000000000000000e+00,0.000000000000000000e+00
8.030000000000000000e+02,9.136714254179587158e+01,4.155505975626512338e+01,-7.789045686651399451e-03,2.500428642233100049e+02,1.288030070613788158e-02,nan,8.028113223036169636e-06,2.121136676139652266e+01,1.000000000000000000e+00,1.000000000000000000e+00,-1.000000000000000000e+00,0.000000000000000000e+00
8.040000000000000000e+02,6.110377883437220703e+01,5.137096451833723876e+01,-7.897396452136998951e-03,2.535303607703983744e+02,2.023555638903284937e-02,nan,1.299039390089575647e-05,1.214240266586633155e+01,1.000000000000000000e+00,1.000000000000000000e+00,-1.000000000000000000e+00,0.000000000000000000e+00
8.050000000000000000e+02,7.023315288386207556e+01,4.336518710670888765e+01,-8.461150074112700967e-03,2.716759530164459875e+02,1.273057909326957837e-02,nan,9.049905055250187036e-06,1.214240266586633155e+01,1.000000000000000000e+00,1.000000000000000000e+00,-1.000000000000000000e+00,0.000000000000000000e+00
8.050000000000000000e+02,1.347486318190400141e+02,1.469288617212021464e+01,-1.000001985276684170e-03,3.152325930438491852e+01,3.599388730477282028e-01,nan,6.650213108024214119e-06,1.012892248195876199e+01,1.000000000000000000e+00,1.000000000000000000e+00,-1.000000000000000000e+00,0.000000000000000000e+00
8.070000000000000000e+02,9.645905465346996266e+01,1.590740462548357215e+01,-7.836785428356673674e-03,2.515794678975882448e+02,1.927045730963350412e-02,nan,1.161814083498274064e-05,9.450196130768274472e+00,1.000000000000000000e+00,1.000000000000000000e+00,-1.000000000000000000e+00,0.000000000000000000e+00
8.080000000000000000e+02,6.603130567470674350e+01,9.633045157340591302e+00,-1.641297331385912356e-02,5.276220551725806445e+02,5.122790170239754914e-03,nan,1.566241559472941034e-05,3.073940085696687774e+01,1.000000000000000000e+00,1.000000000000000000e+00,-1.000000000000000000e+00,0.000000000000000000e+00
8.090000000000000000e+02,1.055635925098988110e+02,1.843991273619943883e+01,-7.099916253011349238e-03,2.278617886255003100e+02,2.121527124713917800e-02,nan,1.054938925476475507e-05,9.450196130768274472e+00,1.000000000000000000e+00,1.000000000000000000e+00,-1.000000000000000000e+00,0.000000000000000000e+00
8.110000000000000000e+02,4.458396773966225624e+01,4.604455172601155510e+01,-1.512605231522190508e-02,4.861998047712273774e+02,6.276247158883641042e-03,nan,1.509022296351410615e-05,1.511359197030640367e+01,1.000000000000000000e+00,1.000000000000000000e+00,-1.000000000000000000e+00,0.000000000000000000e+00
8.130000000000000000e+02,9.506030757426042044e+01,1.974382226698973852e+01,-7.588613789883899736e-03,2.435915434156510173e+02,1.612894074459492177e-02,nan,8.958462032696205379e-06,1.058391111563651243e+01,1.000000000000000000e+00,1.000000000000000000e+00,-1.000000000000000000e+00,0.000000000000000000e+00
8.130000000000000000e+02,1.244109126441033482e+02,9.726124604390276929e+00,-1.918119546427964105e-03,6.107479786515155240e+01,1.514847354562022241e-01,nan,6.620291295304824536e-06,1.599757185055406694e+01,1.000000000000000000e+00,1.000000000000000000e+00,-1.000000000000000000e+00,0.000000000000000000e+00
8.150000000000000000e+02,5.162207411613415786e+01,2.974779155874523795e+01,-8.589199074691536429e-03,2.757974785578244337e+02,1.623020762756122171e-02,nan,1.172353942489427826e-05,9.705906393440065116e+00,1.000000000000000000e+00,1.000000000000000000e+00,-1.000000000000000000e+00,0.000000000000000000e+00
8.150000000000000000e+02,6.988991965459429423e+01,4.472835839573532013e+01,-1.287453732750782395e-03,4.077549644620437164e+01,2.896509822898910569e-01,nan,7.797455126987672125e-06,6.595820526663936256e+00,1.000000000000000000e+00,1.000000000000000000e+00,-1.000000000000000000e+00,0.000000000000000000e+00
8.180000000000000000e+02,5.375831629222863484e+01,2.027989378345763782e+01,-8.466722221257513489e-03,2.718553042544396021e+02,1.717340494038988030e-02,nan,1.199919187257710343e-05,3.981855341733619991e+00,1.000000000000000000e+00,1.000000000000000000e+00,-1.000000000000000000e+00,0.000000000000000000e+00
8.190000000000000000e+02,1.185114068174230937e+02,2.405450496783286951e+01,-1.381780889388827677e-02,4.440912474924282947e+02,9.495912785948745771e-03,nan,1.877295982498526495e-05,2.369512046434996222e+01,1.000000000000000000e+00,1.000000000000000000e+00,-1.000000000000000000e+00,0.000000000000000000e+00
8.230000000000000000e+02,4.993880810734658127e+01,2.140529557309170627e+01,-6.357317388003269620e-03,2.039596872791871078e+02,4.767854058871501266e-02,nan,2.010171352335974357e-05,3.981855341733619991e+00,1.000000000000000000e+00,1.000000000000000000e+00,-1.000000000000000000e+00,0.000000000000000000e+00
8.230000000000000000e+02,1.330184539272928248e+02,4.278961420082312372e+01,-1.089573352714683563e-03,3.440630155386051570e+01,3.488659048849541700e-01,nan,7.501999763503344680e-06,9.359676963519426351e+00,1.000000000000000000e+00,1.000000000000000000e+00,-1.000000000000000000e+00,0.000000000000000000e+00
8.240000000000000000e+02,7.860852821252933609e+01,2.181329091717064728e+01,-7.434908476225437178e-03,2.386442156487395323e+02,2.414486416336358854e-02,nan,1.308766207603469631e-05,8.168291829008742511e+00,1.000000000000000000e+00,1.000000000000000000e+00,-1.000000000000000000e+00,0.000000000000000000e+00
8.240000000000000000e+02,6.889076037918590600e+01,1.496016306793508832e+01,-8.490246500940896307e-03,2.726124825152562607e+02,1.290388800973440997e-02,nan,9.190909167529962541e-06,1.189118888003770103e+01,1.000000000000000000e+00,1.000000000000000000e+00,-1.000000000000000000e+00,0.000000000000000000e+00
8.240000000000000000e+02,4.811885842973347849e+01,3.430718184818636018e+01,-1.547521122548155704e-03,4.914631062424695074e+01,2.417299495623408401e-01,nan,8.244008997164493477e-06,3.788037582890304567e+00,1.000000000000000000e+00,1.000000000000000000e+00,-1.000000000000000000e+00,0.000000000000000000e+00
8.250000000000000000e+02,1.063690756311025041e+02,3.390416339838888149e+01,-1.239366337000373129e-03,3.922770279761854084e+01,3.583331092324461009e-01,nan,1.012194761755388910e-05,1.260370267266472233e+01,1.000000000000000000e+00,1.000000000000000000e+00,-1.000000000000000000e+00,0.000000000000000000e+00
8.260000000000000000e+02,1.317173161068023433e+02,3.352081744862677937e+01,-1.259175902860276957e-03,3.986531520604140866e+01,3.402017653778787176e-01,nan,9.445390725872043652e-06,9.359676963519426351e+00,1.000000000000000000e+00,1.000000000000000000e+00,-1.000000000000000000e+00,0.000000000000000000e+00
8.280000000000000000e+02,5.629822474403083987e+01,2.090393667100978092e+01,-8.391368345049363825e-03,2.694298817675023088e+02,1.375632859808084696e-02,nan,9.399280761405673655e-06,6.379148901509771541e+00,1.000000000000000000e+00,1.000000000000000000e+00,-1.000000000000000000e+00,0.000000000000000000e+00
8.280000000000000000e+02,3.095704590219927965e+01,3.057621537263929667e+01,-8.002498999036239402e-03,2.569133065923178947e+02,1.899959404988438294e-02,nan,1.185391082524763337e-05,1.633172508910239173e+01,1.000000000000000000e+00,1.000000000000000000e+00,-1.000000000000000000e+00,0.000000000000000000e+00
8.290000000000000000e+02,8.677344188642182132e+01,2.204818685526768363e+01,-8.843997251200240439e-03,2.839986920591412627e+02,1.028042892715685941e-02,nan,8.202033966046186336e-06,8.168291829008742511e+00,1.000000000000000000e+00,1.000000000000000000e+00,-1.000000000000000000e+00,0.000000000000000000e+00
8.290000000000000000e+02,8.459968821927793670e+01,4.813122616790674613e+01,-8.211703238078233227e-03,2.636469836275038574e+02,2.219215913319261269e-02,nan,1.467630738048478541e-05,1.483012612528525054e+01,1.000000000000000000e+00,1.000000000000000000e+00,-1.000000000000000000e+00,0.000000000000000000e+00
8.300000000000000000e+02,9.408686832427999036e+01,3.673271510079270286e+01,-7.154030568332404166e-03,2.296035713160463274e+02,2.178434576582710669e-02,nan,1.198709748762020585e-05,1.069737492762258135e+01,1.000000000000000000e+00,1.000000000000000000e+00,-1.000000000000000000e+00,0.000000000000000000e+00
8.300000000000000000e+02,1.061180192321720170e+02,4.707216113013895153e+01,-1.265756087864599536e-03,4.007711225591852866e+01,3.428652290580588291e-01,nan,1.019221179416200333e-05,1.317039079066444884e+01,1.000000000000000000e+00,1.000000000000000000e+00,-1.000000000000000000e+00,0.000000000000000000e+00
8.300000000000000000e+02,7.061941992309698435e+01,1.787248996152784386e+01,-1.115565026291680641e-03,3.524289806009260673e+01,3.411030022960853669e-01,nan,7.601770867320144669e-06,1.100197850476759243e+01,1.000000000000000000e+00,1.000000000000000000e+00,-1.000000000000000000e+00,0.000000000000000000e+00
8.310000000000000000e+02,1.031476886326573208e+02,3.104629569299088487e+01,-1.604805073316249719e-03,5.099011467687137866e+01,2.764827495849292438e-01,nan,1.084809030832243362e-05,1.069737492762258135e+01,1.000000000000000000e+00,1.000000000000000000e+00,-1.000000000000000000e+00,0.000000000000000000e+00
8.320000000000000000e+02,2.994868575243537379e+01,1.427564930288624012e+01,-8.386248093827838521e-03,2.692650757472101191e+02,1.437690857413442824e-02,nan,1.032369198580748242e-05,1.281300629190699070e+01,1.000000000000000000e+00,1.000000000000000000e+00,-1.000000000000000000e+00,0.000000000000000000e+00
8.340000000000000000e+02,6.033129568940195497e+01,2.177095514303520574e+01,-6.692339051372270427e-03,2.147430618955341686e+02,2.220395830481547428e-02,nan,9.803601717614054650e-06,1.100197850476759243e+01,1.000000000000000000e+00,1.000000000000000000e+00,-1.000000000000000000e+00,0.000000000000000000e+00
8.350000000000000000e+02,2.554002303444663369e+01,2.630631109995560379e+01,-6.741148195968418334e-03,2.163140865438835760e+02,2.874529255296476293e-02,nan,1.537757029206115257e-05,1.232165904053987404e+01,1.000000000000000000e+00,1.000000000000000000e+00,-1.000000000000000000e+00,0.000000000000000000e+00
8.360000000000000000e+02,8.900239526848648097e+01,1.483867805132964079e+01,-8.448873947730054998e-03,2.712808201516321560e+02,2.748075563217300399e-02,nan,1.963920523900533884e-05,9.372762864672884220e+00,1.000000000000000000e+00,1.000000000000000000e+00,-1.000000000000000000e+00,0.000000000000000000e+00
8.360000000000000000e+02,6.410751319143739124e+01,6.631558463685485627e+00,-1.599563819535225299e-03,5.082141393551698627e+01,2.748826331082891983e-01,nan,1.086851510779972876e-05,1.560324166439089844e+01,1.000000000000000000e+00,1.000000000000000000e+00,-1.000000000000000000e+00,0.000000000000000000e+00
8.370000000000000000e+02,6.284831882269677372e+00,1.601024830223878226e+01,-1.599021115435014795e-02,5.140145687379497303e+02,9.968111596678763675e-03,nan,2.610453036304793257e-05,1.353870228042104173e+01,1.000000000000000000e+00,1.000000000000000000e+00,-1.000000000000000000e+00,0.000000000000000000e+00
8.370000000000000000e+02,1.232608135521456916e+02,2.275863189833901146e+01,-1.457811584121779420e-02,4.685633205936690047e+02,5.022172464762886257e-03,nan,1.105535889979474745e-05,3.266936411702545229e+01,1.000000000000000000e+00,1.000000000000000000e+00,-1.000000000000000000e+00,0.000000000000000000e+00
8.370000000000000000e+02,9.316871485526343122e+01,5.307087516931112248e+01,-1.580527825877931988e-03,5.020870057024750110e+01,3.006612797229394340e-01,nan,1.200975672526328010e-05,2.911167183705683215e+01,1.000000000000000000e+00,1.000000000000000000e+00,-1.000000000000000000e+00,0.000000000000000000e+00
8.380000000000000000e+02,9.061782696568153028e+01,2.407117847911671760e+01,-8.780112107160583865e-03,2.819424147615142715e+02,1.679261914602603323e-02,nan,1.379532268233519528e-05,9.372762864672884220e+00,1.000000000000000000e+00,1.000000000000000000e+00,-1.000000000000000000e+00,0.000000000000000000e+00
8.390000000000000000e+02,3.616218213453215213e+01,3.255075003101966047e+01,-8.347763387073114244e-03,2.680263647762142796e+02,1.767758031880151126e-02,nan,1.319930841998588550e-05,1.201378379617364445e+01,1.000000000000000000e+00,1.000000000000000000e+00,-1.000000000000000000e+00,0.000000000000000000e+00
8.410000000000000000e+02,3.557522821058800844e+01,5.127470087258118525e+01,-7.398399075173051759e-03,2.374690840330484605e+02,2.373848220668539621e-02,nan,1.391103565141468121e-05,1.873314842801513436e+01,1.000000000000000000e+00,1.000000000000000000e+00,-1.000000000000000000e+00,0.000000000000000000e+00
8.410000000000000000e+02,2.555881699295742493e+01,1.231358345711429081e+01,-1.277571968731489255e-03,4.045743115389218048e+01,3.183130545415301382e-01,nan,8.859573931684012392e-06,1.962528555267902775e+01,1.000000000000000000e+00,1.000000000000000000e+00,-1.000000000000000000e+00,0.000000000000000000e+00
8.460000000000000000e+02,1.257405357028607540e+02,2.285195683485316209e+01,-8.846383763688531882e-03,2.840755069669566524e+02,1.375450633507757647e-02,nan,1.089154422767019391e-05,1.754633252502892660e+01,1.000000000000000000e+00,1.000000000000000000e+00,-1.000000000000000000e+00,0.000000000000000000e+00
8.460000000000000000e+02,6.732353549234578338e+01,2.710659933996558379e+01,-1.477709703054360009e-02,4.749679473408747299e+02,5.774328852670485013e-03,nan,1.564549293320558257e-05,1.075520462353595619e+01,1.000000000000000000e+00,1.000000000000000000e+00,-1.000000000000000000e+00,0.000000000000000000e+00
8.460000000000000000e+02,1.275713924939415307e+02,4.581175914204456490e+01,-8.207144494584091982e-03,2.635002509106317348e+02,1.789477949044582239e-02,nan,1.189661955880748726e-05,8.694988897408936879e+00,1.000000000000000000e+00,1.000000000000000000e+00,-1.000000000000000000e+00,0.000000000000000000e+00
8.470000000000000000e+02,1.361027482727831739e+02,3.701170032598427184e+01,-1.379254764026095065e-02,4.432781610836190112e+02,6.589680024651212165e-03,nan,1.217347698995948151e-05,1.225663357497870187e+01,1.000000000000000000e+00,1.000000000000000000e+00,-1.000000000000000000e+00,0.000000000000000000e+00
8.470000000000000000e+02,1.005033512101880149e+02,3.774334903190473511e+01,-8.397284030686213638e-03,2.696202905120987339e+02,1.374837353630231629e-02,nan,1.002802647500716332e-05,1.286635638084459465e+01,1.000000000000000000e+00,1.000000000000000000e+00,-1.000000000000000000e+00,0.000000000000000000e+00
8.470000000000000000e+02,7.798586924690350308e+00,1.101918099305719601e+01,-1.334693152430296761e-03,4.229599620714662933e+01,2.859208170851915698e-01,nan,8.475268252369257675e-06,1.057459833220365297e+01,1.000000000000000000e+00,1.000000000000000000e+00,-1.000000000000000000e+00,0.000000000000000000e+00
8.480000000000000000e+02,1.422028142899131922e+02,1.329911077926862006e+01,-1.870041573858264791e-02,6.012481852892798315e+02,1.652363729278594207e-02,nan,5.684360351134650635e-05,1.903322053777085898e+01,1.000000000000000000e+00,1.000000000000000000e+00,-1.000000000000000000e+00,0.000000000000000000e+00
8.480000000000000000e+02,1.020041074364318945e+02,2.496481792428948410e+01,-7.615034935509305998e-03,2.444419633801594500e+02,1.382070628018646774e-01,nan,9.328701196478094869e-05,5.291135196625428527e+00,1.000000000000000000e+00,1.000000000000000000e+00,-1.000000000000000000e+00,0.000000000000000000e+00
8.490000000000000000e+02,3.097596360897268397e+01,4.409396959258488380e+01,-8.269452448014908211e-03,2.655057630218959162e+02,1.389149501344266735e-02,nan,9.469733884938195538e-06,3.146565630941883640e+01,1.000000000000000000e+00,1.000000000000000000e+00,-1.000000000000000000e+00,0.000000000000000000e+00
8.500000000000000000e+02,7.655083389676885020e+01,2.158107758633355644e+01,-8.279437380332982724e-03,2.658271490021991212e+02,1.449167788004790403e-02,nan,1.016857097316579652e-05,1.075520462353595619e+01,1.000000000000000000e+00,1.000000000000000000e+00,-1.000000000000000000e+00,0.000000000000000000e+00
8.510000000000000000e+02,9.693504411474123117e+01,2.344800919882050394e+01,-8.478641429155489226e-03,2.722389489495363364e+02,8.001034840789156277e-02,nan,6.102333295207283545e-05,5.291135196625428527e+00,1.000000000000000000e+00,1.000000000000000000e+00,-1.000000000000000000e+00,0.000000000000000000e+00
8.510000000000000000e+02,1.193254354144803102e+02,4.856984249280611010e+01,-7.832881418153005149e-03,2.514538091443337464e+02,1.844224622168122441e-02,nan,1.150374769304384303e-05,8.694988897408936879e+00,1.000000000000000000e+00,1.000000000000000000e+00,-1.000000000000000000e+00,0.000000000000000000e+00
8.510000000000000000e+02,9.056978866907696712e+00,2.151863715074492234e+01,-2.136677671882730462e-03,6.810954934517599213e+01,2.841503132519899166e-01,nan,2.054919461138259774e-05,1.057459833220365297e+01,1.000000000000000000e+00,1.000000000000000000e+00,-1.000000000000000000e+00,0.000000000000000000e+00
8.550000000000000000e+02,1.402560044273087385e+02,6.187877668918249086e+00,-6.600977911598983859e-03,2.118024120711474723e+02,2.415555130875368661e-02,nan,1.023693179808699253e-05,3.986016112165872727e+01,1.000000000000000000e+00,1.000000000000000000e+00,-1.000000000000000000e+00,0.000000000000000000e+00
8.550000000000000000e+02,1.075952955917500304e+02,2.903761602635795214e+01,-6.662076866630178493e-03,2.137690100342261701e+02,1.754114022270558682e-02,nan,7.898060345553923407e-06,1.203680464407068129e+01,1.000000000000000000e+00,1.000000000000000000e+00,-1.000000000000000000e+00,0.000000000000000000e+00
8.560000000000000000e+02,5.697410241379284201e+01,4.873037072131955938e+01,-1.334205748809275853e-03,4.228030809975088999e+01,3.658656430722253550e-01,nan,1.224602554301702468e-05,3.866677967759815715e+01,1.000000000000000000e+00,1.000000000000000000e+00,-1.000000000000000000e+00,0.000000000000000000e+00
8.570000000000000000e+02,9.562548819271326295e+01,4.982134643369170846e+01,-6.590859045724455599e-03,2.114767151585349154e+02,2.401046384425442604e-02,nan,1.056330901977937867e-05,1.635071563631159819e+01,1.000000000000000000e+00,1.000000000000000000e+00,-1.000000000000000000e+00,0.000000000000000000e+00
8.620000000000000000e+02,8.467894240793393124e+01,3.767560490831523623e+01,-7.487331632622442994e-03,2.403315648437605034e+02,1.820628797053025494e-02,nan,1.034892173273981275e-05,1.635071563631159819e+01,1.000000000000000000e+00,1.000000000000000000e+00,-1.000000000000000000e+00,0.000000000000000000e+00
8.630000000000000000e+02,6.161872458336114988e+01,4.340074234751765658e+01,-1.523255623821009527e-02,4.896278568205877377e+02,5.529433671886296864e-03,nan,1.341910947228574364e-05,1.799381043033471173e+01,1.000000000000000000e+00,1.000000000000000000e+00,-1.000000000000000000e+00,0.000000000000000000e+00
8.650000000000000000e+02,4.571033778993660235e+01,5.180909792001919811e+01,-1.408496269179882604e-02,4.526901525724151156e+02,6.961235228470252778e-03,nan,1.420681871764105836e-05,1.799381043033471173e+01,1.000000000000000000e+00,1.000000000000000000e+00,-1.000000000000000000e+00,0.000000000000000000e+00
8.670000000000000000e+02,1.359042497405349934e+02,1.621421226234761193e+01,-1.157604148392535684e-03,3.659601534091923725e+01,3.341699838563588765e-01,nan,7.832189329722998410e-06,4.738558653311473634e+00,1.000000000000000000e+00,1.000000000000000000e+00,-1.000000000000000000e+00,0.000000000000000000e+00
8.680000000000000000e+02,3.389628551158265424e+01,1.704315138352196612e+01,-7.967282094405579718e-03,2.557797766837092865e+02,1.448568370747216338e-02,nan,9.024866955339898512e-06,1.515374606550179593e+01,1.000000000000000000e+00,1.000000000000000000e+00,-1.000000000000000000e+00,0.000000000000000000e+00
8.680000000000000000e+02,8.797989456133137764e+01,2.179992691437950469e+01,-8.525106887048189419e-03,2.737345371277408503e+02,1.123312143361121507e-02,nan,9.430466985697178155e-06,3.408088188389405815e+01,1.000000000000000000e+00,1.000000000000000000e+00,-1.000000000000000000e+00,0.000000000000000000e+00
8.690000000000000000e+02,1.237671400203316807e+02,3.320233746589580903e+01,-1.411967239377821684e-03,4.478322470249783294e+01,2.942599267414760522e-01,nan,9.679756362507331173e-06,1.614486124905019082e+01,1.000000000000000000e+00,1.000000000000000000e+00,-1.000000000000000000e+00,0.000000000000000000e+00
8.700000000000000000e+02,4.785536915449773687e+01,1.114569399344175160e+01,-8.355252947962795579e-03,2.682674319954896305e+02,1.479604712682403012e-02,nan,9.874626341506775599e-06,1.515374606550179593e+01,1.000000000000000000e+00,1.000000000000000000e+00,-1.000000000000000000e+00,0.000000000000000000e+00
8.720000000000000000e+02,1.387183809949329145e+02,2.002663975593930346e+01,-6.732661287638868480e-03,2.160409176062936183e+02,1.961676074008644743e-02,nan,8.699658526744683006e-06,4.738558653311473634e+00,1.000000000000000000e+00,1.000000000000000000e+00,-1.000000000000000000e+00,0.000000000000000000e+00
8.740000000000000000e+02,1.271381897467285711e+02,5.136053790104001138e+01,-8.879939345770854545e-03,2.851555637263451217e+02,1.571003867729303671e-02,nan,1.306895326287959862e-05,1.608102985891976644e+01,1.000000000000000000e+00,1.000000000000000000e+00,-1.000000000000000000e+00,0.000000000000000000e+00
8.750000000000000000e+02,1.460725058888094274e+01,2.333637196485558007e+01,-1.749570202488062763e-03,5.564968386277250545e+01,2.480587778143399369e-01,nan,1.085885946554799659e-05,1.151730590512270247e+01,1.000000000000000000e+00,1.000000000000000000e+00,-1.000000000000000000e+00,0.000000000000000000e+00
8.750000000000000000e+02,9.119902135956188260e+01,2.980171825240365635e+01,-8.549579492417880636e-03,2.745222392389584911e+02,1.566090027479660751e-02,nan,1.148014575473585326e-05,1.633732876013755586e+01,1.000000000000000000e+00,1.000000000000000000e+00,-1.000000000000000000e+00,0.000000000000000000e+00
8.750000000000000000e+02,4.157201601272593905e+01,4.906656105914945698e+01,-1.587059089878939747e-02,5.101643400260408612e+02,5.915644906263950453e-03,nan,1.537066117257149592e-05,2.934346162815908698e+01,1.000000000000000000e+00,1.000000000000000000e+00,-1.000000000000000000e+00,0.000000000000000000e+00
8.750000000000000000e+02,7.708569012298436007e+01,3.803106770563888261e+01,-1.324940141529184134e-03,4.198207510387702257e+01,3.325676850472008006e-01,nan,1.034901027971679237e-05,1.633732876013755586e+01,1.000000000000000000e+00,1.000000000000000000e+00,-1.000000000000000000e+00,0.000000000000000000e+00
8.780000000000000000e+02,1.345414988123069691e+02,1.970945572225095432e+01,-1.677469600536336813e-03,5.332897482834435010e+01,2.608653637023179428e-01,nan,1.114558906191735837e-05,2.059001653172158797e+01,1.000000000000000000e+00,1.000000000000000000e+00,-1.000000000000000000e+00,0.000000000000000000e+00
8.800000000000000000e+02,2.609679726762917085e+01,2.413552928919155249e+01,-2.011566591294895647e-03,6.408258691812643804e+01,1.935735690993038993e-01,nan,1.016973535477465858e-05,1.151730590512270247e+01,1.000000000000000000e+00,1.000000000000000000e+00,-1.000000000000000000e+00,0.000000000000000000e+00
8.810000000000000000e+02,3.477702499083778775e+01,3.460378047219564479e+01,-1.398087403438743248e-03,4.433647308339531179e+01,2.971739144710101588e-01,nan,9.609981539547662229e-06,1.359892040410657188e+01,1.000000000000000000e+00,1.000000000000000000e+00,-1.000000000000000000e+00,0.000000000000000000e+00
8.820000000000000000e+02,1.261716562622898685e+01,6.349540740020005458e+00,-7.606383435878282667e-03,2.441634967264620002e+02,2.126921197947617692e-02,nan,1.245442549022950068e-05,2.231685143247359093e+01,1.000000000000000000e+00,1.000000000000000000e+00,-1.000000000000000000e+00,0.000000000000000000e+00
8.850000000000000000e+02,4.840301749679034771e+01,3.223883594362349925e+01,-1.590153087477302885e-02,5.111602080194632549e+02,5.691132555832645323e-03,nan,1.688702935167715849e-05,1.382970116797534565e+01,1.000000000000000000e+00,1.000000000000000000e+00,-1.000000000000000000e+00,0.000000000000000000e+00
8.850000000000000000e+02,6.404921447210455199e+01,3.227750702638647340e+01,-8.528353749602035627e-03,2.738390442061602812e+02,1.698669922486206740e-02,nan,1.185880560684579212e-05,1.537540522553050693e+01,1.000000000000000000e+00,1.000000000000000000e+00,-1.000000000000000000e+00,0.000000000000000000e+00
8.870000000000000000e+02,1.096057005314173551e+02,5.278647720712785940e+01,-7.840449419346546406e-03,2.516974011292408022e+02,2.126382489026323874e-02,nan,1.509705209259804180e-05,3.248450037404875701e+01,1.000000000000000000e+00,1.000000000000000000e+00,-1.000000000000000000e+00,0.000000000000000000e+00
8.880000000000000000e+02,1.336187503425597711e+01,4.700432480024255000e+01,-8.413576041264482150e-03,2.701446830291445735e+02,1.237352938111679901e-02,nan,8.736398797759349462e-06,3.802500922096627534e+01,1.000000000000000000e+00,1.000000000000000000e+00,-1.000000000000000000e+00,0.000000000000000000e+00
8.880000000000000000e+02,7.207556981722527212e+01,1.916336558582228733e+01,-9.703866603776324087e-04,3.057002798328207049e+01,3.736831454218267901e-01,nan,6.820538914467579642e-06,1.133264264264340859e+01,1.000000000000000000e+00,1.000000000000000000e+00,-1.000000000000000000e+00,0.000000000000000000e+00
8.900000000000000000e+02,7.958599008679630060e+01,1.067676575784191861e+01,-7.791909174693393073e-03,2.501350315893117511e+02,1.871903843295630310e-02,nan,1.201341055940922355e-05,1.133264264264340859e+01,1.000000000000000000e+00,1.000000000000000000e+00,-1.000000000000000000e+00,0.000000000000000000e+00
8.900000000000000000e+02,9.022094447357197566e+01,2.339465860573961109e+01,-7.266460371651082932e-03,2.332223602475913253e+02,3.298475171252734928e-02,nan,1.721659825024436969e-05,1.657851179386758034e+01,1.000000000000000000e+00,1.000000000000000000e+00,-1.000000000000000000e+00,0.000000000000000000e+00
8.920000000000000000e+02,5.023261657969558058e+01,6.363566423807261785e+00,-7.950885437059670990e-03,2.552520158910525083e+02,1.338339020523260370e-02,nan,8.431345404217288535e-06,2.531697977099222285e+01,1.000000000000000000e+00,1.000000000000000000e+00,-1.000000000000000000e+00,0.000000000000000000e+00
8.930000000000000000e+02,9.290859427460905806e+01,4.365691253627416302e+01,-8.703728363714755348e-03,2.794838438383913513e+02,1.699102353606252169e-02,nan,1.411980778068786080e-05,2.043972592278275968e+01,1.000000000000000000e+00,1.000000000000000000e+00,-1.000000000000000000e+00,0.000000000000000000e+00
8.970000000000000000e+02,1.158452435616549110e+02,4.299517865631838731e+01,-2.835042892346869431e-02,9.118540911249901910e+02,2.844764981212555277e-03,nan,2.707259643157356081e-05,1.511733019508817932e+01,1.000000000000000000e+00,1.000000000000000000e+00,-1.000000000000000000e+00,0.000000000000000000e+00
8.970000000000000000e+02,1.366896372325192601e+02,3.012163888129020251e+01,-1.572629021031836946e-03,4.995446097624535042e+01,2.797121585869197791e-01,nan,1.051845040570775251e-05,9.780793781165970202e+00,1.000000000000000000e+00,1.000000000000000000e+00,-1.000000000000000000e+00,0.000000000000000000e+00
8.990000000000000000e+02,3.486722602489104617e+01,6.987178224267013960e+00,-1.377221863433607469e-03,4.366487193323347071e+01,2.783688931945225153e-01,nan,8.141813782639609759e-06,2.813384395216318978e+01,1.000000000000000000e+00,1.000000000000000000e+00,-1.000000000000000000e+00,0.000000000000000000e+00
9.010000000000000000e+02,9.248798516973421613e+01,3.780465790896306544e+01,-7.856437482790256527e-03,2.522120104705285542e+02,1.819158657808872537e-02,nan,1.162610770939933566e-05,9.200756244053591715e+00,1.000000000000000000e+00,1.000000000000000000e+00,-1.000000000000000000e+00,0.000000000000000000e+00
9.020000000000000000e+02,8.729530785438140583e+01,7.199967794927739639e+00,-6.199602038875847224e-03,1.988832881135732293e+02,1.392792462244462071e-01,nan,6.240883344795946752e-05,2.194984856517591965e+01,1.000000000000000000e+00,1.000000000000000000e+00,-1.000000000000000000e+00,0.000000000000000000e+00
9.040000000000000000e+02,9.661654092446467246e+01,4.818095321828151611e+01,-8.721541299790275259e-03,2.800571905312223748e+02,1.167732437091284492e-02,nan,8.456233332583865556e-06,1.116747406382043373e+01,1.000000000000000000e+00,1.000000000000000000e+00,-1.000000000000000000e+00,0.000000000000000000e+00
9.060000000000000000e+02,8.979403299420181384e+01,2.900712773632737296e+01,-8.562391004522260096e-03,2.749346046156751413e+02,1.332381020368422764e-02,nan,9.935282267540503293e-06,9.200756244053591715e+00,1.000000000000000000e+00,1.000000000000000000e+00,-1.000000000000000000e+00,0.000000000000000000e+00
9.060000000000000000e+02,1.030217403765523869e+02,2.955186011087300813e+01,-1.451029319683194187e-02,4.663803065923374334e+02,6.411188213847118789e-03,nan,1.491334682375365532e-05,1.323891898732558836e+01,1.000000000000000000e+00,1.000000000000000000e+00,-1.000000000000000000e+00,0.000000000000000000e+00
9.070000000000000000e+02,5.538437088742166736e+01,2.341856920121833596e+01,-8.216544731670159460e-03,2.638028172490654697e+02,1.951269460581142035e-01,nan,1.768046414069820754e-04,3.329578642674510203e+00,1.000000000000000000e+00,1.000000000000000000e+00,-1.000000000000000000e+00,0.000000000000000000e+00
9.070000000000000000e+02,4.133654898710725689e+01,1.337499422173747021e+01,-8.199774182259667379e-03,2.632630219564365461e+02,2.869990403594202544e-02,nan,2.194488736756233603e-05,1.030670756465953986e+01,1.000000000000000000e+00,1.000000000000000000e+00,-1.000000000000000000e+00,0.000000000000000000e+00
9.070000000000000000e+02,5.130591151812243567e+01,4.042335787807341774e+01,-6.609343032587963740e-03,2.120716610278511496e+02,3.057811855505276899e-02,nan,1.437812862752524196e-05,1.748704288241792781e+01,1.000000000000000000e+00,1.000000000000000000e+00,-1.000000000000000000e+00,0.000000000000000000e+00
9.080000000000000000e+02,3.506947109011797181e+01,5.192576763768307124e+00,-8.047614392884434864e-03,2.583654401288089275e+02,2.062816624721641734e-02,nan,1.318017407760965484e-05,1.030670756465953986e+01,1.000000000000000000e+00,1.000000000000000000e+00,-1.000000000000000000e+00,0.000000000000000000e+00
9.110000000000000000e+02,1.395892130264844333e+01,3.793131293364064049e+01,-8.677536732445034762e-03,2.786408112746029246e+02,1.800011490206698817e-02,nan,1.413232400302398641e-05,2.576552314946076194e+01,1.000000000000000000e+00,1.000000000000000000e+00,-1.000000000000000000e+00,0.000000000000000000e+00
9.110000000000000000e+02,1.228534250134350003e+02,9.736853006782597575e+00,-1.402243580848919159e-03,4.447024836686575355e+01,2.673807947046296096e-01,nan,7.933783727782306192e-06,2.803444706199712755e+01,1.000000000000000000e+00,1.000000000000000000e+00,-1.000000000000000000e+00,0.000000000000000000e+00
9.130000000000000000e+02,9.142554259416137086e+01,3.473834996914477102e+01,-1.200972262201054075e-03,3.799190900611945665e+01,3.069486594930670442e-01,nan,7.273310506257153366e-06,1.867983739189037351e+01,1.000000000000000000e+00,1.000000000000000000e+00,-1.000000000000000000e+00,0.000000000000000000e+00
9.160000000000000000e+02,3.942238942053906214e+01,4.186501024972464080e+01,-8.134082816980378258e-03,2.611486076414265654e+02,4.229095922313386158e-02,nan,2.879329489473488960e-05,9.169875073502590013e+00,1.000000000000000000e+00,1.000000000000000000e+00,-1.000000000000000000e+00,0.000000000000000000e+00
9.190000000000000000e+02,1.245887409546235460e+02,2.868495488282854211e+01,-8.600561650799873684e-03,2.761632068917799643e+02,1.283632172622561907e-02,nan,9.338340561642108662e-06,1.867603670411819294e+01,1.000000000000000000e+00,1.000000000000000000e+00,-1.000000000000000000e+00,0.000000000000000000e+00
9.200000000000000000e+02,6.943043779958810724e+00,1.685091848263441605e+01,-8.635595203489665472e-03,2.772908352337700535e+02,1.868510400815714956e-02,nan,1.452970717192574164e-05,3.198649446255131323e+01,1.000000000000000000e+00,1.000000000000000000e+00,-1.000000000000000000e+00,0.000000000000000000e+00
9.200000000000000000e+02,3.235127485583024765e+01,4.770332744532193203e+01,-3.025605532614698834e-02,9.731906720858718245e+02,2.705157202899211022e-03,nan,3.422494193893509747e-05,9.169875073502590013e+00,1.000000000000000000e+00,1.000000000000000000e+00,-1.000000000000000000e+00,0.000000000000000000e+00
9.220000000000000000e+02,7.964222678189423732e+01,3.200200261671954394e+01,-6.164472994178948201e-03,1.977525861611331095e+02,2.664018694414804767e-02,nan,9.974735555373267823e-06,1.535496166963543452e+01,1.000000000000000000e+00,1.000000000000000000e+00,-1.000000000000000000e+00,0.000000000000000000e+00
9.220000000000000000e+02,3.374566613413337279e+01,3.430815947147133471e+01,-6.786086704053415596e-03,2.177605266412408866e+02,2.371241019357694935e-02,nan,1.050027007562359587e-05,1.346754810961076565e+01,1.000000000000000000e+00,1.000000000000000000e+00,-1.000000000000000000e+00,0.000000000000000000e+00
9.230000000000000000e+02,9.506519693899197421e+01,3.329627593844153921e+01,-8.266254638596195678e-03,2.654028348214717994e+02,1.443944283989639921e-02,nan,1.004395251819410249e-05,1.540072125833402872e+01,1.000000000000000000e+00,1.000000000000000000e+00,-1.000000000000000000e+00,0.000000000000000000e+00
9.230000000000000000e+02,1.101701424768993576e+02,4.777815341810512706e+01,-1.693207858426018595e-03,5.383554365415247389e+01,1.990696258539419450e-01,nan,7.461248559133220805e-06,2.092568171026061563e+01,1.000000000000000000e+00,1.000000000000000000e+00,-1.000000000000000000e+00,0.000000000000000000e+00
9.230000000000000000e+02,1.160771596808970401e+02,1.206125700316535898e+01,-1.263489646752700025e-03,4.000416209708481574e+01,2.980558572428616548e-01,nan,7.589981836713708198e-06,1.529132478456979349e+01,1.000000000000000000e+00,1.000000000000000000e+00,-1.000000000000000000e+00,0.000000000000000000e+00
9.250000000000000000e+02,5.460444993719781337e+01,3.501492325582659504e+01,-6.508579765949071110e-03,2.088283840385142867e+02,2.985199529671500596e-02,nan,1.236687538967356537e-05,2.087075410208887760e+01,1.000000000000000000e+00,1.000000000000000000e+00,-1.000000000000000000e+00,0.000000000000000000e+00
9.250000000000000000e+02,8.505286119494351738e+01,4.637210641329318861e+01,-1.497928676095293616e-03,4.755007376342839365e+01,3.677574818362970843e-01,nan,1.536528758289578322e-05,1.535496166963543452e+01,1.000000000000000000e+00,1.000000000000000000e+00,-1.000000000000000000e+00,0.000000000000000000e+00
9.290000000000000000e+02,1.031773415693354679e+02,2.006980427734397665e+01,-7.530032445905029785e-03,2.417059800425223273e+02,1.824615893288206170e-02,nan,9.956039462822884303e-06,1.435051628559462245e+01,1.000000000000000000e+00,1.000000000000000000e+00,-1.000000000000000000e+00,0.000000000000000000e+00
9.290000000000000000e+02,9.919371627171574346e+01,3.385632113807717047e+01,-2.440100201777241004e-02,7.847335060985349173e+02,3.575713002685887432e-03,nan,2.558156611765135120e-05,1.435051628559462245e+01,1.000000000000000000e+00,1.000000000000000000e+00,-1.000000000000000000e+00,0.000000000000000000e+00
9.310000000000000000e+02,4.308368996856778921e+01,3.593893891839408639e+01,-1.311911676652876765e-03,4.156272664734930089e+01,2.938778449798616910e-01,nan,8.195572921271456550e-06,2.088061000446938564e+01,1.000000000000000000e+00,1.000000000000000000e+00,-1.000000000000000000e+00,0.000000000000000000e+00
9.320000000000000000e+02,1.304544808653593577e+02,1.949552205474970279e+01,-8.864498848134901021e-03,2.846585789385646876e+02,9.167494061909753356e-03,nan,7.367346938643580267e-06,2.001364818706533200e+01,1.000000000000000000e+00,1.000000000000000000e+00,-1.000000000000000000e+00,0.000000000000000000e+00
9.340000000000000000e+02,1.192854899750678399e+01,2.255827291043540939e+01,-8.667470860938225261e-03,2.783168200968192991e+02,1.447924816802892423e-02,nan,1.156958922808567107e-05,2.191033678204286517e+01,1.000000000000000000e+00,1.000000000000000000e+00,-1.000000000000000000e+00,0.000000000000000000e+00
9.350000000000000000e+02,7.484214578885345759e+01,5.059491072566532921e+01,-1.352601636965174766e-03,4.287241832746171610e+01,2.955089255322748132e-01,nan,8.682283529535972529e-06,2.195810683479457026e+01,1.000000000000000000e+00,1.000000000000000000e+00,-1.000000000000000000e+00,0.000000000000000000e+00
9.350000000000000000e+02,6.150912197982216156e+01,2.611532810783213421e+01,-1.333306451616184368e-03,4.225136233419347320e+01,2.965949733012128720e-01,nan,8.183350534756990590e-06,5.538719538151748445e+00,1.000000000000000000e+00,1.000000000000000000e+00,-1.000000000000000000e+00,0.000000000000000000e+00
9.380000000000000000e+02,8.049957694200972469e+01,1.094864916554788259e+01,-8.155050345738219797e-03,2.618234915134161156e+02,6.874401333402668790e-02,nan,5.209437962856930258e-05,8.007561488690722484e+00,1.000000000000000000e+00,1.000000000000000000e+00,-1.000000000000000000e+00,0.000000000000000000e+00
9.380000000000000000e+02,3.010134783371930567e+01,3.479805396897944547e+01,-1.075968700639925481e-03,3.396840730436061051e+01,3.546197358182218151e-01,nan,7.434465473536271954e-06,2.191033678204286517e+01,1.000000000000000000e+00,1.000000000000000000e+00,-1.000000000000000000e+00,0.000000000000000000e+00
9.390000000000000000e+02,5.295892777744390401e+01,5.240687795312075536e+01,-9.044144684884899282e-03,2.904408568260954553e+02,1.300422076912532976e-02,nan,1.096615164180279109e-05,9.772226625612761453e+00,1.000000000000000000e+00,1.000000000000000000e+00,-1.000000000000000000e+00,0.000000000000000000e+00
9.390000000000000000e+02,3.558995170554690901e+01,6.590443834427429870e+00,-6.091124588759459432e-03,1.953917139560456349e+02,2.725136588196119813e-02,nan,1.002045399447783226e-05,2.399471653600156529e+01,1.000000000000000000e+00,1.000000000000000000e+00,-1.000000000000000000e+00,0.000000000000000000e+00
9.400000000000000000e+02,8.674370375876608819e+01,1.596182393722967774e+01,-8.454661056614059395e-03,2.714670903838740514e+02,2.676516159911423998e-02,nan,1.911943558364860560e-05,8.007561488690722484e+00,1.000000000000000000e+00,1.000000000000000000e+00,-1.000000000000000000e+00,0.000000000000000000e+00
9.400000000000000000e+02,6.515685335295601988e+01,3.028323765000779133e+01,-8.467649749194741671e-03,2.718851586856835070e+02,1.486301203440076879e-02,nan,1.048053049346724396e-05,5.538719538151748445e+00,1.000000000000000000e+00,1.000000000000000000e+00,-1.000000000000000000e+00,0.000000000000000000e+00
9.420000000000000000e+02,6.199191699703010272e+01,4.867840387098279820e+01,-1.350350153000060265e-03,4.279994959575529379e+01,3.628992218605642250e-01,nan,1.261719426067785592e-05,9.772226625612761453e+00,1.000000000000000000e+00,1.000000000000000000e+00,-1.000000000000000000e+00,0.000000000000000000e+00
9.430000000000000000e+02,5.176952543703123411e+01,2.430958081991657593e+01,-6.698600293844658542e-03,2.149445931113504571e+02,2.068435421561265475e-02,nan,9.672511130336404711e-06,1.277973838359801917e+01,1.000000000000000000e+00,1.000000000000000000e+00,-1.000000000000000000e+00,0.000000000000000000e+00
9.450000000000000000e+02,7.241099109791750266e+01,1.544266360273633687e+01,-1.173703751413680742e-03,3.711421481735209227e+01,3.405892852203036281e-01,nan,7.928072178013959988e-06,1.434211210635869271e+01,1.000000000000000000e+00,1.000000000000000000e+00,-1.000000000000000000e+00,0.000000000000000000e+00
9.460000000000000000e+02,9.637074730938654454e+01,3.122554026177815700e+01,-8.806839280064360925e-03,2.828026848555704760e+02,1.284387196519054530e-02,nan,1.133711548429944573e-05,2.655515128790641555e+01,1.000000000000000000e+00,1.000000000000000000e+00,-1.000000000000000000e+00,0.000000000000000000e+00
9.470000000000000000e+02,1.343898914601123238e+02,4.591255074452882212e+01,-7.822548860173030374e-03,2.511212341032968709e+02,1.452612962167842969e-02,nan,9.286808907088259967e-06,1.274391612924163120e+01,1.000000000000000000e+00,1.000000000000000000e+00,-1.000000000000000000e+00,0.000000000000000000e+00
9.470000000000000000e+02,3.205757620328688517e+01,2.075493407930266088e+01,-8.049289460722126519e-03,2.584193556989842477e+02,3.141524178586996285e-02,nan,2.193984490674425698e-05,8.704463966488120263e+00,1.000000000000000000e+00,1.000000000000000000e+00,-1.000000000000000000e+00,0.000000000000000000e+00
9.470000000000000000e+02,3.908761146119505980e+01,2.588779850537686400e+01,-7.429006260997668941e-03,2.384542404775004343e+02,4.562395323767343136e-02,nan,2.599555194684921886e-05,8.704463966488120263e+00,1.000000000000000000e+00,1.000000000000000000e+00,-1.000000000000000000e+00,0.000000000000000000e+00
9.510000000000000000e+02,3.704248930775303705e+01,3.704409474687362547e+01,-6.464406171451607050e-03,2.074065642886310741e+02,2.833172740657208255e-02,nan,1.144936863555406189e-05,1.134219866033627966e+01,1.000000000000000000e+00,1.000000000000000000e+00,-1.000000000000000000e+00,0.000000000000000000e+00
9.520000000000000000e+02,2.787803406594598243e+01,5.148378341248504597e+01,-6.761347762515429287e-03,2.169642519420666247e+02,2.605647638727748294e-02,nan,1.151985126111774238e-05,1.710239306760523803e+01,1.000000000000000000e+00,1.000000000000000000e+00,-1.000000000000000000e+00,0.000000000000000000e+00
9.550000000000000000e+02,8.841184190629084583e+01,2.080903385312802456e+01,-1.069224247314926263e-03,3.375132293419010665e+01,3.622985953643467205e-01,nan,8.169546774766609643e-06,1.620873243921192852e+01,1.000000000000000000e+00,1.000000000000000000e+00,-1.000000000000000000e+00,0.000000000000000000e+00
9.560000000000000000e+02,1.219032288295400548e+02,5.776916256128758143e+00,-7.129248996847083533e-03,2.288059244826424106e+02,2.197414434649958004e-02,nan,1.102017092043611390e-05,3.671018329418695458e+01,1.000000000000000000e+00,1.000000000000000000e+00,-1.000000000000000000e+00,0.000000000000000000e+00
9.560000000000000000e+02,1.691400335090068552e+01,1.970236711117945561e+01,-8.254717788808990306e-03,2.650314971237930308e+02,1.613721660438605099e-02,nan,1.078594672852054286e-05,1.340537611162133125e+01,1.000000000000000000e+00,1.000000000000000000e+00,-1.000000000000000000e+00,0.000000000000000000e+00
9.580000000000000000e+02,1.168868129129796785e+01,3.204741138276702372e+01,-8.549535938892098216e-03,2.745208373774202073e+02,8.852258112682975799e-03,nan,6.376576659843086831e-06,1.069123734248382362e+01,1.000000000000000000e+00,1.000000000000000000e+00,-1.000000000000000000e+00,0.000000000000000000e+00
9.600000000000000000e+02,3.325593877473322380e+01,8.167423439784096573e+00,-1.314510923300984090e-02,4.224389985763570508e+02,1.747117454105362455e-02,nan,3.372168134354128368e-05,1.617620816219825031e+01,1.000000000000000000e+00,1.000000000000000000e+00,-1.000000000000000000e+00,0.000000000000000000e+00
9.620000000000000000e+02,1.661934976173602507e+01,2.256104936416639362e+01,-1.332948460169953390e-03,4.223983962895901811e+01,2.681409254419382382e-01,nan,7.160933850696185792e-06,1.069123734248382362e+01,1.000000000000000000e+00,1.000000000000000000e+00,-1.000000000000000000e+00,0.000000000000000000e+00
9.630000000000000000e+02,4.500847059391258398e+01,1.928262502796710010e+01,-6.438851862430371685e-03,2.065840452775712777e+02,2.365618488391552088e-02,nan,9.511987464039586081e-06,1.617620816219825031e+01,1.000000000000000000e+00,1.000000000000000000e+00,-1.000000000000000000e+00,0.000000000000000000e+00
9.630000000000000000e+02,8.716137779903947091e+01,3.473439741706773276e+01,-8.179822574952430939e-03,2.626208376462380443e+02,2.132498781310099289e-02,nan,1.395395381315301205e-05,1.849631699026533482e+01,1.000000000000000000e+00,1.000000000000000000e+00,-1.000000000000000000e+00,0.000000000000000000e+00
9.690000000000000000e+02,9.182712382666416318e+01,4.140142771517551523e+01,-1.636539875632184822e-03,5.201156582217099356e+01,1.906824755055721576e-01,nan,6.907924051087357542e-06,1.752582548341366220e+01,1.000000000000000000e+00,1.000000000000000000e+00,-1.000000000000000000e+00,0.000000000000000000e+00
9.700000000000000000e+02,5.786418363309385882e+01,4.214653077571777828e+01,-1.420411394333945167e-03,4.505501753313061641e+01,2.530656339004203614e-01,nan,7.377746878044411323e-06,1.570907081524764948e+01,1.000000000000000000e+00,1.000000000000000000e+00,-1.000000000000000000e+00,0.000000000000000000e+00
9.700000000000000000e+02,4.240316663844305367e+01,4.492715289488183572e+01,-7.343210853701352854e-03,2.356927354215743833e+02,2.217813063421480990e-02,nan,1.189342596495328315e-05,1.570907081524764948e+01,1.000000000000000000e+00,1.000000000000000000e+00,-1.000000000000000000e+00,0.000000000000000000e+00
9.720000000000000000e+02,9.919224652218214544e+01,5.230585812802609702e+00,-8.265665628148680805e-03,2.653838762853442290e+02,3.813709718170699148e-02,nan,2.606580210845491427e-05,3.778276669866924120e+00,1.000000000000000000e+00,1.000000000000000000e+00,-1.000000000000000000e+00,0.000000000000000000e+00
9.720000000000000000e+02,1.412867813934871606e+02,5.160879236568074191e+01,-1.432293390566557242e-03,4.543746449276246580e+01,2.951362257829459601e-01,nan,9.852088338827784042e-06,4.231728183296078782e+01,1.000000000000000000e+00,1.000000000000000000e+00,-1.000000000000000000e+00,0.000000000000000000e+00
9.750000000000000000e+02,1.933064739588836645e+01,3.004034971559891787e+01,-7.140818216905475517e-03,2.291783040853643740e+02,3.030846264541229296e-01,nan,2.250558198049694533e-04,1.004367486825546862e+01,1.000000000000000000e+00,1.000000000000000000e+00,-1.000000000000000000e+00,0.000000000000000000e+00
9.750000000000000000e+02,5.175531630954327511e+01,1.071500661919751352e+01,-8.138342407439077067e-03,2.612857114906716447e+02,1.748695601902561236e-02,nan,1.196848296686852227e-05,1.915706399392766457e+01,1.000000000000000000e+00,1.000000000000000000e+00,-1.000000000000000000e+00,0.000000000000000000e+00
9.760000000000000000e+02,5.127337734767669986e+01,2.986600752527223435e+01,-1.317151394330615165e-03,4.173137794599895045e+01,3.444063590260023622e-01,nan,1.077915228920641526e-05,1.788452900082032571e+01,1.000000000000000000e+00,1.000000000000000000e+00,-1.000000000000000000e+00,0.000000000000000000e+00
9.770000000000000000e+02,9.644818627058816674e+01,2.846805425741548490e+01,-6.417341755872676100e-03,2.058916974015663186e+02,2.419326823489964529e-02,nan,9.814065673101898143e-06,2.009223686993579960e+01,1.000000000000000000e+00,1.000000000000000000e+00,-1.000000000000000000e+00,0.000000000000000000e+00
9.770000000000000000e+02,1.890861719837981170e+01,2.000554551364174216e+01,-7.660701320198420525e-03,2.459118317120307324e+02,1.849459989503166035e-02,nan,1.038861736566515395e-05,1.004367486825546862e+01,1.000000000000000000e+00,1.000000000000000000e+00,-1.000000000000000000e+00,0.000000000000000000e+00
9.790000000000000000e+02,7.535430497824245322e+01,2.951953423303795176e+01,-7.224215937668863538e-03,2.318626345734217864e+02,2.791635173387707614e-02,nan,1.409067690993203315e-05,2.112007192494162666e+01,1.000000000000000000e+00,1.000000000000000000e+00,-1.000000000000000000e+00,0.000000000000000000e+00
9.850000000000000000e+02,1.207192090301664535e+02,3.501820272273548795e+01,-6.835534909488227666e-03,2.193521208024888267e+02,2.403968865970540492e-02,nan,1.146162267556879858e-05,2.311755272374464809e+01,1.000000000000000000e+00,1.000000000000000000e+00,-1.000000000000000000e+00,0.000000000000000000e+00
9.850000000000000000e+02,1.595494685335634522e+01,5.180477595892562448e+01,-8.683269780132599550e-03,2.788253414338968241e+02,1.419574473844353868e-02,nan,1.047948833232149710e-05,3.386050988221361990e+01,1.000000000000000000e+00,1.000000000000000000e+00,-1.000000000000000000e+00,0.000000000000000000e+00
9.850000000000000000e+02,9.765832610454548046e+01,3.663589324502852662e+01,-1.281054031866750778e-03,4.056950865612802914e+01,3.392583962824173849e-01,nan,9.137888946603824937e-06,2.011691537742926883e+01,1.000000000000000000e+00,1.000000000000000000e+00,-1.000000000000000000e+00,0.000000000000000000e+00
9.890000000000000000e+02,4.866996893806133073e+01,4.307199521733183190e+01,-1.391260795089396081e-03,4.411674438152622457e+01,2.735559915529088837e-01,nan,8.469841533616765758e-06,1.665960112947745841e+01,1.000000000000000000e+00,1.000000000000000000e+00,-1.000000000000000000e+00,0.000000000000000000e+00
9.930000000000000000e+02,8.954206539088630734e+01,4.990424672368590109e+01,-7.871190200068999693e-03,2.526868576055645121e+02,1.557247909253689500e-02,nan,1.013419613140252439e-05,2.790353781201499217e+01,1.000000000000000000e+00,1.000000000000000000e+00,-1.000000000000000000e+00,0.000000000000000000e+00
9.970000000000000000e+02,1.009619763893601885e+02,1.359136280226381821e+01,-9.744744503263494742e-04,3.070160207292953203e+01,3.707624438816556900e-01,nan,6.872269152633854397e-06,7.298146630570530924e+00,1.000000000000000000e+00,1.000000000000000000e+00,-1.000000000000000000e+00,0.000000000000000000e+00
9.970000000000000000e+02,6.456924861747160094e+01,2.495683193789130172e+01,-1.161503024742055988e-03,3.672150885031473422e+01,3.736229205224177452e-01,nan,9.720266152027441284e-06,2.660276921957883189e+01,1.000000000000000000e+00,1.000000000000000000e+00,-1.000000000000000000e+00,0.000000000000000000e+00
1.000000000000000000e+03,2.490215524439602390e+01,1.749250889590652847e+01,-7.242122463060121640e-03,2.324389936345920944e+02,1.725033367686834573e-02,nan,9.269330176589542247e-06,1.015495919861739615e+01,1.000000000000000000e+00,1.000000000000000000e+00,-1.000000000000000000e+00,0.000000000000000000e+00
1.002000000000000000e+03,3.804888425211618141e+01,4.449216550232331713e+01,-8.480158715936044617e-03,2.722877860055960468e+02,1.692121583857397749e-02,nan,1.196116069579362770e-05,1.974470915045291264e+01,1.000000000000000000e+00,1.000000000000000000e+00,-1.000000000000000000e+00,0.000000000000000000e+00
1.003000000000000000e+03,1.187605574000961717e+01,3.852783056893471070e+01,-6.997092484341862519e-03,2.245521900584176649e+02,2.863245389193702639e-02,nan,1.372725628261251522e-05,7.718446454947948787e+00,1.000000000000000000e+00,1.000000000000000000e+00,-1.000000000000000000e+00,0.000000000000000000e+00
1.006000000000000000e+03,5.211215521903453407e+01,5.212387880708877930e+00,-1.574571922207094630e-03,5.001699732390913766e+01,2.940634940716830847e-01,nan,1.271149543780461485e-05,1.681800969656871558e+01,1.000000000000000000e+00,1.000000000000000000e+00,-1.000000000000000000e+00,0.000000000000000000e+00
1.006000000000000000e+03,1.287967591221309078e+02,1.490225383676222570e+01,-1.223199792213264941e-03,3.870734866010317177e+01,3.221811149003481756e-01,nan,8.202827094016326427e-06,1.544342795088389941e+01,1.000000000000000000e+00,1.000000000000000000e+00,-1.000000000000000000e+00,0.000000000000000000e+00
1.007000000000000000e+03,5.636252003027048829e+01,3.659580422014515477e+01,-8.838308258893270986e-03,2.838155799146349523e+02,1.591313485495615687e-02,nan,1.184696338897086577e-05,1.433714108430357648e+01,1.000000000000000000e+00,1.000000000000000000e+00,-1.000000000000000000e+00,0.000000000000000000e+00
1.007000000000000000e+03,1.428398816283862516e+02,8.476510521903881212e+00,-1.686419246003301696e-03,5.361703793084133451e+01,2.125232459273770358e-01,nan,8.103088183617702576e-06,1.544342795088389941e+01,1.000000000000000000e+00,1.000000000000000000e+00,-1.000000000000000000e+00,0.000000000000000000e+00
1.011000000000000000e+03,7.068054570346100718e+01,3.733590914046573772e+01,-1.470637405383695695e-02,4.726915800631833804e+02,3.899251661311664563e-03,nan,9.428777318121013407e-06,1.237808168046536927e+01,1.000000000000000000e+00,1.000000000000000000e+00,-1.000000000000000000e+00,0.000000000000000000e+00
1.011000000000000000e+03,1.081322141402775543e+02,2.302491002800991282e+01,-1.710383091126838756e-02,5.498587553444385776e+02,7.752244449251155523e-03,nan,2.439047332772762756e-05,1.143312610647545569e+01,1.000000000000000000e+00,1.000000000000000000e+00,-1.000000000000000000e+00,0.000000000000000000e+00
1.013000000000000000e+03,1.319018445417469536e+02,9.322387746911491746e+00,-1.218995123899932476e-03,3.857201259525231762e+01,3.161103092351743582e-01,nan,7.829003988242881179e-06,2.743637086581344775e+01,1.000000000000000000e+00,1.000000000000000000e+00,-1.000000000000000000e+00,0.000000000000000000e+00
1.015000000000000000e+03,9.680349580995432746e+01,2.456650451384888001e+01,-7.462586184429798909e-03,2.395350807142646943e+02,1.675452536847311658e-01,nan,1.172858435878108656e-04,1.143312610647545569e+01,1.000000000000000000e+00,1.000000000000000000e+00,-1.000000000000000000e+00,0.000000000000000000e+00
1.016000000000000000e+03,2.486562104026017650e+01,5.395181004099713462e+00,-1.398166471773449465e-03,4.433901806351646258e+01,2.614693656674850208e-01,nan,7.556929165729653915e-06,2.111969776702748547e+01,1.000000000000000000e+00,1.000000000000000000e+00,-1.000000000000000000e+00,0.000000000000000000e+00
1.018000000000000000e+03,1.401305473684419383e+02,4.140806450755683699e+01,-1.621650664587275057e-03,5.153232534910858220e+01,2.316933272814438727e-01,nan,8.431691143331120262e-06,3.312404267897677101e+01,1.000000000000000000e+00,1.000000000000000000e+00,-1.000000000000000000e+00,0.000000000000000000e+00
1.019000000000000000e+03,5.397263731942472020e+01,4.718929808194417319e+01,-7.652195994509647901e-03,2.456380699731217589e+02,4.440655091119805054e-02,nan,2.798946291045784226e-05,3.163926665345345057e+01,1.000000000000000000e+00,1.000000000000000000e+00,-1.000000000000000000e+00,0.000000000000000000e+00
1.024000000000000000e+03,4.017278743069632441e+01,7.047289012667434349e+00,-8.386985356309550887e-03,2.692888060858721815e+02,1.248060274839901673e-02,nan,8.831666216539869077e-06,1.657278395667372806e+01,1.000000000000000000e+00,1.000000000000000000e+00,-1.000000000000000000e+00,0.000000000000000000e+00
1.025000000000000000e+03,1.098614774899012048e+01,2.905107299325803183e+01,-7.069545418370744294e-03,2.268842396394215655e+02,2.487979281874252990e-02,nan,1.232386397328012940e-05,3.655169551982839238e+01,1.000000000000000000e+00,1.000000000000000000e+00,-1.000000000000000000e+00,0.000000000000000000e+00
1.027000000000000000e+03,4.972769165918511902e+01,2.058837365382484208e+01,-8.859407548967277585e-03,2.844947048008259571e+02,1.655061531717549883e-02,nan,1.320492979571397271e-05,1.621323656745232711e+01,1.000000000000000000e+00,1.000000000000000000e+00,-1.000000000000000000e+00,0.000000000000000000e+00
1.027000000000000000e+03,5.057594217856566132e+01,4.079573602047133818e+01,-1.441926482984598338e-03,4.574752576824248962e+01,2.731125333870888516e-01,nan,9.165944979596036320e-06,2.022515816404387223e+01,1.000000000000000000e+00,1.000000000000000000e+00,-1.000000000000000000e+00,0.000000000000000000e+00
1.032000000000000000e+03,5.462228913032190292e+01,5.131596642179929724e+00,-8.226264119797233390e-03,2.641156561328617158e+02,1.133535023929754804e-02,nan,7.695888795617209606e-06,1.600155780065183109e+01,1.000000000000000000e+00,1.000000000000000000e+00,-1.000000000000000000e+00,0.000000000000000000e+00
1.032000000000000000e+03,1.342087350800284753e+02,1.859880031569340986e+01,-8.294718266217852853e-03,2.663189963511412088e+02,1.362775226462731304e-02,nan,9.234574832172850450e-06,5.188007659179294251e+01,1.000000000000000000e+00,1.000000000000000000e+00,-1.000000000000000000e+00,0.000000000000000000e+00
1.032000000000000000e+03,1.664500645053521666e+01,4.989343943093591349e+01,-1.245902114192437744e-03,3.943807048895611445e+01,3.153741975631022543e-01,nan,8.698465433437395207e-06,3.361845712674170272e+01,1.000000000000000000e+00,1.000000000000000000e+00,-1.000000000000000000e+00,0.000000000000000000e+00
1.032000000000000000e+03,7.223536291190004022e+01,5.238107953072230316e+01,-1.388346337281232395e-03,4.402293644674097095e+01,3.158023486194386775e-01,nan,1.000351543260429966e-05,2.229738756619803297e+01,1.000000000000000000e+00,1.000000000000000000e+00,-1.000000000000000000e+00,0.000000000000000000e+00
1.033000000000000000e+03,8.274276257726073425e+01,1.205693349385603241e+01,-1.525908916499102604e-03,4.845067646205865941e+01,2.380170866545540109e-01,nan,8.339726369580649772e-06,1.532350946149402304e+01,1.000000000000000000e+00,1.000000000000000000e+00,-1.000000000000000000e+00,0.000000000000000000e+00
1.034000000000000000e+03,5.493121122582976312e+01,2.113017217834903150e+01,-8.442173330832589487e-03,2.710651467487858781e+02,2.126981718991904913e-02,nan,1.487629845676102405e-05,1.410639441051656462e+01,1.000000000000000000e+00,1.000000000000000000e+00,-1.000000000000000000e+00,0.000000000000000000e+00
1.034000000000000000e+03,5.857560384344319715e+01,3.475767252557844245e+01,-8.801294862703871319e-03,2.826242261588213864e+02,1.310424254968678426e-02,nan,9.786209625893394531e-06,8.287245412348472229e+00,1.000000000000000000e+00,1.000000000000000000e+00,-1.000000000000000000e+00,0.000000000000000000e+00
1.036000000000000000e+03,1.077006233351056608e+01,5.378637100388159453e+00,-1.256175987938106323e-03,3.976875665487898459e+01,2.979880211530081535e-01,nan,7.495410677432544080e-06,1.683856666607116992e+01,1.000000000000000000e+00,1.000000000000000000e+00,-1.000000000000000000e+00,0.000000000000000000e+00
1.040000000000000000e+03,1.332350987068296604e+02,7.277730277254855551e+00,-8.828942187056489435e-03,2.835141132563777546e+02,1.587052193598947891e-02,nan,1.325037744662925817e-05,5.803453030535640522e+01,1.000000000000000000e+00,1.000000000000000000e+00,-1.000000000000000000e+00,0.000000000000000000e+00
1.042000000000000000e+03,7.539923790161203954e+01,1.207563739211474818e+01,-8.695726263558280211e-03,2.792262794682635558e+02,1.257506087421833563e-02,nan,1.080627399117680413e-05,3.412114331104533704e+01,1.000000000000000000e+00,1.000000000000000000e+00,-1.000000000000000000e+00,0.000000000000000000e+00
1.045000000000000000e+03,7.731930908337035646e+01,4.905904756354232177e+01,-5.029324659387343285e-03,1.612154571406189234e+02,6.870993674470560197e-02,nan,1.795603335758089720e-05,3.703321888860150324e+01,1.000000000000000000e+00,1.000000000000000000e+00,-1.000000000000000000e+00,0.000000000000000000e+00
1.046000000000000000e+03,1.596665888504135644e+01,5.002284093609854665e+01,-8.485028630955473994e-03,2.724445344303879892e+02,2.083452417647313482e-02,nan,1.545030298230074003e-05,1.352641892009886071e+01,1.000000000000000000e+00,1.000000000000000000e+00,-1.000000000000000000e+00,0.000000000000000000e+00
1.047000000000000000e+03,1.188764635108390877e+02,1.240804466858003607e+01,-1.487881163197417138e-02,4.782418450349775867e+02,5.340134887665826113e-03,nan,1.347063625510692621e-05,1.768817622459723893e+01,1.000000000000000000e+00,1.000000000000000000e+00,-1.000000000000000000e+00,0.000000000000000000e+00
1.047000000000000000e+03,1.152635284604737649e+02,4.004840362951762245e+01,-8.937935713716441133e-03,2.870222984194265905e+02,1.061089666026748812e-02,nan,9.581481118305431596e-06,1.354517895370958946e+01,1.000000000000000000e+00,1.000000000000000000e+00,-1.000000000000000000e+00,0.000000000000000000e+00
1.049000000000000000e+03,8.557070677837913308e+00,1.936095785451705353e+01,-7.595350136908691693e-03,2.438083668675542981e+02,1.675985600703766565e-02,nan,9.413294972746489412e-06,1.323657934786063173e+01,1.000000000000000000e+00,1.000000000000000000e+00,-1.000000000000000000e+00,0.000000000000000000e+00
1.049000000000000000e+03,1.263974704566240490e+02,2.841760533319108362e+01,-1.751096294395444383e-02,5.629631533783443729e+02,5.132145197204285303e-03,nan,1.761559443885845423e-05,1.368237208065974642e+01,1.000000000000000000e+00,1.000000000000000000e+00,-1.000000000000000000e+00,0.000000000000000000e+00
1.049000000000000000e+03,1.272692047249073823e+02,4.632021439847681421e+01,-2.682471362083883350e-03,8.567706353363935534e+01,1.047955819571252389e-01,nan,8.417925211865958613e-06,4.638910744211927728e+00,1.000000000000000000e+00,1.000000000000000000e+00,-1.000000000000000000e+00,0.000000000000000000e+00
1.050000000000000000e+03,6.123020588016411025e+00,3.237181612722337576e+01,-1.762247720028304807e-02,5.665524735105479976e+02,2.971943349109940069e-02,nan,9.211251587800343011e-05,1.323657934786063173e+01,1.000000000000000000e+00,1.000000000000000000e+00,-1.000000000000000000e+00,0.000000000000000000e+00
1.051000000000000000e+03,1.881187411729152714e+01,3.679904575150119683e+01,-8.405662237383225432e-03,2.698899606597499314e+02,1.679205500124325567e-02,nan,1.210051750284937307e-05,1.343902399854545671e+01,1.000000000000000000e+00,1.000000000000000000e+00,-1.000000000000000000e+00,0.000000000000000000e+00
1.051000000000000000e+03,5.649908097593575462e+01,4.344706189400132246e+01,-8.902666793374806875e-03,2.858870942761080869e+02,2.521725696292409502e-02,nan,2.112230364572948316e-05,2.626593865700998620e+01,1.000000000000000000e+00,1.000000000000000000e+00,-1.000000000000000000e+00,0.000000000000000000e+00
1.051000000000000000e+03,6.836970224592307943e+01,1.132376332115455853e+01,-1.175158968399948487e-03,3.716105402695183813e+01,3.373667271637642573e-01,nan,7.441018368232211672e-06,2.262966324131925688e+01,1.000000000000000000e+00,1.000000000000000000e+00,-1.000000000000000000e+00,0.000000000000000000e+00
1.053000000000000000e+03,2.067159070271440768e+01,6.832391555774681713e+00,-8.227395464648063275e-03,2.641520708387768082e+02,1.806492517122892938e-02,nan,1.214131037230615164e-05,1.742775283664295927e+01,1.000000000000000000e+00,1.000000000000000000e+00,-1.000000000000000000e+00,0.000000000000000000e+00
1.054000000000000000e+03,1.236726519154179869e+02,4.925011214094476486e+01,-7.377681911314465379e-03,2.368022586802373723e+02,2.631526401607864329e-02,nan,1.399307826668296314e-05,4.638910744211927728e+00,1.000000000000000000e+00,1.000000000000000000e+00,-1.000000000000000000e+00,0.000000000000000000e+00
1.055000000000000000e+03,4.705885410203895702e+01,1.893621429333340345e+01,-1.293386298267338880e-03,4.096644850511821545e+01,3.669201633178393873e-01,nan,1.148936602347011657e-05,2.262966324131925688e+01,1.000000000000000000e+00,1.000000000000000000e+00,-1.000000000000000000e+00,0.000000000000000000e+00
1.058000000000000000e+03,7.534638952648506915e+01,2.579121400566118183e+01,-7.672137945485717377e-03,2.462799434740569211e+02,1.055494875917628583e-02,nan,7.013092053560291652e-06,2.910628250816836271e+01,1.000000000000000000e+00,1.000000000000000000e+00,-1.000000000000000000e+00,0.000000000000000000e+00
1.059000000000000000e+03,1.047588821800507333e+02,2.410009753915082698e+01,-1.445500779992941152e-02,4.646008301858914251e+02,8.331968785889487528e-03,nan,1.788129041834101121e-05,1.724360228179498833e+01,1.000000000000000000e+00,1.000000000000000000e+00,-1.000000000000000000e+00,0.000000000000000000e+00
1.059000000000000000e+03,1.169560128147607685e+02,1.191109331679766292e+01,1.423107939350058519e-03,-4.514181148784442144e+01,3.301824241756924350e-01,nan,1.166264737082581778e-05,1.724360228179498833e+01,1.000000000000000000e+00,1.000000000000000000e+00,-1.000000000000000000e+00,0.000000000000000000e+00
1.064000000000000000e+03,7.284332726182286422e+01,1.484327875880903846e+01,-1.261723877053033032e-03,3.994732709732322462e+01,2.946479876214848082e-01,nan,7.668643208035202453e-06,7.861465531006849083e+00,1.000000000000000000e+00,1.000000000000000000e+00,-1.000000000000000000e+00,0.000000000000000000e+00
1.065000000000000000e+03,3.613489174811179794e+01,4.651676399620004076e+01,-8.129899551221852344e-03,2.610139604626731398e+02,2.051105263033803361e-02,nan,1.230354161206052621e-05,2.983135949764799122e+01,1.000000000000000000e+00,1.000000000000000000e+00,-1.000000000000000000e+00,0.000000000000000000e+00
1.065000000000000000e+03,9.926953920659762787e+01,3.441810348563556943e+01,1.469494077463092373e-03,-4.663484659264457832e+01,3.549769512310601005e-01,nan,1.454389190007313922e-05,3.443318850790507479e+00,1.000000000000000000e+00,1.000000000000000000e+00,-1.000000000000000000e+00,0.000000000000000000e+00
1.066000000000000000e+03,4.694719584499843279e+01,1.871381290113890117e+01,-1.202766743581565323e-03,3.804966815152373272e+01,3.549270473252473801e-01,nan,1.029194315113249715e-05,1.833813879579882311e+01,1.000000000000000000e+00,1.000000000000000000e+00,-1.000000000000000000e+00,0.000000000000000000e+00
1.067000000000000000e+03,2.915260698545290552e+01,8.685594176052417126e+00,-7.656088950604768642e-03,2.457633729267174374e+02,1.824761094398930084e-02,nan,1.046684524860998328e-05,1.822026361474757650e+01,1.000000000000000000e+00,1.000000000000000000e+00,-1.000000000000000000e+00,0.000000000000000000e+00
1.071000000000000000e+03,2.482246580643364453e+01,2.638383938739063694e+01,-1.409084165654610806e-03,4.469042693028426072e+01,3.019900178002532520e-01,nan,9.622881507952538266e-06,6.011269624271776912e+00,1.000000000000000000e+00,1.000000000000000000e+00,-1.000000000000000000e+00,0.000000000000000000e+00
1.071000000000000000e+03,2.392315741883220781e+01,3.232745839601511761e+01,-1.430189249667590751e-03,4.536973830654822848e+01,3.523303320342954237e-01,nan,9.342929466063618844e-06,6.011269624271776912e+00,1.000000000000000000e+00,1.000000000000000000e+00,-1.000000000000000000e+00,0.000000000000000000e+00
1.073000000000000000e+03,8.421245792706400835e+01,4.229616964558615422e+01,1.355904638533826298e-03,-4.297873235776943091e+01,2.508814802438028568e-01,nan,6.666511727971630132e-06,2.049478728577792452e+01,1.000000000000000000e+00,1.000000000000000000e+00,-1.000000000000000000e+00,0.000000000000000000e+00
1.074000000000000000e+03,1.362490134778294646e+02,1.709045081387034415e+01,-1.410389387661546874e-02,4.532994924454140460e+02,6.901888383264553894e-03,nan,1.444897005280586488e-05,2.840964517619112328e+01,1.000000000000000000e+00,1.000000000000000000e+00,-1.000000000000000000e+00,0.000000000000000000e+00
1.075000000000000000e+03,7.655683549531266863e+01,2.328491637096614042e+01,-1.308254711385161296e-03,4.144501955329397447e+01,2.954538236273756002e-01,nan,8.149512627963892818e-06,2.003012288374561933e+01,1.000000000000000000e+00,1.000000000000000000e+00,-1.000000000000000000e+00,0.000000000000000000e+00
1.079000000000000000e+03,8.804492490039470454e+01,6.876698169138382610e+00,-1.476899858657792879e-02,4.747072819432609094e+02,7.294148747153061940e-03,nan,1.781032651696926871e-05,2.003012288374561933e+01,1.000000000000000000e+00,1.000000000000000000e+00,-1.000000000000000000e+00,0.000000000000000000e+00
1.084000000000000000e+03,1.067152405536664617e+02,2.237134778201960472e+01,-7.853592130695519896e-03,2.521204268480117037e+02,1.886490919156336155e-02,nan,1.122864106048264342e-05,1.679307183643213719e+01,1.000000000000000000e+00,1.000000000000000000e+00,-1.000000000000000000e+00,0.000000000000000000e+00
1.085000000000000000e+03,2.792488623793118663e+01,2.015734448685518743e+01,-3.308171235698934703e-03,1.058165257604764520e+02,7.871837759352051656e-02,nan,9.132804068389595319e-06,2.939557086295290134e+01,1.000000000000000000e+00,1.000000000000000000e+00,-1.000000000000000000e+00,0.000000000000000000e+00
1.086000000000000000e+03,4.616354659860437692e+01,4.747187786185897096e+01,-1.173080690066445782e-03,3.709416028162853252e+01,3.487953462810268190e-01,nan,8.659650693267936892e-06,2.628091271925343619e+01,1.000000000000000000e+00,1.000000000000000000e+00,-1.000000000000000000e+00,0.000000000000000000e+00
1.087000000000000000e+03,1.697879236451364093e+01,4.743888797825641035e+01,-7.545129332629451138e-03,2.421919049927267622e+02,2.008319775273614827e-02,nan,1.103060872866772730e-05,1.365354203504583452e+01,1.000000000000000000e+00,1.000000000000000000e+00,-1.000000000000000000e+00,0.000000000000000000e+00
1.091000000000000000e+03,2.294584752617182133e+01,3.515827468736201666e+01,-1.120873900926463735e-03,3.541377532039393827e+01,3.603314581966159391e-01,nan,8.425128737186548394e-06,1.365354203504583452e+01,1.000000000000000000e+00,1.000000000000000000e+00,-1.000000000000000000e+00,0.000000000000000000e+00
1.093000000000000000e+03,1.074585402616224883e+02,5.045653426541463915e+01,-1.546149634339283058e-03,4.910216640088701467e+01,2.373572343545404806e-01,nan,8.184918508367920606e-06,1.287986862836185686e+01,1.000000000000000000e+00,1.000000000000000000e+00,-1.000000000000000000e+00,0.000000000000000000e+00
1.095000000000000000e+03,5.273490700969208689e+01,1.781919734680870704e+01,-8.191204467053722627e-03,2.629871877059232474e+02,2.561768619638882249e-02,nan,1.678959131920943620e-05,1.966411366602350697e+01,1.000000000000000000e+00,1.000000000000000000e+00,-1.000000000000000000e+00,0.000000000000000000e+00
1.096000000000000000e+03,1.440235751252431129e+01,1.884565407567118811e+01,-8.133935245061745326e-03,2.611438577298374071e+02,1.778133700209549861e-02,nan,1.134695530323101227e-05,1.841447291763343586e+01,1.000000000000000000e+00,1.000000000000000000e+00,-1.000000000000000000e+00,0.000000000000000000e+00
1.098000000000000000e+03,1.352983200100008965e+01,4.104153554452224029e+01,-7.399438404942955405e-03,2.375025370406721663e+02,2.117661758945521555e-02,nan,1.109660721230820235e-05,2.221302444395058373e+01,1.000000000000000000e+00,1.000000000000000000e+00,-1.000000000000000000e+00,0.000000000000000000e+00
1.101000000000000000e+03,1.023161906718683838e+02,3.416427730069499091e+01,-7.989224616573068274e-03,2.564860427626849742e+02,5.122736662713978095e-02,nan,3.576574120137932623e-05,1.015787416425996881e+01,1.000000000000000000e+00,1.000000000000000000e+00,-1.000000000000000000e+00,0.000000000000000000e+00
1.102000000000000000e+03,6.793856273560622583e+01,1.346483396486427786e+01,-1.126546168048543801e-03,3.559634912975983667e+01,3.344405598354226461e-01,nan,7.761439633806917481e-06,1.527937422849028160e+01,1.000000000000000000e+00,1.000000000000000000e+00,-1.000000000000000000e+00,0.000000000000000000e+00
1.103000000000000000e+03,4.706637001246966179e+01,4.361044341694962156e+01,-1.276078835494077503e-03,4.040937153025705442e+01,2.758199550694976354e-01,nan,7.004410088641753216e-06,1.656317081657843460e+01,1.000000000000000000e+00,1.000000000000000000e+00,-1.000000000000000000e+00,0.000000000000000000e+00
1.104000000000000000e+03,1.143654600357597815e+02,2.477599839433818474e+01,-7.583549797499192745e-03,2.434285482039697968e+02,1.788006499142835715e-02,nan,1.017932144549526934e-05,1.527496883882765744e+01,1.000000000000000000e+00,1.000000000000000000e+00,-1.000000000000000000e+00,0.000000000000000000e+00
1.104000000000000000e+03,6.177759383617154754e+01,3.600002154243428265e+01,-7.753229424297213186e-03,2.488900427298020759e+02,1.522184152593464290e-02,nan,9.331213726657834313e-06,1.485772939492988343e+01,1.000000000000000000e+00,1.000000000000000000e+00,-1.000000000000000000e+00,0.000000000000000000e+00
1.105000000000000000e+03,1.350677574911709655e+02,2.429278702827964409e+01,-1.508981333622421740e-02,4.850333772563129173e+02,3.008390818017325774e-02,nan,7.176681540410936291e-05,1.051056394521994619e+01,1.000000000000000000e+00,1.000000000000000000e+00,-1.000000000000000000e+00,0.000000000000000000e+00
1.105000000000000000e+03,8.179442424212078677e+00,5.273597639646276747e+01,-8.727347215175745160e-03,2.802440660901422120e+02,1.992609315764126698e-02,nan,1.472426442101472842e-05,3.994331595416898750e+01,1.000000000000000000e+00,1.000000000000000000e+00,-1.000000000000000000e+00,0.000000000000000000e+00
1.106000000000000000e+03,1.010469911092712039e+02,4.424254798604787453e+01,-7.596035593805086812e-03,2.438304297348413172e+02,1.842244732934983364e-02,nan,1.052151687012124215e-05,1.015787416425996881e+01,1.000000000000000000e+00,1.000000000000000000e+00,-1.000000000000000000e+00,0.000000000000000000e+00
1.106000000000000000e+03,7.396698858707317470e+01,2.750468291588999747e+01,-1.182475941942399836e-03,3.739656616062317340e+01,3.656358573466953477e-01,nan,9.466177885885116637e-06,1.485772939492988343e+01,1.000000000000000000e+00,1.000000000000000000e+00,-1.000000000000000000e+00,0.000000000000000000e+00
1.107000000000000000e+03,1.431002973395729612e+02,1.751412506367397981e+01,-3.273458273908606830e-02,1.052967273162471656e+03,3.509983947467820720e-03,nan,4.600093469975332662e-05,1.051056394521994619e+01,1.000000000000000000e+00,1.000000000000000000e+00,-1.000000000000000000e+00,0.000000000000000000e+00
1.107000000000000000e+03,9.024368899513504516e+01,4.418520803826717014e+01,-1.203176129858797355e-03,3.806284510714442604e+01,3.623828499165429040e-01,nan,9.648815205888079154e-06,1.080345428272412711e+01,1.000000000000000000e+00,1.000000000000000000e+00,-1.000000000000000000e+00,0.000000000000000000e+00
1.112000000000000000e+03,7.645453798355997321e+01,2.592208929476309365e+01,-8.402594813257138057e-03,2.697912291833247878e+02,1.504611410053746656e-02,nan,1.025236001278361525e-05,1.869608472118326503e+01,1.000000000000000000e+00,1.000000000000000000e+00,-1.000000000000000000e+00,0.000000000000000000e+00
1.112000000000000000e+03,1.167406844588817023e+02,4.992867783144215821e+01,-8.394531660668815010e-03,2.695316997126801084e+02,1.867594318195742176e-02,nan,1.360570581333970409e-05,1.303164857108070862e+01,1.000000000000000000e+00,1.000000000000000000e+00,-1.000000000000000000e+00,0.000000000000000000e+00
1.114000000000000000e+03,2.447288950509337369e+01,3.419722476051583726e+01,-8.971458654732375818e-03,2.881013045576606260e+02,1.872683793467733171e-02,nan,1.486073918706710093e-05,2.278953732729899073e+01,1.000000000000000000e+00,1.000000000000000000e+00,-1.000000000000000000e+00,0.000000000000000000e+00
1.115000000000000000e+03,1.087785671205833182e+01,1.476115745427384596e+01,-8.998217530173654305e-03,2.889625950643514329e+02,2.607277452499234816e-02,nan,2.129993608185663142e-05,2.371888759989530016e+01,1.000000000000000000e+00,1.000000000000000000e+00,-1.000000000000000000e+00,0.000000000000000000e+00
1.115000000000000000e+03,4.015553949164045378e+01,1.743371258919396993e+01,-2.261439539693248235e-02,7.272278263438998920e+02,4.320573257919457788e-03,nan,2.219063222739814603e-05,2.103865008702777573e+01,1.000000000000000000e+00,1.000000000000000000e+00,-1.000000000000000000e+00,0.000000000000000000e+00
1.116000000000000000e+03,1.054865987313846034e+02,4.335833393494054633e+01,-8.882444742464256499e-03,2.852362051715455209e+02,1.255804355021694629e-02,nan,1.036531259101009338e-05,1.303164857108070862e+01,1.000000000000000000e+00,1.000000000000000000e+00,-1.000000000000000000e+00,0.000000000000000000e+00
1.116000000000000000e+03,8.790946146472933265e+01,4.897599703661180115e+01,-9.146394372435407566e-03,2.937319773887891756e+02,1.275923407045265190e-02,nan,1.051361763954736513e-05,7.301045883396596992e+00,1.000000000000000000e+00,1.000000000000000000e+00,-1.000000000000000000e+00,0.000000000000000000e+00
1.117000000000000000e+03,1.317939780303013890e+02,1.963964769389286502e+01,-6.987944943341886650e-03,2.242577572732980684e+02,1.239088593334477517e-01,nan,3.525550516035037932e-05,6.677368152288025271e+00,1.000000000000000000e+00,1.000000000000000000e+00,-1.000000000000000000e+00,0.000000000000000000e+00
1.118000000000000000e+03,1.313266659915997820e+02,2.630064348278771647e+01,-8.921066003312671383e-03,2.864793114223356838e+02,4.514539509023840491e-02,nan,4.112341969336643087e-05,6.677368152288025271e+00,1.000000000000000000e+00,1.000000000000000000e+00,-1.000000000000000000e+00,0.000000000000000000e+00
1.119000000000000000e+03,4.704869515142850389e+01,3.731106660159526456e+01,-1.312585544476730206e-03,4.158441649603980039e+01,3.512941153341723188e-01,nan,1.068675227383286790e-05,2.103865008702777573e+01,1.000000000000000000e+00,1.000000000000000000e+00,-1.000000000000000000e+00,0.000000000000000000e+00
1.121000000000000000e+03,3.747112476642100631e+01,1.452390406523602095e+01,-6.557647644844074621e-03,2.104077365927149117e+02,2.797551396517217182e-02,nan,1.269612254846673414e-05,1.927550241439608314e+01,1.000000000000000000e+00,1.000000000000000000e+00,-1.000000000000000000e+00,0.000000000000000000e+00
1.123000000000000000e+03,1.887241034438946841e+01,1.958679011719347685e+01,-5.945540285583686066e-03,1.907057779374094366e+02,9.218576156395930088e-02,nan,3.805096691128309231e-05,9.516548809959180844e+00,1.000000000000000000e+00,1.000000000000000000e+00,-1.000000000000000000e+00,0.000000000000000000e+00
1.123000000000000000e+03,1.126429771944102143e+01,2.530354824907517752e+01,-1.390618563161700842e-02,4.469358380801417638e+02,8.928563276456857878e-03,nan,1.933751964251036512e-05,9.516548809959180844e+00,1.000000000000000000e+00,1.000000000000000000e+00,-1.000000000000000000e+00,0.000000000000000000e+00
1.123000000000000000e+03,1.257544140510236588e+02,5.061732895109061303e+01,-1.533552396435921769e-02,4.929420889609627352e+02,4.558592526531679567e-03,nan,1.148327009684339470e-05,1.776275948852467579e+01,1.000000000000000000e+00,1.000000000000000000e+00,-1.000000000000000000e+00,0.000000000000000000e+00
1.123000000000000000e+03,1.423164880983801766e+02,8.295251389213975202e+00,-1.707047893738426097e-03,5.428101420664263799e+01,3.446076420322871092e-01,nan,1.775780663848136479e-05,7.700668546072015452e+00,1.000000000000000000e+00,1.000000000000000000e+00,-1.000000000000000000e+00,0.000000000000000000e+00
1.125000000000000000e+03,3.709086840044711408e+01,3.751444559633400644e+01,-8.341675933295229078e-03,2.678304273138826943e+02,1.701183383229709634e-02,nan,1.336203375895371504e-05,2.299368597674163439e+01,1.000000000000000000e+00,1.000000000000000000e+00,-1.000000000000000000e+00,0.000000000000000000e+00
1.125000000000000000e+03,1.091510191676638470e+02,4.430520545781241282e+01,-1.159376642060868604e-03,3.665306676570929767e+01,3.590324027176191590e-01,nan,9.163941850398874195e-06,8.196917956174262443e+00,1.000000000000000000e+00,1.000000000000000000e+00,-1.000000000000000000e+00,0.000000000000000000e+00
1.126000000000000000e+03,6.839628646470420392e+01,4.755096619049854922e+01,-1.439867645694597889e-03,4.568125777366290663e+01,2.593822394340853377e-01,nan,7.786933141573791745e-06,2.659967288001252683e+01,1.000000000000000000e+00,1.000000000000000000e+00,-1.000000000000000000e+00,0.000000000000000000e+00
1.128000000000000000e+03,4.458041137352586958e+01,6.896449996839032259e+00,-6.404930040914376572e-03,2.054922003341804384e+02,7.254381861644421114e-02,nan,3.090045922087004249e-05,4.896839693386821679e+00,1.000000000000000000e+00,1.000000000000000000e+00,-1.000000000000000000e+00,0.000000000000000000e+00
1.130000000000000000e+03,1.013089680348421666e+02,4.191947747447855477e+01,-6.659921063119959850e-03,2.136996209785569079e+02,2.112207786521902442e-02,nan,9.288885301805105722e-06,8.196917956174262443e+00,1.000000000000000000e+00,1.000000000000000000e+00,-1.000000000000000000e+00,0.000000000000000000e+00
1.130000000000000000e+03,1.041891404990887935e+02,1.567498339353329939e+01,-1.419228487057264771e-03,4.501694318243766446e+01,2.858540705729661902e-01,nan,9.039449938696954699e-06,8.848203568650335527e+00,1.000000000000000000e+00,1.000000000000000000e+00,-1.000000000000000000e+00,0.000000000000000000e+00
1.132000000000000000e+03,4.924240855778010229e+01,5.398177245723817741e+00,-7.395993625788916358e-03,2.373916596015386915e+02,5.140228200079766108e-02,nan,2.833978706292216815e-05,4.896839693386821679e+00,1.000000000000000000e+00,1.000000000000000000e+00,-1.000000000000000000e+00,0.000000000000000000e+00
1.132000000000000000e+03,9.537360050112128818e+01,1.643456284066942175e+01,-1.229275029061686810e-03,3.890289289494691616e+01,3.351014242226268980e-01,nan,9.068671685960944247e-06,8.848203568650335527e+00,1.000000000000000000e+00,1.000000000000000000e+00,-1.000000000000000000e+00,0.000000000000000000e+00
1.133000000000000000e+03,6.328429844065952636e+01,1.471000956038577456e+01,-8.552526944318012206e-03,2.746171091577666061e+02,1.008585198277811568e-02,nan,7.098814609871988722e-06,5.415055895447340895e+00,1.000000000000000000e+00,1.000000000000000000e+00,-1.000000000000000000e+00,0.000000000000000000e+00
1.136000000000000000e+03,4.951935482097009356e+01,3.808317271885977817e+01,-1.177745617555482670e-03,3.724431075299364124e+01,3.594006709140150635e-01,nan,1.030776108352459395e-05,1.792115864639887945e+01,1.000000000000000000e+00,1.000000000000000000e+00,-1.000000000000000000e+00,0.000000000000000000e+00
1.137000000000000000e+03,1.330886227706521936e+02,1.137160021471969173e+01,-1.984191863993955106e-03,6.320147392818448395e+01,1.977804556752194021e-01,nan,1.026516533124515348e-05,2.226563015195702278e+01,1.000000000000000000e+00,1.000000000000000000e+00,-1.000000000000000000e+00,0.000000000000000000e+00
1.138000000000000000e+03,1.118230851636804033e+02,4.773479546665325479e+00,-7.071195513237141760e-03,2.269373514021593792e+02,2.228492121611258536e-02,nan,1.097494928798300747e-05,2.039890543811221590e+01,1.000000000000000000e+00,1.000000000000000000e+00,-1.000000000000000000e+00,0.000000000000000000e+00
1.139000000000000000e+03,1.320345047107010146e+02,4.969716150347839800e+01,-1.391722846711633283e-03,4.413161648169005247e+01,3.467352465648120274e-01,nan,1.218565412519904384e-05,3.207697935686091029e+01,1.000000000000000000e+00,1.000000000000000000e+00,-1.000000000000000000e+00,0.000000000000000000e+00
1.140000000000000000e+03,1.000752805633056965e+02,4.695114683545042311e+01,-6.749438909453423126e-03,2.165809405390747600e+02,2.957665319565339068e-02,nan,1.321062401798693523e-05,1.806950916315642885e+01,1.000000000000000000e+00,1.000000000000000000e+00,-1.000000000000000000e+00,0.000000000000000000e+00
1.141000000000000000e+03,4.859169549960446588e+00,1.468321784833585397e+01,-7.837975638574416065e-03,2.516177773087500782e+02,2.001920261053080630e-02,nan,1.277250418115721093e-05,2.286958124228278066e+01,1.000000000000000000e+00,1.000000000000000000e+00,-1.000000000000000000e+00,0.000000000000000000e+00
1.143000000000000000e+03,9.238284268702285829e+01,1.095347271185602445e+01,-8.179191882968750785e-03,2.626005375024827231e+02,1.893508868613980045e-02,nan,1.296750549542201983e-05,1.996999705321324114e+01,1.000000000000000000e+00,1.000000000000000000e+00,-1.000000000000000000e+00,0.000000000000000000e+00
1.145000000000000000e+03,8.656609133181413540e+01,3.495077318688653634e+01,-7.150316667473394575e-03,2.294840316306184036e+02,1.834755980243996110e-02,nan,9.833915609524693886e-06,1.585952719268655819e+01,1.000000000000000000e+00,1.000000000000000000e+00,-1.000000000000000000e+00,0.000000000000000000e+00
1.145000000000000000e+03,5.782266850939205938e+01,5.328420203789994503e+01,-7.516786624317019216e-03,2.412796355045349515e+02,2.175911651391992940e-02,nan,1.320142215218057920e-05,2.110424228774102318e+01,1.000000000000000000e+00,1.000000000000000000e+00,-1.000000000000000000e+00,0.000000000000000000e+00
1.145000000000000000e+03,4.104159007393204206e+01,3.266523179619613870e+01,-1.521126250244855468e-03,4.829673632169315312e+01,2.510885196054923885e-01,nan,8.335060080740494908e-06,1.099293057033290921e+01,1.000000000000000000e+00,1.000000000000000000e+00,-1.000000000000000000e+00,0.000000000000000000e+00
1.146000000000000000e+03,1.008646077534476717e+02,4.259851660447635879e+01,-1.341924973698345892e-03,4.252876753634257767e+01,3.154792543558555540e-01,nan,9.597643926195015480e-06,1.621528757811628907e+01,1.000000000000000000e+00,1.000000000000000000e+00,-1.000000000000000000e+00,0.000000000000000000e+00
1.147000000000000000e+03,7.389514639861931755e+01,1.850369577167985113e+01,-1.580379489629365076e-03,5.020392605709693612e+01,2.384904019389157970e-01,nan,8.436314290544212713e-06,5.529097523821427274e+00,1.000000000000000000e+00,1.000000000000000000e+00,-1.000000000000000000e+00,0.000000000000000000e+00
1.149000000000000000e+03,4.164287450163244131e+01,2.168875788326923626e+01,-2.131259897252868810e-02,6.853267791775684827e+02,4.305124653134262402e-03,nan,2.144619736910212152e-05,1.099293057033290921e+01,1.000000000000000000e+00,1.000000000000000000e+00,-1.000000000000000000e+00,0.000000000000000000e+00
1.149000000000000000e+03,1.221412171596081286e+01,4.855454801805705500e+01,-1.221581640117478783e-03,3.865526504240627759e+01,3.428994153420578117e-01,nan,9.096678620932948799e-06,1.179269234220836182e+01,1.000000000000000000e+00,1.000000000000000000e+00,-1.000000000000000000e+00,0.000000000000000000e+00
1.152000000000000000e+03,6.975820882979905946e+01,3.722027194453547594e+01,-1.391071807718811558e-03,4.411066142678748747e+01,2.960016001944631991e-01,nan,9.400790960199402655e-06,1.841292066859877963e+01,1.000000000000000000e+00,1.000000000000000000e+00,-1.000000000000000000e+00,0.000000000000000000e+00
1.158000000000000000e+03,4.023169264534420364e+01,4.891388453363815358e+01,-7.956829186258691095e-03,2.554433279202333154e+02,1.558430406720401340e-02,nan,1.047731500519336719e-05,2.431079119386664189e+01,1.000000000000000000e+00,1.000000000000000000e+00,-1.000000000000000000e+00,0.000000000000000000e+00
1.158000000000000000e+03,1.728314827949678900e+01,4.089023947914347445e+01,-1.319722610482035969e-03,4.181413792844771393e+01,2.652766579784958667e-01,nan,6.993158604086208888e-06,2.431079119386664189e+01,1.000000000000000000e+00,1.000000000000000000e+00,-1.000000000000000000e+00,0.000000000000000000e+00
1.161000000000000000e+03,1.171055812579823936e+02,3.451113707313787415e+01,-1.176019988122810941e-03,3.718876775188031303e+01,3.333350960608297830e-01,nan,8.059587408901795264e-06,1.521312433398817099e+01,1.000000000000000000e+00,1.000000000000000000e+00,-1.000000000000000000e+00,0.000000000000000000e+00
1.163000000000000000e+03,9.121875151727007847e+01,4.983346813739311187e+01,-8.789956795941217260e-03,2.822592867095411293e+02,1.122121992473223973e-02,nan,9.428855066157910554e-06,3.008158545135659523e+01,1.000000000000000000e+00,1.000000000000000000e+00,-1.000000000000000000e+00,0.000000000000000000e+00
1.169000000000000000e+03,1.395391485130586204e+02,4.691659510205791861e+01,-7.237145357938309584e-03,2.322787950716283376e+02,3.207048871711537519e-02,nan,1.696417401165638107e-05,1.291758850579872586e+01,1.000000000000000000e+00,1.000000000000000000e+00,-1.000000000000000000e+00,0.000000000000000000e+00
1.171000000000000000e+03,1.369931344581854837e+01,2.715961220000366438e+01,-8.632030191751528456e-03,2.771760878568470048e+02,1.489088448833641998e-02,nan,1.132007702247644515e-05,1.904296612581313042e+01,1.000000000000000000e+00,1.000000000000000000e+00,-1.000000000000000000e+00,0.000000000000000000e+00
1.173000000000000000e+03,7.503094497531047580e+01,3.294891061986734826e+01,-1.557523011936993475e-02,5.006575341095879708e+02,3.637107444775189435e-03,nan,8.952305592444017836e-06,1.252172361461832750e+01,1.000000000000000000e+00,1.000000000000000000e+00,-1.000000000000000000e+00,0.000000000000000000e+00
1.173000000000000000e+03,1.440939687982160535e+02,3.482867944322484988e+01,-1.385399963511333267e-03,4.392810122981469334e+01,2.829211206568430503e-01,nan,8.365662441393103573e-06,1.291758850579872586e+01,1.000000000000000000e+00,1.000000000000000000e+00,-1.000000000000000000e+00,0.000000000000000000e+00
1.175000000000000000e+03,1.261789100065449674e+02,4.246903339562985735e+01,-1.517470716887616040e-02,4.877658632421373568e+02,8.701574605944950580e-02,nan,2.144226635624710579e-04,1.947625066656984316e+01,1.000000000000000000e+00,1.000000000000000000e+00,-1.000000000000000000e+00,0.000000000000000000e+00
1.177000000000000000e+03,8.287977384392615932e+01,4.416660759645755263e+01,-8.888830604126370799e-03,2.854417475172501781e+02,1.297595563599363011e-02,nan,1.014463095979781483e-05,1.369090355189955943e+01,1.000000000000000000e+00,1.000000000000000000e+00,-1.000000000000000000e+00,0.000000000000000000e+00
1.178000000000000000e+03,8.639599465154064717e+01,2.769256130330640175e+01,-8.361570839259738555e-03,2.684707865724898284e+02,1.309439676430479427e-02,nan,9.026277498695398579e-06,1.252172361461832750e+01,1.000000000000000000e+00,1.000000000000000000e+00,-1.000000000000000000e+00,0.000000000000000000e+00
1.178000000000000000e+03,5.279623735573230192e+01,5.304032304911319784e+01,-8.197516166196161178e-03,2.631903429754486865e+02,1.609487410901055959e-02,nan,1.040240115784262964e-05,2.571535995105412198e+01,1.000000000000000000e+00,1.000000000000000000e+00,-1.000000000000000000e+00,0.000000000000000000e+00
1.179000000000000000e+03,9.535116326322474833e+01,1.409603769611419999e+01,-8.249951016065806830e-03,2.648780685494022009e+02,2.159576489914705189e-02,nan,1.577453493819771678e-05,1.530738998934629080e+01,1.000000000000000000e+00,1.000000000000000000e+00,-1.000000000000000000e+00,0.000000000000000000e+00
1.181000000000000000e+03,1.011764665333491990e+02,2.825167367960206377e+01,-1.198724168085550873e-03,3.791954938382966844e+01,3.522135953429673672e-01,nan,9.222624278700884812e-06,1.479104309027122888e+01,1.000000000000000000e+00,1.000000000000000000e+00,-1.000000000000000000e+00,0.000000000000000000e+00
1.184000000000000000e+03,8.694968144113369490e+00,1.170830693462827199e+01,-6.930420811094583494e-03,2.224062224762191420e+02,2.546814255329010734e-02,nan,1.219325229344221923e-05,1.490047741776057499e+01,1.000000000000000000e+00,1.000000000000000000e+00,-1.000000000000000000e+00,0.000000000000000000e+00
1.185000000000000000e+03,5.360624271610569735e+01,4.993449484894331647e+01,-7.551706958705939332e-03,2.424036196781466685e+02,1.940693744862980186e-01,nan,1.399181393718633860e-04,2.259527435932727357e+01,1.000000000000000000e+00,1.000000000000000000e+00,-1.000000000000000000e+00,0.000000000000000000e+00
1.186000000000000000e+03,9.297179665522460823e+01,4.921584822834558537e+01,-1.337499302332360775e-03,4.238631802490398570e+01,2.472507628060121032e-01,nan,6.404937132481729545e-06,2.251251257232720704e+01,1.000000000000000000e+00,1.000000000000000000e+00,-1.000000000000000000e+00,0.000000000000000000e+00
1.187000000000000000e+03,1.297294161382590971e+02,2.021169431195023236e+01,-1.054437475184835790e-03,3.327537967236675343e+01,3.643615190082717392e-01,nan,7.567292483002389799e-06,2.563947276625751215e+01,1.000000000000000000e+00,1.000000000000000000e+00,-1.000000000000000000e+00,0.000000000000000000e+00
1.192000000000000000e+03,4.742378337663050303e+01,5.345556888095432413e+01,-7.976651357092931147e-03,2.560813460461818067e+02,1.835821568077933286e-02,nan,1.139570913884744282e-05,2.028347318552573597e+01,1.000000000000000000e+00,1.000000000000000000e+00,-1.000000000000000000e+00,0.000000000000000000e+00
1.194000000000000000e+03,6.155455879940164010e+01,2.530503938941237507e+01,-1.190332733966190451e-03,3.764945348385858637e+01,3.707876520344253191e-01,nan,1.005836839175088912e-05,1.785846694162207626e+01,1.000000000000000000e+00,1.000000000000000000e+00,-1.000000000000000000e+00,0.000000000000000000e+00
1.197000000000000000e+03,1.035678944168567881e+02,1.927408760033378599e+01,-1.804505806509177496e-02,5.801541245951628980e+02,4.068105636688135185e-03,nan,1.563192109836642336e-05,1.345653298372741702e+01,1.000000000000000000e+00,1.000000000000000000e+00,-1.000000000000000000e+00,0.000000000000000000e+00
1.197000000000000000e+03,3.229726227771145375e+01,3.994232930223381572e+01,-1.242866454162818921e-03,3.934036140657001113e+01,3.247959959951445263e-01,nan,8.180620353482983802e-06,1.132936698944764409e+01,1.000000000000000000e+00,1.000000000000000000e+00,-1.000000000000000000e+00,0.000000000000000000e+00
1.198000000000000000e+03,6.998479210675175466e+01,9.561596059293856698e+00,-7.163438936066942979e-03,2.299063993564472241e+02,1.693802767384511299e-02,nan,8.492205545224129027e-06,1.517073539383878611e+01,1.000000000000000000e+00,1.000000000000000000e+00,-1.000000000000000000e+00,0.000000000000000000e+00
1.201000000000000000e+03,1.160361704745762665e+02,1.421243055044951653e+01,-1.701333765276904705e-02,5.469460400983872432e+02,5.532845285544207847e-03,nan,1.732660283630038919e-05,1.345653298372741702e+01,1.000000000000000000e+00,1.000000000000000000e+00,-1.000000000000000000e+00,0.000000000000000000e+00
1.203000000000000000e+03,6.691692581464909040e+01,2.441889759098705781e+01,-1.411458351006271775e-02,4.536435607089823066e+02,4.743464944677144857e-03,nan,1.058596995844958945e-05,9.642393020481240029e+00,1.000000000000000000e+00,1.000000000000000000e+00,-1.000000000000000000e+00,0.000000000000000000e+00
1.203000000000000000e+03,1.424040588660044477e+02,1.428101636401191676e+01,-7.104571918145278185e-03,2.280116409685475105e+02,2.440817352551238884e-02,nan,1.190299747031663588e-05,2.636797759094608651e+01,1.000000000000000000e+00,1.000000000000000000e+00,-1.000000000000000000e+00,0.000000000000000000e+00
1.204000000000000000e+03,1.094804624051011075e+02,4.545200849654155917e+01,-1.310805911719239774e-03,4.152713528469794113e+01,3.448445154451440509e-01,nan,1.121747241117867879e-05,2.607557709068394303e+01,1.000000000000000000e+00,1.000000000000000000e+00,-1.000000000000000000e+00,0.000000000000000000e+00
1.207000000000000000e+03,9.829732579413322924e+01,2.189626235780438890e+01,-1.462236464167874280e-03,4.640124509298060929e+01,2.302514774393993324e-01,nan,6.820139969673977099e-06,2.185025511102524476e+01,1.000000000000000000e+00,1.000000000000000000e+00,-1.000000000000000000e+00,0.000000000000000000e+00
1.208000000000000000e+03,7.648993513130987765e+01,2.326423929324218065e+01,-8.353027828893716533e-03,2.681958118732367780e+02,1.646005044758347413e-02,nan,1.139098961891028948e-05,9.642393020481240029e+00,1.000000000000000000e+00,1.000000000000000000e+00,-1.000000000000000000e+00,0.000000000000000000e+00
1.209000000000000000e+03,6.917721407904235775e+01,1.291589920478743636e+01,-7.560020831761478030e-03,2.426712191126700588e+02,2.257697497459898450e-02,nan,1.269867798064933315e-05,1.267138633988389351e+01,1.000000000000000000e+00,1.000000000000000000e+00,-1.000000000000000000e+00,0.000000000000000000e+00
1.211000000000000000e+03,4.088397285190036712e+01,1.801097597672398365e+01,-8.061906503858226603e-03,2.588254616842480118e+02,2.092584364936622698e-02,nan,1.426962359443846022e-05,2.389218658227975212e+01,1.000000000000000000e+00,1.000000000000000000e+00,-1.000000000000000000e+00,0.000000000000000000e+00
1.212000000000000000e+03,1.707098549736777926e+01,1.995473854847487871e+01,-1.329591013168832103e-03,4.213177315826114011e+01,3.278303392763420865e-01,nan,1.010354992258741010e-05,1.380701980633609161e+01,1.000000000000000000e+00,1.000000000000000000e+00,-1.000000000000000000e+00,0.000000000000000000e+00
1.212000000000000000e+03,1.370224553404916890e+02,4.392322865037781554e+01,-1.273035380305970795e-03,4.031141154435228202e+01,3.585592613013079966e-01,nan,1.106928675447628585e-05,7.504387401099104515e+00,1.000000000000000000e+00,1.000000000000000000e+00,-1.000000000000000000e+00,0.000000000000000000e+00
1.213000000000000000e+03,1.232639879972964252e+02,3.042562019047485933e+01,-1.028203720745920514e-03,3.243099128606559134e+01,3.704161985946404778e-01,nan,7.599929384702196814e-06,1.819377972359754025e+01,1.000000000000000000e+00,1.000000000000000000e+00,-1.000000000000000000e+00,0.000000000000000000e+00
1.215000000000000000e+03,8.585427066689271669e+01,3.601199264966209057e+01,-8.335375841240284800e-03,2.676276456428027473e+02,1.285910543327284383e-02,nan,8.500125708801639415e-06,2.097684676387829583e+01,1.000000000000000000e+00,1.000000000000000000e+00,-1.000000000000000000e+00,0.000000000000000000e+00
1.216000000000000000e+03,8.699305871581515248e+00,3.093420921767165410e+01,-8.188510894629718803e-03,2.629004894303186006e+02,1.646967798046283793e-02,nan,1.196226321888833935e-05,9.125487088882278996e+00,1.000000000000000000e+00,1.000000000000000000e+00,-1.000000000000000000e+00,0.000000000000000000e+00
1.216000000000000000e+03,1.122519036592088071e+02,1.212720125799884130e+01,-1.498338525745987427e-03,4.756326563369542981e+01,2.628834292163092501e-01,nan,8.699895593304957190e-06,1.700906210707021771e+01,1.000000000000000000e+00,1.000000000000000000e+00,-1.000000000000000000e+00,0.000000000000000000e+00
1.217000000000000000e+03,9.521418657400160157e+01,5.238688200017069363e+00,-1.610435376965843254e-02,5.176884881143307666e+02,5.136809384287288616e-03,nan,1.522340640367668048e-05,1.837757915574156797e+01,1.000000000000000000e+00,1.000000000000000000e+00,-1.000000000000000000e+00,0.000000000000000000e+00
1.217000000000000000e+03,1.429781137273655816e+02,3.935749065475940256e+01,-8.469465523228341536e-03,2.719436031797679902e+02,1.730693976358099739e-02,nan,1.250859743703512042e-05,7.504387401099104515e+00,1.000000000000000000e+00,1.000000000000000000e+00,-1.000000000000000000e+00,0.000000000000000000e+00
1.217000000000000000e+03,5.690369946020013714e+01,4.715822212625819532e+01,-1.119890620614264745e-03,3.538212638207545524e+01,3.725496024008441154e-01,nan,9.256605800376650452e-06,2.449370779143731625e+01,1.000000000000000000e+00,1.000000000000000000e+00,-1.000000000000000000e+00,0.000000000000000000e+00
1.218000000000000000e+03,1.052841654712741644e+02,2.764360607053738406e+01,-6.723605675880819747e-03,2.157494437565572696e+02,1.890310522885452205e-02,nan,8.395318659973003618e-06,1.700906210707021771e+01,1.000000000000000000e+00,1.000000000000000000e+00,-1.000000000000000000e+00,0.000000000000000000e+00
1.219000000000000000e+03,3.182357277182097732e+01,3.886637063707504325e+01,-7.342794461153669648e-03,2.356793329544503877e+02,2.265081307957761414e-02,nan,1.227303671922063510e-05,1.871431025263545322e+01,1.000000000000000000e+00,1.000000000000000000e+00,-1.000000000000000000e+00,0.000000000000000000e+00
1.219000000000000000e+03,1.019154161525815283e+02,4.950523932504638225e+01,-6.753382810399019207e-03,2.167078832594900746e+02,1.790060659769787677e-02,nan,8.446782426139862665e-06,2.097684676387829583e+01,1.000000000000000000e+00,1.000000000000000000e+00,-1.000000000000000000e+00,0.000000000000000000e+00
1.220000000000000000e+03,1.349917799719897289e+02,4.844965784810343479e+01,-8.384637008447442738e-03,2.692132195865635822e+02,1.404944825517095985e-02,nan,1.103369505112947393e-05,1.210161274888505467e+01,1.000000000000000000e+00,1.000000000000000000e+00,-1.000000000000000000e+00,0.000000000000000000e+00
1.224000000000000000e+03,4.733196603613022546e+01,2.839187081171708016e+01,-1.664990008810607932e-03,5.292729300489349242e+01,2.567028526263062105e-01,nan,1.063554870595121888e-05,4.258286008641737119e+00,1.000000000000000000e+00,1.000000000000000000e+00,-1.000000000000000000e+00,0.000000000000000000e+00
1.225000000000000000e+03,7.428158507261420596e+01,4.143221122464399997e+01,-7.717245905726096734e-03,2.477318377442956603e+02,1.714233643109497329e-02,nan,1.063070791244396261e-05,2.993881167141800148e+01,1.000000000000000000e+00,1.000000000000000000e+00,-1.000000000000000000e+00,0.000000000000000000e+00
1.227000000000000000e+03,5.573105109535930524e+01,1.694387260727153333e+01,-1.052517754088554396e-03,3.321358942414239834e+01,3.505954288287796983e-01,nan,7.189408227105028302e-06,9.360953794297765640e+00,1.000000000000000000e+00,1.000000000000000000e+00,-1.000000000000000000e+00,0.000000000000000000e+00
1.228000000000000000e+03,3.384928803769880545e+01,2.649944580164743257e+01,-1.669188991689473517e-02,5.365995707965158772e+02,4.761025649625438838e-03,nan,1.575507651839686107e-05,1.269405462070307067e+01,1.000000000000000000e+00,1.000000000000000000e+00,-1.000000000000000000e+00,0.000000000000000000e+00
1.228000000000000000e+03,5.968229663993981582e+00,4.232701058839087693e+01,-9.071549091103378246e-03,2.913229250942209205e+02,1.615357549451923447e-02,nan,1.325737251646376171e-05,6.430801546675271041e+00,1.000000000000000000e+00,1.000000000000000000e+00,-1.000000000000000000e+00,0.000000000000000000e+00
1.230000000000000000e+03,1.918718246743578248e+01,2.729619633809090473e+01,-1.655043822155387312e-02,5.320466514251560284e+02,5.093088438869686208e-03,nan,1.555503849255662814e-05,1.468373764308191909e+01,1.000000000000000000e+00,1.000000000000000000e+00,-1.000000000000000000e+00,0.000000000000000000e+00
1.231000000000000000e+03,4.517684845168734142e+01,1.899805381779228952e+01,-7.537205483000412182e-03,2.419368592798785755e+02,2.748886041466080954e-02,nan,1.609352306698589699e-05,5.379881878873518986e+00,1.000000000000000000e+00,1.000000000000000000e+00,-1.000000000000000000e+00,0.000000000000000000e+00
1.231000000000000000e+03,1.020086658761239136e+02,5.327281659768535604e+01,-1.215794972913834858e-03,3.846900902657277754e+01,3.487686130448695021e-01,nan,9.447311770686132558e-06,4.232935990888834965e+01,1.000000000000000000e+00,1.000000000000000000e+00,-1.000000000000000000e+00,0.000000000000000000e+00
1.232000000000000000e+03,3.238725889672036118e+01,5.294934643105913352e+01,-7.654125480624157131e-03,2.457001745289303756e+02,1.563184615329071825e-02,nan,9.140120897919292323e-06,2.649027694296199087e+01,1.000000000000000000e+00,1.000000000000000000e+00,-1.000000000000000000e+00,0.000000000000000000e+00
1.232000000000000000e+03,5.518669231794478947e+01,2.628898520479701872e+01,-7.329518797193989785e-03,2.352520278771656308e+02,1.899599331792933832e-02,nan,1.034416593115115660e-05,9.076182832720325777e+00,1.000000000000000000e+00,1.000000000000000000e+00,-1.000000000000000000e+00,0.000000000000000000e+00
1.234000000000000000e+03,1.075754637780582073e+02,6.543771107059750847e+00,-8.492658684055765309e-03,2.726901236860070981e+02,1.546826299520687176e-02,nan,1.154791854822965007e-05,1.852812297845692058e+01,1.000000000000000000e+00,1.000000000000000000e+00,-1.000000000000000000e+00,0.000000000000000000e+00
1.235000000000000000e+03,8.068503261391491321e+01,1.111120685564062782e+01,-8.537829458588769641e-03,2.741440397659455925e+02,1.704768577992021861e-02,nan,1.212752621425328905e-05,2.630259080470288779e+01,1.000000000000000000e+00,1.000000000000000000e+00,-1.000000000000000000e+00,0.000000000000000000e+00
1.237000000000000000e+03,5.866102591029433455e+01,4.227343541041707198e+01,-8.288042084803619661e-03,2.661041094555523614e+02,3.090339216282544932e-02,nan,2.178362962110649056e-05,8.247462141990904883e+00,1.000000000000000000e+00,1.000000000000000000e+00,-1.000000000000000000e+00,0.000000000000000000e+00
1.240000000000000000e+03,1.261144024303566198e+02,1.414531177262503903e+01,-1.225686306275637801e-03,3.878738232823599930e+01,3.481182806614412373e-01,nan,9.262786477233182699e-06,4.113625510330977875e+01,1.000000000000000000e+00,1.000000000000000000e+00,-1.000000000000000000e+00,0.000000000000000000e+00
1.240000000000000000e+03,5.043928431595541895e+01,4.162259215778968269e+01,-1.608105760365041714e-02,5.169386521704016104e+02,4.811759413452798562e-03,nan,1.598266339925417785e-05,8.247462141990904883e+00,1.000000000000000000e+00,1.000000000000000000e+00,-1.000000000000000000e+00,0.000000000000000000e+00
1.241000000000000000e+03,7.132634435326060895e+01,2.012427963901682659e+01,-7.536799234233053368e-03,2.419237833115910234e+02,1.841067900177417727e-02,nan,1.006362053068924789e-05,1.439409920173732793e+01,1.000000000000000000e+00,1.000000000000000000e+00,-1.000000000000000000e+00,0.000000000000000000e+00
1.242000000000000000e+03,1.937776028564061193e+01,3.118030299780226500e+01,-8.504244956319337301e-03,2.730630521497031395e+02,1.428627087356837411e-02,nan,1.131274837955981632e-05,1.629528737817058470e+01,1.000000000000000000e+00,1.000000000000000000e+00,-1.000000000000000000e+00,0.000000000000000000e+00
1.242000000000000000e+03,8.500546097170487769e+01,1.564411665443055099e+01,-1.331730767454516974e-03,4.220064563599121499e+01,2.472029653038135821e-01,nan,6.349451076422254316e-06,1.439409920173732793e+01,1.000000000000000000e+00,1.000000000000000000e+00,-1.000000000000000000e+00,0.000000000000000000e+00
1.244000000000000000e+03,4.263239637141806782e+01,9.595514075205713311e+00,-1.274937370570125442e-03,4.037263108857153071e+01,3.303030823351356116e-01,nan,9.393455603383245065e-06,1.351508391889870708e+01,1.000000000000000000e+00,1.000000000000000000e+00,-1.000000000000000000e+00,0.000000000000000000e+00
1.246000000000000000e+03,1.384371330889555338e+02,2.633924889240596556e+01,-7.973121535249594327e-03,2.559677313297993066e+02,1.286628190324945464e-02,nan,8.616377210707666716e-06,3.654945972859956704e+00,1.000000000000000000e+00,1.000000000000000000e+00,-1.000000000000000000e+00,0.000000000000000000e+00
1.246000000000000000e+03,2.390778616856145788e+01,4.683326617533618474e+01,-8.438606534900373532e-03,2.709503419438357810e+02,2.029662660747211245e-02,nan,1.481558557773977884e-05,1.629528737817058470e+01,1.000000000000000000e+00,1.000000000000000000e+00,-1.000000000000000000e+00,0.000000000000000000e+00
1.246000000000000000e+03,5.102479302404361050e+01,4.897967400896787638e+01,-8.631313219947246013e-03,2.771530106161778804e+02,1.313290655430787712e-02,nan,1.086860695911465517e-05,1.764098478074324561e+01,1.000000000000000000e+00,1.000000000000000000e+00,-1.000000000000000000e+00,0.000000000000000000e+00
1.247000000000000000e+03,5.322402934010536057e+01,3.147631137030527171e+01,-1.889767871985481747e-03,6.016223978326636512e+01,1.583363355274993722e-01,nan,7.030749450281269041e-06,1.251545133593862502e+01,1.000000000000000000e+00,1.000000000000000000e+00,-1.000000000000000000e+00,0.000000000000000000e+00
1.248000000000000000e+03,4.397596361738396809e+01,2.304364853283373193e+01,-8.356266082418017938e-03,2.683000418519912387e+02,1.960809006576369473e-02,nan,1.400194348031756441e-05,1.190909059354019917e+01,1.000000000000000000e+00,1.000000000000000000e+00,-1.000000000000000000e+00,0.000000000000000000e+00
1.249000000000000000e+03,1.144824916698565147e+02,2.359942610690882248e+01,-8.417189952010958182e-03,2.702610043231690042e+02,1.679915488610650431e-02,nan,1.185244950550436801e-05,1.574220960395765800e+01,1.000000000000000000e+00,1.000000000000000000e+00,-1.000000000000000000e+00,0.000000000000000000e+00
1.250000000000000000e+03,1.228063790939371813e+02,4.357988981879628909e+01,-1.251899421112045736e-03,3.963110638565904509e+01,3.698078528988085756e-01,nan,1.254635589334618728e-05,8.203964991000368912e+00,1.000000000000000000e+00,1.000000000000000000e+00,-1.000000000000000000e+00,0.000000000000000000e+00
1.251000000000000000e+03,3.514918644733165820e+01,3.103829946676393092e+01,-8.672740942763356928e-03,2.784864487292119861e+02,1.612092981316914919e-02,nan,1.223849386504472746e-05,1.190909059354019917e+01,1.000000000000000000e+00,1.000000000000000000e+00,-1.000000000000000000e+00,0.000000000000000000e+00
1.251000000000000000e+03,1.246795559305171821e+02,3.559263433819096178e+01,-1.340974928276058220e-03,4.249818833263362450e+01,3.169701944411722483e-01,nan,1.049071225982336927e-05,8.203964991000368912e+00,1.000000000000000000e+00,1.000000000000000000e+00,-1.000000000000000000e+00,0.000000000000000000e+00
1.256000000000000000e+03,1.250221564635081783e+01,3.036428114166577785e+01,-1.938860725006901278e-02,6.233990718961972561e+02,1.107865505599647804e-02,nan,4.411329018241791263e-05,8.936939263650245380e+00,1.000000000000000000e+00,1.000000000000000000e+00,-1.000000000000000000e+00,0.000000000000000000e+00
1.256000000000000000e+03,7.642144120035699473e+01,4.441107367855659049e+01,-8.207769455536483710e-03,2.635203665891298215e+02,2.033970795076456284e-02,nan,1.332771987321943477e-05,1.213037599821086410e+01,1.000000000000000000e+00,1.000000000000000000e+00,-1.000000000000000000e+00,0.000000000000000000e+00
1.256000000000000000e+03,2.760545040896477786e+01,8.814558014878132397e+00,-1.107866659198023527e-03,3.499510997537514356e+01,3.416613046486935978e-01,nan,7.520017376867212163e-06,2.302609469454173308e+01,1.000000000000000000e+00,1.000000000000000000e+00,-1.000000000000000000e+00,0.000000000000000000e+00
1.257000000000000000e+03,4.400531055690201754e+01,2.497765252088479926e+01,-1.612660028999595568e-02,5.184045390117485113e+02,5.062629728791012695e-03,nan,1.481737961696718157e-05,2.302609469454173308e+01,1.000000000000000000e+00,1.000000000000000000e+00,-1.000000000000000000e+00,0.000000000000000000e+00
1.257000000000000000e+03,1.042769784054466697e+02,4.325651071941953774e+01,-1.264695065646637357e-03,4.004296103137532015e+01,2.998528407801630546e-01,nan,7.743910858319958952e-06,1.338662505636206745e+01,1.000000000000000000e+00,1.000000000000000000e+00,-1.000000000000000000e+00,0.000000000000000000e+00
1.258000000000000000e+03,8.059945881516895838e+01,9.840731110962709138e+00,-1.583183954488066522e-02,5.089170464573612662e+02,5.087660736129318018e-03,nan,1.354816649772130876e-05,3.189859562857586184e+01,1.000000000000000000e+00,1.000000000000000000e+00,-1.000000000000000000e+00,0.000000000000000000e+00
1.258000000000000000e+03,6.600036011081023446e+01,3.820244333176825080e+01,-1.779977307733887062e-03,5.662840029432238964e+01,2.142354647993524042e-01,nan,9.640998578675676728e-06,1.213037599821086410e+01,1.000000000000000000e+00,1.000000000000000000e+00,-1.000000000000000000e+00,0.000000000000000000e+00
1.259000000000000000e+03,1.397973388242653243e+02,3.890853516276493451e+01,-8.693915021921169717e-03,2.791679808588623359e+02,1.246974596447136818e-02,nan,1.087405160009768871e-05,4.609724918663662407e+00,1.000000000000000000e+00,1.000000000000000000e+00,-1.000000000000000000e+00,0.000000000000000000e+00
1.261000000000000000e+03,1.158778413243627909e+02,9.001155223611593925e+00,-1.128778336584051415e-03,3.566819615386911124e+01,3.686369721450553083e-01,nan,8.951572400847785771e-06,2.530088469327985479e+01,1.000000000000000000e+00,1.000000000000000000e+00,-1.000000000000000000e+00,0.000000000000000000e+00
1.264000000000000000e+03,5.575021199530610971e+01,4.003483174101211262e+01,-1.351275090300540355e-03,4.282972064192410500e+01,3.619406719660978045e-01,nan,1.248814141986593991e-05,1.982566856856724158e+01,1.000000000000000000e+00,1.000000000000000000e+00,-1.000000000000000000e+00,0.000000000000000000e+00
1.265000000000000000e+03,1.194135880797247893e+02,3.405376509054142531e+01,-8.336441405308652949e-03,2.676619430563233664e+02,2.269761332999042924e-02,nan,1.546941232849080594e-05,1.769430865965386701e+01,1.000000000000000000e+00,1.000000000000000000e+00,-1.000000000000000000e+00,0.000000000000000000e+00
1.266000000000000000e+03,7.511046981288778568e+01,3.576428711211024591e+01,-8.429767820753211391e-03,2.706658493984367624e+02,1.646888924377121199e-02,nan,1.164901064229210274e-05,1.221185151162847582e+01,1.000000000000000000e+00,1.000000000000000000e+00,-1.000000000000000000e+00,0.000000000000000000e+00
1.268000000000000000e+03,3.048195589191285038e+01,1.268724242147617787e+01,-3.132917750591861054e-03,1.001756249192419403e+02,2.521319713233239890e-01,nan,3.706176487798231107e-05,3.723406247103136479e+01,1.000000000000000000e+00,1.000000000000000000e+00,-1.000000000000000000e+00,0.000000000000000000e+00
1.268000000000000000e+03,8.296118483349981432e+01,4.511819490549795830e+01,-8.451885121193741801e-03,2.713777410825570655e+02,1.271609815488350392e-02,nan,8.801524066271780878e-06,1.221185151162847582e+01,1.000000000000000000e+00,1.000000000000000000e+00,-1.000000000000000000e+00,0.000000000000000000e+00
1.270000000000000000e+03,1.048385825809702112e+02,1.281166316671659011e+01,-7.496582994741529497e-03,2.406293393292620806e+02,1.823329276610963223e-02,nan,1.103582920516503699e-05,1.990751556554774382e+01,1.000000000000000000e+00,1.000000000000000000e+00,-1.000000000000000000e+00,0.000000000000000000e+00
1.270000000000000000e+03,1.435554503996648918e+02,4.279039025753586145e+01,-1.459940356029132023e-03,4.632734003869033756e+01,3.361283346385588455e-01,nan,1.259592771656721321e-05,1.056864255724708102e+01,1.000000000000000000e+00,1.000000000000000000e+00,-1.000000000000000000e+00,0.000000000000000000e+00
1.271000000000000000e+03,1.329912078197820904e+02,4.309532339159199665e+01,-9.058128313861385159e-03,2.908909492417114961e+02,1.991493436855151788e-02,nan,1.670987810812815406e-05,1.056864255724708102e+01,1.000000000000000000e+00,1.000000000000000000e+00,-1.000000000000000000e+00,0.000000000000000000e+00
1.271000000000000000e+03,1.243331862869275994e+02,4.994924115689389055e+01,-1.690910277387935000e-03,5.376159119150894128e+01,2.992857242151452102e-01,nan,1.425781376031220961e-05,1.104253257169264302e+01,1.000000000000000000e+00,1.000000000000000000e+00,-1.000000000000000000e+00,0.000000000000000000e+00
1.274000000000000000e+03,2.220609910058275815e+01,4.402442806491217198e+01,-1.640025787111314311e-03,5.212376719142237391e+01,3.080170066031512333e-01,nan,1.362111782099847372e-05,4.981458794430297132e+01,1.000000000000000000e+00,1.000000000000000000e+00,-1.000000000000000000e+00,0.000000000000000000e+00
1.275000000000000000e+03,1.087976687670226994e+02,3.232152766045242487e+01,-8.715396899146148416e-03,2.798594201146103160e+02,1.637488058786829015e-02,nan,1.345692634257930861e-05,8.674634471423463111e+00,1.000000000000000000e+00,1.000000000000000000e+00,-1.000000000000000000e+00,0.000000000000000000e+00
1.278000000000000000e+03,5.607676976564001592e+01,7.496755804556947567e+00,-1.578900124811695449e-02,5.075382060645222282e+02,4.277510658547756250e-03,nan,1.314681318701141180e-05,1.137689993561172663e+01,1.000000000000000000e+00,1.000000000000000000e+00,-1.000000000000000000e+00,0.000000000000000000e+00
1.278000000000000000e+03,1.133976509175464003e+02,2.266718514419028807e+01,-8.294236083482427538e-03,2.663034762888940463e+02,1.744783705042318722e-02,nan,1.231485102679806814e-05,1.069421176181037580e+01,1.000000000000000000e+00,1.000000000000000000e+00,-1.000000000000000000e+00,0.000000000000000000e+00
1.279000000000000000e+03,1.054588119850246528e+02,1.275510563151242494e+01,-8.090661851322324127e-03,2.597510128286439226e+02,1.821452059314876415e-02,nan,1.271889163408307216e-05,1.269938911373973411e+01,1.000000000000000000e+00,1.000000000000000000e+00,-1.000000000000000000e+00,0.000000000000000000e+00
1.281000000000000000e+03,2.636691865419211211e+01,1.381726245368327355e+01,-1.196631119109489065e-03,3.785218021440859815e+01,3.360534768013062612e-01,nan,8.454949264528785854e-06,1.925162736253521700e+01,1.000000000000000000e+00,1.000000000000000000e+00,-1.000000000000000000e+00,0.000000000000000000e+00
1.282000000000000000e+03,4.470981364620610776e+01,7.972319389986030735e+00,-8.447886481918567489e-03,2.712490364942440237e+02,2.353704721699645397e-02,nan,1.737182476746547511e-05,1.137689993561172663e+01,1.000000000000000000e+00,1.000000000000000000e+00,-1.000000000000000000e+00,0.000000000000000000e+00
1.284000000000000000e+03,1.529215550174798466e+01,3.760668260512678529e+01,-1.194963999626326434e-03,3.779852047868770626e+01,3.411232221171853762e-01,nan,8.811824853008956007e-06,2.624093919860035840e+01,1.000000000000000000e+00,1.000000000000000000e+00,-1.000000000000000000e+00,0.000000000000000000e+00
1.285000000000000000e+03,1.124022961051822591e+02,2.221331914332611035e+01,-9.213297753796111100e-03,2.958854029823997962e+02,1.973938193592961188e-02,nan,1.726412288035078133e-05,2.277673209772595087e+01,1.000000000000000000e+00,1.000000000000000000e+00,-1.000000000000000000e+00,0.000000000000000000e+00
1.286000000000000000e+03,1.061915500747762025e+02,4.412692584777745708e+01,-1.686020087359046266e-02,5.420170118056566935e+02,4.326659861657700112e-03,nan,1.453359176551513468e-05,1.876059855061846804e+01,1.000000000000000000e+00,1.000000000000000000e+00,-1.000000000000000000e+00,0.000000000000000000e+00
1.287000000000000000e+03,7.750233960448886705e+01,5.723940145203558316e+00,-8.456927304768333334e-03,2.715400343319620333e+02,1.600973460133325865e-02,nan,1.135335439374393258e-05,1.156718535044033658e+01,1.000000000000000000e+00,1.000000000000000000e+00,-1.000000000000000000e+00,0.000000000000000000e+00
1.287000000000000000e+03,1.366418643350823743e+02,6.119251441041083872e+00,-7.545678688746707344e-03,2.422095871710987183e+02,2.107122984700748880e-02,nan,1.203432130164782964e-05,2.385804237440187237e+01,1.000000000000000000e+00,1.000000000000000000e+00,-1.000000000000000000e+00,0.000000000000000000e+00
1.288000000000000000e+03,1.395300321664103365e+02,2.980183306798449649e+01,-7.694358212028179836e-03,2.469951493380387433e+02,2.143866653860027061e-02,nan,1.272239981193335810e-05,2.009187894494365167e+01,1.000000000000000000e+00,1.000000000000000000e+00,-1.000000000000000000e+00,0.000000000000000000e+00
1.289000000000000000e+03,8.792364231479859882e+01,3.985567262999489913e+01,-1.056104512415906348e-03,3.332903676063161669e+01,3.709403456924548204e-01,nan,7.935781171784077957e-06,1.208562537377856572e+01,1.000000000000000000e+00,1.000000000000000000e+00,-1.000000000000000000e+00,0.000000000000000000e+00
1.291000000000000000e+03,3.641606009826200818e+01,2.777694362064240252e+01,-8.369234065351033314e-03,2.687174435703723248e+02,1.989651680145987367e-02,nan,1.502529498271147778e-05,1.589737973122659476e+01,1.000000000000000000e+00,1.000000000000000000e+00,-1.000000000000000000e+00,0.000000000000000000e+00
1.293000000000000000e+03,6.968997164008726486e+01,5.000936308239854355e+01,-7.822186819044960396e-03,2.511095810505621557e+02,1.813283788984065836e-02,nan,1.174470834553901838e-05,1.048960252630047663e+01,1.000000000000000000e+00,1.000000000000000000e+00,-1.000000000000000000e+00,0.000000000000000000e+00
1.293000000000000000e+03,1.033015578798401748e+02,5.332208000480240884e+01,-1.147085186093454610e-03,3.625744048607085546e+01,3.712623721319301406e-01,nan,9.601429854645398629e-06,7.230624895348379155e+00,1.000000000000000000e+00,1.000000000000000000e+00,-1.000000000000000000e+00,0.000000000000000000e+00
1.294000000000000000e+03,8.014018896104137468e+01,4.910122261716200853e+01,-1.295320340220503224e-03,4.102869970014536705e+01,3.275761420564053950e-01,nan,9.322504471451740371e-06,1.048960252630047663e+01,1.000000000000000000e+00,1.000000000000000000e+00,-1.000000000000000000e+00,0.000000000000000000e+00
1.296000000000000000e+03,5.206704997645503852e+01,2.498889804147525595e+01,-1.661866437628128305e-03,5.282675431774475783e+01,2.709195303015767831e-01,nan,1.150869128240846804e-05,1.589737973122659476e+01,1.000000000000000000e+00,1.000000000000000000e+00,-1.000000000000000000e+00,0.000000000000000000e+00
1.298000000000000000e+03,1.891906425920434387e+01,1.494726313935605688e+01,-8.496186739216036662e-03,2.728036815379912809e+02,1.423498728012528858e-02,nan,1.068364558114270869e-05,8.290221565782884383e+00,1.000000000000000000e+00,1.000000000000000000e+00,-1.000000000000000000e+00,0.000000000000000000e+00
1.298000000000000000e+03,1.079820275588031109e+02,1.975529330642367398e+01,-7.378898973191061646e-03,2.368414323683345515e+02,1.771470276159248236e-02,nan,9.179598105658422815e-06,9.198660238480737661e+00,1.000000000000000000e+00,1.000000000000000000e+00,-1.000000000000000000e+00,0.000000000000000000e+00
1.299000000000000000e+03,1.181694613515721528e+02,9.557458865665745762e+00,-9.002373743018566091e-03,2.890963714883631042e+02,1.192846193469199179e-02,nan,1.069579007593797871e-05,1.441456328034814938e+01,1.000000000000000000e+00,1.000000000000000000e+00,-1.000000000000000000e+00,0.000000000000000000e+00
1.299000000000000000e+03,1.302814708912204367e+02,3.797668921308750356e+01,-1.473343594103954622e-03,4.675875135633312851e+01,3.087347585722617360e-01,nan,1.087177537525202615e-05,1.648981533193790483e+01,1.000000000000000000e+00,1.000000000000000000e+00,-1.000000000000000000e+00,0.000000000000000000e+00
1.302000000000000000e+03,1.077586209363057748e+02,4.415748995518816855e+01,1.374284715864383753e-03,-4.357033368091887837e+01,2.822841362063803761e-01,nan,8.269603321130462626e-06,1.186532932939466356e+01,1.000000000000000000e+00,1.000000000000000000e+00,-1.000000000000000000e+00,0.000000000000000000e+00
1.303000000000000000e+03,2.681976436393171426e+01,1.243594645981670688e+01,-1.394895785064484417e-02,4.483125516225182423e+02,5.163691885205268228e-03,nan,1.206837240095841543e-05,8.290221565782884383e+00,1.000000000000000000e+00,1.000000000000000000e+00,-1.000000000000000000e+00,0.000000000000000000e+00
1.303000000000000000e+03,1.019802085589667939e+02,2.672619847549679051e+01,-1.266810225841070179e-03,4.011104189671635112e+01,2.816158517034527131e-01,nan,6.982226960105356716e-06,9.198660238480737661e+00,1.000000000000000000e+00,1.000000000000000000e+00,-1.000000000000000000e+00,0.000000000000000000e+00
1.304000000000000000e+03,5.402836343910947647e+01,1.959515734856238112e+01,-1.084035309518737366e-03,3.422804802296086280e+01,2.846229410975817942e-01,nan,5.305801324427293628e-06,7.814630349074093374e+00,1.000000000000000000e+00,1.000000000000000000e+00,-1.000000000000000000e+00,0.000000000000000000e+00
1.308000000000000000e+03,8.394172278448425573e+01,3.396631549248271398e+01,-7.568434749264827885e-03,2.429420386874917881e+02,2.118770389528834563e-02,nan,1.207410165607008543e-05,1.943723909036100750e+01,1.000000000000000000e+00,1.000000000000000000e+00,-1.000000000000000000e+00,0.000000000000000000e+00
1.312000000000000000e+03,9.233216250141914827e+01,1.065744711023031321e+01,-1.595668368211852067e-02,5.129354167530387940e+02,5.321650538909539208e-03,nan,1.490553298249126836e-05,2.477302613538935461e+01,1.000000000000000000e+00,1.000000000000000000e+00,-1.000000000000000000e+00,0.000000000000000000e+00
1.313000000000000000e+03,4.779179894702770071e+01,4.822206830357951191e+01,-8.465978857570785956e-03,2.718313775357028135e+02,1.698212699771373124e-02,nan,1.171447675087720677e-05,1.582950780711180805e+01,1.000000000000000000e+00,1.000000000000000000e+00,-1.000000000000000000e+00,0.000000000000000000e+00
1.313000000000000000e+03,6.759300552753177271e+01,1.874596043378678800e+01,-1.189972660885670486e-03,3.763786377686034967e+01,2.894489195046069385e-01,nan,6.351375630595731596e-06,1.233395844011072562e+01,1.000000000000000000e+00,1.000000000000000000e+00,-1.000000000000000000e+00,0.000000000000000000e+00
1.314000000000000000e+03,4.201087747454970156e+01,2.664959967316788791e+01,-1.202536806803492647e-03,3.804226715425358663e+01,2.954001719264112147e-01,nan,6.696811230378966205e-06,1.266149486230417232e+01,1.000000000000000000e+00,1.000000000000000000e+00,-1.000000000000000000e+00,0.000000000000000000e+00
1.315000000000000000e+03,1.285784449195499235e+02,4.270164873274105588e+01,-2.218145986659181279e-02,7.132928886403391289e+02,3.433412795981860555e-03,nan,2.153638938596052276e-05,2.348185183623059658e+01,1.000000000000000000e+00,1.000000000000000000e+00,-1.000000000000000000e+00,0.000000000000000000e+00
1.315000000000000000e+03,1.131447387655075687e+01,3.094856765257339859e+01,-1.500865901210632044e-03,4.764461451172726214e+01,2.958523775704039460e-01,nan,1.083215032850540385e-05,2.552928303495451345e+01,1.000000000000000000e+00,1.000000000000000000e+00,-1.000000000000000000e+00,0.000000000000000000e+00
1.316000000000000000e+03,6.138853449309745969e+01,3.276446785550195528e+01,-8.441943127771460442e-03,2.710577371806373321e+02,2.763527500350881905e-02,nan,2.049838607786655823e-05,7.399754468381687822e+00,1.000000000000000000e+00,1.000000000000000000e+00,-1.000000000000000000e+00,0.000000000000000000e+00
1.317000000000000000e+03,1.059224740988427129e+02,3.652877648151556400e+01,-8.040474637169569422e-03,2.581356321224598105e+02,1.630561870679225756e-02,nan,1.153902293799683629e-05,2.348185183623059658e+01,1.000000000000000000e+00,1.000000000000000000e+00,-1.000000000000000000e+00,0.000000000000000000e+00
1.317000000000000000e+03,3.592097894930811464e+01,3.775034685975020921e+01,-1.217884310969025727e-03,3.853625875222558506e+01,3.218686918619665382e-01,nan,8.137749306247281904e-06,1.266149486230417232e+01,1.000000000000000000e+00,1.000000000000000000e+00,-1.000000000000000000e+00,0.000000000000000000e+00
1.321000000000000000e+03,5.177493341071046729e+01,1.749513203787129711e+01,-7.643359237750764999e-03,2.453536404303682161e+02,2.475381840975121595e-02,nan,1.539765220630243865e-05,9.285303572668276217e+00,1.000000000000000000e+00,1.000000000000000000e+00,-1.000000000000000000e+00,0.000000000000000000e+00
1.321000000000000000e+03,5.496613083165367897e+01,2.908899545024460309e+01,-3.230530206164643203e-03,1.033174864486663864e+02,9.677805491930935311e-02,nan,1.093340823655854964e-05,7.399754468381687822e+00,1.000000000000000000e+00,1.000000000000000000e+00,-1.000000000000000000e+00,0.000000000000000000e+00
1.323000000000000000e+03,4.321916849654797943e+01,2.110286666921440712e+01,-8.579430264519738447e-03,2.754830489219042420e+02,1.363793713254168871e-02,nan,1.051379268387401588e-05,9.285303572668276217e+00,1.000000000000000000e+00,1.000000000000000000e+00,-1.000000000000000000e+00,0.000000000000000000e+00
1.323000000000000000e+03,7.159684554119110977e+00,4.123338473295319773e+01,-1.547158697296653878e-03,4.913464520769427679e+01,2.637181444595502189e-01,nan,9.644641765949886193e-06,2.397353784077946770e+01,1.000000000000000000e+00,1.000000000000000000e+00,-1.000000000000000000e+00,0.000000000000000000e+00
1.326000000000000000e+03,1.043046742983428210e+01,1.748401640486468978e+01,-7.419846864897214518e-03,2.381594261111174546e+02,2.070804627005484733e-02,nan,1.465944410822403525e-05,2.397353784077946770e+01,1.000000000000000000e+00,1.000000000000000000e+00,-1.000000000000000000e+00,0.000000000000000000e+00
1.327000000000000000e+03,1.186974867081533489e+02,1.374210131805978463e+01,-8.010064981130294096e-03,2.571568335882748784e+02,1.511335538084879193e-02,nan,9.530152482588191576e-06,1.473637340607468005e+01,1.000000000000000000e+00,1.000000000000000000e+00,-1.000000000000000000e+00,0.000000000000000000e+00
1.327000000000000000e+03,1.085012125131393645e+02,2.438149480187064455e+01,-1.156743813611655920e-03,3.656832366228447029e+01,3.623629532685053167e-01,nan,9.081877218328223122e-06,1.473637340607468005e+01,1.000000000000000000e+00,1.000000000000000000e+00,-1.000000000000000000e+00,0.000000000000000000e+00
1.330000000000000000e+03,2.459283155223887363e+01,5.152795680469310469e+01,-1.335342811031290300e-03,4.231690683124418229e+01,3.682034979522290641e-01,nan,1.225493247385101456e-05,2.446026833735170314e+01,1.000000000000000000e+00,1.000000000000000000e+00,-1.000000000000000000e+00,0.000000000000000000e+00
1.334000000000000000e+03,3.093370926739266125e+01,2.501196893341819560e+01,-1.084283749268760873e-03,3.423604457717516425e+01,3.214696318932667163e-01,nan,6.365929892703914787e-06,2.187172722880924169e+01,1.000000000000000000e+00,1.000000000000000000e+00,-1.000000000000000000e+00,0.000000000000000000e+00
1.335000000000000000e+03,1.014009347763422397e+01,3.179415105714092604e+01,-8.673208427589966865e-03,2.785014957084493972e+02,1.637823886864786527e-02,nan,1.281497935515167468e-05,2.187172722880924169e+01,1.000000000000000000e+00,1.000000000000000000e+00,-1.000000000000000000e+00,0.000000000000000000e+00
1.335000000000000000e+03,1.137476951553367428e+02,3.988209060061386424e+01,-8.121590757452921278e-03,2.607465245156380433e+02,1.438108723114894794e-02,nan,1.023817596649767752e-05,3.021351010732394826e+01,1.000000000000000000e+00,1.000000000000000000e+00,-1.000000000000000000e+00,0.000000000000000000e+00
1.339000000000000000e+03,1.443897376143283395e+02,4.158733515395948643e+01,-1.199888235054297073e-03,3.795701731971261239e+01,3.328009736938820629e-01,nan,8.254002862786817890e-06,3.068945462280746739e+01,1.000000000000000000e+00,1.000000000000000000e+00,-1.000000000000000000e+00,0.000000000000000000e+00
1.340000000000000000e+03,6.219730549401327302e+00,8.335786421885405417e+00,-1.500580099993581830e-03,4.763541540036751343e+01,3.217896054010618290e-01,nan,1.220793949144828439e-05,2.378369434822247541e+01,1.000000000000000000e+00,1.000000000000000000e+00,-1.000000000000000000e+00,0.000000000000000000e+00
1.343000000000000000e+03,7.082285448662929639e+01,4.880834159739045219e+01,-6.733438913791164708e-03,2.160659471343168434e+02,2.433091195361847259e-02,nan,1.060741215673744882e-05,1.408259871646941441e+01,1.000000000000000000e+00,1.000000000000000000e+00,-1.000000000000000000e+00,0.000000000000000000e+00
1.343000000000000000e+03,7.864934777264367938e+01,3.710084017936458167e+01,-7.549953761909545744e-03,2.423471893636363461e+02,1.647178123374648528e-02,nan,9.488811937795005744e-06,1.408259871646941441e+01,1.000000000000000000e+00,1.000000000000000000e+00,-1.000000000000000000e+00,0.000000000000000000e+00
1.345000000000000000e+03,7.616427262667094134e+00,5.136200562222176558e+01,-7.695289299387557402e-03,2.470251183367469139e+02,2.450443520592493485e-02,nan,1.396189356182132628e-05,3.099130036538778654e+01,1.000000000000000000e+00,1.000000000000000000e+00,-1.000000000000000000e+00,0.000000000000000000e+00
1.345000000000000000e+03,8.925080630775615020e+01,1.090020796907215761e+01,-7.234874777789711622e-03,2.322057116892208910e+02,2.289697773391086155e-02,nan,1.163019415356708127e-05,2.826418318810437569e+01,1.000000000000000000e+00,1.000000000000000000e+00,-1.000000000000000000e+00,0.000000000000000000e+00
1.346000000000000000e+03,1.494238673031938092e+01,2.124903472567950757e+01,-7.429628844054445014e-03,2.384742796184428357e+02,2.442394672644532250e-02,nan,1.306645687791191855e-05,1.429422036500749904e+01,1.000000000000000000e+00,1.000000000000000000e+00,-1.000000000000000000e+00,0.000000000000000000e+00
1.347000000000000000e+03,2.867797888519478988e+01,2.520608463670163246e+01,-7.601092770976185069e-03,2.439932055845843024e+02,2.320586937050661547e-02,nan,1.338715311378311243e-05,1.429422036500749904e+01,1.000000000000000000e+00,1.000000000000000000e+00,-1.000000000000000000e+00,0.000000000000000000e+00
1.347000000000000000e+03,1.145164747751403098e+02,5.301906836867109973e+01,-1.294429208844002574e-03,4.100001676851474741e+01,3.201744987303042356e-01,nan,8.938327058876254885e-06,1.527648385086481042e+01,1.000000000000000000e+00,1.000000000000000000e+00,-1.000000000000000000e+00,0.000000000000000000e+00
1.349000000000000000e+03,1.326518097645464991e+02,5.543963252589581003e+00,-1.095630441473823425e-03,3.460126165440281909e+01,3.407497511691576220e-01,nan,7.472942249528976633e-06,4.373026936252708907e+01,1.000000000000000000e+00,1.000000000000000000e+00,-1.000000000000000000e+00,0.000000000000000000e+00
1.351000000000000000e+03,9.388198192310976253e+01,2.923571383478584806e+01,-1.149924679094468244e-03,3.634883552137250007e+01,3.646245609612769334e-01,nan,8.911480923143732678e-06,1.856213960805028051e+01,1.000000000000000000e+00,1.000000000000000000e+00,-1.000000000000000000e+00,0.000000000000000000e+00
1.352000000000000000e+03,2.243231145506471336e+01,4.318620050137054278e+01,-1.304407654962113023e-03,4.132119397687367268e+01,2.992373833461106081e-01,nan,8.276395038441132292e-06,1.782117046355194390e+01,1.000000000000000000e+00,1.000000000000000000e+00,-1.000000000000000000e+00,0.000000000000000000e+00
1.353000000000000000e+03,7.214941255865963399e+01,1.890396490598642742e+01,-8.475931493042314357e-03,2.721517239742888705e+02,1.457470207466438072e-02,nan,1.018758374823541799e-05,1.605201078817562177e+01,1.000000000000000000e+00,1.000000000000000000e+00,-1.000000000000000000e+00,0.000000000000000000e+00
1.353000000000000000e+03,6.213848771710481600e+01,3.873157651375838384e+01,-1.059319308150275234e-03,3.343251170123733118e+01,3.685377668419591579e-01,nan,7.835258487964648602e-06,1.457173755119136160e+01,1.000000000000000000e+00,1.000000000000000000e+00,-1.000000000000000000e+00,0.000000000000000000e+00
1.355000000000000000e+03,1.279967831949853974e+02,4.147016477502079113e+01,-8.093900601310054926e-03,2.598552587871147352e+02,1.517077440165902624e-01,nan,4.301158265966750164e-05,6.185524068790731356e+00,1.000000000000000000e+00,1.000000000000000000e+00,-1.000000000000000000e+00,0.000000000000000000e+00
1.355000000000000000e+03,3.358846516029687024e+01,2.928892194777555957e+01,-1.378961578273184057e-03,4.372086830269842039e+01,3.380267252452975324e-01,nan,1.130899519573118011e-05,1.782117046355194390e+01,1.000000000000000000e+00,1.000000000000000000e+00,-1.000000000000000000e+00,0.000000000000000000e+00
1.356000000000000000e+03,1.267326876894285874e+02,3.541518578592260269e+01,-8.327305639729576728e-03,2.673678892878128863e+02,5.547898930321071287e-02,nan,4.220881506459923455e-05,6.185524068790731356e+00,1.000000000000000000e+00,1.000000000000000000e+00,-1.000000000000000000e+00,0.000000000000000000e+00
1.356000000000000000e+03,7.607286491748871526e+01,3.446910454338464547e+01,-8.481710922845935030e-03,2.723377470392292139e+02,1.918644137415159712e-02,nan,1.411486368127998168e-05,1.456974461881184624e+01,1.000000000000000000e+00,1.000000000000000000e+00,-1.000000000000000000e+00,0.000000000000000000e+00
1.360000000000000000e+03,6.256527327057342802e+01,2.900811322700433692e+01,-1.309586678152918973e-03,4.148789169621398543e+01,3.256849506308220343e-01,nan,9.814344393828840151e-06,1.456974461881184624e+01,1.000000000000000000e+00,1.000000000000000000e+00,-1.000000000000000000e+00,0.000000000000000000e+00
1.362000000000000000e+03,9.227236579047122689e+01,3.793442483604498250e+01,-1.491556819487130934e-03,4.734498219974707212e+01,2.634198791915479676e-01,nan,8.869046691285706105e-06,3.101919381491823202e+01,1.000000000000000000e+00,1.000000000000000000e+00,-1.000000000000000000e+00,0.000000000000000000e+00
1.363000000000000000e+03,5.676823833904597549e+00,1.873014630710514794e+01,-1.279602335028999678e-03,4.052278274988836415e+01,3.264559463967326991e-01,nan,9.592274408999013489e-06,5.780944804541008608e+01,1.000000000000000000e+00,1.000000000000000000e+00,-1.000000000000000000e+00,0.000000000000000000e+00
1.367000000000000000e+03,5.721470355934732765e+01,5.096024775753532055e+01,-7.792838625770243631e-03,2.501649479208362834e+02,1.289381669004252551e-02,nan,8.491057955502847839e-06,1.898994396174066424e+01,1.000000000000000000e+00,1.000000000000000000e+00,-1.000000000000000000e+00,0.000000000000000000e+00
1.369000000000000000e+03,4.825725077910544769e+01,7.136067235071942072e+00,-8.360422040317672110e-03,2.684338100700553582e+02,1.345387400396080846e-02,nan,9.072515751907910924e-06,2.933561423677767621e+01,1.000000000000000000e+00,1.000000000000000000e+00,-1.000000000000000000e+00,0.000000000000000000e+00
1.369000000000000000e+03,1.283816167908284456e+02,7.276359754775119981e+00,-1.197814290588031932e-02,3.848777407652759734e+02,7.590199521811058503e-03,nan,1.217144751812754352e-05,1.980158695242397116e+01,1.000000000000000000e+00,1.000000000000000000e+00,-1.000000000000000000e+00,0.000000000000000000e+00
1.370000000000000000e+03,1.333638245136415321e+02,2.644092215627933484e+01,-8.538393272001251408e-03,2.741621872826744379e+02,1.877373521164271697e-02,nan,1.409767711027764799e-05,1.980158695242397116e+01,1.000000000000000000e+00,1.000000000000000000e+00,-1.000000000000000000e+00,0.000000000000000000e+00
1.372000000000000000e+03,7.160399233549624398e+01,3.856805908133104310e+01,-1.203895392580270340e-03,3.808599608578628448e+01,2.835400815416387887e-01,nan,6.600821469307445250e-06,1.852749630823162974e+01,1.000000000000000000e+00,1.000000000000000000e+00,-1.000000000000000000e+00,0.000000000000000000e+00
1.374000000000000000e+03,2.023020316078658709e+01,3.175668082276946436e+01,-1.165786294037605064e-03,3.685937485256704349e+01,3.299520025323459116e-01,nan,7.698605250313590717e-06,1.356432459373254851e+01,1.000000000000000000e+00,1.000000000000000000e+00,-1.000000000000000000e+00,0.000000000000000000e+00
1.378000000000000000e+03,7.200414663688228245e+01,4.175535806486662693e+01,-6.816807120277348225e-03,2.187493276434850600e+02,2.072928914731697603e-02,nan,9.652564243495232759e-06,2.137763344087813877e+01,1.000000000000000000e+00,1.000000000000000000e+00,-1.000000000000000000e+00,0.000000000000000000e+00
1.378000000000000000e+03,2.443845351950908196e+01,4.465170042734741429e+01,-8.308448907457096841e-03,2.667609458260393467e+02,4.772440044017545180e-02,nan,2.856480221719138749e-05,7.892791289364966545e+00,1.000000000000000000e+00,1.000000000000000000e+00,-1.000000000000000000e+00,0.000000000000000000e+00
1.379000000000000000e+03,1.239965663457391685e+02,4.211431643613480702e+01,-8.856672150660644879e-03,2.844066602714999590e+02,1.101897239758620195e-02,nan,1.017231031062321076e-05,1.125937504243788290e+01,1.000000000000000000e+00,1.000000000000000000e+00,-1.000000000000000000e+00,0.000000000000000000e+00
1.381000000000000000e+03,1.678810519386582101e+01,4.659291778606921497e+01,-1.416044504751652264e-02,4.551197104417275341e+02,9.763627197563184978e-03,nan,2.193586220055730068e-05,7.892791289364966545e+00,1.000000000000000000e+00,1.000000000000000000e+00,-1.000000000000000000e+00,0.000000000000000000e+00
1.384000000000000000e+03,1.425884712092999109e+02,2.237477227636711063e+01,-8.609844481634399208e-03,2.764619942638628345e+02,1.394230078522384897e-02,nan,1.135399605047687777e-05,1.990889451221961792e+01,1.000000000000000000e+00,1.000000000000000000e+00,-1.000000000000000000e+00,0.000000000000000000e+00
1.384000000000000000e+03,1.130366988536975299e+02,3.953462054259192371e+01,-1.444061933950897911e-03,4.581625973461613910e+01,3.630029339467527594e-01,nan,1.481166931128853431e-05,1.125937504243788290e+01,1.000000000000000000e+00,1.000000000000000000e+00,-1.000000000000000000e+00,0.000000000000000000e+00
1.384000000000000000e+03,8.694057430956836185e+01,4.763955571403633371e+01,-8.548807507479687026e-03,2.744973912852381090e+02,1.505826850083336055e-02,nan,1.050646865987812841e-05,2.192445619342377938e+01,1.000000000000000000e+00,1.000000000000000000e+00,-1.000000000000000000e+00,0.000000000000000000e+00
1.385000000000000000e+03,1.281909769007899342e+02,3.612527184311417727e+01,-1.266273041614214513e-03,4.009375149615560474e+01,3.662444365289485582e-01,nan,1.100619115873635801e-05,1.553305513037333441e+01,1.000000000000000000e+00,1.000000000000000000e+00,-1.000000000000000000e+00,0.000000000000000000e+00
1.385000000000000000e+03,7.743677567329288536e+01,2.788203585808055607e+01,-1.367260040365330135e-03,4.334422977258403620e+01,3.211067946658913153e-01,nan,1.016767062895029541e-05,1.258327479022267958e+01,1.000000000000000000e+00,1.000000000000000000e+00,-1.000000000000000000e+00,0.000000000000000000e+00
1.390000000000000000e+03,7.370164287886153431e+01,1.586589723312216016e+01,-7.986284101249664646e-03,2.563913961121414786e+02,1.533364062875353095e-02,nan,1.006491993677172016e-05,1.258327479022267958e+01,1.000000000000000000e+00,1.000000000000000000e+00,-1.000000000000000000e+00,0.000000000000000000e+00
1.391000000000000000e+03,7.192349479258008671e+01,3.161312891985555140e+01,-8.548403479087035226e-03,2.744843867843655403e+02,1.410098828655770298e-02,nan,1.112725558774813010e-05,1.584730628253289453e+01,1.000000000000000000e+00,1.000000000000000000e+00,-1.000000000000000000e+00,0.000000000000000000e+00
1.391000000000000000e+03,4.421780556119485794e+01,4.521075756692739844e+01,-8.443783173229040331e-03,2.711169629013882059e+02,1.458462887482137038e-02,nan,1.029511303387514943e-05,2.536101045653253294e+01,1.000000000000000000e+00,1.000000000000000000e+00,-1.000000000000000000e+00,0.000000000000000000e+00
1.391000000000000000e+03,5.061435153197308523e+00,3.053820021170319166e+01,-7.841676827714874620e-03,2.517369078408660243e+02,1.537928221201756429e-02,nan,8.993462427828918858e-06,1.605342076755491121e+01,1.000000000000000000e+00,1.000000000000000000e+00,-1.000000000000000000e+00,0.000000000000000000e+00
1.392000000000000000e+03,1.214402423561404305e+02,3.012359915895301654e+01,-2.432993953184168362e-02,7.824462110046774797e+02,2.392416548613995886e-03,nan,2.031314868900623022e-05,6.171607202696041128e+00,1.000000000000000000e+00,1.000000000000000000e+00,-1.000000000000000000e+00,0.000000000000000000e+00
1.393000000000000000e+03,2.060499717867564939e+01,3.455192639821255085e+01,-7.655134636479578314e-03,2.457326563258561407e+02,1.818215038931869643e-02,nan,1.044068657638959307e-05,1.605342076755491121e+01,1.000000000000000000e+00,1.000000000000000000e+00,-1.000000000000000000e+00,0.000000000000000000e+00
1.394000000000000000e+03,5.369465215800243385e+01,1.541905235359064719e+01,-8.493158148938327601e-03,2.727062000103922514e+02,1.313410866093933649e-02,nan,9.345690342806734567e-06,8.758124866226133065e+00,1.000000000000000000e+00,1.000000000000000000e+00,-1.000000000000000000e+00,0.000000000000000000e+00
1.396000000000000000e+03,2.753987963936599215e+01,1.082818141195179784e+01,-6.576898143943685389e-03,2.110273542653610832e+02,2.840286066880348681e-02,nan,1.275671156463772539e-05,2.471656672996317994e+01,1.000000000000000000e+00,1.000000000000000000e+00,-1.000000000000000000e+00,0.000000000000000000e+00
1.397000000000000000e+03,1.162689433019544367e+02,3.349204116625323024e+01,-8.885766228792373739e-03,2.853431141725903899e+02,1.073438909557133947e-02,nan,9.081008572758049734e-06,6.171607202696041128e+00,1.000000000000000000e+00,1.000000000000000000e+00,-1.000000000000000000e+00,0.000000000000000000e+00
1.400000000000000000e+03,6.794543987643824323e+01,3.525428124710915512e+01,-1.370599676006173471e-03,4.345172294730943463e+01,3.351637720469194948e-01,nan,1.111973423120279896e-05,1.630860176318939025e+01,1.000000000000000000e+00,1.000000000000000000e+00,-1.000000000000000000e+00,0.000000000000000000e+00
1.401000000000000000e+03,1.219149385142276003e+02,1.893357784868589277e+01,-8.000136142747126325e-03,2.568372531088688788e+02,1.889939393562278802e-02,nan,1.368877945888821309e-05,1.561493247202706591e+01,1.000000000000000000e+00,1.000000000000000000e+00,-1.000000000000000000e+00,0.000000000000000000e+00
1.402000000000000000e+03,4.653567185830276998e+01,6.267361770407826604e+00,-6.920465785723531153e-03,2.220857991137064289e+02,3.894307583647949045e-02,nan,1.829937088281022737e-05,1.370011424162839653e+01,1.000000000000000000e+00,1.000000000000000000e+00,-1.000000000000000000e+00,0.000000000000000000e+00
1.403000000000000000e+03,3.476961505202566372e+01,1.328541260131019186e+01,-8.383797674447121540e-03,2.691862038620797080e+02,1.897946547242557180e-02,nan,1.401454861969783117e-05,1.370011424162839653e+01,1.000000000000000000e+00,1.000000000000000000e+00,-1.000000000000000000e+00,0.000000000000000000e+00
1.403000000000000000e+03,5.165543604300948033e+01,5.191394687446109657e+01,-8.324085014489002177e-03,2.672642267123282522e+02,1.422607060566549730e-02,nan,9.508755730229129661e-06,1.342891522259786719e+01,1.000000000000000000e+00,1.000000000000000000e+00,-1.000000000000000000e+00,0.000000000000000000e+00
1.404000000000000000e+03,8.652890462469741806e+01,4.478035615973221439e+01,-7.916101471860555877e-03,2.541324210457158870e+02,2.636488941141212905e-02,nan,1.605539125820239587e-05,2.079839280112762978e+01,1.000000000000000000e+00,1.000000000000000000e+00,-1.000000000000000000e+00,0.000000000000000000e+00
1.405000000000000000e+03,5.527798259741939546e+01,2.498266902922746269e+01,-6.847628214026856702e-03,2.197413691629626840e+02,5.264759424183329539e-02,nan,2.479228160998918232e-05,1.306236951201671559e+01,1.000000000000000000e+00,1.000000000000000000e+00,-1.000000000000000000e+00,0.000000000000000000e+00
1.406000000000000000e+03,6.635160406225068641e+01,3.191090148217615763e+01,-8.491184082830421920e-03,2.726426605540331707e+02,2.084755032413543319e-02,nan,1.471686972509428053e-05,1.266850154633625181e+01,1.000000000000000000e+00,1.000000000000000000e+00,-1.000000000000000000e+00,0.000000000000000000e+00
1.407000000000000000e+03,9.343650984442999174e+01,2.516255472230501056e+01,-7.307309652405545933e-03,2.345371799901539021e+02,2.238683902913729540e-02,nan,1.158805036152188653e-05,9.661606416440891465e+00,1.000000000000000000e+00,1.000000000000000000e+00,-1.000000000000000000e+00,0.000000000000000000e+00
1.407000000000000000e+03,5.599372059180561223e+01,3.920508967841874437e+01,-1.158567439148504340e-03,3.662702087346186630e+01,3.711683696535109656e-01,nan,9.431732503987347031e-06,1.266850154633625181e+01,1.000000000000000000e+00,1.000000000000000000e+00,-1.000000000000000000e+00,0.000000000000000000e+00
1.411000000000000000e+03,8.990657703234980147e+01,3.455255095047404978e+01,-1.387722403128865446e-03,4.400285381795438155e+01,3.371578444938714281e-01,nan,1.138881368408617565e-05,1.003157289874470059e+01,1.000000000000000000e+00,1.000000000000000000e+00,-1.000000000000000000e+00,0.000000000000000000e+00
1.412000000000000000e+03,1.159994921335487561e+02,2.705227066138475678e+01,-6.520610540966280920e-03,2.092156197552466210e+02,3.661355952599232300e-02,nan,1.659394995105050867e-05,2.264197862620444823e+01,1.000000000000000000e+00,1.000000000000000000e+00,-1.000000000000000000e+00,0.000000000000000000e+00
1.412000000000000000e+03,4.371217616355815494e+01,1.479429149096008977e+01,-7.930170076091456327e-03,2.545852485680478594e+02,1.661250612031572871e-02,nan,1.025506454753622322e-05,1.293930566990898789e+01,1.000000000000000000e+00,1.000000000000000000e+00,-1.000000000000000000e+00,0.000000000000000000e+00
1.413000000000000000e+03,2.871859649893835353e+01,3.404650802935755394e+01,-8.596497072484903315e-03,2.760323799172283543e+02,1.706898585265537172e-02,nan,1.304810307032280084e-05,2.440195223338995945e+01,1.000000000000000000e+00,1.000000000000000000e+00,-1.000000000000000000e+00,0.000000000000000000e+00
1.416000000000000000e+03,5.978103509033500984e+01,5.245006385060003140e+01,-8.394566941229357482e-03,2.695328352914876859e+02,1.667653412328429230e-02,nan,1.150429789795942195e-05,3.504096524512799959e+01,1.000000000000000000e+00,1.000000000000000000e+00,-1.000000000000000000e+00,0.000000000000000000e+00
1.416000000000000000e+03,1.273178748482071114e+02,6.567659674759899424e+00,-1.335421133267751265e-03,4.231942779662909260e+01,3.458113241243665481e-01,nan,1.161017092421846781e-05,2.340352696814796118e+01,1.000000000000000000e+00,1.000000000000000000e+00,-1.000000000000000000e+00,0.000000000000000000e+00
1.417000000000000000e+03,5.419095270480153204e+01,7.203450073961157329e+00,-3.160582377740452954e-03,1.010660689435624278e+02,1.048270855927554424e-01,nan,1.146371006248439644e-05,1.293930566990898789e+01,1.000000000000000000e+00,1.000000000000000000e+00,-1.000000000000000000e+00,0.000000000000000000e+00
1.420000000000000000e+03,9.386274347589660749e+01,2.183127324144467352e+01,-8.384129940304709677e-03,2.691968985353094013e+02,1.906666630103848181e-02,nan,1.411462833475608449e-05,1.133951117200757963e+01,1.000000000000000000e+00,1.000000000000000000e+00,-1.000000000000000000e+00,0.000000000000000000e+00
1.422000000000000000e+03,2.135460672052446895e+01,1.290697334079779424e+01,-8.423992452347201301e-03,2.704799570580933050e+02,1.419591432247668816e-02,nan,9.545358484576236386e-06,1.819615613274936550e+01,1.000000000000000000e+00,1.000000000000000000e+00,-1.000000000000000000e+00,0.000000000000000000e+00
1.423000000000000000e+03,2.773854737375317825e+01,4.688038136933739253e+01,-8.922750690377793253e-03,2.865335366075127581e+02,1.342334917575882525e-02,nan,1.071991260016858457e-05,1.664130523895510549e+01,1.000000000000000000e+00,1.000000000000000000e+00,-1.000000000000000000e+00,0.000000000000000000e+00
1.425000000000000000e+03,9.173736688599798583e+01,3.296982287643735532e+01,-1.702678382045181085e-02,5.473788331954646083e+02,4.508311134108544671e-03,nan,1.471006826717352504e-05,1.133951117200757963e+01,1.000000000000000000e+00,1.000000000000000000e+00,-1.000000000000000000e+00,0.000000000000000000e+00
1.425000000000000000e+03,5.952648338032951614e+01,4.571603352109306684e+01,-1.133629750677440061e-03,3.582434908756884795e+01,3.035452270903555849e-01,nan,6.329984257598534151e-06,2.517938861025692532e+01,1.000000000000000000e+00,1.000000000000000000e+00,-1.000000000000000000e+00,0.000000000000000000e+00
1.428000000000000000e+03,6.378918281495646170e+01,2.090009097771246616e+01,-7.814866397362873682e-03,2.508739579312875492e+02,6.869958484682225919e-02,nan,4.344357885431917725e-05,6.181731025029609583e+00,1.000000000000000000e+00,1.000000000000000000e+00,-1.000000000000000000e+00,0.000000000000000000e+00
1.431000000000000000e+03,6.903316572942681262e+01,1.762679880337839577e+01,-8.543542928810607742e-03,2.743279397834604652e+02,6.550938675679607304e-02,nan,4.937599660216446219e-05,6.181731025029609583e+00,1.000000000000000000e+00,1.000000000000000000e+00,-1.000000000000000000e+00,0.000000000000000000e+00
1.432000000000000000e+03,5.418048172644146376e+01,2.424017750876103250e+01,-8.535924452360926784e-03,2.740827231466120111e+02,1.181183323886403347e-02,nan,8.779327462172919068e-06,1.017267490109269801e+01,1.000000000000000000e+00,1.000000000000000000e+00,-1.000000000000000000e+00,0.000000000000000000e+00
1.435000000000000000e+03,7.123670704400194609e+01,2.771160775062616466e+01,-6.623090887799423267e-03,2.125141645705345468e+02,2.831550699874152421e-02,nan,1.263365289717165247e-05,1.032274022861798812e+01,1.000000000000000000e+00,1.000000000000000000e+00,-1.000000000000000000e+00,0.000000000000000000e+00
1.437000000000000000e+03,1.276612600250259248e+02,1.800089574118495150e+01,-7.624458281572705012e-03,2.447452735294771173e+02,1.862836729512062917e-02,nan,1.191058416287281312e-05,6.054654831214110189e+00,1.000000000000000000e+00,1.000000000000000000e+00,-1.000000000000000000e+00,0.000000000000000000e+00
1.440000000000000000e+03,1.166386555066353310e+02,4.238921841829733950e+01,-8.374988077408922899e-03,2.689026485118774303e+02,1.768808651425002321e-02,nan,1.285792421615001793e-05,2.676355905651935174e+01,1.000000000000000000e+00,1.000000000000000000e+00,-1.000000000000000000e+00,0.000000000000000000e+00
1.440000000000000000e+03,4.501451547449403989e+01,5.169430998568553548e+01,-8.204393604482442329e-03,2.634117077454041578e+02,1.820078304737282604e-02,nan,1.183869234400214216e-05,3.553552218841722521e+01,1.000000000000000000e+00,1.000000000000000000e+00,-1.000000000000000000e+00,0.000000000000000000e+00
1.441000000000000000e+03,5.663535387339489802e+01,1.617246329410074424e+01,-1.391409396436212118e-03,4.412152742741972844e+01,2.906262320875716565e-01,nan,9.105499755874189207e-06,3.714790787586248655e+01,1.000000000000000000e+00,1.000000000000000000e+00,-1.000000000000000000e+00,0.000000000000000000e+00
1.444000000000000000e+03,1.440974868279791679e+02,2.803985593119957898e+01,-7.683597804540661866e-03,2.466488030636050155e+02,1.966789962177839524e-02,nan,1.194819318538993115e-05,1.388975826228413624e+01,1.000000000000000000e+00,1.000000000000000000e+00,-1.000000000000000000e+00,0.000000000000000000e+00
1.446000000000000000e+03,4.621607949880749544e+01,5.182924078535242529e+01,-8.918673526884256936e-03,2.864023045526039368e+02,2.290513748678812966e-02,nan,1.890022314481926128e-05,2.260006590192829279e+01,1.000000000000000000e+00,1.000000000000000000e+00,-1.000000000000000000e+00,0.000000000000000000e+00
1.448000000000000000e+03,7.898931400098435063e+01,2.067190143910699618e+01,-1.030348665800456375e-03,3.250003083957370364e+01,3.461269344274510162e-01,nan,6.849069624317069126e-06,1.557285715952407656e+01,1.000000000000000000e+00,1.000000000000000000e+00,-1.000000000000000000e+00,0.000000000000000000e+00
1.449000000000000000e+03,1.283712851214973796e+02,1.758546867904954070e+01,-7.564664248325032869e-03,2.428206772098003796e+02,2.001403347136998523e-02,nan,1.180158658267883893e-05,1.888405763947113059e+01,1.000000000000000000e+00,1.000000000000000000e+00,-1.000000000000000000e+00,0.000000000000000000e+00
1.449000000000000000e+03,9.176577111070245962e+01,1.167298098960461772e+01,-1.215060000537561977e-03,3.844535239975552088e+01,3.360597418282289528e-01,nan,8.974134072357759729e-06,1.562748941874345121e+01,1.000000000000000000e+00,1.000000000000000000e+00,-1.000000000000000000e+00,0.000000000000000000e+00
1.450000000000000000e+03,6.215575633718322024e+01,3.157862643550959802e+01,-6.452468703710238784e-03,2.070223318621925728e+02,2.961264615447567472e-02,nan,1.206545810720605655e-05,1.594208640159736312e+01,1.000000000000000000e+00,1.000000000000000000e+00,-1.000000000000000000e+00,0.000000000000000000e+00
1.451000000000000000e+03,4.326163205771646147e+01,2.942312065960703649e+01,-7.932381381874921075e-03,2.546564240807433919e+02,1.502742645485011241e-02,nan,9.086374778653392463e-06,9.133527354369665119e+00,1.000000000000000000e+00,1.000000000000000000e+00,-1.000000000000000000e+00,0.000000000000000000e+00
1.452000000000000000e+03,4.598774679647268471e+01,4.634966392956460624e+01,-8.320437521897929359e-03,2.671468245162303674e+02,1.539276681934886870e-02,nan,1.016249812376713886e-05,1.714466589463351909e+01,1.000000000000000000e+00,1.000000000000000000e+00,-1.000000000000000000e+00,0.000000000000000000e+00
1.457000000000000000e+03,5.240237643287368741e+01,9.522556355553316365e+00,-1.815349744868599048e-03,5.776693634265149768e+01,2.475552517751168358e-01,nan,1.164999914020077741e-05,5.982333257860108944e+00,1.000000000000000000e+00,1.000000000000000000e+00,-1.000000000000000000e+00,0.000000000000000000e+00
1.460000000000000000e+03,4.233792939321040905e+01,1.037276429571016401e+01,-7.391797325126680217e-03,2.372565928670813662e+02,1.630529723592422098e-02,nan,8.810173086432143439e-06,1.010029443905932212e+01,1.000000000000000000e+00,1.000000000000000000e+00,-1.000000000000000000e+00,0.000000000000000000e+00
1.462000000000000000e+03,5.568181194698799175e+01,4.519196093003257531e+00,-8.087940081713531834e-03,2.596634069675307614e+02,1.177269205733766366e-02,nan,7.246967344365111377e-06,5.982333257860108944e+00,1.000000000000000000e+00,1.000000000000000000e+00,-1.000000000000000000e+00,0.000000000000000000e+00
1.464000000000000000e+03,7.678413989768020542e+01,1.699199716705533092e+01,-7.648176866625782874e-03,2.455087059159831995e+02,2.037271628857095784e-02,nan,1.248516407212516397e-05,2.451283360958990443e+01,1.000000000000000000e+00,1.000000000000000000e+00,-1.000000000000000000e+00,0.000000000000000000e+00
1.465000000000000000e+03,1.609459210820645580e+01,3.696690872934038907e+01,-7.230132568152299738e-03,2.320530737298864778e+02,2.183255923866134207e-02,nan,1.179544219349439431e-05,3.428371265538964252e+01,1.000000000000000000e+00,1.000000000000000000e+00,-1.000000000000000000e+00,0.000000000000000000e+00
1.467000000000000000e+03,4.837822307938134259e+01,4.850554490327019863e+01,-7.786720361463054380e-03,2.499680187570240264e+02,2.479098006084001771e-02,nan,1.457393457716794788e-05,3.428371265538964252e+01,1.000000000000000000e+00,1.000000000000000000e+00,-1.000000000000000000e+00,0.000000000000000000e+00
1.467000000000000000e+03,1.369968676315720870e+02,3.423580284770617510e+01,1.368572193095181962e-03,-4.338646415915345500e+01,3.500468270919993019e-01,nan,1.238306393740147161e-05,2.312605593259770842e+01,1.000000000000000000e+00,1.000000000000000000e+00,-1.000000000000000000e+00,0.000000000000000000e+00
1.469000000000000000e+03,1.235792500477704436e+02,1.540014513759436099e+01,-1.440530259886104369e-03,4.570258540060281405e+01,3.384052516998043991e-01,nan,1.166556053120382221e-05,2.312605593259770842e+01,1.000000000000000000e+00,1.000000000000000000e+00,-1.000000000000000000e+00,0.000000000000000000e+00
1.471000000000000000e+03,8.620666806601998644e+01,2.610053038862607266e+01,-1.141033862291726151e-03,3.606266594276920756e+01,3.653912103604629591e-01,nan,9.029339832467133336e-06,9.235461192403713326e+00,1.000000000000000000e+00,1.000000000000000000e+00,-1.000000000000000000e+00,0.000000000000000000e+00
1.472000000000000000e+03,1.149515181005873288e+01,3.514447950317963176e+01,-1.521785787222774619e-02,4.891547590959750096e+02,5.760252428091194865e-03,nan,1.261409725209030202e-05,1.484122801610935127e+01,1.000000000000000000e+00,1.000000000000000000e+00,-1.000000000000000000e+00,0.000000000000000000e+00
1.474000000000000000e+03,1.070313413036353154e+02,4.329432182308364219e+01,-8.853326544467040801e-03,2.842989749220165550e+02,1.821413755311640514e-02,nan,1.624876919167163775e-05,2.700543425581374635e+01,1.000000000000000000e+00,1.000000000000000000e+00,-1.000000000000000000e+00,0.000000000000000000e+00
1.474000000000000000e+03,6.724244510745822190e+00,2.109099265586974781e+01,-7.524250021654033289e-03,2.415198605950152171e+02,1.835543460204935862e-02,nan,9.894823025886821148e-06,1.484122801610935127e+01,1.000000000000000000e+00,1.000000000000000000e+00,-1.000000000000000000e+00,0.000000000000000000e+00
1.475000000000000000e+03,8.395823437201183026e+01,1.714294760307260290e+01,-1.329181814404545997e-03,4.211860223813773274e+01,2.796015561476248301e-01,nan,7.471723815016213548e-06,9.235461192403713326e+00,1.000000000000000000e+00,1.000000000000000000e+00,-1.000000000000000000e+00,0.000000000000000000e+00
1.477000000000000000e+03,7.670076397385493294e+01,4.145301928179640782e+01,-1.163686347310607071e-03,3.679178366457078653e+01,3.716915668975766529e-01,nan,9.700560790111474821e-06,5.274742601439544210e+00,1.000000000000000000e+00,1.000000000000000000e+00,-1.000000000000000000e+00,0.000000000000000000e+00
1.481000000000000000e+03,7.287444983036718327e+01,3.782228525314781820e+01,-1.329847391979515573e-03,4.214002524778720726e+01,3.236364426431034280e-01,nan,9.781748512517074321e-06,5.274742601439544210e+00,1.000000000000000000e+00,1.000000000000000000e+00,-1.000000000000000000e+00,0.000000000000000000e+00
1.482000000000000000e+03,4.349541545612348870e+01,3.407282569086000024e+01,-1.143824981223245767e-03,3.615250395722680565e+01,3.164075866502134016e-01,nan,6.918993643222032825e-06,2.076872396733475767e+01,1.000000000000000000e+00,1.000000000000000000e+00,-1.000000000000000000e+00,0.000000000000000000e+00
1.486000000000000000e+03,6.788032343816594505e+01,9.295969168229905932e+00,-8.013434395364395571e-03,2.572652852494558147e+02,1.772610406783847736e-02,nan,1.282025635373252029e-05,1.045599989934471452e+01,1.000000000000000000e+00,1.000000000000000000e+00,-1.000000000000000000e+00,0.000000000000000000e+00
1.486000000000000000e+03,1.116467659146178093e+01,2.660205696962075095e+01,-8.007757331142029492e-03,2.570825570353599687e+02,2.172242837367133195e-02,nan,1.354765538065532000e-05,1.989556276815959635e+01,1.000000000000000000e+00,1.000000000000000000e+00,-1.000000000000000000e+00,0.000000000000000000e+00
1.488000000000000000e+03,4.109356679260246636e+01,2.711366616035768118e+01,-8.443363377524708280e-03,2.711034508965327063e+02,1.723501723690723519e-02,nan,1.338879338084042837e-05,2.740866642598719949e+01,1.000000000000000000e+00,1.000000000000000000e+00,-1.000000000000000000e+00,0.000000000000000000e+00
1.488000000000000000e+03,7.186160163653981670e+01,2.217446890922663982e+01,-1.364351745588339958e-03,4.325062020787804329e+01,2.579991052937192775e-01,nan,7.047708165655029382e-06,1.347984909677033549e+01,1.000000000000000000e+00,1.000000000000000000e+00,-1.000000000000000000e+00,0.000000000000000000e+00
1.489000000000000000e+03,5.809393919476064383e+01,5.614309578381175392e+00,-6.677722835010307945e-03,2.142726083286822245e+02,2.451141292055214471e-02,nan,1.066584164275238261e-05,1.045599989934471452e+01,1.000000000000000000e+00,1.000000000000000000e+00,-1.000000000000000000e+00,0.000000000000000000e+00
1.489000000000000000e+03,1.273340733377713008e+02,4.976408501845108745e+00,-1.250871683980369492e-03,3.959802651140092422e+01,3.650964968108673103e-01,nan,1.055252368516597994e-05,1.866974223336851679e+01,1.000000000000000000e+00,1.000000000000000000e+00,-1.000000000000000000e+00,0.000000000000000000e+00
1.491000000000000000e+03,1.125461118918965866e+02,1.637270050125206922e+01,-1.032474830627221106e-03,3.256846591207781216e+01,3.717226382307599053e-01,nan,7.748900352869248130e-06,1.153961178563957901e+01,1.000000000000000000e+00,1.000000000000000000e+00,-1.000000000000000000e+00,0.000000000000000000e+00
1.493000000000000000e+03,1.393855638135673587e+02,3.799708365452318759e+01,-6.255638856538147698e-03,2.006869505725437364e+02,2.591496390972514163e-02,nan,1.081636056042381418e-05,2.565639055634985866e+01,1.000000000000000000e+00,1.000000000000000000e+00,-1.000000000000000000e+00,0.000000000000000000e+00
1.494000000000000000e+03,7.398662676010073369e+01,4.767880394350148521e+01,-1.557207301274498960e-02,5.005559160139156347e+02,4.503074543115270778e-03,nan,1.288583231772049529e-05,3.779702089382168850e+01,1.000000000000000000e+00,1.000000000000000000e+00,-1.000000000000000000e+00,0.000000000000000000e+00
1.495000000000000000e+03,2.191846510414653793e+01,3.736145987263539325e+01,-1.226802266960624107e-03,3.882330186252016802e+01,3.142560329407825259e-01,nan,8.012437862749712309e-06,1.856310367665398431e+01,1.000000000000000000e+00,1.000000000000000000e+00,-1.000000000000000000e+00,0.000000000000000000e+00
1.496000000000000000e+03,2.814012687605592689e+01,9.750126624941032105e+00,-8.835117010828683407e-03,2.837128629051494499e+02,1.204787970140486220e-02,nan,9.542544348785490126e-06,8.287168615380595682e+00,1.000000000000000000e+00,1.000000000000000000e+00,-1.000000000000000000e+00,0.000000000000000000e+00
1.496000000000000000e+03,3.622006325671211613e+01,4.919586346524357623e+01,-1.118534859945869526e-03,3.533848838257895153e+01,3.301589415492411916e-01,nan,8.164463940525367512e-06,1.856310367665398431e+01,1.000000000000000000e+00,1.000000000000000000e+00,-1.000000000000000000e+00,0.000000000000000000e+00
1.500000000000000000e+03,5.333387219961130299e+00,1.721458308313924235e+01,-1.182219203671612973e-03,3.738830250112005871e+01,3.449336382576702054e-01,nan,8.832135305512738011e-06,6.390101140456195594e+00,1.000000000000000000e+00,1.000000000000000000e+00,-1.000000000000000000e+00,0.000000000000000000e+00
1.505000000000000000e+03,4.838011401442424919e+00,2.358545393284938996e+01,-7.919722677142630729e-03,2.542489771296617107e+02,1.685577297297558008e-02,nan,1.071329383146832595e-05,6.390101140456195594e+00,1.000000000000000000e+00,1.000000000000000000e+00,-1.000000000000000000e+00,0.000000000000000000e+00
1.505000000000000000e+03,1.318844110035454094e+02,3.498040210392520777e+01,-8.032008426372029899e-03,2.578631293783304841e+02,1.906057553892004375e-02,nan,1.241401681260747388e-05,8.274647161649481220e+00,1.000000000000000000e+00,1.000000000000000000e+00,-1.000000000000000000e+00,0.000000000000000000e+00
1.506000000000000000e+03,7.091724933194321956e+00,4.899087629686429324e+01,-1.453178190495129718e-03,4.610968556393900997e+01,3.102051637586905608e-01,nan,1.071789464636085697e-05,2.550518986749932537e+01,1.000000000000000000e+00,1.000000000000000000e+00,-1.000000000000000000e+00,0.000000000000000000e+00
1.507000000000000000e+03,9.748883702211954017e+01,1.423591817011675253e+01,-8.485772125480352604e-03,2.724684653604250570e+02,1.405196937026287340e-02,nan,1.202489222556520297e-05,3.753903069035792583e+01,1.000000000000000000e+00,1.000000000000000000e+00,-1.000000000000000000e+00,0.000000000000000000e+00
1.510000000000000000e+03,1.370316153181993002e+02,4.145929656154698506e+01,-8.845642563370993000e-03,2.840516498807926951e+02,2.188241752659381145e-02,nan,1.698971863396307676e-05,6.603168102116645954e+00,1.000000000000000000e+00,1.000000000000000000e+00,-1.000000000000000000e+00,0.000000000000000000e+00
1.510000000000000000e+03,1.078896739696267275e+02,5.030531539218027604e+01,-7.732992539312992866e-03,2.482386761594784730e+02,2.500968603601361195e-02,nan,1.598849376851880911e-05,2.661264855271069507e+01,1.000000000000000000e+00,1.000000000000000000e+00,-1.000000000000000000e+00,0.000000000000000000e+00
1.511000000000000000e+03,3.692661679046832290e+01,4.779091014764787104e+01,-1.274157875673735067e-03,4.034754141110177983e+01,3.256199029772627318e-01,nan,8.889131254735496734e-06,2.985901356197990353e+01,1.000000000000000000e+00,1.000000000000000000e+00,-1.000000000000000000e+00,0.000000000000000000e+00
1.512000000000000000e+03,1.297437760283137287e+01,2.056866212287475904e+01,-1.283274725656823089e-03,4.064098634149839739e+01,3.218174396286730410e-01,nan,9.012146580060817453e-06,3.625962699234555942e+01,1.000000000000000000e+00,1.000000000000000000e+00,-1.000000000000000000e+00,0.000000000000000000e+00
1.514000000000000000e+03,1.343535201129872405e+02,4.749499329486874188e+01,-6.571204764383770450e-03,2.108441009079207618e+02,4.867227021186071312e-02,nan,1.418220604691102506e-05,6.603168102116645954e+00,1.000000000000000000e+00,1.000000000000000000e+00,-1.000000000000000000e+00,0.000000000000000000e+00
1.514000000000000000e+03,1.242977534639094443e+02,2.039786214093901862e+01,-3.030666178937356254e-03,9.688444371271103250e+01,9.359770139385226173e-02,nan,9.391181975334371676e-06,1.479224956429525406e+01,1.000000000000000000e+00,1.000000000000000000e+00,-1.000000000000000000e+00,0.000000000000000000e+00
1.515000000000000000e+03,7.760594404831603299e+01,5.332640035392889644e+01,-1.855969486530550504e-03,5.907436788828745478e+01,2.373217112615516600e-01,nan,1.165028195374621077e-05,3.043404758314267156e+01,1.000000000000000000e+00,1.000000000000000000e+00,-1.000000000000000000e+00,0.000000000000000000e+00
1.516000000000000000e+03,6.258859883541239100e+01,1.658512603852112832e+01,-1.186329357438192615e-03,3.752059641713169924e+01,3.406638882970756121e-01,nan,8.036558917672474917e-06,1.498088804915058425e+01,1.000000000000000000e+00,1.000000000000000000e+00,-1.000000000000000000e+00,0.000000000000000000e+00
1.518000000000000000e+03,2.076827550740487283e+01,4.169152589172679058e+01,-7.807656658986347753e-03,2.506418973862525945e+02,1.431245686717275145e-02,nan,9.249753228323423539e-06,1.496451090871524414e+01,1.000000000000000000e+00,1.000000000000000000e+00,-1.000000000000000000e+00,0.000000000000000000e+00
1.519000000000000000e+03,5.255680152114133108e+01,2.771122370960809178e+01,-1.773652757870460960e-03,5.642483139740012632e+01,2.340703609489277470e-01,nan,1.030587751958253861e-05,1.472650105647723073e+01,1.000000000000000000e+00,1.000000000000000000e+00,-1.000000000000000000e+00,0.000000000000000000e+00
1.519000000000000000e+03,4.171470778322198925e+01,1.774534006867613556e+01,-1.272158533020919732e-03,4.028318837615190517e+01,3.699579419190016649e-01,nan,1.175210402330382604e-05,1.472650105647723073e+01,1.000000000000000000e+00,1.000000000000000000e+00,-1.000000000000000000e+00,0.000000000000000000e+00
1.520000000000000000e+03,2.306798110948389180e+01,1.089356859617025819e+01,-1.200253381037931326e-03,3.796877030873304193e+01,3.014001312535210531e-01,nan,6.970039434199143244e-06,1.986572898125163533e+01,1.000000000000000000e+00,1.000000000000000000e+00,-1.000000000000000000e+00,0.000000000000000000e+00
1.522000000000000000e+03,1.021576867545007730e+02,3.683195502842492175e+01,-1.435196609381216189e-03,4.553091067697895511e+01,2.876120586275008328e-01,nan,9.418957452382168745e-06,1.784400730384521694e+01,1.000000000000000000e+00,1.000000000000000000e+00,-1.000000000000000000e+00,0.000000000000000000e+00
1.522000000000000000e+03,1.190444922246063157e+02,4.317785704854926365e+01,-1.161306694659323740e-03,3.671518955499134762e+01,3.458978341708605075e-01,nan,8.391411137266477293e-06,1.803980796555785560e+01,1.000000000000000000e+00,1.000000000000000000e+00,-1.000000000000000000e+00,0.000000000000000000e+00
1.522000000000000000e+03,1.389766275790570660e+02,1.561206972534966120e+01,-1.314763689941927200e-03,4.165452467437048512e+01,3.355519496045135108e-01,nan,1.059374243935850352e-05,8.449043376344191003e+00,1.000000000000000000e+00,1.000000000000000000e+00,-1.000000000000000000e+00,0.000000000000000000e+00
1.523000000000000000e+03,3.469019091625688134e+01,4.717940873357268572e+01,-8.469520403257097332e-03,2.719453696085507772e+02,1.392970356210687655e-02,nan,9.942793438175081744e-06,1.496451090871524414e+01,1.000000000000000000e+00,1.000000000000000000e+00,-1.000000000000000000e+00,0.000000000000000000e+00
1.528000000000000000e+03,7.124868923278411614e+01,5.130192667706279508e+01,-1.182971230815517416e-03,3.741250807138926149e+01,3.644023097609302431e-01,nan,9.832194179994906925e-06,1.736489218160384596e+01,1.000000000000000000e+00,1.000000000000000000e+00,-1.000000000000000000e+00,0.000000000000000000e+00
1.529000000000000000e+03,1.046070256897386912e+02,2.529060295846093354e+01,-6.893242522886804981e-03,2.212095613250940573e+02,2.056866847395977249e-02,nan,9.341154680989861714e-06,2.989975003749022875e+01,1.000000000000000000e+00,1.000000000000000000e+00,-1.000000000000000000e+00,0.000000000000000000e+00
1.529000000000000000e+03,7.116714616971528073e+01,3.393722595382567420e+01,-8.098066621656678510e-03,2.599893508861306941e+02,1.318445194064910009e-02,nan,1.018418604493957175e-05,1.736489218160384596e+01,1.000000000000000000e+00,1.000000000000000000e+00,-1.000000000000000000e+00,0.000000000000000000e+00
1.531000000000000000e+03,2.897737936260781311e+01,1.173387626298935160e+01,-1.522733790481341698e-03,4.834847837445047247e+01,2.311453172188941974e-01,nan,7.374582753802692564e-06,1.261448332091356583e+01,1.000000000000000000e+00,1.000000000000000000e+00,-1.000000000000000000e+00,0.000000000000000000e+00
1.532000000000000000e+03,4.120890635110914957e+01,1.481850541139114696e+01,-7.122620934947716115e-03,2.285925864145232254e+02,2.103586629868914315e-02,nan,1.121980948498307302e-05,1.261448332091356583e+01,1.000000000000000000e+00,1.000000000000000000e+00,-1.000000000000000000e+00,0.000000000000000000e+00
1.534000000000000000e+03,6.354362920926463687e+01,6.232760514251848960e+00,-8.367222561001457642e-03,2.686526990857149144e+02,1.789623731493772407e-02,nan,1.448778158798817471e-05,1.918087889896249010e+01,1.000000000000000000e+00,1.000000000000000000e+00,-1.000000000000000000e+00,0.000000000000000000e+00
1.534000000000000000e+03,2.368545789753537534e+01,4.400328875408420970e+01,1.568953052329248674e-03,-4.983614221679749789e+01,2.705137219450438613e-01,nan,1.005021575209210753e-05,1.170507598399087357e+01,1.000000000000000000e+00,1.000000000000000000e+00,-1.000000000000000000e+00,0.000000000000000000e+00
1.537000000000000000e+03,1.334037501632095370e+02,3.479438350738785601e+01,-7.852423517419514221e-03,2.520828125796981851e+02,1.537645257629205453e-02,nan,1.001464709206656149e-05,9.159830139010397332e+00,1.000000000000000000e+00,1.000000000000000000e+00,-1.000000000000000000e+00,0.000000000000000000e+00
1.538000000000000000e+03,1.210372000732650655e+01,4.230854652191433729e+01,-6.577147927710846713e-03,2.110353940795847336e+02,2.477863986030692800e-02,nan,1.056448160741752299e-05,1.034750829229293423e+01,1.000000000000000000e+00,1.000000000000000000e+00,-1.000000000000000000e+00,0.000000000000000000e+00
1.540000000000000000e+03,1.118869080629112744e+02,4.710956482109276777e+01,-8.551439897948692054e-03,2.745821202913517141e+02,1.288953942529158514e-02,nan,9.554108387849414557e-06,2.479189756268354472e+01,1.000000000000000000e+00,1.000000000000000000e+00,-1.000000000000000000e+00,0.000000000000000000e+00
1.541000000000000000e+03,1.606256209047569783e+01,8.207043828680962605e+00,-1.171339697981756784e-03,3.703812280135186086e+01,3.131216783926622504e-01,nan,7.595777348097424639e-06,6.771683785234236197e+00,1.000000000000000000e+00,1.000000000000000000e+00,-1.000000000000000000e+00,0.000000000000000000e+00
1.543000000000000000e+03,1.122242371476786360e+02,1.743176188365078261e+01,-7.589384239531619600e-03,2.436163419528287477e+02,1.298128791038999363e-02,nan,7.791815085666308375e-06,2.117328490749672909e+01,1.000000000000000000e+00,1.000000000000000000e+00,-1.000000000000000000e+00,0.000000000000000000e+00
1.545000000000000000e+03,5.601358582977388778e+01,4.658600015395963112e+01,-1.230615371484199746e-03,3.894603462587497944e+01,3.459143168051400652e-01,nan,9.226013149112857401e-06,6.474329271410395492e+00,1.000000000000000000e+00,1.000000000000000000e+00,-1.000000000000000000e+00,0.000000000000000000e+00
1.546000000000000000e+03,1.156846425476952902e+02,5.317060138640125899e+01,-8.329329069961673507e-03,2.674330176320021337e+02,1.266843113983884272e-02,nan,9.728371868370129595e-06,3.169924396560232083e+01,1.000000000000000000e+00,1.000000000000000000e+00,-1.000000000000000000e+00,0.000000000000000000e+00
1.551000000000000000e+03,1.260892497979963878e+02,8.432322348849877969e+00,-7.228978682554380690e-03,2.320159335027691156e+02,1.509188963685759166e-02,nan,8.138960519706224685e-06,2.842289175746652319e+01,1.000000000000000000e+00,1.000000000000000000e+00,-1.000000000000000000e+00,0.000000000000000000e+00
1.551000000000000000e+03,2.876368857100536403e+01,4.547733892244814058e+01,-1.425045993478789297e-02,4.580170283068899266e+02,1.228582920481657847e-02,nan,2.710307340409218963e-05,2.252747251563844699e+01,1.000000000000000000e+00,1.000000000000000000e+00,-1.000000000000000000e+00,0.000000000000000000e+00
1.553000000000000000e+03,8.654512542536092212e+01,3.472004470240155172e+01,-6.529248542938712735e-03,2.094936519585041310e+02,2.670146716416266219e-02,nan,1.118159588408025353e-05,3.675492043699389200e+01,1.000000000000000000e+00,1.000000000000000000e+00,-1.000000000000000000e+00,0.000000000000000000e+00
1.556000000000000000e+03,1.232459935206835979e+02,3.671264535970284726e+01,-8.119936419834725486e-03,2.606932761910385921e+02,2.349066522414133829e-02,nan,1.537107267225020174e-05,2.186636434083141012e+01,1.000000000000000000e+00,1.000000000000000000e+00,-1.000000000000000000e+00,0.000000000000000000e+00
1.556000000000000000e+03,7.442031016284075484e+00,5.274878561908576557e+01,-7.457269713060854163e-03,2.393639589371476575e+02,2.908295981368491656e-02,nan,1.568445067403603441e-05,1.776207517141705594e+01,1.000000000000000000e+00,1.000000000000000000e+00,-1.000000000000000000e+00,0.000000000000000000e+00
1.559000000000000000e+03,7.429677272629602669e+01,4.404766869277149510e+01,-8.728399298310702062e-03,2.802779295915578928e+02,1.605641653210909681e-02,nan,1.284611553533123970e-05,2.077879096527444958e+01,1.000000000000000000e+00,1.000000000000000000e+00,-1.000000000000000000e+00,0.000000000000000000e+00
1.560000000000000000e+03,1.077333451932938431e+02,9.035529535819897262e+00,-7.748807067383776427e-03,2.487476999009675751e+02,3.074129591623531166e-02,nan,1.975810937133291951e-05,2.972847951009709178e+01,1.000000000000000000e+00,1.000000000000000000e+00,-1.000000000000000000e+00,0.000000000000000000e+00
1.560000000000000000e+03,2.517595324130136802e+01,5.174912722137784726e+01,-1.429537508783999778e-03,4.534876065981972459e+01,3.287664183538275831e-01,nan,1.171864275774661964e-05,1.072763571314865239e+01,1.000000000000000000e+00,1.000000000000000000e+00,-1.000000000000000000e+00,0.000000000000000000e+00
1.561000000000000000e+03,1.050202468155329143e+02,4.879403793364367203e+01,-7.979173532251807727e-03,2.561625275414699558e+02,3.436162395785080648e-02,nan,2.749599772776418016e-05,1.714407096670198527e+01,1.000000000000000000e+00,1.000000000000000000e+00,-1.000000000000000000e+00,0.000000000000000000e+00
1.562000000000000000e+03,1.107004936406650408e+01,3.874095231628841418e+01,-1.299637451269142251e-03,4.116765497017090780e+01,3.362119256257616318e-01,nan,1.022264663898774392e-05,1.393330656266276080e+01,1.000000000000000000e+00,1.000000000000000000e+00,-1.000000000000000000e+00,0.000000000000000000e+00
1.562000000000000000e+03,3.020833149780886373e+01,4.549408581470682833e+00,-1.240672109311383034e-03,3.926973181703083071e+01,3.116514350438972514e-01,nan,7.868254057299625421e-06,8.861551141708540413e+00,1.000000000000000000e+00,1.000000000000000000e+00,-1.000000000000000000e+00,0.000000000000000000e+00
1.564000000000000000e+03,9.349599483798813537e+01,3.610109557698856975e+01,-7.714807684478940282e-03,2.476533584816675955e+02,1.488838052385543786e-02,nan,9.260718061603283432e-06,1.148022643552508804e+01,1.000000000000000000e+00,1.000000000000000000e+00,-1.000000000000000000e+00,0.000000000000000000e+00
1.565000000000000000e+03,1.374404661564679486e+02,1.016223183084030524e+01,-1.423459221094728862e-03,4.515311822726710034e+01,3.310204952667005207e-01,nan,1.164623615871184867e-05,5.556662382569175662e+00,1.000000000000000000e+00,1.000000000000000000e+00,-1.000000000000000000e+00,0.000000000000000000e+00
1.566000000000000000e+03,4.499936638067782724e+01,3.854197030965881510e+01,-1.704117266779869031e-03,5.418668583385296955e+01,2.522535319744005911e-01,nan,1.060792868614445362e-05,1.930143461807872640e+01,1.000000000000000000e+00,1.000000000000000000e+00,-1.000000000000000000e+00,0.000000000000000000e+00
1.566000000000000000e+03,2.174286024696564823e+01,7.169119469767890607e+00,-1.217472654281129751e-03,3.852300871867770127e+01,3.216894638005045604e-01,nan,8.264543561047074882e-06,8.861551141708540413e+00,1.000000000000000000e+00,1.000000000000000000e+00,-1.000000000000000000e+00,0.000000000000000000e+00
1.566000000000000000e+03,7.570228811636062005e+01,2.150703380366639905e+01,-1.117404111451849062e-03,3.530209287165802579e+01,3.620190556979859808e-01,nan,8.132992918944104439e-06,1.086062283872455936e+01,1.000000000000000000e+00,1.000000000000000000e+00,-1.000000000000000000e+00,0.000000000000000000e+00
1.567000000000000000e+03,3.091241114876140728e+01,2.534715804839679976e+01,-8.056882973574583384e-03,2.586637688301192952e+02,1.702571579838607629e-02,nan,1.085423718250942147e-05,1.930143461807872640e+01,1.000000000000000000e+00,1.000000000000000000e+00,-1.000000000000000000e+00,0.000000000000000000e+00
1.567000000000000000e+03,8.829216061588276432e+00,5.249288664857947850e+01,-7.733747293339126444e-03,2.482629695001691914e+02,1.536414176202371973e-02,nan,9.450055640514120594e-06,1.393330656266276080e+01,1.000000000000000000e+00,1.000000000000000000e+00,-1.000000000000000000e+00,0.000000000000000000e+00
1.569000000000000000e+03,7.236163352571828966e+01,3.184111118633805404e+01,-1.263888874693820967e-03,4.001701208536058374e+01,3.408276800324866462e-01,nan,1.010628535192098403e-05,4.692285924092145954e+00,1.000000000000000000e+00,1.000000000000000000e+00,-1.000000000000000000e+00,0.000000000000000000e+00
1.570000000000000000e+03,1.149993374475344723e+02,4.900122677812750993e+01,-6.766964288644816694e-03,2.171450316107203946e+02,2.687443749289619710e-02,nan,1.186447894147163835e-05,1.712494729950771344e+01,1.000000000000000000e+00,1.000000000000000000e+00,-1.000000000000000000e+00,0.000000000000000000e+00
1.571000000000000000e+03,8.597451515107859166e+01,2.702264614591980774e+01,-1.150683167074790202e-03,3.637324904720709640e+01,3.725699943916616075e-01,nan,9.355674180821142532e-06,1.165935794813800719e+01,1.000000000000000000e+00,1.000000000000000000e+00,-1.000000000000000000e+00,0.000000000000000000e+00
1.574000000000000000e+03,1.135810713815486253e+02,1.388345362062413635e+01,-8.215999099965376126e-03,2.637852549487172951e+02,1.590630500993517327e-02,nan,1.086948884628650324e-05,1.359186689516239355e+01,1.000000000000000000e+00,1.000000000000000000e+00,-1.000000000000000000e+00,0.000000000000000000e+00
1.574000000000000000e+03,6.649789536980541982e+01,2.603380808509803046e+01,-1.299647852964995421e-03,4.116798977055933761e+01,3.139752644501401235e-01,nan,8.762763754395786947e-06,7.486724660608580884e+00,1.000000000000000000e+00,1.000000000000000000e+00,-1.000000000000000000e+00,0.000000000000000000e+00
1.574000000000000000e+03,7.385993656808230412e+01,2.739446804946772218e+01,-1.207848913921469184e-03,3.821324845880346999e+01,3.211024098692814022e-01,nan,8.143338289396891589e-06,4.692285924092145954e+00,1.000000000000000000e+00,1.000000000000000000e+00,-1.000000000000000000e+00,0.000000000000000000e+00
1.575000000000000000e+03,1.269432062574072830e+02,1.637186621807921583e+01,-7.266478906603479615e-03,2.332229568338931927e+02,2.525972014954414036e-02,nan,1.296338716824957602e-05,1.359186689516239355e+01,1.000000000000000000e+00,1.000000000000000000e+00,-1.000000000000000000e+00,0.000000000000000000e+00
1.575000000000000000e+03,1.241327461002010892e+02,3.252279626382408395e+01,-7.673439874910043500e-03,2.463218488021045971e+02,1.680648549892527210e-02,nan,1.006635344418384255e-05,3.267027433295600858e+00,1.000000000000000000e+00,1.000000000000000000e+00,-1.000000000000000000e+00,0.000000000000000000e+00
1.575000000000000000e+03,8.523946910637924645e+01,4.149738653783315101e+01,-8.542507179120875649e-03,2.742946020082227960e+02,1.340878403919298911e-02,nan,1.070303141386394754e-05,1.196561626398659683e+01,1.000000000000000000e+00,1.000000000000000000e+00,-1.000000000000000000e+00,0.000000000000000000e+00
1.580000000000000000e+03,8.888712998379814678e+01,5.289346229663399157e+01,-8.676874690881054841e-03,2.786195020788804868e+02,1.067967065899821932e-02,nan,8.403679521778971564e-06,1.196561626398659683e+01,1.000000000000000000e+00,1.000000000000000000e+00,-1.000000000000000000e+00,0.000000000000000000e+00
1.582000000000000000e+03,1.315884665619235534e+02,1.717719257669380539e+01,-6.702099026286456075e-03,2.150572071501647713e+02,6.081124836514750776e-02,nan,2.813302996258893512e-05,3.967282877881038505e+00,1.000000000000000000e+00,1.000000000000000000e+00,-1.000000000000000000e+00,0.000000000000000000e+00
1.582000000000000000e+03,1.094574213215747989e+02,3.089832288476902278e+01,-8.520592499386272362e-03,2.735892320963218936e+02,1.156884815204262118e-02,nan,9.397561249081625139e-06,1.772072818462475396e+01,1.000000000000000000e+00,1.000000000000000000e+00,-1.000000000000000000e+00,0.000000000000000000e+00
1.582000000000000000e+03,9.655715791828855288e+01,1.703253670211728021e+01,-1.827072777820669749e-03,5.814426673582885741e+01,1.862449052714703068e-01,nan,8.143058806285328002e-06,1.272246636071567316e+01,1.000000000000000000e+00,1.000000000000000000e+00,-1.000000000000000000e+00,0.000000000000000000e+00
1.583000000000000000e+03,6.526518077602314172e+00,4.504444165449086768e+00,-8.344317529036467812e-03,2.679154526109821859e+02,1.390264253427841989e-02,nan,9.419640579036349059e-06,1.666283369976031281e+01,1.000000000000000000e+00,1.000000000000000000e+00,-1.000000000000000000e+00,0.000000000000000000e+00
1.584000000000000000e+03,5.959047695401642919e+00,2.115761216049414273e+01,-7.332038659712132936e-03,2.353331349352632458e+02,1.869104063648885372e-02,nan,1.004048005590030879e-05,1.666283369976031281e+01,1.000000000000000000e+00,1.000000000000000000e+00,-1.000000000000000000e+00,0.000000000000000000e+00
1.584000000000000000e+03,1.240000808502233980e+02,4.538485703706317764e+01,-1.230158838784687183e-03,3.893134016380960105e+01,3.014133496690347691e-01,nan,6.828580930917508845e-06,1.138923441548117133e+01,1.000000000000000000e+00,1.000000000000000000e+00,-1.000000000000000000e+00,0.000000000000000000e+00
1.585000000000000000e+03,1.079816240402770404e+02,1.143407940326438776e+01,-1.281932723818987553e-03,4.059779119880916909e+01,3.476430161227925808e-01,nan,1.008258591558688422e-05,1.272246636071567316e+01,1.000000000000000000e+00,1.000000000000000000e+00,-1.000000000000000000e+00,0.000000000000000000e+00
1.586000000000000000e+03,6.293481169846632639e+01,2.960357336619516744e+01,-1.627785675651140934e-02,5.232730454992964724e+02,4.453504872366287337e-03,nan,1.104315002239943339e-05,2.308228505976332201e+01,1.000000000000000000e+00,1.000000000000000000e+00,-1.000000000000000000e+00,0.000000000000000000e+00
1.586000000000000000e+03,1.293734118871606427e+02,1.388586059390339855e+01,-6.695239587456678319e-03,2.148364217304531394e+02,8.152714024782747870e-02,nan,3.822671020907984253e-05,3.967282877881038505e+00,1.000000000000000000e+00,1.000000000000000000e+00,-1.000000000000000000e+00,0.000000000000000000e+00
1.587000000000000000e+03,7.744232375141463365e+01,9.726664083437219332e+00,-8.463520876318623987e-03,2.717522622558863077e+02,1.119574762396347012e-02,nan,8.800548329738346908e-06,2.046344692243879138e+01,1.000000000000000000e+00,1.000000000000000000e+00,-1.000000000000000000e+00,0.000000000000000000e+00
1.587000000000000000e+03,5.085477941577277505e+01,4.927244988798091896e+01,-7.981685247104589043e-03,2.562433723498760969e+02,1.911670377972773949e-02,nan,1.269264307691421051e-05,2.308228505976332201e+01,1.000000000000000000e+00,1.000000000000000000e+00,-1.000000000000000000e+00,0.000000000000000000e+00
1.589000000000000000e+03,8.680583887863814141e+01,4.531869763877939761e+01,-7.580890808989550547e-03,2.433429630841548601e+02,2.423305845733769726e-02,nan,1.349820075038766598e-05,1.988817021384535622e+01,1.000000000000000000e+00,1.000000000000000000e+00,-1.000000000000000000e+00,0.000000000000000000e+00
1.591000000000000000e+03,1.036690685017701128e+02,3.477494113872639048e+01,-8.435393750186948383e-03,2.708469317321552694e+02,5.971125797008525193e-02,nan,4.612388359291880164e-05,7.557962347488648369e+00,1.000000000000000000e+00,1.000000000000000000e+00,-1.000000000000000000e+00,0.000000000000000000e+00
1.591000000000000000e+03,1.103315308865343667e+02,3.120641345666232525e+01,-7.142278981207244096e-03,2.292253218469435865e+02,9.751910524558549120e-02,nan,5.562195435682502746e-05,7.557962347488648369e+00,1.000000000000000000e+00,1.000000000000000000e+00,-1.000000000000000000e+00,0.000000000000000000e+00
1.592000000000000000e+03,1.150586508976431475e+02,1.531126729676278408e+01,-1.205667970965169922e-03,3.814305023735665401e+01,3.379882394802138368e-01,nan,8.644422063216245682e-06,1.400130330647619026e+01,1.000000000000000000e+00,1.000000000000000000e+00,-1.000000000000000000e+00,0.000000000000000000e+00
1.593000000000000000e+03,7.952783814792213946e+01,6.813475292459696853e+00,-1.476636807374659670e-03,4.686475032975003074e+01,3.021425340751172639e-01,nan,1.064187994183450247e-05,3.653287729708863196e+01,1.000000000000000000e+00,1.000000000000000000e+00,-1.000000000000000000e+00,0.000000000000000000e+00
1.599000000000000000e+03,2.254730466526195087e+01,3.518504539077992632e+01,-8.797779899276525137e-03,2.825110896917085483e+02,1.359702264950346517e-02,nan,1.107660213509706127e-05,1.543199252607323047e+01,1.000000000000000000e+00,1.000000000000000000e+00,-1.000000000000000000e+00,0.000000000000000000e+00
1.599000000000000000e+03,4.105210388763963891e+01,2.847867961421989946e+01,-1.400459743078003808e-03,4.441283180835090150e+01,3.030347245504707576e-01,nan,9.799715889258762527e-06,1.749386717587182716e+01,1.000000000000000000e+00,1.000000000000000000e+00,-1.000000000000000000e+00,0.000000000000000000e+00
1.601000000000000000e+03,4.447172219462804321e+01,4.563506616272000826e+01,-7.658111871333323634e-03,2.458284848714669977e+02,1.508346780039615531e-02,nan,8.382387765226058667e-06,1.749386717587182716e+01,1.000000000000000000e+00,1.000000000000000000e+00,-1.000000000000000000e+00,0.000000000000000000e+00
1.603000000000000000e+03,7.433536708299667062e+00,3.830280283289759780e+01,-7.975334460862645511e-03,2.560389589801060879e+02,1.432932780253259875e-02,nan,9.164039955209724554e-06,1.543199252607323047e+01,1.000000000000000000e+00,1.000000000000000000e+00,-1.000000000000000000e+00,0.000000000000000000e+00
1.603000000000000000e+03,1.064249779352098955e+02,5.000936712973176412e+01,-1.602695584022074743e-03,5.092221634134431696e+01,2.327403512073388248e-01,nan,8.340768935877627258e-06,1.811801566833259258e+01,1.000000000000000000e+00,1.000000000000000000e+00,-1.000000000000000000e+00,0.000000000000000000e+00
1.603000000000000000e+03,1.369713885455398668e+02,5.399316119613086329e+00,-1.321915923177670923e-03,4.188473429588849939e+01,2.944810883190359663e-01,nan,8.296306181828505752e-06,4.421547160833074486e+01,1.000000000000000000e+00,1.000000000000000000e+00,-1.000000000000000000e+00,0.000000000000000000e+00
1.605000000000000000e+03,1.379339476956463102e+02,4.960430915693465437e+01,-8.023257347805005935e-03,2.575814575678082292e+02,1.941127234955619674e-02,nan,1.227226355014363681e-05,3.151157322834616537e+01,1.000000000000000000e+00,1.000000000000000000e+00,-1.000000000000000000e+00,0.000000000000000000e+00
1.608000000000000000e+03,9.134270474024974362e+01,3.997006799928785625e+01,-6.555810734596955770e-03,2.103486117852857262e+02,2.514430619782404008e-02,nan,1.085151824352672447e-05,8.523698983348886316e+00,1.000000000000000000e+00,1.000000000000000000e+00,-1.000000000000000000e+00,0.000000000000000000e+00
1.610000000000000000e+03,1.256261164537202859e+02,1.149539810102824688e+01,-2.292719726750106282e-02,7.372960103446458788e+02,2.360095026003428131e-03,nan,1.633424760298641976e-05,1.837237399921550463e+01,1.000000000000000000e+00,1.000000000000000000e+00,-1.000000000000000000e+00,0.000000000000000000e+00
1.612000000000000000e+03,7.742970484127566522e+01,3.978479695406144145e+01,-1.441717675258804730e-03,4.574080485381750094e+01,2.958601739537441988e-01,nan,9.685189152562817468e-06,4.637527947545931895e+00,1.000000000000000000e+00,1.000000000000000000e+00,-1.000000000000000000e+00,0.000000000000000000e+00
1.613000000000000000e+03,9.341455725425832668e+01,3.170200465174756488e+01,-6.636254257244526313e-03,2.129378552134395761e+02,1.781750525690239950e-02,nan,7.766003561796228286e-06,8.523698983348886316e+00,1.000000000000000000e+00,1.000000000000000000e+00,-1.000000000000000000e+00,0.000000000000000000e+00
1.614000000000000000e+03,1.065795219579947002e+02,1.324763676771129894e+01,-7.449388343306828641e-03,2.391102805281368262e+02,8.403071680814655497e-02,nan,4.941131192271412388e-05,4.505137193412232399e+00,1.000000000000000000e+00,1.000000000000000000e+00,-1.000000000000000000e+00,0.000000000000000000e+00
1.614000000000000000e+03,1.287585535709255851e+02,4.651939434855130173e+01,-8.737322420659892827e-03,2.805651389919029839e+02,1.263366386041531175e-02,nan,9.430452163019279285e-06,8.869483108535563431e+00,1.000000000000000000e+00,1.000000000000000000e+00,-1.000000000000000000e+00,0.000000000000000000e+00
1.615000000000000000e+03,1.295870870937754660e+02,2.943571130776103217e+01,-7.528954702661713565e-03,2.416712906167220751e+02,1.558740920737344826e-02,nan,8.956367967308413033e-06,1.710376256958307906e+01,1.000000000000000000e+00,1.000000000000000000e+00,-1.000000000000000000e+00,0.000000000000000000e+00
1.617000000000000000e+03,1.066709053488277874e+02,1.775184704336962938e+01,-5.967050879445650637e-03,1.913981414983239233e+02,1.327013645980035239e-01,nan,5.494863198639597857e-05,4.505137193412232399e+00,1.000000000000000000e+00,1.000000000000000000e+00,-1.000000000000000000e+00,0.000000000000000000e+00
1.619000000000000000e+03,1.277651489475435653e+01,2.755783831384419358e+01,-1.501772922093671777e-03,4.767380888043856402e+01,2.690195909984518519e-01,nan,9.441601831663028511e-06,1.316687396658886655e+01,1.000000000000000000e+00,1.000000000000000000e+00,-1.000000000000000000e+00,0.000000000000000000e+00
1.623000000000000000e+03,4.680406086067779192e+00,9.161900238419208975e+00,-7.683129635401020341e-03,2.466337340583179980e+02,1.710919978450031742e-02,nan,1.015391166215972209e-05,2.009869437344035958e+01,1.000000000000000000e+00,1.000000000000000000e+00,-1.000000000000000000e+00,0.000000000000000000e+00
1.623000000000000000e+03,1.254304162887992078e+02,3.594573980273020908e+01,-8.009090553031025447e-03,2.571254695769884506e+02,1.328095426457187589e-02,nan,8.210004668219792929e-06,1.537510899634162520e+01,1.000000000000000000e+00,1.000000000000000000e+00,-1.000000000000000000e+00,0.000000000000000000e+00
1.623000000000000000e+03,1.047739461563283498e+02,8.902422280608904614e+00,-1.145765607729574542e-03,3.621496708990222402e+01,3.120310156248281563e-01,nan,7.113412259693233837e-06,3.127542081079189629e+01,1.000000000000000000e+00,1.000000000000000000e+00,-1.000000000000000000e+00,0.000000000000000000e+00
1.624000000000000000e+03,5.268833660383011264e+00,3.837455188752746693e+01,-9.140832702988781547e-03,2.935529633974784360e+02,1.589813128884187687e-02,nan,1.364365636808489349e-05,1.316687396658886655e+01,1.000000000000000000e+00,1.000000000000000000e+00,-1.000000000000000000e+00,0.000000000000000000e+00
1.627000000000000000e+03,1.357922698490678783e+02,1.290436458211056703e+01,-8.297667263976234858e-03,2.664139160266380486e+02,1.826998098938648063e-02,nan,1.462631326052349714e-05,2.526406501855624498e+01,1.000000000000000000e+00,1.000000000000000000e+00,-1.000000000000000000e+00,0.000000000000000000e+00
1.630000000000000000e+03,4.531028392270404481e+01,3.543360137139308819e+01,-1.266965619099750303e-03,4.011604355453260240e+01,3.476980416890788073e-01,nan,1.037410757826879540e-05,1.010804859732802541e+01,1.000000000000000000e+00,1.000000000000000000e+00,-1.000000000000000000e+00,0.000000000000000000e+00
1.632000000000000000e+03,1.926080590070152709e+01,4.875919930606295338e+01,-8.015284889756437922e-03,2.573248472910688633e+02,1.356665499910514328e-02,nan,9.520710828849375057e-06,1.821694251473873649e+01,1.000000000000000000e+00,1.000000000000000000e+00,-1.000000000000000000e+00,0.000000000000000000e+00
1.633000000000000000e+03,5.319878369790783523e+01,2.911345756428277554e+01,-1.002339793844757819e-03,3.159850657441915089e+01,3.087236519107258159e-01,nan,5.124274162310618293e-06,1.010804859732802541e+01,1.000000000000000000e+00,1.000000000000000000e+00,-1.000000000000000000e+00,0.000000000000000000e+00
1.638000000000000000e+03,3.299360582674921005e+01,4.649928983190460485e+01,-6.879976391223438514e-03,2.207825630647508035e+02,1.858455873285946858e-02,nan,8.828381972196123993e-06,2.044614171205930830e+01,1.000000000000000000e+00,1.000000000000000000e+00,-1.000000000000000000e+00,0.000000000000000000e+00
1.638000000000000000e+03,1.256401682521999987e+02,4.636262351123047409e+01,-1.377062042609812891e-03,4.365972776495151209e+01,3.676707340499597576e-01,nan,1.327779019530143982e-05,6.818477850607932211e+00,1.000000000000000000e+00,1.000000000000000000e+00,-1.000000000000000000e+00,0.000000000000000000e+00
1.639000000000000000e+03,1.221781590438132241e+02,5.223681557825349131e+01,-1.587343830685598390e-03,5.042808797489701789e+01,3.605502266558118230e-01,nan,1.603152859174817468e-05,6.818477850607932211e+00,1.000000000000000000e+00,1.000000000000000000e+00,-1.000000000000000000e+00,0.000000000000000000e+00
1.640000000000000000e+03,8.357318024267955536e+01,1.419033799027484832e+01,-1.442446619753053917e-02,4.636177846814942427e+02,6.255300833970744989e-03,nan,1.408043364900114550e-05,1.792435820855433803e+01,1.000000000000000000e+00,1.000000000000000000e+00,-1.000000000000000000e+00,0.000000000000000000e+00
1.640000000000000000e+03,4.427099772348835671e+01,9.438419947129261800e+00,-7.772990262441330407e-03,2.495260867345335498e+02,1.963311717609295126e-02,nan,1.159720642552740720e-05,2.167337205377189235e+01,1.000000000000000000e+00,1.000000000000000000e+00,-1.000000000000000000e+00,0.000000000000000000e+00
1.643000000000000000e+03,6.583480657166421679e+01,1.161493186773822295e+01,-7.356727900195648463e-03,2.361278099017999352e+02,1.555647450519326291e-02,nan,8.814533803656315818e-06,1.792435820855433803e+01,1.000000000000000000e+00,1.000000000000000000e+00,-1.000000000000000000e+00,0.000000000000000000e+00
1.644000000000000000e+03,1.387342060570209128e+02,6.776435938170195072e+00,-7.197904648125011753e-03,2.310157505572140622e+02,2.030993368162359314e-02,nan,1.079714235251770467e-05,3.192794473069746530e+01,1.000000000000000000e+00,1.000000000000000000e+00,-1.000000000000000000e+00,0.000000000000000000e+00
1.646000000000000000e+03,8.867608392519962024e+01,3.606109790364644851e+01,-7.558993488189084606e-03,2.426381519059425500e+02,1.391872887260747760e-02,nan,8.152527272625837191e-06,1.876437121705653865e+01,1.000000000000000000e+00,1.000000000000000000e+00,-1.000000000000000000e+00,0.000000000000000000e+00
1.647000000000000000e+03,4.046574342526817247e+01,1.088902223301431071e+01,-1.242935088179881282e-03,3.934257053630199863e+01,3.189239123686291588e-01,nan,9.424499368950179084e-06,2.537944660002685993e+01,1.000000000000000000e+00,1.000000000000000000e+00,-1.000000000000000000e+00,0.000000000000000000e+00
1.647000000000000000e+03,9.398470768972933342e+01,1.806331634873890124e+01,-1.352718894072493707e-03,4.287619249329306825e+01,3.570313483160469925e-01,nan,1.222749845347403228e-05,6.206354321415451736e+00,1.000000000000000000e+00,1.000000000000000000e+00,-1.000000000000000000e+00,0.000000000000000000e+00
1.649000000000000000e+03,9.250270140860388324e+01,1.203650198743184596e+01,-1.455691371642172391e-03,4.619057756810010318e+01,3.647583567190294529e-01,nan,1.502769152054093713e-05,6.206354321415451736e+00,1.000000000000000000e+00,1.000000000000000000e+00,-1.000000000000000000e+00,0.000000000000000000e+00
1.649000000000000000e+03,1.242381296488068330e+02,3.522388614893058190e+01,-1.632080481398660680e-03,5.186803086953987219e+01,2.565288091971678064e-01,nan,1.007993342083887384e-05,2.326722893765318645e+01,1.000000000000000000e+00,1.000000000000000000e+00,-1.000000000000000000e+00,0.000000000000000000e+00
1.651000000000000000e+03,1.223725827837125451e+02,8.097970659992496323e+00,-1.359648706982222524e-03,4.309924305030883573e+01,2.787289902746657999e-01,nan,8.032421272339497197e-06,1.261633755791376466e+01,1.000000000000000000e+00,1.000000000000000000e+00,-1.000000000000000000e+00,0.000000000000000000e+00
1.655000000000000000e+03,6.717893275641478112e+01,3.824790194243112040e+01,-8.800059080462704908e-03,2.825844499165428374e+02,1.322293202838953352e-02,nan,1.073927198818436038e-05,1.844249971257006493e+01,1.000000000000000000e+00,1.000000000000000000e+00,-1.000000000000000000e+00,0.000000000000000000e+00
1.655000000000000000e+03,5.102824700262463153e+01,1.271203440319961331e+01,-1.309787126797308304e-03,4.149434355607896663e+01,3.390949157454997698e-01,nan,1.033858585340557952e-05,1.769636380589396651e+01,1.000000000000000000e+00,1.000000000000000000e+00,-1.000000000000000000e+00,0.000000000000000000e+00
1.655000000000000000e+03,4.625024754694197782e+01,4.140045890837622267e+01,-1.154659093996131345e-03,3.650122259079498832e+01,3.720850085947566832e-01,nan,9.651238244803444049e-06,6.392290698271124505e+00,1.000000000000000000e+00,1.000000000000000000e+00,-1.000000000000000000e+00,0.000000000000000000e+00
1.656000000000000000e+03,1.418902681956746790e+02,4.373547141439244257e+01,-1.624063041836486254e-02,5.220748377601543098e+02,4.657295521034110486e-03,nan,1.276510211980803781e-05,2.071350214878402340e+01,1.000000000000000000e+00,1.000000000000000000e+00,-1.000000000000000000e+00,0.000000000000000000e+00
1.657000000000000000e+03,7.958539606456398019e+01,5.189361422987491324e+01,-6.926866347037143219e-03,2.222918145985127296e+02,1.691944621875307586e-02,nan,7.852094375772674669e-06,1.844249971257006493e+01,1.000000000000000000e+00,1.000000000000000000e+00,-1.000000000000000000e+00,0.000000000000000000e+00
1.659000000000000000e+03,3.668326933672532419e+01,2.307460685001049683e+01,-8.276741111221674885e-03,2.657403639280599350e+02,1.984364173986097324e-02,nan,1.357593401774831460e-05,1.698936398298138784e+01,1.000000000000000000e+00,1.000000000000000000e+00,-1.000000000000000000e+00,0.000000000000000000e+00
1.660000000000000000e+03,4.008268861362154922e+01,3.972040022629904144e+01,-8.074363429184015784e-03,2.592264139420962010e+02,2.128538816556024837e-02,nan,1.349809134198062383e-05,6.392290698271124505e+00,1.000000000000000000e+00,1.000000000000000000e+00,-1.000000000000000000e+00,0.000000000000000000e+00
1.661000000000000000e+03,1.157600470918794429e+02,1.908004774082055732e+01,-8.462564864654336522e-03,2.717214910161702619e+02,1.456832809100516712e-02,nan,9.904417145697289623e-06,2.198483346046493736e+01,1.000000000000000000e+00,1.000000000000000000e+00,-1.000000000000000000e+00,0.000000000000000000e+00
1.661000000000000000e+03,1.233035107982102829e+02,5.287776985162817311e+01,-7.263703053875514119e-03,2.331336101942029302e+02,1.679450090616225744e-01,nan,1.079872590563736644e-04,5.414002087855085854e+00,1.000000000000000000e+00,1.000000000000000000e+00,-1.000000000000000000e+00,0.000000000000000000e+00
1.664000000000000000e+03,2.318806693876677372e+01,1.022652327656837024e+01,-1.410854298086720035e-03,4.474740235373607078e+01,2.667480025148001310e-01,nan,7.885468190900933201e-06,1.863313551906977139e+01,1.000000000000000000e+00,1.000000000000000000e+00,-1.000000000000000000e+00,0.000000000000000000e+00
1.664000000000000000e+03,6.006174883854085067e+01,5.218673969944996571e+01,-7.580871364681868348e-03,2.433423372283466790e+02,8.055334380055345633e-02,nan,4.876892511938123859e-05,2.286498482111825936e+01,1.000000000000000000e+00,1.000000000000000000e+00,-1.000000000000000000e+00,0.000000000000000000e+00
1.664000000000000000e+03,1.371424561751331055e+02,2.419135716999523567e+01,-1.406688018712781880e-03,4.461330191738294104e+01,3.029051965037445893e-01,nan,9.948220256170133021e-06,2.198483346046493736e+01,1.000000000000000000e+00,1.000000000000000000e+00,-1.000000000000000000e+00,0.000000000000000000e+00
1.664000000000000000e+03,1.180369126541823732e+02,5.162303378511019503e+01,-8.612079685196009221e-03,2.765339389766502336e+02,6.919682891615352993e-02,nan,5.344758964902869889e-05,5.414002087855085854e+00,1.000000000000000000e+00,1.000000000000000000e+00,-1.000000000000000000e+00,0.000000000000000000e+00
1.666000000000000000e+03,5.622129032019775963e+01,2.964658865206666860e+01,-7.402508921479682841e-03,2.376013680528170369e+02,2.089300321517284509e-02,nan,1.141208671562328216e-05,2.286498482111825936e+01,1.000000000000000000e+00,1.000000000000000000e+00,-1.000000000000000000e+00,0.000000000000000000e+00
1.668000000000000000e+03,2.878995630348253698e+01,4.216604484366082062e+01,-8.531058789961664876e-03,2.739261116013158244e+02,1.836636096571664378e-02,nan,1.340502554291779333e-05,3.015319003471843118e+01,1.000000000000000000e+00,1.000000000000000000e+00,-1.000000000000000000e+00,0.000000000000000000e+00
1.670000000000000000e+03,1.420842891594206776e+02,3.860811033457046193e+01,-8.716817208367507244e-03,2.799051357446115276e+02,1.492686050115210605e-02,nan,1.150836509647360939e-05,7.672291910738888987e+01,1.000000000000000000e+00,1.000000000000000000e+00,-1.000000000000000000e+00,0.000000000000000000e+00
1.672000000000000000e+03,3.272688465351838971e+01,5.626020125140184902e+00,-7.318273193676223635e-03,2.348900645512734116e+02,1.480520873512447544e-02,nan,7.870167842828532554e-06,3.542984217599396857e+01,1.000000000000000000e+00,1.000000000000000000e+00,-1.000000000000000000e+00,0.000000000000000000e+00
1.672000000000000000e+03,7.044143432931254267e+01,1.115437346413712483e+01,-1.671356318502010413e-02,5.372971703696484838e+02,4.312259229735437849e-03,nan,1.195278467291302573e-05,3.811758056184499566e+01,1.000000000000000000e+00,1.000000000000000000e+00,-1.000000000000000000e+00,0.000000000000000000e+00
1.674000000000000000e+03,3.266286782702098890e+01,4.105580446630949609e+01,-5.673640207979819758e-03,1.819541038948059111e+02,6.145429511582500837e-02,nan,2.027514114036248755e-05,1.298470930338828566e+01,1.000000000000000000e+00,1.000000000000000000e+00,-1.000000000000000000e+00,0.000000000000000000e+00
1.678000000000000000e+03,3.507103439087941865e+01,1.249147079113467740e+01,-8.664088883943711975e-03,2.782079640768563991e+02,1.210093855503069360e-02,nan,9.480513946975314065e-06,2.494816127155503693e+01,1.000000000000000000e+00,1.000000000000000000e+00,-1.000000000000000000e+00,0.000000000000000000e+00
1.679000000000000000e+03,4.487315121095849690e+01,4.547300441395029935e+01,-8.208840009404009055e-03,2.635548246097975493e+02,1.815657064572406831e-02,nan,1.209282929928552226e-05,1.298470930338828566e+01,1.000000000000000000e+00,1.000000000000000000e+00,-1.000000000000000000e+00,0.000000000000000000e+00
1.680000000000000000e+03,1.804889102423540237e+01,4.432941168629358941e+01,-8.505282583268262975e-03,2.730964503484636907e+02,1.559487734623266064e-02,nan,1.125712906299105729e-05,1.274523320087771872e+01,1.000000000000000000e+00,1.000000000000000000e+00,-1.000000000000000000e+00,0.000000000000000000e+00
1.681000000000000000e+03,5.784934703276133661e+01,2.826330134114071058e+01,-1.127492889333955124e-03,3.562682133915429716e+01,3.705107877605590128e-01,nan,9.108882408306593603e-06,1.546855592196752660e+01,1.000000000000000000e+00,1.000000000000000000e+00,-1.000000000000000000e+00,0.000000000000000000e+00
1.682000000000000000e+03,7.066665355686980377e+01,1.960345863020864954e+01,-1.338010111750351097e-03,4.240275949694598978e+01,2.715445001543435044e-01,nan,7.283616264670384804e-06,1.546855592196752660e+01,1.000000000000000000e+00,1.000000000000000000e+00,-1.000000000000000000e+00,0.000000000000000000e+00
1.683000000000000000e+03,1.906032733191294071e+01,3.162437465603400355e+01,-1.189445395973308742e-03,3.762089265023266194e+01,3.678006132123738947e-01,nan,9.901361350757967813e-06,9.338560233454728632e+00,1.000000000000000000e+00,1.000000000000000000e+00,-1.000000000000000000e+00,0.000000000000000000e+00
1.686000000000000000e+03,1.342306282499207271e+02,5.276094185680292981e+01,-7.277002622908161980e-03,2.335616847063787418e+02,3.706329906656580242e-02,nan,2.229917158275969319e-05,8.714959452123204997e+00,1.000000000000000000e+00,1.000000000000000000e+00,-1.000000000000000000e+00,0.000000000000000000e+00
1.687000000000000000e+03,9.953699263732696068e+01,2.473785751202437666e+01,-8.367667321057682683e-03,2.686670146205744913e+02,1.776603526866971094e-02,nan,1.315049359316322375e-05,2.519825419024341073e+01,1.000000000000000000e+00,1.000000000000000000e+00,-1.000000000000000000e+00,0.000000000000000000e+00
1.687000000000000000e+03,1.256294698615499499e+02,5.135716387210926825e+01,-8.672133120069484141e-03,2.784668846814950598e+02,2.483199530321122950e-02,nan,2.141058600933875474e-05,8.714959452123204997e+00,1.000000000000000000e+00,1.000000000000000000e+00,-1.000000000000000000e+00,0.000000000000000000e+00
1.688000000000000000e+03,1.425249502634453620e+02,1.631237774556932507e+01,-8.384744417291350310e-03,2.692166767653899342e+02,2.337448051441293195e-02,nan,1.637945557138756366e-05,1.108844040285689836e+01,1.000000000000000000e+00,1.000000000000000000e+00,-1.000000000000000000e+00,0.000000000000000000e+00
1.691000000000000000e+03,1.397248261297931293e+01,3.425997249233660114e+01,-5.960645482574378554e-03,1.911919703709564828e+02,3.474586667500889625e-02,nan,1.244633672117494223e-05,9.528328481371502789e+00,1.000000000000000000e+00,1.000000000000000000e+00,-1.000000000000000000e+00,0.000000000000000000e+00
1.692000000000000000e+03,1.373558848430479884e+02,2.612228463846904347e+01,-7.637746090214292578e-03,2.451729695088107235e+02,2.382100823042099247e-02,nan,1.441863041764549333e-05,1.108844040285689836e+01,1.000000000000000000e+00,1.000000000000000000e+00,-1.000000000000000000e+00,0.000000000000000000e+00
1.692000000000000000e+03,7.638474044933035145e+01,3.468397398326710146e+01,1.501370959323726929e-03,-4.766087086596346012e+01,3.004160434896153697e-01,nan,1.111543030134196163e-05,2.057535400014737093e+01,1.000000000000000000e+00,1.000000000000000000e+00,-1.000000000000000000e+00,0.000000000000000000e+00
1.694000000000000000e+03,9.681365833032586465e+01,3.713438342720137086e+01,-7.803847562165421893e-03,2.505192936192098045e+02,7.984562775871639762e-02,nan,5.093299960468605932e-05,2.057535400014737093e+01,1.000000000000000000e+00,1.000000000000000000e+00,-1.000000000000000000e+00,0.000000000000000000e+00
1.694000000000000000e+03,6.931108040576393847e+00,2.784061989413536509e+01,-1.278430617989295692e-03,4.048506858043309364e+01,3.639730400357392703e-01,nan,1.153310037228735829e-05,9.113801421849705875e+00,1.000000000000000000e+00,1.000000000000000000e+00,-1.000000000000000000e+00,0.000000000000000000e+00
1.695000000000000000e+03,5.203622534204536976e+01,3.732396875375288658e+01,-7.535090031491624776e-03,2.418687690379742889e+02,1.826458925729101956e-02,nan,1.022902526834676639e-05,1.947443549687337594e+01,1.000000000000000000e+00,1.000000000000000000e+00,-1.000000000000000000e+00,0.000000000000000000e+00
1.696000000000000000e+03,1.303805982288261873e+02,5.987451569420038311e+00,-6.498672937397081441e-03,2.085095119916688589e+02,2.544279203630728237e-02,nan,1.034297105098449340e-05,1.231614783205241359e+01,1.000000000000000000e+00,1.000000000000000000e+00,-1.000000000000000000e+00,0.000000000000000000e+00
1.697000000000000000e+03,4.269891949146115451e+01,2.023396122378007078e+01,-7.797718912001077446e-03,2.503220301648108261e+02,1.851770119722151442e-02,nan,1.114784173367249916e-05,1.563618441211305310e+01,1.000000000000000000e+00,1.000000000000000000e+00,-1.000000000000000000e+00,0.000000000000000000e+00
1.697000000000000000e+03,1.921811142552005336e+01,4.997764115134982177e+01,-6.747111620419689662e-03,2.165060318623077080e+02,2.233968707154754263e-02,nan,1.004137747140461009e-05,1.325801338468989954e+01,1.000000000000000000e+00,1.000000000000000000e+00,-1.000000000000000000e+00,0.000000000000000000e+00
1.699000000000000000e+03,5.433909227592403468e+00,1.885063813267950295e+01,-6.978308167149476458e-03,2.239475774278168672e+02,2.106225233503311589e-02,nan,9.976044542423420625e-06,9.113801421849705875e+00,1.000000000000000000e+00,1.000000000000000000e+00,-1.000000000000000000e+00,0.000000000000000000e+00
1.699000000000000000e+03,1.345705967360016757e+02,5.217607793264495797e+01,-7.358703327815628234e-03,2.361913931812795511e+02,2.394370247275534602e-02,nan,1.281771589940281613e-05,2.718642202022406096e+01,1.000000000000000000e+00,1.000000000000000000e+00,-1.000000000000000000e+00,0.000000000000000000e+00
1.699000000000000000e+03,3.859684675407040544e+01,5.145446975294145631e+00,-1.746335406425540259e-03,5.554556516967400626e+01,2.070933335718246893e-01,nan,8.311343198359770200e-06,1.563618441211305310e+01,1.000000000000000000e+00,1.000000000000000000e+00,-1.000000000000000000e+00,0.000000000000000000e+00
1.700000000000000000e+03,1.425661893340783877e+02,7.775989194567423546e+00,-7.551056807063962970e-03,2.423826931844914156e+02,2.429500097241332757e-02,nan,1.448718155310484264e-05,1.231614783205241359e+01,1.000000000000000000e+00,1.000000000000000000e+00,-1.000000000000000000e+00,0.000000000000000000e+00
1.700000000000000000e+03,1.259527004927953584e+02,2.639171432593451172e+01,-1.377289846088187867e-03,4.366706009749837847e+01,3.291669023471491817e-01,nan,1.083998372720945889e-05,2.087918142546854128e+01,1.000000000000000000e+00,1.000000000000000000e+00,-1.000000000000000000e+00,0.000000000000000000e+00
1.701000000000000000e+03,1.015955862671568184e+02,8.156918804950990420e+00,-1.324757635355984378e-03,4.197620076006409562e+01,3.358802689912512296e-01,nan,1.065921501297759226e-05,2.886665033770788824e+01,1.000000000000000000e+00,1.000000000000000000e+00,-1.000000000000000000e+00,0.000000000000000000e+00
1.702000000000000000e+03,3.147188650010873090e+01,4.491602922134118359e+01,-1.487033494954893495e-02,4.779690052395568500e+02,6.837313801673960967e-03,nan,1.654532912160703450e-05,1.325801338468989954e+01,1.000000000000000000e+00,1.000000000000000000e+00,-1.000000000000000000e+00,0.000000000000000000e+00
1.702000000000000000e+03,5.812457745587322222e+01,8.616611693457443266e+00,-1.234903777952527136e-03,3.908406597880336619e+01,3.574687531130726903e-01,nan,1.007616089106369083e-05,1.279724363881425298e+01,1.000000000000000000e+00,1.000000000000000000e+00,-1.000000000000000000e+00,0.000000000000000000e+00
1.705000000000000000e+03,1.481032288628325233e+01,3.537044685037164271e+01,-8.722363886917912715e-03,2.800836672224987183e+02,1.440630622427585550e-02,nan,1.091331116700327689e-05,1.549558776032637653e+01,1.000000000000000000e+00,1.000000000000000000e+00,-1.000000000000000000e+00,0.000000000000000000e+00
1.705000000000000000e+03,1.227760295292275856e+02,5.209870760996516026e+01,-7.319675359180630864e-03,2.349351961877057988e+02,2.203870396223550632e-02,nan,1.263693683293363939e-05,2.590252385610273933e+01,1.000000000000000000e+00,1.000000000000000000e+00,-1.000000000000000000e+00,0.000000000000000000e+00
1.705000000000000000e+03,5.904691014064934507e+01,2.138057452518668455e+01,-2.105001248221557899e-03,6.708997723927214452e+01,1.908505015556387630e-01,nan,1.084077031393121767e-05,1.279724363881425298e+01,1.000000000000000000e+00,1.000000000000000000e+00,-1.000000000000000000e+00,0.000000000000000000e+00
1.708000000000000000e+03,1.034450932778153458e+02,1.647323597716493992e+01,-8.407128533827190608e-03,2.699371564849240031e+02,1.406093547271702882e-02,nan,1.046250761344393820e-05,1.125484521418231765e+01,1.000000000000000000e+00,1.000000000000000000e+00,-1.000000000000000000e+00,0.000000000000000000e+00
1.710000000000000000e+03,1.668348588693435985e+01,1.998849312495144304e+01,-9.163256942487756074e-03,2.942747345586997199e+02,1.003426529561513014e-02,nan,9.021047141079136927e-06,1.311618464890834446e+01,1.000000000000000000e+00,1.000000000000000000e+00,-1.000000000000000000e+00,0.000000000000000000e+00
1.711000000000000000e+03,2.986673238257509411e+01,2.644866801262271494e+01,-8.484598358169873414e-03,2.724306851987064420e+02,1.532108205088222874e-02,nan,1.108117361458018378e-05,1.468100295429853119e+01,1.000000000000000000e+00,1.000000000000000000e+00,-1.000000000000000000e+00,0.000000000000000000e+00
1.712000000000000000e+03,1.142115891803982066e+02,1.319389049751978860e+01,-7.682258768009216088e-03,2.466057033655187638e+02,2.018462269117726748e-02,nan,1.268663503718038471e-05,1.125484521418231765e+01,1.000000000000000000e+00,1.000000000000000000e+00,-1.000000000000000000e+00,0.000000000000000000e+00
1.712000000000000000e+03,9.939920828452995849e+00,4.814790455627618826e+01,-8.864214249982392893e-03,2.846494185503594281e+02,1.367842950369735355e-02,nan,1.185100567169341129e-05,1.587646867777455029e+01,1.000000000000000000e+00,1.000000000000000000e+00,-1.000000000000000000e+00,0.000000000000000000e+00
1.713000000000000000e+03,1.434258772290780293e+01,3.289409251164852321e+01,-8.468909782454627291e-03,2.719257154978423614e+02,1.098431892697659951e-02,nan,8.186290744590242379e-06,1.311618464890834446e+01,1.000000000000000000e+00,1.000000000000000000e+00,-1.000000000000000000e+00,0.000000000000000000e+00
1.714000000000000000e+03,1.307235345543106178e+02,3.047273865100976309e+01,-8.231371222620489231e-03,2.642800389443896734e+02,1.540589342851672594e-02,nan,1.281358604497634714e-05,2.389985216570243409e+01,1.000000000000000000e+00,1.000000000000000000e+00,-1.000000000000000000e+00,0.000000000000000000e+00
1.715000000000000000e+03,8.037600741706866359e+01,4.251855113210438475e+01,-1.274996545956373238e-03,4.037453577244050962e+01,2.999051805163887030e-01,nan,8.199442669665452265e-06,3.587396078092907459e+01,1.000000000000000000e+00,1.000000000000000000e+00,-1.000000000000000000e+00,0.000000000000000000e+00
1.716000000000000000e+03,5.311019468189729764e+01,1.920511041645273309e+01,-7.334285858353019154e-03,2.354054657348250998e+02,2.042134932134909153e-02,nan,1.063598850256995524e-05,2.434599897948417535e+01,1.000000000000000000e+00,1.000000000000000000e+00,-1.000000000000000000e+00,0.000000000000000000e+00
1.717000000000000000e+03,4.320295443921563816e+01,5.330292125487327581e+01,-1.751919616183681338e-03,5.572530466816719041e+01,3.025714371406235115e-01,nan,1.490924840207019653e-05,3.366011886719267210e+01,1.000000000000000000e+00,1.000000000000000000e+00,-1.000000000000000000e+00,0.000000000000000000e+00
1.723000000000000000e+03,1.974724456418925200e+01,2.895413118217173576e+01,-8.748497741528955471e-03,2.809248401233974164e+02,1.375179776374868545e-02,nan,1.044970431992286546e-05,1.641893402008760106e+01,1.000000000000000000e+00,1.000000000000000000e+00,-1.000000000000000000e+00,0.000000000000000000e+00
1.726000000000000000e+03,1.018089990471197126e+02,5.088997487965865929e+01,-1.200584297666852087e-03,3.797942155420937382e+01,3.518417990174270704e-01,nan,9.211075823366044295e-06,2.360473083200231414e+01,1.000000000000000000e+00,1.000000000000000000e+00,-1.000000000000000000e+00,0.000000000000000000e+00
1.728000000000000000e+03,3.605461878906817930e+01,2.704338780700477685e+01,-1.337571741819607116e-03,4.238864964167210303e+01,3.319993977630335547e-01,nan,1.017789826403233384e-05,1.641893402008760106e+01,1.000000000000000000e+00,1.000000000000000000e+00,-1.000000000000000000e+00,0.000000000000000000e+00
1.728000000000000000e+03,1.113867264342362660e+02,2.855489377071613077e+01,-8.508338522124389569e-03,2.731948121473959645e+02,1.425112777321846380e-02,nan,1.054911768812883131e-05,2.247090032425100858e+01,1.000000000000000000e+00,1.000000000000000000e+00,-1.000000000000000000e+00,0.000000000000000000e+00
1.728000000000000000e+03,1.249904900836035750e+02,4.644005454591120952e+01,-1.385043373498825265e-03,4.391662363266275548e+01,2.662311466037362573e-01,nan,7.670073631882542482e-06,2.247090032425100858e+01,1.000000000000000000e+00,1.000000000000000000e+00,-1.000000000000000000e+00,0.000000000000000000e+00
1.734000000000000000e+03,5.103554586480425037e+00,1.083744881509364610e+01,-9.069839300560638556e-03,2.912678919009866831e+02,1.689054500343056819e-02,nan,1.386081427969633662e-05,1.072000185132035170e+02,1.000000000000000000e+00,1.000000000000000000e+00,-1.000000000000000000e+00,0.000000000000000000e+00
1.737000000000000000e+03,1.118894142970544863e+02,2.025148807062955925e+01,-7.969168105365456375e-03,2.558404819005193644e+02,1.820209039021492003e-02,nan,1.193818133087369345e-05,4.688739890663126175e+01,1.000000000000000000e+00,1.000000000000000000e+00,-1.000000000000000000e+00,0.000000000000000000e+00
1.740000000000000000e+03,5.727561720027070535e+00,2.902477859584520914e+01,-8.968482928907277330e-03,2.880055245833004847e+02,1.339353324943803880e-02,nan,1.054224655685645571e-05,9.873113811321429623e+00,1.000000000000000000e+00,1.000000000000000000e+00,-1.000000000000000000e+00,0.000000000000000000e+00
1.740000000000000000e+03,6.599522127978626429e+01,3.033387241771256626e+01,-1.344156341355830534e-03,4.260058878251361847e+01,3.024854965163424891e-01,nan,8.994202101803004283e-06,1.595215247609629650e+01,1.000000000000000000e+00,1.000000000000000000e+00,-1.000000000000000000e+00,0.000000000000000000e+00
1.742000000000000000e+03,7.210809831824576577e+01,4.506831855366554862e+01,-7.672323491643900928e-03,2.462859156661599513e+02,1.984886690714304791e-02,nan,1.275510554812988856e-05,1.595215247609629650e+01,1.000000000000000000e+00,1.000000000000000000e+00,-1.000000000000000000e+00,0.000000000000000000e+00
1.743000000000000000e+03,8.478916325374441953e+01,1.151317363971120322e+01,-7.660579274019412889e-03,2.459079033998866919e+02,1.762775882445744013e-02,nan,1.143550286470353820e-05,2.659757427685405062e+01,1.000000000000000000e+00,1.000000000000000000e+00,-1.000000000000000000e+00,0.000000000000000000e+00
1.743000000000000000e+03,1.509806229713299075e+01,3.213477783471385862e+01,-7.657712411696522038e-03,2.458156274255799758e+02,2.408553032128224469e-02,nan,1.422951832506485072e-05,9.873113811321429623e+00,1.000000000000000000e+00,1.000000000000000000e+00,-1.000000000000000000e+00,0.000000000000000000e+00
1.747000000000000000e+03,1.130583652114170832e+02,3.156247243675824521e+01,-4.938931388914837538e-03,1.583059602188386634e+02,4.613816175157048338e-02,nan,1.207579710303732518e-05,3.465720937376458721e+01,1.000000000000000000e+00,1.000000000000000000e+00,-1.000000000000000000e+00,0.000000000000000000e+00
1.747000000000000000e+03,5.070146645951531639e+01,4.276812525913251761e+01,-1.244468512928938782e-03,3.939192702671154933e+01,3.408437942041397939e-01,nan,9.776246452236657660e-06,8.276109154384158728e+00,1.000000000000000000e+00,1.000000000000000000e+00,-1.000000000000000000e+00,0.000000000000000000e+00
1.749000000000000000e+03,7.494580165552486051e+01,2.617847020137324066e+01,-1.213213038549470785e-03,3.838590405596945487e+01,3.645441130370699057e-01,nan,1.020284959900699140e-05,2.737356968516421674e+01,1.000000000000000000e+00,1.000000000000000000e+00,-1.000000000000000000e+00,0.000000000000000000e+00
1.751000000000000000e+03,6.976316814923803733e+00,3.440720506886830776e+01,-1.658740265079797216e-02,5.332364290771747619e+02,5.629785321315639024e-03,nan,1.865132063397729331e-05,2.652974479055528789e+01,1.000000000000000000e+00,1.000000000000000000e+00,-1.000000000000000000e+00,0.000000000000000000e+00
1.752000000000000000e+03,1.963077076994295567e+01,1.108999782288158720e+01,-8.751020685299329416e-03,2.810060463580580290e+02,1.166206219191490145e-02,nan,9.041221705454298711e-06,2.652974479055528789e+01,1.000000000000000000e+00,1.000000000000000000e+00,-1.000000000000000000e+00,0.000000000000000000e+00
1.753000000000000000e+03,9.672097353837229150e+01,4.276624301091557356e+01,-6.705824381304756852e-03,2.151771155117234002e+02,2.402843601220505665e-02,nan,1.060654545745389621e-05,1.290274578307076148e+01,1.000000000000000000e+00,1.000000000000000000e+00,-1.000000000000000000e+00,0.000000000000000000e+00
1.755000000000000000e+03,5.287519502278579608e+01,4.682970698941147702e+01,-1.280478072233403762e-03,4.055097018781580687e+01,3.450949158651405169e-01,nan,9.950131370819909160e-06,1.326724188670564075e+01,1.000000000000000000e+00,1.000000000000000000e+00,-1.000000000000000000e+00,0.000000000000000000e+00
1.756000000000000000e+03,8.495362834825367315e+01,4.805873164284881227e+01,-1.149281781815070843e-03,3.632814252458578608e+01,3.591406353493274972e-01,nan,9.042605446961487529e-06,1.290274578307076148e+01,1.000000000000000000e+00,1.000000000000000000e+00,-1.000000000000000000e+00,0.000000000000000000e+00
1.760000000000000000e+03,4.502990500281314468e+01,3.613058871812976491e+01,-1.125729124208580496e-03,3.557005086081894518e+01,3.582458899979954481e-01,nan,8.648356468824411369e-06,1.326724188670564075e+01,1.000000000000000000e+00,1.000000000000000000e+00,-1.000000000000000000e+00,0.000000000000000000e+00
1.761000000000000000e+03,1.071291494537658906e+02,1.028524655181617931e+01,-7.310284785865989697e-03,2.346329408980157325e+02,2.126563366515843434e-02,nan,1.289931372812665613e-05,1.192285876264475242e+01,1.000000000000000000e+00,1.000000000000000000e+00,-1.000000000000000000e+00,0.000000000000000000e+00
1.764000000000000000e+03,1.072946053309391488e+02,2.220695722716321896e+01,-8.549378138194976134e-03,2.745157582311504143e+02,1.519333044523374365e-02,nan,1.099749688735887133e-05,1.090061397302012303e+01,1.000000000000000000e+00,1.000000000000000000e+00,-1.000000000000000000e+00,0.000000000000000000e+00
1.764000000000000000e+03,2.636234056838977580e+01,4.998252895812603214e+01,-7.466995515472180274e-03,2.396770042781302266e+02,1.904845188056247807e-02,nan,1.060301669640779423e-05,2.324552022058822942e+01,1.000000000000000000e+00,1.000000000000000000e+00,-1.000000000000000000e+00,0.000000000000000000e+00
1.765000000000000000e+03,5.100523143449586883e+01,4.626960814289616586e+00,-8.843393980529138526e-03,2.839792745278206780e+02,4.612953986868850720e-02,nan,3.940750888852359606e-05,1.005049140640679006e+01,1.000000000000000000e+00,1.000000000000000000e+00,-1.000000000000000000e+00,0.000000000000000000e+00
1.765000000000000000e+03,4.502048498156928247e+01,1.270131449767749210e+01,-1.425959417956441239e-02,4.583110331251817229e+02,1.347250424753854148e-02,nan,3.294115634630869063e-05,1.005049140640679006e+01,1.000000000000000000e+00,1.000000000000000000e+00,-1.000000000000000000e+00,0.000000000000000000e+00
1.765000000000000000e+03,7.986034044194417447e+01,3.368503943073194762e+01,-1.486761694177769245e-02,4.778815204610720002e+02,6.568461654097856872e-03,nan,1.542499327908389818e-05,2.104980364105842128e+01,1.000000000000000000e+00,1.000000000000000000e+00,-1.000000000000000000e+00,0.000000000000000000e+00
1.767000000000000000e+03,5.791781912891166684e+01,4.847781640911376400e+01,-1.298948249400488182e-03,4.114547156310030829e+01,3.053584551979493522e-01,nan,8.532698687355125825e-06,2.646319127212417044e+01,1.000000000000000000e+00,1.000000000000000000e+00,-1.000000000000000000e+00,0.000000000000000000e+00
1.769000000000000000e+03,1.021383483243628518e+02,1.260297895402378110e+01,-2.690578077184853454e-03,8.593799515508341358e+01,1.154247877453006277e-01,nan,9.571436249307271421e-06,1.090061397302012303e+01,1.000000000000000000e+00,1.000000000000000000e+00,-1.000000000000000000e+00,0.000000000000000000e+00
1.770000000000000000e+03,1.170832088951080152e+02,2.280542488459409256e+01,-1.581233247812128271e-03,5.023140605413332338e+01,3.323485843712349341e-01,nan,1.429329305396625973e-05,1.809526900726331178e+01,1.000000000000000000e+00,1.000000000000000000e+00,-1.000000000000000000e+00,0.000000000000000000e+00
1.772000000000000000e+03,1.143130402395579992e+01,9.966805487208869607e+00,-1.190987278540521933e-03,3.767052137325157446e+01,3.090294806745605971e-01,nan,7.356477142303911275e-06,1.735353501438824253e+01,1.000000000000000000e+00,1.000000000000000000e+00,-1.000000000000000000e+00,0.000000000000000000e+00
1.773000000000000000e+03,9.460849198422059203e+01,2.664035061444125319e+01,-1.650228780853849053e-02,5.304968294337799080e+02,5.934837654095859172e-03,nan,1.632235228041940868e-05,1.133165394206920951e+01,1.000000000000000000e+00,1.000000000000000000e+00,-1.000000000000000000e+00,0.000000000000000000e+00
1.774000000000000000e+03,4.373466055137063080e+01,6.781704106358188433e+00,-1.147974192562042223e-03,3.628605502308536757e+01,3.397538851418725470e-01,nan,7.867425426607563139e-06,1.144518018374311552e+01,1.000000000000000000e+00,1.000000000000000000e+00,-1.000000000000000000e+00,0.000000000000000000e+00
1.774000000000000000e+03,1.726533614195724553e+01,2.631028267970760481e+01,-1.294157238958265708e-03,4.099126284755103455e+01,3.311792484557214422e-01,nan,9.675316906276673628e-06,1.735353501438824253e+01,1.000000000000000000e+00,1.000000000000000000e+00,-1.000000000000000000e+00,0.000000000000000000e+00
1.775000000000000000e+03,1.429662169919268138e+02,9.019730781747965054e+00,-7.902108537668765115e-03,2.536820291222366563e+02,1.459194544287101269e-02,nan,8.694713355504997027e-06,2.932533836185413989e+01,1.000000000000000000e+00,1.000000000000000000e+00,-1.000000000000000000e+00,0.000000000000000000e+00
1.775000000000000000e+03,1.299313252498355951e+02,3.856771118116243713e+01,-1.309519958057473506e-03,4.148574417006182102e+01,3.531705491871539593e-01,nan,1.103413465653102389e-05,2.033528370000292185e+01,1.000000000000000000e+00,1.000000000000000000e+00,-1.000000000000000000e+00,0.000000000000000000e+00
1.776000000000000000e+03,4.651173780940055025e+01,4.418871190813227656e+01,-8.354221791579810596e-03,2.682342420654596253e+02,1.427023342848876553e-02,nan,9.647645601683217092e-06,2.681217889747740912e+01,1.000000000000000000e+00,1.000000000000000000e+00,-1.000000000000000000e+00,0.000000000000000000e+00
1.777000000000000000e+03,9.097038013642359999e+01,5.052604991565684855e+01,-1.244304509614293803e-03,3.938664823619289024e+01,2.922726490754915529e-01,nan,7.253649107328762963e-06,2.416117730834265487e+01,1.000000000000000000e+00,1.000000000000000000e+00,-1.000000000000000000e+00,0.000000000000000000e+00
1.780000000000000000e+03,4.474144154680816854e+01,9.177929603131371294e+00,-8.913758436364644863e-03,2.862441020596270391e+02,1.720439191830946957e-02,nan,1.453690882946626988e-05,8.846656250696261381e+00,1.000000000000000000e+00,1.000000000000000000e+00,-1.000000000000000000e+00,0.000000000000000000e+00
1.780000000000000000e+03,1.157648491647848630e+02,2.345137873661871808e+01,-8.952024822997495940e-03,2.874757859397871016e+02,1.784635929013322908e-02,nan,1.414773730579807380e-05,2.071696288654008811e+01,1.000000000000000000e+00,1.000000000000000000e+00,-1.000000000000000000e+00,0.000000000000000000e+00
1.783000000000000000e+03,4.412561844146802770e+01,4.561814405450103038e+01,-1.162629763781366805e-03,3.675777530852991504e+01,3.278520861978619916e-01,nan,7.783031650768836661e-06,3.644541764555430063e+01,1.000000000000000000e+00,1.000000000000000000e+00,-1.000000000000000000e+00,0.000000000000000000e+00
1.785000000000000000e+03,1.274340601834338997e+02,6.097743413159116166e+00,-8.309774280060406096e-03,2.668036057219517829e+02,1.953626566448218860e-02,nan,1.438057160671930348e-05,1.691223148343744853e+01,1.000000000000000000e+00,1.000000000000000000e+00,-1.000000000000000000e+00,0.000000000000000000e+00
1.786000000000000000e+03,1.003534465942231719e+02,3.076842769867832317e+01,-7.662488984715434479e-03,2.459693714423916333e+02,1.533745717334922265e-02,nan,9.146910432164217009e-06,1.315936938708890835e+01,1.000000000000000000e+00,1.000000000000000000e+00,-1.000000000000000000e+00,0.000000000000000000e+00
1.788000000000000000e+03,9.663943824887880396e+01,4.339281460167543969e+01,-1.354344718817179771e-03,4.292852307128070066e+01,2.770125652594128685e-01,nan,7.915726139843473218e-06,1.315936938708890835e+01,1.000000000000000000e+00,1.000000000000000000e+00,-1.000000000000000000e+00,0.000000000000000000e+00
1.790000000000000000e+03,1.393686302773692489e+02,1.808063164689962932e+01,-1.199466237419555747e-03,3.794343444111046892e+01,3.299450380357492607e-01,nan,8.977893155914591338e-06,1.691223148343744853e+01,1.000000000000000000e+00,1.000000000000000000e+00,-1.000000000000000000e+00,0.000000000000000000e+00
1.792000000000000000e+03,4.208985426373200767e+01,5.142170272542905707e+01,-8.486942973199955442e-03,2.725061515489903172e+02,1.307422133817126575e-02,nan,9.592255249431802386e-06,2.457638371626434548e+01,1.000000000000000000e+00,1.000000000000000000e+00,-1.000000000000000000e+00,0.000000000000000000e+00
1.799000000000000000e+03,1.063079438762793956e+02,1.822645347780431990e+01,-7.026006829463363017e-03,2.254828588757593764e+02,2.591296112200280888e-02,nan,1.282101601757013334e-05,1.699741619555020122e+01,1.000000000000000000e+00,1.000000000000000000e+00,-1.000000000000000000e+00,0.000000000000000000e+00
1.800000000000000000e+03,8.947969104426911713e+01,1.583436987836839371e+01,-7.422765269143408520e-03,2.382533610702845124e+02,1.582760367940660995e-02,nan,9.721620245265747142e-06,6.659490768400969429e+00,1.000000000000000000e+00,1.000000000000000000e+00,-1.000000000000000000e+00,0.000000000000000000e+00
1.801000000000000000e+03,1.205852697118649388e+02,4.236026261890612687e+01,-8.828848501509787075e-03,2.835110977906431913e+02,1.005835542194533083e-02,nan,9.179649855823888901e-06,1.871625506760855728e+01,1.000000000000000000e+00,1.000000000000000000e+00,-1.000000000000000000e+00,0.000000000000000000e+00
1.803000000000000000e+03,1.281694224860107454e+02,2.524948150131247715e+01,-7.927101281010181036e-03,2.544864729645557873e+02,1.555152938298154375e-02,nan,9.280952190929435863e-06,1.871625506760855728e+01,1.000000000000000000e+00,1.000000000000000000e+00,-1.000000000000000000e+00,0.000000000000000000e+00
1.804000000000000000e+03,5.158548424573704949e+01,3.145631102352179909e+01,-8.355035571343125828e-03,2.682604352732503799e+02,1.743973653475794361e-02,nan,1.195726664996716455e-05,3.669659512260919598e+01,1.000000000000000000e+00,1.000000000000000000e+00,-1.000000000000000000e+00,0.000000000000000000e+00
1.804000000000000000e+03,9.037556983373733033e+01,3.194195408928831625e+01,-1.387446171186290048e-03,4.399396271375581335e+01,2.843731117966806776e-01,nan,8.613850132449209278e-06,9.519374924289678574e+00,1.000000000000000000e+00,1.000000000000000000e+00,-1.000000000000000000e+00,0.000000000000000000e+00
1.809000000000000000e+03,1.562232737932744264e+01,2.415621227112667668e+01,-8.759838262017016416e-03,2.812898585509742588e+02,1.167153611827953519e-02,nan,1.133150195821718979e-05,3.669659512260919598e+01,1.000000000000000000e+00,1.000000000000000000e+00,-1.000000000000000000e+00,0.000000000000000000e+00
1.810000000000000000e+03,6.692755954422263187e+01,2.117812030805605161e+01,-1.303001689931172335e-03,4.127594004471401234e+01,3.183689152620982066e-01,nan,9.099980151188394323e-06,2.640799570440395172e+01,1.000000000000000000e+00,1.000000000000000000e+00,-1.000000000000000000e+00,0.000000000000000000e+00
1.813000000000000000e+03,9.955038980465351983e+01,2.043075227634687963e+01,-1.185563947016004182e-03,3.749596007799257080e+01,3.580850670148404413e-01,nan,9.680131093888261323e-06,2.246122129576465554e+01,1.000000000000000000e+00,1.000000000000000000e+00,-1.000000000000000000e+00,0.000000000000000000e+00
1.817000000000000000e+03,3.196869810666119349e+01,1.174594263899098578e+01,-2.269930863930222364e-02,7.299609370721846062e+02,3.879574290806542258e-03,nan,2.437454314090479080e-05,2.315139656250059730e+01,1.000000000000000000e+00,1.000000000000000000e+00,-1.000000000000000000e+00,0.000000000000000000e+00
1.819000000000000000e+03,8.393198135068871579e+01,1.741488462294861606e+01,-8.134745594009564276e-03,2.611699405096385931e+02,1.650404181558451366e-02,nan,1.063384689503639543e-05,9.612226466665166669e+00,1.000000000000000000e+00,1.000000000000000000e+00,-1.000000000000000000e+00,0.000000000000000000e+00
1.820000000000000000e+03,7.564501903252927661e+01,2.664387157149408480e+01,-7.821207733392163131e-03,2.510780671261507280e+02,2.351116096140946077e-01,nan,2.009887461803306122e-04,5.394976823255106524e+00,1.000000000000000000e+00,1.000000000000000000e+00,-1.000000000000000000e+00,0.000000000000000000e+00
1.822000000000000000e+03,7.870526842653528377e+01,3.108691653749945161e+01,-8.580570699652786265e-03,2.755197562176105635e+02,1.350159793163223654e-01,nan,1.152710412518008726e-04,5.394976823255106524e+00,1.000000000000000000e+00,1.000000000000000000e+00,-1.000000000000000000e+00,0.000000000000000000e+00
1.824000000000000000e+03,7.703226573591145154e+01,1.072243947325503655e+01,-1.605799954110071620e-02,5.161964800854677833e+02,4.930897081246721214e-03,nan,1.375402650578038485e-05,9.612226466665166669e+00,1.000000000000000000e+00,1.000000000000000000e+00,-1.000000000000000000e+00,0.000000000000000000e+00
1.828000000000000000e+03,3.542443213992580553e+01,7.909715394851716042e+00,-1.086064331581136546e-03,3.429335635193177012e+01,3.477225619861281647e-01,nan,7.514360319002754711e-06,2.361087826590639338e+01,1.000000000000000000e+00,1.000000000000000000e+00,-1.000000000000000000e+00,0.000000000000000000e+00
1.829000000000000000e+03,6.974789921407132454e+01,3.910271555407263122e+01,-1.591627278699964121e-02,5.116347073712433371e+02,4.774206606320996471e-03,nan,1.509941848886645198e-05,1.642707129334516125e+01,1.000000000000000000e+00,1.000000000000000000e+00,-1.000000000000000000e+00,0.000000000000000000e+00
1.830000000000000000e+03,2.793532931888988458e+01,3.030138597619518848e+01,-1.178348506039314254e-03,3.726371598281568254e+01,3.722204311548270583e-01,nan,1.065443254787187771e-05,1.133274167525277853e+01,1.000000000000000000e+00,1.000000000000000000e+00,-1.000000000000000000e+00,0.000000000000000000e+00
1.831000000000000000e+03,6.951441492685877677e+01,1.669397849358625407e+01,-7.829780627005806376e-03,2.513540036803794067e+02,1.842697136516813217e-02,nan,1.216431179649164986e-05,2.173103898673732814e+01,1.000000000000000000e+00,1.000000000000000000e+00,-1.000000000000000000e+00,0.000000000000000000e+00
1.833000000000000000e+03,9.810428116294967538e+01,4.628602616204593900e+00,-7.504703638167289567e-03,2.408907192630405802e+02,1.535219093785589184e-02,nan,8.753188194938114035e-06,3.076198674906336095e+01,1.000000000000000000e+00,1.000000000000000000e+00,-1.000000000000000000e+00,0.000000000000000000e+00
1.834000000000000000e+03,5.467564916704930766e+01,3.257003235368019745e+01,-1.160777319080799315e-03,3.669815049214815872e+01,3.748537240752215505e-01,nan,1.105186600128123255e-05,5.806090735019020066e+00,1.000000000000000000e+00,1.000000000000000000e+00,-1.000000000000000000e+00,0.000000000000000000e+00
1.835000000000000000e+03,3.882624506685514376e+01,2.716785952046939556e+01,-1.680406837011167798e-03,5.342351594227230294e+01,2.428962019277784989e-01,nan,9.773432332406312668e-06,1.098942277393475386e+01,1.000000000000000000e+00,1.000000000000000000e+00,-1.000000000000000000e+00,0.000000000000000000e+00
1.836000000000000000e+03,9.740348566064898250e+01,3.538260584202065928e+01,-1.665865324377004825e-02,5.355297787905290079e+02,5.424002990464860119e-03,nan,1.657588235635306867e-05,1.230773581851304499e+01,1.000000000000000000e+00,1.000000000000000000e+00,-1.000000000000000000e+00,0.000000000000000000e+00
1.836000000000000000e+03,1.415477084256321518e+02,4.104458618429275418e+01,-1.429210410007211544e-03,4.533823229991850212e+01,2.543868621493120541e-01,nan,8.165583427425385376e-06,3.002028152553055662e+01,1.000000000000000000e+00,1.000000000000000000e+00,-1.000000000000000000e+00,0.000000000000000000e+00
1.837000000000000000e+03,1.135916151395265246e+02,5.198415432250877188e+01,-1.061851474850442978e-03,3.351401479522941429e+01,3.697217909109727918e-01,nan,7.692290272275234352e-06,2.318764645182648110e+01,1.000000000000000000e+00,1.000000000000000000e+00,-1.000000000000000000e+00,0.000000000000000000e+00
1.838000000000000000e+03,3.788998708512413316e+01,1.387778994456871651e+01,-7.247667154336486471e-03,2.326174611478978704e+02,1.563276653596812338e-02,nan,8.281802133081345721e-06,1.332300748106957577e+01,1.000000000000000000e+00,1.000000000000000000e+00,-1.000000000000000000e+00,0.000000000000000000e+00
1.839000000000000000e+03,4.941158940670241861e+01,3.012046821637528637e+01,-8.000244176515847183e-03,2.568407304022105109e+02,1.363115816201110331e-02,nan,8.629751082183472578e-06,5.806090735019020066e+00,1.000000000000000000e+00,1.000000000000000000e+00,-1.000000000000000000e+00,0.000000000000000000e+00
1.841000000000000000e+03,1.128563209513209529e+02,2.122348087782755499e+01,-7.008984543366061568e-03,2.249349609100936220e+02,2.509694168355347532e-02,nan,1.257177876339823064e-05,2.095879143157528190e+01,1.000000000000000000e+00,1.000000000000000000e+00,-1.000000000000000000e+00,0.000000000000000000e+00
1.841000000000000000e+03,8.856478411659576011e+01,4.394751775011756223e+01,-6.977430703395359930e-03,2.239193344172671516e+02,2.614052184938031598e-02,nan,1.321027122126399991e-05,1.230773581851304499e+01,1.000000000000000000e+00,1.000000000000000000e+00,-1.000000000000000000e+00,0.000000000000000000e+00
1.845000000000000000e+03,4.314122581412954816e+01,4.503221520975660042e+01,-8.414665818656871452e-03,2.701797597992626265e+02,2.147326482289135807e-02,nan,1.480458419360057795e-05,1.745163784467340662e+01,1.000000000000000000e+00,1.000000000000000000e+00,-1.000000000000000000e+00,0.000000000000000000e+00
1.845000000000000000e+03,2.509545697800052722e+01,1.092504210745658177e+01,-9.007315999776426690e-03,2.892554483836726718e+02,1.942839328616263739e-02,nan,1.753431005623183381e-05,2.773005982584803419e+01,1.000000000000000000e+00,1.000000000000000000e+00,-1.000000000000000000e+00,0.000000000000000000e+00
1.845000000000000000e+03,1.349153992093521879e+02,1.635327978294069950e+01,-8.576272464769484419e-03,2.753814085165407164e+02,1.832676888958761907e-02,nan,1.283194273813006841e-05,2.259030305902475888e+01,1.000000000000000000e+00,1.000000000000000000e+00,-1.000000000000000000e+00,0.000000000000000000e+00
1.848000000000000000e+03,5.221847286850806569e+01,1.669550369630600883e+01,-7.570771247260519796e-03,2.430172437740062605e+02,1.688692788299950287e-02,nan,9.655751892881867524e-06,1.514573840829345919e+01,1.000000000000000000e+00,1.000000000000000000e+00,-1.000000000000000000e+00,0.000000000000000000e+00
1.849000000000000000e+03,2.678734924136909967e+01,5.112404453308420216e+01,-8.508085058766873612e-03,2.731866538978424046e+02,1.655055917162762125e-02,nan,1.176904561651881931e-05,1.745163784467340662e+01,1.000000000000000000e+00,1.000000000000000000e+00,-1.000000000000000000e+00,0.000000000000000000e+00
1.850000000000000000e+03,1.028039505462610776e+02,2.876863285879677434e+01,-1.636385437416234927e-03,5.200659490440727950e+01,2.347900682570664976e-01,nan,8.937293382087996445e-06,1.080240544215471488e+01,1.000000000000000000e+00,1.000000000000000000e+00,-1.000000000000000000e+00,0.000000000000000000e+00
1.854000000000000000e+03,9.769154233028547196e+01,1.925258086388213385e+01,-1.090877603993197983e-03,3.444828161565305891e+01,3.559216095949085945e-01,nan,7.839608175229604358e-06,1.080240544215471488e+01,1.000000000000000000e+00,1.000000000000000000e+00,-1.000000000000000000e+00,0.000000000000000000e+00
1.855000000000000000e+03,3.783811610857451058e+01,4.683770462269399104e+01,-8.400767731167897018e-03,2.697324207157619185e+02,2.171579214142338454e-02,nan,1.544558586891825144e-05,2.257776603943333882e+01,1.000000000000000000e+00,1.000000000000000000e+00,-1.000000000000000000e+00,0.000000000000000000e+00
1.857000000000000000e+03,8.084204574454579983e+01,3.362776819543699247e+01,-1.274571821881777646e-03,4.036086513765561534e+01,3.175208312985562387e-01,nan,8.635637533176576352e-06,2.214839827188747634e+01,1.000000000000000000e+00,1.000000000000000000e+00,-1.000000000000000000e+00,0.000000000000000000e+00
1.858000000000000000e+03,1.577809749293668773e+01,4.203030428476683511e+01,-8.188586646690171333e-03,2.629029276692002668e+02,1.154374359195775579e-02,nan,8.503243164611694633e-06,2.257776603943333882e+01,1.000000000000000000e+00,1.000000000000000000e+00,-1.000000000000000000e+00,0.000000000000000000e+00
1.860000000000000000e+03,1.148217869499184332e+02,1.839634736495485967e+01,-7.518630255319188639e-03,2.413389766335556317e+02,3.074561722637103589e-02,nan,1.706144460827452831e-05,1.533245332933028315e+01,1.000000000000000000e+00,1.000000000000000000e+00,-1.000000000000000000e+00,0.000000000000000000e+00
1.863000000000000000e+03,6.254501684493884284e+01,2.021205834970148985e+01,-7.319289415278073738e-03,2.349227737740615112e+02,1.901522476193229227e-02,nan,1.046981811399386194e-05,1.718569284264887642e+01,1.000000000000000000e+00,1.000000000000000000e+00,-1.000000000000000000e+00,0.000000000000000000e+00
1.863000000000000000e+03,1.286362371826214428e+02,1.174464909577103633e+01,-1.229593154412427251e-03,3.891313242631779445e+01,3.241985120184016633e-01,nan,8.486219271762529003e-06,1.533245332933028315e+01,1.000000000000000000e+00,1.000000000000000000e+00,-1.000000000000000000e+00,0.000000000000000000e+00
1.865000000000000000e+03,7.944080464856425294e+01,1.706874910994545402e+01,-8.279833710568049177e-03,2.658399057217304176e+02,1.547164575290727040e-02,nan,1.131754519621761092e-05,1.718569284264887642e+01,1.000000000000000000e+00,1.000000000000000000e+00,-1.000000000000000000e+00,0.000000000000000000e+00
1.869000000000000000e+03,8.769988417954061788e+01,3.921579027782928506e+01,-7.608270473403372369e-03,2.442242349854256815e+02,1.837449487980807872e-01,nan,1.345901097601749045e-04,6.567122778700483110e+00,1.000000000000000000e+00,1.000000000000000000e+00,-1.000000000000000000e+00,0.000000000000000000e+00
1.869000000000000000e+03,8.307907808291794538e+01,4.388218638274167205e+01,-7.329244911659268426e-03,2.352432122970231205e+02,2.262583602714645092e-01,nan,1.672093789197536245e-04,6.567122778700483110e+00,1.000000000000000000e+00,1.000000000000000000e+00,-1.000000000000000000e+00,0.000000000000000000e+00
1.869000000000000000e+03,1.211516648958398861e+02,4.210005410493042888e+01,-1.328189556416972845e-03,4.208666433451542588e+01,3.738686195954304958e-01,nan,1.301213851311497599e-05,1.075765613569034329e+01,1.000000000000000000e+00,1.000000000000000000e+00,-1.000000000000000000e+00,0.000000000000000000e+00
1.872000000000000000e+03,8.770199893683813741e+01,5.626132766435040011e+00,-7.471698239237935593e-03,2.398283713019023082e+02,1.892260166521197995e-02,nan,1.010181313902264957e-05,1.743650434640014524e+01,1.000000000000000000e+00,1.000000000000000000e+00,-1.000000000000000000e+00,0.000000000000000000e+00
1.875000000000000000e+03,1.199405781736305698e+02,3.713525861664535199e+01,-1.317239925637364063e-03,4.173422751171463574e+01,3.749626740458157359e-01,nan,1.297296041815523606e-05,8.370704021164197428e+00,1.000000000000000000e+00,1.000000000000000000e+00,-1.000000000000000000e+00,0.000000000000000000e+00
1.877000000000000000e+03,1.728045187660345761e+01,9.267580932416416672e+00,-1.237979088046125241e-03,3.918305128162593576e+01,3.122297047419504423e-01,nan,7.811010521648097723e-06,1.372372380052635954e+01,1.000000000000000000e+00,1.000000000000000000e+00,-1.000000000000000000e+00,0.000000000000000000e+00
1.877000000000000000e+03,3.667582165558081897e+01,1.858221442597768558e+01,-1.365586376254224838e-03,4.329035938429184682e+01,3.229215937169275241e-01,nan,1.017327097347970877e-05,2.151610480506733580e+01,1.000000000000000000e+00,1.000000000000000000e+00,-1.000000000000000000e+00,0.000000000000000000e+00
1.878000000000000000e+03,7.065061750472844437e+01,3.281561766768326294e+01,-1.279250755197366236e-03,4.051146641591184050e+01,3.409925301143361676e-01,nan,9.905800631540764839e-06,2.353568386387805234e+01,1.000000000000000000e+00,1.000000000000000000e+00,-1.000000000000000000e+00,0.000000000000000000e+00
1.879000000000000000e+03,1.359568010750031988e+02,4.485609782897994080e+01,-1.280298109246144058e-03,4.054517770177420743e+01,3.198854357382872049e-01,nan,9.131509846099674686e-06,1.778006620260949688e+01,1.000000000000000000e+00,1.000000000000000000e+00,-1.000000000000000000e+00,0.000000000000000000e+00
1.880000000000000000e+03,9.782770235715150875e+01,3.287847009857519254e+01,-8.311145336056783781e-03,2.668477360336464130e+02,1.762829513527763847e-02,nan,1.169085154802905424e-05,2.244063927928864999e+01,1.000000000000000000e+00,1.000000000000000000e+00,-1.000000000000000000e+00,0.000000000000000000e+00
1.880000000000000000e+03,8.217417596619009146e+01,1.229401891598544871e+01,-8.329690517482066583e-03,2.674446515782292408e+02,1.474369634032568488e-02,nan,1.139913687578998600e-05,2.353568386387805234e+01,1.000000000000000000e+00,1.000000000000000000e+00,-1.000000000000000000e+00,0.000000000000000000e+00
1.882000000000000000e+03,1.120963942162213556e+02,1.555834527529327360e+01,-1.969193860672362531e-03,6.271873174761147141e+01,1.823108775419431948e-01,nan,8.923505172505256748e-06,2.244063927928864999e+01,1.000000000000000000e+00,1.000000000000000000e+00,-1.000000000000000000e+00,0.000000000000000000e+00
1.884000000000000000e+03,1.178181838963659089e+01,3.537765663119957082e+01,-7.128561754951677834e-03,2.287838041614199369e+02,2.504369283998897355e-02,nan,1.225253853431221404e-05,2.864531217137296082e+01,1.000000000000000000e+00,1.000000000000000000e+00,-1.000000000000000000e+00,0.000000000000000000e+00
1.885000000000000000e+03,1.762996104567533351e+01,7.335667813178336161e+00,-1.565370693113821935e-03,4.972083647494843461e+01,2.495173077946934992e-01,nan,8.966173609182314630e-06,2.864531217137296082e+01,1.000000000000000000e+00,1.000000000000000000e+00,-1.000000000000000000e+00,0.000000000000000000e+00
1.886000000000000000e+03,1.371920334047520669e+02,2.011497634361941778e+01,-1.942728648589022236e-03,6.186689341176808199e+01,1.782727898240795694e-01,nan,8.521726658259394532e-06,2.159086965781952117e+01,1.000000000000000000e+00,1.000000000000000000e+00,-1.000000000000000000e+00,0.000000000000000000e+00
1.890000000000000000e+03,1.311853262966847069e+02,4.085347007626173621e+01,-2.220794765523420936e-02,7.141454536500679069e+02,3.090800524399694993e-03,nan,1.666793403075477676e-05,2.159086965781952117e+01,1.000000000000000000e+00,1.000000000000000000e+00,-1.000000000000000000e+00,0.000000000000000000e+00
1.891000000000000000e+03,4.756436429929788545e+01,3.246424855385932773e+01,1.460047066126617544e-03,-4.633077472689814869e+01,3.181459383331186608e-01,nan,1.131878135618414292e-05,1.465993025082611645e+01,1.000000000000000000e+00,1.000000000000000000e+00,-1.000000000000000000e+00,0.000000000000000000e+00
1.892000000000000000e+03,1.127085410207875782e+02,1.221678988445743919e+01,-6.630519295256418789e-03,2.127532634383693164e+02,2.307289204998530519e-02,nan,1.003219407067826263e-05,1.714954390884121693e+01,1.000000000000000000e+00,1.000000000000000000e+00,-1.000000000000000000e+00,0.000000000000000000e+00
1.894000000000000000e+03,3.293791360438226690e+01,3.147404906472136688e+01,-7.475176716963983885e-03,2.399403334002257395e+02,1.775665770494960771e-02,nan,9.564939017106229021e-06,1.368818479337092242e+01,1.000000000000000000e+00,1.000000000000000000e+00,-1.000000000000000000e+00,0.000000000000000000e+00
1.896000000000000000e+03,6.821629341255581380e+01,3.504618039642043215e+01,-9.025466281888700967e-03,2.898396532659505738e+02,2.370882033741750217e-02,nan,2.091954100977756289e-05,9.713758169524686181e+00,1.000000000000000000e+00,1.000000000000000000e+00,-1.000000000000000000e+00,0.000000000000000000e+00
1.896000000000000000e+03,6.347619377211215408e+01,4.352489216028370578e+01,-7.671230783792813875e-03,2.462507445730849440e+02,3.131829215488179941e-02,nan,3.873688028392451255e-05,9.713758169524686181e+00,1.000000000000000000e+00,1.000000000000000000e+00,-1.000000000000000000e+00,0.000000000000000000e+00
1.897000000000000000e+03,8.968699020831449786e+01,4.635940439898173082e+01,-6.804283034049235165e-03,2.183462136711911796e+02,2.568369355882438310e-02,nan,1.209715520177200319e-05,2.426890723183743503e+01,1.000000000000000000e+00,1.000000000000000000e+00,-1.000000000000000000e+00,0.000000000000000000e+00
1.899000000000000000e+03,2.482303536772022312e+01,4.249744029163605319e+01,-1.360493546533612800e-03,4.312643598249636767e+01,2.829177369287587673e-01,nan,8.041927746624093548e-06,1.368818479337092242e+01,1.000000000000000000e+00,1.000000000000000000e+00,-1.000000000000000000e+00,0.000000000000000000e+00
1.900000000000000000e+03,1.315475003401247704e+02,1.864723819846102515e+01,-7.355188726790377364e-03,2.360782683788379472e+02,8.462770521711693306e-02,nan,4.929714637391345025e-05,5.828566716928806457e+00,1.000000000000000000e+00,1.000000000000000000e+00,-1.000000000000000000e+00,0.000000000000000000e+00
1.900000000000000000e+03,7.974953936995898118e+01,5.327511127318066642e+00,-1.329797450219295839e-03,4.213841776753045565e+01,2.856055346674403195e-01,nan,7.883597454029619552e-06,1.653394912938735217e+01,1.000000000000000000e+00,1.000000000000000000e+00,-1.000000000000000000e+00,0.000000000000000000e+00
1.903000000000000000e+03,1.370557572573677305e+02,1.674164230548284138e+01,-8.676623630992835734e-03,2.786114211900251689e+02,5.240015247575502411e-02,nan,3.970387397329181112e-05,5.828566716928806457e+00,1.000000000000000000e+00,1.000000000000000000e+00,-1.000000000000000000e+00,0.000000000000000000e+00
1.904000000000000000e+03,1.214164505316477545e+02,5.636637561576776534e+00,-8.587725058994912300e-03,2.757500342723199083e+02,1.711427973811840975e-02,nan,1.256297401435419340e-05,1.648981198056348418e+01,1.000000000000000000e+00,1.000000000000000000e+00,-1.000000000000000000e+00,0.000000000000000000e+00
1.904000000000000000e+03,3.346138547553787390e+01,1.104017703209786916e+01,-7.849102470791352246e-03,2.519759177313182477e+02,1.756384660458676361e-02,nan,1.028346553643118319e-05,2.044680384412646745e+01,1.000000000000000000e+00,1.000000000000000000e+00,-1.000000000000000000e+00,0.000000000000000000e+00
1.906000000000000000e+03,9.718249591014482291e+01,3.940072142418579659e+01,-7.924011134049630672e-03,2.543870101060645084e+02,1.931782693031969256e-02,nan,1.213623896002572252e-05,4.156077376178598115e+01,1.000000000000000000e+00,1.000000000000000000e+00,-1.000000000000000000e+00,0.000000000000000000e+00
1.907000000000000000e+03,1.365128355479956390e+01,5.977406117850887490e+00,-1.336437422224283529e-03,4.235213918736884153e+01,3.123428623434766349e-01,nan,9.392499762317061426e-06,2.044680384412646745e+01,1.000000000000000000e+00,1.000000000000000000e+00,-1.000000000000000000e+00,0.000000000000000000e+00
1.910000000000000000e+03,5.007412317864879725e+01,7.105785424412220053e+00,-8.156118615970256100e-03,2.618578760304878870e+02,1.616652207538238351e-02,nan,1.064885752154191917e-05,3.644031402340157655e+01,1.000000000000000000e+00,1.000000000000000000e+00,-1.000000000000000000e+00,0.000000000000000000e+00
1.912000000000000000e+03,7.707037890490077814e+01,3.993331276335720048e+01,-1.246740375095914269e-03,3.946505167356825439e+01,2.952003181210534066e-01,nan,7.332142675647844228e-06,3.064725743976839212e+01,1.000000000000000000e+00,1.000000000000000000e+00,-1.000000000000000000e+00,0.000000000000000000e+00
1.914000000000000000e+03,8.930043965845874254e+01,1.183206719409959184e+01,-6.915932779553547217e-03,2.219398948065712034e+02,2.499481299696537651e-02,nan,1.159496404360517122e-05,3.064725743976839212e+01,1.000000000000000000e+00,1.000000000000000000e+00,-1.000000000000000000e+00,0.000000000000000000e+00
1.915000000000000000e+03,1.131653970364007620e+02,4.223941895806165547e+01,-8.036691112941991150e-03,2.580138514629474571e+02,2.015443439990982633e-02,nan,1.348451961099245581e-05,1.589115174386827256e+01,1.000000000000000000e+00,1.000000000000000000e+00,-1.000000000000000000e+00,0.000000000000000000e+00
1.916000000000000000e+03,1.220369756620012680e+02,2.905519367037653211e+01,-1.131246674805059518e-03,3.574764479444152698e+01,3.405475811478284598e-01,nan,7.826318239756635602e-06,1.589115174386827256e+01,1.000000000000000000e+00,1.000000000000000000e+00,-1.000000000000000000e+00,0.000000000000000000e+00
1.917000000000000000e+03,9.577296314247639941e+00,5.112405062514611132e+01,-1.213323947230482511e-03,3.838947388439047614e+01,3.211682193767515514e-01,nan,7.999271327713139562e-06,1.985873658482924498e+01,1.000000000000000000e+00,1.000000000000000000e+00,-1.000000000000000000e+00,0.000000000000000000e+00
1.918000000000000000e+03,5.995879140030754684e+01,2.308085978572859887e+01,-1.140585227501423249e-03,3.604822569146988798e+01,3.570078296390668537e-01,nan,8.640359713625235012e-06,2.528738805731127215e+01,1.000000000000000000e+00,1.000000000000000000e+00,-1.000000000000000000e+00,0.000000000000000000e+00
1.920000000000000000e+03,9.422615443661520374e+01,1.753134242996883074e+01,-8.413769690239445223e-03,2.701509160273934071e+02,1.128704714264405773e-02,nan,8.758389926913804510e-06,2.658355814710133913e+01,1.000000000000000000e+00,1.000000000000000000e+00,-1.000000000000000000e+00,0.000000000000000000e+00
1.922000000000000000e+03,3.856995148070065227e+01,9.591251872431810099e+00,-8.189179320681713378e-03,2.629220041241730428e+02,1.643619183759781333e-02,nan,1.122240379622419365e-05,2.528738805731127215e+01,1.000000000000000000e+00,1.000000000000000000e+00,-1.000000000000000000e+00,0.000000000000000000e+00
1.923000000000000000e+03,1.425707120119557381e+01,2.895665581461133797e+01,-7.586316882108728142e-03,2.435176126233858156e+02,1.993876310489051118e-02,nan,1.117674209059442154e-05,1.034827338485786896e+01,1.000000000000000000e+00,1.000000000000000000e+00,-1.000000000000000000e+00,0.000000000000000000e+00
1.924000000000000000e+03,9.252374809436835790e+01,4.406033367362896058e+01,-8.422296296514470218e-03,2.704253627265861724e+02,1.883255959786911404e-02,nan,1.285475992203260763e-05,8.305323865252185911e+00,1.000000000000000000e+00,1.000000000000000000e+00,-1.000000000000000000e+00,0.000000000000000000e+00
1.928000000000000000e+03,2.454548550554922670e+01,2.784521838959413031e+01,-1.544216371285485681e-02,4.963745128390417563e+02,4.842105879814373459e-03,nan,1.318263286127525975e-05,1.034827338485786896e+01,1.000000000000000000e+00,1.000000000000000000e+00,-1.000000000000000000e+00,0.000000000000000000e+00
1.929000000000000000e+03,2.970901954963810709e+01,1.611815078148367064e+01,-8.475702492313967260e-03,2.721443531057415726e+02,1.127430678537744146e-02,nan,8.182585454573608361e-06,9.029607924996930990e+00,1.000000000000000000e+00,1.000000000000000000e+00,-1.000000000000000000e+00,0.000000000000000000e+00
1.929000000000000000e+03,9.879649766072024875e+01,4.950377168508455838e+01,-8.236804831255094619e-03,2.644549310299830722e+02,1.825905864205779050e-02,nan,1.160844560265305958e-05,8.305323865252185911e+00,1.000000000000000000e+00,1.000000000000000000e+00,-1.000000000000000000e+00,0.000000000000000000e+00
1.932000000000000000e+03,2.070835890666621637e+01,1.684059612143971663e+01,-1.204023986520408361e-03,3.809013515134985539e+01,3.283862048861750926e-01,nan,8.925899556289834384e-06,9.029607924996930990e+00,1.000000000000000000e+00,1.000000000000000000e+00,-1.000000000000000000e+00,0.000000000000000000e+00
1.934000000000000000e+03,1.206045815306348032e+02,9.533988956777104562e+00,-8.581645924696615010e-03,2.755543645898808336e+02,1.324368171724654708e-02,nan,1.048132497200189765e-05,7.146437788916756517e+00,1.000000000000000000e+00,1.000000000000000000e+00,-1.000000000000000000e+00,0.000000000000000000e+00
1.940000000000000000e+03,1.161037255767732574e+02,2.855024538584490656e+01,-7.716602988929423951e-03,2.477111441193045209e+02,2.080752870008828470e-02,nan,1.508625456694992333e-05,2.210838262974476365e+01,1.000000000000000000e+00,1.000000000000000000e+00,-1.000000000000000000e+00,0.000000000000000000e+00
1.941000000000000000e+03,9.880868904446573708e+01,4.748268410679894913e+00,-6.831105351525337127e-03,2.192095461927804934e+02,9.927579859583812727e-02,nan,5.037866912668632809e-05,2.024960223815317661e+01,1.000000000000000000e+00,1.000000000000000000e+00,-1.000000000000000000e+00,0.000000000000000000e+00
1.943000000000000000e+03,2.419914233044690377e+01,3.982600799714831652e+01,-9.058730531191733909e-03,2.909103328690516150e+02,3.269305210827921915e-02,nan,2.922507709101076573e-05,6.622736907988175048e+00,1.000000000000000000e+00,1.000000000000000000e+00,-1.000000000000000000e+00,0.000000000000000000e+00
1.945000000000000000e+03,8.208085172790872264e+01,1.615992252015152530e+01,-6.915409568515030157e-03,2.219230541623722388e+02,2.517740341648311286e-02,nan,1.317835861353958837e-05,1.595955314597618369e+01,1.000000000000000000e+00,1.000000000000000000e+00,-1.000000000000000000e+00,0.000000000000000000e+00
1.945000000000000000e+03,8.836285911745743249e+01,3.083110924028066790e+01,-1.138799443865215867e-03,3.599074650120105900e+01,3.622753546835483229e-01,nan,8.888589898964902982e-06,7.419014456900554499e+00,1.000000000000000000e+00,1.000000000000000000e+00,-1.000000000000000000e+00,0.000000000000000000e+00
1.946000000000000000e+03,1.169018068910045258e+02,3.370464974958769488e+01,-7.670564544586007741e-03,2.462293002674277034e+02,1.726344861750617188e-02,nan,9.977788648098220145e-06,2.161222867746444365e+01,1.000000000000000000e+00,1.000000000000000000e+00,-1.000000000000000000e+00,0.000000000000000000e+00
1.946000000000000000e+03,7.519380316423271893e+01,3.866106131472411533e+01,-1.405355825633325438e-03,4.457042249014643431e+01,2.657302603357798443e-01,nan,7.770851587600683828e-06,6.619473649345566812e+00,1.000000000000000000e+00,1.000000000000000000e+00,-1.000000000000000000e+00,0.000000000000000000e+00
1.947000000000000000e+03,2.463621457879028398e+01,2.231611921221842465e+01,-8.644896494666907266e-03,2.775902167906858722e+02,1.171985804332464909e-02,nan,8.761184468917505302e-06,1.470045807645139213e+01,1.000000000000000000e+00,1.000000000000000000e+00,-1.000000000000000000e+00,0.000000000000000000e+00
1.947000000000000000e+03,2.689952421179711450e+01,4.587320419433790875e+01,-8.211774770398659606e-03,2.636492860452059972e+02,2.571788473592517832e-02,nan,1.692543631736429966e-05,6.622736907988175048e+00,1.000000000000000000e+00,1.000000000000000000e+00,-1.000000000000000000e+00,0.000000000000000000e+00
1.948000000000000000e+03,1.088147918735674935e+01,1.712856468535793653e+01,-1.640623150044104653e-02,5.274050557733489768e+02,4.945696348110706353e-03,nan,1.461034034926476158e-05,1.470045807645139213e+01,1.000000000000000000e+00,1.000000000000000000e+00,-1.000000000000000000e+00,0.000000000000000000e+00
1.950000000000000000e+03,1.043136916124232698e+02,5.283183453005005958e+01,-7.721079641963983324e-03,2.478552345826304304e+02,2.705148808605628563e-02,nan,1.594010031157786116e-05,2.289781308100845436e+01,1.000000000000000000e+00,1.000000000000000000e+00,-1.000000000000000000e+00,0.000000000000000000e+00
1.950000000000000000e+03,1.285905865600702214e+02,1.552606734459656934e+01,-8.833813059798903064e-03,2.836708925074918852e+02,1.157958679281068104e-02,nan,9.398171440669387080e-06,1.032200097037982189e+01,1.000000000000000000e+00,1.000000000000000000e+00,-1.000000000000000000e+00,0.000000000000000000e+00
1.952000000000000000e+03,1.204604431065141057e+02,9.166470544710540125e+00,-7.585996183824551299e-03,2.435072902767580842e+02,2.218641259444920077e-02,nan,1.268821488116744995e-05,1.032200097037982189e+01,1.000000000000000000e+00,1.000000000000000000e+00,-1.000000000000000000e+00,0.000000000000000000e+00
1.953000000000000000e+03,6.638160794774397289e+01,3.714097067962563159e+01,-8.474967313646419517e-03,2.721206898390071274e+02,1.420670349378072572e-02,nan,1.117664564850007327e-05,1.104459333609170457e+01,1.000000000000000000e+00,1.000000000000000000e+00,-1.000000000000000000e+00,0.000000000000000000e+00
1.953000000000000000e+03,1.287769209970927875e+02,4.457899168853055016e+01,-8.996787201936390366e-03,2.889165569513181708e+02,1.397561038826067303e-02,nan,1.242997139603102555e-05,1.386254808344260603e+01,1.000000000000000000e+00,1.000000000000000000e+00,-1.000000000000000000e+00,0.000000000000000000e+00
1.955000000000000000e+03,1.378049406653714755e+02,3.405924358152098108e+01,-7.839352565045814777e-03,2.516620965739908513e+02,1.515040716350357641e-01,nan,1.112168290081880521e-04,1.386254808344260603e+01,1.000000000000000000e+00,1.000000000000000000e+00,-1.000000000000000000e+00,0.000000000000000000e+00
1.956000000000000000e+03,5.060503719085809138e+01,3.443964210397179215e+01,-1.703936317366157652e-02,5.477837260514314721e+02,6.142958172109747039e-03,nan,1.991901737841399533e-05,1.042046480492133220e+01,1.000000000000000000e+00,1.000000000000000000e+00,-1.000000000000000000e+00,0.000000000000000000e+00
1.956000000000000000e+03,5.283542342255356772e+01,2.426067044628124592e+01,-8.539611829898596795e-03,2.742014091233358499e+02,1.400318227279384597e-02,nan,9.764310035369574799e-06,1.042046480492133220e+01,1.000000000000000000e+00,1.000000000000000000e+00,-1.000000000000000000e+00,0.000000000000000000e+00
1.957000000000000000e+03,9.330912175996014923e+01,2.954872919127261710e+01,-8.928641077653422936e-03,2.867231310713146968e+02,9.546334492731234356e-03,nan,8.726962377050586338e-06,2.797736819153227472e+01,1.000000000000000000e+00,1.000000000000000000e+00,-1.000000000000000000e+00,0.000000000000000000e+00
1.964000000000000000e+03,6.403390694384412996e+01,1.257591630814806649e+01,-7.612568147373319390e-03,2.443625646323232274e+02,2.018719384337386291e-02,nan,1.118176508526740969e-05,2.025879550287144681e+01,1.000000000000000000e+00,1.000000000000000000e+00,-1.000000000000000000e+00,0.000000000000000000e+00
1.965000000000000000e+03,1.145454142819357202e+02,1.216785292496932591e+01,-1.464754682684546016e-03,4.648229923544417375e+01,2.689195570285572989e-01,nan,8.682566028420819206e-06,2.246437299052568903e+01,1.000000000000000000e+00,1.000000000000000000e+00,-1.000000000000000000e+00,0.000000000000000000e+00
1.966000000000000000e+03,9.263092598437341962e+01,5.153067339252702794e+01,-7.742086683711501063e-03,2.485313902630325913e+02,1.930510644911898055e-02,nan,1.155011320761795364e-05,1.150386171211474640e+01,1.000000000000000000e+00,1.000000000000000000e+00,-1.000000000000000000e+00,0.000000000000000000e+00
1.967000000000000000e+03,9.887958606139881113e+01,3.150660222623295326e+01,-8.693727968742157725e-03,2.791619601601344129e+02,1.618059940981642075e-02,nan,1.233060385993275085e-05,7.666771553955689988e+00,1.000000000000000000e+00,1.000000000000000000e+00,-1.000000000000000000e+00,0.000000000000000000e+00
1.967000000000000000e+03,8.144731333317837141e+01,4.883518784081473996e+01,-8.384244533462981153e-03,2.692005869563556075e+02,1.484596115625569368e-02,nan,1.068154981323078630e-05,1.150386171211474640e+01,1.000000000000000000e+00,1.000000000000000000e+00,-1.000000000000000000e+00,0.000000000000000000e+00
1.969000000000000000e+03,1.213748568721177179e+02,4.657848638592539459e+01,-1.081060977693816321e-03,3.413231291741898588e+01,3.693991558948244158e-01,nan,7.713890114832056862e-06,9.744833250926365764e+00,1.000000000000000000e+00,1.000000000000000000e+00,-1.000000000000000000e+00,0.000000000000000000e+00
1.971000000000000000e+03,1.049973995145773245e+02,2.638638315406681301e+01,-7.888824762332503557e-03,2.532544629632909050e+02,2.265675515511034188e-02,nan,1.356354625962167392e-05,7.977736821609616058e+00,1.000000000000000000e+00,1.000000000000000000e+00,-1.000000000000000000e+00,0.000000000000000000e+00
1.972000000000000000e+03,4.856203288473734858e+01,4.291195471769997027e+01,-7.728531186441620245e-03,2.480950781639818672e+02,2.016995780272068384e-02,nan,1.306325413412601711e-05,2.398675445511714699e+01,1.000000000000000000e+00,1.000000000000000000e+00,-1.000000000000000000e+00,0.000000000000000000e+00
1.972000000000000000e+03,1.023833623200998915e+02,3.832590849516579823e+01,-1.382783153888365651e-03,4.384387372589641529e+01,2.825634717207435864e-01,nan,8.649334034146893230e-06,7.666771553955689988e+00,1.000000000000000000e+00,1.000000000000000000e+00,-1.000000000000000000e+00,0.000000000000000000e+00
1.972000000000000000e+03,2.464961214464823769e+01,4.479888970307662532e+01,-9.442362151752278863e-04,2.972832107941778546e+01,3.628346670647644157e-01,nan,6.245231629055796819e-06,1.746610375809527937e+01,1.000000000000000000e+00,1.000000000000000000e+00,-1.000000000000000000e+00,0.000000000000000000e+00
1.973000000000000000e+03,5.973884816558517485e+01,1.795121955315159923e+01,-1.232615582562971443e-03,3.901041561293493487e+01,3.126759459936556684e-01,nan,7.873422860991355709e-06,2.734884823492417283e+01,1.000000000000000000e+00,1.000000000000000000e+00,-1.000000000000000000e+00,0.000000000000000000e+00
1.976000000000000000e+03,1.263459000412208724e+02,2.523661684351440471e+01,-1.534293762631165972e-02,4.931807132138191605e+02,6.884231078423397321e-03,nan,1.832189415531964053e-05,2.137943959286541329e+01,1.000000000000000000e+00,1.000000000000000000e+00,-1.000000000000000000e+00,0.000000000000000000e+00
1.976000000000000000e+03,1.334273842396667575e+01,3.148651248662460844e+01,-7.870553768329862157e-03,2.526663727157462063e+02,1.685694512319635407e-02,nan,1.100064737312094188e-05,1.746610375809527937e+01,1.000000000000000000e+00,1.000000000000000000e+00,-1.000000000000000000e+00,0.000000000000000000e+00
1.977000000000000000e+03,3.377700795346754603e+01,6.985970688681517160e+00,-7.093338677834842322e-03,2.276500755784029764e+02,2.840440302423863361e-02,nan,1.651520171032881600e-05,7.449184709303247942e+00,1.000000000000000000e+00,1.000000000000000000e+00,-1.000000000000000000e+00,0.000000000000000000e+00
1.978000000000000000e+03,7.641461523711787152e+01,4.851341233634992989e+01,-1.271906878117763130e-03,4.027508833549337197e+01,3.272845239438648690e-01,nan,9.140930945663394439e-06,2.072590424750364235e+01,1.000000000000000000e+00,1.000000000000000000e+00,-1.000000000000000000e+00,0.000000000000000000e+00
1.980000000000000000e+03,4.078984035221137816e+01,9.498048430401732745e+00,-8.018733557125458725e-03,2.574358498805532349e+02,2.076994157861533630e-02,nan,1.456970995978076940e-05,3.259026676255450283e+00,1.000000000000000000e+00,1.000000000000000000e+00,-1.000000000000000000e+00,0.000000000000000000e+00
1.980000000000000000e+03,3.470433193753874690e+01,4.306516819290249032e+01,-9.011216751496613914e-03,2.893810022558048445e+02,1.409378907017078131e-02,nan,1.168593579659570307e-05,2.429779713067844682e+01,1.000000000000000000e+00,1.000000000000000000e+00,-1.000000000000000000e+00,0.000000000000000000e+00
1.983000000000000000e+03,9.583080349832982847e+01,4.126256822811918568e+01,-7.319005174162315601e-03,2.349136248778326319e+02,2.471552242834063051e-02,nan,1.276901434527680179e-05,2.072590424750364235e+01,1.000000000000000000e+00,1.000000000000000000e+00,-1.000000000000000000e+00,0.000000000000000000e+00
1.985000000000000000e+03,1.352763964093057147e+01,5.746900343098825914e+00,-7.530530579450969535e-03,2.417220135150471094e+02,2.249342736463844084e-02,nan,1.282120558412818498e-05,2.330327784903139587e+01,1.000000000000000000e+00,1.000000000000000000e+00,-1.000000000000000000e+00,0.000000000000000000e+00
1.985000000000000000e+03,4.110651164970339977e+01,1.274165354907591663e+01,-7.950968615442668280e-03,2.552546931616947177e+02,2.080215759050063618e-02,nan,1.381583862302574467e-05,3.259026676255450283e+00,1.000000000000000000e+00,1.000000000000000000e+00,-1.000000000000000000e+00,0.000000000000000000e+00
1.986000000000000000e+03,2.600683810298214382e+01,2.542715349832747052e+01,-7.607505960983512901e-03,2.441996275503742027e+02,1.671923297806254816e-02,nan,9.931902692877619056e-06,1.533231151275274051e+01,1.000000000000000000e+00,1.000000000000000000e+00,-1.000000000000000000e+00,0.000000000000000000e+00
1.987000000000000000e+03,1.310869238554079175e+02,1.317617282795879596e+01,-1.280582603735965028e-03,4.055433475337850524e+01,3.047972748270907362e-01,nan,8.135410265970519694e-06,4.507593181740036670e+01,1.000000000000000000e+00,1.000000000000000000e+00,-1.000000000000000000e+00,0.000000000000000000e+00
1.989000000000000000e+03,1.436700163426937138e+01,3.540683201547993519e+01,-8.415345872874664332e-03,2.702016487700119569e+02,1.957368682030169449e-02,nan,1.360102536573731962e-05,1.533231151275274051e+01,1.000000000000000000e+00,1.000000000000000000e+00,-1.000000000000000000e+00,0.000000000000000000e+00
1.990000000000000000e+03,2.985213541550468364e+01,4.338064648958641811e+01,-8.107441107705426128e-03,2.602910883734406298e+02,1.275679614431279862e-02,nan,9.007723803425476733e-06,1.741755107614802256e+01,1.000000000000000000e+00,1.000000000000000000e+00,-1.000000000000000000e+00,0.000000000000000000e+00
1.992000000000000000e+03,8.081495809246696638e+01,3.125631623256114366e+01,-8.716326478866593883e-03,2.798893405867986530e+02,1.639958202183311453e-02,nan,1.246040866350027114e-05,3.172473230250027854e+01,1.000000000000000000e+00,1.000000000000000000e+00,-1.000000000000000000e+00,0.000000000000000000e+00
1.995000000000000000e+03,5.736742469099206687e+01,9.886435160079161122e+00,-7.518718552204768646e-03,2.413418186539345243e+02,1.563039958599032886e-02,nan,8.922502797671890673e-06,2.925215265175243218e+01,1.000000000000000000e+00,1.000000000000000000e+00,-1.000000000000000000e+00,0.000000000000000000e+00
1.996000000000000000e+03,3.553146160108629914e+01,2.935125344070279496e+01,-8.759821986464921134e-03,2.812893346882079868e+02,1.293135983490112384e-02,nan,1.060410036445755098e-05,2.925215265175243218e+01,1.000000000000000000e+00,1.000000000000000000e+00,-1.000000000000000000e+00,0.000000000000000000e+00
1.998000000000000000e+03,8.443098895320066788e+01,4.154837640392197073e+01,-1.204308397990702531e-03,3.809928953079662506e+01,3.310367597562330344e-01,nan,8.402182317296884957e-06,4.165231126724241051e+01,1.000000000000000000e+00,1.000000000000000000e+00,-1.000000000000000000e+00,0.000000000000000000e+00
2.002000000000000000e+03,1.380017343659470441e+02,4.834380919801611753e+01,-1.414731988255384662e-03,4.487221394148340181e+01,2.959520202238661302e-01,nan,9.939059898379991960e-06,3.511326830803331234e+01,1.000000000000000000e+00,1.000000000000000000e+00,-1.000000000000000000e+00,0.000000000000000000e+00
2.004000000000000000e+03,1.338806411892344101e+02,1.347321697045580535e+01,-6.907157146345140573e-03,2.216574326534367287e+02,2.439120526471005856e-02,nan,1.126983517696748589e-05,1.753566945288013912e+01,1.000000000000000000e+00,1.000000000000000000e+00,-1.000000000000000000e+00,0.000000000000000000e+00
2.006000000000000000e+03,4.912664843380873236e+01,3.074975692850846087e+01,-7.159186554103208304e-03,2.297695275277253870e+02,4.465345277312693373e-02,nan,2.897216194882275340e-05,8.509009585849119262e+00,1.000000000000000000e+00,1.000000000000000000e+00,-1.000000000000000000e+00,0.000000000000000000e+00
2.008000000000000000e+03,3.336424278436090418e+01,6.093127929629784667e+00,-8.358623252954583416e-03,2.683759123275742127e+02,2.348600263539646349e-02,nan,1.591075535509123152e-05,2.926436032866752512e+01,1.000000000000000000e+00,1.000000000000000000e+00,-1.000000000000000000e+00,0.000000000000000000e+00
2.008000000000000000e+03,4.177361080953321704e+01,3.503182206440502711e+01,-8.642822696200921223e-03,2.775234672392907100e+02,2.234243626216436684e-02,nan,1.847859981506429431e-05,8.509009585849119262e+00,1.000000000000000000e+00,1.000000000000000000e+00,-1.000000000000000000e+00,0.000000000000000000e+00
2.010000000000000000e+03,7.603582436467441141e+01,5.113680150583952866e+01,-1.623577174061181230e-03,5.159433409549878746e+01,2.808496510040694449e-01,nan,1.155127712554139527e-05,1.437404645011533333e+01,1.000000000000000000e+00,1.000000000000000000e+00,-1.000000000000000000e+00,0.000000000000000000e+00
2.013000000000000000e+03,1.283407041460967832e+02,3.662817008002061669e+01,-8.683147677931863859e-03,2.788214113185759970e+02,1.452336901482165210e-02,nan,1.087821963045834111e-05,1.354544189454036029e+01,1.000000000000000000e+00,1.000000000000000000e+00,-1.000000000000000000e+00,0.000000000000000000e+00
2.018000000000000000e+03,1.277979457189069734e+02,5.016273359008933141e+01,-9.237267434422642351e-03,2.966569174063652667e+02,1.587141746420517308e-02,nan,1.531191895553646592e-05,1.354544189454036029e+01,1.000000000000000000e+00,1.000000000000000000e+00,-1.000000000000000000e+00,0.000000000000000000e+00
2.019000000000000000e+03,1.265912733167284756e+02,2.744306034495295776e+01,-1.415745749085421017e-03,4.490484395917160043e+01,3.126381442446665160e-01,nan,1.023495687908377517e-05,1.684828206756230529e+01,1.000000000000000000e+00,1.000000000000000000e+00,-1.000000000000000000e+00,0.000000000000000000e+00
2.020000000000000000e+03,9.821647324193084216e+01,3.108416807500079670e+01,-6.589754576463497347e-03,2.114411654998251322e+02,3.053766338319174878e-02,nan,1.301174724506651119e-05,9.390987377151866156e+00,1.000000000000000000e+00,1.000000000000000000e+00,-1.000000000000000000e+00,0.000000000000000000e+00
2.023000000000000000e+03,4.093222420527966676e+01,5.194632131682956810e+01,-6.356594279915160628e-03,2.039364125293581651e+02,2.154854496759117666e-02,nan,8.577029154070673765e-06,3.613800493561588212e+01,1.000000000000000000e+00,1.000000000000000000e+00,-1.000000000000000000e+00,0.000000000000000000e+00
2.024000000000000000e+03,3.414973890925443101e+01,1.645050052147677988e+01,-6.058380948600425135e-03,1.943377912497135469e+02,4.325761544134398839e-02,nan,1.599959390175058712e-05,6.003108633513519976e+00,1.000000000000000000e+00,1.000000000000000000e+00,-1.000000000000000000e+00,0.000000000000000000e+00
2.028000000000000000e+03,1.409221792661937229e+02,1.826999032298886760e+01,-8.650311578800466694e-03,2.777645126263760176e+02,1.149716965111391431e-02,nan,8.676862091123173530e-06,3.283982646903778857e+01,1.000000000000000000e+00,1.000000000000000000e+00,-1.000000000000000000e+00,0.000000000000000000e+00
2.029000000000000000e+03,3.128837581590610384e+01,2.172780234284237721e+01,-7.536842957562913704e-03,2.419251906386295730e+02,1.421996696104306235e-01,nan,9.453673928955703975e-05,5.218188492792228850e+00,1.000000000000000000e+00,1.000000000000000000e+00,-1.000000000000000000e+00,0.000000000000000000e+00
2.029000000000000000e+03,1.080823540107495120e+02,1.826106236668894667e+01,-8.650779577478414847e-03,2.777795761449960423e+02,1.061175429697447381e-02,nan,7.786617528971107358e-06,3.100260830341760609e+01,1.000000000000000000e+00,1.000000000000000000e+00,-1.000000000000000000e+00,0.000000000000000000e+00
2.029000000000000000e+03,8.548908584890928353e+01,3.949089880935413532e+01,-1.244649312317436252e-03,3.939774643408052412e+01,3.290231982865617910e-01,nan,7.849933679923039643e-06,2.020670701162098482e+01,1.000000000000000000e+00,1.000000000000000000e+00,-1.000000000000000000e+00,0.000000000000000000e+00
2.030000000000000000e+03,3.743532688551690057e+01,3.737505062307462822e+01,-8.247503017742493017e-03,2.647992745910801773e+02,1.882954986222995508e-02,nan,1.284154039652386298e-05,1.681134694768448412e+01,1.000000000000000000e+00,1.000000000000000000e+00,-1.000000000000000000e+00,0.000000000000000000e+00
2.030000000000000000e+03,6.882445754001881255e+01,5.091898576999715686e+01,-8.479383259518415497e-03,2.722628263150319867e+02,1.393674818387491410e-02,nan,9.608380908118271184e-06,2.020670701162098482e+01,1.000000000000000000e+00,1.000000000000000000e+00,-1.000000000000000000e+00,0.000000000000000000e+00
2.030000000000000000e+03,5.741979892476621217e+00,8.089421235144866884e+00,-1.490141988159713292e-03,4.729944288724690438e+01,3.368952667915714461e-01,nan,1.315155781042152389e-05,2.895900177691584076e+01,1.000000000000000000e+00,1.000000000000000000e+00,-1.000000000000000000e+00,0.000000000000000000e+00
2.032000000000000000e+03,3.578930921863025105e+01,1.908752022712987895e+01,-7.565985056096955971e-03,2.428631901770443449e+02,7.137887175175960941e-02,nan,4.223962013877627478e-05,5.218188492792228850e+00,1.000000000000000000e+00,1.000000000000000000e+00,-1.000000000000000000e+00,0.000000000000000000e+00
2.035000000000000000e+03,8.441107956873005946e+01,7.267353334073052729e+00,-5.752603280713182096e-03,1.844956959386728386e+02,3.980106108963799016e-02,nan,1.343557552294167415e-05,2.657581118129381537e+01,1.000000000000000000e+00,1.000000000000000000e+00,-1.000000000000000000e+00,0.000000000000000000e+00
2.037000000000000000e+03,1.391053229203994022e+02,1.192558341328506089e+01,-7.474747785705588600e-03,2.399265273484097918e+02,2.572386278422267303e-02,nan,1.446335759951682341e-05,1.838003984879403419e+01,1.000000000000000000e+00,1.000000000000000000e+00,-1.000000000000000000e+00,0.000000000000000000e+00
2.037000000000000000e+03,1.015738973364675530e+02,4.584435563479804898e+01,-1.574170646733797545e-03,5.000408143151758367e+01,3.490595911203641100e-01,nan,1.254759439030045627e-05,4.261476442957182087e+00,1.000000000000000000e+00,1.000000000000000000e+00,-1.000000000000000000e+00,0.000000000000000000e+00
2.038000000000000000e+03,4.930907595402680244e+01,5.271853523464221780e+01,-8.470065029362986581e-03,2.719628995415902750e+02,2.263966907864667366e-02,nan,1.650118226300576767e-05,2.837296740609638590e+01,1.000000000000000000e+00,1.000000000000000000e+00,-1.000000000000000000e+00,0.000000000000000000e+00
2.038000000000000000e+03,2.313605174206704973e+01,3.930569940973826704e+01,-8.084376813927093147e-03,2.595487157233493463e+02,1.587346185070426241e-02,nan,1.105508391233744641e-05,1.927407021547697141e+01,1.000000000000000000e+00,1.000000000000000000e+00,-1.000000000000000000e+00,0.000000000000000000e+00
2.038000000000000000e+03,1.057985373197023335e+02,4.640346071073014400e+01,1.804965692515338432e-03,-5.743270384725122568e+01,3.043850935052945239e-01,nan,1.627776893263630363e-05,4.261476442957182087e+00,1.000000000000000000e+00,1.000000000000000000e+00,-1.000000000000000000e+00,0.000000000000000000e+00
2.038000000000000000e+03,1.250574643907470715e+02,2.610984710079981141e+01,-1.258622911795143984e-03,3.984751602925129532e+01,3.517260783142277525e-01,nan,1.040330105589774238e-05,8.829481431778368972e+00,1.000000000000000000e+00,1.000000000000000000e+00,-1.000000000000000000e+00,0.000000000000000000e+00
2.040000000000000000e+03,1.101219175218324580e+02,1.399242223283465592e+01,-1.185658430594251035e-03,3.749900123004549357e+01,3.477931419997951634e-01,nan,8.980022808823364452e-06,1.923285069105267908e+01,1.000000000000000000e+00,1.000000000000000000e+00,-1.000000000000000000e+00,0.000000000000000000e+00
2.043000000000000000e+03,6.702160711074219535e+01,6.865175954731292052e+00,-1.290701094899251002e-03,4.088001960512414001e+01,2.825811545481335951e-01,nan,7.626272695473672569e-06,2.071942720169409924e+01,1.000000000000000000e+00,1.000000000000000000e+00,-1.000000000000000000e+00,0.000000000000000000e+00
2.043000000000000000e+03,2.270444407755022809e+01,2.003646233363515350e+01,-1.193294919705266497e-03,3.774479764216298605e+01,3.557663420865693205e-01,nan,9.241389036372396956e-06,1.927407021547697141e+01,1.000000000000000000e+00,1.000000000000000000e+00,-1.000000000000000000e+00,0.000000000000000000e+00
2.050000000000000000e+03,1.055209652329770620e+02,4.368432148680862781e+01,-1.152632123298976720e-03,3.643598028931521071e+01,3.619943716337861161e-01,nan,9.208724504327634437e-06,3.262963863499786754e+01,1.000000000000000000e+00,1.000000000000000000e+00,-1.000000000000000000e+00,0.000000000000000000e+00
2.052000000000000000e+03,5.900960269376426481e+01,2.244274363933562455e+01,-2.232173933200450044e-02,7.178080773338530207e+02,6.271494364141538824e-03,nan,3.974937499988059637e-05,8.871226798194681962e+00,1.000000000000000000e+00,1.000000000000000000e+00,-1.000000000000000000e+00,0.000000000000000000e+00
2.053000000000000000e+03,1.250458793419002319e+02,1.754104230286312216e+01,-1.532806278956037882e-02,4.927019354075331989e+02,5.890114320375450241e-03,nan,1.596991152446187358e-05,3.262963863499786754e+01,1.000000000000000000e+00,1.000000000000000000e+00,-1.000000000000000000e+00,0.000000000000000000e+00
2.056000000000000000e+03,1.772626785040216646e+01,6.577825733178870315e+00,-8.033911784454001240e-03,2.579243929486337947e+02,1.223551136434608555e-02,nan,7.531876550817159473e-06,3.296578630820182809e+01,1.000000000000000000e+00,1.000000000000000000e+00,-1.000000000000000000e+00,0.000000000000000000e+00
2.056000000000000000e+03,5.721462950512580647e+01,7.701210391597822280e+00,-8.340914729413406031e-03,2.678059263710642881e+02,1.480270378781578522e-02,nan,1.006384314168076780e-05,1.357888132888023236e+01,1.000000000000000000e+00,1.000000000000000000e+00,-1.000000000000000000e+00,0.000000000000000000e+00
2.056000000000000000e+03,5.051993793953634793e+01,2.501650688909806419e+01,-2.402507729637950312e-02,7.726335808054629979e+02,5.629388736973717222e-03,nan,3.814518348801831932e-05,5.837569682357592882e+00,1.000000000000000000e+00,1.000000000000000000e+00,-1.000000000000000000e+00,0.000000000000000000e+00
2.056000000000000000e+03,8.282860957366840182e+01,4.366796642167997788e+01,-2.196821725583083390e-02,7.064292281448360882e+02,3.158881199936125483e-03,nan,1.759393149638326475e-05,3.108643305786682376e+01,1.000000000000000000e+00,1.000000000000000000e+00,-1.000000000000000000e+00,0.000000000000000000e+00
2.059000000000000000e+03,5.047495334348407425e+01,3.968231869128955935e+01,-2.762200081591527617e-03,8.824329952413303602e+01,1.050258127959161625e-01,nan,8.940722620020201847e-06,1.466588079288732516e+01,1.000000000000000000e+00,1.000000000000000000e+00,-1.000000000000000000e+00,0.000000000000000000e+00
2.061000000000000000e+03,6.236829247039666768e+01,2.026408331876729818e+01,-9.068728004677383339e-03,2.912321225131261144e+02,1.519107569256761270e-02,nan,1.196763317140137475e-05,1.276593258954447485e+01,1.000000000000000000e+00,1.000000000000000000e+00,-1.000000000000000000e+00,0.000000000000000000e+00
2.061000000000000000e+03,4.793105925537744838e+01,1.978440148543041488e+01,-8.226939582382622115e-03,2.641373973122956613e+02,3.677577548237642713e-02,nan,2.443663992974840385e-05,5.837569682357592882e+00,1.000000000000000000e+00,1.000000000000000000e+00,-1.000000000000000000e+00,0.000000000000000000e+00
2.062000000000000000e+03,1.247112522518422111e+02,3.652039274322348916e+01,-8.673598841943538570e-03,2.785140620129319586e+02,1.195639481245025504e-02,nan,8.634997612358931624e-06,5.259191917602164779e+01,1.000000000000000000e+00,1.000000000000000000e+00,-1.000000000000000000e+00,0.000000000000000000e+00
2.067000000000000000e+03,6.344474026791478316e+00,1.806155811524856958e+01,-8.503088016194740653e-03,2.730258136062407175e+02,1.607745830832241207e-02,nan,1.101835185326098438e-05,3.157082414173153850e+01,1.000000000000000000e+00,1.000000000000000000e+00,-1.000000000000000000e+00,0.000000000000000000e+00
2.067000000000000000e+03,7.384812136298278062e+01,2.314684127773956845e+01,-1.280394621928222050e-03,4.054828416478800079e+01,3.487157163877637744e-01,nan,1.053841687322637324e-05,1.899604066641875377e+01,1.000000000000000000e+00,1.000000000000000000e+00,-1.000000000000000000e+00,0.000000000000000000e+00
2.068000000000000000e+03,4.301313786732190891e+01,3.714304834360776653e+01,-1.175879746506613586e-03,3.718425378144314664e+01,3.682042822782704006e-01,nan,1.007436217494999389e-05,1.538084494992876650e+01,1.000000000000000000e+00,1.000000000000000000e+00,-1.000000000000000000e+00,0.000000000000000000e+00
2.070000000000000000e+03,9.037322531983581086e+01,3.251543243198658217e+01,-8.588550818116227892e-03,2.757766130608629283e+02,1.782344491865295311e-02,nan,1.374829565618018811e-05,1.235885162648710001e+01,1.000000000000000000e+00,1.000000000000000000e+00,-1.000000000000000000e+00,0.000000000000000000e+00
2.072000000000000000e+03,5.485813278440491558e+01,7.550422245154019052e+00,-1.957023491264032935e-03,6.232700289273798688e+01,3.107296151957374963e-01,nan,2.009510532970319431e-05,2.435290470386404849e+01,1.000000000000000000e+00,1.000000000000000000e+00,-1.000000000000000000e+00,0.000000000000000000e+00
2.073000000000000000e+03,6.258292057035784950e+01,5.207740954181552695e+01,-6.610888294689323819e-03,2.121213985282618637e+02,2.554205782315566164e-02,nan,1.091915997667715379e-05,2.461730162797251253e+01,1.000000000000000000e+00,1.000000000000000000e+00,-1.000000000000000000e+00,0.000000000000000000e+00
2.074000000000000000e+03,7.877560883817392323e+01,1.213499493329735301e+01,-8.127995948030205392e-03,2.609526890030010122e+02,1.684550010833196776e-02,nan,1.112005315805651422e-05,1.764022947975889011e+01,1.000000000000000000e+00,1.000000000000000000e+00,-1.000000000000000000e+00,0.000000000000000000e+00
2.074000000000000000e+03,1.259258687233763396e+02,1.487609406061740103e+01,-1.183010539226928264e-03,3.741377329502152804e+01,3.631924997475270978e-01,nan,9.653486725255613373e-06,2.687790358198834895e+01,1.000000000000000000e+00,1.000000000000000000e+00,-1.000000000000000000e+00,0.000000000000000000e+00
2.074000000000000000e+03,1.018648502117403041e+02,2.796749104392056395e+01,-1.226650890375342385e-03,3.881842948975829444e+01,2.933907436555166504e-01,nan,7.334497340364811079e-06,1.235885162648710001e+01,1.000000000000000000e+00,1.000000000000000000e+00,-1.000000000000000000e+00,0.000000000000000000e+00
2.075000000000000000e+03,2.022418512477907981e+01,5.337020837729154366e+00,-1.250794044811733702e-03,3.959552753198602915e+01,3.118145924504627242e-01,nan,8.888231503674088633e-06,1.813810145694383280e+01,1.000000000000000000e+00,1.000000000000000000e+00,-1.000000000000000000e+00,0.000000000000000000e+00
2.076000000000000000e+03,1.081028309276106540e+02,4.019889488139654787e+01,-1.672693017042900174e-02,5.377274148192337861e+02,4.408856403534722190e-03,nan,1.354308274948515843e-05,1.373024556397272100e+01,1.000000000000000000e+00,1.000000000000000000e+00,-1.000000000000000000e+00,0.000000000000000000e+00
2.077000000000000000e+03,1.436913418004683933e+02,3.504561729022745453e+01,-7.556134763564152819e-03,2.425461378605055529e+02,2.209757404217478349e-01,nan,1.716365968074331117e-04,2.687790358198834895e+01,1.000000000000000000e+00,1.000000000000000000e+00,-1.000000000000000000e+00,0.000000000000000000e+00
2.079000000000000000e+03,1.326337024867756575e+01,3.347126718338322604e+01,-1.359858464100698657e-03,4.310599452292773037e+01,3.231047854745991987e-01,nan,1.019653419108759820e-05,1.163883225557085943e+01,1.000000000000000000e+00,1.000000000000000000e+00,-1.000000000000000000e+00,0.000000000000000000e+00
2.081000000000000000e+03,5.033238590269600365e+01,4.506329953437833780e+01,-8.256549124030856945e-03,2.650904424873462517e+02,2.312019530534992207e-02,nan,1.597921125805840060e-05,2.981601831485345855e+01,1.000000000000000000e+00,1.000000000000000000e+00,-1.000000000000000000e+00,0.000000000000000000e+00
2.085000000000000000e+03,1.385653335127455499e+01,5.688263836167017473e+00,-8.348271535543187044e-03,2.680427206000688329e+02,1.432969385533799933e-02,nan,1.012244439530368170e-05,1.768926165718394827e+01,1.000000000000000000e+00,1.000000000000000000e+00,-1.000000000000000000e+00,0.000000000000000000e+00
2.085000000000000000e+03,1.158630722221257514e+02,3.474558115423896965e+01,-8.192007424602942497e-03,2.630130325780643261e+02,2.017028235875106823e-02,nan,1.345418020716543206e-05,2.155929663898888649e+01,1.000000000000000000e+00,1.000000000000000000e+00,-1.000000000000000000e+00,0.000000000000000000e+00
2.086000000000000000e+03,9.457598443349046136e+01,3.133044352204142768e+01,-1.138032071060052783e-03,3.596604699865171284e+01,3.662065889394826579e-01,nan,9.102838670597889425e-06,2.155929663898888649e+01,1.000000000000000000e+00,1.000000000000000000e+00,-1.000000000000000000e+00,0.000000000000000000e+00
2.087000000000000000e+03,2.650490399400394281e+01,1.819663989931144599e+01,-8.619547467742351768e-03,2.767743052142864713e+02,3.479715402441752037e-02,nan,2.894619624418293908e-05,9.386656704922536676e+00,1.000000000000000000e+00,1.000000000000000000e+00,-1.000000000000000000e+00,0.000000000000000000e+00
2.087000000000000000e+03,3.102040648949580515e+01,9.967450309244027196e+00,-8.544378844696816008e-03,2.743548454887754815e+02,3.227079346215488975e-02,nan,2.616118070778354775e-05,8.323167673787144949e+00,1.000000000000000000e+00,1.000000000000000000e+00,-1.000000000000000000e+00,0.000000000000000000e+00
2.088000000000000000e+03,5.123192365292679540e+01,2.329619279308631619e+01,-7.734290727278900733e-03,2.482804610608428959e+02,1.745575747354888296e-02,nan,1.074809004524898009e-05,2.421075798582621275e+01,1.000000000000000000e+00,1.000000000000000000e+00,-1.000000000000000000e+00,0.000000000000000000e+00
2.090000000000000000e+03,5.491481644864565936e+01,4.867467982073566191e+01,-6.553650718895398346e-03,2.102790871514072819e+02,2.995849635730707394e-02,nan,1.273252864626800250e-05,2.564432302006282427e+01,1.000000000000000000e+00,1.000000000000000000e+00,-1.000000000000000000e+00,0.000000000000000000e+00
2.091000000000000000e+03,2.295860102414107473e+01,7.898051177913409937e+00,-8.400466056809961779e-03,2.697227106940843555e+02,1.791361692397885896e-02,nan,1.633078022628530742e-05,8.323167673787144949e+00,1.000000000000000000e+00,1.000000000000000000e+00,-1.000000000000000000e+00,0.000000000000000000e+00
2.092000000000000000e+03,1.841306449825911784e+01,4.960378508526889618e+01,-8.800961278860226084e-03,2.826134890634472754e+02,1.047955953650669958e-02,nan,8.237893225065151897e-06,3.243280183944499129e+01,1.000000000000000000e+00,1.000000000000000000e+00,-1.000000000000000000e+00,0.000000000000000000e+00
2.094000000000000000e+03,6.384626470428470668e+01,6.668357441560094578e+00,-8.615878760657122784e-03,2.766562201852174780e+02,1.229542411081119280e-02,nan,1.042982517280471763e-05,4.090615097886579576e+01,1.000000000000000000e+00,1.000000000000000000e+00,-1.000000000000000000e+00,0.000000000000000000e+00
2.099000000000000000e+03,5.042981661807526272e+00,8.451635526273333809e+00,-6.787930218876327831e-03,2.178198640307886080e+02,2.237591941151129138e-02,nan,1.016767634053692340e-05,4.368989858352314570e+01,1.000000000000000000e+00,1.000000000000000000e+00,-1.000000000000000000e+00,0.000000000000000000e+00
2.099000000000000000e+03,1.316524717065751986e+02,1.136187229322670333e+01,-8.423834480090326704e-03,2.704748723898132425e+02,1.179448649581482655e-02,nan,8.202898064908976914e-06,1.913049993542485439e+01,1.000000000000000000e+00,1.000000000000000000e+00,-1.000000000000000000e+00,0.000000000000000000e+00
2.101000000000000000e+03,1.283541827409467828e+02,3.020589834071730095e+01,-4.975583689307303513e-03,1.594856913493820514e+02,3.335421039530550580e-02,nan,8.706458754467682971e-06,1.090458803183357084e+01,1.000000000000000000e+00,1.000000000000000000e+00,-1.000000000000000000e+00,0.000000000000000000e+00
2.103000000000000000e+03,9.984241202338547794e+01,2.732892361117524516e+01,-7.650200116074688285e-03,2.455738284412863948e+02,2.295569275816866650e-02,nan,1.328002536745282987e-05,2.865655340485330882e+01,1.000000000000000000e+00,1.000000000000000000e+00,-1.000000000000000000e+00,0.000000000000000000e+00
2.103000000000000000e+03,1.390237248524136078e+02,3.245776673732576967e+01,-1.407518974553129566e-03,4.464004797322304086e+01,2.535549024409589070e-01,nan,8.206657859349309026e-06,1.090458803183357084e+01,1.000000000000000000e+00,1.000000000000000000e+00,-1.000000000000000000e+00,0.000000000000000000e+00
2.103000000000000000e+03,4.611248569981059831e+01,4.291093812324572099e+01,-1.063684010982658863e-03,3.357299881259999097e+01,3.704370312852339753e-01,nan,7.706433971699124173e-06,2.406251936470023267e+01,1.000000000000000000e+00,1.000000000000000000e+00,-1.000000000000000000e+00,0.000000000000000000e+00
2.107000000000000000e+03,5.102441916855426740e+01,1.935509494633503991e+01,-8.739656463404080894e-03,2.806402650510003127e+02,1.212794231184166627e-02,nan,9.376810224166129822e-06,9.763076377583004728e+00,1.000000000000000000e+00,1.000000000000000000e+00,-1.000000000000000000e+00,0.000000000000000000e+00
2.109000000000000000e+03,9.732978673270582703e+01,2.309020332939610753e+01,-1.187176566734200441e-03,3.754786562451797494e+01,3.736473114234297732e-01,nan,1.040269311385000545e-05,1.929543833712381939e+01,1.000000000000000000e+00,1.000000000000000000e+00,-1.000000000000000000e+00,0.000000000000000000e+00
2.110000000000000000e+03,1.336267024452823478e+02,4.968670486983786105e+01,-8.479830597530142386e-03,2.722772248267941109e+02,1.693753187366653368e-02,nan,1.328080864509438053e-05,4.499822201417079270e+01,1.000000000000000000e+00,1.000000000000000000e+00,-1.000000000000000000e+00,0.000000000000000000e+00
2.112000000000000000e+03,4.859499545010301347e+01,2.881107510445433206e+01,-6.418436352726448330e-03,2.059269292961531050e+02,1.957337593790142716e-02,nan,7.862722776682031509e-06,9.763076377583004728e+00,1.000000000000000000e+00,1.000000000000000000e+00,-1.000000000000000000e+00,0.000000000000000000e+00
2.115000000000000000e+03,2.083096885149904054e+01,1.258811901578936343e+01,-8.640685382511902740e-03,2.774546733172811059e+02,1.162767441684120495e-02,nan,8.665640510371242129e-06,3.215626653115595701e+01,1.000000000000000000e+00,1.000000000000000000e+00,-1.000000000000000000e+00,0.000000000000000000e+00
2.115000000000000000e+03,9.532637538690993040e+01,1.811360228815437168e+01,-7.381077531101056140e-03,2.369115538220657413e+02,1.920998085374014952e-02,nan,1.027271404023386074e-05,1.991169406145244025e+01,1.000000000000000000e+00,1.000000000000000000e+00,-1.000000000000000000e+00,0.000000000000000000e+00
2.127000000000000000e+03,4.145760021861831746e+01,3.129820970122199242e+01,-8.523399322341290024e-03,2.736795755776996089e+02,1.254284408911288118e-02,nan,9.885916178476921587e-06,1.418700172737876208e+01,1.000000000000000000e+00,1.000000000000000000e+00,-1.000000000000000000e+00,0.000000000000000000e+00
2.128000000000000000e+03,2.969732567967460923e+01,6.289389860358730822e+00,-1.465935239148199315e-03,4.652029792029131983e+01,2.890524655141374355e-01,nan,9.842858859069141789e-06,2.348594289500429255e+01,1.000000000000000000e+00,1.000000000000000000e+00,-1.000000000000000000e+00,0.000000000000000000e+00
2.132000000000000000e+03,4.918360639682232716e+01,1.939947672047982152e+01,1.328091055828518885e-03,-4.208349388656723278e+01,2.630077815175320133e-01,nan,6.860877522379962272e-06,1.418700172737876208e+01,1.000000000000000000e+00,1.000000000000000000e+00,-1.000000000000000000e+00,0.000000000000000000e+00
2.134000000000000000e+03,6.864756495558152949e+01,4.855272604180207452e+01,-8.053897420457480430e-03,2.585676725437628534e+02,1.740347209451298394e-02,nan,1.146063168059770515e-05,3.324603283221524208e+01,1.000000000000000000e+00,1.000000000000000000e+00,-1.000000000000000000e+00,0.000000000000000000e+00
2.135000000000000000e+03,1.231279032076758995e+02,5.033702405758761245e+01,-8.691519768622911826e-03,2.790908846097528908e+02,1.129195189321030579e-02,nan,8.978553804527572381e-06,2.205724598984501128e+01,1.000000000000000000e+00,1.000000000000000000e+00,-1.000000000000000000e+00,0.000000000000000000e+00
2.136000000000000000e+03,1.390441156482173710e+02,3.010657590975393205e+01,-1.270443428547070232e-03,4.022798414290409852e+01,3.392647990801059832e-01,nan,9.907759399825190539e-06,2.574095667831003809e+01,1.000000000000000000e+00,1.000000000000000000e+00,-1.000000000000000000e+00,0.000000000000000000e+00
2.137000000000000000e+03,5.565339048008563161e+00,2.808809964295026163e+01,-1.776244690076909591e-02,5.710576917704684092e+02,3.615676563398895205e-03,nan,1.237674781970232790e-05,1.126496060181579928e+01,1.000000000000000000e+00,1.000000000000000000e+00,-1.000000000000000000e+00,0.000000000000000000e+00
2.137000000000000000e+03,3.602914403548705735e+01,4.212331582310571321e+01,-1.346088553736063138e-03,4.266278108890021770e+01,3.031361245239959645e-01,nan,9.407535589968042997e-06,8.084838223159829695e+00,1.000000000000000000e+00,1.000000000000000000e+00,-1.000000000000000000e+00,0.000000000000000000e+00
2.138000000000000000e+03,1.682929971348286458e+01,2.793800804721649556e+01,-8.639390255128595597e-03,2.774129869271842495e+02,1.951019065697856547e-02,nan,1.485904000898094359e-05,1.126496060181579928e+01,1.000000000000000000e+00,1.000000000000000000e+00,-1.000000000000000000e+00,0.000000000000000000e+00
2.138000000000000000e+03,5.676758688020463239e+01,1.749223524022671228e+01,-9.975511418009494046e-04,3.144437376886726909e+01,3.713650895136704211e-01,nan,6.997369140193523722e-06,2.156312301708097579e+01,1.000000000000000000e+00,1.000000000000000000e+00,-1.000000000000000000e+00,0.000000000000000000e+00
2.139000000000000000e+03,1.096180306812288023e+02,3.290127213873754641e+01,-1.749026504450805833e-02,5.622969480910282982e+02,4.953278621189993736e-03,nan,1.731482777807536431e-05,2.205724598984501128e+01,1.000000000000000000e+00,1.000000000000000000e+00,-1.000000000000000000e+00,0.000000000000000000e+00
2.141000000000000000e+03,2.809565306128560280e+01,4.056628979348056419e+01,-8.491230959551791108e-03,2.726441693795886181e+02,1.678413104628828645e-02,nan,1.280022897043919815e-05,8.084838223159829695e+00,1.000000000000000000e+00,1.000000000000000000e+00,-1.000000000000000000e+00,0.000000000000000000e+00
2.142000000000000000e+03,7.740155629830390183e+01,2.375383090768332295e+01,-7.746100035351969303e-03,2.486605683996673974e+02,1.783657450965270286e-02,nan,1.061139357968093514e-05,2.156312301708097579e+01,1.000000000000000000e+00,1.000000000000000000e+00,-1.000000000000000000e+00,0.000000000000000000e+00
2.143000000000000000e+03,7.254480450151023163e+00,4.008724642006449557e+01,-9.174514286221723339e-03,2.946370757680639940e+02,1.191490173999742996e-02,nan,1.091672468645108316e-05,1.369306522742695797e+01,1.000000000000000000e+00,1.000000000000000000e+00,-1.000000000000000000e+00,0.000000000000000000e+00
2.144000000000000000e+03,1.890489773786961081e+01,3.289226119807847937e+01,-1.404689585395195407e-03,4.454897815129385208e+01,3.040046995195485602e-01,nan,1.033920034767134024e-05,1.197333279826248997e+01,1.000000000000000000e+00,1.000000000000000000e+00,-1.000000000000000000e+00,0.000000000000000000e+00
2.145000000000000000e+03,4.319937789537562622e+01,3.219813485094185523e+01,-1.483966074209190633e-03,4.710065814880012880e+01,2.231086933786318172e-01,nan,7.097675082391074966e-06,1.726697776121353201e+01,1.000000000000000000e+00,1.000000000000000000e+00,-1.000000000000000000e+00,0.000000000000000000e+00
2.153000000000000000e+03,5.858760081922548579e+01,4.195390483209246213e+01,-6.383488086808109842e-03,2.048020460877079358e+02,2.502381274767495611e-02,nan,1.066044096382809252e-05,1.727865682813548887e+01,1.000000000000000000e+00,1.000000000000000000e+00,-1.000000000000000000e+00,0.000000000000000000e+00
2.156000000000000000e+03,4.132325690047444766e+01,4.125076129087398868e+01,-6.641108627479236706e-03,2.130941032967453737e+02,2.342546169421710900e-02,nan,1.008147960993134491e-05,1.727865682813548887e+01,1.000000000000000000e+00,1.000000000000000000e+00,-1.000000000000000000e+00,0.000000000000000000e+00
2.157000000000000000e+03,1.270709167918573570e+02,1.667147168341562846e+01,-6.828724080203524803e-03,2.191328999828965038e+02,1.433584984258129413e-02,nan,6.350376176708371308e-06,1.752731309041097418e+01,1.000000000000000000e+00,1.000000000000000000e+00,-1.000000000000000000e+00,0.000000000000000000e+00
2.159000000000000000e+03,1.302956968859246558e+02,3.389957365415515511e+01,-8.586627233983805743e-03,2.757146984727214090e+02,3.206574513801008219e-02,nan,2.466568374130256123e-05,7.648132635642766353e+00,1.000000000000000000e+00,1.000000000000000000e+00,-1.000000000000000000e+00,0.000000000000000000e+00
2.159000000000000000e+03,1.353699428191254128e+02,3.962198232723850566e+01,-3.498899883238574919e-03,1.119555271486459986e+02,3.375153169293382271e-01,nan,7.352449435295316824e-05,7.648132635642766353e+00,1.000000000000000000e+00,1.000000000000000000e+00,-1.000000000000000000e+00,0.000000000000000000e+00
2.161000000000000000e+03,1.099568537342280194e+01,1.180021420995335113e+01,-1.452894033254351243e-03,4.610053936740219882e+01,2.752520453473537021e-01,nan,8.969358748809213680e-06,1.560349609777401270e+01,1.000000000000000000e+00,1.000000000000000000e+00,-1.000000000000000000e+00,0.000000000000000000e+00
2.162000000000000000e+03,1.539518809020569812e+01,2.677063392077872095e+01,-1.609267323422167032e-03,5.113374155174287949e+01,2.781785105020577742e-01,nan,1.125827969375684785e-05,1.393952067714243626e+01,1.000000000000000000e+00,1.000000000000000000e+00,-1.000000000000000000e+00,0.000000000000000000e+00
2.163000000000000000e+03,9.709158321174761852e+01,3.539306772485119268e+01,-8.447078084183766086e-03,2.712230165183245845e+02,1.284578400770530759e-02,nan,8.739723988760649700e-06,1.218315418126026550e+01,1.000000000000000000e+00,1.000000000000000000e+00,-1.000000000000000000e+00,0.000000000000000000e+00
2.166000000000000000e+03,2.637221239661177918e+01,1.817905815814637194e+01,-2.088128205864316338e-03,6.654688299627321157e+01,1.315135010172840957e-01,nan,6.695539828034857680e-06,1.393952067714243626e+01,1.000000000000000000e+00,1.000000000000000000e+00,-1.000000000000000000e+00,0.000000000000000000e+00
2.167000000000000000e+03,6.453235637358628196e+01,2.400915350468752152e+01,-7.687102398311200339e-03,2.467616057615732359e+02,1.642944967989767857e-02,nan,9.553018138426895496e-06,1.580987609460915344e+01,1.000000000000000000e+00,1.000000000000000000e+00,-1.000000000000000000e+00,0.000000000000000000e+00
2.167000000000000000e+03,1.283052790054688046e+02,2.341955927590424125e+01,-1.266125444950586031e-03,4.008900078809683976e+01,3.473916633278572030e-01,nan,9.700141610723454706e-06,1.199611932077696785e+01,1.000000000000000000e+00,1.000000000000000000e+00,-1.000000000000000000e+00,0.000000000000000000e+00
2.169000000000000000e+03,4.278466395691219759e+01,5.040836286360417517e+01,-1.347119599384482289e-03,4.269596745470609989e+01,3.159636675182371235e-01,nan,9.723962821189231513e-06,1.382506810317983437e+01,1.000000000000000000e+00,1.000000000000000000e+00,-1.000000000000000000e+00,0.000000000000000000e+00
2.172000000000000000e+03,5.035546390702169361e+01,3.884049805747065420e+01,-1.161663400970676212e-03,3.672667089546541774e+01,3.708771259516794316e-01,nan,9.433852343069087424e-06,1.382506810317983437e+01,1.000000000000000000e+00,1.000000000000000000e+00,-1.000000000000000000e+00,0.000000000000000000e+00
2.174000000000000000e+03,1.378075284290147238e+02,3.392934365981706435e+01,1.398175606762753521e-03,-4.433931209229893255e+01,3.608929931225344223e-01,nan,1.380483631606896751e-05,2.739928426793759897e+01,1.000000000000000000e+00,1.000000000000000000e+00,-1.000000000000000000e+00,0.000000000000000000e+00
2.179000000000000000e+03,1.111265593681266495e+02,4.911845025155750477e+01,-1.234403203453681439e-03,3.906795393909177960e+01,3.395002377026669071e-01,nan,9.146567434743964331e-06,2.934791793113339509e+01,1.000000000000000000e+00,1.000000000000000000e+00,-1.000000000000000000e+00,0.000000000000000000e+00
2.183000000000000000e+03,2.172281423416920276e+01,2.444412086706659437e+01,-1.185678839482914079e-03,3.749965813291483130e+01,3.040605272574962159e-01,nan,7.304286306988634597e-06,2.539747351310037971e+01,1.000000000000000000e+00,1.000000000000000000e+00,-1.000000000000000000e+00,0.000000000000000000e+00
2.184000000000000000e+03,1.027611330007890871e+02,2.098804093023417394e+01,-1.452529264109157434e-03,4.608879850771702280e+01,3.118592862044475833e-01,nan,1.085318870158232340e-05,1.222657138003011390e+01,1.000000000000000000e+00,1.000000000000000000e+00,-1.000000000000000000e+00,0.000000000000000000e+00
2.186000000000000000e+03,1.114115752035033680e+01,4.753221741137980416e+01,-9.032394611916011798e-03,2.900626560932868188e+02,1.525247104202664961e-02,nan,1.347212570491404364e-05,2.539747351310037971e+01,1.000000000000000000e+00,1.000000000000000000e+00,-1.000000000000000000e+00,0.000000000000000000e+00
2.188000000000000000e+03,7.499454472792007209e+01,8.213018659386838394e+00,-1.499949147186063238e-02,4.821261786898528499e+02,8.363046845105104321e-02,nan,2.020835979291875362e-04,2.002579765945526091e+01,1.000000000000000000e+00,1.000000000000000000e+00,-1.000000000000000000e+00,0.000000000000000000e+00
2.189000000000000000e+03,7.598156866331179060e+01,3.496733123920913755e+01,-7.924866400997316110e-03,2.544145386658630912e+02,2.495948026244865225e-02,nan,1.523495949710114819e-05,1.561245164660991769e+01,1.000000000000000000e+00,1.000000000000000000e+00,-1.000000000000000000e+00,0.000000000000000000e+00
2.192000000000000000e+03,6.400379099925277160e+01,2.495326669737091407e+01,-1.582953942691605470e-02,5.088430123384188164e+02,5.434437397815572446e-03,nan,1.507516131936012291e-05,1.561245164660991769e+01,1.000000000000000000e+00,1.000000000000000000e+00,-1.000000000000000000e+00,0.000000000000000000e+00
2.192000000000000000e+03,1.166746991218995930e+02,2.749886667651810157e+01,-8.892053718951653876e-03,2.855454902252381544e+02,1.710307842998559646e-02,nan,1.531391818110991674e-05,2.181612263777178740e+01,1.000000000000000000e+00,1.000000000000000000e+00,-1.000000000000000000e+00,0.000000000000000000e+00
2.194000000000000000e+03,1.030080044491621152e+02,1.049402431710566219e+01,-1.514959774076124780e-03,4.809825535803988572e+01,2.657463089432262615e-01,nan,9.245734894025440633e-06,2.181612263777178740e+01,1.000000000000000000e+00,1.000000000000000000e+00,-1.000000000000000000e+00,0.000000000000000000e+00
2.199000000000000000e+03,1.094491232930172373e+02,3.567882410669270854e+01,-1.858751474344347938e-03,5.916391199857756789e+01,2.218978094484851393e-01,nan,1.150173342148441002e-05,2.599542560533005187e+01,1.000000000000000000e+00,1.000000000000000000e+00,-1.000000000000000000e+00,0.000000000000000000e+00
2.200000000000000000e+03,2.738122298052445913e+01,4.014681016374817091e+01,-1.120474634734254299e-03,3.540092410092668729e+01,3.665599252475375547e-01,nan,8.745628992525214524e-06,2.328519352386208752e+01,1.000000000000000000e+00,1.000000000000000000e+00,-1.000000000000000000e+00,0.000000000000000000e+00
2.202000000000000000e+03,7.448296230610796442e+01,1.790770883848851724e+01,-1.681086732862709793e-02,5.404291082320706892e+02,5.235885217644287160e-03,nan,1.626983206909940507e-05,3.320173287003775897e+01,1.000000000000000000e+00,1.000000000000000000e+00,-1.000000000000000000e+00,0.000000000000000000e+00
2.204000000000000000e+03,1.436156463852340721e+02,3.143172539598739945e+01,-1.649149205169269869e-02,5.301493453661391868e+02,1.441016456136390289e-02,nan,3.814545877808870158e-05,3.442948079291148389e+01,1.000000000000000000e+00,1.000000000000000000e+00,-1.000000000000000000e+00,0.000000000000000000e+00
2.206000000000000000e+03,7.020188226611657001e+01,5.083228050258967556e+01,-8.533940875099732537e-03,2.740188775538439927e+02,1.482376845947719346e-02,nan,1.149151229376675331e-05,2.649979166096920480e+01,1.000000000000000000e+00,1.000000000000000000e+00,-1.000000000000000000e+00,0.000000000000000000e+00
2.210000000000000000e+03,1.262986889785053677e+02,4.880030225453917581e+01,-1.280481731943136289e-03,4.055108798324621944e+01,3.621525074766100971e-01,nan,1.124333503563262998e-05,2.972314842630763110e+01,1.000000000000000000e+00,1.000000000000000000e+00,-1.000000000000000000e+00,0.000000000000000000e+00
2.211000000000000000e+03,9.657984945865820237e+01,4.829420941139258616e+01,-1.785537234231084850e-03,5.680735818515168489e+01,2.120848537262020050e-01,nan,9.258969923191504882e-06,1.372121312263372417e+01,1.000000000000000000e+00,1.000000000000000000e+00,-1.000000000000000000e+00,0.000000000000000000e+00
2.212000000000000000e+03,1.449694265953486649e+01,9.724280909040086129e+00,-8.526802564163145012e-03,2.737891160507127211e+02,1.799573414712185571e-02,nan,1.346706949807203114e-05,1.297974787703995858e+01,1.000000000000000000e+00,1.000000000000000000e+00,-1.000000000000000000e+00,0.000000000000000000e+00
2.213000000000000000e+03,2.255111994142763621e+01,1.990289001163193916e+01,-7.411777796824473193e-03,2.378997062382048000e+02,5.284564781929756982e-02,nan,2.135182712314627294e-05,7.705526273140862692e+00,1.000000000000000000e+00,1.000000000000000000e+00,-1.000000000000000000e+00,0.000000000000000000e+00
2.213000000000000000e+03,3.596225499951554383e+01,2.526727227056025882e+01,-8.487039039781077779e-03,2.725092436533095679e+02,1.151215027171840211e-01,nan,9.279131770648499421e-05,6.900004554878096386e+00,1.000000000000000000e+00,1.000000000000000000e+00,-1.000000000000000000e+00,0.000000000000000000e+00
2.213000000000000000e+03,3.003618319519816993e+01,2.173290728835863206e+01,-8.645336076331900863e-03,2.776043656481670041e+02,1.193125930730460915e-01,nan,1.077887367430216165e-04,6.900004554878096386e+00,1.000000000000000000e+00,1.000000000000000000e+00,-1.000000000000000000e+00,0.000000000000000000e+00
2.216000000000000000e+03,1.102370147538082392e+02,2.409147241236315296e+01,-8.452117855452339484e-03,2.713852321226028721e+02,1.766057528935682797e-02,nan,1.250497415665064113e-05,2.604266556597135818e+01,1.000000000000000000e+00,1.000000000000000000e+00,-1.000000000000000000e+00,0.000000000000000000e+00
2.216000000000000000e+03,8.308433439844269230e+01,5.077266917831080661e+01,-8.688240752810482206e-03,2.789853426112958914e+02,1.478716718268591190e-02,nan,1.154334741311245127e-05,1.372121312263372417e+01,1.000000000000000000e+00,1.000000000000000000e+00,-1.000000000000000000e+00,0.000000000000000000e+00
2.217000000000000000e+03,4.361130253724277850e+01,1.531833363644361690e+01,-1.384348471665785944e-03,4.389425676028830736e+01,2.803465705108171280e-01,nan,8.197604278515327789e-06,1.254947441846987388e+01,1.000000000000000000e+00,1.000000000000000000e+00,-1.000000000000000000e+00,0.000000000000000000e+00
2.217000000000000000e+03,1.157729635591345030e+01,3.720425482721726240e+01,-1.597783155513752239e-03,5.076409953078177040e+01,2.708825380467047017e-01,nan,1.048520923535746626e-05,2.048809480083399848e+01,1.000000000000000000e+00,1.000000000000000000e+00,-1.000000000000000000e+00,0.000000000000000000e+00
2.221000000000000000e+03,9.217359989075436033e+01,5.331582400259286203e+00,-7.764206837365392362e-03,2.492433737838067316e+02,1.812000002593749937e-02,nan,1.095305100164383295e-05,2.604266556597135818e+01,1.000000000000000000e+00,1.000000000000000000e+00,-1.000000000000000000e+00,0.000000000000000000e+00
2.222000000000000000e+03,1.329781221881538329e+02,1.069490093686207999e+01,-8.514351402539820785e-03,2.733883493097121686e+02,1.483561004770272973e-02,nan,1.079994025766209723e-05,1.221841977889824449e+01,1.000000000000000000e+00,1.000000000000000000e+00,-1.000000000000000000e+00,0.000000000000000000e+00
2.225000000000000000e+03,1.259907964904497675e+02,2.071822680643133197e+01,-1.210531423649898299e-03,3.829959065835785026e+01,3.208653313797109607e-01,nan,8.065823150449247895e-06,6.836979297906731645e+00,1.000000000000000000e+00,1.000000000000000000e+00,-1.000000000000000000e+00,0.000000000000000000e+00
2.227000000000000000e+03,1.124664775155291636e+02,3.705264455942490542e+01,-1.366822224798266332e-03,4.333013776066743361e+01,2.968193489256993889e-01,nan,9.697481738085099220e-06,2.079040686506425928e+01,1.000000000000000000e+00,1.000000000000000000e+00,-1.000000000000000000e+00,0.000000000000000000e+00
2.229000000000000000e+03,1.301605138873909766e+02,2.613650538450860239e+01,-1.479231157962323682e-03,4.694825494253117171e+01,3.021174592842911233e-01,nan,1.047325159513712703e-05,6.836979297906731645e+00,1.000000000000000000e+00,1.000000000000000000e+00,-1.000000000000000000e+00,0.000000000000000000e+00
2.230000000000000000e+03,4.184893008597281039e+01,2.564817403330965107e+01,-8.019117465250778093e-03,2.574482067684390358e+02,1.485659556188057007e-02,nan,1.008566080258901460e-05,3.403022724026112655e+01,1.000000000000000000e+00,1.000000000000000000e+00,-1.000000000000000000e+00,0.000000000000000000e+00
2.233000000000000000e+03,7.479545798134824963e+01,3.416772012820570836e+01,-1.380481653048656844e-03,4.376979509621961029e+01,3.117280553211849714e-01,nan,9.916204318847605351e-06,6.222712928528713050e+00,1.000000000000000000e+00,1.000000000000000000e+00,-1.000000000000000000e+00,0.000000000000000000e+00
2.237000000000000000e+03,1.006621393965525435e+01,9.372642034223016339e+00,-8.820221403339212340e-03,2.832334165491085400e+02,1.437885310261066696e-02,nan,1.176620316483364913e-05,6.335837456901918330e+01,1.000000000000000000e+00,1.000000000000000000e+00,-1.000000000000000000e+00,0.000000000000000000e+00
2.237000000000000000e+03,6.517797782279045293e+01,4.062927508574813373e+01,-1.344001806063209936e-03,4.259561474013374038e+01,3.128565351421354057e-01,nan,9.306294876921583487e-06,1.158652739476302251e+01,1.000000000000000000e+00,1.000000000000000000e+00,-1.000000000000000000e+00,0.000000000000000000e+00
2.242000000000000000e+03,8.800532514273319862e+01,5.229004963579221510e+01,-7.266370754698836705e-03,2.332194757380992485e+02,2.874543035850918304e-02,nan,1.483734338548093721e-05,2.563320988039252768e+01,1.000000000000000000e+00,1.000000000000000000e+00,-1.000000000000000000e+00,0.000000000000000000e+00
2.243000000000000000e+03,6.486343701112423332e+01,2.949138093965085261e+01,-1.506529836207809968e-02,4.842443114171988441e+02,5.436652764658655990e-03,nan,1.224078521477909722e-05,1.484630074246348208e+01,1.000000000000000000e+00,1.000000000000000000e+00,-1.000000000000000000e+00,0.000000000000000000e+00
2.244000000000000000e+03,1.387536690626272673e+02,4.220666023258807797e+01,-7.538436518035522386e-03,2.419764827233775861e+02,2.067554488144751623e-02,nan,1.168775952386189325e-05,5.174040154916174572e+01,1.000000000000000000e+00,1.000000000000000000e+00,-1.000000000000000000e+00,0.000000000000000000e+00
2.246000000000000000e+03,1.456704923303655796e+01,3.586427222160868666e+01,-1.257783007235850972e-03,3.982048194013074038e+01,3.488556192445350090e-01,nan,9.911962090801895034e-06,2.079251516749431872e+01,1.000000000000000000e+00,1.000000000000000000e+00,-1.000000000000000000e+00,0.000000000000000000e+00
2.248000000000000000e+03,7.502693380465886719e+01,5.026132687986710579e+01,-6.716964455624400802e-03,2.155356821591295784e+02,2.171036922949387549e-02,nan,9.354467391236745655e-06,2.312330688789331390e+01,1.000000000000000000e+00,1.000000000000000000e+00,-1.000000000000000000e+00,0.000000000000000000e+00
2.249000000000000000e+03,3.000642126952967104e+01,4.979102626227572870e+01,-1.464417900982981557e-03,4.647145921030854510e+01,2.680896467452057452e-01,nan,8.658200071400802761e-06,2.079251516749431872e+01,1.000000000000000000e+00,1.000000000000000000e+00,-1.000000000000000000e+00,0.000000000000000000e+00
2.252000000000000000e+03,9.185600004474297009e+01,6.536551251614946878e+00,-1.331478721672910972e-03,4.219253301409030144e+01,2.811096507189805305e-01,nan,7.840599590725291806e-06,3.875045223909062742e+01,1.000000000000000000e+00,1.000000000000000000e+00,-1.000000000000000000e+00,0.000000000000000000e+00
2.253000000000000000e+03,2.522536510743278981e+01,6.120012539847770938e+00,-1.328368819884016274e-03,4.209243430503230599e+01,2.955365098576835381e-01,nan,8.300525588314923935e-06,1.992022273388662157e+01,1.000000000000000000e+00,1.000000000000000000e+00,-1.000000000000000000e+00,0.000000000000000000e+00
2.254000000000000000e+03,1.159163269437922992e+02,4.457664192754042176e+01,-8.188543505040437806e-03,2.629015390647560935e+02,2.269452866592713836e-02,nan,1.472840326178772048e-05,1.027959016401232439e+01,1.000000000000000000e+00,1.000000000000000000e+00,-1.000000000000000000e+00,0.000000000000000000e+00
2.254000000000000000e+03,1.331915764226493764e+02,8.636443394643501748e+00,-1.491586414844885264e-03,4.734593478838375802e+01,3.051663093353100820e-01,nan,1.089585843374116445e-05,5.615434913962400465e+00,1.000000000000000000e+00,1.000000000000000000e+00,-1.000000000000000000e+00,0.000000000000000000e+00
2.256000000000000000e+03,5.058888643717084577e+00,9.353927057204625584e+00,-8.631214060827551229e-03,2.771498189720210235e+02,1.322205225653005911e-02,nan,1.052317175971016771e-05,2.042412730246192965e+01,1.000000000000000000e+00,1.000000000000000000e+00,-1.000000000000000000e+00,0.000000000000000000e+00
2.257000000000000000e+03,1.316131274668655919e+02,3.373660915374950520e+01,-1.726713796275903059e-02,5.551151351737483992e+02,4.605133419841478393e-03,nan,1.561331379829184981e-05,1.750257131996961846e+01,1.000000000000000000e+00,1.000000000000000000e+00,-1.000000000000000000e+00,0.000000000000000000e+00
2.258000000000000000e+03,1.247481923633907712e+02,4.983669203663250613e+01,-1.375280854303807592e-03,4.360239648501945453e+01,3.539287864066443801e-01,nan,1.192542303782364872e-05,1.027959016401232439e+01,1.000000000000000000e+00,1.000000000000000000e+00,-1.000000000000000000e+00,0.000000000000000000e+00
2.261000000000000000e+03,1.199136897589339981e+02,1.100045884666142193e+01,-8.242342035202404951e-03,2.646331575479058529e+02,1.530548564709577342e-02,nan,1.052169495119730319e-05,2.556969638983367332e+01,1.000000000000000000e+00,1.000000000000000000e+00,-1.000000000000000000e+00,0.000000000000000000e+00
2.263000000000000000e+03,3.694419895791963881e+01,5.016326512549805727e+01,-7.286044936198490460e-03,2.338527305170509578e+02,1.993419441614352472e-02,nan,1.015550945115683502e-05,5.501096353744483736e+01,1.000000000000000000e+00,1.000000000000000000e+00,-1.000000000000000000e+00,0.000000000000000000e+00
2.266000000000000000e+03,8.833906323042695874e+01,3.054760720309750255e+01,-2.320983419932084318e-03,7.404181624749047330e+01,2.586628537497273062e-01,nan,1.931236514428027445e-05,3.435929403240264435e+01,1.000000000000000000e+00,1.000000000000000000e+00,-1.000000000000000000e+00,0.000000000000000000e+00
2.267000000000000000e+03,1.393986229108797374e+02,4.753265198299753536e+01,-8.659482868208131720e-03,2.780597098037861770e+02,1.584817688785167267e-02,nan,1.101708137653007336e-05,2.449231153090750013e+01,1.000000000000000000e+00,1.000000000000000000e+00,-1.000000000000000000e+00,0.000000000000000000e+00
2.268000000000000000e+03,1.152912895247783069e+02,5.185813474661870259e+01,-7.427122285537087441e-03,2.383936007775026553e+02,2.644181429709102638e-02,nan,1.491040918859605315e-05,2.449231153090750013e+01,1.000000000000000000e+00,1.000000000000000000e+00,-1.000000000000000000e+00,0.000000000000000000e+00
2.269000000000000000e+03,5.289052423065413677e+01,2.524954997543173718e+01,-8.439648393368489807e-03,2.709838763429129358e+02,3.621027777736163245e-02,nan,2.774573338022128706e-05,8.096044074205604346e+00,1.000000000000000000e+00,1.000000000000000000e+00,-1.000000000000000000e+00,0.000000000000000000e+00
2.269000000000000000e+03,5.002874063581534614e+01,3.282293259535734364e+01,-7.405668387005252297e-03,2.377030620746514558e+02,6.252495068978392023e-02,nan,3.796861616101428671e-05,8.013173829545056748e+00,1.000000000000000000e+00,1.000000000000000000e+00,-1.000000000000000000e+00,0.000000000000000000e+00
2.274000000000000000e+03,1.156243031122019289e+02,2.814185032642468443e+01,-6.645358870867245152e-03,2.132309062909239117e+02,2.015535385150779568e-02,nan,8.518966620860237050e-06,2.178260142033286684e+01,1.000000000000000000e+00,1.000000000000000000e+00,-1.000000000000000000e+00,0.000000000000000000e+00
2.274000000000000000e+03,4.286594675342129079e+01,3.641533271517196368e+01,-8.312309711199566617e-03,2.668852138887568231e+02,2.055689293725226907e-02,nan,1.369855099713740021e-05,8.013173829545056748e+00,1.000000000000000000e+00,1.000000000000000000e+00,-1.000000000000000000e+00,0.000000000000000000e+00
2.276000000000000000e+03,7.940111472353399336e+01,7.086239873869788042e+00,-8.138740492723527120e-03,2.612985247001468565e+02,6.912527170100790652e-02,nan,4.900815878748426228e-05,6.165079761749236553e+00,1.000000000000000000e+00,1.000000000000000000e+00,-1.000000000000000000e+00,0.000000000000000000e+00
2.278000000000000000e+03,8.556467039654937423e+01,2.389939136224755245e+01,-1.256812923593294889e-03,3.978925776429184680e+01,3.426988956884401416e-01,nan,9.820109859904281030e-06,1.790730246311541762e+01,1.000000000000000000e+00,1.000000000000000000e+00,-1.000000000000000000e+00,0.000000000000000000e+00
2.279000000000000000e+03,7.323605989967740015e+01,7.068704550303589684e+00,-9.022315999120539276e-03,2.897382548104151851e+02,4.366245636296650634e-02,nan,3.894492765799759674e-05,5.480918051726749951e+00,1.000000000000000000e+00,1.000000000000000000e+00,-1.000000000000000000e+00,0.000000000000000000e+00
2.279000000000000000e+03,5.536928905107521359e+01,1.638710290494295307e+01,-1.450435290279128778e-03,4.602139956993205061e+01,3.058820323951110254e-01,nan,1.120617809756461863e-05,2.015078282479880656e+01,1.000000000000000000e+00,1.000000000000000000e+00,-1.000000000000000000e+00,0.000000000000000000e+00
2.281000000000000000e+03,1.714659483831983522e+01,1.289317460935843407e+01,-8.626758913632126546e-03,2.770064207192151571e+02,1.322683175650585241e-02,nan,9.975965761226066809e-06,3.838205163636370543e+01,1.000000000000000000e+00,1.000000000000000000e+00,-1.000000000000000000e+00,0.000000000000000000e+00
2.284000000000000000e+03,7.871520326088359809e+01,7.208170377996976796e+00,-1.324530999836920483e-03,4.196890602073631271e+01,3.623233520034762067e-01,nan,1.177687014742401800e-05,5.480918051726749951e+00,1.000000000000000000e+00,1.000000000000000000e+00,-1.000000000000000000e+00,0.000000000000000000e+00
2.285000000000000000e+03,4.245835650286517904e+01,4.304889896274449512e+01,-7.713611303635317835e-03,2.476148504559749597e+02,4.341496060923333289e-02,nan,2.700777503664208027e-05,7.971337248771528827e+00,1.000000000000000000e+00,1.000000000000000000e+00,-1.000000000000000000e+00,0.000000000000000000e+00
2.286000000000000000e+03,4.030830695175924916e+01,5.072480310893089950e+01,-8.419325648714495389e-03,2.703297461991108435e+02,3.997368842953707979e-02,nan,3.496873705803036004e-05,7.971337248771528827e+00,1.000000000000000000e+00,1.000000000000000000e+00,-1.000000000000000000e+00,0.000000000000000000e+00
2.287000000000000000e+03,4.858905693578333995e+01,1.496494805245090021e+01,-6.703107120651791324e-03,2.150896547808066828e+02,2.441603680542070443e-02,nan,1.114322992201744317e-05,2.370471448892631017e+01,1.000000000000000000e+00,1.000000000000000000e+00,-1.000000000000000000e+00,0.000000000000000000e+00
2.287000000000000000e+03,2.842775235125686706e+01,2.743231691887435275e+01,-8.668735024523345489e-03,2.783575098521551467e+02,1.465571548171318295e-02,nan,1.091066860284497786e-05,2.099370114086736550e+01,1.000000000000000000e+00,1.000000000000000000e+00,-1.000000000000000000e+00,0.000000000000000000e+00
2.288000000000000000e+03,8.486202790536786722e+00,3.600795010568479881e+01,-1.092839853863120363e-03,3.451144074161962294e+01,3.740663208372801973e-01,nan,8.626804733974561645e-06,2.170730023373196715e+01,1.000000000000000000e+00,1.000000000000000000e+00,-1.000000000000000000e+00,0.000000000000000000e+00
2.290000000000000000e+03,1.416334298872300792e+02,8.536876322878773848e+00,-8.363343902504540364e-03,2.685278563302926500e+02,1.183937144197100277e-02,nan,7.841030077633419414e-06,4.279596161316820968e+01,1.000000000000000000e+00,1.000000000000000000e+00,-1.000000000000000000e+00,0.000000000000000000e+00
2.292000000000000000e+03,1.426694645926152134e+02,5.132029557011758669e+01,-7.718645217533329564e-03,2.477768775285016432e+02,2.080370135233211570e-02,nan,1.205491463794155677e-05,4.279596161316820968e+01,1.000000000000000000e+00,1.000000000000000000e+00,-1.000000000000000000e+00,0.000000000000000000e+00
2.294000000000000000e+03,1.116884765884262620e+01,3.961843718150110050e+01,-7.609796238745403923e-03,2.442733449417619624e+02,2.073027482730060989e-02,nan,1.161328427487279013e-05,3.046270008296172804e+01,1.000000000000000000e+00,1.000000000000000000e+00,-1.000000000000000000e+00,0.000000000000000000e+00
2.297000000000000000e+03,4.111525945230327039e+01,3.403376914830900546e+01,-1.744325060066411609e-03,5.548085795736691495e+01,2.491610762860371198e-01,nan,1.097012704086824609e-05,1.723504599060342457e+01,1.000000000000000000e+00,1.000000000000000000e+00,-1.000000000000000000e+00,0.000000000000000000e+00
2.299000000000000000e+03,1.315736955976464344e+02,3.700118669103402880e+01,-8.312875470646975337e-03,2.669034240426996689e+02,1.429597393114878656e-02,nan,1.101013749800056425e-05,1.271799285074106045e+01,1.000000000000000000e+00,1.000000000000000000e+00,-1.000000000000000000e+00,0.000000000000000000e+00
2.299000000000000000e+03,3.979710835584957351e+01,5.121833454825826237e+01,-1.466659415019142248e-03,4.654360703894940343e+01,3.567896333828435296e-01,nan,1.411234400682837889e-05,1.723504599060342457e+01,1.000000000000000000e+00,1.000000000000000000e+00,-1.000000000000000000e+00,0.000000000000000000e+00
2.301000000000000000e+03,6.679610124628064582e+00,4.790094725158937194e+01,-8.323678958425288071e-03,2.672511569466115020e+02,1.412787089755551673e-02,nan,9.275834140053638310e-06,3.087659451480027784e+01,1.000000000000000000e+00,1.000000000000000000e+00,-1.000000000000000000e+00,0.000000000000000000e+00
2.303000000000000000e+03,8.443755763346041476e+01,5.147487432680756037e+00,-8.859264312482616546e-03,2.844900944342684852e+02,1.388627025285371630e-02,nan,1.160599018200113046e-05,5.466618220221196367e+01,1.000000000000000000e+00,1.000000000000000000e+00,-1.000000000000000000e+00,0.000000000000000000e+00
2.304000000000000000e+03,1.354187685476226193e+02,2.487836704538796440e+01,-2.102193118529097158e-03,6.699959169781018886e+01,1.572549556701641205e-01,nan,8.431434231549366561e-06,1.271799285074106045e+01,1.000000000000000000e+00,1.000000000000000000e+00,-1.000000000000000000e+00,0.000000000000000000e+00
2.309000000000000000e+03,1.282379888848525411e+02,1.372074813434259788e+01,-1.292788208496725537e-03,4.094719773194172063e+01,3.379182749424242127e-01,nan,1.010060117545708697e-05,6.305031540975974735e+00,1.000000000000000000e+00,1.000000000000000000e+00,-1.000000000000000000e+00,0.000000000000000000e+00
2.309000000000000000e+03,8.918714256941304086e+01,3.099207649480452886e+01,1.975138463747137460e-03,-6.291007126057359500e+01,2.015654125759439586e-01,nan,1.041303461378486599e-05,2.829126193969669956e+01,1.000000000000000000e+00,1.000000000000000000e+00,-1.000000000000000000e+00,0.000000000000000000e+00
2.311000000000000000e+03,1.219467916065144664e+02,1.330330408092528494e+01,-1.757619174641464896e-03,5.590875690638963391e+01,2.366626709246990590e-01,nan,1.045217373781973687e-05,6.305031540975974735e+00,1.000000000000000000e+00,1.000000000000000000e+00,-1.000000000000000000e+00,0.000000000000000000e+00
2.312000000000000000e+03,2.922879164050072731e+01,3.591322372233219085e+01,-8.305020063543055997e-03,2.666505812960138542e+02,1.322099248072483579e-02,nan,9.028928872102826182e-06,3.397117379447646357e+01,1.000000000000000000e+00,1.000000000000000000e+00,-1.000000000000000000e+00,0.000000000000000000e+00
2.313000000000000000e+03,6.148407301246918166e+01,2.525313589015794236e+01,-1.564607768446700520e-02,5.029379115258278148e+02,5.604462160315848429e-03,nan,1.899798999581402351e-05,2.458004108447808633e+01,1.000000000000000000e+00,1.000000000000000000e+00,-1.000000000000000000e+00,0.000000000000000000e+00
2.315000000000000000e+03,6.273506805126433505e+01,4.980132179314353635e+01,-1.225874282105867590e-03,3.879343272442770285e+01,3.370317231911371669e-01,nan,8.873291828013492205e-06,2.458004108447808633e+01,1.000000000000000000e+00,1.000000000000000000e+00,-1.000000000000000000e+00,0.000000000000000000e+00
2.318000000000000000e+03,1.824671983795929364e+01,7.803704378524916052e+00,-8.263906556094813977e-03,2.653272568633544779e+02,1.999077674274274408e-02,nan,1.351609889406008309e-05,3.262114627967102365e+01,1.000000000000000000e+00,1.000000000000000000e+00,-1.000000000000000000e+00,0.000000000000000000e+00
2.320000000000000000e+03,1.321930530286392980e+02,4.496100382954669783e+01,2.089308827058735957e-03,-6.658488376461578184e+01,1.709569477552926875e-01,nan,9.088982146878902521e-06,3.829599370668672265e+01,1.000000000000000000e+00,1.000000000000000000e+00,-1.000000000000000000e+00,0.000000000000000000e+00
2.322000000000000000e+03,2.352668032976853496e+01,3.999471557427066415e+01,-1.280999274353352433e-03,4.056774617075888756e+01,3.337187434132864450e-01,nan,9.655130094115028984e-06,3.262114627967102365e+01,1.000000000000000000e+00,1.000000000000000000e+00,-1.000000000000000000e+00,0.000000000000000000e+00
2.323000000000000000e+03,7.245439449965995493e+01,1.489919872745864815e+01,-1.577309462257426610e-03,5.010511078974632682e+01,3.117612735689800907e-01,nan,1.178192113681130025e-05,2.147842228744834969e+01,1.000000000000000000e+00,1.000000000000000000e+00,-1.000000000000000000e+00,0.000000000000000000e+00
2.324000000000000000e+03,9.559207023901228695e+01,3.369374183667476075e+01,-7.934864458614956581e-03,2.547363471114503568e+02,2.002466317134143914e-02,nan,1.347968217684821923e-05,8.336025349486398284e+00,1.000000000000000000e+00,1.000000000000000000e+00,-1.000000000000000000e+00,0.000000000000000000e+00
2.328000000000000000e+03,8.056572063525257477e+01,4.953016978794496339e+01,-8.414865374629817291e-03,2.701861829266256905e+02,2.151011962179116832e-02,nan,1.531705026578845529e-05,2.183079551162031962e+01,1.000000000000000000e+00,1.000000000000000000e+00,-1.000000000000000000e+00,0.000000000000000000e+00
2.329000000000000000e+03,4.400869459080603008e+01,1.051696625051812717e+01,-8.574773746008301084e-03,2.753331691111127952e+02,1.696541506479209982e-02,nan,1.240943826303304501e-05,1.301340588389104269e+01,1.000000000000000000e+00,1.000000000000000000e+00,-1.000000000000000000e+00,0.000000000000000000e+00
2.332000000000000000e+03,1.299691173458202513e+02,3.261755948183460418e+01,-1.390809544154963939e-03,4.410221992414330572e+01,2.988716870109826562e-01,nan,9.395527856241663069e-06,1.195363226787818611e+01,1.000000000000000000e+00,1.000000000000000000e+00,-1.000000000000000000e+00,0.000000000000000000e+00
2.334000000000000000e+03,1.187343184198551143e+02,5.283098648934436881e+01,-3.101321566983674186e-03,9.915863550766859191e+01,9.747208392321793369e-02,nan,1.013960921842058284e-05,1.495891718830821304e+01,1.000000000000000000e+00,1.000000000000000000e+00,-1.000000000000000000e+00,0.000000000000000000e+00
2.335000000000000000e+03,1.192364196590456089e+02,3.788049827683885695e+01,-1.468657293690490799e-02,4.720542396012169206e+02,5.530889769695623848e-03,nan,1.237017995903533948e-05,1.167953570657552831e+01,1.000000000000000000e+00,1.000000000000000000e+00,-1.000000000000000000e+00,0.000000000000000000e+00
2.335000000000000000e+03,2.929674537804119439e+01,2.574378087643488300e+01,-1.372004059937807991e-03,4.349692598847311586e+01,3.210347105903621490e-01,nan,1.095838234111170689e-05,1.557600702874995235e+01,1.000000000000000000e+00,1.000000000000000000e+00,-1.000000000000000000e+00,0.000000000000000000e+00
2.337000000000000000e+03,2.269043809386451827e+01,4.513074048903919788e+01,-8.665921104202417569e-03,2.782669379271758316e+02,1.280657001438800791e-02,nan,9.479132999302353882e-06,1.617745173859691121e+01,1.000000000000000000e+00,1.000000000000000000e+00,-1.000000000000000000e+00,0.000000000000000000e+00
2.337000000000000000e+03,4.788939036558227968e+01,1.883074686576903645e+01,-9.012304133334078649e-03,2.894160019199653107e+02,1.274094420757554413e-02,nan,1.137223691363604859e-05,1.543875394322740568e+01,1.000000000000000000e+00,1.000000000000000000e+00,-1.000000000000000000e+00,0.000000000000000000e+00
2.339000000000000000e+03,1.084975698781215527e+02,3.328825920380268855e+01,-6.536832729753150502e-03,2.097377649115532847e+02,2.432744928486696434e-02,nan,9.963379173612634283e-06,1.167953570657552831e+01,1.000000000000000000e+00,1.000000000000000000e+00,-1.000000000000000000e+00,0.000000000000000000e+00
2.339000000000000000e+03,3.850666927673201201e+01,4.853026632725872247e+01,-8.539593530090995241e-03,2.742008201056622170e+02,1.966692904644495865e-02,nan,1.403080520832153437e-05,1.617745173859691121e+01,1.000000000000000000e+00,1.000000000000000000e+00,-1.000000000000000000e+00,0.000000000000000000e+00
2.340000000000000000e+03,8.213549846903202933e+01,1.652139746238650275e+01,-7.859027558980921646e-03,2.522953775028809105e+02,1.568192306348725751e-02,nan,1.111372123614935261e-05,3.124238245770800759e+01,1.000000000000000000e+00,1.000000000000000000e+00,-1.000000000000000000e+00,0.000000000000000000e+00
2.341000000000000000e+03,1.359761987317444607e+02,4.637561157000036616e+01,-7.060331366632640465e-03,2.265876660667539966e+02,2.142107703567963650e-02,nan,1.098316725952774395e-05,3.043606143429496669e+01,1.000000000000000000e+00,1.000000000000000000e+00,-1.000000000000000000e+00,0.000000000000000000e+00
2.345000000000000000e+03,4.669874048801894162e+01,4.295593967968716242e+01,-6.643561988581775553e-03,2.131730698673599989e+02,2.467678307007248328e-02,nan,1.104757118914098133e-05,8.214708765108065691e+00,1.000000000000000000e+00,1.000000000000000000e+00,-1.000000000000000000e+00,0.000000000000000000e+00
2.346000000000000000e+03,6.867489064101772556e+01,3.892621646725711315e+01,-1.215420236690504044e-03,3.845694735558154775e+01,3.627637453856896732e-01,nan,1.015200095102245920e-05,1.492622338989999697e+01,1.000000000000000000e+00,1.000000000000000000e+00,-1.000000000000000000e+00,0.000000000000000000e+00
2.348000000000000000e+03,1.017637245830396893e+02,1.923809415956255009e+01,-5.921877073796777587e-03,1.899441278555663928e+02,2.940129719909889694e-02,nan,1.015133429460077824e-05,2.413586627578445132e+01,1.000000000000000000e+00,1.000000000000000000e+00,-1.000000000000000000e+00,0.000000000000000000e+00
2.348000000000000000e+03,5.478647614036017899e+01,4.439467944538203881e+01,-1.249945413502535950e-03,3.956821255412395288e+01,3.612279301029085454e-01,nan,1.133376126801338261e-05,8.214708765108065691e+00,1.000000000000000000e+00,1.000000000000000000e+00,-1.000000000000000000e+00,0.000000000000000000e+00
2.348000000000000000e+03,1.560278446174785394e+01,4.530522263473681477e+01,-1.130586651520340980e-03,3.572640056126848407e+01,3.296286981206308919e-01,nan,7.304266177396324295e-06,2.564726764919473467e+01,1.000000000000000000e+00,1.000000000000000000e+00,-1.000000000000000000e+00,0.000000000000000000e+00
2.350000000000000000e+03,1.488488593005667759e+01,1.966800438533178408e+01,-1.097439555269218376e-03,3.465949177475732768e+01,3.622203154272105596e-01,nan,8.148160728843980267e-06,2.109124409862486615e+01,1.000000000000000000e+00,1.000000000000000000e+00,-1.000000000000000000e+00,0.000000000000000000e+00
2.351000000000000000e+03,3.585600776996987094e+01,1.742019958880381481e+01,-1.086758454671871068e-03,3.431569815885248431e+01,3.617575304348755738e-01,nan,8.034453413580916578e-06,2.109124409862486615e+01,1.000000000000000000e+00,1.000000000000000000e+00,-1.000000000000000000e+00,0.000000000000000000e+00
2.352000000000000000e+03,7.992470891037315539e+01,8.962032884366944785e+00,-6.826344021209052558e-03,2.190562927943095985e+02,2.555036676932065376e-02,nan,1.269028725884958973e-05,1.584823210696708173e+01,1.000000000000000000e+00,1.000000000000000000e+00,-1.000000000000000000e+00,0.000000000000000000e+00
2.356000000000000000e+03,1.190925675535547867e+02,1.951836089034780386e+01,-8.659199771514389937e-03,2.780505977431791962e+02,1.522139933631305730e-02,nan,1.166604972961233797e-05,2.895965725891233333e+01,1.000000000000000000e+00,1.000000000000000000e+00,-1.000000000000000000e+00,0.000000000000000000e+00
2.356000000000000000e+03,6.106915312841464782e+01,4.816468748141664591e+00,-1.221245820346642539e-03,3.864445597902784613e+01,3.397768486728013348e-01,nan,9.048019566091291153e-06,1.930589769614731210e+01,1.000000000000000000e+00,1.000000000000000000e+00,-1.000000000000000000e+00,0.000000000000000000e+00
2.356000000000000000e+03,9.017346490475662790e+01,2.105043482523121767e+01,-1.158200718223134033e-03,3.661521719163975774e+01,3.331811255390286775e-01,nan,8.092008294251859743e-06,1.132337116573558511e+01,1.000000000000000000e+00,1.000000000000000000e+00,-1.000000000000000000e+00,0.000000000000000000e+00
2.357000000000000000e+03,4.220604935458850804e+01,9.193839949732160122e+00,-8.084982902858755746e-03,2.595682239662946245e+02,1.349535226728448833e-02,nan,9.850937482793222012e-06,1.936435030200207308e+01,1.000000000000000000e+00,1.000000000000000000e+00,-1.000000000000000000e+00,0.000000000000000000e+00
2.358000000000000000e+03,2.624394798210319735e+01,3.399716488462406971e+01,-3.187269459923926934e-02,1.025225596412697087e+03,2.443170476760569976e-03,nan,3.091098697204142153e-05,1.633826104328732143e+01,1.000000000000000000e+00,1.000000000000000000e+00,-1.000000000000000000e+00,0.000000000000000000e+00
2.359000000000000000e+03,7.887221697621586713e+01,2.034295350769328792e+01,-9.161353708002180005e-03,2.942134749666054745e+02,1.335392990547279446e-02,nan,1.199817725128931037e-05,1.132337116573558511e+01,1.000000000000000000e+00,1.000000000000000000e+00,-1.000000000000000000e+00,0.000000000000000000e+00
2.359000000000000000e+03,9.023154021088225818e+01,3.723277306259343788e+01,-1.243854893122489126e-03,3.937217638677257980e+01,3.644245281624951538e-01,nan,1.288288285999587750e-05,7.495026547059891797e+00,1.000000000000000000e+00,1.000000000000000000e+00,-1.000000000000000000e+00,0.000000000000000000e+00
2.359000000000000000e+03,3.585053340148402157e+01,4.721277272152433824e+01,-1.651555301843089666e-03,5.249486879496402025e+01,2.673614847345404666e-01,nan,1.107087885731595178e-05,1.633826104328732143e+01,1.000000000000000000e+00,1.000000000000000000e+00,-1.000000000000000000e+00,0.000000000000000000e+00
2.362000000000000000e+03,9.225755918235861941e+01,4.444877403739592125e+01,-8.430445450157440790e-03,2.706876603214778925e+02,2.048940017951483838e-02,nan,1.396652821522445567e-05,7.495026547059891797e+00,1.000000000000000000e+00,1.000000000000000000e+00,-1.000000000000000000e+00,0.000000000000000000e+00
2.368000000000000000e+03,5.477000510255273724e+01,4.635952062641786142e+01,-6.235300165365570239e-03,2.000323071566087663e+02,2.574569537123105878e-02,nan,9.915536909407772809e-06,1.059373867736505481e+01,1.000000000000000000e+00,1.000000000000000000e+00,-1.000000000000000000e+00,0.000000000000000000e+00
2.368000000000000000e+03,1.332788818858565207e+02,4.618440400902842669e+01,-6.812476579255346415e-03,2.186099401016105901e+02,2.814118160079537301e-02,nan,1.294129837787464921e-05,2.015671280147079614e+01,1.000000000000000000e+00,1.000000000000000000e+00,-1.000000000000000000e+00,0.000000000000000000e+00
2.369000000000000000e+03,7.832030551013616559e+01,1.994247037591168237e+01,-3.106438186654085151e-02,9.992083564640973918e+02,1.552373638288973012e-03,nan,2.460373518652477160e-05,3.539035452245700242e+01,1.000000000000000000e+00,1.000000000000000000e+00,-1.000000000000000000e+00,0.000000000000000000e+00
2.370000000000000000e+03,2.701085619372555158e+01,4.486199284973182699e+01,-1.037528288186809504e-03,3.273112203832608458e+01,3.683535171551366449e-01,nan,7.494296697225819575e-06,1.572165372888305512e+01,1.000000000000000000e+00,1.000000000000000000e+00,-1.000000000000000000e+00,0.000000000000000000e+00
2.372000000000000000e+03,3.555002395217799460e+01,1.207769699647858630e+01,-1.315885437994970732e-03,4.169063048722892972e+01,2.749584295560236757e-01,nan,7.296457493069845710e-06,1.878578916229560392e+01,1.000000000000000000e+00,1.000000000000000000e+00,-1.000000000000000000e+00,0.000000000000000000e+00
2.373000000000000000e+03,1.357521128788248745e+02,2.617999950860908953e+01,-7.683665758729849894e-03,2.466509903116515829e+02,1.683796282788752041e-02,nan,9.927584831111108875e-06,2.015671280147079614e+01,1.000000000000000000e+00,1.000000000000000000e+00,-1.000000000000000000e+00,0.000000000000000000e+00
2.373000000000000000e+03,4.475161199798979084e+01,4.291581640469005521e+01,-6.770451140845041606e-03,2.172572632590524790e+02,2.392200445697278965e-02,nan,1.134846407238558207e-05,9.902996163124127449e+00,1.000000000000000000e+00,1.000000000000000000e+00,-1.000000000000000000e+00,0.000000000000000000e+00
2.374000000000000000e+03,1.278464710520947847e+02,5.208346180408791071e+01,-1.608184587224176926e-02,5.169640242476380081e+02,7.962395641487263198e-03,nan,2.011158048652751985e-05,2.708299340150266943e+01,1.000000000000000000e+00,1.000000000000000000e+00,-1.000000000000000000e+00,0.000000000000000000e+00
2.374000000000000000e+03,5.872698973942937606e+00,4.301404539383837999e+01,-8.613304456246532320e-03,2.765733608006727309e+02,1.894107930495270153e-02,nan,1.340114437897237789e-05,2.121877942879822854e+01,1.000000000000000000e+00,1.000000000000000000e+00,-1.000000000000000000e+00,0.000000000000000000e+00
2.374000000000000000e+03,1.097262276359232125e+01,5.945541193494856991e+00,-1.576143022908478835e-03,5.006756649383284952e+01,3.300748983150290083e-01,nan,1.403140244546128092e-05,2.533085043927186319e+01,1.000000000000000000e+00,1.000000000000000000e+00,-1.000000000000000000e+00,0.000000000000000000e+00
2.375000000000000000e+03,3.404828365088165754e+01,3.080336522267776189e+01,-1.125337720578770823e-03,3.555745271440657973e+01,3.600095256750509565e-01,nan,8.351631406367379795e-06,8.794095668431916479e+00,1.000000000000000000e+00,1.000000000000000000e+00,-1.000000000000000000e+00,0.000000000000000000e+00
2.385000000000000000e+03,9.931898869142649744e+01,1.972638636092862185e+01,-8.909265904945708192e-03,2.860995005172105152e+02,1.189792908301401386e-02,nan,1.055390915561218898e-05,2.200025517663727115e+01,1.000000000000000000e+00,1.000000000000000000e+00,-1.000000000000000000e+00,0.000000000000000000e+00
2.387000000000000000e+03,3.687320137290538469e+01,2.775087583161680271e+01,-7.703219248904846252e-03,2.472803603872869758e+02,1.314221591112163523e-02,nan,8.188918645145896598e-06,1.621016342844706415e+01,1.000000000000000000e+00,1.000000000000000000e+00,-1.000000000000000000e+00,0.000000000000000000e+00
2.388000000000000000e+03,6.023049135057469528e+01,3.497552798237413896e+01,-8.080907281553221730e-03,2.594370415499398632e+02,2.238453173381205197e-02,nan,1.541894271462695645e-05,1.583415216285354710e+01,1.000000000000000000e+00,1.000000000000000000e+00,-1.000000000000000000e+00,0.000000000000000000e+00
2.393000000000000000e+03,7.343822948075229817e+01,4.370914282395332862e+01,-4.028181305286905600e-03,1.289915593682513020e+02,7.113921363230435446e-02,nan,1.166971678828866604e-05,1.583415216285354710e+01,1.000000000000000000e+00,1.000000000000000000e+00,-1.000000000000000000e+00,0.000000000000000000e+00
2.393000000000000000e+03,3.454079454282762640e+01,5.072544264002755199e+01,-1.243187513811927231e-03,3.935069538448568238e+01,3.105798696503003775e-01,nan,8.328175679444758917e-06,1.467417223278344984e+01,1.000000000000000000e+00,1.000000000000000000e+00,-1.000000000000000000e+00,0.000000000000000000e+00
2.394000000000000000e+03,6.114647268404883107e+01,1.687906901512164737e+01,-1.270032018219203421e-03,4.021474203897025035e+01,3.291177030241752011e-01,nan,9.257809149198711974e-06,2.752092243648900549e+01,1.000000000000000000e+00,1.000000000000000000e+00,-1.000000000000000000e+00,0.000000000000000000e+00
2.395000000000000000e+03,1.266676622984486897e+02,3.314573145150011868e+01,-8.562277794592372884e-03,2.749309607167344325e+02,1.607357209391824249e-02,nan,1.157466561783489709e-05,3.695358598114128768e+01,1.000000000000000000e+00,1.000000000000000000e+00,-1.000000000000000000e+00,0.000000000000000000e+00
2.395000000000000000e+03,4.280025695244938078e+01,3.739290678587670413e+01,-1.284863940433647427e-03,4.069213855091673793e+01,3.252126191513196041e-01,nan,9.014850473258788989e-06,1.474855167894245334e+01,1.000000000000000000e+00,1.000000000000000000e+00,-1.000000000000000000e+00,0.000000000000000000e+00
2.395000000000000000e+03,9.111915368377358959e+01,4.323885050053408463e+01,-1.202280047524990686e-03,3.803400281857312137e+01,3.656258968016112831e-01,nan,1.000604644927168395e-05,8.421762067316864275e+00,1.000000000000000000e+00,1.000000000000000000e+00,-1.000000000000000000e+00,0.000000000000000000e+00
2.396000000000000000e+03,3.137661175105068168e+01,2.806444994999024800e+01,-1.285341471038668098e-03,4.070750887459349343e+01,3.347740486520409675e-01,nan,9.914003581272097941e-06,1.474855167894245334e+01,1.000000000000000000e+00,1.000000000000000000e+00,-1.000000000000000000e+00,0.000000000000000000e+00
2.398000000000000000e+03,8.899494435478142407e+01,3.508938358268480329e+01,-1.263731993251422225e-03,4.001196252723133995e+01,3.021442992651779402e-01,nan,8.036834179490288366e-06,8.421762067316864275e+00,1.000000000000000000e+00,1.000000000000000000e+00,-1.000000000000000000e+00,0.000000000000000000e+00
2.399000000000000000e+03,8.773601742672980208e+00,1.827702987698855708e+01,-1.670892031972241037e-03,5.311726199408136040e+01,3.066523413305570767e-01,nan,1.434326476698359567e-05,2.463107088870110317e+01,1.000000000000000000e+00,1.000000000000000000e+00,-1.000000000000000000e+00,0.000000000000000000e+00
2.401000000000000000e+03,9.404537035257385469e+01,4.443580497671045748e+01,-1.442558110812824663e-03,4.576785603411658343e+01,2.800044716543789169e-01,nan,7.885532262934529402e-06,1.062367147618365060e+01,1.000000000000000000e+00,1.000000000000000000e+00,-1.000000000000000000e+00,0.000000000000000000e+00
2.402000000000000000e+03,7.183782360402263123e+01,1.968750944467925024e+01,-8.574361451712194521e-03,2.753198985548079349e+02,1.527843734482814408e-02,nan,1.103297302243820471e-05,2.305611674630145203e+01,1.000000000000000000e+00,1.000000000000000000e+00,-1.000000000000000000e+00,0.000000000000000000e+00
2.403000000000000000e+03,3.505015707200520580e+01,2.119704361527639236e+01,-1.454824976083787975e-03,4.616269081063478552e+01,3.665359273183634858e-01,nan,1.452827054902381781e-05,1.297966151581178629e+01,1.000000000000000000e+00,1.000000000000000000e+00,-1.000000000000000000e+00,0.000000000000000000e+00
2.405000000000000000e+03,1.393102830078721013e+02,2.911313935973634415e+01,-8.591177662384860692e-03,2.758611635508897848e+02,1.778370765755832306e-02,nan,1.312650979580634623e-05,2.520249483365794774e+01,1.000000000000000000e+00,1.000000000000000000e+00,-1.000000000000000000e+00,0.000000000000000000e+00
2.405000000000000000e+03,1.154147285670916006e+02,3.712364644782077505e+01,-8.115289999335008331e-03,2.605437214059251119e+02,1.903531775160804962e-02,nan,1.228605984317845132e-05,2.258577279731625964e+01,1.000000000000000000e+00,1.000000000000000000e+00,-1.000000000000000000e+00,0.000000000000000000e+00
2.406000000000000000e+03,4.032519330220645770e+01,3.305645362737689652e+01,-1.316245705677136476e-03,4.170222645788912530e+01,3.126997369069989263e-01,nan,9.170079735492074003e-06,1.297966151581178629e+01,1.000000000000000000e+00,1.000000000000000000e+00,-1.000000000000000000e+00,0.000000000000000000e+00
2.409000000000000000e+03,2.637295134304705613e+01,3.550221012330140979e+01,-7.470718984679962892e-03,2.397968519409236876e+02,2.165471361747695056e-02,nan,1.201671026565139453e-05,1.416498431076734832e+01,1.000000000000000000e+00,1.000000000000000000e+00,-1.000000000000000000e+00,0.000000000000000000e+00
2.410000000000000000e+03,7.351689952746915502e+00,5.069611056158919382e+01,-7.736802960879065640e-03,2.483613225662211619e+02,1.578287249290710736e-02,nan,9.298350638025572424e-06,1.571087122620327037e+01,1.000000000000000000e+00,1.000000000000000000e+00,-1.000000000000000000e+00,0.000000000000000000e+00
2.411000000000000000e+03,1.055458862431020250e+01,3.531518358087571130e+01,-1.299286497015490587e-03,4.115635877173325952e+01,2.995306448920148634e-01,nan,8.356676906801894399e-06,1.571087122620327037e+01,1.000000000000000000e+00,1.000000000000000000e+00,-1.000000000000000000e+00,0.000000000000000000e+00
2.412000000000000000e+03,1.093936207208140416e+02,1.721940238992327110e+01,-6.311821389973474097e-03,2.024953031991656474e+02,2.359137390264864909e-02,nan,9.663779102308201746e-06,3.618689804722909997e+01,1.000000000000000000e+00,1.000000000000000000e+00,-1.000000000000000000e+00,0.000000000000000000e+00
2.416000000000000000e+03,5.706920286054057101e+01,3.484850973945055586e+01,-8.300795115207973071e-03,2.665145924761454239e+02,1.605687561070923142e-02,nan,1.104846974706069226e-05,2.534296539144914817e+01,1.000000000000000000e+00,1.000000000000000000e+00,-1.000000000000000000e+00,0.000000000000000000e+00
2.417000000000000000e+03,1.393665255259973890e+02,3.749541205208240058e+01,-1.555858515461847232e-02,5.001217810225011249e+02,5.493601864605790475e-03,nan,1.523839803739773030e-05,3.618689804722909997e+01,1.000000000000000000e+00,1.000000000000000000e+00,-1.000000000000000000e+00,0.000000000000000000e+00
2.419000000000000000e+03,7.318715520757273829e+00,2.206663653947392234e+01,-1.102047552531001300e-03,3.480780982740271412e+01,3.331481245747703879e-01,nan,7.241192789494840259e-06,5.023965356333732757e+01,1.000000000000000000e+00,1.000000000000000000e+00,-1.000000000000000000e+00,0.000000000000000000e+00
2.421000000000000000e+03,6.984474781488286510e+01,1.230442942388824079e+01,-1.309432388586863555e-03,4.148292556305877810e+01,3.183385070808461004e-01,nan,9.371853655682138633e-06,1.415059756014359493e+01,1.000000000000000000e+00,1.000000000000000000e+00,-1.000000000000000000e+00,0.000000000000000000e+00
2.426000000000000000e+03,3.928367101024414865e+01,3.090408969538925987e+01,1.509387816499703191e-03,-4.791891022170233327e+01,3.453905673146742128e-01,nan,1.447151680044567000e-05,3.577606431225044759e+01,1.000000000000000000e+00,1.000000000000000000e+00,-1.000000000000000000e+00,0.000000000000000000e+00
2.429000000000000000e+03,7.338041739050638057e+01,4.710519474711438725e+00,-1.926782319645946795e-03,6.135362738288061024e+01,1.728148619492891891e-01,nan,8.188441337672650621e-06,4.299640955504895601e+01,1.000000000000000000e+00,1.000000000000000000e+00,-1.000000000000000000e+00,0.000000000000000000e+00
2.430000000000000000e+03,7.919039865952869661e+01,4.749132246189567041e+01,-1.603199610724770916e-03,5.093843949747445521e+01,3.256022958655583333e-01,nan,1.347946688441516813e-05,4.317352182269430472e+01,1.000000000000000000e+00,1.000000000000000000e+00,-1.000000000000000000e+00,0.000000000000000000e+00
2.431000000000000000e+03,1.268405980969523910e+02,3.987098488976814536e+01,-1.574644771970932968e-03,5.001934214628952446e+01,2.473766503504625236e-01,nan,8.838772587095619599e-06,4.825568413295403758e+01,1.000000000000000000e+00,1.000000000000000000e+00,-1.000000000000000000e+00,0.000000000000000000e+00
2.440000000000000000e+03,3.771185266486501320e+01,3.172801565481142205e+01,-1.559965678090207732e-02,5.014437574220717693e+02,5.786912967524648899e-03,nan,1.743931608967348211e-05,1.874317084854033411e+01,1.000000000000000000e+00,1.000000000000000000e+00,-1.000000000000000000e+00,0.000000000000000000e+00
2.441000000000000000e+03,4.691122293719431902e+00,3.280695569645683207e+01,-1.922564578548461179e-03,6.121787054306438591e+01,3.048806188559469721e-01,nan,1.841292813000019535e-05,1.893544223355855038e+01,1.000000000000000000e+00,1.000000000000000000e+00,-1.000000000000000000e+00,0.000000000000000000e+00
2.441000000000000000e+03,2.160685094133118866e+01,4.131630919133525737e+01,-1.431111528204195979e-03,4.539942377482756797e+01,2.713697413587173868e-01,nan,8.712231128276704955e-06,1.874317084854033411e+01,1.000000000000000000e+00,1.000000000000000000e+00,-1.000000000000000000e+00,0.000000000000000000e+00
2.443000000000000000e+03,1.342967681368689341e+02,2.221710441232344380e+01,-8.617524019174926941e-03,2.767091762799362300e+02,1.829941661739453718e-02,nan,1.383611832919196590e-05,3.753518486515370256e+01,1.000000000000000000e+00,1.000000000000000000e+00,-1.000000000000000000e+00,0.000000000000000000e+00
2.445000000000000000e+03,9.495630286165663847e+01,3.525721684252206245e+01,-8.662931594654640216e-03,2.781707142948033606e+02,1.699183899055323188e-02,nan,1.284108828994475169e-05,2.054070998542188065e+01,1.000000000000000000e+00,1.000000000000000000e+00,-1.000000000000000000e+00,0.000000000000000000e+00
2.448000000000000000e+03,1.623492605247893650e+01,6.683683412812145619e+00,-7.571224073469680522e-03,2.430318189349089266e+02,1.893283431545567108e-02,nan,1.149004182910727430e-05,1.726166640555500464e+01,1.000000000000000000e+00,1.000000000000000000e+00,-1.000000000000000000e+00,0.000000000000000000e+00
2.448000000000000000e+03,9.748706378759635527e+01,1.487300687890201445e+01,1.198639908405058248e-03,-3.791683730936060925e+01,3.426214834136321885e-01,nan,9.330263317533022665e-06,1.935107731483597249e+01,1.000000000000000000e+00,1.000000000000000000e+00,-1.000000000000000000e+00,0.000000000000000000e+00
2.451000000000000000e+03,7.060712731928095565e+00,5.206871696121866222e+01,-8.986885529425992641e-03,2.885978508624812093e+02,1.094221005282347559e-02,nan,9.206210862826251693e-06,4.630299623394751762e+01,1.000000000000000000e+00,1.000000000000000000e+00,-1.000000000000000000e+00,0.000000000000000000e+00
2.457000000000000000e+03,6.636651058902704392e+01,5.244789336175404770e+01,-8.695362174496077193e-03,2.792145604984752367e+02,1.294540348089567861e-02,nan,9.590613967243885005e-06,2.031073427083990879e+01,1.000000000000000000e+00,1.000000000000000000e+00,-1.000000000000000000e+00,0.000000000000000000e+00
2.460000000000000000e+03,1.326880254290745711e+02,3.670816377662187335e+01,-1.662100387365999209e-03,5.283428448053927440e+01,2.442365050255921322e-01,nan,9.611224726566680815e-06,2.022708566266703656e+01,1.000000000000000000e+00,1.000000000000000000e+00,-1.000000000000000000e+00,0.000000000000000000e+00
2.463000000000000000e+03,1.424562778752946599e+02,1.899612723217601129e+01,-7.603844901349477922e-03,2.440817886705549427e+02,1.858985518211264676e-02,nan,1.063184704911930236e-05,2.022708566266703656e+01,1.000000000000000000e+00,1.000000000000000000e+00,-1.000000000000000000e+00,0.000000000000000000e+00
2.463000000000000000e+03,8.040684124321327886e+01,4.822452621647132531e+01,-8.616139702157951663e-03,2.766646191344916588e+02,1.407932363525798980e-02,nan,1.063602898245815821e-05,1.853508812197393851e+01,1.000000000000000000e+00,1.000000000000000000e+00,-1.000000000000000000e+00,0.000000000000000000e+00
2.463000000000000000e+03,1.138765336758096822e+02,9.777909100705651113e+00,-1.346096813693829514e-03,4.266304695295812621e+01,3.113027317761035695e-01,nan,9.645799425177942955e-06,1.788020571857580165e+01,1.000000000000000000e+00,1.000000000000000000e+00,-1.000000000000000000e+00,0.000000000000000000e+00
2.464000000000000000e+03,9.592648951934666002e+01,2.795681030973907966e+01,-2.101713288267284888e-03,6.698414735485830818e+01,1.558625182200571446e-01,nan,8.269718935062744355e-06,1.280820004492207076e+01,1.000000000000000000e+00,1.000000000000000000e+00,-1.000000000000000000e+00,0.000000000000000000e+00
2.465000000000000000e+03,2.042357214589650027e+01,1.107093362044072471e+01,-7.950961196166282316e-03,2.552544543567295534e+02,3.664028345428604894e-02,nan,2.347550873001247348e-05,2.020187419436959075e+01,1.000000000000000000e+00,1.000000000000000000e+00,-1.000000000000000000e+00,0.000000000000000000e+00
2.466000000000000000e+03,5.870603920272064613e+01,2.614600829332652765e+01,-7.891809324090507533e-03,2.533505273406763649e+02,1.816872350766063349e-02,nan,1.098883096140176267e-05,1.342272303585175308e+01,1.000000000000000000e+00,1.000000000000000000e+00,-1.000000000000000000e+00,0.000000000000000000e+00
2.468000000000000000e+03,1.079134339616273763e+01,2.882863308512190414e+01,-1.172724102427036459e-03,3.708268276085974691e+01,3.442511882788462652e-01,nan,8.452870620896195308e-06,2.020187419436959075e+01,1.000000000000000000e+00,1.000000000000000000e+00,-1.000000000000000000e+00,0.000000000000000000e+00
2.469000000000000000e+03,8.577642639564170679e+01,3.576873753517753585e+01,-1.676766184830530545e-03,5.330633391912536467e+01,2.358877199493895072e-01,nan,9.394491224022088015e-06,1.280820004492207076e+01,1.000000000000000000e+00,1.000000000000000000e+00,-1.000000000000000000e+00,0.000000000000000000e+00
2.470000000000000000e+03,4.169487222475972032e+01,1.642553598020714034e+01,-8.850989861628346875e-03,2.842237638859425033e+02,1.126131540978470014e-02,nan,8.747102164331625558e-06,1.959253388263470086e+01,1.000000000000000000e+00,1.000000000000000000e+00,-1.000000000000000000e+00,0.000000000000000000e+00
2.472000000000000000e+03,6.510487926255920854e+01,2.096410069122886810e+01,-1.353083885866502483e-03,4.288794051939714080e+01,3.527261584264832495e-01,nan,1.187623774085329252e-05,1.118791461668475939e+01,1.000000000000000000e+00,1.000000000000000000e+00,-1.000000000000000000e+00,0.000000000000000000e+00
2.473000000000000000e+03,1.438022817668411903e+02,1.824207210256994571e+01,1.418467423944368838e-03,-4.499244677056234565e+01,3.424717006813962072e-01,nan,1.187001786088592685e-05,2.334558178784519455e+01,1.000000000000000000e+00,1.000000000000000000e+00,-1.000000000000000000e+00,0.000000000000000000e+00
2.474000000000000000e+03,6.558371253340648366e+01,9.786437600539555248e+00,-1.703695268966823719e-03,5.417310294951173688e+01,2.908290910181211553e-01,nan,1.344073187867157402e-05,7.424776234044957235e+00,1.000000000000000000e+00,1.000000000000000000e+00,-1.000000000000000000e+00,0.000000000000000000e+00
2.476000000000000000e+03,4.284602413025030643e+01,2.583470525757642733e+01,-1.446532307477963429e-02,4.649328489331628020e+02,4.797249013231530412e-03,nan,1.002400530838012664e-05,2.278550900556842862e+01,1.000000000000000000e+00,1.000000000000000000e+00,-1.000000000000000000e+00,0.000000000000000000e+00
2.476000000000000000e+03,1.221090779671151267e+02,2.686883846758296102e+01,-1.480729864379637818e-03,4.699649395064576396e+01,3.318902867900584974e-01,nan,1.254810073452138234e-05,2.334558178784519455e+01,1.000000000000000000e+00,1.000000000000000000e+00,-1.000000000000000000e+00,0.000000000000000000e+00
2.478000000000000000e+03,7.299883039532827134e+00,3.073160919304192973e+01,-1.580763290337286464e-02,5.081379049506381875e+02,5.215769402478698247e-03,nan,1.339755477351955689e-05,3.588185912957090551e+01,1.000000000000000000e+00,1.000000000000000000e+00,-1.000000000000000000e+00,0.000000000000000000e+00
2.478000000000000000e+03,4.421573987283245799e+01,5.033738680884446381e+01,-1.419227928300984378e-03,4.501692519769532908e+01,3.045957218218777740e-01,nan,1.075077595009276096e-05,2.454093568750646170e+01,1.000000000000000000e+00,1.000000000000000000e+00,-1.000000000000000000e+00,0.000000000000000000e+00
2.483000000000000000e+03,6.918798898403090902e+01,3.876005578175511346e+01,-1.216699499703410067e-03,3.849812311765699491e+01,3.566610550074896802e-01,nan,1.031665438819121004e-05,1.610866855037756906e+01,1.000000000000000000e+00,1.000000000000000000e+00,-1.000000000000000000e+00,0.000000000000000000e+00
2.485000000000000000e+03,1.042303147379480954e+01,4.651576153967644700e+01,-9.000847562899353185e-03,2.890472481815536412e+02,1.849498655912185097e-02,nan,1.442408936885092683e-05,4.131587597677998502e+01,1.000000000000000000e+00,1.000000000000000000e+00,-1.000000000000000000e+00,0.000000000000000000e+00
2.486000000000000000e+03,5.319361853123430706e+01,3.684450983225913490e+01,-1.615501976808451229e-02,5.193192794961345271e+02,4.892226545464395393e-03,nan,1.467433753579159945e-05,1.610866855037756906e+01,1.000000000000000000e+00,1.000000000000000000e+00,-1.000000000000000000e+00,0.000000000000000000e+00
2.488000000000000000e+03,9.382174675960355614e+01,4.996373338451948598e+01,-8.108831738159702138e-03,2.603358487301010769e+02,2.983807752113631917e-02,nan,1.956871581893535554e-05,2.706186272177637520e+01,1.000000000000000000e+00,1.000000000000000000e+00,-1.000000000000000000e+00,0.000000000000000000e+00
2.490000000000000000e+03,1.084991896206564945e+02,1.338786798191023664e+01,-1.291633067989545998e-03,4.091001711293883858e+01,3.220578625949480633e-01,nan,9.054828284422360916e-06,3.941092816579257629e+01,1.000000000000000000e+00,1.000000000000000000e+00,-1.000000000000000000e+00,0.000000000000000000e+00
2.493000000000000000e+03,4.912025092081837130e+01,2.081421310782491219e+01,-1.118041781773203855e-03,3.532261762784169434e+01,3.174917515138757640e-01,nan,6.654694857402684841e-06,5.336589044123930847e+01,1.000000000000000000e+00,1.000000000000000000e+00,-1.000000000000000000e+00,0.000000000000000000e+00
2.497000000000000000e+03,1.053007487653718925e+02,4.669185747333646930e+01,-1.897134094007992119e-03,6.039933708251899702e+01,2.136393796788425004e-01,nan,1.038067322365958323e-05,2.407704466653660091e+01,1.000000000000000000e+00,1.000000000000000000e+00,-1.000000000000000000e+00,0.000000000000000000e+00
2.499000000000000000e+03,7.572845559687038985e+01,3.246991518045552993e+01,-7.680431965987051350e-03,2.465469039125018753e+02,2.783798620447619498e-02,nan,1.633834483315034096e-05,1.837185995648727754e+01,1.000000000000000000e+00,1.000000000000000000e+00,-1.000000000000000000e+00,0.000000000000000000e+00
2.500000000000000000e+03,1.437718391446740043e+02,1.787533092982749494e+01,-1.285060240825177053e-03,4.069845689056651139e+01,3.092725094897661453e-01,nan,8.378873533305706013e-06,2.154807555991727952e+01,1.000000000000000000e+00,1.000000000000000000e+00,-1.000000000000000000e+00,0.000000000000000000e+00
2.501000000000000000e+03,1.141186817520889036e+02,9.236406008984429761e+00,-1.271313167035455173e-03,4.025597849958001007e+01,3.123533021621498484e-01,nan,8.747793894103305409e-06,1.999061822432370050e+01,1.000000000000000000e+00,1.000000000000000000e+00,-1.000000000000000000e+00,0.000000000000000000e+00
2.502000000000000000e+03,8.659398475041808751e+01,1.727645761476825470e+01,-8.755324789656302245e-03,2.811445829804434311e+02,1.111614555393680703e-02,nan,9.608089074811674755e-06,1.867888852654072807e+01,1.000000000000000000e+00,1.000000000000000000e+00,-1.000000000000000000e+00,0.000000000000000000e+00
2.503000000000000000e+03,3.109512251280047934e+01,3.165038119082451473e+01,-7.273422639055980750e-03,2.334464554205757167e+02,1.822806593772574590e-02,nan,9.188774989734493421e-06,1.990222184909080383e+01,1.000000000000000000e+00,1.000000000000000000e+00,-1.000000000000000000e+00,0.000000000000000000e+00
2.505000000000000000e+03,1.075642629817684650e+02,2.812196693721565666e+01,-7.402087000967122986e-03,2.375877876565540134e+02,1.992205323901541369e-02,nan,1.076982462601536684e-05,1.746390135361728113e+01,1.000000000000000000e+00,1.000000000000000000e+00,-1.000000000000000000e+00,0.000000000000000000e+00
2.506000000000000000e+03,4.050451138827502007e+01,1.398863910454029558e+01,-8.902596465926292807e-03,2.858848306397345027e+02,1.646709699209902844e-02,nan,1.298050368728242365e-05,2.001183980878138513e+01,1.000000000000000000e+00,1.000000000000000000e+00,-1.000000000000000000e+00,0.000000000000000000e+00
2.506000000000000000e+03,1.612012333156572552e+01,1.755631407657929088e+01,-6.934833514894335992e-03,2.225482545993517363e+02,3.043651041708139715e-02,nan,1.670963448760833602e-05,9.641829310234177441e+00,1.000000000000000000e+00,1.000000000000000000e+00,-1.000000000000000000e+00,0.000000000000000000e+00
2.507000000000000000e+03,7.105621183933018870e+01,5.957082999526113198e+00,-7.380685086262252226e-03,2.368989221621589820e+02,1.705218410752029623e-02,nan,9.590471970937451685e-06,1.922369966257081231e+01,1.000000000000000000e+00,1.000000000000000000e+00,-1.000000000000000000e+00,0.000000000000000000e+00
2.508000000000000000e+03,1.194090929478250374e+01,2.624533257595221869e+01,-8.735297373681319769e-03,2.804999586093388757e+02,1.939442922709988526e-02,nan,1.798583784956975438e-05,9.641829310234177441e+00,1.000000000000000000e+00,1.000000000000000000e+00,-1.000000000000000000e+00,0.000000000000000000e+00
2.510000000000000000e+03,9.563423402150218067e+01,4.383428923183495840e+01,-8.399607557983419792e-03,2.696950781094890317e+02,1.517224289233587431e-02,nan,1.121752462292395658e-05,1.972821996234792152e+01,1.000000000000000000e+00,1.000000000000000000e+00,-1.000000000000000000e+00,0.000000000000000000e+00
2.511000000000000000e+03,1.309785385312904680e+02,1.819580650834490854e+01,-8.580363551604961933e-03,2.755130887234005854e+02,1.511470271410852995e-02,nan,1.301821123283831890e-05,3.387904944883335645e+01,1.000000000000000000e+00,1.000000000000000000e+00,-1.000000000000000000e+00,0.000000000000000000e+00
2.512000000000000000e+03,1.841084149860749974e+01,3.787334855458539806e+01,1.495460537482022102e-03,-4.747063154764945381e+01,3.412478041844129173e-01,nan,1.399651866409516214e-05,1.330679444199241779e+01,1.000000000000000000e+00,1.000000000000000000e+00,-1.000000000000000000e+00,0.000000000000000000e+00
2.514000000000000000e+03,1.209118435487868055e+02,5.054471133811822625e+01,-7.841041913270443628e-03,2.517164717883589162e+02,2.049097920582154675e-02,nan,1.262156288564938325e-05,2.615315101968337430e+01,1.000000000000000000e+00,1.000000000000000000e+00,-1.000000000000000000e+00,0.000000000000000000e+00
2.515000000000000000e+03,4.401214235933740326e+01,4.339550079055927512e+01,-7.723813954494825572e-03,2.479432441639862930e+02,1.617991858143796868e-02,nan,9.635783954692224288e-06,2.619008917661184555e+01,1.000000000000000000e+00,1.000000000000000000e+00,-1.000000000000000000e+00,0.000000000000000000e+00
2.517000000000000000e+03,1.439999095067137205e+02,3.352733831713371160e+01,-6.265109038777956149e-03,2.009917682423923111e+02,3.505593627597358708e-02,nan,1.451235186084226206e-05,2.220426019372451165e+01,1.000000000000000000e+00,1.000000000000000000e+00,-1.000000000000000000e+00,0.000000000000000000e+00
2.521000000000000000e+03,2.462338586980549948e+01,1.115301611914146029e+01,-2.385909145028263303e-02,7.672909783555954846e+02,4.246588437651355186e-03,nan,2.872045916298591206e-05,2.066850176525916538e+01,1.000000000000000000e+00,1.000000000000000000e+00,-1.000000000000000000e+00,0.000000000000000000e+00
2.521000000000000000e+03,1.042642001905262816e+02,4.010325076053998572e+01,-6.872131863029820424e-03,2.205300704786008907e+02,2.430019940567962333e-02,nan,1.129767850857113295e-05,3.226798029100117304e+01,1.000000000000000000e+00,1.000000000000000000e+00,-1.000000000000000000e+00,0.000000000000000000e+00
2.522000000000000000e+03,6.237267243396502892e+01,1.071926323657210744e+01,-1.118476794211246657e-03,3.533661941517393501e+01,3.738217762847720893e-01,nan,9.443563614955251603e-06,3.775177847024127686e+01,1.000000000000000000e+00,1.000000000000000000e+00,-1.000000000000000000e+00,0.000000000000000000e+00
2.526000000000000000e+03,4.501975895002217953e+00,3.331750744444116918e+01,-8.438876887333912613e-03,2.709590438037094486e+02,2.326460024286647332e-02,nan,1.610235312537317337e-05,2.993552763996985178e+01,1.000000000000000000e+00,1.000000000000000000e+00,-1.000000000000000000e+00,0.000000000000000000e+00
2.528000000000000000e+03,1.043074883350244733e+02,4.629101688410030846e+01,-8.308484570972616071e-03,2.667620937310557565e+02,1.242374068981499935e-02,nan,8.499797188904808099e-06,2.175410769570430247e+01,1.000000000000000000e+00,1.000000000000000000e+00,-1.000000000000000000e+00,0.000000000000000000e+00
2.528000000000000000e+03,1.085464778566707622e+02,1.437852987734789245e+01,-6.926002393233649315e-03,2.222640064340477579e+02,3.702728275093358778e-02,nan,1.837107640693108268e-05,3.219279203673966094e+01,1.000000000000000000e+00,1.000000000000000000e+00,-1.000000000000000000e+00,0.000000000000000000e+00
2.529000000000000000e+03,3.584679072365145203e+01,3.154858503161883476e+01,-8.481757922461766186e-03,2.723392598204005708e+02,1.932496555232199320e-02,nan,1.456946088028704293e-05,1.496288038369932138e+01,1.000000000000000000e+00,1.000000000000000000e+00,-1.000000000000000000e+00,0.000000000000000000e+00
2.529000000000000000e+03,1.437792342114375970e+02,2.555274664141971641e+01,-1.736196256436316806e-03,5.521921537030385707e+01,2.680386397232558116e-01,nan,1.117940704187316612e-05,1.728638179023775123e+01,1.000000000000000000e+00,1.000000000000000000e+00,-1.000000000000000000e+00,0.000000000000000000e+00
2.530000000000000000e+03,1.276128569025211164e+02,5.050674292470520754e+01,1.478610864207198419e-03,-4.692828948756198315e+01,3.001367269920617309e-01,nan,1.053767548710538577e-05,9.565795322109634569e+00,1.000000000000000000e+00,1.000000000000000000e+00,-1.000000000000000000e+00,0.000000000000000000e+00
2.530000000000000000e+03,1.370715926423554265e+02,5.193389335422399000e+01,-1.135681387465646086e-03,3.589038531890215467e+01,3.508191691574998883e-01,nan,8.263346612846045558e-06,9.565795322109634569e+00,1.000000000000000000e+00,1.000000000000000000e+00,-1.000000000000000000e+00,0.000000000000000000e+00
2.534000000000000000e+03,1.405860508713839749e+02,8.563850987061623954e+00,-8.375742674339135135e-03,2.689269367961065313e+02,2.449156438227240162e-02,nan,1.796068391317977875e-05,1.728638179023775123e+01,1.000000000000000000e+00,1.000000000000000000e+00,-1.000000000000000000e+00,0.000000000000000000e+00
2.534000000000000000e+03,5.500770287989490015e+01,5.157403421726212400e+01,-7.599464446649022674e-03,2.439407945522942214e+02,1.968890854325811013e-02,nan,1.088997035633608527e-05,2.771568454406384419e+01,1.000000000000000000e+00,1.000000000000000000e+00,-1.000000000000000000e+00,0.000000000000000000e+00
2.534000000000000000e+03,3.029983751395209524e+01,1.765185521967027071e+01,-1.636652587338439978e-03,5.201519368473956462e+01,2.486879956404752789e-01,nan,8.780674665688125707e-06,1.496288038369932138e+01,1.000000000000000000e+00,1.000000000000000000e+00,-1.000000000000000000e+00,0.000000000000000000e+00
2.539000000000000000e+03,7.594583542419130140e+01,2.474463974185837145e+01,-1.384833665502581022e-03,4.390987374114587993e+01,2.948864078227961816e-01,nan,8.192471291714200455e-06,2.314089933128519760e+01,1.000000000000000000e+00,1.000000000000000000e+00,-1.000000000000000000e+00,0.000000000000000000e+00
2.540000000000000000e+03,9.857343543764378069e+01,2.959159130875906030e+01,-8.488656623749623806e-03,2.725613089846401635e+02,1.856729134959611560e-02,nan,1.391528987186438250e-05,2.314089933128519760e+01,1.000000000000000000e+00,1.000000000000000000e+00,-1.000000000000000000e+00,0.000000000000000000e+00
2.541000000000000000e+03,1.436761432466089445e+02,1.567218067819413996e+01,-7.586423026522171736e-03,2.435210291038667663e+02,2.101326688917082297e-02,nan,1.240462029263753980e-05,2.605566083010272038e+01,1.000000000000000000e+00,1.000000000000000000e+00,-1.000000000000000000e+00,0.000000000000000000e+00
2.541000000000000000e+03,1.415177167867096273e+02,4.163828659553483647e+01,-1.312938720011861153e-03,4.159578419107882752e+01,2.684079525490696838e-01,nan,7.546274366554306451e-06,2.605566083010272038e+01,1.000000000000000000e+00,1.000000000000000000e+00,-1.000000000000000000e+00,0.000000000000000000e+00
2.542000000000000000e+03,1.169843370790120929e+02,5.284525741174567059e+01,-8.662271005801566726e-03,2.781494518576270707e+02,1.525083660088777382e-02,nan,1.136434448000110217e-05,2.697189119727176987e+01,1.000000000000000000e+00,1.000000000000000000e+00,-1.000000000000000000e+00,0.000000000000000000e+00
2.544000000000000000e+03,3.216929200763200214e+01,3.753044498882127300e+01,-1.655912368200624166e-02,5.323262111790879771e+02,6.561004429754491163e-03,nan,1.883552692752718343e-05,1.895858765763303566e+01,1.000000000000000000e+00,1.000000000000000000e+00,-1.000000000000000000e+00,0.000000000000000000e+00
2.549000000000000000e+03,8.174031378103370571e+01,8.783248583375590002e+00,-1.398490382700938494e-03,4.434944381580459094e+01,3.453343655701467396e-01,nan,1.243679038126575386e-05,1.327058064169670182e+01,1.000000000000000000e+00,1.000000000000000000e+00,-1.000000000000000000e+00,0.000000000000000000e+00
2.553000000000000000e+03,9.501063040054548026e+01,1.974263197456575725e+01,-8.829421596238689121e-03,2.835295440459995007e+02,1.719560407889708653e-02,nan,1.323199916591569084e-05,1.721073465884548526e+01,1.000000000000000000e+00,1.000000000000000000e+00,-1.000000000000000000e+00,0.000000000000000000e+00
2.555000000000000000e+03,5.802250959252123153e+01,4.318787870561848052e+01,1.541574210662145696e-03,-4.895489679735474198e+01,3.022633876858695778e-01,nan,1.205157057139768369e-05,1.935076825963777836e+01,1.000000000000000000e+00,1.000000000000000000e+00,-1.000000000000000000e+00,0.000000000000000000e+00
2.559000000000000000e+03,1.112275908644498514e+02,2.834215758650594807e+01,-8.711980310474789352e-03,2.797494500452639272e+02,1.582657931932029971e-02,nan,1.226681984564402108e-05,2.008958704669091233e+01,1.000000000000000000e+00,1.000000000000000000e+00,-1.000000000000000000e+00,0.000000000000000000e+00
2.559000000000000000e+03,3.911697462559630623e+01,3.906077562323928021e+01,-7.713200495708405664e-03,2.476016277415787954e+02,1.790471703486951061e-02,nan,1.033668158276677230e-05,1.935076825963777836e+01,1.000000000000000000e+00,1.000000000000000000e+00,-1.000000000000000000e+00,0.000000000000000000e+00
2.560000000000000000e+03,1.006588632556023128e+02,5.340660657088417906e+01,-1.370276423617020935e-03,4.344131839145831009e+01,3.358661210017984677e-01,nan,1.122630715965826384e-05,2.720155521584225866e+01,1.000000000000000000e+00,1.000000000000000000e+00,-1.000000000000000000e+00,0.000000000000000000e+00
2.561000000000000000e+03,1.295157231415359149e+02,2.002736802077584599e+01,-1.036444717694207963e-03,3.269624505029062078e+01,3.139073297509689109e-01,nan,5.948822085353314463e-06,2.008958704669091233e+01,1.000000000000000000e+00,1.000000000000000000e+00,-1.000000000000000000e+00,0.000000000000000000e+00
2.563000000000000000e+03,7.506175768626431477e+01,2.398568763890708411e+01,-6.674341153229546540e-03,2.141637618107928347e+02,2.262786282302298169e-02,nan,1.027974126617165504e-05,3.642727439538508349e+01,1.000000000000000000e+00,1.000000000000000000e+00,-1.000000000000000000e+00,0.000000000000000000e+00
2.565000000000000000e+03,4.328270113442543021e+01,4.952453533032461053e+01,-7.574262962353599596e-03,2.431296319447400549e+02,1.912546349525934275e-02,nan,1.046213080850934983e-05,1.781984138044527910e+01,1.000000000000000000e+00,1.000000000000000000e+00,-1.000000000000000000e+00,0.000000000000000000e+00
2.565000000000000000e+03,1.560837891878588657e+01,4.878595350614117088e+00,-1.300016615284962712e-03,4.117985915894638538e+01,3.271846217185354622e-01,nan,9.477997269959888098e-06,3.616685061887799435e+01,1.000000000000000000e+00,1.000000000000000000e+00,-1.000000000000000000e+00,0.000000000000000000e+00
2.569000000000000000e+03,9.730212998497638921e+01,2.680789935329982754e+01,-8.474566866899379755e-03,2.721078006209076534e+02,1.710791844297210318e-02,nan,1.230629357410436124e-05,2.209643239531089165e+01,1.000000000000000000e+00,1.000000000000000000e+00,-1.000000000000000000e+00,0.000000000000000000e+00
2.570000000000000000e+03,5.371012840733455107e+01,3.507408525801125876e+01,-1.322237938048408026e-03,4.189509901961493910e+01,3.326809152782178591e-01,nan,1.024128340684632297e-05,1.550193574447125222e+01,1.000000000000000000e+00,1.000000000000000000e+00,-1.000000000000000000e+00,0.000000000000000000e+00
2.571000000000000000e+03,6.330073663303211617e+01,2.289499474652815891e+01,-7.393718088949335389e-03,2.373184166776401582e+02,2.181159379264085985e-02,nan,1.180007785010805749e-05,1.550193574447125222e+01,1.000000000000000000e+00,1.000000000000000000e+00,-1.000000000000000000e+00,0.000000000000000000e+00
2.573000000000000000e+03,8.635477364101129183e+01,4.600184927713759464e+01,-8.382352086932637336e-03,2.691396745972177769e+02,1.903270405190005121e-02,nan,1.275387862268088208e-05,2.209643239531089165e+01,1.000000000000000000e+00,1.000000000000000000e+00,-1.000000000000000000e+00,0.000000000000000000e+00
2.577000000000000000e+03,1.360119264508496428e+02,1.328531446093170665e+01,-1.226103613811575658e-03,3.880081424617524277e+01,3.265832425719037424e-01,nan,8.359151103332270401e-06,1.921759420667307694e+01,1.000000000000000000e+00,1.000000000000000000e+00,-1.000000000000000000e+00,0.000000000000000000e+00
2.578000000000000000e+03,5.052311350216265851e+01,3.629961523537486556e+01,-8.346402923350768402e-03,2.679825753990663202e+02,2.741467727190605164e-02,nan,1.913154818676441823e-05,2.095680026760870263e+01,1.000000000000000000e+00,1.000000000000000000e+00,-1.000000000000000000e+00,0.000000000000000000e+00
2.580000000000000000e+03,1.357461705138988748e+02,3.580667286198522703e+01,-9.127365741067712535e-03,2.931195009942456409e+02,1.945135875876002896e-02,nan,1.670214917621370664e-05,1.020153585296521470e+01,1.000000000000000000e+00,1.000000000000000000e+00,-1.000000000000000000e+00,0.000000000000000000e+00
2.581000000000000000e+03,4.038497682868548821e+01,5.071491431425100949e+00,-8.375993746079904434e-03,2.689350180664610548e+02,1.914998212474450234e-02,nan,1.385714605099166365e-05,1.737866559523627430e+01,1.000000000000000000e+00,1.000000000000000000e+00,-1.000000000000000000e+00,0.000000000000000000e+00
2.582000000000000000e+03,5.416425764949978827e+01,1.566155460083953521e+01,-8.174448527614777346e-03,2.624478626658587359e+02,1.793395417577725581e-02,nan,1.217702307094732386e-05,8.561355529763837069e+00,1.000000000000000000e+00,1.000000000000000000e+00,-1.000000000000000000e+00,0.000000000000000000e+00
2.582000000000000000e+03,8.795919572311768775e+01,2.915049820235955735e+01,-6.812771709537906312e-03,2.186194394885023655e+02,2.536748257448251387e-02,nan,1.136683018918365653e-05,1.549925491033994263e+01,1.000000000000000000e+00,1.000000000000000000e+00,-1.000000000000000000e+00,0.000000000000000000e+00
2.584000000000000000e+03,1.014445759615239808e+02,2.151037892310102961e+01,-7.774148350091183296e-03,2.495633622135021312e+02,2.785636826771153984e-02,nan,1.687480150158931220e-05,1.549925491033994263e+01,1.000000000000000000e+00,1.000000000000000000e+00,-1.000000000000000000e+00,0.000000000000000000e+00
2.584000000000000000e+03,1.265689522043472834e+02,3.135133922036356324e+01,-7.093878830860619530e-03,2.276674615359811753e+02,2.215169909780079216e-02,nan,1.132829034784010957e-05,1.020153585296521470e+01,1.000000000000000000e+00,1.000000000000000000e+00,-1.000000000000000000e+00,0.000000000000000000e+00
2.584000000000000000e+03,1.384333491365511861e+02,4.982754101429950566e+00,-8.290908450746150085e-03,2.661963694528164979e+02,2.509147860613092362e-02,nan,1.709830302658453237e-05,1.688949390731579570e+01,1.000000000000000000e+00,1.000000000000000000e+00,-1.000000000000000000e+00,0.000000000000000000e+00
2.585000000000000000e+03,6.271202450799762573e+01,1.614372701791029385e+01,-1.373211405704274045e-02,4.413329795073088917e+02,7.449783023110834179e-03,nan,1.549344776166034233e-05,8.561355529763837069e+00,1.000000000000000000e+00,1.000000000000000000e+00,-1.000000000000000000e+00,0.000000000000000000e+00
2.588000000000000000e+03,1.420432299352744394e+02,2.148195908422432154e+01,-8.092642125408422080e-03,2.598147521017962731e+02,1.807875156283533791e-02,nan,1.188108138277205789e-05,1.688949390731579570e+01,1.000000000000000000e+00,1.000000000000000000e+00,-1.000000000000000000e+00,0.000000000000000000e+00
2.589000000000000000e+03,7.895503730513744323e+00,5.710094399805116794e+00,-8.526941071850180007e-03,2.737935742110046249e+02,1.613536722179609306e-02,nan,1.112363517672025013e-05,1.935309646918384630e+01,1.000000000000000000e+00,1.000000000000000000e+00,-1.000000000000000000e+00,0.000000000000000000e+00
2.589000000000000000e+03,2.148471939268296538e+01,2.360104807031407148e+01,-2.469773110141677223e-03,7.883092436797963387e+01,1.611158969161237131e-01,nan,1.197160662450183416e-05,1.386662863474730933e+01,1.000000000000000000e+00,1.000000000000000000e+00,-1.000000000000000000e+00,0.000000000000000000e+00
2.590000000000000000e+03,2.659180782190653503e+01,1.070914993737473431e+01,-8.545402410745544033e-03,2.743877911079841283e+02,3.223475147520815653e-02,nan,2.591994443005779330e-05,1.122585681615152708e+01,1.000000000000000000e+00,1.000000000000000000e+00,-1.000000000000000000e+00,0.000000000000000000e+00
2.591000000000000000e+03,4.976353033872467790e+01,1.558529487971395433e+01,-7.654317659654231304e-03,2.457063602139211582e+02,2.006516464006180556e-02,nan,1.238322751963827814e-05,1.422429458890967346e+01,1.000000000000000000e+00,1.000000000000000000e+00,-1.000000000000000000e+00,0.000000000000000000e+00
2.599000000000000000e+03,1.109090443806974093e+02,2.439784296408842934e+01,1.158340514803413331e-03,-3.661971683766287100e+01,3.602067499059328215e-01,nan,8.933043810099278357e-06,7.971749315212969478e+00,1.000000000000000000e+00,1.000000000000000000e+00,-1.000000000000000000e+00,0.000000000000000000e+00
2.600000000000000000e+03,6.573153259846797880e+01,4.938121120758961524e+01,-1.613250372975777750e-03,5.126194435218312861e+01,2.350701038550627731e-01,nan,8.699886560700125114e-06,1.691619797669073932e+01,1.000000000000000000e+00,1.000000000000000000e+00,-1.000000000000000000e+00,0.000000000000000000e+00
2.601000000000000000e+03,1.414953733487479894e+02,4.628021785751109007e+01,-8.628948465920379535e-03,2.770768960500606113e+02,1.542160064529551899e-02,nan,1.067767242881696137e-05,3.760800248242526322e+01,1.000000000000000000e+00,1.000000000000000000e+00,-1.000000000000000000e+00,0.000000000000000000e+00
2.602000000000000000e+03,1.025929738331934402e+02,1.256082741155483973e+01,-8.387138637924333728e-03,2.692937397760024965e+02,1.075284590370662041e-02,nan,7.380848125623724253e-06,1.420956144959834333e+01,1.000000000000000000e+00,1.000000000000000000e+00,-1.000000000000000000e+00,0.000000000000000000e+00
2.602000000000000000e+03,4.391604317104859234e+01,1.276126746164659131e+01,-1.370207932477833035e-03,4.343911386055025758e+01,3.215383324808803733e-01,nan,1.027963415341441968e-05,2.927895749262572522e+01,1.000000000000000000e+00,1.000000000000000000e+00,-1.000000000000000000e+00,0.000000000000000000e+00
2.603000000000000000e+03,8.805026559688255361e+01,4.906185877552105978e+01,-1.359863130612982236e-03,4.310614472440903455e+01,3.053126112968196360e-01,nan,9.244070668890654342e-06,2.232101764325246407e+01,1.000000000000000000e+00,1.000000000000000000e+00,-1.000000000000000000e+00,0.000000000000000000e+00
2.604000000000000000e+03,1.032931775906852181e+02,2.675312642503062577e+01,-8.128350956393120413e-03,2.609641156914448175e+02,2.136814809311093910e-02,nan,1.368361313257197884e-05,7.971749315212969478e+00,1.000000000000000000e+00,1.000000000000000000e+00,-1.000000000000000000e+00,0.000000000000000000e+00
2.607000000000000000e+03,6.243105772516985752e+01,4.749774616956410966e+01,-8.007501283025591013e-03,2.570743155899215253e+02,1.772007666588060193e-02,nan,1.131575393243201423e-05,9.810347166195306556e+00,1.000000000000000000e+00,1.000000000000000000e+00,-1.000000000000000000e+00,0.000000000000000000e+00
2.609000000000000000e+03,1.902382713014062787e+01,9.976199384359038191e+00,-1.221022364450863795e-03,3.863726358254164950e+01,3.164872036034895864e-01,nan,9.009314942391101865e-06,3.490919400146830043e+01,1.000000000000000000e+00,1.000000000000000000e+00,-1.000000000000000000e+00,0.000000000000000000e+00
2.609000000000000000e+03,7.122135741629020345e+01,4.314188312516454715e+01,-1.393721221202347781e-03,4.419593835431292916e+01,3.409426716710423078e-01,nan,1.192142542800607940e-05,9.810347166195306556e+00,1.000000000000000000e+00,1.000000000000000000e+00,-1.000000000000000000e+00,0.000000000000000000e+00
2.610000000000000000e+03,9.706750800463059647e+01,2.398161470814306995e+01,-1.228138263091371318e-03,3.886630369893565273e+01,3.566609715800761471e-01,nan,1.007179366911181140e-05,1.844536555788953081e+01,1.000000000000000000e+00,1.000000000000000000e+00,-1.000000000000000000e+00,0.000000000000000000e+00
2.611000000000000000e+03,1.925615568782681919e+01,4.883983794247848209e+01,-8.628891249081003731e-03,2.770750544061287997e+02,1.325357124365944550e-02,nan,1.165173440276775473e-05,1.097858013507150510e+01,1.000000000000000000e+00,1.000000000000000000e+00,-1.000000000000000000e+00,0.000000000000000000e+00
2.612000000000000000e+03,7.873983285886606609e+01,2.606195946695169496e+01,-1.152889982710912468e-03,3.644428003509669622e+01,3.087182809392028382e-01,nan,6.737124065305804934e-06,9.216447145196315915e+00,1.000000000000000000e+00,1.000000000000000000e+00,-1.000000000000000000e+00,0.000000000000000000e+00
2.614000000000000000e+03,1.238085447708688633e+02,4.740903180568746222e+01,-8.879451569871634267e-03,2.851398636363950914e+02,1.411129102337105312e-02,nan,1.056863003325574795e-05,2.981321342462153723e+01,1.000000000000000000e+00,1.000000000000000000e+00,-1.000000000000000000e+00,0.000000000000000000e+00
2.615000000000000000e+03,2.608532658970065299e+01,2.911299635560094501e+01,-6.499145627396411308e-03,2.085247265103030259e+02,2.639253945237662879e-02,nan,1.142506513438643680e-05,1.123765666754964698e+01,1.000000000000000000e+00,1.000000000000000000e+00,-1.000000000000000000e+00,0.000000000000000000e+00
2.615000000000000000e+03,9.400146070035812329e+01,4.680452050261799712e+01,-8.660517395026011422e-03,2.780930082183294871e+02,1.492361064688885186e-02,nan,1.117259720690983430e-05,2.255967759121258354e+01,1.000000000000000000e+00,1.000000000000000000e+00,-1.000000000000000000e+00,0.000000000000000000e+00
2.617000000000000000e+03,3.721930431047019994e+01,2.759001654906035839e+01,-8.466034113732905791e-03,2.718331560711264956e+02,1.585174134253897194e-02,nan,1.139289283140851864e-05,9.507144789612976155e+00,1.000000000000000000e+00,1.000000000000000000e+00,-1.000000000000000000e+00,0.000000000000000000e+00
2.619000000000000000e+03,5.249941181612832963e+01,7.975494632014790142e+00,-1.745839032515195512e-03,5.552958833470995614e+01,1.894528868060982862e-01,nan,8.438401659934316039e-06,7.305158469336885396e+00,1.000000000000000000e+00,1.000000000000000000e+00,-1.000000000000000000e+00,0.000000000000000000e+00
2.619000000000000000e+03,9.018845790429165277e+01,1.216749633602449521e+01,-5.852502526906959782e-03,1.877111626185444493e+02,3.034502364889224424e-02,nan,1.052706590961485389e-05,1.682713663608357280e+01,1.000000000000000000e+00,1.000000000000000000e+00,-1.000000000000000000e+00,0.000000000000000000e+00
2.619000000000000000e+03,7.068245451824554948e+01,5.516971042609830178e+00,-1.266396791293074829e-03,4.009773463901384360e+01,2.990606483308699826e-01,nan,8.418666900983457095e-06,1.805462872566387844e+01,1.000000000000000000e+00,1.000000000000000000e+00,-1.000000000000000000e+00,0.000000000000000000e+00
2.620000000000000000e+03,8.112129090472065229e+01,2.828317392481735837e+01,-1.249154464612148817e-03,3.954275420584384904e+01,3.003209095769224790e-01,nan,7.794453585939465582e-06,1.849131097418541358e+01,1.000000000000000000e+00,1.000000000000000000e+00,-1.000000000000000000e+00,0.000000000000000000e+00
2.621000000000000000e+03,9.138031422614119492e+01,4.634545947734374494e+01,-9.061897802764017767e-03,2.910122781448650926e+02,1.384116530750678642e-02,nan,1.285199182114832036e-05,2.077242688976071605e+01,1.000000000000000000e+00,1.000000000000000000e+00,-1.000000000000000000e+00,0.000000000000000000e+00
2.623000000000000000e+03,4.274242836461161232e+01,6.391092375876730181e+00,-7.603626618219806559e-03,2.440747627703907483e+02,1.516328151696455517e-02,nan,8.518430582998874422e-06,9.884789152148185210e+00,1.000000000000000000e+00,1.000000000000000000e+00,-1.000000000000000000e+00,0.000000000000000000e+00
2.623000000000000000e+03,5.507679746293212730e+01,3.309888457691863550e+01,-7.820542209644901904e-03,2.510566458490588957e+02,1.891049067776739978e-02,nan,1.254425930411558451e-05,1.832805449359657501e+01,1.000000000000000000e+00,1.000000000000000000e+00,-1.000000000000000000e+00,0.000000000000000000e+00
2.623000000000000000e+03,1.359843784552148520e+02,3.519619547746469124e+01,-7.993773861408929454e-03,2.566324697453262047e+02,1.869066315959622138e-02,nan,1.140356201688875931e-05,8.366482493529234787e+00,1.000000000000000000e+00,1.000000000000000000e+00,-1.000000000000000000e+00,0.000000000000000000e+00
2.624000000000000000e+03,1.069399617195699221e+02,1.376112342419274270e+01,-1.722823013261264372e-02,5.538628050893037198e+02,3.579824925737828956e-03,nan,1.184484681500904183e-05,1.682713663608357280e+01,1.000000000000000000e+00,1.000000000000000000e+00,-1.000000000000000000e+00,0.000000000000000000e+00
2.629000000000000000e+03,1.034993597763587587e+02,3.197178077743161850e+01,-1.926662679529462857e-03,6.134977651490325457e+01,1.521731763454982067e-01,nan,7.853244276597551817e-06,1.054539071916111581e+01,1.000000000000000000e+00,1.000000000000000000e+00,-1.000000000000000000e+00,0.000000000000000000e+00
2.632000000000000000e+03,1.266195111137422913e+01,4.907924395312275578e+01,-1.584549341648514367e-02,5.093565249406151452e+02,5.406352464545682857e-03,nan,1.560190092408326930e-05,4.238218142821339995e+01,1.000000000000000000e+00,1.000000000000000000e+00,-1.000000000000000000e+00,0.000000000000000000e+00
2.633000000000000000e+03,9.937383769884105789e+01,4.167669360587492378e+01,-1.113841998334069022e-03,3.518743879290813936e+01,3.730624389207392033e-01,nan,9.265160663884347249e-06,1.054539071916111581e+01,1.000000000000000000e+00,1.000000000000000000e+00,-1.000000000000000000e+00,0.000000000000000000e+00
2.635000000000000000e+03,5.447956382290554700e+01,4.218456704101358667e+01,-8.500288753332812738e-03,2.729357134623090246e+02,2.072247251333292350e-02,nan,1.510287699252441698e-05,3.508329768406361637e+01,1.000000000000000000e+00,1.000000000000000000e+00,-1.000000000000000000e+00,0.000000000000000000e+00
2.638000000000000000e+03,3.009466613522410583e+01,1.696127341884894335e+01,-1.453147987999935673e-03,4.610871343331094607e+01,2.848655238223716246e-01,nan,9.276688439620381902e-06,3.508329768406361637e+01,1.000000000000000000e+00,1.000000000000000000e+00,-1.000000000000000000e+00,0.000000000000000000e+00
2.641000000000000000e+03,1.423564469658389271e+02,1.333818356150512940e+01,-8.752071212349003121e-03,2.810398597736065085e+02,1.560789817497088006e-02,nan,1.249731548315609475e-05,8.768423899708204772e+01,1.000000000000000000e+00,1.000000000000000000e+00,-1.000000000000000000e+00,0.000000000000000000e+00
2.645000000000000000e+03,7.347155040572138418e+00,5.783672262681752940e+00,-8.235688678888250860e-03,2.644190053260164177e+02,1.259149032225603815e-02,nan,8.716872668051195398e-06,4.765452057385222417e+01,1.000000000000000000e+00,1.000000000000000000e+00,-1.000000000000000000e+00,0.000000000000000000e+00
2.646000000000000000e+03,5.469978580898182230e+01,1.113920122202510221e+01,-2.024677086658396939e-03,6.450457569786334489e+01,1.585708253702031723e-01,nan,8.262228457700631411e-06,4.765452057385222417e+01,1.000000000000000000e+00,1.000000000000000000e+00,-1.000000000000000000e+00,0.000000000000000000e+00
2.647000000000000000e+03,1.317213053751809468e+02,1.593701929871992107e+01,-1.164464592958463184e-03,3.681683313235738808e+01,3.444266504045938593e-01,nan,8.394373247859380661e-06,2.691871201699507310e+01,1.000000000000000000e+00,1.000000000000000000e+00,-1.000000000000000000e+00,0.000000000000000000e+00
2.652000000000000000e+03,1.171044035246595456e+02,3.854151524413173036e+01,-7.194675660567869703e-03,2.309118188230389137e+02,2.542348939421845699e-02,nan,1.346454671997919822e-05,2.691871201699507310e+01,1.000000000000000000e+00,1.000000000000000000e+00,-1.000000000000000000e+00,0.000000000000000000e+00
2.652000000000000000e+03,6.821678256790750083e+01,4.802335061288826523e+01,-1.195094377261634753e-03,3.780271695621988925e+01,3.279281312076971489e-01,nan,8.158973786536524782e-06,2.997813025530026465e+01,1.000000000000000000e+00,1.000000000000000000e+00,-1.000000000000000000e+00,0.000000000000000000e+00
2.654000000000000000e+03,2.893134672643837746e+01,5.327872466162832410e+01,-8.135979222297974947e-03,2.612096474224318854e+02,1.847806017055042549e-02,nan,1.200763123894938169e-05,1.895889966057445619e+01,1.000000000000000000e+00,1.000000000000000000e+00,-1.000000000000000000e+00,0.000000000000000000e+00
2.658000000000000000e+03,8.203320074374489934e+01,3.351956715533371067e+01,-8.691303823276267521e-03,2.790839339560366170e+02,1.771404259300235484e-02,nan,1.330136338935041531e-05,2.091427077846048732e+01,1.000000000000000000e+00,1.000000000000000000e+00,-1.000000000000000000e+00,0.000000000000000000e+00
2.658000000000000000e+03,1.150985338372225186e+02,5.024475648569719510e+01,-1.673084831333338310e-02,5.378535284630902424e+02,4.987243670054208877e-03,nan,1.503746319981422528e-05,2.599430159808527918e+01,1.000000000000000000e+00,1.000000000000000000e+00,-1.000000000000000000e+00,0.000000000000000000e+00
2.658000000000000000e+03,1.757896353540625611e+01,3.809441459420341403e+01,-7.661234241105966195e-03,2.459289848887213452e+02,1.594169411983070717e-02,nan,9.207289419167198982e-06,1.895889966057445619e+01,1.000000000000000000e+00,1.000000000000000000e+00,-1.000000000000000000e+00,0.000000000000000000e+00
2.659000000000000000e+03,1.307931262446122957e+02,4.716288336895318345e+00,-8.581981212688643418e-03,2.755651565368434603e+02,2.355451276498554680e-02,nan,1.731263414252923850e-05,3.013702642824062750e+01,1.000000000000000000e+00,1.000000000000000000e+00,-1.000000000000000000e+00,0.000000000000000000e+00
2.659000000000000000e+03,2.237212296488193175e+01,5.320976139149291129e+00,-3.562465579999051293e-03,1.140015223658638206e+02,6.697320095255576700e-02,nan,8.775173156930452876e-06,3.312208697355273301e+01,1.000000000000000000e+00,1.000000000000000000e+00,-1.000000000000000000e+00,0.000000000000000000e+00
2.659000000000000000e+03,1.008594351468314159e+02,8.211213114212819519e+00,-7.783119326539095911e-03,2.498521118983418035e+02,1.610570291174717728e-02,nan,1.056562784665612073e-05,3.013702642824062750e+01,1.000000000000000000e+00,1.000000000000000000e+00,-1.000000000000000000e+00,0.000000000000000000e+00
2.659000000000000000e+03,1.434881440034708930e+02,3.489124984758372960e+01,-8.380484299411274096e-03,2.690795559399820718e+02,1.923325253031604731e-02,nan,1.486130630460537648e-05,8.647811233880730697e+00,1.000000000000000000e+00,1.000000000000000000e+00,-1.000000000000000000e+00,0.000000000000000000e+00
2.665000000000000000e+03,6.367218184826774063e+01,3.018352403462123235e+01,-7.265221681376790586e-03,2.331824904041698687e+02,2.081517387601405922e-02,nan,1.049103769011751157e-05,1.830004331600100187e+01,1.000000000000000000e+00,1.000000000000000000e+00,-1.000000000000000000e+00,0.000000000000000000e+00
2.665000000000000000e+03,1.052918754412269209e+02,1.248481199420970000e+01,-7.877185584018181128e-03,2.528798316074326920e+02,2.031402746209964860e-02,nan,1.345176448133680646e-05,9.732384531813565332e+00,1.000000000000000000e+00,1.000000000000000000e+00,-1.000000000000000000e+00,0.000000000000000000e+00
2.665000000000000000e+03,2.976299570392991001e+01,1.113120442399137922e+01,1.364653095466035427e-03,-4.326031978547879220e+01,3.275088455511522278e-01,nan,1.032959007893310078e-05,3.101685948214955957e+01,1.000000000000000000e+00,1.000000000000000000e+00,-1.000000000000000000e+00,0.000000000000000000e+00
2.666000000000000000e+03,1.180211328453339661e+02,1.864628190907229666e+01,-7.345316599752937589e-03,2.357605132729908632e+02,1.925435627931182392e-02,nan,9.991160601305144323e-06,1.118310656424997340e+01,1.000000000000000000e+00,1.000000000000000000e+00,-1.000000000000000000e+00,0.000000000000000000e+00
2.666000000000000000e+03,1.073517163862563280e+02,2.199671842542864297e+01,-8.662927881726571050e-03,2.781705947864292057e+02,1.757952375382776378e-02,nan,1.267665319185877138e-05,9.732384531813565332e+00,1.000000000000000000e+00,1.000000000000000000e+00,-1.000000000000000000e+00,0.000000000000000000e+00
2.667000000000000000e+03,1.319620597265927131e+02,2.055632451645873715e+01,-1.607781257599549818e-02,5.168342041520511430e+02,5.752239762941258050e-03,nan,1.661567915522386984e-05,1.407116573246986846e+01,1.000000000000000000e+00,1.000000000000000000e+00,-1.000000000000000000e+00,0.000000000000000000e+00
2.667000000000000000e+03,8.009796367492356239e+01,3.825106868901368529e+01,-8.328533774435674386e-03,2.674074193781420377e+02,1.074989962273353861e-02,nan,7.321494255287818546e-06,1.830004331600100187e+01,1.000000000000000000e+00,1.000000000000000000e+00,-1.000000000000000000e+00,0.000000000000000000e+00
2.667000000000000000e+03,1.028551476419104915e+02,4.457259933759262083e+01,-8.455832934838678622e-03,2.715048097414037329e+02,1.066216493657223818e-02,nan,7.926614548590672806e-06,2.301932947400592155e+01,1.000000000000000000e+00,1.000000000000000000e+00,-1.000000000000000000e+00,0.000000000000000000e+00
2.668000000000000000e+03,8.638156404163039426e+00,3.384214312529644531e+01,-1.772540492857095163e-03,5.638903081605511858e+01,2.860163288240007429e-01,nan,1.514205007314795790e-05,2.355620396723876553e+01,1.000000000000000000e+00,1.000000000000000000e+00,-1.000000000000000000e+00,0.000000000000000000e+00
2.673000000000000000e+03,3.005673097772615421e+01,2.403707257058491464e+01,-8.645315493648967828e-03,2.776037031513646980e+02,1.872239395339492241e-02,nan,1.399833889001768575e-05,1.741229454771253415e+01,1.000000000000000000e+00,1.000000000000000000e+00,-1.000000000000000000e+00,0.000000000000000000e+00
2.674000000000000000e+03,1.271809996080730798e+02,2.494448016462637341e+01,-7.674132260040935141e-03,2.463441346691440970e+02,1.616550734806643241e-02,nan,9.007233035784798479e-06,3.897838357513224139e+01,1.000000000000000000e+00,1.000000000000000000e+00,-1.000000000000000000e+00,0.000000000000000000e+00
2.676000000000000000e+03,2.921332916288710990e+01,4.142892913608780248e+01,-1.125658930135172743e-03,3.556779151740278166e+01,3.527100667669741396e-01,nan,9.093467664270396490e-06,1.741229454771253415e+01,1.000000000000000000e+00,1.000000000000000000e+00,-1.000000000000000000e+00,0.000000000000000000e+00
2.678000000000000000e+03,9.289379487672377422e+01,6.405279053449099536e+00,-2.117999238863382382e-03,6.750834481867308057e+01,2.432126495308520875e-01,nan,1.557775958525303033e-05,1.332725159247998903e+01,1.000000000000000000e+00,1.000000000000000000e+00,-1.000000000000000000e+00,0.000000000000000000e+00
2.679000000000000000e+03,8.805547952245225929e+01,1.882326357356672375e+01,-7.847529074708594135e-03,2.519252746797326949e+02,1.617130598972960076e-02,nan,1.095348392448575471e-05,1.332725159247998903e+01,1.000000000000000000e+00,1.000000000000000000e+00,-1.000000000000000000e+00,0.000000000000000000e+00
2.680000000000000000e+03,1.162491983405328853e+02,2.394495516780449407e+01,-8.438554346389496100e-03,2.709486621471987178e+02,1.457296039938771326e-02,nan,9.837915122308122507e-06,1.287065215631232995e+01,1.000000000000000000e+00,1.000000000000000000e+00,-1.000000000000000000e+00,0.000000000000000000e+00
2.681000000000000000e+03,6.727034956763795037e+01,2.550941335687856792e+01,-8.446089522857695014e-03,2.711911975995028570e+02,1.457131438206848983e-02,nan,1.043297830338702678e-05,1.939709492310944228e+01,1.000000000000000000e+00,1.000000000000000000e+00,-1.000000000000000000e+00,0.000000000000000000e+00
2.682000000000000000e+03,4.732467957197604846e+01,4.518859433665615910e+01,-8.668070001080876649e-03,2.783361046784219752e+02,1.625365555577151788e-02,nan,1.164237233371694481e-05,2.651564652770187536e+01,1.000000000000000000e+00,1.000000000000000000e+00,-1.000000000000000000e+00,0.000000000000000000e+00
2.684000000000000000e+03,8.719069961479370079e+01,3.713158374861137645e+01,-1.321522484480273062e-03,4.187207064655924427e+01,3.229333743602125217e-01,nan,9.648270457728220801e-06,1.213953266558497290e+01,1.000000000000000000e+00,1.000000000000000000e+00,-1.000000000000000000e+00,0.000000000000000000e+00
2.685000000000000000e+03,1.037762801862547377e+02,2.077005365036086815e+01,-7.941864790631769991e-03,2.549616674737726214e+02,1.863430839384561111e-02,nan,1.188164315907578007e-05,1.241757733553922627e+01,1.000000000000000000e+00,1.000000000000000000e+00,-1.000000000000000000e+00,0.000000000000000000e+00
2.685000000000000000e+03,1.414494377210014875e+02,4.487444817427837052e+01,-7.924725071290781089e-03,2.544099896729572095e+02,1.997470125956857245e-02,nan,1.234384306607149851e-05,1.275926757627560804e+01,1.000000000000000000e+00,1.000000000000000000e+00,-1.000000000000000000e+00,0.000000000000000000e+00
2.686000000000000000e+03,1.379187692245984209e+01,3.077662272531621923e+01,-1.118276805712973849e-03,3.533018236607642137e+01,3.661820772079297237e-01,nan,8.638282773734196331e-06,3.649868188383614864e+01,1.000000000000000000e+00,1.000000000000000000e+00,-1.000000000000000000e+00,0.000000000000000000e+00
2.687000000000000000e+03,8.767947126181046258e+01,4.926127276424063695e+01,-1.025271529745396112e-03,3.233661257130615496e+01,3.559944926167373236e-01,nan,7.056380746282287428e-06,1.213953266558497290e+01,1.000000000000000000e+00,1.000000000000000000e+00,-1.000000000000000000e+00,0.000000000000000000e+00
2.688000000000000000e+03,1.046613969648948341e+02,3.315604554331265064e+01,-1.308629960712679287e-03,4.145709773961920064e+01,3.465605741131206896e-01,nan,1.047225696390292732e-05,1.241757733553922627e+01,1.000000000000000000e+00,1.000000000000000000e+00,-1.000000000000000000e+00,0.000000000000000000e+00
2.689000000000000000e+03,8.650797782813468473e+01,2.201753075620214162e+01,-1.746031331412797264e-03,5.553577787788844233e+01,2.045284671534268739e-01,nan,8.338815273015764474e-06,1.410764889983511594e+01,1.000000000000000000e+00,1.000000000000000000e+00,-1.000000000000000000e+00,0.000000000000000000e+00
2.690000000000000000e+03,1.394975477359872968e+02,3.226536277646305706e+01,-8.861641047864307966e-03,2.845665946454099640e+02,1.717520036312147891e-02,nan,1.499271800031923879e-05,1.275926757627560804e+01,1.000000000000000000e+00,1.000000000000000000e+00,-1.000000000000000000e+00,0.000000000000000000e+00
2.691000000000000000e+03,9.853232404004201328e+01,1.463912607380576247e+01,-1.189173025953855567e-03,3.761212585012639664e+01,3.196108321549109288e-01,nan,7.625191298698123549e-06,1.410764889983511594e+01,1.000000000000000000e+00,1.000000000000000000e+00,-1.000000000000000000e+00,0.000000000000000000e+00
2.693000000000000000e+03,9.288298240577594456e+00,2.570671023770840691e+01,1.182576259989889496e-03,-3.739979510730077550e+01,3.434904363596588128e-01,nan,8.445479541031469895e-06,4.660364825432273506e+01,1.000000000000000000e+00,1.000000000000000000e+00,-1.000000000000000000e+00,0.000000000000000000e+00
2.696000000000000000e+03,5.076448031944580919e+01,4.972899812400465436e+01,1.348289366345536500e-03,-4.273361885679163663e+01,3.031971141649857371e-01,nan,9.035962000731969217e-06,2.586441032078512947e+01,1.000000000000000000e+00,1.000000000000000000e+00,-1.000000000000000000e+00,0.000000000000000000e+00
2.697000000000000000e+03,7.923851887754361201e+01,3.520428883453137558e+01,-9.146523176816873796e-03,2.937361232278481111e+02,1.669454090336733865e-01,nan,1.701141195505925070e-04,5.750338496994004345e+00,1.000000000000000000e+00,1.000000000000000000e+00,-1.000000000000000000e+00,0.000000000000000000e+00
2.697000000000000000e+03,5.587288933002052005e+01,2.437407989060040236e+01,-1.801264285999873210e-03,5.731356631846495731e+01,2.497881590077360991e-01,nan,1.236121317696071055e-05,2.575356421781821226e+01,1.000000000000000000e+00,1.000000000000000000e+00,-1.000000000000000000e+00,0.000000000000000000e+00
2.699000000000000000e+03,8.348429568719330973e+01,3.132617432969115612e+01,-8.572577869685167259e-03,2.752624902279462731e+02,1.585510843402642145e-01,nan,1.394130176548470548e-04,5.750338496994004345e+00,1.000000000000000000e+00,1.000000000000000000e+00,-1.000000000000000000e+00,0.000000000000000000e+00
2.699000000000000000e+03,1.307204533386738206e+02,3.959880671643727368e+01,-6.042173078335114078e-03,1.938161069650423940e+02,3.836832905877574085e-02,nan,1.435274829183469229e-05,2.459448936506097283e+01,1.000000000000000000e+00,1.000000000000000000e+00,-1.000000000000000000e+00,0.000000000000000000e+00
2.702000000000000000e+03,1.034784913122363719e+02,5.527739870071486372e+00,-1.692451979906759666e-03,5.381121411929299114e+01,2.993099424769364303e-01,nan,1.479028737692654184e-05,2.519832458850603274e+01,1.000000000000000000e+00,1.000000000000000000e+00,-1.000000000000000000e+00,0.000000000000000000e+00
2.703000000000000000e+03,4.172432557686885701e+01,3.396965727216112185e+01,-9.065640869217770487e-03,2.911327565861061544e+02,1.797336529060167276e-02,nan,1.756039654189941229e-05,1.025713154377428538e+01,1.000000000000000000e+00,1.000000000000000000e+00,-1.000000000000000000e+00,0.000000000000000000e+00
2.704000000000000000e+03,1.923500052253735859e+01,2.881444745860732937e+01,-7.689192594194106320e-03,2.468288830982095305e+02,2.310018522827805842e-02,nan,1.342017080851645700e-05,2.307262294627864208e+01,1.000000000000000000e+00,1.000000000000000000e+00,-1.000000000000000000e+00,0.000000000000000000e+00
2.704000000000000000e+03,5.459884619322578203e+01,2.091463652110277138e+01,-2.149848079681567978e-03,6.853346653225203511e+01,2.948469297329044947e-01,nan,2.218811715988921042e-05,9.589869708076555810e+00,1.000000000000000000e+00,1.000000000000000000e+00,-1.000000000000000000e+00,0.000000000000000000e+00
2.705000000000000000e+03,9.387068320285312950e+01,2.882249433112939485e+01,-8.540272614651251565e-03,2.742226778659508568e+02,1.398489992176177310e-02,nan,9.904476566833508912e-06,2.519832458850603274e+01,1.000000000000000000e+00,1.000000000000000000e+00,-1.000000000000000000e+00,0.000000000000000000e+00
2.706000000000000000e+03,4.571232692281581933e+01,2.451954654418472046e+01,-8.988659150693002753e-03,2.886549385813987101e+02,1.499599462172662712e-02,nan,1.219014740832837561e-05,9.589869708076555810e+00,1.000000000000000000e+00,1.000000000000000000e+00,-1.000000000000000000e+00,0.000000000000000000e+00
2.707000000000000000e+03,1.114831442756307212e+02,5.185472382458911511e+01,-7.484593758555731571e-03,2.402434406269058513e+02,2.018844473100622761e-02,nan,1.133446892678640890e-05,2.533617102554191902e+01,1.000000000000000000e+00,1.000000000000000000e+00,-1.000000000000000000e+00,0.000000000000000000e+00
2.712000000000000000e+03,6.329216959280974919e+01,1.798980048563756995e+01,-8.800317592751141782e-03,2.825927706765232870e+02,1.347626905521925877e-02,nan,1.038173492924531686e-05,1.188344191889075141e+01,1.000000000000000000e+00,1.000000000000000000e+00,-1.000000000000000000e+00,0.000000000000000000e+00
2.713000000000000000e+03,6.213803678568013567e+01,3.464424874055765002e+01,-8.457710431256586225e-03,2.715652408998295755e+02,1.405295900158398670e-02,nan,1.019787627835130347e-05,1.241242179979530036e+01,1.000000000000000000e+00,1.000000000000000000e+00,-1.000000000000000000e+00,0.000000000000000000e+00
2.714000000000000000e+03,7.629903048305790492e+01,4.012659550450776180e+01,-1.289937214151953880e-03,4.085543250177838814e+01,3.316796664125961636e-01,nan,9.984572416209395836e-06,1.518518582492052360e+01,1.000000000000000000e+00,1.000000000000000000e+00,-1.000000000000000000e+00,0.000000000000000000e+00
2.715000000000000000e+03,1.250646159919146072e+02,4.516571754175205911e+01,-7.769012898295690923e-03,2.493980669308684242e+02,1.904397083424058668e-02,nan,1.139317317992570266e-05,1.133648287961141854e+01,1.000000000000000000e+00,1.000000000000000000e+00,-1.000000000000000000e+00,0.000000000000000000e+00
2.717000000000000000e+03,1.239453429405115088e+02,3.388462398145722432e+01,-7.665111428664115115e-03,2.460537802988954752e+02,2.554251296647713776e-02,nan,1.443807089078475650e-05,9.475925730415447390e+00,1.000000000000000000e+00,1.000000000000000000e+00,-1.000000000000000000e+00,0.000000000000000000e+00
2.717000000000000000e+03,1.294032089055529013e+02,6.350924159191537299e+00,-8.437697455365168395e-03,2.709210813130885072e+02,1.307121011123346666e-02,nan,9.017157521578561831e-06,2.786480943802458654e+01,1.000000000000000000e+00,1.000000000000000000e+00,-1.000000000000000000e+00,0.000000000000000000e+00
2.717000000000000000e+03,5.348407063084343349e+01,1.128030075824170453e+01,-7.371563573290326916e-03,2.366053271436905732e+02,1.925587688078200799e-02,nan,1.126159007549634647e-05,1.188344191889075141e+01,1.000000000000000000e+00,1.000000000000000000e+00,-1.000000000000000000e+00,0.000000000000000000e+00
2.718000000000000000e+03,4.529914492456751418e+01,4.294197006117590121e+01,-1.439347721491695273e-03,4.566452292315913297e+01,3.317577043766831713e-01,nan,1.217229585838468120e-05,1.144024583935172856e+01,1.000000000000000000e+00,1.000000000000000000e+00,-1.000000000000000000e+00,0.000000000000000000e+00
2.718000000000000000e+03,5.641249033367759580e+01,4.565725617549542648e+01,1.434762438274140954e-03,-4.551693596964778266e+01,3.218831997434062897e-01,nan,1.154162254902303942e-05,1.144024583935172856e+01,1.000000000000000000e+00,1.000000000000000000e+00,-1.000000000000000000e+00,0.000000000000000000e+00
2.719000000000000000e+03,1.100882448211819309e+02,2.934415542382196307e+01,-8.247362521127720239e-03,2.647947524129792214e+02,1.363696111619849827e-02,nan,8.896762703702013294e-06,1.458201025276013674e+01,1.000000000000000000e+00,1.000000000000000000e+00,-1.000000000000000000e+00,0.000000000000000000e+00
2.720000000000000000e+03,2.886044313850111109e+01,2.509805719758423237e+01,-1.524270181458992762e-02,4.899544134668127526e+02,5.756058572626399084e-03,nan,1.470911194060531179e-05,2.345826768652406713e+01,1.000000000000000000e+00,1.000000000000000000e+00,-1.000000000000000000e+00,0.000000000000000000e+00
2.720000000000000000e+03,1.334211846624363318e+02,3.392452522678009785e+01,-1.478775470650358498e-02,4.753109869857157719e+02,8.914274052406190307e-03,nan,2.216831537065207694e-05,9.475925730415447390e+00,1.000000000000000000e+00,1.000000000000000000e+00,-1.000000000000000000e+00,0.000000000000000000e+00
2.724000000000000000e+03,5.181349280249929024e+01,2.994035355103600793e+01,-1.514360018858002801e-03,4.807895097894368064e+01,3.455870518525403501e-01,nan,1.424005337145075174e-05,2.345826768652406713e+01,1.000000000000000000e+00,1.000000000000000000e+00,-1.000000000000000000e+00,0.000000000000000000e+00
2.724000000000000000e+03,8.003739163982955063e+01,4.867289327141977395e+01,-1.322930998841722163e-03,4.191740663426605096e+01,3.297176846635435643e-01,nan,1.008325128463557411e-05,9.255913873487516597e+00,1.000000000000000000e+00,1.000000000000000000e+00,-1.000000000000000000e+00,0.000000000000000000e+00
2.726000000000000000e+03,1.219339999417041014e+02,4.869848667181496182e+01,-1.247956582085710513e-03,3.950419784534147283e+01,3.008168822723361613e-01,nan,7.479811139343736779e-06,9.050165021711260138e+00,1.000000000000000000e+00,1.000000000000000000e+00,-1.000000000000000000e+00,0.000000000000000000e+00
2.726000000000000000e+03,1.129855378738263880e+02,5.005145139417830080e+01,-1.384258874107187646e-03,4.389137287502143181e+01,2.990842613591129240e-01,nan,9.227665590469615904e-06,9.050165021711260138e+00,1.000000000000000000e+00,1.000000000000000000e+00,-1.000000000000000000e+00,0.000000000000000000e+00
2.727000000000000000e+03,2.609684555392020755e+01,5.082480556455186615e+01,-8.042584030854527458e-03,2.582035273806037594e+02,1.690140045605958985e-02,nan,1.088091268850222251e-05,2.717812886532931316e+01,1.000000000000000000e+00,1.000000000000000000e+00,-1.000000000000000000e+00,0.000000000000000000e+00
2.727000000000000000e+03,8.104186176050801294e+01,7.749235124724212831e+00,-1.270581328457578854e-03,4.023242274063422741e+01,3.238607586841544261e-01,nan,8.959040566178129428e-06,1.559072055019549730e+01,1.000000000000000000e+00,1.000000000000000000e+00,-1.000000000000000000e+00,0.000000000000000000e+00
2.728000000000000000e+03,1.696153083491736879e+01,2.522799495062544040e+01,-1.249366992496477383e-03,3.954959486137068581e+01,3.102391670571342797e-01,nan,7.861164642891935509e-06,1.972515049392313458e+01,1.000000000000000000e+00,1.000000000000000000e+00,-1.000000000000000000e+00,0.000000000000000000e+00
2.729000000000000000e+03,8.592647045769302849e+01,4.153211654123065699e+01,-1.242511250401183778e-02,3.992643943634391803e+02,4.548376081545668637e-02,nan,7.178973461856496738e-05,9.255913873487516597e+00,1.000000000000000000e+00,1.000000000000000000e+00,-1.000000000000000000e+00,0.000000000000000000e+00
2.732000000000000000e+03,3.668302337594325735e+01,2.560785540154967421e+01,-5.301134857073995857e-03,1.699642382096515405e+02,4.553845008161172547e-02,nan,1.290850079086060396e-05,1.330875982292150717e+01,1.000000000000000000e+00,1.000000000000000000e+00,-1.000000000000000000e+00,0.000000000000000000e+00
2.733000000000000000e+03,6.401872171816103219e+01,3.593522979762446568e+01,-7.383371220772730510e-03,2.369853810329230726e+02,2.224339332956026816e-02,nan,1.158432450517296121e-05,2.261138200232839779e+01,1.000000000000000000e+00,1.000000000000000000e+00,-1.000000000000000000e+00,0.000000000000000000e+00
2.734000000000000000e+03,1.070358763576587648e+02,1.534080916028078434e+01,-7.709485984757370562e-03,2.474820684190599422e+02,1.850286836357502018e-01,nan,1.365176710940764493e-04,6.339615313978729461e+00,1.000000000000000000e+00,1.000000000000000000e+00,-1.000000000000000000e+00,0.000000000000000000e+00
2.734000000000000000e+03,1.034802975645031324e+02,2.058948344765045846e+01,-8.298385857445321478e-03,2.664370454639887384e+02,1.366296471241099653e-01,nan,1.092036291376271992e-04,6.339615313978729461e+00,1.000000000000000000e+00,1.000000000000000000e+00,-1.000000000000000000e+00,0.000000000000000000e+00
2.734000000000000000e+03,1.295456719790432487e+02,1.308000460128167397e+01,-1.396233863706208963e-03,4.427681302111395212e+01,2.800860691871090991e-01,nan,9.198850284727225852e-06,1.631307991602439600e+01,1.000000000000000000e+00,1.000000000000000000e+00,-1.000000000000000000e+00,0.000000000000000000e+00
2.736000000000000000e+03,2.448681884931989572e+01,3.093473846474728361e+01,-8.792297788090137553e-03,2.823346364497993477e+02,1.769731368125126991e-02,nan,1.398128016970281525e-05,1.330875982292150717e+01,1.000000000000000000e+00,1.000000000000000000e+00,-1.000000000000000000e+00,0.000000000000000000e+00
2.741000000000000000e+03,8.922472189831043465e+01,2.749652117832932774e+01,-6.426505781663593118e-03,2.061866607842431165e+02,2.651699103416382819e-02,nan,1.119253503776234398e-05,1.113144435787199882e+01,1.000000000000000000e+00,1.000000000000000000e+00,-1.000000000000000000e+00,0.000000000000000000e+00
2.744000000000000000e+03,7.810582617340662637e+01,2.802492571191716664e+01,-1.257002501137863748e-03,3.979535971501758240e+01,3.405692983408267205e-01,nan,9.634184406017919395e-06,1.113144435787199882e+01,1.000000000000000000e+00,1.000000000000000000e+00,-1.000000000000000000e+00,0.000000000000000000e+00
2.745000000000000000e+03,1.363994713337010580e+02,3.038603485685073125e+01,-1.137958643733522329e-03,3.596368358620520667e+01,3.517671292462752897e-01,nan,8.336096220329870159e-06,6.129079015010533205e+00,1.000000000000000000e+00,1.000000000000000000e+00,-1.000000000000000000e+00,0.000000000000000000e+00
2.747000000000000000e+03,4.010189867662175089e+01,3.714921173496075113e+01,-6.078495283843300158e-03,1.949852132996835508e+02,2.979965341129786616e-02,nan,1.111614469792316173e-05,2.988174456899434972e+01,1.000000000000000000e+00,1.000000000000000000e+00,-1.000000000000000000e+00,0.000000000000000000e+00
2.749000000000000000e+03,1.129796878815537866e+02,4.921510786385371716e+01,-1.359054861885001467e-03,4.308012890084452806e+01,2.674204895818419470e-01,nan,7.449016447490043510e-06,2.235427269060964051e+01,1.000000000000000000e+00,1.000000000000000000e+00,-1.000000000000000000e+00,0.000000000000000000e+00
2.749000000000000000e+03,1.439186997278540616e+02,4.283916651144482302e+01,-1.073023777756382507e-03,3.387361878725351971e+01,3.583389209680388765e-01,nan,7.784009238912158114e-06,1.454714005054224302e+01,1.000000000000000000e+00,1.000000000000000000e+00,-1.000000000000000000e+00,0.000000000000000000e+00
2.750000000000000000e+03,1.302944361185648461e+02,3.092839506389880810e+01,-2.303396521163882105e-03,7.347574503928798606e+01,1.717612314269565399e-01,nan,1.134673707905145605e-05,6.129079015010533205e+00,1.000000000000000000e+00,1.000000000000000000e+00,-1.000000000000000000e+00,0.000000000000000000e+00
2.752000000000000000e+03,6.060936580539789276e+01,1.541531078624035445e+01,-1.332268731387267540e-03,4.221796113302085729e+01,3.204210656754409303e-01,nan,9.587809345433037379e-06,2.988174456899434972e+01,1.000000000000000000e+00,1.000000000000000000e+00,-1.000000000000000000e+00,0.000000000000000000e+00
2.752000000000000000e+03,1.009537772426659359e+02,3.037124995652433768e+01,-9.930629438138552628e-04,3.129991170703974745e+01,3.700715384636410477e-01,nan,6.948029479239149703e-06,1.992500514335828399e+01,1.000000000000000000e+00,1.000000000000000000e+00,-1.000000000000000000e+00,0.000000000000000000e+00
2.755000000000000000e+03,1.089281146279523682e+02,4.863092610996356768e+01,-1.148066017314009271e-03,3.628901059524018535e+01,3.570648204211608334e-01,nan,8.892737609349395111e-06,1.797496438974140176e+01,1.000000000000000000e+00,1.000000000000000000e+00,-1.000000000000000000e+00,0.000000000000000000e+00
2.758000000000000000e+03,7.145598763912983031e+01,1.780758514277577120e+01,-1.204368292177974021e-03,3.810121735078353566e+01,3.184490724707060849e-01,nan,7.656186299452033556e-06,2.700680018688245454e+01,1.000000000000000000e+00,1.000000000000000000e+00,-1.000000000000000000e+00,0.000000000000000000e+00
2.758000000000000000e+03,1.268994068694611883e+02,4.899424412872462398e+01,-1.214138046121931601e-03,3.841567736398928901e+01,3.601457328616370912e-01,nan,9.849990666723456293e-06,1.797496438974140176e+01,1.000000000000000000e+00,1.000000000000000000e+00,-1.000000000000000000e+00,0.000000000000000000e+00
2.760000000000000000e+03,1.235879616069545506e+02,2.949172513574654886e+01,-8.855677120207483891e-03,2.843746331302601789e+02,1.471714937942814050e-02,nan,1.194670475424893069e-05,1.978165606813666599e+01,1.000000000000000000e+00,1.000000000000000000e+00,-1.000000000000000000e+00,0.000000000000000000e+00
2.763000000000000000e+03,9.809473005353221708e+01,3.563147627143190732e+01,-7.686745369219469270e-03,2.467501140317359898e+02,1.888315275446283970e-02,nan,1.136377257127495205e-05,2.622215473687388965e+01,1.000000000000000000e+00,1.000000000000000000e+00,-1.000000000000000000e+00,0.000000000000000000e+00
2.765000000000000000e+03,3.089773905163366763e+01,3.363581308333628783e+01,-7.142538166079600952e-03,2.292336642554475930e+02,1.726642116003496152e-02,nan,8.920221709524545089e-06,1.216051205939213631e+01,1.000000000000000000e+00,1.000000000000000000e+00,-1.000000000000000000e+00,0.000000000000000000e+00
2.765000000000000000e+03,5.212727248726879736e+01,4.908512980265092551e+01,-7.785642396202785594e-03,2.499333221851427140e+02,1.633925058611074288e-02,nan,1.009142370382288040e-05,2.625594174636371037e+01,1.000000000000000000e+00,1.000000000000000000e+00,-1.000000000000000000e+00,0.000000000000000000e+00
2.772000000000000000e+03,1.350575080431543995e+02,2.612109316735409337e+01,-1.189740108594263251e-03,3.763037859381004324e+01,3.555564804241375665e-01,nan,9.091695547779020189e-06,7.661715333932709093e+00,1.000000000000000000e+00,1.000000000000000000e+00,-1.000000000000000000e+00,0.000000000000000000e+00
2.773000000000000000e+03,9.098252362427658113e+01,1.807041190475391090e+01,-1.176628348406180734e-03,3.720834910304224508e+01,3.597777892130181732e-01,nan,9.491622811917296607e-06,2.746396673339311789e+01,1.000000000000000000e+00,1.000000000000000000e+00,-1.000000000000000000e+00,0.000000000000000000e+00
2.775000000000000000e+03,1.143045724770566807e+02,3.257391169071806303e+01,-7.817437207946347638e-03,2.509567048596816790e+02,1.676939482971806505e-02,nan,1.025159926403535272e-05,2.173299798707193631e+01,1.000000000000000000e+00,1.000000000000000000e+00,-1.000000000000000000e+00,0.000000000000000000e+00
2.780000000000000000e+03,1.317654578156344485e+02,1.207554147472608364e+01,-3.928342659497451039e-02,1.263755542469781858e+03,2.147424261623842590e-03,nan,5.443546735521115457e-05,2.530615885975369395e+01,1.000000000000000000e+00,1.000000000000000000e+00,-1.000000000000000000e+00,0.000000000000000000e+00
2.781000000000000000e+03,1.684295501065545153e+01,4.333401069783559478e+01,-2.165618171184091872e-03,6.904105998962940305e+01,3.372997689116178366e-01,nan,1.846268825695031340e-05,6.912945774578048486e+00,1.000000000000000000e+00,1.000000000000000000e+00,-1.000000000000000000e+00,0.000000000000000000e+00
2.783000000000000000e+03,1.568263028836585526e+01,3.651913976574157061e+01,-8.760006631401650451e-03,2.812952778726090628e+02,2.048383356175265124e-02,nan,1.573344703710135369e-05,6.912945774578048486e+00,1.000000000000000000e+00,1.000000000000000000e+00,-1.000000000000000000e+00,0.000000000000000000e+00
2.784000000000000000e+03,5.347646419920791061e+01,3.553295825267080943e+01,-7.120459424940160306e-03,2.285230136832733479e+02,1.897996526988920962e-02,nan,9.510736015133687362e-06,3.745491175693742036e+01,1.000000000000000000e+00,1.000000000000000000e+00,-1.000000000000000000e+00,0.000000000000000000e+00
2.785000000000000000e+03,8.274471628200949169e+01,1.059007250429818292e+01,-8.401466241099704232e-03,2.697549037223596429e+02,1.386116170255968782e-02,nan,1.030505648983725464e-05,1.914455723347827742e+01,1.000000000000000000e+00,1.000000000000000000e+00,-1.000000000000000000e+00,0.000000000000000000e+00
2.785000000000000000e+03,1.018613115566256226e+02,9.555733694985883986e+00,-8.644105659973972192e-03,2.775647621180901297e+02,2.636201498504919805e-02,nan,2.011074030345758645e-05,1.026670636122360136e+01,1.000000000000000000e+00,1.000000000000000000e+00,-1.000000000000000000e+00,0.000000000000000000e+00
2.785000000000000000e+03,1.072373440861080667e+02,1.830236354593623460e+01,-7.424012371265285674e-03,2.382935016666561125e+02,3.372718661937335050e-02,nan,1.963396654315012542e-05,1.026670636122360136e+01,1.000000000000000000e+00,1.000000000000000000e+00,-1.000000000000000000e+00,0.000000000000000000e+00
2.786000000000000000e+03,1.240509119790454093e+02,3.766666228671655148e+01,-1.109397692609420368e-03,3.504438949556859484e+01,3.270249503020923321e-01,nan,6.856943219242761885e-06,1.785815306075094000e+01,1.000000000000000000e+00,1.000000000000000000e+00,-1.000000000000000000e+00,0.000000000000000000e+00
2.791000000000000000e+03,1.403326493964498241e+02,3.033054223508836600e+01,-8.807072839680008675e-03,2.828102024614633478e+02,1.788808173304123894e-02,nan,1.390447350225634800e-05,1.054442059132243870e+01,1.000000000000000000e+00,1.000000000000000000e+00,-1.000000000000000000e+00,0.000000000000000000e+00
2.792000000000000000e+03,1.357821840293411242e+02,2.081854609603064787e+01,-1.802917183288634938e-03,5.736676828304188547e+01,2.578896860071167030e-01,nan,1.275432063423284693e-05,1.054442059132243870e+01,1.000000000000000000e+00,1.000000000000000000e+00,-1.000000000000000000e+00,0.000000000000000000e+00
2.795000000000000000e+03,9.488732121015300436e+01,3.077130268211143616e+01,-6.651932417183385217e-03,2.134424896607036999e+02,2.457272067744786792e-02,nan,1.201174846816378713e-05,2.833060297256250948e+01,1.000000000000000000e+00,1.000000000000000000e+00,-1.000000000000000000e+00,0.000000000000000000e+00
2.797000000000000000e+03,1.344641078746566087e+01,3.108648245136870969e+01,-8.527173180279823059e-03,2.738010451074334810e+02,1.631119095885924519e-02,nan,1.217109261382243979e-05,9.557014709487914317e+00,1.000000000000000000e+00,1.000000000000000000e+00,-1.000000000000000000e+00,0.000000000000000000e+00
2.800000000000000000e+03,4.751875635110886265e+01,1.316060509372649001e+01,-7.456540561052596092e-03,2.393404896510774904e+02,2.342023096732426257e-02,nan,1.248068530967974454e-05,2.220659923357752774e+01,1.000000000000000000e+00,1.000000000000000000e+00,-1.000000000000000000e+00,0.000000000000000000e+00
2.800000000000000000e+03,1.296937875519910790e+02,9.908027744518685509e+00,-1.282895710193460940e-03,4.062878693419523302e+01,3.691780959095334325e-01,nan,1.191859198780736339e-05,1.153115792777602699e+01,1.000000000000000000e+00,1.000000000000000000e+00,-1.000000000000000000e+00,0.000000000000000000e+00
2.801000000000000000e+03,9.049937962451915396e+00,2.260075579678667523e+01,-8.855315638402302264e-03,2.843629980805052355e+02,1.931579769414071279e-02,nan,1.549339211781853353e-05,9.557014709487914317e+00,1.000000000000000000e+00,1.000000000000000000e+00,-1.000000000000000000e+00,0.000000000000000000e+00
2.801000000000000000e+03,9.296171232594130629e+01,3.162610437609036040e+01,-8.883846769402261451e-03,2.852813323479277301e+02,1.307603473378449177e-02,nan,1.048234743565610390e-05,8.399749077375627593e+00,1.000000000000000000e+00,1.000000000000000000e+00,-1.000000000000000000e+00,0.000000000000000000e+00
2.802000000000000000e+03,1.411717428310230673e+02,1.101443895553095231e+01,-7.654988990362432411e-03,2.457279684002252793e+02,1.687310386187657052e-02,nan,1.046224824261083511e-05,1.153115792777602699e+01,1.000000000000000000e+00,1.000000000000000000e+00,-1.000000000000000000e+00,0.000000000000000000e+00
2.804000000000000000e+03,1.083507734085913086e+02,2.507735079227538932e+01,-7.875521651851260380e-03,2.528262744621673335e+02,1.564686449103325216e-02,nan,1.039448332794585495e-05,1.658845005870784917e+01,1.000000000000000000e+00,1.000000000000000000e+00,-1.000000000000000000e+00,0.000000000000000000e+00
2.805000000000000000e+03,4.002358957470621448e+01,4.857435968672815818e+01,-7.442263338208668713e-03,2.388809473013113802e+02,1.642193740951891634e-02,nan,8.907937183513729476e-06,3.619822563855080944e+01,1.000000000000000000e+00,1.000000000000000000e+00,-1.000000000000000000e+00,0.000000000000000000e+00
2.811000000000000000e+03,1.053274367447520774e+02,1.104250447923215894e+01,-8.521229097728020077e-03,2.736097223485944596e+02,1.417872934351638303e-02,nan,1.227362572604927025e-05,1.369436625069014468e+01,1.000000000000000000e+00,1.000000000000000000e+00,-1.000000000000000000e+00,0.000000000000000000e+00
2.813000000000000000e+03,1.150304458865394679e+02,4.892175779188222151e+01,-7.534331332190800055e-03,2.418443487103462815e+02,1.629158411070841250e-02,nan,9.830025169661150763e-06,3.503169266485839728e+01,1.000000000000000000e+00,1.000000000000000000e+00,-1.000000000000000000e+00,0.000000000000000000e+00
2.816000000000000000e+03,3.184407476337780452e+01,2.657710724788218570e+01,-8.395687729474497069e-03,2.695689102109164992e+02,1.519976798656486050e-02,nan,1.064246513914476812e-05,1.845158690403112445e+01,1.000000000000000000e+00,1.000000000000000000e+00,-1.000000000000000000e+00,0.000000000000000000e+00
2.820000000000000000e+03,2.447066023014522429e+01,9.662799180505396990e+00,-8.292429082883506081e-03,2.662453141861984136e+02,2.452440746619266587e-02,nan,1.714322879879054019e-05,1.650239122587826301e+01,1.000000000000000000e+00,1.000000000000000000e+00,-1.000000000000000000e+00,0.000000000000000000e+00
2.820000000000000000e+03,8.564311157001665720e+01,1.790126366055698526e+01,-8.392056716145382747e-03,2.694520384344139075e+02,1.543702028739402099e-02,nan,1.073097728463848286e-05,2.523725448239410341e+01,1.000000000000000000e+00,1.000000000000000000e+00,-1.000000000000000000e+00,0.000000000000000000e+00
2.821000000000000000e+03,6.024674780767967519e+01,1.987700312254889567e+01,-2.991360732657652195e-03,9.561931551940395480e+01,9.280556054069932781e-02,nan,8.975817934163709172e-06,9.569815958294100255e+00,1.000000000000000000e+00,1.000000000000000000e+00,-1.000000000000000000e+00,0.000000000000000000e+00
2.822000000000000000e+03,1.679159052109687167e+01,2.426967443072643604e+01,-1.314415280839895160e-03,4.164331039697368908e+01,3.208531721841275663e-01,nan,9.373882227311514318e-06,1.216866144390528781e+01,1.000000000000000000e+00,1.000000000000000000e+00,-1.000000000000000000e+00,0.000000000000000000e+00
2.825000000000000000e+03,5.844502836797946088e+01,2.927568305838173401e+01,-8.416454651020593633e-03,2.702373371192182390e+02,1.329865374683891766e-02,nan,9.203821409363348256e-06,9.569815958294100255e+00,1.000000000000000000e+00,1.000000000000000000e+00,-1.000000000000000000e+00,0.000000000000000000e+00
2.827000000000000000e+03,7.707257037410120404e+01,2.162364047743801976e+01,-8.017849499542158143e-03,2.574073946337871348e+02,1.384174076347888249e-02,nan,8.411870925891642967e-06,2.013800081563226740e+01,1.000000000000000000e+00,1.000000000000000000e+00,-1.000000000000000000e+00,0.000000000000000000e+00
2.829000000000000000e+03,1.079354864342950862e+02,1.309379582525890484e+01,-1.182717582912037012e-03,3.740434388183693670e+01,3.449336352031738828e-01,nan,8.599975556778314525e-06,2.064773195162129582e+01,1.000000000000000000e+00,1.000000000000000000e+00,-1.000000000000000000e+00,0.000000000000000000e+00
2.829000000000000000e+03,2.258130593148868570e+01,2.009796967409389623e+01,-1.523684766388432943e-03,4.837908752776360899e+01,3.032154931700287159e-01,nan,1.138701680734875573e-05,3.701941396032341203e+01,1.000000000000000000e+00,1.000000000000000000e+00,-1.000000000000000000e+00,0.000000000000000000e+00
2.830000000000000000e+03,1.329306709335136247e+02,3.800346224853295496e+01,-7.815799862965927894e-03,2.509040034787545039e+02,2.167396568043211680e-02,nan,1.350137019503683112e-05,1.097316050187942160e+01,1.000000000000000000e+00,1.000000000000000000e+00,-1.000000000000000000e+00,0.000000000000000000e+00
2.834000000000000000e+03,5.615303691922940743e+01,3.705176975641180093e+01,-8.421695028515949893e-03,2.704060096554812276e+02,1.668747414594962120e-02,nan,1.141574567400852720e-05,1.941103881732168546e+01,1.000000000000000000e+00,1.000000000000000000e+00,-1.000000000000000000e+00,0.000000000000000000e+00
2.834000000000000000e+03,9.150011418723990175e+01,2.559209066282499379e+01,-8.198038177050906428e-03,2.632071449892167720e+02,1.684455066108414556e-02,nan,1.096770077640734015e-05,1.764775097910842661e+01,1.000000000000000000e+00,1.000000000000000000e+00,-1.000000000000000000e+00,0.000000000000000000e+00
2.836000000000000000e+03,1.273631821844769405e+02,3.790076352622762101e+01,-1.643773590343646646e-03,5.224439809581282645e+01,2.744554844206081867e-01,nan,1.119597993841145462e-05,1.343848480652229682e+01,1.000000000000000000e+00,1.000000000000000000e+00,-1.000000000000000000e+00,0.000000000000000000e+00
2.839000000000000000e+03,1.190395916181450531e+02,2.735037424529578232e+01,-8.474815794916117431e-03,2.721158128910097957e+02,1.766851278022085747e-02,nan,1.311095033279197597e-05,1.343848480652229682e+01,1.000000000000000000e+00,1.000000000000000000e+00,-1.000000000000000000e+00,0.000000000000000000e+00
2.839000000000000000e+03,7.385564599708906997e+01,2.525171306753150446e+01,-1.266672121674842447e-03,4.010659672458767488e+01,3.543851390796903811e-01,nan,1.044877561178065644e-05,1.276472891143996691e+01,1.000000000000000000e+00,1.000000000000000000e+00,-1.000000000000000000e+00,0.000000000000000000e+00
2.841000000000000000e+03,8.272953797908934348e+01,4.455363497845011977e+01,1.311939368768708742e-03,-4.156361797615452502e+01,3.219666467485392536e-01,nan,9.284832571872331402e-06,1.020275507468348941e+01,1.000000000000000000e+00,1.000000000000000000e+00,-1.000000000000000000e+00,0.000000000000000000e+00
2.842000000000000000e+03,8.409138517762374931e+01,9.156185590757679904e+00,2.202131109389218137e-03,-7.021630545599717266e+01,1.830875724514363645e-01,nan,1.123478771492462254e-05,1.907449504777292759e+01,1.000000000000000000e+00,1.000000000000000000e+00,-1.000000000000000000e+00,0.000000000000000000e+00
2.844000000000000000e+03,6.029280008346200503e+01,3.280805899913984547e+01,-1.322080296097906827e-03,4.189002498293799448e+01,3.189217391578118566e-01,nan,9.485603747873735248e-06,1.552575773078159038e+01,1.000000000000000000e+00,1.000000000000000000e+00,-1.000000000000000000e+00,0.000000000000000000e+00
2.844000000000000000e+03,6.592440813253539034e+00,2.211446011686460977e+01,-5.701364377767863430e-03,1.828464644238096923e+02,2.802972675325765550e-02,nan,9.412682561660628368e-06,5.475474082492275585e+01,1.000000000000000000e+00,1.000000000000000000e+00,-1.000000000000000000e+00,0.000000000000000000e+00
2.844000000000000000e+03,9.431041243863613488e+01,2.780890391580568632e+01,-1.447150236788572169e-03,4.591566323614639344e+01,3.142332908459219976e-01,nan,1.095074233736361915e-05,1.323311568088458046e+01,1.000000000000000000e+00,1.000000000000000000e+00,-1.000000000000000000e+00,0.000000000000000000e+00
