frame_indices,x_coords,y_coords,contrasts,calibrated_values,fit_errors,diffblur_errors,residual_errors,neareast_neighbour_distances,selections,good_flags,peak_labels,peak_features
5.000000000000000000e+00,1.040433098061570973e+02,7.846852336104173098e+00,-7.219607566406102857e-03,2.179364860012014162e+02,2.464231976125319523e-02,nan,1.293974188234036331e-05,2.177536547908806597e+01,1.000000000000000000e+00,1.000000000000000000e+00,-1.000000000000000000e+00,0.000000000000000000e+00
5.000000000000000000e+00,8.633248830510191851e+01,2.051544908182237492e+01,-7.467882084640908337e-03,2.254179951551245153e+02,2.563694915597103385e-02,nan,1.393424284674108451e-05,2.177536547908806597e+01,1.000000000000000000e+00,1.000000000000000000e+00,-1.000000000000000000e+00,0.000000000000000000e+00
5.000000000000000000e+00,5.795411077150617984e+01,3.876624505067033510e+01,-6.522885336781983345e-03,1.969414448035187775e+02,3.880757476606189194e-02,nan,1.639991748951217002e-05,2.136270860078933254e+01,1.000000000000000000e+00,1.000000000000000000e+00,-1.000000000000000000e+00,0.000000000000000000e+00
5.000000000000000000e+00,7.416042393047193571e+01,5.268460460040793691e+01,-7.759647591127499106e-03,2.342100625936121219e+02,3.303395276892395760e-02,nan,1.983037282872195076e-05,2.136270860078933254e+01,1.000000000000000000e+00,1.000000000000000000e+00,-1.000000000000000000e+00,0.000000000000000000e+00
6.000000000000000000e+00,1.394223395729158312e+02,4.983102906387551911e+01,-1.503085367177851416e-03,4.567469503607846804e+01,3.186315767065371896e-01,nan,1.354229093710401858e-05,2.910996962319972781e+01,1.000000000000000000e+00,1.000000000000000000e+00,-1.000000000000000000e+00,0.000000000000000000e+00
7.000000000000000000e+00,1.169447426470228919e+02,3.133378689373839521e+01,-7.929162865528201209e-03,2.393182391643514677e+02,2.506625276969332017e-02,nan,1.595231057622814236e-05,1.331134967355616716e+01,1.000000000000000000e+00,1.000000000000000000e+00,-1.000000000000000000e+00,0.000000000000000000e+00
1.100000000000000000e+01,1.052285199730079768e+02,2.501538864856718192e+01,-7.700322985262807868e-03,2.324223737684149853e+02,2.885315449361514073e-02,nan,1.715404003664041066e-05,1.331134967355616716e+01,1.000000000000000000e+00,1.000000000000000000e+00,-1.000000000000000000e+00,0.000000000000000000e+00
1.100000000000000000e+01,6.303027564870084376e+01,4.717106166892156693e+01,-1.303807560447108787e-03,3.966965373812396223e+01,3.386504249442617853e-01,nan,1.035589896507019847e-05,8.251451165759471351e+00,1.000000000000000000e+00,1.000000000000000000e+00,-1.000000000000000000e+00,0.000000000000000000e+00
1.300000000000000000e+01,6.797856340547913767e+00,2.213868091168031427e+01,-7.164758395933269047e-03,2.162836600330144563e+02,4.057300147116060796e-02,nan,2.119843458914012909e-05,1.668028520452304875e+01,1.000000000000000000e+00,1.000000000000000000e+00,-1.000000000000000000e+00,0.000000000000000000e+00
1.300000000000000000e+01,1.285353716899345322e+01,3.768090225253850178e+01,-8.841822650902962655e-03,2.668203468604828572e+02,1.961867442409748197e-02,nan,1.667609248026692817e-05,1.668028520452304875e+01,1.000000000000000000e+00,1.000000000000000000e+00,-1.000000000000000000e+00,0.000000000000000000e+00
1.300000000000000000e+01,3.720642652567783415e+01,4.804292928135836860e+00,-1.540460581633238757e-03,4.680096047429538686e+01,3.174941957926292746e-01,nan,1.319176330111837986e-05,1.111386866091099535e+01,1.000000000000000000e+00,1.000000000000000000e+00,-1.000000000000000000e+00,0.000000000000000000e+00
1.300000000000000000e+01,2.790311378855875191e+01,2.639198775876099035e+01,-1.439511747922685679e-03,4.375896635885787589e+01,3.642035748815866114e-01,nan,1.433016981019687756e-05,1.240588173557087437e+01,1.000000000000000000e+00,1.000000000000000000e+00,-1.000000000000000000e+00,0.000000000000000000e+00
1.300000000000000000e+01,1.043350737978475422e+02,4.042262903552710185e+01,-1.391441430784626926e-03,4.231041448870483634e+01,3.252189827382709897e-01,nan,1.127605505184908110e-05,1.543312354675740039e+01,1.000000000000000000e+00,1.000000000000000000e+00,-1.000000000000000000e+00,0.000000000000000000e+00
1.600000000000000000e+01,6.612575740360635734e+01,2.040384030538059079e+01,-8.209577171496467221e-03,2.477682493059821240e+02,1.712044006780910621e-02,nan,1.138954669895740108e-05,8.190095040594483677e+00,1.000000000000000000e+00,1.000000000000000000e+00,-1.000000000000000000e+00,0.000000000000000000e+00
1.600000000000000000e+01,1.264011578907108628e+02,3.632024760230348193e+01,-1.972712483128851758e-03,5.982644766819915816e+01,2.839961505375188100e-01,nan,1.799108960893783149e-05,1.582647879550478365e+01,1.000000000000000000e+00,1.000000000000000000e+00,-1.000000000000000000e+00,0.000000000000000000e+00
1.700000000000000000e+01,1.419188517810536894e+02,5.344064940006878572e+01,-1.665955318369813799e-03,5.058262130819498026e+01,3.495397948346784522e-01,nan,1.846597648800991467e-05,2.310642727449028655e+01,1.000000000000000000e+00,1.000000000000000000e+00,-1.000000000000000000e+00,0.000000000000000000e+00
1.800000000000000000e+01,3.245589400943441660e+01,1.485170639748671917e+01,-6.957490098998589910e-03,2.100378331480810061e+02,3.154205520507147309e-02,nan,1.484699870283013470e-05,1.111386866091099535e+01,1.000000000000000000e+00,1.000000000000000000e+00,-1.000000000000000000e+00,0.000000000000000000e+00
1.900000000000000000e+01,1.066858942361418485e+02,1.041253386258139635e+01,-6.908677281824425129e-03,2.085669067674207611e+02,3.888942003462203534e-02,nan,1.875406665897500830e-05,1.673145261474051182e+01,1.000000000000000000e+00,1.000000000000000000e+00,-1.000000000000000000e+00,0.000000000000000000e+00
2.000000000000000000e+01,6.287337016558185354e+01,2.792046415042603158e+01,-1.352892725206849504e-03,4.114878704621687433e+01,3.519355507869194044e-01,nan,1.162010560636622416e-05,8.190095040594483677e+00,1.000000000000000000e+00,1.000000000000000000e+00,-1.000000000000000000e+00,0.000000000000000000e+00
2.100000000000000000e+01,8.399356955727390073e+01,1.026435035934798456e+01,-7.488895456090670193e-03,2.260512124984665832e+02,2.665058262464659045e-02,nan,1.564035848488238976e-05,1.542482867261889545e+01,1.000000000000000000e+00,1.000000000000000000e+00,-1.000000000000000000e+00,0.000000000000000000e+00
2.200000000000000000e+01,5.564937939959141033e+01,8.168190968743319402e+00,-1.418411544832852943e-03,4.312313242918764189e+01,3.646474192876485443e-01,nan,1.473857368587640546e-05,1.391567405189622164e+01,1.000000000000000000e+00,1.000000000000000000e+00,-1.000000000000000000e+00,0.000000000000000000e+00
2.300000000000000000e+01,4.971539575847055659e+01,2.075524076071315704e+01,-8.990043598385726031e-03,2.712868397703459777e+02,9.472404904865383557e-02,nan,8.288533166360639946e-05,5.518914408550381623e+00,1.000000000000000000e+00,1.000000000000000000e+00,-1.000000000000000000e+00,0.000000000000000000e+00
2.500000000000000000e+01,8.929152161993256698e+01,4.744360790674092243e+01,-9.346460629015836824e-03,2.820271174928925575e+02,1.674224069072238752e-02,nan,1.537505322804438594e-05,2.215370729048991549e+01,1.000000000000000000e+00,1.000000000000000000e+00,-1.000000000000000000e+00,0.000000000000000000e+00
2.500000000000000000e+01,8.551773164313463838e+01,2.561369137177163324e+01,-7.557443907017474642e-03,2.281168528498904493e+02,2.014410248134657078e-02,nan,1.122323494497742106e-05,1.542482867261889545e+01,1.000000000000000000e+00,1.000000000000000000e+00,-1.000000000000000000e+00,0.000000000000000000e+00
2.600000000000000000e+01,4.457361224267681621e+01,1.875012766524528018e+01,-1.153416753765310054e-02,3.479515199625452624e+02,4.992379895470078210e-02,nan,6.671887051415375635e-05,5.518914408550381623e+00,1.000000000000000000e+00,1.000000000000000000e+00,-1.000000000000000000e+00,0.000000000000000000e+00
2.700000000000000000e+01,2.379939492366544940e+01,1.957992208914507160e+01,-7.691474766384798732e-03,2.321557413689146188e+02,2.442095805125144015e-02,nan,1.460107664254266228e-05,1.766834483535561162e+01,1.000000000000000000e+00,1.000000000000000000e+00,-1.000000000000000000e+00,0.000000000000000000e+00
2.700000000000000000e+01,1.093700311045233207e+02,3.499796988490476224e+01,-7.945686708481862134e-03,2.398161689688064087e+02,3.692106190734345539e-02,nan,2.302946223404277550e-05,2.362287977561954122e+01,1.000000000000000000e+00,1.000000000000000000e+00,-1.000000000000000000e+00,0.000000000000000000e+00
2.700000000000000000e+01,1.375892560091535302e+02,3.929106738918186892e+01,-9.387951952289370905e-03,2.832774178341693982e+02,2.557202626766774678e-02,nan,2.252530360369526304e-05,3.476186040229370722e+00,1.000000000000000000e+00,1.000000000000000000e+00,-1.000000000000000000e+00,0.000000000000000000e+00
2.800000000000000000e+01,4.941818055016694444e+01,4.893620130765109622e+01,-1.880005405991582498e-03,5.703281080539404257e+01,2.561077944521112926e-01,nan,1.338814029944172297e-05,8.424668131264494875e+00,1.000000000000000000e+00,1.000000000000000000e+00,-1.000000000000000000e+00,0.000000000000000000e+00
2.800000000000000000e+01,1.486125304019946114e+01,5.323251341231517841e+01,-8.992695423861130424e-03,2.713667499307196636e+02,1.443678095801115280e-02,nan,1.172217721083095573e-05,2.666385252020036845e+01,1.000000000000000000e+00,1.000000000000000000e+00,-1.000000000000000000e+00,0.000000000000000000e+00
2.900000000000000000e+01,1.366836830689695717e+02,1.765648179750649405e+01,-8.300651089413762021e-03,2.505126725171369344e+02,2.716974989817733110e-02,nan,2.003526527164755093e-05,2.165352987560044795e+01,1.000000000000000000e+00,1.000000000000000000e+00,-1.000000000000000000e+00,0.000000000000000000e+00
3.100000000000000000e+01,6.172051363105316568e+01,2.698061601566940837e+01,-6.856558377484766112e-03,2.069963546919120461e+02,2.867868560366582109e-02,nan,1.376472713439785145e-05,9.348981232293027688e+00,1.000000000000000000e+00,1.000000000000000000e+00,-1.000000000000000000e+00,0.000000000000000000e+00
3.200000000000000000e+01,5.127923265168439571e+01,4.071966199980493428e+01,-7.608075945868110132e-03,2.296425996918783312e+02,3.156519797982537678e-02,nan,1.878555119921091870e-05,8.424668131264494875e+00,1.000000000000000000e+00,1.000000000000000000e+00,-1.000000000000000000e+00,0.000000000000000000e+00
3.200000000000000000e+01,4.498566939249128893e+01,2.322984911688971010e+01,-6.586372177305434283e-03,1.988545584887526729e+02,1.581306321524970082e-01,nan,8.349718280371651736e-05,9.778530886175623493e+00,1.000000000000000000e+00,1.000000000000000000e+00,-1.000000000000000000e+00,0.000000000000000000e+00
3.200000000000000000e+01,7.990214779696462877e+00,2.746916998717527747e+01,-8.129666594924469733e-03,2.453602224397160967e+02,2.749129346984691136e-02,nan,1.832326251539436842e-05,1.766834483535561162e+01,1.000000000000000000e+00,1.000000000000000000e+00,-1.000000000000000000e+00,0.000000000000000000e+00
3.200000000000000000e+01,1.408320535694448665e+02,4.054331870950623085e+01,-7.879561049850446891e-03,2.378235370874618866e+02,7.240509193537547628e-02,nan,5.024593400747834462e-05,3.476186040229370722e+00,1.000000000000000000e+00,1.000000000000000000e+00,-1.000000000000000000e+00,0.000000000000000000e+00
3.300000000000000000e+01,9.735941415949554312e+01,4.636888456485572796e+00,-1.965163126880021486e-03,5.959895522039010274e+01,2.635618415948575155e-01,nan,1.506946862908435592e-05,1.880059389958618965e+01,1.000000000000000000e+00,1.000000000000000000e+00,-1.000000000000000000e+00,0.000000000000000000e+00
3.300000000000000000e+01,5.266092987167500894e+01,2.928873043843505997e+01,-7.733433589507977650e-03,2.334201293597394340e+02,2.480220796738707989e-02,nan,1.580130184226586281e-05,9.348981232293027688e+00,1.000000000000000000e+00,1.000000000000000000e+00,-1.000000000000000000e+00,0.000000000000000000e+00
3.300000000000000000e+01,6.888188507966415841e+01,1.034003937777385751e+01,-1.504621438017240574e-03,4.572098302458277175e+01,3.107959011655264669e-01,nan,1.167920056561658256e-05,1.811612629307534306e+01,1.000000000000000000e+00,1.000000000000000000e+00,-1.000000000000000000e+00,0.000000000000000000e+00
3.500000000000000000e+01,1.388704954592263050e+02,2.656110250942348472e+01,-1.790399853447998497e-03,5.433263534492595426e+01,3.266730072910078997e-01,nan,1.917129073260191304e-05,1.411913878696645597e+01,1.000000000000000000e+00,1.000000000000000000e+00,-1.000000000000000000e+00,0.000000000000000000e+00
3.500000000000000000e+01,8.985998550429930276e+01,4.678623504373580033e+01,-6.816182686884397941e-03,2.057796728472737016e+02,2.690913889422641425e-02,nan,1.215752973790769643e-05,1.752518011922146357e+01,1.000000000000000000e+00,1.000000000000000000e+00,-1.000000000000000000e+00,0.000000000000000000e+00
3.500000000000000000e+01,9.164521708230429553e+00,4.871425670026405186e+01,-8.034900849906748480e-03,2.425045496390225708e+02,2.396720194163637352e-02,nan,1.523528320875519819e-05,2.127751644833259448e+01,1.000000000000000000e+00,1.000000000000000000e+00,-1.000000000000000000e+00,0.000000000000000000e+00
3.500000000000000000e+01,8.828653698146116824e+01,2.110337656687087105e+01,-1.481670337218993433e-03,4.502937410742315905e+01,3.200325376687340739e-01,nan,1.179555980743766762e-05,8.716684110985399414e+00,1.000000000000000000e+00,1.000000000000000000e+00,-1.000000000000000000e+00,0.000000000000000000e+00
3.800000000000000000e+01,1.161494756475378125e+02,2.095442937105170245e+01,-1.501980454185155092e-02,4.529877731373501319e+02,9.240734839003783563e-03,nan,2.333768241356226029e-05,1.886639224165148221e+01,1.000000000000000000e+00,1.000000000000000000e+00,-1.000000000000000000e+00,0.000000000000000000e+00
3.900000000000000000e+01,6.933196387939008787e+01,2.196673294156448364e+01,-1.539766998318403343e-02,4.643743776845252569e+02,6.086890087808938254e-03,nan,1.541757432069673501e-05,1.565016288901773578e+01,1.000000000000000000e+00,1.000000000000000000e+00,-1.000000000000000000e+00,0.000000000000000000e+00
3.900000000000000000e+01,9.698748105286918531e+01,2.162697389014037697e+01,-6.411216267779639572e-03,1.935764069096138940e+02,3.421295309619520886e-02,nan,1.395825667567596396e-05,8.716684110985399414e+00,1.000000000000000000e+00,1.000000000000000000e+00,-1.000000000000000000e+00,0.000000000000000000e+00
4.100000000000000000e+01,4.155459370149615950e+01,8.529380124330430135e+00,-7.102287668953530253e-03,2.144011659330394934e+02,4.157629958821162930e-02,nan,2.124083493714278687e-05,6.033806421602492698e+00,1.000000000000000000e+00,1.000000000000000000e+00,-1.000000000000000000e+00,0.000000000000000000e+00
4.100000000000000000e+01,1.281340627115795030e+02,5.308344315484485776e+01,-6.825355014224246744e-03,2.060560719374572329e+02,3.965160734357708883e-02,nan,1.820122911298028060e-05,9.889846630437057584e+00,1.000000000000000000e+00,1.000000000000000000e+00,-1.000000000000000000e+00,0.000000000000000000e+00
4.100000000000000000e+01,1.275877448091548985e+02,4.320869743036882937e+01,-1.586660510903242609e-03,4.819315004010994841e+01,3.272953120575655683e-01,nan,1.435677686954911470e-05,9.889846630437057584e+00,1.000000000000000000e+00,1.000000000000000000e+00,-1.000000000000000000e+00,0.000000000000000000e+00
4.300000000000000000e+01,1.851236475458742348e+01,3.953879974289392152e+01,-1.041806018803964097e-02,3.143187194147388936e+02,1.380392555321185988e-02,nan,1.880171216957247517e-05,1.621249737989232287e+01,1.000000000000000000e+00,1.000000000000000000e+00,-1.000000000000000000e+00,0.000000000000000000e+00
4.300000000000000000e+01,1.319820630556403671e+02,3.121454302444949036e+01,-3.073290560691156054e-03,9.299128883044103588e+01,1.636263165269569164e-01,nan,1.918436447652216952e-05,1.224053761067748702e+01,1.000000000000000000e+00,1.000000000000000000e+00,-1.000000000000000000e+00,0.000000000000000000e+00
4.400000000000000000e+01,6.476247774262148482e+01,6.998520125778240342e+00,-6.583646021119366094e-03,1.987724084453003286e+02,2.939128412167180127e-02,nan,1.282367266096202536e-05,1.565016288901773578e+01,1.000000000000000000e+00,1.000000000000000000e+00,-1.000000000000000000e+00,0.000000000000000000e+00
4.400000000000000000e+01,1.422949032403543583e+02,3.780818301484617905e+01,-6.666309909819746922e-03,2.012634036727118030e+02,3.726374101564522423e-02,nan,1.802902071847262879e-05,1.224053761067748702e+01,1.000000000000000000e+00,1.000000000000000000e+00,-1.000000000000000000e+00,0.000000000000000000e+00
4.500000000000000000e+01,4.534403207322656471e+01,1.322480095320495153e+01,-3.313883164498681710e-03,1.002413110258314077e+02,1.984809701617877842e-01,nan,2.824970377547404173e-05,6.033806421602492698e+00,1.000000000000000000e+00,1.000000000000000000e+00,-1.000000000000000000e+00,0.000000000000000000e+00
4.500000000000000000e+01,8.945419990064250371e+00,2.486033888832841754e+01,-2.245830105721235027e-03,6.805657941128100674e+01,2.222686834708426096e-01,nan,1.555148146061872895e-05,1.752094875246341132e+01,1.000000000000000000e+00,1.000000000000000000e+00,-1.000000000000000000e+00,0.000000000000000000e+00
4.700000000000000000e+01,5.849388994635921790e+01,4.217835893479339404e+01,-8.267181894062324357e-03,2.495041111344524722e+02,5.577909545745618480e-02,nan,3.859944352381020196e-05,6.265270198863187368e+00,1.000000000000000000e+00,1.000000000000000000e+00,-1.000000000000000000e+00,0.000000000000000000e+00
4.700000000000000000e+01,2.926245259084288008e+01,5.167472503954138574e+01,-7.300481911841443655e-03,2.203735550971116197e+02,3.587005688477240550e-02,nan,1.882078605155087188e-05,1.621249737989232287e+01,1.000000000000000000e+00,1.000000000000000000e+00,-1.000000000000000000e+00,0.000000000000000000e+00
4.800000000000000000e+01,1.002531333813855667e+02,2.384335948804674032e+01,-6.828373968649593256e-03,2.061470451687380603e+02,4.874689051941327733e-02,nan,2.285126548717129454e-05,1.426264647481787762e+01,1.000000000000000000e+00,1.000000000000000000e+00,-1.000000000000000000e+00,0.000000000000000000e+00
5.000000000000000000e+01,5.967988532191671425e+01,4.833035256563530169e+01,-8.425654824843590435e-03,2.542795375081238944e+02,4.994801469883758394e-02,nan,3.554729493343879301e-05,6.265270198863187368e+00,1.000000000000000000e+00,1.000000000000000000e+00,-1.000000000000000000e+00,0.000000000000000000e+00
5.100000000000000000e+01,8.733430382922827562e+01,2.992789189765151292e+01,-9.105120684396958777e-03,2.747545749149796848e+02,1.120198419595320738e-01,nan,1.037422713430872785e-04,5.627612403707662025e+00,1.000000000000000000e+00,1.000000000000000000e+00,-1.000000000000000000e+00,0.000000000000000000e+00
5.300000000000000000e+01,8.600381542503117771e+01,2.445981893063092016e+01,-9.159909785905820390e-03,2.764055907638397684e+02,8.194845728148769659e-02,nan,7.460602470614579034e-05,5.627612403707662025e+00,1.000000000000000000e+00,1.000000000000000000e+00,-1.000000000000000000e+00,0.000000000000000000e+00
5.400000000000000000e+01,2.676302998144895184e+01,3.487817860477692733e+01,-6.596575399883634373e-03,1.991620225960684252e+02,4.088038542850980228e-02,nan,1.796476175872728018e-05,1.094920520716201118e+01,1.000000000000000000e+00,1.000000000000000000e+00,-1.000000000000000000e+00,0.000000000000000000e+00
5.400000000000000000e+01,4.322282371980208637e+01,3.574600710933381720e+01,-8.316376360020224026e-03,2.509865381269733007e+02,2.211278350301948414e-02,nan,1.560329138431396488e-05,1.648265561802619672e+01,1.000000000000000000e+00,1.000000000000000000e+00,-1.000000000000000000e+00,0.000000000000000000e+00
5.400000000000000000e+01,7.082346071633935480e+01,8.268880843036875206e+00,-1.662836039861427745e-03,5.048862490904758715e+01,2.750916106584585519e-01,nan,1.188837020577044824e-05,1.385116563883179808e+01,1.000000000000000000e+00,1.000000000000000000e+00,-1.000000000000000000e+00,0.000000000000000000e+00
5.400000000000000000e+01,5.949649430869339994e+01,1.624099609273157441e+01,-1.359254107830684547e-03,4.134048107374014336e+01,3.632201570856570250e-01,nan,1.273574391815625064e-05,1.385116563883179808e+01,1.000000000000000000e+00,1.000000000000000000e+00,-1.000000000000000000e+00,0.000000000000000000e+00
5.600000000000000000e+01,8.743376469531649775e+01,4.201460666201892025e+01,-6.858984602919173182e-03,2.070694666162692101e+02,2.621563376733271333e-02,nan,1.245179426479656534e-05,1.208712398625330842e+01,1.000000000000000000e+00,1.000000000000000000e+00,-1.000000000000000000e+00,0.000000000000000000e+00
5.700000000000000000e+01,1.150451840287608007e+02,2.939242605437878453e+01,-8.355518449270776110e-03,2.521660466045800320e+02,2.845772800028567584e-02,nan,2.070459372315288027e-05,1.383060328288589425e+01,1.000000000000000000e+00,1.000000000000000000e+00,-1.000000000000000000e+00,0.000000000000000000e+00
5.900000000000000000e+01,6.294648941023330480e+01,3.661430648737484717e+01,-6.886240664579539039e-03,2.078908013076492978e+02,3.580780594505683645e-02,nan,1.693071980592859895e-05,1.974276910865849288e+01,1.000000000000000000e+00,1.000000000000000000e+00,-1.000000000000000000e+00,0.000000000000000000e+00
5.900000000000000000e+01,2.376714768763476471e+01,4.540955002307541832e+01,-1.745931977770906387e-03,5.299263951571629150e+01,3.056652243988067230e-01,nan,1.612685595513200343e-05,6.319981579979031316e+00,1.000000000000000000e+00,1.000000000000000000e+00,-1.000000000000000000e+00,0.000000000000000000e+00
6.000000000000000000e+01,2.188424303980603369e+01,1.682486001437542100e+01,-1.519149431217759784e-02,4.581614760105320556e+02,9.800929190327489771e-03,nan,2.424883088642332954e-05,2.329719025205156413e+01,1.000000000000000000e+00,1.000000000000000000e+00,-1.000000000000000000e+00,0.000000000000000000e+00
6.000000000000000000e+01,1.125743349065417220e+02,1.578432215325415910e+01,-6.882106128890247247e-03,2.077662111288964297e+02,4.563324862007467342e-02,nan,2.150122869400077183e-05,1.193819563932672700e+01,1.000000000000000000e+00,1.000000000000000000e+00,-1.000000000000000000e+00,0.000000000000000000e+00
6.300000000000000000e+01,1.319586904317891936e+02,1.327825710680340876e+01,-1.594021079365289667e-03,4.841495355308586568e+01,3.670661482625123817e-01,nan,1.737949593486756849e-05,1.296066276607890266e+01,1.000000000000000000e+00,1.000000000000000000e+00,-1.000000000000000000e+00,0.000000000000000000e+00
6.400000000000000000e+01,3.919734160870644502e+01,3.241382058215622664e+01,-7.473021831194341484e-03,2.255728763775783818e+02,6.700104876857815306e-02,nan,3.857043882473869771e-05,7.094206568720638373e+00,1.000000000000000000e+00,1.000000000000000000e+00,-1.000000000000000000e+00,0.000000000000000000e+00
6.400000000000000000e+01,1.022597490042065687e+02,2.179513181470481697e+01,-6.522293552435642558e-03,1.969236119625338404e+02,3.840251166343000566e-02,nan,1.700692830501839865e-05,1.193819563932672700e+01,1.000000000000000000e+00,1.000000000000000000e+00,-1.000000000000000000e+00,0.000000000000000000e+00
6.600000000000000000e+01,5.689574977398311972e+01,5.331277147900285840e+00,-7.067281122062128544e-03,2.133462779691947162e+02,2.644966191961284352e-02,nan,1.287993883687719746e-05,9.751070396747117286e+00,1.000000000000000000e+00,1.000000000000000000e+00,-1.000000000000000000e+00,0.000000000000000000e+00
6.600000000000000000e+01,1.247716718686716462e+02,2.406368911064209826e+01,-8.036930940798612047e-03,2.425657244373818742e+02,2.699979891340831273e-02,nan,1.823410708133060056e-05,1.296066276607890266e+01,1.000000000000000000e+00,1.000000000000000000e+00,-1.000000000000000000e+00,0.000000000000000000e+00
6.600000000000000000e+01,3.496861545061229037e+01,3.810992819345793947e+01,-7.888191617097861652e-03,2.380836107684991703e+02,8.086600688164213846e-02,nan,5.349661082621929393e-05,7.094206568720638373e+00,1.000000000000000000e+00,1.000000000000000000e+00,-1.000000000000000000e+00,0.000000000000000000e+00
6.700000000000000000e+01,1.389247460015618856e+02,3.635875191839716081e+01,-7.440272378271412836e-03,2.245860037272118177e+02,4.619917061494294153e-02,nan,2.575316998503985040e-05,8.126154438559032300e+00,1.000000000000000000e+00,1.000000000000000000e+00,-1.000000000000000000e+00,0.000000000000000000e+00
6.700000000000000000e+01,7.387291122202445592e+01,1.619906391275161184e+01,-7.962564482563994073e-03,2.403247641407599815e+02,2.205381431392328118e-02,nan,1.353866127410212633e-05,8.883321398557699311e+00,1.000000000000000000e+00,1.000000000000000000e+00,-1.000000000000000000e+00,0.000000000000000000e+00
6.900000000000000000e+01,4.762573373369318119e+01,8.356203013948121594e+00,-8.438329064206233701e-03,2.546614632832086897e+02,2.374173481356778304e-02,nan,1.632058956464858235e-05,9.751070396747117286e+00,1.000000000000000000e+00,1.000000000000000000e+00,-1.000000000000000000e+00,0.000000000000000000e+00
6.900000000000000000e+01,5.840830856894915257e+01,3.806526020499415353e+01,-6.861770348914643380e-03,2.071534123401952741e+02,8.309555637611121259e-02,nan,4.157945424364458011e-05,5.393731443134730519e+00,1.000000000000000000e+00,1.000000000000000000e+00,-1.000000000000000000e+00,0.000000000000000000e+00
6.900000000000000000e+01,1.380960419152420400e+02,1.301208186469657058e+01,-8.311509782552111564e-03,2.508398885870413721e+02,4.699262338693888097e-02,nan,3.444539333664600251e-05,1.428067386184878984e+01,1.000000000000000000e+00,1.000000000000000000e+00,-1.000000000000000000e+00,0.000000000000000000e+00
7.000000000000000000e+01,1.315296704195240522e+02,3.972731883850732260e+01,-7.526820841736307430e-03,2.271940568060147143e+02,5.175096744589857689e-02,nan,3.165755748177867502e-05,8.126154438559032300e+00,1.000000000000000000e+00,1.000000000000000000e+00,-1.000000000000000000e+00,0.000000000000000000e+00
7.000000000000000000e+01,1.194446860597241766e+02,5.191267643752654237e+01,-2.523426472335524480e-03,7.642167371369517070e+01,2.309061706702896233e-01,nan,2.144662819232059136e-05,1.716187014263256572e+01,1.000000000000000000e+00,1.000000000000000000e+00,-1.000000000000000000e+00,0.000000000000000000e+00
7.100000000000000000e+01,4.614939034117074357e+01,4.965574437549462061e+01,-6.937867852935561061e-03,2.094465360041580766e+02,1.221413285292727302e-01,nan,6.654642271025829926e-05,6.359191505246259979e+00,1.000000000000000000e+00,1.000000000000000000e+00,-1.000000000000000000e+00,0.000000000000000000e+00
7.200000000000000000e+01,5.944768552751890667e+01,4.335789985063927787e+01,-6.870371508770615164e-03,2.074125998583277237e+02,8.851772421051329331e-02,nan,4.611638713824143745e-05,4.835947149381725652e+00,1.000000000000000000e+00,1.000000000000000000e+00,-1.000000000000000000e+00,0.000000000000000000e+00
7.200000000000000000e+01,6.552938670498102169e+01,1.924848971174528955e+01,-1.702339152205722614e-03,5.167901246357214973e+01,2.482193335304465620e-01,nan,1.074886915556609810e-05,8.883321398557699311e+00,1.000000000000000000e+00,1.000000000000000000e+00,-1.000000000000000000e+00,0.000000000000000000e+00
7.400000000000000000e+01,4.002142506811199496e+01,4.795652154944083634e+01,-9.766489784866463214e-03,2.946842842321673288e+02,2.844369162891480229e-02,nan,2.847784528237581078e-05,6.359191505246259979e+00,1.000000000000000000e+00,1.000000000000000000e+00,-1.000000000000000000e+00,0.000000000000000000e+00
7.400000000000000000e+01,8.332187945146274899e+01,1.924441353547368649e+01,-6.011988702624227257e-03,1.815460757083109229e+02,4.035309761618943725e-02,nan,1.472891079256517246e-05,1.779249321339811019e+01,1.000000000000000000e+00,1.000000000000000000e+00,-1.000000000000000000e+00,0.000000000000000000e+00
7.500000000000000000e+01,1.863935736997434844e+01,1.191696492031055854e+01,-6.909784031804788382e-03,2.086002575928218619e+02,3.157780043190450137e-02,nan,1.499509831179358615e-05,1.884843226291696183e+01,1.000000000000000000e+00,1.000000000000000000e+00,-1.000000000000000000e+00,0.000000000000000000e+00
7.500000000000000000e+01,2.926967307418151876e+01,3.208867067263224726e+01,-1.606243538586584439e-03,4.878326537661777706e+01,2.899835333366257428e-01,nan,1.176386473898196606e-05,1.095832471694182253e+01,1.000000000000000000e+00,1.000000000000000000e+00,-1.000000000000000000e+00,0.000000000000000000e+00
7.600000000000000000e+01,1.266475938357107935e+02,2.741028660566477981e+01,-8.934670378719570052e-03,2.696182220935905320e+02,3.115399820151820709e-02,nan,2.551368755632716092e-05,8.696799399006744480e+00,1.000000000000000000e+00,1.000000000000000000e+00,-1.000000000000000000e+00,0.000000000000000000e+00
7.700000000000000000e+01,5.675614760740901232e+01,2.766727042724459906e+01,-8.388245528671567364e-03,2.531522450507960116e+02,2.363313923069354505e-02,nan,1.640618488370143566e-05,1.215917731587253492e+01,1.000000000000000000e+00,1.000000000000000000e+00,-1.000000000000000000e+00,0.000000000000000000e+00
7.700000000000000000e+01,1.895909204816728533e+01,3.666045307072617021e+01,-8.350065741653638074e-03,2.520017346073548481e+02,1.503497569018130697e-02,nan,1.034651488101396423e-05,1.127870894160879267e+01,1.000000000000000000e+00,1.000000000000000000e+00,-1.000000000000000000e+00,0.000000000000000000e+00
7.700000000000000000e+01,1.009011327479901183e+02,4.858647333193695061e+01,-8.913153596923314645e-03,2.689698349730911104e+02,3.288309970049518860e-02,nan,2.672919687904240759e-05,3.977816492467805887e+00,1.000000000000000000e+00,1.000000000000000000e+00,-1.000000000000000000e+00,0.000000000000000000e+00
7.700000000000000000e+01,6.042796161475364869e+01,5.164588128771531217e+01,-6.678559663143553669e-03,2.016325379772588349e+02,3.178501992266902221e-02,nan,1.424900610639073481e-05,8.345752063686123989e+00,1.000000000000000000e+00,1.000000000000000000e+00,-1.000000000000000000e+00,0.000000000000000000e+00
7.800000000000000000e+01,1.159144877661954638e+02,2.998578144858488059e+01,-8.718139224240651838e-03,2.630932680795363581e+02,2.117930471171858287e-02,nan,1.723598211378351102e-05,1.103778689708108196e+01,1.000000000000000000e+00,1.000000000000000000e+00,-1.000000000000000000e+00,0.000000000000000000e+00
7.900000000000000000e+01,3.748766913508987386e+01,1.184956777811092543e+01,-8.942006363873060762e-03,2.698392848126690069e+02,2.444745418273364113e-02,nan,1.964067837631075454e-05,8.011306792607362226e+00,1.000000000000000000e+00,1.000000000000000000e+00,-1.000000000000000000e+00,0.000000000000000000e+00
8.000000000000000000e+01,1.339303806013286078e+02,4.989665107881343431e+01,-6.303483768446205456e-03,1.903299936825592056e+02,6.909759531740522487e-02,nan,2.862765363041792698e-05,2.363631888202433018e+01,1.000000000000000000e+00,1.000000000000000000e+00,-1.000000000000000000e+00,0.000000000000000000e+00
8.000000000000000000e+01,1.344605548086810529e+02,1.777159812808117323e+01,1.432299541535539227e-03,-4.354163359152817492e+01,3.585125433624564151e-01,nan,1.478012988538613187e-05,1.068836110259293903e+01,1.000000000000000000e+00,1.000000000000000000e+00,-1.000000000000000000e+00,0.000000000000000000e+00
8.100000000000000000e+01,4.549891543703224528e+01,1.188069999440722846e+01,-8.668801410838363614e-03,2.616065214523425766e+02,3.657575743631746867e-02,nan,2.911950614112634574e-05,8.011306792607362226e+00,1.000000000000000000e+00,1.000000000000000000e+00,-1.000000000000000000e+00,0.000000000000000000e+00
8.200000000000000000e+01,9.944512651211044840e+01,5.228823911178153594e+01,-2.725667853838268512e-03,8.251601943138112460e+01,1.638974001307387240e-01,nan,1.489333942752778302e-05,3.977816492467805887e+00,1.000000000000000000e+00,1.000000000000000000e+00,-1.000000000000000000e+00,0.000000000000000000e+00
8.400000000000000000e+01,2.429960893797084154e+01,1.150352647850041876e+01,-8.492051242341846704e-03,2.562803284424198864e+02,1.689656821065022019e-02,nan,1.164781904559478489e-05,1.319259930202806608e+01,1.000000000000000000e+00,1.000000000000000000e+00,-1.000000000000000000e+00,0.000000000000000000e+00
8.500000000000000000e+01,2.092591598511597439e+01,3.088030532763433200e+01,-7.808876229843661650e-03,2.356935193486941102e+02,2.020807385112122212e-02,nan,1.242351388696357231e-05,1.736982716753591660e+01,1.000000000000000000e+00,1.000000000000000000e+00,-1.000000000000000000e+00,0.000000000000000000e+00
8.500000000000000000e+01,1.255225632233401711e+02,2.363277288061989267e+01,-1.944095797986831629e-03,5.896411192239992261e+01,2.933887785565927331e-01,nan,1.835934142480754940e-05,1.068836110259293903e+01,1.000000000000000000e+00,1.000000000000000000e+00,-1.000000000000000000e+00,0.000000000000000000e+00
8.600000000000000000e+01,9.581890373224389634e+01,4.080116091348801177e+01,-1.526382049556204582e-03,4.637671771528410858e+01,3.535372972770631783e-01,nan,1.641953110346291869e-05,4.588094945359586951e+00,1.000000000000000000e+00,1.000000000000000000e+00,-1.000000000000000000e+00,0.000000000000000000e+00
8.700000000000000000e+01,8.969859599765416647e+01,1.661651780426675984e+01,-8.253450700585012595e-03,2.490903350835504568e+02,3.025410747654677657e-02,nan,2.025051878615950274e-05,1.496603026786422319e+01,1.000000000000000000e+00,1.000000000000000000e+00,-1.000000000000000000e+00,0.000000000000000000e+00
8.800000000000000000e+01,1.093265472007457930e+02,2.674752448291658879e+01,-8.981992303722761625e-03,2.710442219006179130e+02,1.737756094568898568e-02,nan,1.437535260073786358e-05,1.148396276493265056e+01,1.000000000000000000e+00,1.000000000000000000e+00,-1.000000000000000000e+00,0.000000000000000000e+00
8.800000000000000000e+01,1.415106169899194697e+02,3.672391460076583058e+01,-8.825425068145273735e-03,2.663262217832252645e+02,2.399501987078878074e-02,nan,1.957165655661482025e-05,1.650761789986095707e+01,1.000000000000000000e+00,1.000000000000000000e+00,-1.000000000000000000e+00,0.000000000000000000e+00
8.900000000000000000e+01,6.016129485998284565e+00,5.757881714092634162e+00,-8.009520923549586641e-03,2.417397504453033719e+02,5.432140475035274196e-02,nan,3.723302230708249897e-05,1.916502164437779143e+01,1.000000000000000000e+00,1.000000000000000000e+00,-1.000000000000000000e+00,0.000000000000000000e+00
9.100000000000000000e+01,7.685903875918880601e+01,2.430598019762039641e+01,-9.359187088396168572e-03,2.824106168670044212e+02,6.411948667714761907e-02,nan,5.809687920297422589e-05,6.779043726942706627e+00,1.000000000000000000e+00,1.000000000000000000e+00,-1.000000000000000000e+00,0.000000000000000000e+00
9.200000000000000000e+01,4.272013676167514262e+01,3.481704576636074222e+01,-8.022512540498448821e-03,2.421312400827346778e+02,2.314672172648446491e-02,nan,1.598353034269864686e-05,1.314792352113686924e+01,1.000000000000000000e+00,1.000000000000000000e+00,-1.000000000000000000e+00,0.000000000000000000e+00
9.200000000000000000e+01,9.837485025062191824e+01,3.020320599298186082e+01,-1.315382224999318795e-03,4.001844490451764358e+01,3.702723368151769057e-01,nan,1.426173048115318093e-05,1.148396276493265056e+01,1.000000000000000000e+00,1.000000000000000000e+00,-1.000000000000000000e+00,0.000000000000000000e+00
9.300000000000000000e+01,1.246031385505907139e+02,3.749126284500527362e+01,-1.688637137654935621e-03,5.126611569100868593e+01,3.439533133844447921e-01,nan,1.764976140644325568e-05,1.344709787807528301e+01,1.000000000000000000e+00,1.000000000000000000e+00,-1.000000000000000000e+00,0.000000000000000000e+00
9.400000000000000000e+01,6.177497306395550680e+01,2.757191996934818690e+01,-7.680202625848596594e-03,2.318160664670942595e+02,1.907611424355215579e-02,nan,1.141743690244075738e-05,1.415238026335349630e+01,1.000000000000000000e+00,1.000000000000000000e+00,-1.000000000000000000e+00,0.000000000000000000e+00
9.400000000000000000e+01,7.288944373095644380e+01,1.881073232662911821e+01,-8.056326787471363229e-03,2.431501992576815496e+02,8.225405858876244647e-02,nan,5.601256412177713523e-05,6.779043726942706627e+00,1.000000000000000000e+00,1.000000000000000000e+00,-1.000000000000000000e+00,0.000000000000000000e+00
9.600000000000000000e+01,1.241771013674780164e+02,2.040378732521714511e+01,-7.267227586440556941e-03,2.193714686096897708e+02,3.916691336313837812e-02,nan,2.130322502044810514e-05,1.494275924766487229e+01,1.000000000000000000e+00,1.000000000000000000e+00,-1.000000000000000000e+00,0.000000000000000000e+00
9.600000000000000000e+01,2.965139994697778647e+01,3.625788267102348073e+01,-6.301445276555445348e-03,1.902685657283360001e+02,1.984325073779679149e-01,nan,1.003618687912912789e-04,5.233162377108834917e+00,1.000000000000000000e+00,1.000000000000000000e+00,-1.000000000000000000e+00,0.000000000000000000e+00
9.600000000000000000e+01,1.092799464881438638e+02,1.923724095459797923e+01,-1.631040894342208848e-03,4.953050937651684649e+01,3.171847923990823714e-01,nan,1.475258830122203849e-05,1.095596673478899774e+01,1.000000000000000000e+00,1.000000000000000000e+00,-1.000000000000000000e+00,0.000000000000000000e+00
9.700000000000000000e+01,1.118589982501297015e+02,4.178210534324524872e+01,-7.837030665313873476e-03,2.365419256539062758e+02,3.890841172676307025e-02,nan,2.397918006021652193e-05,1.344709787807528301e+01,1.000000000000000000e+00,1.000000000000000000e+00,-1.000000000000000000e+00,0.000000000000000000e+00
9.700000000000000000e+01,1.041812511951238918e+01,2.312569562112322075e+01,-2.808892672030843200e-03,8.502391771900347806e+01,1.350475874957745015e-01,nan,1.237962753010441941e-05,1.259307936462753297e+01,1.000000000000000000e+00,1.000000000000000000e+00,-1.000000000000000000e+00,0.000000000000000000e+00
9.700000000000000000e+01,1.049225769355103779e+02,9.185050264226763517e+00,-1.548604609054949569e-03,4.704637275477640657e+01,2.800613690537897549e-01,nan,1.031045516042487658e-05,1.095596673478899774e+01,1.000000000000000000e+00,1.000000000000000000e+00,-1.000000000000000000e+00,0.000000000000000000e+00
9.800000000000000000e+01,8.558887882803369962e+01,3.520292838020385062e+01,-8.054401318763972778e-03,2.430921771462608945e+02,1.880521283488056916e-02,nan,1.225049409738258947e-05,1.461764532399668326e+01,1.000000000000000000e+00,1.000000000000000000e+00,-1.000000000000000000e+00,0.000000000000000000e+00
9.900000000000000000e+01,3.399159905528941295e+01,3.333407348343986598e+01,-8.483030741806403541e-03,2.560085045041087710e+02,7.726231332431932053e-02,nan,5.820085013862242072e-05,5.233162377108834917e+00,1.000000000000000000e+00,1.000000000000000000e+00,-1.000000000000000000e+00,0.000000000000000000e+00
9.900000000000000000e+01,4.570145897015780179e+01,2.319455223641762132e+01,-1.383777947850692996e-03,4.207948294515055210e+01,3.317538502248539301e-01,nan,1.115516878271546754e-05,1.479733843350797962e+01,1.000000000000000000e+00,1.000000000000000000e+00,-1.000000000000000000e+00,0.000000000000000000e+00
1.000000000000000000e+02,1.475368368266242847e+01,4.152586116125292648e+01,-1.492800135045748572e-02,4.502213739850839715e+02,1.179183495290692107e-02,nan,2.701998939346249653e-05,1.580169444286170410e+01,1.000000000000000000e+00,1.000000000000000000e+00,-1.000000000000000000e+00,0.000000000000000000e+00
1.010000000000000000e+02,6.397562404940328662e+01,3.163539744802933029e+01,-8.484457700249838086e-03,2.560515044975543901e+02,1.987107692927669866e-02,nan,1.471309682657034786e-05,2.012940578432218430e+01,1.000000000000000000e+00,1.000000000000000000e+00,-1.000000000000000000e+00,0.000000000000000000e+00
1.020000000000000000e+02,3.242150590533556453e+01,1.666737280638118079e+01,-8.600053832995729550e-03,2.595348806065700842e+02,1.290734315930326392e-01,nan,1.131317282717662551e-04,1.479733843350797962e+01,1.000000000000000000e+00,1.000000000000000000e+00,-1.000000000000000000e+00,0.000000000000000000e+00
1.020000000000000000e+02,3.165189875289549803e+01,4.161182078568100451e+01,-8.270017321473421834e-03,2.495895539591218437e+02,2.250790899967414216e-02,nan,1.659384350931372959e-05,8.602051958967850354e+00,1.000000000000000000e+00,1.000000000000000000e+00,-1.000000000000000000e+00,0.000000000000000000e+00
1.030000000000000000e+02,1.267375773471314488e+02,4.577121763137947141e+01,-7.267361800000609988e-03,2.193755130037148149e+02,2.490657271915897031e-02,nan,1.267848271386235250e-05,1.536669269257534864e+01,1.000000000000000000e+00,1.000000000000000000e+00,-1.000000000000000000e+00,0.000000000000000000e+00
1.040000000000000000e+02,1.091806354863890931e+02,8.136620557581469626e+00,-6.837646598482519794e-03,2.064264667761958378e+02,3.535934653455130583e-02,nan,1.647202672775155039e-05,1.472476312129326814e+01,1.000000000000000000e+00,1.000000000000000000e+00,-1.000000000000000000e+00,0.000000000000000000e+00
1.040000000000000000e+02,7.017587367922726571e+01,1.076537808362149562e+01,-7.526744608309836673e-03,2.271917595864609893e+02,2.735086930990882070e-02,nan,1.500883780580196911e-05,1.109668930182734492e+01,1.000000000000000000e+00,1.000000000000000000e+00,-1.000000000000000000e+00,0.000000000000000000e+00
1.050000000000000000e+02,1.272431028735886969e+02,3.041284244875846809e+01,-6.509463540738793207e-03,1.965369921409050278e+02,4.421055994849087956e-02,nan,1.899246168550471441e-05,1.536669269257534864e+01,1.000000000000000000e+00,1.000000000000000000e+00,-1.000000000000000000e+00,0.000000000000000000e+00
1.050000000000000000e+02,8.999040794889113215e+01,4.441956627185477657e+01,-6.920448536532682916e-03,2.089216219853945233e+02,6.387227371387660391e-02,nan,3.129818449498825400e-05,5.381345020027942461e+00,1.000000000000000000e+00,1.000000000000000000e+00,-1.000000000000000000e+00,0.000000000000000000e+00
1.050000000000000000e+02,8.945343625877099214e+01,5.243982294195473060e+01,-6.643296158850542886e-03,2.005699068540839107e+02,8.746778121166043363e-02,nan,3.336244932654130964e-05,8.038212217295166440e+00,1.000000000000000000e+00,1.000000000000000000e+00,-1.000000000000000000e+00,0.000000000000000000e+00
1.060000000000000000e+02,9.931024334635623063e+01,1.906337707450705565e+01,-7.428894922462173610e-03,2.242431552529085650e+02,2.020517304207303244e-02,nan,1.173654551707764077e-05,9.779949741626314363e+00,1.000000000000000000e+00,1.000000000000000000e+00,-1.000000000000000000e+00,0.000000000000000000e+00
1.080000000000000000e+02,7.000844646968070606e+01,2.186080423996145328e+01,-8.468619627801078631e-03,2.555742397148116822e+02,2.243615436893886539e-02,nan,1.538094808902469931e-05,1.109668930182734492e+01,1.000000000000000000e+00,1.000000000000000000e+00,-1.000000000000000000e+00,0.000000000000000000e+00
1.080000000000000000e+02,1.156034966215544202e+01,4.608441796664025958e+01,-2.055029171898037355e-03,6.230698036614143120e+01,1.908368083758751332e-01,nan,1.042569610002891751e-05,4.148321855016803994e+01,1.000000000000000000e+00,1.000000000000000000e+00,-1.000000000000000000e+00,0.000000000000000000e+00
1.100000000000000000e+02,5.164472381805600065e+01,3.540264050168730847e+01,-1.570879357418161759e-03,4.771760045452406018e+01,3.336189087487675398e-01,nan,1.474072531183943101e-05,1.510701179918128823e+01,1.000000000000000000e+00,1.000000000000000000e+00,-1.000000000000000000e+00,0.000000000000000000e+00
1.110000000000000000e+02,6.531055060805734058e+01,4.184212678913946348e+01,-7.854367065084773628e-03,2.370643410612715627e+02,3.206042588245083813e-02,nan,2.066330713226876360e-05,5.454102742591445896e+00,1.000000000000000000e+00,1.000000000000000000e+00,-1.000000000000000000e+00,0.000000000000000000e+00
1.150000000000000000e+02,3.398863422208625451e+01,5.259100894904505452e+01,-7.299672577319740729e-03,2.203491665949175342e+02,2.195395955246548514e-02,nan,1.156828646235480863e-05,2.464097217447060117e+01,1.000000000000000000e+00,1.000000000000000000e+00,-1.000000000000000000e+00,0.000000000000000000e+00
1.150000000000000000e+02,7.072729818912682731e+01,4.120488086351780765e+01,-7.996233667193456893e-03,2.413393520042322109e+02,3.863042000033711787e-02,nan,2.531014328645224258e-05,5.454102742591445896e+00,1.000000000000000000e+00,1.000000000000000000e+00,-1.000000000000000000e+00,0.000000000000000000e+00
1.150000000000000000e+02,1.168220364547926096e+02,5.004261247227290710e+01,-1.525340754152302268e-03,4.634533929936119279e+01,3.054313438243380086e-01,nan,1.189656427208814198e-05,3.840706226346320751e+00,1.000000000000000000e+00,1.000000000000000000e+00,-1.000000000000000000e+00,0.000000000000000000e+00
1.160000000000000000e+02,9.020270266516224211e+00,7.676320428798824480e+00,-8.119419580958957272e-03,2.450514387218846082e+02,2.492820706757781224e-02,nan,1.591692273117431726e-05,6.277591013538301290e+00,1.000000000000000000e+00,1.000000000000000000e+00,-1.000000000000000000e+00,0.000000000000000000e+00
1.170000000000000000e+02,4.547971776405088917e+01,1.676511141022106344e+01,-7.591759577916116011e-03,2.291509219431527526e+02,2.228587733269615789e-02,nan,1.263237066503390774e-05,1.130415333460785199e+01,1.000000000000000000e+00,1.000000000000000000e+00,-1.000000000000000000e+00,0.000000000000000000e+00
1.180000000000000000e+02,9.364641406896181763e+01,4.984079138704512957e+01,-7.828306211814409915e-03,2.362790228027265016e+02,2.048086137162530296e-02,nan,1.279136146507250721e-05,2.317650113198849482e+01,1.000000000000000000e+00,1.000000000000000000e+00,-1.000000000000000000e+00,0.000000000000000000e+00
1.180000000000000000e+02,1.752078085048279732e+01,1.101160319451058633e+01,-1.293372925029419480e-03,3.935521623180903106e+01,3.638456672549991167e-01,nan,1.151183710468252683e-05,7.496497747322196759e+00,1.000000000000000000e+00,1.000000000000000000e+00,-1.000000000000000000e+00,0.000000000000000000e+00
1.200000000000000000e+02,5.696321885209243874e+01,2.989727309998526650e+01,-1.671125050011873156e-02,5.039578384912745150e+02,7.579585365657615093e-03,nan,2.183587768899173664e-05,1.744489804742813632e+01,1.000000000000000000e+00,1.000000000000000000e+00,-1.000000000000000000e+00,0.000000000000000000e+00
1.200000000000000000e+02,8.054639703511369930e+01,5.851097945625656216e+00,-8.059764371434366415e-03,2.432537874795798132e+02,2.885226230656812163e-02,nan,1.893541718902660826e-05,9.867753725940822562e+00,1.000000000000000000e+00,1.000000000000000000e+00,-1.000000000000000000e+00,0.000000000000000000e+00
1.210000000000000000e+02,3.417667952964462330e+01,1.692388572765272059e+01,-1.988692960408689446e-03,6.030800368088706875e+01,3.244317484142604791e-01,nan,2.104401975665768181e-05,4.741510094610307924e+00,1.000000000000000000e+00,1.000000000000000000e+00,-1.000000000000000000e+00,0.000000000000000000e+00
1.220000000000000000e+02,6.997314740954134038e+01,4.877094971134531676e+01,-6.758886873285407937e-03,2.040531196876098932e+02,4.079809550037349908e-02,nan,1.980824436337351403e-05,2.292321770389409608e+01,1.000000000000000000e+00,1.000000000000000000e+00,-1.000000000000000000e+00,0.000000000000000000e+00
1.220000000000000000e+02,1.484035091759011493e+01,2.746494851518601266e+01,-8.661679354579227344e-03,2.613919052707209971e+02,2.861435605537310245e-02,nan,2.443522620615370836e-05,1.389879997948860257e+01,1.000000000000000000e+00,1.000000000000000000e+00,-1.000000000000000000e+00,0.000000000000000000e+00
1.220000000000000000e+02,7.494519107842485539e+01,2.473938432967372236e+01,-1.284438715285023862e-03,3.908599258187106784e+01,3.671205817646485681e-01,nan,1.132099246640109477e-05,9.929332241689825977e+00,1.000000000000000000e+00,1.000000000000000000e+00,-1.000000000000000000e+00,0.000000000000000000e+00
1.240000000000000000e+02,4.163213882546136801e+01,4.433252896407664423e+01,-7.606130902856188258e-03,2.295839877279847769e+02,3.011143652086956113e-02,nan,1.757454850748340247e-05,2.105750760761469209e+01,1.000000000000000000e+00,1.000000000000000000e+00,-1.000000000000000000e+00,0.000000000000000000e+00
1.260000000000000000e+02,1.015873244591788271e+01,6.894810157875013168e+00,-7.416837437467686985e-03,2.238798147659310587e+02,5.057233700476704286e-02,nan,2.831519073221062683e-05,7.408193221238617454e+00,1.000000000000000000e+00,1.000000000000000000e+00,-1.000000000000000000e+00,0.000000000000000000e+00
1.280000000000000000e+02,1.304934075494234378e+02,2.881308887673157315e+01,-8.307132617928274579e-03,2.507079870232630867e+02,2.656474557420485105e-02,nan,1.995965419046736794e-05,1.358006870047016257e+01,1.000000000000000000e+00,1.000000000000000000e+00,-1.000000000000000000e+00,0.000000000000000000e+00
1.300000000000000000e+02,9.254958248263460519e+01,4.623957527644635945e+01,-1.608266363649315644e-03,4.884422122634092744e+01,2.718026323630995389e-01,nan,1.090785795757306613e-05,2.716970708314626393e+01,1.000000000000000000e+00,1.000000000000000000e+00,-1.000000000000000000e+00,0.000000000000000000e+00
1.330000000000000000e+02,4.592532583683723146e+01,5.136843943544780444e+01,-1.889410781858896424e-03,5.731623258442996871e+01,2.619228890874270022e-01,nan,1.452973633408592797e-05,1.333729644731376140e+01,1.000000000000000000e+00,1.000000000000000000e+00,-1.000000000000000000e+00,0.000000000000000000e+00
1.340000000000000000e+02,5.913981117164608747e+01,5.317422288305439082e+01,-7.132340357016994994e-03,2.153067742187604097e+02,3.883371146695091536e-02,nan,2.058200631437308696e-05,1.333729644731376140e+01,1.000000000000000000e+00,1.000000000000000000e+00,-1.000000000000000000e+00,0.000000000000000000e+00
1.350000000000000000e+02,3.732190219315852886e+01,1.776178801471681723e+01,-7.983585689819666306e-03,2.409582176084295213e+02,2.259922961702343081e-02,nan,1.418196270368303449e-05,1.605927176092760789e+01,1.000000000000000000e+00,1.000000000000000000e+00,-1.000000000000000000e+00,0.000000000000000000e+00
1.350000000000000000e+02,8.139259449920615452e+01,2.146631141958645372e+01,-8.525691440480325997e-03,2.572940428264099069e+02,2.166268017668082635e-02,nan,1.535557849004967393e-05,2.240833555744443473e+01,1.000000000000000000e+00,1.000000000000000000e+00,-1.000000000000000000e+00,0.000000000000000000e+00
1.350000000000000000e+02,1.131390675939531292e+02,1.114666029456888729e+01,-8.028517374610973090e-03,2.423121898704939952e+02,3.224598022508484707e-02,nan,2.133427851529814471e-05,5.687596514170994766e+00,1.000000000000000000e+00,1.000000000000000000e+00,-1.000000000000000000e+00,0.000000000000000000e+00
1.350000000000000000e+02,1.327286463660618949e+02,1.448500267354967619e+01,-6.716965598495105993e-03,2.027898631789771855e+02,5.017472065573325146e-02,nan,2.369191146026872774e-05,1.118809406163672548e+01,1.000000000000000000e+00,1.000000000000000000e+00,-1.000000000000000000e+00,0.000000000000000000e+00
1.370000000000000000e+02,5.211745918656663434e+01,2.400612166580717144e+01,-8.590053930533306931e-03,2.592335433515715977e+02,1.303428582214172238e-02,nan,9.883470318456463952e-06,1.496070744524784857e+01,1.000000000000000000e+00,1.000000000000000000e+00,-1.000000000000000000e+00,0.000000000000000000e+00
1.390000000000000000e+02,7.566900044274191828e+01,4.313135177338768500e+01,-9.007937539359316473e-03,2.718260561351405045e+02,1.900663094775734141e-02,nan,1.712770388452721326e-05,1.934097614095751183e+01,1.000000000000000000e+00,1.000000000000000000e+00,-1.000000000000000000e+00,0.000000000000000000e+00
1.390000000000000000e+02,1.248879607072505138e+02,2.767827674225495826e+01,-5.352904055571146118e-03,1.616852061547373864e+02,5.019925219630438917e-02,nan,1.489070693056822353e-05,1.534727442421818822e+01,1.000000000000000000e+00,1.000000000000000000e+00,-1.000000000000000000e+00,0.000000000000000000e+00
1.400000000000000000e+02,3.859382863015726173e+01,3.805021182859130846e+01,-1.420575221751244630e-03,4.318833271146458230e+01,3.651317025351599188e-01,nan,1.427652020638573653e-05,1.949679594001689864e+01,1.000000000000000000e+00,1.000000000000000000e+00,-1.000000000000000000e+00,0.000000000000000000e+00
1.410000000000000000e+02,6.704845735320375866e+01,2.494849155612267211e+01,-1.147951036678921712e-02,3.463044797143029996e+02,1.998679409336145962e-02,nan,2.959556005191733843e-05,8.803401514605615930e+00,1.000000000000000000e+00,1.000000000000000000e+00,-1.000000000000000000e+00,0.000000000000000000e+00
1.430000000000000000e+02,9.331044478294782607e+01,5.321745589148365951e+01,-8.256493663097212721e-03,2.491820317749867399e+02,1.489455716111642847e-02,nan,1.012451641047769040e-05,2.032117257172074787e+01,1.000000000000000000e+00,1.000000000000000000e+00,-1.000000000000000000e+00,0.000000000000000000e+00
1.440000000000000000e+02,5.631925733291283365e+01,4.990355486313519862e+01,-9.187399472723404431e-03,2.772339655202443964e+02,2.633235229153296775e-02,nan,2.285984967670387957e-05,2.050061689572203960e+01,1.000000000000000000e+00,1.000000000000000000e+00,-1.000000000000000000e+00,0.000000000000000000e+00
1.450000000000000000e+02,6.643817113762301574e+01,1.171272385706993369e+01,-6.765604679949781090e-03,2.042555542040923910e+02,3.775633308151793432e-02,nan,1.722855320697086533e-05,1.324983003091796974e+01,1.000000000000000000e+00,1.000000000000000000e+00,-1.000000000000000000e+00,0.000000000000000000e+00
1.460000000000000000e+02,3.175063835676434465e+01,1.153478180523070229e+01,-7.212067035390874216e-03,2.177092594931530982e+02,2.575179002772340908e-01,nan,1.809664616054660518e-04,4.753025970262834576e+00,1.000000000000000000e+00,1.000000000000000000e+00,-1.000000000000000000e+00,0.000000000000000000e+00
1.470000000000000000e+02,1.206074106150643246e+02,3.456516543990335322e+01,-9.262925988018666859e-03,2.795098829988598368e+02,2.385502732161270956e-02,nan,2.107356658992121689e-05,1.558051584477512641e+01,1.000000000000000000e+00,1.000000000000000000e+00,-1.000000000000000000e+00,0.000000000000000000e+00
1.470000000000000000e+02,8.659316467792635308e+00,5.677558096613799066e+00,-1.648201659944995966e-03,5.004763222044945081e+01,2.689504080282503207e-01,nan,1.096359560207802982e-05,1.963238223166867868e+01,1.000000000000000000e+00,1.000000000000000000e+00,-1.000000000000000000e+00,0.000000000000000000e+00
1.480000000000000000e+02,3.358428804876956519e+01,1.591986842706636729e+01,-6.989527300187221154e-03,2.110032427908544719e+02,2.148927834169865880e-01,nan,1.442814627596083934e-04,4.753025970262834576e+00,1.000000000000000000e+00,1.000000000000000000e+00,-1.000000000000000000e+00,0.000000000000000000e+00
1.490000000000000000e+02,1.050269266250913631e+02,3.453365944864763293e+01,-9.459059231077078175e-03,2.854201659540455580e+02,2.100521633449869974e-02,nan,1.891180105502761078e-05,7.455814434981999028e+00,1.000000000000000000e+00,1.000000000000000000e+00,-1.000000000000000000e+00,0.000000000000000000e+00
1.500000000000000000e+02,9.733296734985117382e+01,1.457180012457444107e+01,-8.739650388976713535e-03,2.637414859354348664e+02,1.650025446402270113e-02,nan,1.207962152087893270e-05,6.962190790823254538e+00,1.000000000000000000e+00,1.000000000000000000e+00,-1.000000000000000000e+00,0.000000000000000000e+00
1.500000000000000000e+02,2.481009048501527658e+01,1.683923049527099991e+01,-1.920610690457138408e-03,5.825641123602462557e+01,2.783932104546598119e-01,nan,1.770263037564740030e-05,8.541876516759273841e+00,1.000000000000000000e+00,1.000000000000000000e+00,-1.000000000000000000e+00,0.000000000000000000e+00
1.520000000000000000e+02,2.873773434674648897e+01,6.252471855633315201e+00,-6.830282829404016841e-03,2.062045668157815044e+02,2.972998252256967566e-01,nan,2.250062368167429804e-04,1.081423317928502570e+01,1.000000000000000000e+00,1.000000000000000000e+00,-1.000000000000000000e+00,0.000000000000000000e+00
1.530000000000000000e+02,2.559422764080276025e+01,3.105551801064115125e+01,-1.468935573293800659e-03,4.464562448399514238e+01,3.125433644822717127e-01,nan,1.164307296539311015e-05,1.227970736213307923e+01,1.000000000000000000e+00,1.000000000000000000e+00,-1.000000000000000000e+00,0.000000000000000000e+00
1.540000000000000000e+02,1.274760288443127365e+02,4.579096363609044928e+00,-7.267392924929763978e-03,2.193764509229343673e+02,3.132950817984547776e-02,nan,1.612568008076173100e-05,1.068392459752207024e+01,1.000000000000000000e+00,1.000000000000000000e+00,-1.000000000000000000e+00,0.000000000000000000e+00
1.540000000000000000e+02,1.069099987170636865e+02,4.174775733995191729e+01,-1.149173302219612912e-03,3.500990199773399070e+01,3.589052454933066016e-01,nan,9.489198084603548205e-06,7.455814434981999028e+00,1.000000000000000000e+00,1.000000000000000000e+00,-1.000000000000000000e+00,0.000000000000000000e+00
1.540000000000000000e+02,9.150977599925933248e+01,4.461374014026338131e+01,-1.418217798762081696e-03,4.311729408132851660e+01,2.653321003484679919e-01,nan,8.272067560548555503e-06,1.566463268543691356e+01,1.000000000000000000e+00,1.000000000000000000e+00,-1.000000000000000000e+00,0.000000000000000000e+00
1.550000000000000000e+02,4.580370136317313978e+01,1.317617096643076202e+01,-8.735732568414250956e-03,2.636234262545224283e+02,1.797191009028320519e-02,nan,1.407939065639672760e-05,1.841697150952402495e+01,1.000000000000000000e+00,1.000000000000000000e+00,-1.000000000000000000e+00,0.000000000000000000e+00
1.550000000000000000e+02,9.038790428621406647e+01,1.408374310953655595e+01,-2.039972193596906874e-03,6.185325308961202495e+01,2.192609005964725188e-01,nan,1.306057560158356319e-05,4.927527878264932326e+00,1.000000000000000000e+00,1.000000000000000000e+00,-1.000000000000000000e+00,0.000000000000000000e+00
1.550000000000000000e+02,1.626835421631711043e+01,1.679028211869039566e+01,-7.293551892221920158e-03,2.201647257513174907e+02,3.235964269826352435e-02,nan,1.708410681390517126e-05,8.541876516759273841e+00,1.000000000000000000e+00,1.000000000000000000e+00,-1.000000000000000000e+00,0.000000000000000000e+00
1.560000000000000000e+02,1.199886216401476702e+02,3.072934605938149843e+01,-8.645561986802751883e-03,2.609062241971490153e+02,2.254848766293338080e-02,nan,1.757728190363570705e-05,1.331406305441633364e+01,1.000000000000000000e+00,1.000000000000000000e+00,-1.000000000000000000e+00,0.000000000000000000e+00
1.570000000000000000e+02,4.108673706777420875e+01,4.639340709307180077e+01,-6.694231365756138190e-03,2.021047893681274275e+02,2.504638152407023810e-02,nan,1.205607767146464042e-05,1.604654266476152813e+01,1.000000000000000000e+00,1.000000000000000000e+00,-1.000000000000000000e+00,0.000000000000000000e+00
1.570000000000000000e+02,2.005322830024553937e+01,4.232223781037898647e+01,-1.427040686885873997e-03,4.338316316338938350e+01,3.645612644786193624e-01,nan,1.416508388128754015e-05,5.377361130802171374e+00,1.000000000000000000e+00,1.000000000000000000e+00,-1.000000000000000000e+00,0.000000000000000000e+00
1.580000000000000000e+02,1.234759389277136847e+02,1.448593871950932055e+01,-8.167334503076434729e-03,2.464953079154697377e+02,3.248239060398971922e-02,nan,2.426995983969657897e-05,1.068392459752207024e+01,1.000000000000000000e+00,1.000000000000000000e+00,-1.000000000000000000e+00,0.000000000000000000e+00
1.610000000000000000e+02,1.066762325760701628e+02,3.094046788109483259e+01,-6.830088072663804445e-03,2.061986980123897979e+02,4.489118054364260590e-02,nan,2.098521772850436089e-05,1.331406305441633364e+01,1.000000000000000000e+00,1.000000000000000000e+00,-1.000000000000000000e+00,0.000000000000000000e+00
1.610000000000000000e+02,6.742430097762095897e+01,4.443738672497750031e+01,-3.252806777074332412e-03,9.840083398109632640e+01,1.163746626395383288e-01,nan,1.380209408055387662e-05,2.224809642177034874e+01,1.000000000000000000e+00,1.000000000000000000e+00,-1.000000000000000000e+00,0.000000000000000000e+00
1.610000000000000000e+02,8.920479802093679211e+01,4.897475853457177664e+01,-1.585444715819660580e-03,4.815651324745081752e+01,2.817756582028564383e-01,nan,1.125407680284662879e-05,2.224809642177034874e+01,1.000000000000000000e+00,1.000000000000000000e+00,-1.000000000000000000e+00,0.000000000000000000e+00
1.620000000000000000e+02,1.300263036508311529e+02,4.507594603313825843e+01,-7.590159882445652109e-03,2.291027166887800490e+02,3.896352022124160985e-02,nan,2.250766422442573942e-05,2.729537619787070923e+01,1.000000000000000000e+00,1.000000000000000000e+00,-1.000000000000000000e+00,0.000000000000000000e+00
1.670000000000000000e+02,1.494233716058877626e+01,4.958866099937949201e+01,-7.278603550377577523e-03,2.197142721278866020e+02,2.361620342014014717e-02,nan,1.213943988821910883e-05,9.008824562587562923e+00,1.000000000000000000e+00,1.000000000000000000e+00,-1.000000000000000000e+00,0.000000000000000000e+00
1.690000000000000000e+02,4.187005848654912654e+01,4.222539688900813104e+01,-8.088508474047241895e-03,2.441199628259202257e+02,1.715275490550693949e-02,nan,1.185871978029626230e-05,1.849267850813988900e+01,1.000000000000000000e+00,1.000000000000000000e+00,-1.000000000000000000e+00,0.000000000000000000e+00
1.690000000000000000e+02,8.200868623239519195e+01,1.633490019243745195e+01,-1.349725298184683512e-03,4.105333973882020615e+01,3.204583718087044009e-01,nan,1.021207911486596272e-05,1.599141482909311662e+01,1.000000000000000000e+00,1.000000000000000000e+00,-1.000000000000000000e+00,0.000000000000000000e+00
1.700000000000000000e+02,1.392080170194069240e+02,2.239004376347624614e+01,-1.296458959937520864e-03,3.944821086765986706e+01,3.582530657339627611e-01,nan,1.161759438373183139e-05,1.229478016937415141e+01,1.000000000000000000e+00,1.000000000000000000e+00,-1.000000000000000000e+00,0.000000000000000000e+00
1.710000000000000000e+02,2.398720089249941623e+01,4.693523368834180332e+01,-1.577555790791427583e-03,4.791878822744889277e+01,2.877550518448040995e-01,nan,1.149668587302322847e-05,9.426040336418743948e+00,1.000000000000000000e+00,1.000000000000000000e+00,-1.000000000000000000e+00,0.000000000000000000e+00
1.720000000000000000e+02,1.395479788887940060e+02,3.468012290645163631e+01,-8.349003334224966086e-03,2.519697200012675182e+02,6.253919191397228072e-02,nan,4.698450931130077811e-05,7.118391715131394903e+00,1.000000000000000000e+00,1.000000000000000000e+00,-1.000000000000000000e+00,0.000000000000000000e+00
1.740000000000000000e+02,8.364789734937616572e+01,4.589943362903923685e+01,-8.724584723474596709e-03,2.632874968786222212e+02,3.008829605126572826e-02,nan,2.305760954952948275e-05,1.647801263435948371e+01,1.000000000000000000e+00,1.000000000000000000e+00,-1.000000000000000000e+00,0.000000000000000000e+00
1.740000000000000000e+02,2.122951839571586419e+01,2.513578370081683744e+01,-8.205952453391103171e-03,2.476590219802038746e+02,1.961763264198845835e-02,nan,1.317438995530929123e-05,1.668484531989022202e+01,1.000000000000000000e+00,1.000000000000000000e+00,-1.000000000000000000e+00,0.000000000000000000e+00
1.770000000000000000e+02,1.344865654104999635e+02,2.967476635453700951e+01,-1.588459727153480883e-02,4.790474540477061964e+02,6.735998876550852721e-03,nan,2.013239205896637007e-05,7.118391715131394903e+00,1.000000000000000000e+00,1.000000000000000000e+00,-1.000000000000000000e+00,0.000000000000000000e+00
1.800000000000000000e+02,1.237091630562488689e+02,4.718113846769831810e+01,-7.486192109402671838e-03,2.259697497968720654e+02,3.896387306991933031e-02,nan,2.274145499586367988e-05,2.055785655339313323e+01,1.000000000000000000e+00,1.000000000000000000e+00,-1.000000000000000000e+00,0.000000000000000000e+00
1.800000000000000000e+02,4.571957587040389370e+01,7.397560025081146406e+00,-1.379807667439144573e-03,4.195984243812699788e+01,3.641412983693008698e-01,nan,1.376077410002155963e-05,1.545113808297560354e+01,1.000000000000000000e+00,1.000000000000000000e+00,-1.000000000000000000e+00,0.000000000000000000e+00
1.800000000000000000e+02,1.243523239964906857e+01,4.492739185338425045e+01,-6.877110700445688944e-03,2.076156787911380093e+02,4.272453168419387826e-02,nan,1.996858943152767443e-05,2.152455619752019089e+01,1.000000000000000000e+00,1.000000000000000000e+00,-1.000000000000000000e+00,0.000000000000000000e+00
1.800000000000000000e+02,5.462535941795118788e+01,2.002390896146869181e+01,-1.329421205509942515e-03,4.044149581585863729e+01,3.311875881867800686e-01,nan,9.921610472769049893e-06,1.545113808297560354e+01,1.000000000000000000e+00,1.000000000000000000e+00,-1.000000000000000000e+00,0.000000000000000000e+00
1.810000000000000000e+02,1.033490716205052280e+02,5.072878313372782344e+01,-6.325685562133152688e-03,1.909990229646755324e+02,3.018460606598605267e-02,nan,1.208885710725703717e-05,1.151342631838111963e+01,1.000000000000000000e+00,1.000000000000000000e+00,-1.000000000000000000e+00,0.000000000000000000e+00
1.810000000000000000e+02,1.272984486449990982e+02,4.665095411268537440e+00,-8.142693342903187942e-03,2.457527707162832940e+02,3.707830160052183466e-02,nan,2.417209035364324639e-05,1.947562142508376937e+01,1.000000000000000000e+00,1.000000000000000000e+00,-1.000000000000000000e+00,0.000000000000000000e+00
1.810000000000000000e+02,7.546731077048794134e+01,3.964371007193842900e+01,-1.420340314091736314e-03,4.318125399949110488e+01,3.282438749854106330e-01,nan,1.198831337397048988e-05,2.436672488702729567e+01,1.000000000000000000e+00,1.000000000000000000e+00,-1.000000000000000000e+00,0.000000000000000000e+00
1.820000000000000000e+02,2.968367378758366470e+01,8.044050114863830814e+00,-8.283359784433048587e-03,2.499916159970548790e+02,2.847417277626362875e-02,nan,1.949697043764435413e-05,1.604892847033674741e+01,1.000000000000000000e+00,1.000000000000000000e+00,-1.000000000000000000e+00,0.000000000000000000e+00
1.840000000000000000e+02,9.983373306618415199e+01,3.976514411936334881e+01,-5.675784378297766067e-03,1.714148880700447819e+02,4.132483145143805991e-02,nan,1.350979474937857219e-05,1.151342631838111963e+01,1.000000000000000000e+00,1.000000000000000000e+00,-1.000000000000000000e+00,0.000000000000000000e+00
1.850000000000000000e+02,3.187296912873877375e+01,3.568180315656230306e+01,-7.112549942781247296e-03,2.147104094918549890e+02,2.641974305756045194e-02,nan,1.313387555341413758e-05,8.128069258534727837e+00,1.000000000000000000e+00,1.000000000000000000e+00,-1.000000000000000000e+00,0.000000000000000000e+00
1.860000000000000000e+02,8.343156873264030082e+01,1.485281123326021913e+01,-6.497829947859665861e-03,1.961864252271636531e+02,3.518170982390278478e-02,nan,1.485849638531332176e-05,1.828331797635683742e+01,1.000000000000000000e+00,1.000000000000000000e+00,-1.000000000000000000e+00,0.000000000000000000e+00
1.870000000000000000e+02,1.143653958567727074e+02,4.732307628078238793e+01,-8.589962870483551158e-03,2.592307993462638933e+02,2.475737869449168294e-02,nan,2.076738475056258610e-05,1.637960811545832485e+01,1.000000000000000000e+00,1.000000000000000000e+00,-1.000000000000000000e+00,0.000000000000000000e+00
1.880000000000000000e+02,4.411304498011946151e+01,9.993619390906044231e+00,-6.845758986702784113e-03,2.066709256403660504e+02,3.000046291640556806e-02,nan,1.361704494352935695e-05,1.644051730453645987e+01,1.000000000000000000e+00,1.000000000000000000e+00,-1.000000000000000000e+00,0.000000000000000000e+00
1.900000000000000000e+02,6.989855654142961328e+01,2.714660223754836110e+01,-1.317773584604853407e-03,4.009050618131049504e+01,3.181206957820358339e-01,nan,1.017900144020593108e-05,1.497162668339593061e+01,1.000000000000000000e+00,1.000000000000000000e+00,-1.000000000000000000e+00,0.000000000000000000e+00
1.900000000000000000e+02,3.329667170120237785e+01,2.767939221630824775e+01,-1.797809371566738354e-03,5.455591390780723771e+01,2.665959480026257600e-01,nan,1.388009888874352180e-05,8.128069258534727837e+00,1.000000000000000000e+00,1.000000000000000000e+00,-1.000000000000000000e+00,0.000000000000000000e+00
1.910000000000000000e+02,1.927729740080600962e+01,2.707996835990108409e+01,-1.367850802021068797e-03,4.159953402341906070e+01,3.320872500595836163e-01,nan,1.079894595621421750e-05,1.403218317776119228e+01,1.000000000000000000e+00,1.000000000000000000e+00,-1.000000000000000000e+00,0.000000000000000000e+00
1.920000000000000000e+02,8.922289591617473548e+01,1.729252854275961937e+01,-1.413359704911441167e-03,4.297090018689022628e+01,3.727928562681447344e-01,nan,1.463501640565896597e-05,6.271891420771061654e+00,1.000000000000000000e+00,1.000000000000000000e+00,-1.000000000000000000e+00,0.000000000000000000e+00
1.940000000000000000e+02,5.628655508394281526e+01,4.074737574189784794e+01,-6.813572846354041049e-03,2.057010278620494148e+02,2.487364485849385964e-02,nan,1.276539523435700244e-05,7.634393447920410303e+00,1.000000000000000000e+00,1.000000000000000000e+00,-1.000000000000000000e+00,0.000000000000000000e+00
1.960000000000000000e+02,6.546435046702490013e+01,2.047488124673911258e+01,-8.202181083793388255e-03,2.475453754555071839e+02,2.313689598243273693e-02,nan,1.528638669913716768e-05,2.225322361254575654e+01,1.000000000000000000e+00,1.000000000000000000e+00,-1.000000000000000000e+00,0.000000000000000000e+00
1.960000000000000000e+02,2.013908408374988568e+01,4.735615404521168870e+01,-7.276585217257917730e-03,2.196534516384631956e+02,2.924762604310393588e-02,nan,1.502004879194122623e-05,2.029449142580552845e+01,1.000000000000000000e+00,1.000000000000000000e+00,-1.000000000000000000e+00,0.000000000000000000e+00
1.960000000000000000e+02,7.169152057549587198e+01,4.721110592417634422e+01,-7.804128062996401084e-03,2.355504379967104285e+02,3.074551762770594276e-02,nan,2.025015209317142196e-05,1.601549848287188738e+01,1.000000000000000000e+00,1.000000000000000000e+00,-1.000000000000000000e+00,0.000000000000000000e+00
1.960000000000000000e+02,1.148940916561057435e+02,5.327390843982885116e+01,-1.475761077834512533e-02,4.450868211761034559e+02,1.098456451363860609e-02,nan,2.343000634012192007e-05,1.043018979429147919e+01,1.000000000000000000e+00,1.000000000000000000e+00,-1.000000000000000000e+00,0.000000000000000000e+00
1.980000000000000000e+02,1.144537856449900062e+02,4.285301645490176981e+01,-1.348718655220381910e-02,4.068038328742078420e+02,1.332461996424860740e-02,nan,2.287945352426311600e-05,4.480285237588590874e+00,1.000000000000000000e+00,1.000000000000000000e+00,-1.000000000000000000e+00,0.000000000000000000e+00
1.980000000000000000e+02,1.270618181468559555e+02,4.851392098594540414e+01,-6.690869924538202403e-03,2.020034956331876970e+02,3.908744475096137538e-02,nan,1.650301448780121857e-05,1.110580685800238498e+01,1.000000000000000000e+00,1.000000000000000000e+00,-1.000000000000000000e+00,0.000000000000000000e+00
1.990000000000000000e+02,4.093369506154187576e+01,2.061435582890988272e+01,-7.925915768300560715e-03,2.392203910734358487e+02,1.427510193287317986e-02,nan,9.153256479666122260e-06,1.274488823383833136e+01,1.000000000000000000e+00,1.000000000000000000e+00,-1.000000000000000000e+00,0.000000000000000000e+00
1.990000000000000000e+02,5.571732127280361624e+01,4.836051807512044576e+01,-8.307105831847459362e-03,2.507071798509836356e+02,1.802857416760916820e-02,nan,1.239172979335691962e-05,7.634393447920410303e+00,1.000000000000000000e+00,1.000000000000000000e+00,-1.000000000000000000e+00,0.000000000000000000e+00
1.990000000000000000e+02,1.287330034951273490e+02,3.475244612727780691e+01,-7.828938212155790027e-03,2.362980675132869521e+02,6.645186668664770924e-02,nan,4.214471970336855153e-05,5.217831102596504955e+00,1.000000000000000000e+00,1.000000000000000000e+00,-1.000000000000000000e+00,0.000000000000000000e+00
2.000000000000000000e+02,9.084861120673360801e+01,6.857718534817969669e+00,-1.712825460001229450e-03,5.199500706632369429e+01,3.496059775469572140e-01,nan,1.834921176039630713e-05,1.414212634703533489e+01,1.000000000000000000e+00,1.000000000000000000e+00,-1.000000000000000000e+00,0.000000000000000000e+00
2.000000000000000000e+02,1.182769393641029865e+01,1.704895474216277051e+01,-1.602158421327166743e-03,4.866016437379042259e+01,3.166434143470281404e-01,nan,1.361579029110164456e-05,2.429655666133669101e+01,1.000000000000000000e+00,1.000000000000000000e+00,-1.000000000000000000e+00,0.000000000000000000e+00
2.010000000000000000e+02,3.274296220401348734e+01,4.684723310661037310e+00,-5.928809795649170843e-03,1.790395609102088770e+02,3.776508131318945249e-02,nan,1.306429790748768910e-05,1.428747981879454088e+01,1.000000000000000000e+00,1.000000000000000000e+00,-1.000000000000000000e+00,0.000000000000000000e+00
2.010000000000000000e+02,4.633987564852657215e+01,9.072891989606803875e+00,-1.307739160245859804e-03,3.978812864281031381e+01,3.490412863601042304e-01,nan,1.084504558446508007e-05,1.274488823383833136e+01,1.000000000000000000e+00,1.000000000000000000e+00,-1.000000000000000000e+00,0.000000000000000000e+00
2.030000000000000000e+02,1.361778861650768704e+02,2.121196934079230090e+01,-7.113247219717335097e-03,2.147314212485880205e+02,8.244771444153442541e-02,nan,4.718389971256885002e-05,8.661248974107163434e+00,1.000000000000000000e+00,1.000000000000000000e+00,-1.000000000000000000e+00,0.000000000000000000e+00
2.030000000000000000e+02,1.267732947368312466e+02,2.991661083253492137e+01,-7.277411435020540546e-03,2.196783489005670447e+02,1.219525492137482070e-01,nan,7.354465334792231236e-05,5.217831102596504955e+00,1.000000000000000000e+00,1.000000000000000000e+00,-1.000000000000000000e+00,0.000000000000000000e+00
2.030000000000000000e+02,1.186446673501815781e+02,4.126888693265782138e+01,-7.729710557935038327e-03,2.333079394540200440e+02,3.827634198149032496e-02,nan,2.278064235936649938e-05,4.480285237588590874e+00,1.000000000000000000e+00,1.000000000000000000e+00,-1.000000000000000000e+00,0.000000000000000000e+00
2.050000000000000000e+02,1.394377469777693364e+02,1.318759763496109549e+01,-8.408265978927971507e-03,2.537555416876151639e+02,4.007125914903086894e-02,nan,3.075743428827000227e-05,8.661248974107163434e+00,1.000000000000000000e+00,1.000000000000000000e+00,-1.000000000000000000e+00,0.000000000000000000e+00
2.050000000000000000e+02,6.481430732980264509e+01,2.635935695267383494e+01,-7.926317414382166165e-03,2.392324942842588484e+02,2.436341398718588902e-02,nan,1.633895528625444994e-05,6.745511863370408534e+00,1.000000000000000000e+00,1.000000000000000000e+00,-1.000000000000000000e+00,0.000000000000000000e+00
2.050000000000000000e+02,1.243174421487855739e+02,2.296723508123090340e+01,-6.939321874293312258e-03,2.094903515119893314e+02,5.431490077441292197e-02,nan,2.729783786306982474e-05,7.370551897044272494e+00,1.000000000000000000e+00,1.000000000000000000e+00,-1.000000000000000000e+00,0.000000000000000000e+00
2.060000000000000000e+02,1.885192370877846457e+01,3.305303566482457711e+01,-6.939815154793024972e-03,2.095052160361470612e+02,2.707398271483885122e-02,nan,1.287295063422345460e-05,1.298697110232021501e+01,1.000000000000000000e+00,1.000000000000000000e+00,-1.000000000000000000e+00,0.000000000000000000e+00
2.070000000000000000e+02,6.468819784273750706e+00,3.696713270084914171e+01,-8.065338814039675966e-03,2.434217678413026249e+02,3.010455775788090094e-02,nan,2.060666176684405055e-05,1.298697110232021501e+01,1.000000000000000000e+00,1.000000000000000000e+00,-1.000000000000000000e+00,0.000000000000000000e+00
2.080000000000000000e+02,3.127539809512844116e+01,1.218452005786737935e+01,-8.250761925858520612e-03,2.490093114937269263e+02,2.636267827534277686e-02,nan,1.770871895251239955e-05,2.008520751933549064e+01,1.000000000000000000e+00,1.000000000000000000e+00,-1.000000000000000000e+00,0.000000000000000000e+00
2.080000000000000000e+02,4.802666611300866606e+01,3.478791528796379140e+01,-5.058230030241906566e-03,1.528054933529625998e+02,7.907408818860672817e-02,nan,2.129131721049777091e-05,1.025285583617599983e+01,1.000000000000000000e+00,1.000000000000000000e+00,-1.000000000000000000e+00,0.000000000000000000e+00
2.080000000000000000e+02,5.823183106322569813e+01,2.488526859072868547e+01,-3.636370705125888548e-03,1.099591568377273632e+02,1.145635935848027254e-01,nan,1.855875492465338983e-05,6.745511863370408534e+00,1.000000000000000000e+00,1.000000000000000000e+00,-1.000000000000000000e+00,0.000000000000000000e+00
2.090000000000000000e+02,9.642245849594112883e+01,1.918058816850583881e+01,-1.834194653600280380e-03,5.565234870320001193e+01,2.459516040229473566e-01,nan,1.211632327117516278e-05,1.451468046985156057e+01,1.000000000000000000e+00,1.000000000000000000e+00,-1.000000000000000000e+00,0.000000000000000000e+00
2.100000000000000000e+02,1.057369414529590728e+02,4.831062763403415516e+01,-9.292595036388377402e-03,2.804039306785989538e+02,1.497325672069182989e-02,nan,1.396531124800476210e-05,2.225491694377266683e+01,1.000000000000000000e+00,1.000000000000000000e+00,-1.000000000000000000e+00,0.000000000000000000e+00
2.110000000000000000e+02,1.430390007762118501e+02,1.384181974562062756e+01,-7.297293753142320913e-03,2.202774830609589287e+02,4.126261224544247597e-02,nan,2.258627363581629352e-05,1.855182390547670224e+01,1.000000000000000000e+00,1.000000000000000000e+00,-1.000000000000000000e+00,0.000000000000000000e+00
2.110000000000000000e+02,2.125971093697669900e+01,4.705693847522556439e+01,-7.692074320142811700e-03,2.321738083335017961e+02,2.447093947505907252e-02,nan,1.385657839419772777e-05,1.420938891224500189e+01,1.000000000000000000e+00,1.000000000000000000e+00,-1.000000000000000000e+00,0.000000000000000000e+00
2.120000000000000000e+02,4.876939998158267997e+01,2.456199727548778000e+01,-7.835265095863642656e-03,2.364887219498060347e+02,2.416191756026475623e-02,nan,1.531535875541629248e-05,9.467951537587286026e+00,1.000000000000000000e+00,1.000000000000000000e+00,-1.000000000000000000e+00,0.000000000000000000e+00
2.130000000000000000e+02,1.096261733357329327e+01,1.182931962685580984e+01,-8.283697854737773203e-03,2.500018034141826888e+02,1.867202237692067168e-02,nan,1.317925025774876065e-05,2.031588613900943585e+01,1.000000000000000000e+00,1.000000000000000000e+00,-1.000000000000000000e+00,0.000000000000000000e+00
2.130000000000000000e+02,1.345324146436213937e+02,4.817504194255199224e+01,-6.301831726255526130e-03,1.902802110111030061e+02,6.145385374414480406e-02,nan,2.623828291503883049e-05,1.565469414018630623e+01,1.000000000000000000e+00,1.000000000000000000e+00,-1.000000000000000000e+00,0.000000000000000000e+00
2.130000000000000000e+02,5.008304409723186268e+01,5.135547582794568022e+00,-7.072659393431541056e-03,2.135083469030854246e+02,2.602490581771976785e-02,nan,1.263026960657651273e-05,1.947081427484017269e+01,1.000000000000000000e+00,1.000000000000000000e+00,-1.000000000000000000e+00,0.000000000000000000e+00
2.150000000000000000e+02,1.112514258372305278e+02,1.634848692209444820e+01,-8.832823407589325201e-03,2.665491634877064371e+02,2.266671338628989396e-02,nan,1.925729582496785324e-05,3.212356280794103291e+00,1.000000000000000000e+00,1.000000000000000000e+00,-1.000000000000000000e+00,0.000000000000000000e+00
2.160000000000000000e+02,1.311290651206550422e+02,2.806586990372656487e+01,-7.356219336993725239e-03,2.220531477490587804e+02,3.096193985240769386e-02,nan,1.628477758171299953e-05,1.055961840559176146e+01,1.000000000000000000e+00,1.000000000000000000e+00,-1.000000000000000000e+00,0.000000000000000000e+00
2.160000000000000000e+02,4.119291004101226150e+01,3.611492585952018430e+01,-1.593942024895333726e-03,4.841257132415299225e+01,3.041319110004210291e-01,nan,1.271046269767945701e-05,1.381569247947122392e+01,1.000000000000000000e+00,1.000000000000000000e+00,-1.000000000000000000e+00,0.000000000000000000e+00
2.190000000000000000e+02,8.055143968301745616e+00,2.444279596877972338e+01,-6.949239378552288758e-03,2.097892057779250194e+02,3.196247105671690125e-02,nan,1.737997379293751242e-05,1.577062046509404247e+01,1.000000000000000000e+00,1.000000000000000000e+00,-1.000000000000000000e+00,0.000000000000000000e+00
2.210000000000000000e+02,7.718504303235856412e+01,4.088859413043481794e+01,-7.198185585401998751e-03,2.172909556096136896e+02,2.288890478819205487e-02,nan,1.133712106415292123e-05,1.665134197116396919e+01,1.000000000000000000e+00,1.000000000000000000e+00,-1.000000000000000000e+00,0.000000000000000000e+00
2.230000000000000000e+02,7.316345376371327802e+01,2.473019045943551220e+01,-7.361324928169544514e-03,2.222069997327003534e+02,1.918818097284780144e-02,nan,1.048228346376008103e-05,1.665134197116396919e+01,1.000000000000000000e+00,1.000000000000000000e+00,-1.000000000000000000e+00,0.000000000000000000e+00
2.230000000000000000e+02,4.896914887376432546e+01,4.791534653589931025e+01,-8.801825024968838729e-03,2.656150576238390499e+02,1.853066686721405176e-02,nan,1.661224310470500631e-05,1.757172159096078801e+01,1.000000000000000000e+00,1.000000000000000000e+00,-1.000000000000000000e+00,0.000000000000000000e+00
2.250000000000000000e+02,7.404408272248673484e+01,5.495885202531066049e+00,-8.432878921203191408e-03,2.544972285681144513e+02,1.937794000620429724e-02,nan,1.316640402223929976e-05,1.924166107426388450e+01,1.000000000000000000e+00,1.000000000000000000e+00,-1.000000000000000000e+00,0.000000000000000000e+00
2.250000000000000000e+02,5.295206918704170818e+01,3.080097405402548816e+01,-6.332112029527979004e-03,1.911926782579517976e+02,3.505140831332897999e-02,nan,1.388882411974453163e-05,1.519161304425690773e+01,1.000000000000000000e+00,1.000000000000000000e+00,-1.000000000000000000e+00,0.000000000000000000e+00
2.270000000000000000e+02,1.786893845593077401e+01,5.054897953614028694e+01,-8.394678709466876776e-03,2.533461026458128060e+02,3.300400134592351709e-02,nan,2.348907841493998207e-05,3.121152208421564467e+01,1.000000000000000000e+00,1.000000000000000000e+00,-1.000000000000000000e+00,0.000000000000000000e+00
2.270000000000000000e+02,9.047640092610211582e+01,2.464934713865430282e+01,-1.579696775192424582e-03,4.798330469296597300e+01,3.738000992946749479e-01,nan,1.849594174732809159e-05,1.731313591150322750e+01,1.000000000000000000e+00,1.000000000000000000e+00,-1.000000000000000000e+00,0.000000000000000000e+00
2.280000000000000000e+02,7.830665914847135411e+01,4.338466577864376461e+01,-1.516971775979602394e-03,4.609314834858137289e+01,3.677303608588095019e-01,nan,1.541936656179518209e-05,1.044880726066786991e+01,1.000000000000000000e+00,1.000000000000000000e+00,-1.000000000000000000e+00,0.000000000000000000e+00
2.300000000000000000e+02,1.089424850613547306e+02,4.734869393966433648e+01,-7.763237737147742241e-03,2.343182481235059527e+02,2.456077378198029404e-02,nan,1.431253110907046283e-05,2.926186269673809903e+01,1.000000000000000000e+00,1.000000000000000000e+00,-1.000000000000000000e+00,0.000000000000000000e+00
2.300000000000000000e+02,5.832303911566452825e+01,1.659049239743601234e+01,-6.728044966544736473e-03,2.031237290709435683e+02,3.195772803581620192e-02,nan,1.460228390786203147e-05,1.519161304425690773e+01,1.000000000000000000e+00,1.000000000000000000e+00,-1.000000000000000000e+00,0.000000000000000000e+00
2.310000000000000000e+02,1.126223214094605680e+02,1.350380515265621995e+01,-7.952779013991006368e-03,2.400298886407499594e+02,4.541904250757922146e-02,nan,2.979972623788972478e-05,2.479243635096965548e+01,1.000000000000000000e+00,1.000000000000000000e+00,-1.000000000000000000e+00,0.000000000000000000e+00
2.310000000000000000e+02,6.411011886208933674e+01,3.414647535438322734e+01,-1.569166730606682408e-02,4.732336987216373245e+02,9.061064102900751038e-03,nan,2.260097387638026253e-05,1.693770699999756957e+01,1.000000000000000000e+00,1.000000000000000000e+00,-1.000000000000000000e+00,0.000000000000000000e+00
2.310000000000000000e+02,7.490493886992389605e+01,5.326423420631835626e+01,-7.201590159343786331e-03,2.173935491068915837e+02,3.567863283069439007e-02,nan,1.835036870104155243e-05,1.044880726066786991e+01,1.000000000000000000e+00,1.000000000000000000e+00,-1.000000000000000000e+00,0.000000000000000000e+00
2.320000000000000000e+02,1.387010814158797984e+02,4.735110041420975335e+01,-1.387837189016060714e-02,4.185918194449291718e+02,1.243531389071850235e-02,nan,2.423284702773101306e-05,2.975859645182669411e+01,1.000000000000000000e+00,1.000000000000000000e+00,-1.000000000000000000e+00,0.000000000000000000e+00
2.370000000000000000e+02,2.959936038554515747e+01,3.133065085436244246e+01,-9.032522268469352078e-03,2.725668928395722332e+02,1.560546726529565831e-02,nan,1.334512118393225696e-05,1.213665879389878022e+01,1.000000000000000000e+00,1.000000000000000000e+00,-1.000000000000000000e+00,0.000000000000000000e+00
2.370000000000000000e+02,8.378708891021973670e+01,3.136485439184681923e+01,-7.785270007434888159e-03,2.349821689842005696e+02,2.981843917823778778e-02,nan,1.904522235612904165e-05,8.905580931186008797e+00,1.000000000000000000e+00,1.000000000000000000e+00,-1.000000000000000000e+00,0.000000000000000000e+00
2.370000000000000000e+02,8.147407675858484311e+01,4.022668977933808065e+01,-6.717490765674015950e-03,2.028056885769450730e+02,2.153889902188463878e-01,nan,7.562875629898321264e-05,6.713628791293072773e+00,1.000000000000000000e+00,1.000000000000000000e+00,-1.000000000000000000e+00,0.000000000000000000e+00
2.390000000000000000e+02,6.301620277106191992e+01,2.951965691617691689e+01,-8.444277294616411161e-03,2.548407073739022621e+02,1.582007707624222270e-02,nan,1.134298712174911323e-05,1.472767497483433630e+01,1.000000000000000000e+00,1.000000000000000000e+00,-1.000000000000000000e+00,0.000000000000000000e+00
2.390000000000000000e+02,7.621541614048096847e+01,3.605304628104038045e+01,-8.251028201344873594e-03,2.490173354444036988e+02,9.056371380612104893e-02,nan,6.702860596577531562e-05,6.713628791293072773e+00,1.000000000000000000e+00,1.000000000000000000e+00,-1.000000000000000000e+00,0.000000000000000000e+00
2.410000000000000000e+02,1.848442747120234131e+01,6.177884652266033783e+00,-1.943425617134720857e-03,5.894391667958765169e+01,2.879417413932718883e-01,nan,1.697222712443028896e-05,2.492855970867170257e+01,1.000000000000000000e+00,1.000000000000000000e+00,-1.000000000000000000e+00,0.000000000000000000e+00
2.430000000000000000e+02,3.250921956746996955e+01,3.555342913615425715e+01,-8.272623196190822051e-03,2.496680794384614615e+02,2.554169373529058262e-02,nan,1.761049239741326107e-05,8.055361960160041690e+00,1.000000000000000000e+00,1.000000000000000000e+00,-1.000000000000000000e+00,0.000000000000000000e+00
2.430000000000000000e+02,9.280457189641884952e+01,3.159723972293114613e+01,-1.286310734082964048e-03,3.914240403268237856e+01,3.502902675665890975e-01,nan,1.047397299203173523e-05,8.855657917142252700e+00,1.000000000000000000e+00,1.000000000000000000e+00,-1.000000000000000000e+00,0.000000000000000000e+00
2.430000000000000000e+02,1.363515906322178068e+02,5.210316426435043269e+01,-1.748983266216924768e-03,5.308458710100394029e+01,3.265531705673437868e-01,nan,1.676602562356004162e-05,1.476699547809890767e+01,1.000000000000000000e+00,1.000000000000000000e+00,-1.000000000000000000e+00,0.000000000000000000e+00
2.450000000000000000e+02,4.320354551424176037e+01,9.402522976651136233e+00,-7.445501516929201903e-03,2.247435786930743404e+02,1.485248022930660827e-01,nan,1.011559140975096163e-04,4.590667745423989032e+00,1.000000000000000000e+00,1.000000000000000000e+00,-1.000000000000000000e+00,0.000000000000000000e+00
2.450000000000000000e+02,1.113221022306201462e+02,3.879353659538899990e+01,-9.183290418427084850e-03,2.771101431982821737e+02,2.445734753576012110e-02,nan,2.190589844658389905e-05,8.501723927849985429e+00,1.000000000000000000e+00,1.000000000000000000e+00,-1.000000000000000000e+00,0.000000000000000000e+00
2.450000000000000000e+02,3.484838784885744900e+01,2.784517719031438432e+01,-6.874189751579759533e-03,2.075276588612879038e+02,4.529396393818518884e-02,nan,2.418615364535616472e-05,8.055361960160041690e+00,1.000000000000000000e+00,1.000000000000000000e+00,-1.000000000000000000e+00,0.000000000000000000e+00
2.460000000000000000e+02,8.948306578642674936e+01,4.583765501288206679e+01,-7.241517598708072968e-03,2.185967233400768919e+02,3.731977124960339509e-02,nan,2.092390673953758269e-05,1.228926737618086662e+01,1.000000000000000000e+00,1.000000000000000000e+00,-1.000000000000000000e+00,0.000000000000000000e+00
2.470000000000000000e+02,6.079990406420583327e+01,4.999520701882018159e+01,-6.809157622431983269e-03,2.055679794186394531e+02,2.515992650986687007e-02,nan,1.274086478408101490e-05,2.898290884409567170e+01,1.000000000000000000e+00,1.000000000000000000e+00,-1.000000000000000000e+00,0.000000000000000000e+00
2.470000000000000000e+02,5.009049757011670323e+00,2.600917927653840067e+01,-8.383635714233403716e-03,2.530133328129948325e+02,2.319457672463395292e-01,nan,2.238345534557999736e-04,2.377382068464904208e+01,1.000000000000000000e+00,1.000000000000000000e+00,-1.000000000000000000e+00,0.000000000000000000e+00
2.480000000000000000e+02,4.708203833723478482e+01,1.185843905234830231e+01,-7.592987067775148168e-03,2.291879111464023993e+02,1.145038980093060488e-01,nan,7.338882834477671881e-05,4.590667745423989032e+00,1.000000000000000000e+00,1.000000000000000000e+00,-1.000000000000000000e+00,0.000000000000000000e+00
2.480000000000000000e+02,1.009491563244840791e+02,3.507408047849669686e+01,-7.033056287278108623e-03,2.123149461331744590e+02,3.344518583481148610e-02,nan,1.645863884103341887e-05,8.855657917142252700e+00,1.000000000000000000e+00,1.000000000000000000e+00,-1.000000000000000000e+00,0.000000000000000000e+00
2.480000000000000000e+02,1.094848117712636224e+02,4.709436026014266474e+01,-8.604774926267932944e-03,2.596771461229172360e+02,3.442954828376443288e-02,nan,2.681293917758437279e-05,8.501723927849985429e+00,1.000000000000000000e+00,1.000000000000000000e+00,-1.000000000000000000e+00,0.000000000000000000e+00
2.490000000000000000e+02,9.129107222505201946e+01,2.689714408479800412e+01,-7.468195841300499273e-03,2.254274499043976903e+02,2.802693683862500507e-02,nan,1.514727455619520492e-05,6.788448887205978721e+00,1.000000000000000000e+00,1.000000000000000000e+00,-1.000000000000000000e+00,0.000000000000000000e+00
2.510000000000000000e+02,9.131405867061488379e+01,3.368555405455737883e+01,-1.801781294233612864e-03,5.467560390258468317e+01,3.273382540436291510e-01,nan,1.862624496305505991e-05,6.788448887205978721e+00,1.000000000000000000e+00,1.000000000000000000e+00,-1.000000000000000000e+00,0.000000000000000000e+00
2.510000000000000000e+02,2.671276965504192091e+01,4.198066040028733426e+01,-1.481468653979061767e-03,4.502329658075441898e+01,3.199877463826767965e-01,nan,1.234379647751307339e-05,1.128171839584632430e+01,1.000000000000000000e+00,1.000000000000000000e+00,-1.000000000000000000e+00,0.000000000000000000e+00
2.530000000000000000e+02,8.326477137409287366e+01,4.478273884964988127e+01,-8.544213025755835120e-03,2.578521726367871452e+02,2.133407749966698130e-02,nan,1.588746061165826687e-05,1.230788661780280258e+01,1.000000000000000000e+00,1.000000000000000000e+00,-1.000000000000000000e+00,0.000000000000000000e+00
2.540000000000000000e+02,6.185838000066947728e+01,1.421633576782433117e+01,-7.344669428429423733e-03,2.217051025800854802e+02,2.008438561380532228e-02,nan,1.091236035437391580e-05,1.367822630272951656e+01,1.000000000000000000e+00,1.000000000000000000e+00,-1.000000000000000000e+00,0.000000000000000000e+00
2.540000000000000000e+02,1.211628159273231020e+01,2.329181232044666316e+01,-3.438770926987631902e-03,1.040046812859657592e+02,1.224023826351482436e-01,nan,1.640161291399254681e-05,1.294303249594037375e+01,1.000000000000000000e+00,1.000000000000000000e+00,-1.000000000000000000e+00,0.000000000000000000e+00
2.540000000000000000e+02,6.636469010942609259e+01,4.952155351442152664e+01,-1.845052993803399186e-03,5.597955413774732136e+01,2.590623946369537967e-01,nan,1.251485927782602124e-05,1.755189765180380590e+01,1.000000000000000000e+00,1.000000000000000000e+00,-1.000000000000000000e+00,0.000000000000000000e+00
2.570000000000000000e+02,3.958764144352160486e+01,5.051207676485614684e+01,-7.734722089973957403e-03,2.334589570578036444e+02,1.521968954773589289e-02,nan,8.771468719062136993e-06,2.491179179520507248e+01,1.000000000000000000e+00,1.000000000000000000e+00,-1.000000000000000000e+00,0.000000000000000000e+00
2.570000000000000000e+02,9.309248682831017163e+01,3.737327989857742239e+01,-2.071771571478462672e-03,6.281149616023161286e+01,1.906919729256373319e-01,nan,1.057836612997116019e-05,1.230788661780280258e+01,1.000000000000000000e+00,1.000000000000000000e+00,-1.000000000000000000e+00,0.000000000000000000e+00
2.580000000000000000e+02,1.810853319957915275e+01,3.789283433542916413e+01,-1.570508169658151867e-03,4.770641507535553671e+01,2.975417618215875359e-01,nan,1.244861081985877884e-05,6.453279652619658968e+00,1.000000000000000000e+00,1.000000000000000000e+00,-1.000000000000000000e+00,0.000000000000000000e+00
2.600000000000000000e+02,1.346290380239269098e+02,1.092219989684048542e+01,-7.597194637282035125e-03,2.293147021276329838e+02,2.732080709770989824e-02,nan,1.582323373569441841e-05,1.917758162497062102e+01,1.000000000000000000e+00,1.000000000000000000e+00,-1.000000000000000000e+00,0.000000000000000000e+00
2.620000000000000000e+02,1.328431855743861867e+01,5.273176249829797513e+01,-6.865663373656473965e-03,2.072707248233672601e+02,2.716579035410070508e-01,nan,1.956308426652212610e-04,1.033958237012902082e+01,1.000000000000000000e+00,1.000000000000000000e+00,-1.000000000000000000e+00,0.000000000000000000e+00
2.640000000000000000e+02,4.615965353550765826e+01,5.413970343364425730e+00,-1.426346158796018429e-03,4.336223424044209906e+01,3.358041365201150930e-01,nan,1.212536083100497281e-05,2.885179809057581224e+01,1.000000000000000000e+00,1.000000000000000000e+00,-1.000000000000000000e+00,0.000000000000000000e+00
2.650000000000000000e+02,1.393846076213328615e+02,2.950079496715295946e+01,-2.046710917921346334e-03,6.205631793926919215e+01,3.558219258925092721e-01,nan,3.027512106471646642e-05,1.917758162497062102e+01,1.000000000000000000e+00,1.000000000000000000e+00,-1.000000000000000000e+00,0.000000000000000000e+00
2.660000000000000000e+02,7.486686314430080813e+01,8.298822078925264023e+00,-8.316657749673789929e-03,2.509950175282583871e+02,1.972527102491195006e-02,nan,1.347825336648563089e-05,2.116755728993002350e+01,1.000000000000000000e+00,1.000000000000000000e+00,-1.000000000000000000e+00,0.000000000000000000e+00
2.660000000000000000e+02,3.940058168013976569e+01,4.276869832332518939e+01,-7.694542831114020882e-03,2.322481944910461209e+02,2.806725672594811982e-02,nan,1.632675918658540572e-05,1.764175523507180898e+01,1.000000000000000000e+00,1.000000000000000000e+00,-1.000000000000000000e+00,0.000000000000000000e+00
2.660000000000000000e+02,2.314745978089285572e+01,4.962927820423934122e+01,-1.871334976767849651e-03,5.677153592278828853e+01,2.390112670095854153e-01,nan,1.190033036718092449e-05,1.033958237012902082e+01,1.000000000000000000e+00,1.000000000000000000e+00,-1.000000000000000000e+00,0.000000000000000000e+00
2.690000000000000000e+02,9.591717061209293149e+01,6.073954187592203624e+00,-1.297498622859720408e-03,3.947954009034744871e+01,3.470624620943604244e-01,nan,1.059725044234674370e-05,2.116755728993002350e+01,1.000000000000000000e+00,1.000000000000000000e+00,-1.000000000000000000e+00,0.000000000000000000e+00
2.700000000000000000e+02,1.962500499486715100e+01,1.019513640828707679e+01,-5.804697155916347696e-03,1.752995482142603407e+02,5.518409882140817846e-02,nan,2.004560221274067860e-05,1.001625644060775500e+01,1.000000000000000000e+00,1.000000000000000000e+00,-1.000000000000000000e+00,0.000000000000000000e+00
2.700000000000000000e+02,2.531110758885342449e+01,1.844096143521306175e+01,-6.290150282392291403e-03,1.899282021548772548e+02,4.175306091906827444e-02,nan,1.761002078192394084e-05,1.001625644060775500e+01,1.000000000000000000e+00,1.000000000000000000e+00,-1.000000000000000000e+00,0.000000000000000000e+00
2.700000000000000000e+02,4.708319568870489746e+00,2.897338010851998646e+01,-9.543598733146465771e-03,2.879676809511426541e+02,2.271433408147094379e-02,nan,2.105911564639280804e-05,2.004796804711427427e+01,1.000000000000000000e+00,1.000000000000000000e+00,-1.000000000000000000e+00,0.000000000000000000e+00
2.700000000000000000e+02,7.656299429141304813e+01,3.181623992322526817e+01,-1.387191540454171725e-03,4.218234821095498432e+01,3.673395544398549983e-01,nan,1.408430897884913459e-05,8.050331484746999777e+00,1.000000000000000000e+00,1.000000000000000000e+00,-1.000000000000000000e+00,0.000000000000000000e+00
2.710000000000000000e+02,1.216661848665980585e+02,2.244859183018917648e+01,-7.543431995046603888e-03,2.276946176224520570e+02,3.395950831701743944e-02,nan,1.886702239070346516e-05,2.206182798937462053e+01,1.000000000000000000e+00,1.000000000000000000e+00,-1.000000000000000000e+00,0.000000000000000000e+00
2.710000000000000000e+02,2.453882753086016422e+01,3.191820213838511933e+01,-1.753030401789537878e-03,5.320654356294352993e+01,3.404146930775953095e-01,nan,2.074866384429865937e-05,7.349291060136855513e+00,1.000000000000000000e+00,1.000000000000000000e+00,-1.000000000000000000e+00,0.000000000000000000e+00
2.730000000000000000e+02,3.853779708905533141e+01,6.032229205008063921e+00,-1.479410478816381262e-02,4.461865323766852498e+02,7.124554285470985349e-03,nan,1.668533391099513382e-05,1.813620552088224613e+01,1.000000000000000000e+00,1.000000000000000000e+00,-1.000000000000000000e+00,0.000000000000000000e+00
2.730000000000000000e+02,1.183384301084436174e+02,5.217346084519001437e+01,-7.060757565801303350e-03,2.131496969981450036e+02,4.199240902364786976e-02,nan,2.191804002937015455e-05,1.150577552905912349e+01,1.000000000000000000e+00,1.000000000000000000e+00,-1.000000000000000000e+00,0.000000000000000000e+00
2.740000000000000000e+02,7.024129147536478968e+01,2.041187615918978082e+01,1.208549612041620895e-03,-3.679914887098500031e+01,3.337192302023046508e-01,nan,8.445764789659444537e-06,1.303930363772844103e+01,1.000000000000000000e+00,1.000000000000000000e+00,-1.000000000000000000e+00,0.000000000000000000e+00
2.750000000000000000e+02,8.502968859266448476e+01,3.430619893615499905e+01,-1.474084244122899701e-03,4.480077463074524502e+01,3.723328894848155768e-01,nan,1.542727204657111208e-05,8.825237009673651656e+00,1.000000000000000000e+00,1.000000000000000000e+00,-1.000000000000000000e+00,0.000000000000000000e+00
2.780000000000000000e+02,7.034649418418972289e+01,5.067333347632793306e+01,-7.430899308294805841e-03,2.243035554545138268e+02,1.299606328208375849e-01,nan,4.024412635272451016e-05,6.456300468790013625e+00,1.000000000000000000e+00,1.000000000000000000e+00,-1.000000000000000000e+00,0.000000000000000000e+00
2.790000000000000000e+02,4.759322768078489929e+01,1.870553082131044320e+01,-1.823674962691144421e-03,5.533534813305406885e+01,2.467505839021933989e-01,nan,1.195683655405917442e-05,1.143357353575793844e+01,1.000000000000000000e+00,1.000000000000000000e+00,-1.000000000000000000e+00,0.000000000000000000e+00
2.790000000000000000e+02,1.273488282742928703e+02,3.593027449751957647e+01,-6.630339845451698084e-03,2.001794810545144401e+02,7.007876767304854759e-02,nan,3.197528121102261240e-05,2.175412624776866011e+01,1.000000000000000000e+00,1.000000000000000000e+00,-1.000000000000000000e+00,0.000000000000000000e+00
2.790000000000000000e+02,1.367331247999275661e+02,1.082504323302861238e+01,-8.248638633673739326e-03,2.489453281657968944e+02,2.380953008457601383e-01,nan,2.268675252871940129e-04,3.122956767125688149e+00,1.000000000000000000e+00,1.000000000000000000e+00,-1.000000000000000000e+00,0.000000000000000000e+00
2.790000000000000000e+02,6.389042292311722804e+01,5.061893113031273828e+01,-8.141286875387678326e-03,2.457103881968576502e+02,6.439143920685652667e-02,nan,4.559387797733903327e-05,6.456300468790013625e+00,1.000000000000000000e+00,1.000000000000000000e+00,-1.000000000000000000e+00,0.000000000000000000e+00
2.790000000000000000e+02,1.042889331338312644e+02,2.845735626112313099e+01,-1.616269334191578746e-03,4.908538289607737681e+01,3.261530526843551270e-01,nan,1.463990131286146120e-05,6.427070242498204244e+00,1.000000000000000000e+00,1.000000000000000000e+00,-1.000000000000000000e+00,0.000000000000000000e+00
2.800000000000000000e+02,1.117507903674808460e+02,5.332730411682283034e+01,-8.294410190697050489e-03,2.503246091540107159e+02,3.266439983120705826e-02,nan,2.177073795406818025e-05,7.640569379282295515e+00,1.000000000000000000e+00,1.000000000000000000e+00,-1.000000000000000000e+00,0.000000000000000000e+00
2.810000000000000000e+02,1.309146230719351252e+02,1.067299847498295762e+01,-7.703543111850121375e-03,2.325194091255312117e+02,2.199131739464953439e-01,nan,1.804481004382700506e-04,3.374932737582891917e+00,1.000000000000000000e+00,1.000000000000000000e+00,-1.000000000000000000e+00,0.000000000000000000e+00
2.810000000000000000e+02,3.041759537822939663e+01,2.944199959955604129e+01,-7.867529055119178161e-03,2.374609647245711983e+02,2.574150715408796142e-02,nan,1.739078712116340852e-05,1.371923111968627040e+01,1.000000000000000000e+00,1.000000000000000000e+00,-1.000000000000000000e+00,0.000000000000000000e+00
2.830000000000000000e+02,4.342480506679458330e+01,6.347353643728335548e+00,-7.683923128051222025e-03,2.319281801527195057e+02,6.307257860401704885e-02,nan,3.812149016388195950e-05,6.097116080462322785e+00,1.000000000000000000e+00,1.000000000000000000e+00,-1.000000000000000000e+00,0.000000000000000000e+00
2.850000000000000000e+02,4.606825236337703799e+00,5.074426058059176903e+00,-7.922909349099491183e-03,2.391297955788468528e+02,2.010732009840598966e-02,nan,1.223667758919279063e-05,1.777538983360247471e+01,1.000000000000000000e+00,1.000000000000000000e+00,-1.000000000000000000e+00,0.000000000000000000e+00
2.850000000000000000e+02,4.877686102140792457e+01,9.268025066076305052e+00,-6.998008607094471055e-03,2.112588186579026228e+02,1.276220503261309425e-01,nan,7.153248536122220691e-05,6.097116080462322785e+00,1.000000000000000000e+00,1.000000000000000000e+00,-1.000000000000000000e+00,0.000000000000000000e+00
2.860000000000000000e+02,9.236100354772480614e+01,2.737251447733463650e+01,-6.987594120952932315e-03,2.109449883302665114e+02,2.408945158292075117e-02,nan,1.167736064064535498e-05,1.328210663592990848e+01,1.000000000000000000e+00,1.000000000000000000e+00,-1.000000000000000000e+00,0.000000000000000000e+00
2.860000000000000000e+02,1.879636229784286883e+01,1.578057016864864437e+01,-1.468384900751005346e-03,4.462903050689661200e+01,3.142058545043314721e-01,nan,1.199742320982021114e-05,1.777538983360247471e+01,1.000000000000000000e+00,1.000000000000000000e+00,-1.000000000000000000e+00,0.000000000000000000e+00
2.870000000000000000e+02,1.435822842016350194e+02,3.453286206223030064e+01,-8.206962384994208326e-03,2.476894552787445036e+02,4.274360888022199489e-02,nan,2.939109646025029314e-05,1.572755931404329921e+01,1.000000000000000000e+00,1.000000000000000000e+00,-1.000000000000000000e+00,0.000000000000000000e+00
2.870000000000000000e+02,5.864760769077508229e+01,2.562207174521727993e+01,-2.053589956062008403e-03,6.226361100818928662e+01,1.952290181956279902e-01,nan,1.073939268956095614e-05,1.055751658844880581e+01,1.000000000000000000e+00,1.000000000000000000e+00,-1.000000000000000000e+00,0.000000000000000000e+00
2.900000000000000000e+02,2.796574346049134974e+01,4.081290728914561328e+01,-7.068483184707766848e-03,2.133825009483021802e+02,2.609559167506625421e-02,nan,1.327195561771567803e-05,1.684688451218064742e+01,1.000000000000000000e+00,1.000000000000000000e+00,-1.000000000000000000e+00,0.000000000000000000e+00
2.900000000000000000e+02,1.274352997052445033e+02,4.493524135536848263e+01,-7.286683407209081087e-03,2.199577506905561393e+02,4.656350030967992826e-02,nan,2.432653172686976312e-05,5.660815650260322407e+00,1.000000000000000000e+00,1.000000000000000000e+00,-1.000000000000000000e+00,0.000000000000000000e+00
2.920000000000000000e+02,1.002069026515073489e+02,2.096962600563164258e+01,-8.516706491893781539e-03,2.570232902112173292e+02,2.539936773343209886e-02,nan,1.806462251417093035e-05,1.847455051072401133e+01,1.000000000000000000e+00,1.000000000000000000e+00,-1.000000000000000000e+00,0.000000000000000000e+00
2.920000000000000000e+02,5.290765425893539486e+01,3.448288949053196006e+01,-7.035435424457049843e-03,2.123866390991269668e+02,4.461085482441085048e-02,nan,2.305060130250463922e-05,6.817582448232734293e+00,1.000000000000000000e+00,1.000000000000000000e+00,-1.000000000000000000e+00,0.000000000000000000e+00
2.920000000000000000e+02,1.218356492967795930e+02,3.400478045787844650e+01,-7.639542411012196534e-03,2.305908107636019224e+02,4.957860977292738447e-02,nan,2.933266453539798538e-05,6.135415812436584737e+00,1.000000000000000000e+00,1.000000000000000000e+00,-1.000000000000000000e+00,0.000000000000000000e+00
2.920000000000000000e+02,6.166047619822650461e+01,4.070743212958352331e+01,-7.578309658774460417e-03,2.287456218185436683e+02,3.694831167306900088e-02,nan,2.133917427389290055e-05,8.516153337253273392e+00,1.000000000000000000e+00,1.000000000000000000e+00,-1.000000000000000000e+00,0.000000000000000000e+00
2.950000000000000000e+02,1.114389085576394933e+02,4.961231339510725746e+01,-9.349951882891701163e-03,2.821323230049871995e+02,8.567639907975499458e-02,nan,8.060743550236635648e-05,8.343279377366886962e+00,1.000000000000000000e+00,1.000000000000000000e+00,-1.000000000000000000e+00,0.000000000000000000e+00
2.950000000000000000e+02,1.266135772666698358e+02,5.053609897364223258e+01,-7.266804297418300897e-03,2.193587132100729207e+02,3.297605293440597496e-02,nan,1.785778770534550232e-05,5.660815650260322407e+00,1.000000000000000000e+00,1.000000000000000000e+00,-1.000000000000000000e+00,0.000000000000000000e+00
2.950000000000000000e+02,6.474025676168386667e+01,9.734550046750312546e+00,-6.806360821643230030e-03,2.054837005693579215e+02,2.971360813906442910e-02,nan,1.338232963138153010e-05,1.382046887555889114e+01,1.000000000000000000e+00,1.000000000000000000e+00,-1.000000000000000000e+00,0.000000000000000000e+00
2.950000000000000000e+02,9.260119927513012783e+01,3.780596446516187825e+01,-1.550730904742327445e-03,4.711044659031203707e+01,3.025070150470996477e-01,nan,1.177822776095176948e-05,1.166610267938515477e+01,1.000000000000000000e+00,1.000000000000000000e+00,-1.000000000000000000e+00,0.000000000000000000e+00
2.970000000000000000e+02,1.146363559311655109e+02,3.993742156431017776e+01,-8.105997852781677074e-03,2.446469881043435066e+02,2.936340707467699485e-02,nan,2.073249831380138999e-05,9.328775667894392498e+00,1.000000000000000000e+00,1.000000000000000000e+00,-1.000000000000000000e+00,0.000000000000000000e+00
2.980000000000000000e+02,1.032150179300489157e+02,3.296398085444452875e+01,-1.442431665005038111e-03,4.384695519692161980e+01,3.226997468479761988e-01,nan,1.114731308577538064e-05,1.166610267938515477e+01,1.000000000000000000e+00,1.000000000000000000e+00,-1.000000000000000000e+00,0.000000000000000000e+00
3.000000000000000000e+02,8.133342152343253417e+01,2.478391794594407571e+01,-7.826063428119296381e-03,2.362114387153035864e+02,1.478221162163464442e-01,nan,1.081225178499494512e-04,1.722023550972296491e+01,1.000000000000000000e+00,1.000000000000000000e+00,-1.000000000000000000e+00,0.000000000000000000e+00
3.000000000000000000e+02,7.976774144483401052e+00,1.422339867784047129e+01,-1.459469274179220691e-03,4.436036684264298202e+01,3.492085100039343804e-01,nan,1.372686336556702906e-05,1.202514435634810752e+01,1.000000000000000000e+00,1.000000000000000000e+00,-1.000000000000000000e+00,0.000000000000000000e+00
3.010000000000000000e+02,8.860235699238421603e+01,4.647056690734619622e+01,-8.165383399898700975e-03,2.464365133344219032e+02,2.329207645463893250e-02,nan,1.577644684837416913e-05,1.592849510755254450e+01,1.000000000000000000e+00,1.000000000000000000e+00,-1.000000000000000000e+00,0.000000000000000000e+00
3.050000000000000000e+02,1.994229771803189522e+01,1.541936790899402077e+01,-7.054770918467460211e-03,2.129692952511276474e+02,2.916041957118931105e-02,nan,1.538760502638168330e-05,8.584395542977226512e+00,1.000000000000000000e+00,1.000000000000000000e+00,-1.000000000000000000e+00,0.000000000000000000e+00
3.060000000000000000e+02,9.907473808206653132e+01,1.173826044680999381e+01,-6.153448172960061802e-03,1.858088181345221415e+02,3.207101144236723655e-02,nan,1.177827202459502001e-05,1.747264607528842362e+01,1.000000000000000000e+00,1.000000000000000000e+00,-1.000000000000000000e+00,0.000000000000000000e+00
3.080000000000000000e+02,8.057411109845251929e+01,4.660940318383988767e+01,-7.011555540066856732e-03,2.116670421991709077e+02,2.585671797408184425e-02,nan,1.260111290584744720e-05,1.167381839768094487e+01,1.000000000000000000e+00,1.000000000000000000e+00,-1.000000000000000000e+00,0.000000000000000000e+00
3.090000000000000000e+02,2.195042396032543053e+01,7.073154645884856428e+00,-2.235208065511791551e-03,6.773649464533200160e+01,2.141796693568825960e-01,nan,1.536178838507662740e-05,8.584395542977226512e+00,1.000000000000000000e+00,1.000000000000000000e+00,-1.000000000000000000e+00,0.000000000000000000e+00
3.100000000000000000e+02,7.084817345572258773e+01,1.817988103388393029e+01,-7.588967398940983829e-03,2.290667823676926105e+02,1.306176065696694755e-01,nan,8.633247280272377010e-05,1.623425607223093792e+01,1.000000000000000000e+00,1.000000000000000000e+00,-1.000000000000000000e+00,0.000000000000000000e+00
3.100000000000000000e+02,1.075642687108764903e+02,2.700984289836980423e+01,-9.334279331331905502e-03,2.816600460319268677e+02,2.340112668564442444e-02,nan,2.224086993493945054e-05,1.557091315646192520e+01,1.000000000000000000e+00,1.000000000000000000e+00,-1.000000000000000000e+00,0.000000000000000000e+00
3.100000000000000000e+02,5.237088666987407493e+01,4.082209457405624420e+01,-7.028504719317305027e-03,2.121777890958531714e+02,2.503342007703068806e-02,nan,1.366912800984031130e-05,3.369658080989611726e+00,1.000000000000000000e+00,1.000000000000000000e+00,-1.000000000000000000e+00,0.000000000000000000e+00
3.100000000000000000e+02,1.252738233357698476e+02,1.122328922821600194e+01,-7.172732945482927433e-03,2.165239652640078418e+02,2.649729904448261397e-02,nan,1.417519848626165784e-05,1.734664743259595809e+01,1.000000000000000000e+00,1.000000000000000000e+00,-1.000000000000000000e+00,0.000000000000000000e+00
3.110000000000000000e+02,1.502260622242277854e+01,4.119855831272133884e+01,-9.520068088103236098e-03,2.872586080364501413e+02,1.803125218497581006e-02,nan,1.681381755080604861e-05,2.060409299357132440e+01,1.000000000000000000e+00,1.000000000000000000e+00,-1.000000000000000000e+00,0.000000000000000000e+00
3.120000000000000000e+02,1.398332290467382393e+02,2.065355340766553383e+01,-8.339019492273124640e-03,2.516688667140067537e+02,3.870893869348734917e-02,nan,2.917291831435753427e-05,1.734664743259595809e+01,1.000000000000000000e+00,1.000000000000000000e+00,-1.000000000000000000e+00,0.000000000000000000e+00
3.120000000000000000e+02,1.404566846579224659e+02,5.063871065163626639e+01,-6.888993321706715460e-03,2.079737499309756004e+02,7.114535853518444419e-02,nan,2.959309894766022506e-05,2.999163803203765610e+01,1.000000000000000000e+00,1.000000000000000000e+00,-1.000000000000000000e+00,0.000000000000000000e+00
3.120000000000000000e+02,9.245261510753061884e+01,2.325600993744003020e+01,-2.532765169941861988e-03,7.670308620871996652e+01,1.941439710033255883e-01,nan,1.605068270525056480e-05,1.557091315646192520e+01,1.000000000000000000e+00,1.000000000000000000e+00,-1.000000000000000000e+00,0.000000000000000000e+00
3.150000000000000000e+02,5.529406770645467617e+01,1.353005689104175424e+01,-6.926548553482773755e-03,2.091054400146295222e+02,2.008972961485477882e-02,nan,9.269430701008566907e-06,1.509065190299093473e+01,1.000000000000000000e+00,1.000000000000000000e+00,-1.000000000000000000e+00,0.000000000000000000e+00
3.150000000000000000e+02,3.510920168342935455e+01,4.578738505532178493e+01,-7.018490561998702408e-03,2.118760222847417083e+02,2.869996129553764597e-02,nan,1.416489573884745657e-05,1.796162236922370070e+01,1.000000000000000000e+00,1.000000000000000000e+00,-1.000000000000000000e+00,0.000000000000000000e+00
3.160000000000000000e+02,3.390190152845846683e+01,2.662033280543537117e+01,-9.121824319313567506e-03,2.752579225739376056e+02,1.004894324335815492e-01,nan,9.357131294988572121e-05,1.629923188432256964e+01,1.000000000000000000e+00,1.000000000000000000e+00,-1.000000000000000000e+00,0.000000000000000000e+00
3.160000000000000000e+02,6.896245589889893779e+01,1.992559745286248329e+01,-8.067919383724057522e-03,2.434995307782858731e+02,2.317525123880603832e-02,nan,1.458013370497548447e-05,1.509065190299093473e+01,1.000000000000000000e+00,1.000000000000000000e+00,-1.000000000000000000e+00,0.000000000000000000e+00
3.180000000000000000e+02,9.644438560415470363e+01,2.355804190501148909e+01,-1.439350725039295446e-02,4.341149183939838849e+02,1.057427722609027843e-02,nan,2.102416099014687675e-05,1.147826935385504399e+01,1.000000000000000000e+00,1.000000000000000000e+00,-1.000000000000000000e+00,0.000000000000000000e+00
3.190000000000000000e+02,1.538497817554168812e+01,3.192559429132757032e+01,-1.670520173163156982e-03,5.072017873118603859e+01,3.276437192911095808e-01,nan,1.571284602776836808e-05,1.926193785400331393e+01,1.000000000000000000e+00,1.000000000000000000e+00,-1.000000000000000000e+00,0.000000000000000000e+00
3.210000000000000000e+02,2.967817920686549016e+01,1.087787017187658201e+01,-1.495889518163310032e-03,4.545785518213250498e+01,3.415208546046523130e-01,nan,1.418470783787908156e-05,5.809692832484635971e+00,1.000000000000000000e+00,1.000000000000000000e+00,-1.000000000000000000e+00,0.000000000000000000e+00
3.220000000000000000e+02,3.938026567277884027e+01,2.873333289528499179e+01,-5.858162040034572970e-03,1.769106600705549965e+02,4.778090181752614463e-02,nan,1.675479304831482887e-05,2.032112277555268776e+01,1.000000000000000000e+00,1.000000000000000000e+00,-1.000000000000000000e+00,0.000000000000000000e+00
3.220000000000000000e+02,9.495314424649929208e+01,3.493902896997496299e+01,-8.703151577797401187e-03,2.626416300505587174e+02,1.979659780123199653e-02,nan,1.647914733793055166e-05,9.427321735324390772e+00,1.000000000000000000e+00,1.000000000000000000e+00,-1.000000000000000000e+00,0.000000000000000000e+00
3.230000000000000000e+02,1.307876198539717336e+02,2.677254643595255956e+01,-7.636430611433517139e-03,2.304970397346675668e+02,3.188173017381994434e-01,nan,3.147663789652697702e-04,5.121702559190903337e+00,1.000000000000000000e+00,1.000000000000000000e+00,-1.000000000000000000e+00,0.000000000000000000e+00
3.230000000000000000e+02,1.356500670108214024e+02,2.838141086519053147e+01,-8.020774960233220674e-03,2.420788798052788593e+02,2.850730955970847136e-01,nan,3.556430913155724503e-04,5.121702559190903337e+00,1.000000000000000000e+00,1.000000000000000000e+00,-1.000000000000000000e+00,0.000000000000000000e+00
3.240000000000000000e+02,8.894510774930525088e+01,4.220386844168416474e+01,-8.005452880636495724e-03,2.416171639611598039e+02,3.365482029149080567e-02,nan,2.413324068385758010e-05,9.427321735324390772e+00,1.000000000000000000e+00,1.000000000000000000e+00,-1.000000000000000000e+00,0.000000000000000000e+00
3.240000000000000000e+02,1.381907545994899351e+02,3.418389387977327232e+01,-8.149376801107312274e-03,2.459541701755976533e+02,1.704909405849652781e-01,nan,1.435025960737382428e-04,6.334343103885005988e+00,1.000000000000000000e+00,1.000000000000000000e+00,-1.000000000000000000e+00,0.000000000000000000e+00
3.240000000000000000e+02,2.948269441558791115e+01,5.210900198506657688e+01,1.979921841449051433e-03,-6.004369461182417922e+01,3.178247229184840705e-01,nan,2.211068097949723507e-05,1.014573867606421942e+01,1.000000000000000000e+00,1.000000000000000000e+00,-1.000000000000000000e+00,0.000000000000000000e+00
3.250000000000000000e+02,5.171121476844694698e+00,9.770270118057386100e+00,-8.663319500114972926e-03,2.614413294481464050e+02,2.239391401549195582e-02,nan,1.627994363482931415e-05,2.453207403506259610e+01,1.000000000000000000e+00,1.000000000000000000e+00,-1.000000000000000000e+00,0.000000000000000000e+00
3.250000000000000000e+02,7.871172130681281942e+01,2.050352773717535726e+01,-8.484559035883061304e-03,2.560545581474938786e+02,1.692790541953348438e-02,nan,1.266247350477943455e-05,2.172941589062929424e+01,1.000000000000000000e+00,1.000000000000000000e+00,-1.000000000000000000e+00,0.000000000000000000e+00
3.250000000000000000e+02,1.157079510614581466e+02,4.474246164986035268e+01,-1.608586759044630709e-03,4.885387602740535584e+01,2.964028897467528845e-01,nan,1.261345215455916996e-05,6.428983319413310582e+00,1.000000000000000000e+00,1.000000000000000000e+00,-1.000000000000000000e+00,0.000000000000000000e+00
3.270000000000000000e+02,1.149273318601159417e+02,1.407464901553833592e+01,-8.814202355083414209e-03,2.659880363298766497e+02,2.645966511296515833e-02,nan,2.143361606015121941e-05,1.832992119324416791e+01,1.000000000000000000e+00,1.000000000000000000e+00,-1.000000000000000000e+00,0.000000000000000000e+00
3.300000000000000000e+02,1.264799054941045853e+02,4.870542728305875357e+01,-8.287516788940116341e-03,2.501168832515989493e+02,4.054471112805446698e-02,nan,2.722423342458314859e-05,1.147780897684409318e+01,1.000000000000000000e+00,1.000000000000000000e+00,-1.000000000000000000e+00,0.000000000000000000e+00
3.300000000000000000e+02,1.110671171791710634e+02,4.919156126644692506e+01,-8.161868404976914057e-03,2.463305924091883696e+02,3.926824477846835304e-02,nan,2.755913327749762469e-05,6.428983319413310582e+00,1.000000000000000000e+00,1.000000000000000000e+00,-1.000000000000000000e+00,0.000000000000000000e+00
3.310000000000000000e+02,7.163143941723447483e+01,2.900836888353132537e+01,-5.135298124596115489e-03,1.551278648048774471e+02,5.089758711177982953e-02,nan,1.344944398025318938e-05,2.836602613080981783e+01,1.000000000000000000e+00,1.000000000000000000e+00,-1.000000000000000000e+00,0.000000000000000000e+00
3.310000000000000000e+02,9.666719750947761725e+01,1.567261786604200502e+01,-1.769212840564978991e-03,5.369418548726200413e+01,3.414578126465941388e-01,nan,1.895075097937702881e-05,1.832992119324416791e+01,1.000000000000000000e+00,1.000000000000000000e+00,-1.000000000000000000e+00,0.000000000000000000e+00
3.330000000000000000e+02,1.232763313195677313e+02,2.038195655160917497e+01,-8.532245419424235727e-03,2.574915405551824961e+02,5.500000557928919065e-02,nan,4.843671237519902017e-05,6.815570724645036549e+00,1.000000000000000000e+00,1.000000000000000000e+00,-1.000000000000000000e+00,0.000000000000000000e+00
3.350000000000000000e+02,1.300917009337272532e+02,2.032959888713156005e+01,-8.895966770452925360e-03,2.684519268104680805e+02,3.525109452290864365e-02,nan,3.309989892021776537e-05,6.815570724645036549e+00,1.000000000000000000e+00,1.000000000000000000e+00,-1.000000000000000000e+00,0.000000000000000000e+00
3.370000000000000000e+02,3.562332975390843615e+01,3.699214170209231156e+01,-1.434476651502178922e-02,4.326461641277750232e+02,1.633762023265894481e-02,nan,3.300419547023388927e-05,1.782292523054758959e+01,1.000000000000000000e+00,1.000000000000000000e+00,-1.000000000000000000e+00,0.000000000000000000e+00
3.370000000000000000e+02,4.955984151759764700e+01,4.810206085725460667e+01,-2.110592820418833240e-03,6.398133642970068280e+01,1.955886724713044034e-01,nan,1.125522317843481192e-05,1.782292523054758959e+01,1.000000000000000000e+00,1.000000000000000000e+00,-1.000000000000000000e+00,0.000000000000000000e+00
3.380000000000000000e+02,9.138776218439444676e+01,2.340523448868511736e+01,-1.491496297649317661e-02,4.498284753708412040e+02,1.014642993883874134e-02,nan,2.312533776742759981e-05,4.731441043212980091e+00,1.000000000000000000e+00,1.000000000000000000e+00,-1.000000000000000000e+00,0.000000000000000000e+00
3.400000000000000000e+02,6.541394334043077663e+01,2.916871527995152746e+01,-1.507329258890550451e-03,4.580258055136436468e+01,3.301882540832093982e-01,nan,1.294874588614995026e-05,1.510459871489976891e+01,1.000000000000000000e+00,1.000000000000000000e+00,-1.000000000000000000e+00,0.000000000000000000e+00
3.400000000000000000e+02,2.672772423741763959e+01,1.194466702056842600e+01,-7.059546689716393250e-03,2.131132084346873796e+02,3.167538903797895156e-02,nan,1.589764239280185611e-05,2.013919373317813211e+01,1.000000000000000000e+00,1.000000000000000000e+00,-1.000000000000000000e+00,0.000000000000000000e+00
3.400000000000000000e+02,7.549027823236934864e+01,4.042110957999509679e+01,-1.681432424106576529e-03,5.104900871302850618e+01,2.622531524739610820e-01,nan,1.112607508567631030e-05,1.510459871489976891e+01,1.000000000000000000e+00,1.000000000000000000e+00,-1.000000000000000000e+00,0.000000000000000000e+00
3.410000000000000000e+02,5.311333950152843641e+01,6.055888972670360637e+00,-7.347754567352276882e-03,2.217980702162994362e+02,2.772007783007257586e-02,nan,1.601376430627072592e-05,1.512298386097038794e+01,1.000000000000000000e+00,1.000000000000000000e+00,-1.000000000000000000e+00,0.000000000000000000e+00
3.410000000000000000e+02,1.356522491858866317e+02,1.155670861449178588e+01,-6.335442124866327504e-03,1.912930274155472716e+02,3.263671466665218901e-02,nan,1.275423001758551972e-05,2.032456863616839371e+01,1.000000000000000000e+00,1.000000000000000000e+00,-1.000000000000000000e+00,0.000000000000000000e+00
3.430000000000000000e+02,1.424241932357699625e+02,3.071992504680214253e+01,-1.134773999925539102e-02,3.423337089000877427e+02,7.917578837935579372e-02,nan,1.123500561011768386e-04,3.269850303426913296e+00,1.000000000000000000e+00,1.000000000000000000e+00,-1.000000000000000000e+00,0.000000000000000000e+00
3.430000000000000000e+02,7.053029021030472734e+01,1.173051396191225493e+01,-1.500410510482789702e-03,4.559409085248435645e+01,3.381103399731223424e-01,nan,1.372152580509226576e-05,1.817327352188745238e+01,1.000000000000000000e+00,1.000000000000000000e+00,-1.000000000000000000e+00,0.000000000000000000e+00
3.450000000000000000e+02,8.274561348638913572e+00,2.001113487351873843e+01,-1.546232795028603703e-02,4.663227821208202499e+02,8.627104413968966767e-03,nan,2.277323946971231982e-05,2.013919373317813211e+01,1.000000000000000000e+00,1.000000000000000000e+00,-1.000000000000000000e+00,0.000000000000000000e+00
3.460000000000000000e+02,3.908584487982700040e+01,1.170690972093417237e+01,-8.058029353798366878e-03,2.432015044244429589e+02,2.144312313421303795e-02,nan,1.340979163475751073e-05,1.512298386097038794e+01,1.000000000000000000e+00,1.000000000000000000e+00,-1.000000000000000000e+00,0.000000000000000000e+00
3.470000000000000000e+02,3.769297464129600428e+01,5.198771397650229176e+01,-7.897386861139422953e-03,2.383607004310171646e+02,1.968769220050148316e-02,nan,1.273197264321170339e-05,1.673777981989767838e+01,1.000000000000000000e+00,1.000000000000000000e+00,-1.000000000000000000e+00,0.000000000000000000e+00
3.480000000000000000e+02,2.306915263190936827e+01,3.968100326717223680e+01,-6.123046333116543075e-03,1.848926885022806346e+02,4.392005903865514593e-02,nan,1.657431911306412976e-05,1.029236897190771671e+01,1.000000000000000000e+00,1.000000000000000000e+00,-1.000000000000000000e+00,0.000000000000000000e+00
3.490000000000000000e+02,7.456068426208344135e+01,1.128961096502636430e+01,-8.703300930749400047e-03,2.626461306553146642e+02,1.999579787163663358e-02,nan,1.583438557371763219e-05,2.102962760122072439e+01,1.000000000000000000e+00,1.000000000000000000e+00,-1.000000000000000000e+00,0.000000000000000000e+00
3.490000000000000000e+02,5.384674730846302992e+01,4.760491784653439851e+01,-1.535401405357757210e-02,4.630588490539757913e+02,5.616635120579971385e-03,nan,1.459328462241197736e-05,1.373568705532637857e+01,1.000000000000000000e+00,1.000000000000000000e+00,-1.000000000000000000e+00,0.000000000000000000e+00
3.520000000000000000e+02,1.036400419340456693e+02,5.044352232106641765e+01,-7.369864756127578360e-03,2.224643390742292866e+02,3.082933646259877758e-02,nan,1.703025581338467063e-05,2.981993633758466089e+01,1.000000000000000000e+00,1.000000000000000000e+00,-1.000000000000000000e+00,0.000000000000000000e+00
3.520000000000000000e+02,1.375110328593710030e+01,1.153375943764780587e+01,-1.667998008376810710e-03,5.064417576853440295e+01,3.614966001163025799e-01,nan,1.834176571247251946e-05,6.265126985414494420e+00,1.000000000000000000e+00,1.000000000000000000e+00,-1.000000000000000000e+00,0.000000000000000000e+00
3.530000000000000000e+02,6.351757935768666385e+01,3.785073380287551004e+01,-7.825234351556126580e-03,2.361864553060485434e+02,3.018473921469444488e-02,nan,1.572082484000480247e-05,1.373568705532637857e+01,1.000000000000000000e+00,1.000000000000000000e+00,-1.000000000000000000e+00,0.000000000000000000e+00
3.530000000000000000e+02,5.085412885177239417e+01,2.126219652856690701e+01,-6.941103776757194706e-03,2.095440473954400886e+02,4.089743910152898732e-02,nan,1.984583009678394394e-05,1.362261150580116187e+01,1.000000000000000000e+00,1.000000000000000000e+00,-1.000000000000000000e+00,0.000000000000000000e+00
3.530000000000000000e+02,1.308282321454219073e+02,3.490848268182688940e+01,-1.529841443978474744e-03,4.648096317398545807e+01,3.447040084087110712e-01,nan,1.443071834076445973e-05,2.851561419690414567e+01,1.000000000000000000e+00,1.000000000000000000e+00,-1.000000000000000000e+00,0.000000000000000000e+00
3.540000000000000000e+02,9.476374244196470897e+01,5.451659506992720061e+00,-6.792473461408086478e-03,2.050652185863426951e+02,3.995765744321833068e-02,nan,1.839976540004339885e-05,1.862535604797344746e+01,1.000000000000000000e+00,1.000000000000000000e+00,-1.000000000000000000e+00,0.000000000000000000e+00
3.540000000000000000e+02,1.896485204469042074e+01,1.500775425974629584e+01,-1.671502915718793602e-03,5.074979271444222917e+01,3.162036880599310429e-01,nan,1.551159072007540887e-05,6.265126985414494420e+00,1.000000000000000000e+00,1.000000000000000000e+00,-1.000000000000000000e+00,0.000000000000000000e+00
3.570000000000000000e+02,3.807614788192292110e+01,1.654004166323784730e+01,-7.383237528721297606e-03,2.228673144632646768e+02,2.323645514595185091e-02,nan,1.373351134261260615e-05,1.362261150580116187e+01,1.000000000000000000e+00,1.000000000000000000e+00,-1.000000000000000000e+00,0.000000000000000000e+00
3.570000000000000000e+02,1.621191693354140995e+01,3.800420142909323573e+01,-7.017007894024896233e-03,2.118313435392259407e+02,2.067834168299664821e-02,nan,1.065290013597606345e-05,1.207778191093168019e+01,1.000000000000000000e+00,1.000000000000000000e+00,-1.000000000000000000e+00,0.000000000000000000e+00
3.580000000000000000e+02,1.162256701406848123e+02,1.041551561116577140e+01,-6.148983684543735291e-03,1.856742851538851937e+02,1.666415792774910143e-01,nan,7.765242130055818219e-05,3.516443263691832133e+00,1.000000000000000000e+00,1.000000000000000000e+00,-1.000000000000000000e+00,0.000000000000000000e+00
3.590000000000000000e+02,5.873144171056907936e+01,3.766861850351924090e+01,-7.957339587511130796e-03,2.401673170517707092e+02,2.086766571551990079e-02,nan,1.303728588001891776e-05,1.366081153088748934e+01,1.000000000000000000e+00,1.000000000000000000e+00,-1.000000000000000000e+00,0.000000000000000000e+00
3.610000000000000000e+02,1.564277951972158753e+01,9.459729498367577705e+00,-7.477283818708411328e-03,2.257013071920941911e+02,3.236748480991302745e-02,nan,1.875320330434110313e-05,1.755943111455142613e+01,1.000000000000000000e+00,1.000000000000000000e+00,-1.000000000000000000e+00,0.000000000000000000e+00
3.620000000000000000e+02,7.486179357715134586e+01,7.285480845330096322e+00,-6.613030675669005765e-03,1.996578861961425844e+02,3.725187332463608669e-02,nan,1.696745657630764384e-05,1.314005576170994338e+01,1.000000000000000000e+00,1.000000000000000000e+00,-1.000000000000000000e+00,0.000000000000000000e+00
3.630000000000000000e+02,1.423705177834446260e+02,4.306495522052582459e+01,-7.479909190177634788e-03,2.257804201869319058e+02,1.164478411712421835e-01,nan,7.398612122748240440e-05,6.594120036746580205e+00,1.000000000000000000e+00,1.000000000000000000e+00,-1.000000000000000000e+00,0.000000000000000000e+00
3.630000000000000000e+02,4.125513091792615228e+01,5.112507627600854931e+01,-8.275275360943554898e-03,2.497479998226247631e+02,1.208200870912552460e-01,nan,9.576542645637466458e-05,8.261940599023567700e+00,1.000000000000000000e+00,1.000000000000000000e+00,-1.000000000000000000e+00,0.000000000000000000e+00
3.640000000000000000e+02,1.223173143314814979e+02,5.334117046456539413e+01,-8.704157434071255195e-03,2.626719405430485494e+02,3.893620550362764110e-02,nan,2.967725853364447502e-05,1.596340579295426210e+01,1.000000000000000000e+00,1.000000000000000000e+00,-1.000000000000000000e+00,0.000000000000000000e+00
3.640000000000000000e+02,6.988181547979321451e+00,5.096253127143343420e+01,-1.495256068282662656e-03,4.543876679112761963e+01,3.626008305705105128e-01,nan,1.551557116956531494e-05,1.411176215263717282e+01,1.000000000000000000e+00,1.000000000000000000e+00,-1.000000000000000000e+00,0.000000000000000000e+00
3.650000000000000000e+02,1.716151562710082246e+01,2.695335867309342248e+01,-8.703763480655437104e-03,2.626600691431657992e+02,1.909642226405394716e-02,nan,1.490180782011387530e-05,1.755943111455142613e+01,1.000000000000000000e+00,1.000000000000000000e+00,-1.000000000000000000e+00,0.000000000000000000e+00
3.650000000000000000e+02,1.367361086897136886e+02,4.649071837980943656e+01,-6.731185659615194702e-03,2.032183707769203238e+02,1.922215137052476486e-01,nan,1.114320354100620486e-04,6.594120036746580205e+00,1.000000000000000000e+00,1.000000000000000000e+00,-1.000000000000000000e+00,0.000000000000000000e+00
3.660000000000000000e+02,1.147566836183585224e+02,2.261783373300383460e+01,-8.218746710650089854e-03,2.480445643769078004e+02,4.116435991338052158e-02,nan,3.092928433348620737e-05,7.258774460760840874e+00,1.000000000000000000e+00,1.000000000000000000e+00,-1.000000000000000000e+00,0.000000000000000000e+00
3.660000000000000000e+02,1.142313324987810148e+02,1.537809527962359546e+01,-7.685470913239261792e-03,2.319748211416335266e+02,7.257970705452232441e-02,nan,4.763282953815869850e-05,7.258774460760840874e+00,1.000000000000000000e+00,1.000000000000000000e+00,-1.000000000000000000e+00,0.000000000000000000e+00
3.670000000000000000e+02,8.180483749878538902e+01,1.844143022326773718e+01,-1.354241270114621594e-02,4.084680187189174490e+02,7.480514912477365108e-03,nan,1.690414118192458629e-05,9.001795182409097151e+00,1.000000000000000000e+00,1.000000000000000000e+00,-1.000000000000000000e+00,0.000000000000000000e+00
3.670000000000000000e+02,1.233883688494841380e+02,3.396333234680685820e+01,-6.849087360241533882e-03,2.067712229132190203e+02,3.327522288611428625e-02,nan,1.527818275649875187e-05,1.425574721735196881e+01,1.000000000000000000e+00,1.000000000000000000e+00,-1.000000000000000000e+00,0.000000000000000000e+00
3.690000000000000000e+02,6.205257261630100274e+00,7.411666599545910117e+00,-7.800571693579113480e-03,2.354432702916259643e+02,5.002373404423321457e-02,nan,3.102369591224200107e-05,2.240351147629087336e+01,1.000000000000000000e+00,1.000000000000000000e+00,-1.000000000000000000e+00,0.000000000000000000e+00
3.700000000000000000e+02,8.671064235534736042e+01,4.899927569408420425e+01,-7.278314361031153895e-03,2.197055576905054863e+02,3.121749048158506401e-02,nan,1.634051291112189949e-05,2.632143038617708797e+01,1.000000000000000000e+00,1.000000000000000000e+00,-1.000000000000000000e+00,0.000000000000000000e+00
3.700000000000000000e+02,6.181137914494842533e+01,2.982766376141847076e+01,-7.949803220871935402e-03,2.399402160331106302e+02,2.031431363712998817e-02,nan,1.265566806672767733e-05,7.290713079204333980e+00,1.000000000000000000e+00,1.000000000000000000e+00,-1.000000000000000000e+00,0.000000000000000000e+00
3.710000000000000000e+02,1.370029869122463424e+02,2.718238849960007641e+01,-1.414512531652252101e-03,4.300563949028546062e+01,3.702454062158501147e-01,nan,1.409079379079248187e-05,1.520983315009939218e+01,1.000000000000000000e+00,1.000000000000000000e+00,-1.000000000000000000e+00,0.000000000000000000e+00
3.750000000000000000e+02,1.190611009643438081e+02,3.591154302603796822e+01,-1.450166996018125570e-02,4.373742955912401271e+02,8.046654485614701535e-03,nan,2.094492072660187874e-05,1.913398909179332108e+01,1.000000000000000000e+00,1.000000000000000000e+00,-1.000000000000000000e+00,0.000000000000000000e+00
3.770000000000000000e+02,5.303990548555225359e+01,3.856860574517031637e+01,-6.223893986764045781e-03,1.879316336557332932e+02,3.503530410352795332e-02,nan,1.333864105396550599e-05,1.762195997850836449e+01,1.000000000000000000e+00,1.000000000000000000e+00,-1.000000000000000000e+00,0.000000000000000000e+00
3.770000000000000000e+02,2.644256597665107833e+01,7.357340768624694327e+00,-2.356930801411083031e-03,7.140448993274947043e+01,1.669764636745424413e-01,nan,1.129304973084313818e-05,2.040540248632840914e+01,1.000000000000000000e+00,1.000000000000000000e+00,-1.000000000000000000e+00,0.000000000000000000e+00
3.770000000000000000e+02,6.557920250500730219e+01,5.095002342417768659e+01,-1.649848246485225659e-03,5.009725049122907592e+01,3.095122318475320711e-01,nan,1.169978778331830612e-05,1.762195997850836449e+01,1.000000000000000000e+00,1.000000000000000000e+00,-1.000000000000000000e+00,0.000000000000000000e+00
3.780000000000000000e+02,1.369840934343354490e+02,5.204567440474672679e+01,-7.327579638488197940e-03,2.211901185181166909e+02,5.752693317223311897e-02,nan,3.171579808336462354e-05,2.411522038930624490e+01,1.000000000000000000e+00,1.000000000000000000e+00,-1.000000000000000000e+00,0.000000000000000000e+00
3.800000000000000000e+02,1.168720563718436978e+02,1.690318638121167538e+01,-8.403761331452272790e-03,2.536197985531032089e+02,2.653394421330568242e-02,nan,1.935257914235900215e-05,1.913398909179332108e+01,1.000000000000000000e+00,1.000000000000000000e+00,-1.000000000000000000e+00,0.000000000000000000e+00
3.810000000000000000e+02,1.610291334783208939e+01,2.494915801825568025e+01,-1.695600555886852190e-03,5.147595147123727344e+01,3.419169422790330204e-01,nan,1.846454749084435558e-05,1.158026140992430264e+01,1.000000000000000000e+00,1.000000000000000000e+00,-1.000000000000000000e+00,0.000000000000000000e+00
3.820000000000000000e+02,6.153520522152226135e+01,2.224610936966248431e+01,-8.505740066516774209e-03,2.566928277359410231e+02,2.466811217472208995e-02,nan,1.836464365757618122e-05,1.840092404017902794e+01,1.000000000000000000e+00,1.000000000000000000e+00,-1.000000000000000000e+00,0.000000000000000000e+00
3.830000000000000000e+02,3.749388738250208064e+01,2.541110159119893552e+01,-2.375621693787187926e-03,7.196772164658395354e+01,1.852369070217221303e-01,nan,1.381514889060285387e-05,8.103806010677740090e+00,1.000000000000000000e+00,1.000000000000000000e+00,-1.000000000000000000e+00,0.000000000000000000e+00
3.840000000000000000e+02,9.109158313622945968e+01,3.837964142688674229e+01,-7.082608725927889634e-03,2.138081602817441933e+02,4.131070286850113682e-02,nan,2.157823878522919855e-05,1.829533354729418448e+01,1.000000000000000000e+00,1.000000000000000000e+00,-1.000000000000000000e+00,0.000000000000000000e+00
3.850000000000000000e+02,7.936122303681572987e+01,5.241950900264507851e+01,-8.640690324789236654e-03,2.607594214394271717e+02,3.504935111210116805e-02,nan,2.790023224059323581e-05,1.243899188271260847e+01,1.000000000000000000e+00,1.000000000000000000e+00,-1.000000000000000000e+00,0.000000000000000000e+00
3.860000000000000000e+02,8.517861307613209476e+00,1.619876146327867872e+01,-8.042623716160789138e-03,2.427372706406981422e+02,2.717123563052703528e-02,nan,1.758488143227242566e-05,1.158026140992430264e+01,1.000000000000000000e+00,1.000000000000000000e+00,-1.000000000000000000e+00,0.000000000000000000e+00
3.880000000000000000e+02,4.300843616805959613e+01,6.801061234236147612e+00,-1.566775606475363054e-03,4.759393794391984045e+01,3.247434533816156987e-01,nan,1.338943187705039633e-05,1.368430290462701215e+01,1.000000000000000000e+00,1.000000000000000000e+00,-1.000000000000000000e+00,0.000000000000000000e+00
3.890000000000000000e+02,1.431231721082484682e+02,3.047399782355173770e+01,-8.486429573286510472e-03,2.561109249579348557e+02,4.483687178234452286e-02,nan,3.297849686480684793e-05,2.273003642702754590e+01,1.000000000000000000e+00,1.000000000000000000e+00,-1.000000000000000000e+00,0.000000000000000000e+00
3.890000000000000000e+02,5.653932820374642887e+01,8.844369019218605743e+00,-1.458577760916645845e-03,4.433350196467556970e+01,3.038797248162211639e-01,nan,9.652593505685903743e-06,9.589755021690471892e+00,1.000000000000000000e+00,1.000000000000000000e+00,-1.000000000000000000e+00,0.000000000000000000e+00
3.900000000000000000e+02,9.478534112795085775e+01,1.179688677053385071e+01,-7.322456021991228907e-03,2.210357233590975454e+02,2.776930944172084637e-02,nan,1.442033504131974327e-05,1.843912178812082558e+01,1.000000000000000000e+00,1.000000000000000000e+00,-1.000000000000000000e+00,0.000000000000000000e+00
3.900000000000000000e+02,6.695807221597489445e+01,5.147591546002968244e+01,-1.784280292439063267e-03,5.414822837464219418e+01,3.147168728270628435e-01,nan,1.699841567989274433e-05,1.243899188271260847e+01,1.000000000000000000e+00,1.000000000000000000e+00,-1.000000000000000000e+00,0.000000000000000000e+00
3.910000000000000000e+02,3.697690987238252092e+01,2.450484407533331321e+01,-7.591996597098734333e-03,2.291580642838046344e+02,1.810614303101291123e-01,nan,4.671302860725995773e-05,7.211511163773259625e+00,1.000000000000000000e+00,1.000000000000000000e+00,-1.000000000000000000e+00,0.000000000000000000e+00
3.910000000000000000e+02,1.208636251192725410e+02,4.894400670324112923e+01,-7.867849535762005617e-03,2.374706220944858330e+02,2.119613324692759537e-02,nan,1.337421616528546437e-05,2.354055623045877255e+01,1.000000000000000000e+00,1.000000000000000000e+00,-1.000000000000000000e+00,0.000000000000000000e+00
3.910000000000000000e+02,3.309983693536287319e+01,3.058548538248638238e+01,-8.047540802276582569e-03,2.428854422092001926e+02,6.436865026198423934e-02,nan,4.499441348427949300e-05,7.211511163773259625e+00,1.000000000000000000e+00,1.000000000000000000e+00,-1.000000000000000000e+00,0.000000000000000000e+00
3.930000000000000000e+02,8.244405035320792052e+00,3.033151412704963690e+01,-1.960617717239837837e-03,5.946198375802197233e+01,2.715707579275574712e-01,nan,1.583297799965423320e-05,2.485672939741304077e+01,1.000000000000000000e+00,1.000000000000000000e+00,-1.000000000000000000e+00,0.000000000000000000e+00
3.940000000000000000e+02,4.718413156447491019e+01,6.736361140533015934e+00,-1.440782724460509204e-03,4.379726599053073244e+01,3.210880789910924848e-01,nan,1.138650988303767996e-05,9.589755021690471892e+00,1.000000000000000000e+00,1.000000000000000000e+00,-1.000000000000000000e+00,0.000000000000000000e+00
3.950000000000000000e+02,7.272172685224900590e+01,2.157197622020082761e+01,-6.780931728542554000e-03,2.047174197840348597e+02,3.209546416913522382e-02,nan,1.496659067884347567e-05,9.174328860180340328e+00,1.000000000000000000e+00,1.000000000000000000e+00,-1.000000000000000000e+00,0.000000000000000000e+00
3.960000000000000000e+02,7.760105974233722748e+01,3.342015380139301328e+01,-7.088873568322687398e-03,2.139969451641308638e+02,1.931435162623570401e-01,nan,4.791786270183494582e-05,6.547560023469054968e+00,1.000000000000000000e+00,1.000000000000000000e+00,-1.000000000000000000e+00,0.000000000000000000e+00
3.960000000000000000e+02,2.720188590737964773e+01,4.963299596317803974e+01,-2.174699155177715285e-03,6.591311796625547004e+01,3.008206367872517939e-01,nan,2.358808044759525268e-05,1.271665969571994914e+01,1.000000000000000000e+00,1.000000000000000000e+00,-1.000000000000000000e+00,0.000000000000000000e+00
3.990000000000000000e+02,7.989737604142982264e+01,2.728847591394232097e+01,-1.572268085252567088e-02,4.741682615329042960e+02,3.571057542256272921e-02,nan,8.620954388540414911e-05,4.495844492966701189e+00,1.000000000000000000e+00,1.000000000000000000e+00,-1.000000000000000000e+00,0.000000000000000000e+00
4.000000000000000000e+02,1.228803339375380261e+02,2.941894859738430767e+01,-1.838582721257821760e-03,5.578457881920765260e+01,2.911312210588008487e-01,nan,1.778259399233915456e-05,2.419907886449268375e+01,1.000000000000000000e+00,1.000000000000000000e+00,-1.000000000000000000e+00,0.000000000000000000e+00
4.000000000000000000e+02,2.960328053357019229e+01,3.714513234820964982e+01,-1.201631748613478812e-03,3.659068584009801128e+01,3.455969663703719608e-01,nan,9.090550246607866401e-06,1.271665969571994914e+01,1.000000000000000000e+00,1.000000000000000000e+00,-1.000000000000000000e+00,0.000000000000000000e+00
4.020000000000000000e+02,9.559308860790841322e+01,4.216851059023936443e+01,-7.194513555653331109e-03,2.171803025938573342e+02,3.956216479553942289e-02,nan,2.124876513960760090e-05,2.038404416251528772e+01,1.000000000000000000e+00,1.000000000000000000e+00,-1.000000000000000000e+00,0.000000000000000000e+00
4.020000000000000000e+02,7.647450915757008261e+01,3.020336870790839257e+01,-7.531933700094306516e-03,2.273481277790652086e+02,3.722826848810980582e-01,nan,4.174122318601282996e-04,4.495844492966701189e+00,1.000000000000000000e+00,1.000000000000000000e+00,-1.000000000000000000e+00,0.000000000000000000e+00
4.030000000000000000e+02,1.643557095462062634e+01,3.919236913677462297e+01,-7.045902603501450791e-03,2.127020572757212165e+02,3.404098696522561696e-02,nan,1.727084702383886405e-05,1.332590537352017890e+01,1.000000000000000000e+00,1.000000000000000000e+00,-1.000000000000000000e+00,0.000000000000000000e+00
4.030000000000000000e+02,1.023776457119605823e+02,1.656456438752405802e+01,-7.222009247970674964e-03,2.180088583201083452e+02,3.899842327266700437e-02,nan,2.030572717419708078e-05,1.559475288233383594e+01,1.000000000000000000e+00,1.000000000000000000e+00,-1.000000000000000000e+00,0.000000000000000000e+00
4.040000000000000000e+02,7.342967752630974587e+01,3.439974848336250091e+01,-7.735660446319021777e-03,2.334872335061284900e+02,1.761461010634965962e-01,nan,1.320475395401339699e-04,5.184650700149794567e+00,1.000000000000000000e+00,1.000000000000000000e+00,-1.000000000000000000e+00,0.000000000000000000e+00
4.050000000000000000e+02,9.595958290764023957e+00,1.805994954749910875e+01,-8.326628758092801189e-03,2.512954840895916107e+02,3.041096090944017671e-02,nan,2.401256921745000987e-05,8.916928918762010881e+00,1.000000000000000000e+00,1.000000000000000000e+00,-1.000000000000000000e+00,0.000000000000000000e+00
4.050000000000000000e+02,6.435509923430855395e+01,2.320659585464704477e+01,-1.528358283075015745e-03,4.643626957451797210e+01,3.094462908889518138e-01,nan,1.189240783130181137e-05,1.399410330275523506e+01,1.000000000000000000e+00,1.000000000000000000e+00,-1.000000000000000000e+00,0.000000000000000000e+00
4.060000000000000000e+02,1.225774167277498208e+02,4.990487741436150770e+01,-8.220484675670800684e-03,2.480969362485927832e+02,2.572155729687441994e-02,nan,1.698073268578633688e-05,1.538576448395422602e+01,1.000000000000000000e+00,1.000000000000000000e+00,-1.000000000000000000e+00,0.000000000000000000e+00
4.060000000000000000e+02,3.486396995583794478e+01,5.217477580961385542e+01,1.674012351208986052e-03,-5.082541209223636258e+01,2.574638488817370119e-01,nan,1.054733183546970876e-05,2.254215545965043788e+01,1.000000000000000000e+00,1.000000000000000000e+00,-1.000000000000000000e+00,0.000000000000000000e+00
4.080000000000000000e+02,1.181892025635361421e+02,3.515817184312622601e+01,-7.551133912119842133e-03,2.279267073411065212e+02,2.046658250221267128e-02,nan,1.350546165938768492e-05,1.538576448395422602e+01,1.000000000000000000e+00,1.000000000000000000e+00,-1.000000000000000000e+00,0.000000000000000000e+00
4.080000000000000000e+02,1.007676417038726946e+01,2.696390636727165102e+01,-8.819775227924679314e-03,2.661559693882992406e+02,2.356890710378345410e-02,nan,1.858341202064413955e-05,7.205039259807468177e+00,1.000000000000000000e+00,1.000000000000000000e+00,-1.000000000000000000e+00,0.000000000000000000e+00
4.090000000000000000e+02,6.061394012651358310e+01,6.573802624795026972e+00,-6.519338598640287905e-03,1.968345673274800731e+02,2.729888517005008008e-02,nan,1.137510948117742516e-05,1.704834543575558925e+01,1.000000000000000000e+00,1.000000000000000000e+00,-1.000000000000000000e+00,0.000000000000000000e+00
4.120000000000000000e+02,2.376337945230836723e+01,1.956361816638278484e+01,-7.051331245562089851e-03,2.128656440809995161e+02,2.808044082396610186e-02,nan,1.398150619391281417e-05,1.442700009714120313e+01,1.000000000000000000e+00,1.000000000000000000e+00,-1.000000000000000000e+00,0.000000000000000000e+00
4.130000000000000000e+02,1.349174546172209546e+02,1.223777208397852512e+01,-7.366646124332134130e-03,2.223673487612002475e+02,4.527585741068773650e-02,nan,2.454114055438661539e-05,1.491468287687886551e+01,1.000000000000000000e+00,1.000000000000000000e+00,-1.000000000000000000e+00,0.000000000000000000e+00
4.140000000000000000e+02,1.630252748281949593e+01,3.191165524489393945e+01,-7.008123291416352638e-03,2.115636147516831045e+02,3.257108017778354014e-02,nan,1.751184221600883331e-05,7.900870797346227548e+00,1.000000000000000000e+00,1.000000000000000000e+00,-1.000000000000000000e+00,0.000000000000000000e+00
4.150000000000000000e+02,1.202667812993353209e+02,1.503161113633240298e+01,-7.624422082698526469e-03,2.301351744965644173e+02,5.261206281710395505e-02,nan,3.090192577031072705e-05,9.286437276957860476e+00,1.000000000000000000e+00,1.000000000000000000e+00,-1.000000000000000000e+00,0.000000000000000000e+00
4.160000000000000000e+02,1.727551267653621991e+01,4.054299020997031278e+01,-7.336366075166592116e-03,2.214548891716140417e+02,2.026556591142070207e-02,nan,1.068407860701616808e-05,8.686002732358650391e+00,1.000000000000000000e+00,1.000000000000000000e+00,-1.000000000000000000e+00,0.000000000000000000e+00
4.170000000000000000e+02,1.398609116160188819e+02,3.826572999099729344e+01,-8.783285744528973246e-03,2.650563945870354701e+02,2.463737407166388671e-02,nan,1.928678886600169808e-05,7.833498108425381190e+00,1.000000000000000000e+00,1.000000000000000000e+00,-1.000000000000000000e+00,0.000000000000000000e+00
4.180000000000000000e+02,5.117939177670871942e+01,2.412616406883307363e+01,-6.987100544957778984e-03,2.109301149016434351e+02,5.785329665107385999e-02,nan,3.477240744671665707e-05,6.773858222076885482e+00,1.000000000000000000e+00,1.000000000000000000e+00,-1.000000000000000000e+00,0.000000000000000000e+00
4.180000000000000000e+02,1.242236487912534812e+02,4.299808207553489581e+01,-8.975289961497465857e-03,2.708422533898428242e+02,3.176153149492422223e-02,nan,2.581169775497273161e-05,1.466011094564306383e+01,1.000000000000000000e+00,1.000000000000000000e+00,-1.000000000000000000e+00,0.000000000000000000e+00
4.190000000000000000e+02,1.336610462671037247e+01,2.457672646770200586e+01,-8.514152427211589547e-03,2.569463259764847862e+02,2.321177809775432088e-02,nan,1.712703217566897309e-05,7.900870797346227548e+00,1.000000000000000000e+00,1.000000000000000000e+00,-1.000000000000000000e+00,0.000000000000000000e+00
4.190000000000000000e+02,5.049903996603518408e+01,3.132574699246790573e+01,-7.671127300991495424e-03,2.315425904516096125e+02,5.182781964210669834e-02,nan,3.598637783994629893e-05,7.231657684139994657e+00,1.000000000000000000e+00,1.000000000000000000e+00,-1.000000000000000000e+00,0.000000000000000000e+00
4.190000000000000000e+02,1.149413153960363871e+02,7.423895959508747033e+00,-7.444337727300739255e-03,2.247085090338097189e+02,3.152308419243621262e-02,nan,1.690187323015328967e-05,9.286437276957860476e+00,1.000000000000000000e+00,1.000000000000000000e+00,-1.000000000000000000e+00,0.000000000000000000e+00
4.200000000000000000e+02,4.258638129553820306e+01,5.080912414042423819e+01,-7.171533799685837415e-03,2.164878301812711641e+02,2.596855176584844660e-02,nan,1.291005251374152427e-05,2.102884096485819398e+01,1.000000000000000000e+00,1.000000000000000000e+00,-1.000000000000000000e+00,0.000000000000000000e+00
4.210000000000000000e+02,7.265993347702017502e+01,1.005717318768837742e+01,-1.377966368468330413e-02,4.156173444641848960e+02,1.169957261696411566e-01,nan,2.707163902794080764e-04,1.562774910543718576e+01,1.000000000000000000e+00,1.000000000000000000e+00,-1.000000000000000000e+00,0.000000000000000000e+00
4.210000000000000000e+02,2.423264083657177537e+01,1.676179949112030698e+01,-7.291598309728571613e-03,2.201058564585247836e+02,2.785588621257850672e-02,nan,1.500932674279174651e-05,1.338486805499155530e+01,1.000000000000000000e+00,1.000000000000000000e+00,-1.000000000000000000e+00,0.000000000000000000e+00
4.230000000000000000e+02,1.036137987989027387e+01,1.090103530074921601e+01,-7.111601900138193530e-03,2.146818411564384235e+02,3.701170096493466843e-02,nan,1.837537798159550220e-05,1.400188914746948221e+01,1.000000000000000000e+00,1.000000000000000000e+00,-1.000000000000000000e+00,0.000000000000000000e+00
4.230000000000000000e+02,7.210629431593781646e+01,2.567511241736297478e+01,-1.477134816558835695e-03,4.489270063977117076e+01,3.113388025809754600e-01,nan,1.164158484118563830e-05,1.513677464693123298e+01,1.000000000000000000e+00,1.000000000000000000e+00,-1.000000000000000000e+00,0.000000000000000000e+00
4.230000000000000000e+02,1.386955413464085893e+02,4.065646323152767394e+01,-8.175002207068078619e-03,2.467263666564590210e+02,4.540161212377569200e-02,nan,3.531528141348751394e-05,1.466011094564306383e+01,1.000000000000000000e+00,1.000000000000000000e+00,-1.000000000000000000e+00,0.000000000000000000e+00
4.230000000000000000e+02,1.142847945145609856e+01,4.689452623785177110e+01,-1.421619891505258122e-03,4.321981281011927223e+01,3.722737605663913873e-01,nan,1.431946863185324435e-05,7.119286843492472094e+00,1.000000000000000000e+00,1.000000000000000000e+00,-1.000000000000000000e+00,0.000000000000000000e+00
4.240000000000000000e+02,3.925825253058621911e+01,9.358705543050470865e+00,-8.593128968927556469e-03,2.593262066182604713e+02,2.021443342917450536e-02,nan,1.488297017620017070e-05,1.642183021240096608e+01,1.000000000000000000e+00,1.000000000000000000e+00,-1.000000000000000000e+00,0.000000000000000000e+00
4.250000000000000000e+02,1.382825752771500447e+02,2.045844252823829734e+01,-7.149296101779377757e-03,2.158177189607068271e+02,4.063193593361602574e-02,nan,2.148847713179045910e-05,1.297867393014488613e+01,1.000000000000000000e+00,1.000000000000000000e+00,-1.000000000000000000e+00,0.000000000000000000e+00
4.260000000000000000e+02,1.109354108157580470e+02,8.837074504162965027e+00,-8.008466417915189109e-03,2.417079739520381736e+02,3.494532419318441274e-02,nan,2.181617834784020833e-05,1.014132070941545649e+01,1.000000000000000000e+00,1.000000000000000000e+00,-1.000000000000000000e+00,0.000000000000000000e+00
4.280000000000000000e+02,1.077195476120320734e+02,5.248151707649427777e+01,-8.193795691716437846e-03,2.472926898878179145e+02,3.314419421101910679e-02,nan,2.498653602188679996e-05,3.307034067511381892e+01,1.000000000000000000e+00,1.000000000000000000e+00,-1.000000000000000000e+00,0.000000000000000000e+00
4.280000000000000000e+02,1.112547997359404945e+02,1.897336457740393811e+01,-7.806742384788599616e-03,2.356292180203660678e+02,2.852160568977424315e-02,nan,1.785793071632387722e-05,1.014132070941545649e+01,1.000000000000000000e+00,1.000000000000000000e+00,-1.000000000000000000e+00,0.000000000000000000e+00
4.280000000000000000e+02,3.458671653117185940e+01,2.510206156808848732e+01,-1.865475283547969295e-03,5.659495981350648464e+01,3.017446420863046930e-01,nan,1.717630482556196085e-05,8.445535390346185167e+00,1.000000000000000000e+00,1.000000000000000000e+00,-1.000000000000000000e+00,0.000000000000000000e+00
4.280000000000000000e+02,2.718306713143535092e+01,2.103843712734951410e+01,-1.794534649304309944e-03,5.445723336355685262e+01,2.232718980963034339e-01,nan,1.014395069798412012e-05,8.445535390346185167e+00,1.000000000000000000e+00,1.000000000000000000e+00,-1.000000000000000000e+00,0.000000000000000000e+00
4.300000000000000000e+02,1.343048598076013604e+02,3.281254130671403146e+01,-7.321458040105293524e-03,2.210056501535661937e+02,5.136023624767871443e-02,nan,2.800490115619214658e-05,1.297867393014488613e+01,1.000000000000000000e+00,1.000000000000000000e+00,-1.000000000000000000e+00,0.000000000000000000e+00
4.340000000000000000e+02,7.855185626418348477e+01,2.611822438374216659e+01,-8.349446684397252363e-03,2.519830799239689441e+02,2.604827240029461421e-02,nan,1.799167342809879856e-05,2.287958814684852982e+01,1.000000000000000000e+00,1.000000000000000000e+00,-1.000000000000000000e+00,0.000000000000000000e+00
4.340000000000000000e+02,1.012115628172848858e+02,4.654171470685919587e+01,-1.822342815666895370e-03,5.529520518875535373e+01,2.755668734599869829e-01,nan,1.681118066515059709e-05,8.633343428768062822e+00,1.000000000000000000e+00,1.000000000000000000e+00,-1.000000000000000000e+00,0.000000000000000000e+00
4.350000000000000000e+02,5.028832951834045417e+01,5.495353213513867630e+00,-6.657550895845168806e-03,2.009994593755037613e+02,4.325909948855410914e-02,nan,1.909240104904986508e-05,1.486841831276896819e+01,1.000000000000000000e+00,1.000000000000000000e+00,-1.000000000000000000e+00,0.000000000000000000e+00
4.350000000000000000e+02,3.783351711462038480e+01,1.361616050784269660e+01,-7.358776152481414680e-03,2.221301948766175940e+02,2.918373680402397419e-02,nan,1.627027714391907616e-05,1.486841831276896819e+01,1.000000000000000000e+00,1.000000000000000000e+00,-1.000000000000000000e+00,0.000000000000000000e+00
4.370000000000000000e+02,9.768739964388352348e+01,3.866041451677035923e+01,-6.835973054127149340e-03,2.063760361580912672e+02,5.609473568020340029e-02,nan,2.661211671596146910e-05,8.633343428768062822e+00,1.000000000000000000e+00,1.000000000000000000e+00,-1.000000000000000000e+00,0.000000000000000000e+00
4.390000000000000000e+02,1.180452449462886904e+02,3.006497307335434144e+01,-7.406935999768599413e-03,2.235814446500230588e+02,3.532533868539811106e-02,nan,1.902305903198875020e-05,1.547197704216996073e+01,1.000000000000000000e+00,1.000000000000000000e+00,-1.000000000000000000e+00,0.000000000000000000e+00
4.410000000000000000e+02,1.020880648607226817e+02,2.431638770953521700e+01,-9.338123345386327434e-03,2.817758816260927119e+02,2.363434011968290616e-02,nan,2.222213135367608639e-05,1.367029108476301147e+01,1.000000000000000000e+00,1.000000000000000000e+00,-1.000000000000000000e+00,0.000000000000000000e+00
4.410000000000000000e+02,1.228247121145009686e+02,5.192255160531463076e+01,-1.441686698204891828e-02,4.348188410013454472e+02,1.018055203020140631e-02,nan,2.008984455859840715e-05,2.237402613954025199e+01,1.000000000000000000e+00,1.000000000000000000e+00,-1.000000000000000000e+00,0.000000000000000000e+00
4.420000000000000000e+02,7.026816582447395376e+01,4.761641897715730209e+01,-7.423260389009948487e-03,2.240733641124378437e+02,2.265591614404161014e-02,nan,1.363579523082585524e-05,1.453255278497283598e+01,1.000000000000000000e+00,1.000000000000000000e+00,-1.000000000000000000e+00,0.000000000000000000e+00
4.460000000000000000e+02,9.869253210250357711e+01,1.107451414005827495e+01,-8.771837013309892461e-03,2.647113982981479126e+02,2.170998148158664875e-02,nan,1.698607500739292541e-05,8.723406157486678580e+00,1.000000000000000000e+00,1.000000000000000000e+00,-1.000000000000000000e+00,0.000000000000000000e+00
4.470000000000000000e+02,5.895079545124055898e+01,3.227598980738182632e+01,-1.415780265780912546e-02,4.270121916237324626e+02,2.176597216640396848e-02,nan,4.422414698308977076e-05,7.161196173817888422e+00,1.000000000000000000e+00,1.000000000000000000e+00,-1.000000000000000000e+00,0.000000000000000000e+00
4.470000000000000000e+02,1.226958827861879975e+01,7.767990724137845859e+00,-7.637248190936287741e-03,2.305216766912812716e+02,2.664177132677236770e-02,nan,1.582818412779993966e-05,1.583641503056822231e+01,1.000000000000000000e+00,1.000000000000000000e+00,-1.000000000000000000e+00,0.000000000000000000e+00
4.500000000000000000e+02,6.359464473914015770e+01,2.682462351706722714e+01,-6.907473168317466647e-03,2.085306219876184741e+02,2.023451729106641173e-01,nan,1.276891711130434157e-04,7.161196173817888422e+00,1.000000000000000000e+00,1.000000000000000000e+00,-1.000000000000000000e+00,0.000000000000000000e+00
4.500000000000000000e+02,1.197012693253946765e+02,2.878365830180763396e+01,-7.991348240635789621e-03,2.411921344654695929e+02,3.778872974054803269e-02,nan,2.460398998469086836e-05,2.747691443088382002e+01,1.000000000000000000e+00,1.000000000000000000e+00,-1.000000000000000000e+00,0.000000000000000000e+00
4.510000000000000000e+02,9.091004364960662087e+01,7.133614690820569315e+00,-6.416163805416177229e-03,1.937254961048333826e+02,5.614003825458835362e-02,nan,2.491737859633503662e-05,4.255542362663216061e+00,1.000000000000000000e+00,1.000000000000000000e+00,-1.000000000000000000e+00,0.000000000000000000e+00
4.510000000000000000e+02,3.230814242583261375e+01,3.909212689100976945e+01,-1.487155574392541113e-03,4.519466635093291984e+01,3.298002889867860388e-01,nan,1.265018454237093146e-05,2.113034491067819687e+01,1.000000000000000000e+00,1.000000000000000000e+00,-1.000000000000000000e+00,0.000000000000000000e+00
4.520000000000000000e+02,3.628030740658426367e+01,1.219636563516516858e+01,-1.557183721925507183e-03,4.730489590862224247e+01,2.925190383556945939e-01,nan,1.115733424838176837e-05,6.963176550676424270e+00,1.000000000000000000e+00,1.000000000000000000e+00,-1.000000000000000000e+00,0.000000000000000000e+00
4.560000000000000000e+02,9.340590897078040200e+01,1.058039537705277056e+01,-7.531711764149543083e-03,2.273414399569957709e+02,3.598513717995943662e-02,nan,2.009082589335382408e-05,4.255542362663216061e+00,1.000000000000000000e+00,1.000000000000000000e+00,-1.000000000000000000e+00,0.000000000000000000e+00
4.560000000000000000e+02,4.880105350483236037e+01,2.588321474108495224e+01,-7.949162898085651921e-03,2.399209205338338506e+02,1.785138339969438714e-02,nan,1.131022786230649400e-05,1.854990353896785393e+01,1.000000000000000000e+00,1.000000000000000000e+00,-1.000000000000000000e+00,0.000000000000000000e+00
4.570000000000000000e+02,3.067932232837595663e+01,8.059362634250387458e+00,-7.538728876129116054e-03,2.275528937456589631e+02,2.065975104185568956e-02,nan,1.148935544124950043e-05,6.963176550676424270e+00,1.000000000000000000e+00,1.000000000000000000e+00,-1.000000000000000000e+00,0.000000000000000000e+00
4.590000000000000000e+02,9.292506495289798352e+01,2.746475513663413892e+01,-9.239513474394136366e-03,2.788043698586324695e+02,1.623019781708578968e-02,nan,1.770848429400626544e-05,1.689120526962193836e+01,1.000000000000000000e+00,1.000000000000000000e+00,-1.000000000000000000e+00,0.000000000000000000e+00
4.600000000000000000e+02,1.345328272234312124e+02,4.907357371888090825e+01,-8.317070817547556755e-03,2.510074649235881452e+02,3.686783323896669629e-02,nan,2.831840334761225337e-05,4.688439955552019001e+01,1.000000000000000000e+00,1.000000000000000000e+00,-1.000000000000000000e+00,0.000000000000000000e+00
4.610000000000000000e+02,1.301359755317520772e+01,6.400321255521461694e+00,-1.924344794529960195e-03,5.836893480067049467e+01,3.073484438998713708e-01,nan,1.603081920579945256e-05,1.661275253548199515e+01,1.000000000000000000e+00,1.000000000000000000e+00,-1.000000000000000000e+00,0.000000000000000000e+00
4.640000000000000000e+02,5.328207870447357664e+01,1.871378119080798541e+01,-6.846285385937198563e-03,2.066867881651184575e+02,3.075173360196892247e-02,nan,1.401926175241149785e-05,1.158289749718187878e+01,1.000000000000000000e+00,1.000000000000000000e+00,-1.000000000000000000e+00,0.000000000000000000e+00
4.650000000000000000e+02,2.962439708362501634e+01,6.655048098182138716e+00,-6.439234063833554171e-03,1.944206957200018735e+02,3.268267253498879921e-02,nan,1.383117851320179978e-05,1.284981081213890697e+01,1.000000000000000000e+00,1.000000000000000000e+00,-1.000000000000000000e+00,0.000000000000000000e+00
4.650000000000000000e+02,1.022311501172059138e+02,1.465285610725842957e+01,-8.327287759346244794e-03,2.513153424461605425e+02,2.119521690910242118e-02,nan,1.599080182694490244e-05,1.579749882447892340e+01,1.000000000000000000e+00,1.000000000000000000e+00,-1.000000000000000000e+00,0.000000000000000000e+00
4.650000000000000000e+02,4.931940938578642886e+01,4.225409647611220976e+01,-1.697840629071787222e-03,5.154345388009382845e+01,3.473415691787822279e-01,nan,1.823847049670366380e-05,9.583449557916656758e+00,1.000000000000000000e+00,1.000000000000000000e+00,-1.000000000000000000e+00,0.000000000000000000e+00
4.660000000000000000e+02,8.931447073517149704e+01,5.557782558840036025e+00,-8.182296469661577351e-03,2.469461721071044451e+02,2.218751904512161754e-02,nan,1.493751943402538188e-05,6.440048408172760475e+00,1.000000000000000000e+00,1.000000000000000000e+00,-1.000000000000000000e+00,0.000000000000000000e+00
4.660000000000000000e+02,6.673251028013217478e+01,2.228677878818213998e+01,-6.348542512045035266e-03,1.916877947371970379e+02,6.928703780341982643e-02,nan,2.924712412963800519e-05,9.632943926215460806e+00,1.000000000000000000e+00,1.000000000000000000e+00,-1.000000000000000000e+00,0.000000000000000000e+00
4.660000000000000000e+02,4.172062967014874602e+01,1.941834535178388066e+01,-6.798473077121189832e-03,2.052460111227525488e+02,2.751684215794247823e-02,nan,1.309055809404862086e-05,1.158289749718187878e+01,1.000000000000000000e+00,1.000000000000000000e+00,-1.000000000000000000e+00,0.000000000000000000e+00
4.670000000000000000e+02,6.114177468488780676e+01,3.013134915179536577e+01,-1.390336635177384997e-02,4.193450030365694943e+02,2.825965859132484326e-02,nan,6.852112508269335195e-05,8.201181209234682967e+00,1.000000000000000000e+00,1.000000000000000000e+00,-1.000000000000000000e+00,0.000000000000000000e+00
4.670000000000000000e+02,2.074490625195092264e+01,1.594333537183909044e+01,-1.366274590998088579e-03,4.155203644984290889e+01,3.708591334940429807e-01,nan,1.329632502208299948e-05,1.284981081213890697e+01,1.000000000000000000e+00,1.000000000000000000e+00,-1.000000000000000000e+00,0.000000000000000000e+00
4.680000000000000000e+02,3.622483474761396849e+01,5.185465895895279687e+01,-7.384622519622407143e-03,2.229090498059749166e+02,2.062594356169444865e-02,nan,1.249401968314999649e-05,7.346178969190889418e+00,1.000000000000000000e+00,1.000000000000000000e+00,-1.000000000000000000e+00,0.000000000000000000e+00
4.700000000000000000e+02,5.379756815079453247e+01,3.378128115270794751e+01,-2.292088949031796316e-02,6.910792204117344681e+02,3.697564299260813758e-02,nan,1.990910440995960267e-04,8.201181209234682967e+00,1.000000000000000000e+00,1.000000000000000000e+00,-1.000000000000000000e+00,0.000000000000000000e+00
4.710000000000000000e+02,1.127712319216034729e+02,8.438740269699223973e+00,-1.704562136668456677e-03,5.174599992054203312e+01,3.721510477696469144e-01,nan,2.010146994218744179e-05,2.363301848450723597e+01,1.000000000000000000e+00,1.000000000000000000e+00,-1.000000000000000000e+00,0.000000000000000000e+00
4.720000000000000000e+02,6.710168876574789465e+01,4.165200953229334146e+01,-8.554141858784678268e-03,2.581513682840940191e+02,1.923442111112749764e-02,nan,1.415594479575107199e-05,1.297097496158288443e+01,1.000000000000000000e+00,1.000000000000000000e+00,-1.000000000000000000e+00,0.000000000000000000e+00
4.730000000000000000e+02,4.291639811623415568e+01,4.882326899210211479e+01,-7.593622332464530257e-03,2.292070542248889353e+02,2.132135260298673174e-02,nan,1.219087729025522207e-05,7.346178969190889418e+00,1.000000000000000000e+00,1.000000000000000000e+00,-1.000000000000000000e+00,0.000000000000000000e+00
4.730000000000000000e+02,8.697507386634245563e+01,4.433463464269699728e+01,-1.615713487260105486e-03,4.906863299384993837e+01,3.249580086598196083e-01,nan,1.450916325522537275e-05,9.183402525023133478e+00,1.000000000000000000e+00,1.000000000000000000e+00,-1.000000000000000000e+00,0.000000000000000000e+00
4.750000000000000000e+02,6.511065669706587755e+01,1.077419289395343327e+01,-1.409477269733912849e-03,4.285390680985456413e+01,3.227956235180547973e-01,nan,1.106085216380490455e-05,1.871564414870839954e+01,1.000000000000000000e+00,1.000000000000000000e+00,-1.000000000000000000e+00,0.000000000000000000e+00
4.780000000000000000e+02,5.452261768338466652e+01,5.078779888526377562e+01,-1.351287980409403896e-03,4.110042963532686855e+01,3.388051178377146089e-01,nan,1.134849839751574467e-05,1.177130877778818352e+01,1.000000000000000000e+00,1.000000000000000000e+00,-1.000000000000000000e+00,0.000000000000000000e+00
4.790000000000000000e+02,8.317790664870190653e+01,5.552933962787162336e+00,-6.287080028049520618e-03,1.898356830508885480e+02,3.688541433231462552e-02,nan,1.428507890167114597e-05,1.607721397816704467e+01,1.000000000000000000e+00,1.000000000000000000e+00,-1.000000000000000000e+00,0.000000000000000000e+00
4.810000000000000000e+02,8.454264045311872167e+01,3.303744468063491269e+01,-7.366247521027632743e-03,2.223553372414816351e+02,1.321328996585908744e-01,nan,8.253201898179216001e-05,2.033175237947010316e+01,1.000000000000000000e+00,1.000000000000000000e+00,-1.000000000000000000e+00,0.000000000000000000e+00
4.810000000000000000e+02,9.744370673907754110e+01,1.296668855012065258e+01,-7.766194882361597551e-03,2.344073587948073794e+02,2.405778968946614693e-02,nan,1.432039871809628133e-05,1.607721397816704467e+01,1.000000000000000000e+00,1.000000000000000000e+00,-1.000000000000000000e+00,0.000000000000000000e+00
4.810000000000000000e+02,4.258726693310654099e+01,3.445822237956139134e+01,-5.988207008593653298e-03,1.808294376785584632e+02,3.394904438651635825e-02,nan,1.226011306829624312e-05,1.099242891565803326e+01,1.000000000000000000e+00,1.000000000000000000e+00,-1.000000000000000000e+00,0.000000000000000000e+00
4.820000000000000000e+02,1.131629493555740709e+02,3.092174084262380873e+01,-8.727489749471708386e-03,2.633750369884341467e+02,2.065555637792970689e-02,nan,1.635490160706822290e-05,1.569524857403177442e+01,1.000000000000000000e+00,1.000000000000000000e+00,-1.000000000000000000e+00,0.000000000000000000e+00
4.820000000000000000e+02,1.709489022309056594e+01,4.792422564750815894e+01,-1.523291545192031332e-02,4.594096614399282998e+02,1.085104134131076314e-02,nan,2.624433956088196370e-05,2.883044422720048772e+01,1.000000000000000000e+00,1.000000000000000000e+00,-1.000000000000000000e+00,0.000000000000000000e+00
4.840000000000000000e+02,6.934865774885409451e+01,4.654755365142398915e+01,-8.180754878477232081e-03,2.468997177684180429e+02,1.842981206352911627e-02,nan,1.311595249511943971e-05,1.186815636334609714e+01,1.000000000000000000e+00,1.000000000000000000e+00,-1.000000000000000000e+00,0.000000000000000000e+00
4.850000000000000000e+02,5.488345244765095288e+01,4.050207524750310739e+01,-8.495205759244253002e-03,2.563753867160170330e+02,3.267804643022698130e-02,nan,2.202068594349560350e-05,1.172143276816741952e+01,1.000000000000000000e+00,1.000000000000000000e+00,-1.000000000000000000e+00,0.000000000000000000e+00
4.850000000000000000e+02,1.104324376498101827e+02,5.034959579437200716e+01,-1.961452333471292060e-03,5.948713409974867261e+01,3.263376878026270633e-01,nan,2.287340328045790630e-05,1.961879818443221168e+01,1.000000000000000000e+00,1.000000000000000000e+00,-1.000000000000000000e+00,0.000000000000000000e+00
4.860000000000000000e+02,3.703378107517255557e+01,2.497179585048722927e+01,-8.012136121202616951e-03,2.418185568621663322e+02,2.707262136640675720e-02,nan,1.713061107833828769e-05,1.099242891565803326e+01,1.000000000000000000e+00,1.000000000000000000e+00,-1.000000000000000000e+00,0.000000000000000000e+00
4.860000000000000000e+02,1.321087654727245422e+02,3.464433842777843608e+01,-8.201846116572613157e-03,2.475352815467713583e+02,6.126044179213496754e-02,nan,4.212639825733727444e-05,1.473220167314945783e+01,1.000000000000000000e+00,1.000000000000000000e+00,-1.000000000000000000e+00,0.000000000000000000e+00
4.880000000000000000e+02,7.207819995277989733e+01,2.140098552804642296e+01,-7.551239594862422730e-03,2.279298919869237636e+02,1.567048234079970737e-02,nan,8.641026795758321327e-06,6.442217504305177478e+00,1.000000000000000000e+00,1.000000000000000000e+00,-1.000000000000000000e+00,0.000000000000000000e+00
4.880000000000000000e+02,1.179723843590291352e+02,3.049699046230658439e+01,-1.628343008162271618e-03,4.944921122197827401e+01,3.087161009581197435e-01,nan,1.472475979881535741e-05,1.433552860916598348e+01,1.000000000000000000e+00,1.000000000000000000e+00,-1.000000000000000000e+00,0.000000000000000000e+00
4.890000000000000000e+02,7.995485873156717105e+01,5.187311805147856347e+01,-8.139873899732303145e-03,2.456678095610189132e+02,2.385190070930476303e-02,nan,1.547331207208397008e-05,1.186815636334609714e+01,1.000000000000000000e+00,1.000000000000000000e+00,-1.000000000000000000e+00,0.000000000000000000e+00
4.890000000000000000e+02,3.215157924168122605e+01,4.449162602826299207e+01,-6.689549013537032969e-03,2.019636912754266689e+02,3.088536176233069863e-02,nan,1.381566280051458721e-05,7.176073674028100591e+00,1.000000000000000000e+00,1.000000000000000000e+00,-1.000000000000000000e+00,0.000000000000000000e+00
4.900000000000000000e+02,1.397733575478296864e+01,4.967302565146641768e+01,-7.405445620981942166e-03,2.235365335467230921e+02,2.674244785311818973e-02,nan,1.532684168178139239e-05,9.767466334061017719e+00,1.000000000000000000e+00,1.000000000000000000e+00,-1.000000000000000000e+00,0.000000000000000000e+00
4.910000000000000000e+02,8.197569909943499056e+01,3.764814070726258421e+01,-7.728480018661622840e-03,2.332708583596581491e+02,3.572833260039909309e-02,nan,2.190097933770340151e-05,1.436780345897945743e+01,1.000000000000000000e+00,1.000000000000000000e+00,-1.000000000000000000e+00,0.000000000000000000e+00
4.920000000000000000e+02,1.351553664803273591e+02,2.029411811499454643e+01,-1.510308531966933661e-02,4.554973577134053357e+02,1.517539787738730883e-02,nan,3.665623181426528926e-05,1.063558737009097044e+01,1.000000000000000000e+00,1.000000000000000000e+00,-1.000000000000000000e+00,0.000000000000000000e+00
4.940000000000000000e+02,3.445012033500215409e+01,5.128962148408628963e+01,-6.217553716908736164e-03,1.877405758407867893e+02,4.679837339658687867e-02,nan,1.837685668339866015e-05,7.176073674028100591e+00,1.000000000000000000e+00,1.000000000000000000e+00,-1.000000000000000000e+00,0.000000000000000000e+00
4.940000000000000000e+02,1.254922859149392877e+02,2.473715679293309577e+01,-1.906731753831048416e-03,5.783818309020819015e+01,3.010325302434049277e-01,nan,1.805675863629492241e-05,1.063558737009097044e+01,1.000000000000000000e+00,1.000000000000000000e+00,-1.000000000000000000e+00,0.000000000000000000e+00
4.950000000000000000e+02,8.820494660480287052e+01,7.479443734942184285e+00,-1.644423001736415807e-03,4.993376606061140421e+01,3.364122528602100370e-01,nan,1.582540925871646329e-05,1.358143451452792760e+01,1.000000000000000000e+00,1.000000000000000000e+00,-1.000000000000000000e+00,0.000000000000000000e+00
4.970000000000000000e+02,7.136739828934197760e+01,7.306143199716980341e+00,-1.604946222002601956e-03,4.874417201348244788e+01,3.016601049428447867e-01,nan,1.293203604632689597e-05,8.054834042505879310e+00,1.000000000000000000e+00,1.000000000000000000e+00,-1.000000000000000000e+00,0.000000000000000000e+00
4.980000000000000000e+02,1.059085576730539913e+02,4.870388374912862872e+01,-1.449348060105348258e-02,4.371275172842482561e+02,7.096643120480417011e-03,nan,1.468074360542045572e-05,1.378885589977712200e+01,1.000000000000000000e+00,1.000000000000000000e+00,-1.000000000000000000e+00,0.000000000000000000e+00
4.990000000000000000e+02,1.322402711901586088e+02,3.654132010640424255e+01,-1.575875923329100176e-02,4.752554481595208244e+02,5.798977138893768313e-03,nan,1.712016758495046260e-05,1.359682230543868364e+01,1.000000000000000000e+00,1.000000000000000000e+00,-1.000000000000000000e+00,0.000000000000000000e+00
4.990000000000000000e+02,9.617412317028139057e+01,1.847706112875246376e+01,-2.259508894149543385e-03,6.846877628741864896e+01,1.857423695347847348e-01,nan,1.212158310116452908e-05,1.358143451452792760e+01,1.000000000000000000e+00,1.000000000000000000e+00,-1.000000000000000000e+00,0.000000000000000000e+00
4.990000000000000000e+02,1.794778583844475150e+01,5.250120958113028280e+01,-7.137124783328941541e-03,2.154509482141571084e+02,4.277983845627642001e-02,nan,2.188875883568160936e-05,1.654675163145827455e+01,1.000000000000000000e+00,1.000000000000000000e+00,-1.000000000000000000e+00,0.000000000000000000e+00
4.990000000000000000e+02,5.426157160692088866e+01,4.729449500653294791e+01,-2.898913999679357881e-03,8.773662215455780711e+01,1.493191562090963043e-01,nan,1.524483707980788104e-05,2.021026068785997154e+01,1.000000000000000000e+00,1.000000000000000000e+00,-1.000000000000000000e+00,0.000000000000000000e+00
5.000000000000000000e+02,9.234262042954804883e+01,4.623449238077958512e+01,-1.521307500518961214e-02,4.588117890328483099e+02,1.041223951669079106e-02,nan,2.625208948404084578e-05,1.378885589977712200e+01,1.000000000000000000e+00,1.000000000000000000e+00,-1.000000000000000000e+00,0.000000000000000000e+00
5.030000000000000000e+02,2.082484404856330684e+01,1.845336285712196300e+01,-7.769634360316102564e-03,2.345110040902823130e+02,1.993494916557869701e-02,nan,1.353246114368839363e-05,2.174913015107116010e+01,1.000000000000000000e+00,1.000000000000000000e+00,-1.000000000000000000e+00,0.000000000000000000e+00
5.040000000000000000e+02,7.773995493153363157e+01,9.493494130379319884e+00,-7.815260505947758604e-03,2.358859032487961542e+02,4.231305796082418524e-02,nan,2.508280274225154486e-05,3.221274293279128731e+00,1.000000000000000000e+00,1.000000000000000000e+00,-1.000000000000000000e+00,0.000000000000000000e+00
5.050000000000000000e+02,1.232244828055350894e+02,5.192287965175959386e+01,-1.527181562884695303e-02,4.605818801268683842e+02,9.544139433954712537e-03,nan,2.687968418659754228e-05,7.472305909347690900e+00,1.000000000000000000e+00,1.000000000000000000e+00,-1.000000000000000000e+00,0.000000000000000000e+00
5.060000000000000000e+02,1.242575051953212721e+02,4.452232424388155607e+01,-7.683661559462913113e-03,2.319202980397998033e+02,9.404269978165602506e-02,nan,4.441844999309007961e-05,7.472305909347690900e+00,1.000000000000000000e+00,1.000000000000000000e+00,-1.000000000000000000e+00,0.000000000000000000e+00
5.070000000000000000e+02,4.076134921924171550e+01,2.714591276539086451e+01,-7.622461070851546498e-03,2.300760813274850989e+02,1.860443403755052127e-02,nan,1.118855567781294067e-05,1.320938523404099385e+01,1.000000000000000000e+00,1.000000000000000000e+00,-1.000000000000000000e+00,0.000000000000000000e+00
5.070000000000000000e+02,3.186786245570390719e+01,4.008866965262788540e+01,-9.150364509140187716e-03,2.761179532084170773e+02,1.010915205602852529e-01,nan,9.179904570953043269e-05,5.440910698984497529e+00,1.000000000000000000e+00,1.000000000000000000e+00,-1.000000000000000000e+00,0.000000000000000000e+00
5.080000000000000000e+02,9.096179707353327615e+01,2.287911033094857771e+01,-1.428677983676214340e-02,4.308987924390106059e+02,1.070083431209878366e-02,nan,2.100521158054046816e-05,1.881467062419376646e+01,1.000000000000000000e+00,1.000000000000000000e+00,-1.000000000000000000e+00,0.000000000000000000e+00
5.080000000000000000e+02,6.457959548686918083e+01,2.690305448398147803e+01,-8.956275726028866888e-03,2.702692780489799134e+02,1.479013220678171425e-02,nan,1.194513612737097721e-05,9.621004900157702266e+00,1.000000000000000000e+00,1.000000000000000000e+00,-1.000000000000000000e+00,0.000000000000000000e+00
5.080000000000000000e+02,1.442291520948882066e+02,3.303790637511857398e+01,-8.145931362881683388e-03,2.458503452731968935e+02,2.169746054581589423e-02,nan,1.637923027683358201e-05,2.303819727464247435e+01,1.000000000000000000e+00,1.000000000000000000e+00,-1.000000000000000000e+00,0.000000000000000000e+00
5.080000000000000000e+02,7.498762913165187172e+01,1.116720580323285539e+01,-5.663925711411553141e-03,1.710575387718029958e+02,8.805607010536642409e-02,nan,3.036709879701383284e-05,3.221274293279128731e+00,1.000000000000000000e+00,1.000000000000000000e+00,-1.000000000000000000e+00,0.000000000000000000e+00
5.090000000000000000e+02,3.438946118559785958e+01,4.490998161927360144e+01,-7.048421906790435301e-03,2.127779740099557841e+02,2.125611387132699814e-01,nan,1.407148145891536529e-04,5.440910698984497529e+00,1.000000000000000000e+00,1.000000000000000000e+00,-1.000000000000000000e+00,0.000000000000000000e+00
5.110000000000000000e+02,1.171244515776660400e+01,3.948187449702162155e+01,-7.350100200853693956e-03,2.218687535817828120e+02,2.489383170705994353e-02,nan,1.376817956630343552e-05,1.216617998079564167e+01,1.000000000000000000e+00,1.000000000000000000e+00,-1.000000000000000000e+00,0.000000000000000000e+00
5.120000000000000000e+02,2.965522294505685608e+01,1.999456202282754447e+01,-1.440544236590592803e-03,4.379007939242728753e+01,2.707100209974411253e-01,nan,8.477507956558531194e-06,1.320938523404099385e+01,1.000000000000000000e+00,1.000000000000000000e+00,-1.000000000000000000e+00,0.000000000000000000e+00
5.120000000000000000e+02,1.134518320950978563e+02,4.461801864763498315e+01,-8.348103673433868513e-03,2.519426096055173616e+02,2.072546767982519356e-02,nan,1.609270264031483573e-05,2.609331327133079981e+01,1.000000000000000000e+00,1.000000000000000000e+00,-1.000000000000000000e+00,0.000000000000000000e+00
5.130000000000000000e+02,6.466893630884135291e+01,1.728246440299435349e+01,-6.843345494076590214e-03,2.065981974066988300e+02,2.250250395357733524e-02,nan,1.051624808388718764e-05,9.621004900157702266e+00,1.000000000000000000e+00,1.000000000000000000e+00,-1.000000000000000000e+00,0.000000000000000000e+00
5.130000000000000000e+02,4.740364317760352719e+01,4.504975612130759544e+01,-1.402887845866768006e-02,4.231271873031251403e+02,9.512114670081173173e-03,nan,2.001770804110734750e-05,4.998615936299377616e+00,1.000000000000000000e+00,1.000000000000000000e+00,-1.000000000000000000e+00,0.000000000000000000e+00
5.130000000000000000e+02,8.753458675066761430e+01,4.764413682649334447e+01,-7.779143486288781460e-03,2.347975522770081227e+02,1.582148583674203302e-02,nan,9.192242873477024222e-06,2.500104613655579300e+01,1.000000000000000000e+00,1.000000000000000000e+00,-1.000000000000000000e+00,0.000000000000000000e+00
5.130000000000000000e+02,1.287459640368877345e+01,5.159242113236035010e+01,-6.640013784024555513e-03,2.004709957073346231e+02,3.034890479980645317e-02,nan,1.305384105569475656e-05,1.216617998079564167e+01,1.000000000000000000e+00,1.000000000000000000e+00,-1.000000000000000000e+00,0.000000000000000000e+00
5.140000000000000000e+02,3.048770273728711544e+01,5.323123786831919801e+01,-6.760785122280988345e-03,2.041103215597062785e+02,2.254960957374374519e-02,nan,1.097181536825872069e-05,9.190594352447760684e+00,1.000000000000000000e+00,1.000000000000000000e+00,-1.000000000000000000e+00,0.000000000000000000e+00
5.190000000000000000e+02,1.346246435264588968e+02,2.276895610418398874e+01,-1.738454813412613001e-02,5.242470024697424833e+02,3.627557950783844021e-03,nan,1.265946247307929098e-05,2.487600866407693800e+01,1.000000000000000000e+00,1.000000000000000000e+00,-1.000000000000000000e+00,0.000000000000000000e+00
5.190000000000000000e+02,1.116839750404546123e+02,4.033490297406537195e+01,-8.897308905744187590e-03,2.684923707413989291e+02,4.561229069284200577e-02,nan,3.722863209814518463e-05,6.458775061743000201e+00,1.000000000000000000e+00,1.000000000000000000e+00,-1.000000000000000000e+00,0.000000000000000000e+00
5.200000000000000000e+02,3.038732512135934272e+01,1.509654818314822045e+01,-7.478862129281850166e-03,2.257488680335646336e+02,2.146561111345346440e-02,nan,1.207360459229012281e-05,1.298906688150605859e+01,1.000000000000000000e+00,1.000000000000000000e+00,-1.000000000000000000e+00,0.000000000000000000e+00
5.210000000000000000e+02,6.278973684874271299e+01,4.884641331073913761e+01,-8.125094427879174172e-03,2.452224446691826927e+02,1.664015641104554799e-02,nan,1.187096944520448344e-05,1.727775576549339931e+01,1.000000000000000000e+00,1.000000000000000000e+00,-1.000000000000000000e+00,0.000000000000000000e+00
5.220000000000000000e+02,7.617913006016428312e+01,1.877012812447545542e+01,-7.424302741958442413e-03,2.241047743964300025e+02,1.767136994776374870e-02,nan,9.734596051713411923e-06,2.495743876821953222e+01,1.000000000000000000e+00,1.000000000000000000e+00,-1.000000000000000000e+00,0.000000000000000000e+00
5.220000000000000000e+02,5.572951215415459103e+01,3.307701029242647905e+01,-7.139536404084770999e-03,2.155236200408463958e+02,2.435678426715071065e-02,nan,1.332686849936836236e-05,9.072226304095778460e+00,1.000000000000000000e+00,1.000000000000000000e+00,-1.000000000000000000e+00,0.000000000000000000e+00
5.220000000000000000e+02,3.181080292042189583e+01,3.645217106515406158e+01,-6.859957728489076215e-03,2.070987908010905585e+02,2.542714638185661347e-02,nan,1.266534032340356582e-05,8.497327698759944425e+00,1.000000000000000000e+00,1.000000000000000000e+00,-1.000000000000000000e+00,0.000000000000000000e+00
5.220000000000000000e+02,1.180652540935654287e+02,4.133242637956642085e+01,-8.139887448544009391e-03,2.456682178411739699e+02,3.156043497713578727e-02,nan,2.240482333867497932e-05,6.458775061743000201e+00,1.000000000000000000e+00,1.000000000000000000e+00,-1.000000000000000000e+00,0.000000000000000000e+00
5.250000000000000000e+02,3.032657205513492826e+01,2.808547298534728043e+01,-7.448855955702188281e-03,2.248446614162019443e+02,2.597441069967376670e-02,nan,1.421948719410163623e-05,8.497327698759944425e+00,1.000000000000000000e+00,1.000000000000000000e+00,-1.000000000000000000e+00,0.000000000000000000e+00
5.250000000000000000e+02,3.248567733313276307e+01,4.597898264367226062e+01,-7.900878673865144308e-03,2.384659227835042543e+02,2.111453614372493792e-02,nan,1.302363416713253448e-05,9.550685542175507692e+00,1.000000000000000000e+00,1.000000000000000000e+00,-1.000000000000000000e+00,0.000000000000000000e+00
5.250000000000000000e+02,1.102773938272461010e+02,5.306793657107392903e+01,-1.690047039326918318e-03,5.130860169537218241e+01,3.010737566458495662e-01,nan,1.399691055860924386e-05,1.408449384900614554e+01,1.000000000000000000e+00,1.000000000000000000e+00,-1.000000000000000000e+00,0.000000000000000000e+00
5.260000000000000000e+02,4.807739549818298741e+01,3.795044858547270650e+01,-8.542324026128481768e-03,2.577952494853325334e+02,1.591642223706335457e-02,nan,1.237279177893932986e-05,9.072226304095778460e+00,1.000000000000000000e+00,1.000000000000000000e+00,-1.000000000000000000e+00,0.000000000000000000e+00
5.300000000000000000e+02,1.414959563077107134e+02,2.714286317012958705e+01,-8.509624007673261686e-03,2.568098664941759353e+02,4.044337434889611060e-02,nan,3.008330629109510368e-05,4.057965098656005409e+01,1.000000000000000000e+00,1.000000000000000000e+00,-1.000000000000000000e+00,0.000000000000000000e+00
5.320000000000000000e+02,1.682660025576674911e+01,5.052163614155587368e+01,-7.279945501173658469e-03,2.197547104992360971e+02,3.251155019009743796e-02,nan,1.866419256928606124e-05,1.661015727783346918e+01,1.000000000000000000e+00,1.000000000000000000e+00,-1.000000000000000000e+00,0.000000000000000000e+00
5.320000000000000000e+02,2.698738256493620113e+01,3.738177968647870131e+01,-1.496721463455692345e-03,4.548292503772934481e+01,2.851418752365947329e-01,nan,9.921315503346779738e-06,1.661015727783346918e+01,1.000000000000000000e+00,1.000000000000000000e+00,-1.000000000000000000e+00,0.000000000000000000e+00
5.330000000000000000e+02,9.521884010633471007e+01,1.209723666317930046e+01,-8.142163517194794808e-03,2.457368049380974924e+02,3.858241541125895235e-02,nan,2.652933076160407291e-05,2.491438700831815467e+01,1.000000000000000000e+00,1.000000000000000000e+00,-1.000000000000000000e+00,0.000000000000000000e+00
5.340000000000000000e+02,8.221011852615036730e+01,3.334576232613998314e+01,-6.131075655365966076e-03,1.851346442548723985e+02,3.498862556619131148e-02,nan,1.292906131724969492e-05,1.676998881246507977e+01,1.000000000000000000e+00,1.000000000000000000e+00,-1.000000000000000000e+00,0.000000000000000000e+00
5.340000000000000000e+02,3.900050099730720632e+01,2.448256803227189948e+01,-1.536177839770149801e-03,4.667190424782317848e+01,3.636490694462483075e-01,nan,1.698706535845762763e-05,1.150136083802529718e+01,1.000000000000000000e+00,1.000000000000000000e+00,-1.000000000000000000e+00,0.000000000000000000e+00
5.350000000000000000e+02,3.666716521672734785e+01,5.313779643213461412e+01,-7.910737501316923020e-03,2.387630088813923805e+02,2.330953307242489281e-02,nan,1.401130989441441394e-05,1.231088426394285662e+01,1.000000000000000000e+00,1.000000000000000000e+00,-1.000000000000000000e+00,0.000000000000000000e+00
5.350000000000000000e+02,1.066362839671408480e+01,9.790616995150470458e+00,-6.763488103975784371e-03,2.041917732625885549e+02,5.668364359389921336e-02,nan,2.623317861804508585e-05,4.654279071951251012e+00,1.000000000000000000e+00,1.000000000000000000e+00,-1.000000000000000000e+00,0.000000000000000000e+00
5.360000000000000000e+02,6.709955108426674997e+01,2.607229847770499376e+01,-7.407393739872519117e-03,2.235952381992037772e+02,1.852470785531590280e-02,nan,9.864555922486702115e-06,1.676998881246507977e+01,1.000000000000000000e+00,1.000000000000000000e+00,-1.000000000000000000e+00,0.000000000000000000e+00
5.360000000000000000e+02,4.984044490625132084e+01,2.832664362692496951e+01,-8.646784990772005478e-03,2.609430782225089729e+02,2.217002643201626544e-02,nan,1.839669194457308892e-05,1.150136083802529718e+01,1.000000000000000000e+00,1.000000000000000000e+00,-1.000000000000000000e+00,0.000000000000000000e+00
5.380000000000000000e+02,1.108083899951553235e+02,5.173668565120233609e+01,-7.155641049522158854e-03,2.160089177392052306e+02,2.555599913521211519e-02,nan,1.310838912881754274e-05,3.225441942473923973e+01,1.000000000000000000e+00,1.000000000000000000e+00,-1.000000000000000000e+00,0.000000000000000000e+00
5.390000000000000000e+02,1.219106689285165324e+01,5.394113234192179362e+00,-6.466260947708891982e-03,1.952351243635573042e+02,1.124288020831012425e-01,nan,5.916496273148848792e-05,4.654279071951251012e+00,1.000000000000000000e+00,1.000000000000000000e+00,-1.000000000000000000e+00,0.000000000000000000e+00
5.390000000000000000e+02,3.675461310698069894e+01,3.905719661351395189e+01,-1.501014143570988816e-03,4.561228074368656848e+01,3.339141733601521667e-01,nan,1.308250813254761946e-05,1.408087136457293198e+01,1.000000000000000000e+00,1.000000000000000000e+00,-1.000000000000000000e+00,0.000000000000000000e+00
5.400000000000000000e+02,2.538474314455481107e+01,4.821186265816344729e+01,-7.712024925566596939e-03,2.327750002647784129e+02,2.786193898611766251e-02,nan,1.659015382191942386e-05,1.231088426394285662e+01,1.000000000000000000e+00,1.000000000000000000e+00,-1.000000000000000000e+00,0.000000000000000000e+00
5.430000000000000000e+02,1.256500026032850492e+01,4.659641935638207144e+01,-6.852754806395535379e-03,2.068817378068446828e+02,2.936908239654323349e-02,nan,1.344897976513242225e-05,1.292112474511957210e+01,1.000000000000000000e+00,1.000000000000000000e+00,-1.000000000000000000e+00,0.000000000000000000e+00
5.430000000000000000e+02,1.412877209678777604e+02,4.118405773763319644e+01,-7.925813557398709089e-03,2.392173110481345475e+02,3.293754433366424816e-02,nan,2.027289831493122541e-05,1.582954813167184049e+01,1.000000000000000000e+00,1.000000000000000000e+00,-1.000000000000000000e+00,0.000000000000000000e+00
5.450000000000000000e+02,1.295765537087159203e+02,5.183408851133761885e+01,-7.353106958562150540e-03,2.219593592769600150e+02,5.596858249829106402e-02,nan,3.049219025231919743e-05,1.116701010078770118e+01,1.000000000000000000e+00,1.000000000000000000e+00,-1.000000000000000000e+00,0.000000000000000000e+00
5.450000000000000000e+02,6.101575438812021446e+01,1.167431985770558178e+01,-1.408275640486767420e-03,4.281769689078571872e+01,3.174367017962659299e-01,nan,1.066670174663160289e-05,1.725848394738598302e+01,1.000000000000000000e+00,1.000000000000000000e+00,-1.000000000000000000e+00,0.000000000000000000e+00
5.470000000000000000e+02,7.574975556895910245e+01,2.066122574155781422e+01,-7.716953371634004306e-03,2.329235141542829695e+02,4.222185697452807140e-02,nan,2.768163706928468683e-05,7.087518295271038937e+00,1.000000000000000000e+00,1.000000000000000000e+00,-1.000000000000000000e+00,0.000000000000000000e+00
5.470000000000000000e+02,1.085090109299074612e+02,5.098336106691273528e+01,-7.259526490306950942e-03,2.191394036292461180e+02,5.061754981590371738e-02,nan,2.058250095644179582e-05,1.639806188099105810e+01,1.000000000000000000e+00,1.000000000000000000e+00,-1.000000000000000000e+00,0.000000000000000000e+00
5.480000000000000000e+02,5.950941705058935938e+00,5.409028080379802539e+00,-7.860306215807700767e-03,2.372433115444932241e+02,2.437875270310219111e-02,nan,1.466394108472892338e-05,1.579624003707313307e+01,1.000000000000000000e+00,1.000000000000000000e+00,-1.000000000000000000e+00,0.000000000000000000e+00
5.480000000000000000e+02,1.228064090099304195e+02,4.295336470364034653e+01,-8.553510192983502722e-03,2.581323336545746088e+02,3.425082318756555999e-02,nan,2.497307481940632599e-05,1.116701010078770118e+01,1.000000000000000000e+00,1.000000000000000000e+00,-1.000000000000000000e+00,0.000000000000000000e+00
5.500000000000000000e+02,1.138701500115448084e+01,2.024042405069591766e+01,-8.463524554680195919e-03,2.554207046824418228e+02,2.213784378554894960e-02,nan,1.660563297153611103e-05,9.115923234929120156e+00,1.000000000000000000e+00,1.000000000000000000e+00,-1.000000000000000000e+00,0.000000000000000000e+00
5.500000000000000000e+02,7.569477245703291146e+01,2.774853076132411545e+01,-8.363585608407280922e-03,2.524091425346618962e+02,2.449623038574111344e-02,nan,1.768548049281290374e-05,7.087518295271038937e+00,1.000000000000000000e+00,1.000000000000000000e+00,-1.000000000000000000e+00,0.000000000000000000e+00
5.500000000000000000e+02,1.399655351851328930e+02,3.699726256341240571e+01,-8.108360962420752688e-03,2.447181980960984617e+02,3.274967296383690663e-02,nan,2.087702131489507348e-05,1.811249127884846999e+01,1.000000000000000000e+00,1.000000000000000000e+00,-1.000000000000000000e+00,0.000000000000000000e+00
5.510000000000000000e+02,2.050241253001167152e+01,2.033832357073968211e+01,-5.959369549333286276e-03,1.799604491211895549e+02,3.700133412668282773e-02,nan,1.297048132395497614e-05,9.115923234929120156e+00,1.000000000000000000e+00,1.000000000000000000e+00,-1.000000000000000000e+00,0.000000000000000000e+00
5.520000000000000000e+02,2.804002391279751194e+01,1.415287825844314185e+01,-1.276734867983044018e-03,3.885384469766621862e+01,3.730412584697597733e-01,nan,1.222997464660288877e-05,9.750657366009427562e+00,1.000000000000000000e+00,1.000000000000000000e+00,-1.000000000000000000e+00,0.000000000000000000e+00
5.560000000000000000e+02,1.200674478075384997e+02,4.712074045197724104e+00,-7.866574489984833399e-03,2.374321998402754161e+02,4.334880143295627430e-02,nan,2.659039355169878904e-05,6.930319122327863113e+01,1.000000000000000000e+00,1.000000000000000000e+00,-1.000000000000000000e+00,0.000000000000000000e+00
5.560000000000000000e+02,4.017276820432333295e+01,5.653523060805404121e+00,-6.574470801565155190e-03,1.984959222010730286e+02,3.850332438998105289e-02,nan,1.719991431556358417e-05,1.272004239163894468e+01,1.000000000000000000e+00,1.000000000000000000e+00,-1.000000000000000000e+00,0.000000000000000000e+00
5.560000000000000000e+02,1.228813040560748782e+01,8.133594757643955120e+00,-7.840136695739349099e-03,2.366355228350659559e+02,2.605095124393019823e-02,nan,1.568847780819213056e-05,1.293399219194671979e+01,1.000000000000000000e+00,1.000000000000000000e+00,-1.000000000000000000e+00,0.000000000000000000e+00
5.600000000000000000e+02,5.556798017058850547e+01,4.418152288804373740e+01,-1.303908575836376302e-03,3.967269773782584252e+01,2.808579954391539069e-01,nan,7.461485538975818695e-06,1.866395309773382394e+01,1.000000000000000000e+00,1.000000000000000000e+00,-1.000000000000000000e+00,0.000000000000000000e+00
5.610000000000000000e+02,2.257709406346388903e+01,1.597102934229274318e+01,-7.923238202934444405e-03,2.391397052666955858e+02,2.890412744403392242e-02,nan,1.984994419743016782e-05,1.293399219194671979e+01,1.000000000000000000e+00,1.000000000000000000e+00,-1.000000000000000000e+00,0.000000000000000000e+00
5.610000000000000000e+02,1.575302216654499254e+01,4.230849360423459160e+01,-7.994061407395006841e-03,2.412738930852809176e+02,2.262147953612969609e-02,nan,1.523711976845928827e-05,1.253756516037408275e+01,1.000000000000000000e+00,1.000000000000000000e+00,-1.000000000000000000e+00,0.000000000000000000e+00
5.610000000000000000e+02,2.740958798578363087e+01,4.923472501338294194e+01,-7.053878614898174450e-03,2.129424065580424497e+02,3.374352218912024526e-02,nan,1.646421371617490134e-05,1.051487061230308484e+01,1.000000000000000000e+00,1.000000000000000000e+00,-1.000000000000000000e+00,0.000000000000000000e+00
5.620000000000000000e+02,5.879081041636121796e+01,1.420638327634837594e+01,-8.593727425233520928e-03,2.593442405122062837e+02,1.827120377915891769e-02,nan,1.433119129720633742e-05,1.067133596412323371e+01,1.000000000000000000e+00,1.000000000000000000e+00,-1.000000000000000000e+00,0.000000000000000000e+00
5.620000000000000000e+02,2.669784030119488349e+01,3.619281734154173336e+01,-9.244281294082411227e-03,2.789480434297089460e+02,2.183505286798470557e-02,nan,1.846417127532719131e-05,1.253756516037408275e+01,1.000000000000000000e+00,1.000000000000000000e+00,-1.000000000000000000e+00,0.000000000000000000e+00
5.640000000000000000e+02,3.691218403188621977e+01,4.473326165375526386e+01,-1.422560366387434945e-03,4.324815309848260370e+01,3.250252488214264712e-01,nan,1.136483438959622748e-05,1.051487061230308484e+01,1.000000000000000000e+00,1.000000000000000000e+00,-1.000000000000000000e+00,0.000000000000000000e+00
5.650000000000000000e+02,4.860400779773522828e+01,1.738544975384528612e+01,-7.204863628297922089e-03,2.174921918839255284e+02,2.527660948118304329e-02,nan,1.379536083063914701e-05,1.067133596412323371e+01,1.000000000000000000e+00,1.000000000000000000e+00,-1.000000000000000000e+00,0.000000000000000000e+00
5.650000000000000000e+02,1.095314456632521711e+02,2.674835364926251202e+01,-7.261795066130684838e-03,2.192077649371737493e+02,2.823847606673279831e-02,nan,1.503960403927615551e-05,1.429745181985952662e+01,1.000000000000000000e+00,1.000000000000000000e+00,-1.000000000000000000e+00,0.000000000000000000e+00
5.700000000000000000e+02,1.207169303641634741e+02,7.742280043498393383e+00,-1.390087697914592357e-02,4.192699882334565018e+02,1.280952798582379870e-02,nan,2.545896344761682778e-05,2.205325150407631796e+01,1.000000000000000000e+00,1.000000000000000000e+00,-1.000000000000000000e+00,0.000000000000000000e+00
5.700000000000000000e+02,1.424702720741799453e+02,5.032463935530638111e+01,-1.754639961486415337e-03,5.325504606610652303e+01,3.341997034575029391e-01,nan,1.810569005433865209e-05,4.050688253892468538e+01,1.000000000000000000e+00,1.000000000000000000e+00,-1.000000000000000000e+00,0.000000000000000000e+00
5.720000000000000000e+02,1.991752141544264987e+01,1.048213865390241395e+01,-5.181916796377735411e-03,1.565326727656689059e+02,4.900197250843540964e-02,nan,1.351891127519328846e-05,2.279872753534364449e+01,1.000000000000000000e+00,1.000000000000000000e+00,-1.000000000000000000e+00,0.000000000000000000e+00
5.730000000000000000e+02,6.893232078747917058e+01,7.497993981373438643e+00,-8.524954296097928680e-03,2.572718297032756141e+02,1.915478563556016756e-02,nan,1.352273522514106181e-05,1.638644088819872024e+01,1.000000000000000000e+00,1.000000000000000000e+00,-1.000000000000000000e+00,0.000000000000000000e+00
5.730000000000000000e+02,9.988426441877712136e+01,2.884887760801114709e+01,-8.009619118786700034e-03,2.417427094624854647e+02,3.391819709701249241e-02,nan,2.130271645170965928e-05,1.307729352905159637e+01,1.000000000000000000e+00,1.000000000000000000e+00,-1.000000000000000000e+00,0.000000000000000000e+00
5.740000000000000000e+02,8.805470206042632242e+01,3.442355790869787313e+01,-7.289251394458142429e-03,2.200351344681891135e+02,2.259444696632839644e-02,nan,1.305692829796239791e-05,1.307729352905159637e+01,1.000000000000000000e+00,1.000000000000000000e+00,-1.000000000000000000e+00,0.000000000000000000e+00
5.750000000000000000e+02,6.121778732340057871e+01,2.195487533296661198e+01,-6.759180152067631973e-03,2.040619573561288291e+02,2.835718999056169309e-02,nan,1.265338308657800565e-05,1.638644088819872024e+01,1.000000000000000000e+00,1.000000000000000000e+00,-1.000000000000000000e+00,0.000000000000000000e+00
5.750000000000000000e+02,2.621719776277650737e+01,4.899898174378582638e+01,-7.673203303097456823e-03,2.316051487393861521e+02,2.343388900558796006e-02,nan,1.332781527202687469e-05,1.141136786661370017e+01,1.000000000000000000e+00,1.000000000000000000e+00,-1.000000000000000000e+00,0.000000000000000000e+00
5.770000000000000000e+02,1.366606664785774115e+02,3.638146744709736424e+01,-1.476986059676844987e-02,4.454559574423606136e+02,7.222872559186410690e-03,nan,1.793072649824870189e-05,1.397487475410457591e+01,1.000000000000000000e+00,1.000000000000000000e+00,-1.000000000000000000e+00,0.000000000000000000e+00
5.780000000000000000e+02,1.319145048830092435e+02,1.562117574532229547e+01,-9.185016722438201983e-03,2.771621636768776398e+02,2.341928523851732891e-02,nan,1.989524454694138747e-05,1.089783378482690068e+01,1.000000000000000000e+00,1.000000000000000000e+00,-1.000000000000000000e+00,0.000000000000000000e+00
5.780000000000000000e+02,1.252946553689614433e+02,2.825060550945534033e+01,-8.344644198044188707e-03,2.518383617069425213e+02,3.803535961122594955e-02,nan,2.625659841338110083e-05,1.397487475410457591e+01,1.000000000000000000e+00,1.000000000000000000e+00,-1.000000000000000000e+00,0.000000000000000000e+00
5.790000000000000000e+02,1.104145662523906140e+02,2.651229738005250525e+01,-1.492630869420736098e-02,4.501703674487717421e+02,9.114233861966081207e-03,nan,2.255124594643089983e-05,1.498128056174897260e+01,1.000000000000000000e+00,1.000000000000000000e+00,-1.000000000000000000e+00,0.000000000000000000e+00
5.800000000000000000e+02,1.502433702281177830e+01,5.122140948005531413e+01,-7.724150930881134268e-03,2.331404055444109815e+02,2.584812460475738316e-02,nan,1.559752157866786291e-05,1.141136786661370017e+01,1.000000000000000000e+00,1.000000000000000000e+00,-1.000000000000000000e+00,0.000000000000000000e+00
5.810000000000000000e+02,9.511787526897427369e+01,4.730461292711972732e+01,-6.865817473321636846e-03,2.072753684656698852e+02,3.710329595025485538e-02,nan,1.798371815821588952e-05,1.429083102489249590e+01,1.000000000000000000e+00,1.000000000000000000e+00,-1.000000000000000000e+00,0.000000000000000000e+00
5.830000000000000000e+02,8.134321773439891956e+01,4.349847824910367677e+01,-7.018486784949645209e-03,2.118759084670720654e+02,2.196136925716118959e-02,nan,1.070278492059574260e-05,1.429083102489249590e+01,1.000000000000000000e+00,1.000000000000000000e+00,-1.000000000000000000e+00,0.000000000000000000e+00
5.830000000000000000e+02,3.958634032945183634e+01,5.243738090846600386e+01,-8.646665663896440854e-03,2.609394824241234119e+02,1.766884182609607112e-02,nan,1.335568024455545096e-05,8.270319812277580951e+00,1.000000000000000000e+00,1.000000000000000000e+00,-1.000000000000000000e+00,0.000000000000000000e+00
5.830000000000000000e+02,1.422863988454546416e+02,1.896581277099538099e+01,-2.514758660090442560e-03,7.616047769117490418e+01,3.337491243047491229e-01,nan,4.017273609812130043e-05,6.744886513756195079e+00,1.000000000000000000e+00,1.000000000000000000e+00,-1.000000000000000000e+00,0.000000000000000000e+00
5.850000000000000000e+02,1.215115439679357081e+02,3.200658903766876762e+01,-7.397684947212482785e-03,2.233026732526436717e+02,4.991367047407124780e-02,nan,3.131778659656124096e-05,1.326721143329333330e+01,1.000000000000000000e+00,1.000000000000000000e+00,-1.000000000000000000e+00,0.000000000000000000e+00
5.860000000000000000e+02,1.403815155369769343e+02,1.249550260342742902e+01,-1.152938776410560376e-02,3.478074861736428716e+02,8.235038557323426378e-02,nan,1.154830711714678132e-04,6.744886513756195079e+00,1.000000000000000000e+00,1.000000000000000000e+00,-1.000000000000000000e+00,0.000000000000000000e+00
5.860000000000000000e+02,1.036925282356381786e+02,4.722478085574057793e+00,-6.943515271945868532e-03,2.096167154382862918e+02,3.264368610089729561e-02,nan,1.586665343172796998e-05,3.258742137871730193e+01,1.000000000000000000e+00,1.000000000000000000e+00,-1.000000000000000000e+00,0.000000000000000000e+00
5.870000000000000000e+02,4.591379516922645365e+01,2.065739236101459042e+01,-7.863446254467590726e-03,2.373379335304491917e+02,2.455750951744517518e-02,nan,1.469238129040355850e-05,1.768441491222412765e+01,1.000000000000000000e+00,1.000000000000000000e+00,-1.000000000000000000e+00,0.000000000000000000e+00
5.870000000000000000e+02,1.343907207843747926e+02,3.519182117153395239e+01,-6.764463991863387503e-03,2.042211806871451074e+02,6.861842960129105329e-02,nan,3.419489267935583472e-05,1.326721143329333330e+01,1.000000000000000000e+00,1.000000000000000000e+00,-1.000000000000000000e+00,0.000000000000000000e+00
5.870000000000000000e+02,1.043427208516103377e+02,5.175789577341949865e+01,-8.423720427592047699e-03,2.542212463437803365e+02,2.558556744302742381e-02,nan,1.904069637197508246e-05,2.443757601480950825e+01,1.000000000000000000e+00,1.000000000000000000e+00,-1.000000000000000000e+00,0.000000000000000000e+00
5.920000000000000000e+02,1.032006733009833539e+02,2.657498828356629517e+01,-1.023503721640845431e-02,3.088035016333396925e+02,8.238881283463228566e-02,nan,9.540291064813676513e-05,1.781583446629874601e+01,1.000000000000000000e+00,1.000000000000000000e+00,-1.000000000000000000e+00,0.000000000000000000e+00
5.930000000000000000e+02,5.609131962846225150e+01,2.380117352135433961e+01,-7.498970471574000103e-03,2.263548132106957951e+02,2.449992938266409848e-02,nan,1.396727947371033163e-05,8.545929900076007613e+00,1.000000000000000000e+00,1.000000000000000000e+00,-1.000000000000000000e+00,0.000000000000000000e+00
5.930000000000000000e+02,7.070433794572723230e+01,3.382662129080690505e+01,-7.324804170080827757e-03,2.211064824992300260e+02,2.917632992958374416e-02,nan,1.613764589059510894e-05,1.224498034842466687e+01,1.000000000000000000e+00,1.000000000000000000e+00,-1.000000000000000000e+00,0.000000000000000000e+00
5.930000000000000000e+02,9.569380178613263865e+01,4.273205601846427015e+01,-8.177842555309648362e-03,2.468119577655293995e+02,1.946173991781185997e-02,nan,1.281391168644338244e-05,1.711411126481149481e+01,1.000000000000000000e+00,1.000000000000000000e+00,-1.000000000000000000e+00,0.000000000000000000e+00
5.940000000000000000e+02,8.744740397096713025e+01,1.550689976951931115e+01,-1.773252209033587216e-03,5.381590789513867890e+01,2.557531970078329442e-01,nan,1.197868414113604550e-05,1.821605044598206291e+01,1.000000000000000000e+00,1.000000000000000000e+00,-1.000000000000000000e+00,0.000000000000000000e+00
5.950000000000000000e+02,3.125412001876303592e+01,3.003356396244083726e+01,-6.515440613540201230e-03,1.967171053687760605e+02,3.978582982046208194e-02,nan,1.662740836604632963e-05,1.766970362057392663e+01,1.000000000000000000e+00,1.000000000000000000e+00,-1.000000000000000000e+00,0.000000000000000000e+00
5.950000000000000000e+02,8.214135586251580889e+01,5.318308533962633788e+01,-7.550177680905673788e-03,2.278978922511289511e+02,1.515481137126517552e-01,nan,1.018951947061785070e-04,1.711411126481149481e+01,1.000000000000000000e+00,1.000000000000000000e+00,-1.000000000000000000e+00,0.000000000000000000e+00
5.960000000000000000e+02,1.376538382595078360e+02,2.626083439929195862e+01,-1.375548145530439310e-02,4.148886366944673227e+02,1.907410159962696916e-02,nan,3.578035440633645808e-05,3.085955694532503202e+01,1.000000000000000000e+00,1.000000000000000000e+00,-1.000000000000000000e+00,0.000000000000000000e+00
5.960000000000000000e+02,6.939418761911622369e+01,1.793710000897004164e+01,-2.056522363791693682e-03,6.235197623966232072e+01,2.219653320117409567e-01,nan,1.290048842333586934e-05,5.766920074218589320e+00,1.000000000000000000e+00,1.000000000000000000e+00,-1.000000000000000000e+00,0.000000000000000000e+00
5.980000000000000000e+02,1.078007543097352112e+02,1.844382515344949525e+01,-8.683052201969210585e-03,2.620359550690266701e+02,1.606673206450370817e-02,nan,1.180882983857620131e-05,2.056415329459018082e+01,1.000000000000000000e+00,1.000000000000000000e+00,-1.000000000000000000e+00,0.000000000000000000e+00
5.980000000000000000e+02,4.756408249104726593e+01,2.323624462378950284e+01,-7.370669048923713003e-03,2.224885756489671849e+02,5.916222182547181685e-02,nan,3.521526851779298951e-05,8.217138605677865471e+00,1.000000000000000000e+00,1.000000000000000000e+00,-1.000000000000000000e+00,0.000000000000000000e+00
6.010000000000000000e+02,5.577182254717371279e+01,2.362914414781442218e+01,-1.548094115111322069e-02,4.668836726760108036e+02,6.759362962569293032e-03,nan,2.170128422866894261e-05,8.217138605677865471e+00,1.000000000000000000e+00,1.000000000000000000e+00,-1.000000000000000000e+00,0.000000000000000000e+00
6.010000000000000000e+02,8.606495270494890804e+01,3.339485687467031028e+01,-8.495151900743382056e-03,2.563737637429058509e+02,2.151299665259476246e-02,nan,1.527820588039567010e-05,1.896164531152844290e+01,1.000000000000000000e+00,1.000000000000000000e+00,-1.000000000000000000e+00,0.000000000000000000e+00
6.010000000000000000e+02,3.088587534293248282e+01,3.457961562146176249e+01,-7.792696507637838881e-03,2.352059592855372330e+02,2.232987480768422461e-02,nan,1.408277628918052892e-05,2.017014276762212788e+01,1.000000000000000000e+00,1.000000000000000000e+00,-1.000000000000000000e+00,0.000000000000000000e+00
6.040000000000000000e+02,1.043948467312605999e+02,2.854109772279724311e+01,-7.434911496012015959e-03,2.244244587971000158e+02,2.900961540289270779e-02,nan,1.757047920755094265e-05,1.576158661155950469e+01,1.000000000000000000e+00,1.000000000000000000e+00,-1.000000000000000000e+00,0.000000000000000000e+00
6.040000000000000000e+02,5.591380061503740251e+01,4.533068039243275393e+01,-1.467705346306030648e-03,4.460855280005495160e+01,2.920367558248769813e-01,nan,9.909279788404229628e-06,1.660926044704493520e+01,1.000000000000000000e+00,1.000000000000000000e+00,-1.000000000000000000e+00,0.000000000000000000e+00
6.080000000000000000e+02,3.028953339647834397e+01,5.101585455705181005e+01,-8.643386957782238367e-03,2.608406818304063108e+02,1.556143920635366662e-02,nan,1.193453098063857219e-05,2.624736702547842881e+01,1.000000000000000000e+00,1.000000000000000000e+00,-1.000000000000000000e+00,0.000000000000000000e+00
6.090000000000000000e+02,5.315991857687924949e+01,2.895131330094594091e+01,-8.692822909484787183e-03,2.623303857590460098e+02,1.793515206304063803e-02,nan,1.488551258964882964e-05,1.660926044704493520e+01,1.000000000000000000e+00,1.000000000000000000e+00,-1.000000000000000000e+00,0.000000000000000000e+00
6.090000000000000000e+02,1.163663189810126255e+02,1.828870947970436944e+01,-1.860124436285490049e-03,5.643371727818668404e+01,3.002837262237980642e-01,nan,1.705533787140252938e-05,1.473038792955186338e+01,1.000000000000000000e+00,1.000000000000000000e+00,-1.000000000000000000e+00,0.000000000000000000e+00
6.100000000000000000e+02,9.371069336997750554e+01,6.332134236098797331e+00,-1.360312935558515186e-02,4.102976555628841311e+02,5.507070112006873241e-02,nan,1.030749354628170410e-04,1.424100498610607879e+01,1.000000000000000000e+00,1.000000000000000000e+00,-1.000000000000000000e+00,0.000000000000000000e+00
6.100000000000000000e+02,9.313368359645556893e+01,2.056144492690734182e+01,-6.379362867450857205e-03,1.926165359255204805e+02,8.489118959235408823e-02,nan,3.335564789223763012e-05,8.968844582266729759e+00,1.000000000000000000e+00,1.000000000000000000e+00,-1.000000000000000000e+00,0.000000000000000000e+00
6.110000000000000000e+02,1.153593094728186657e+02,3.298463614002402977e+01,-2.212018159810251461e-03,6.703768957657902661e+01,3.224788042213665440e-01,nan,2.788240927332756133e-05,1.473038792955186338e+01,1.000000000000000000e+00,1.000000000000000000e+00,-1.000000000000000000e+00,0.000000000000000000e+00
6.110000000000000000e+02,1.348884063836921712e+02,3.982050022140334988e+01,-1.537605164738810532e-03,4.671491528614713218e+01,3.050379825623603658e-01,nan,1.288578262239625747e-05,1.073523312081280601e+01,1.000000000000000000e+00,1.000000000000000000e+00,-1.000000000000000000e+00,0.000000000000000000e+00
6.120000000000000000e+02,9.331241429454247793e+01,2.952850846400891882e+01,-6.733466842445261571e-03,2.032871119846216175e+02,3.517641688733597061e-02,nan,1.649476089468131926e-05,8.968844582266729759e+00,1.000000000000000000e+00,1.000000000000000000e+00,-1.000000000000000000e+00,0.000000000000000000e+00
6.130000000000000000e+02,7.890517699718611766e+01,3.386219825164211272e+01,-1.551590468802131707e-03,4.713634871038271967e+01,3.098061216671762486e-01,nan,1.227620519158635196e-05,1.496469491990752765e+01,1.000000000000000000e+00,1.000000000000000000e+00,-1.000000000000000000e+00,0.000000000000000000e+00
6.160000000000000000e+02,6.404222845551709042e+01,3.560428168638475199e+01,-7.742902512572463064e-03,2.337054660712489920e+02,2.648249073551200983e-02,nan,1.537672392766872972e-05,1.496469491990752765e+01,1.000000000000000000e+00,1.000000000000000000e+00,-1.000000000000000000e+00,0.000000000000000000e+00
6.180000000000000000e+02,1.713209284524576859e+01,3.189591821944466332e+01,-7.274923813442156495e-03,2.196033868636149577e+02,1.710009828374081664e-02,nan,8.914377200435008198e-06,1.492381356381740254e+01,1.000000000000000000e+00,1.000000000000000000e+00,-1.000000000000000000e+00,0.000000000000000000e+00
6.180000000000000000e+02,1.185062919776140404e+02,2.099833933646662487e+01,-1.452204802997520382e-03,4.414145912697922824e+01,3.577876212479563778e-01,nan,1.581924151683342401e-05,2.939495119537717827e+01,1.000000000000000000e+00,1.000000000000000000e+00,-1.000000000000000000e+00,0.000000000000000000e+00
6.180000000000000000e+02,1.377079594312390043e+02,4.776137188065710859e+01,-1.948517291641817988e-03,5.909734929806368342e+01,3.716333644436851102e-01,nan,2.719684015453388315e-05,3.293879086974807535e+01,1.000000000000000000e+00,1.000000000000000000e+00,-1.000000000000000000e+00,0.000000000000000000e+00
6.190000000000000000e+02,7.802905626973819153e+01,1.690556966592392740e+01,-6.947124161521350816e-03,2.097254657868377024e+02,3.092212251279069513e-02,nan,1.541728440757933713e-05,1.230621536561678475e+01,1.000000000000000000e+00,1.000000000000000000e+00,-1.000000000000000000e+00,0.000000000000000000e+00
6.190000000000000000e+02,4.580402500942012267e+01,2.504777799122534887e+01,-7.077090760187663976e-03,2.136418817949705726e+02,3.176418214575260635e-02,nan,1.545466168946507262e-05,1.668249282167678871e+01,1.000000000000000000e+00,1.000000000000000000e+00,-1.000000000000000000e+00,0.000000000000000000e+00
6.200000000000000000e+02,8.683630234544860116e+01,2.610702861426751653e+01,-7.148010621271224350e-03,2.157789822661103756e+02,2.984611626204436430e-02,nan,1.541772557408542456e-05,1.256704645370781570e+01,1.000000000000000000e+00,1.000000000000000000e+00,-1.000000000000000000e+00,0.000000000000000000e+00
6.220000000000000000e+02,8.997197497181333858e+01,1.393746766286433747e+01,-7.750498860722359468e-03,2.339343745739173528e+02,2.680528885120947447e-02,nan,1.636166480361425293e-05,8.045571411341461143e+00,1.000000000000000000e+00,1.000000000000000000e+00,-1.000000000000000000e+00,0.000000000000000000e+00
6.220000000000000000e+02,6.133383892941957072e+01,1.626647135069991634e+01,-7.017040737754578344e-03,2.118323332528140099e+02,2.503527139221239928e-02,nan,1.297421817315987321e-05,1.670744530731726840e+01,1.000000000000000000e+00,1.000000000000000000e+00,-1.000000000000000000e+00,0.000000000000000000e+00
6.230000000000000000e+02,7.112366399198900524e+01,4.193963960613652375e+01,-1.582235841470335880e-03,4.805981696549265081e+01,2.708092299673168224e-01,nan,1.025502110510590440e-05,1.122192785031969464e+01,1.000000000000000000e+00,1.000000000000000000e+00,-1.000000000000000000e+00,0.000000000000000000e+00
6.260000000000000000e+02,8.485168300576941647e+01,7.731516525652484262e+00,-1.748473212039557525e-03,5.306921711851801859e+01,2.827475744201094487e-01,nan,1.443014358812297336e-05,8.045571411341461143e+00,1.000000000000000000e+00,1.000000000000000000e+00,-1.000000000000000000e+00,0.000000000000000000e+00
6.260000000000000000e+02,7.508809478583987129e+01,2.980106181137147203e+01,-7.396387739422462422e-03,2.232635831679077114e+02,2.594567581947537782e-02,nan,1.377340811111720693e-05,1.276956469104550962e+01,1.000000000000000000e+00,1.000000000000000000e+00,-1.000000000000000000e+00,0.000000000000000000e+00
6.260000000000000000e+02,4.816348986924386111e+01,4.101993893302660155e+01,-8.871339384466258096e-03,2.677098046828875226e+02,1.769740729743030094e-02,nan,1.358902309974225230e-05,1.177853397262174084e+01,1.000000000000000000e+00,1.000000000000000000e+00,-1.000000000000000000e+00,0.000000000000000000e+00
6.260000000000000000e+02,1.287298853624058950e+02,5.280654165470424743e+01,-7.388779033165831893e-03,2.230343022658110215e+02,4.633851948391920494e-02,nan,2.519739157294382495e-05,2.177818106467463366e+01,1.000000000000000000e+00,1.000000000000000000e+00,-1.000000000000000000e+00,0.000000000000000000e+00
6.270000000000000000e+02,5.990185753983459449e+01,4.199183757703982423e+01,-8.219226064989249708e-03,2.480590092498729859e+02,2.063674165334106192e-02,nan,1.328041314182519566e-05,1.122192785031969464e+01,1.000000000000000000e+00,1.000000000000000000e+00,-1.000000000000000000e+00,0.000000000000000000e+00
6.280000000000000000e+02,1.292175735827526069e+02,3.103382178130561186e+01,-7.627547168762230899e-03,2.302293459006965577e+02,4.686631570896659937e-02,nan,2.735957501977180189e-05,1.211974117768862058e+01,1.000000000000000000e+00,1.000000000000000000e+00,-1.000000000000000000e+00,0.000000000000000000e+00
6.310000000000000000e+02,1.366877638685727447e+02,2.149000790488285517e+01,-8.484386509747672903e-03,2.560493592415796797e+02,4.375164373588613653e-02,nan,2.569630745097659983e-05,6.712618270042612245e+00,1.000000000000000000e+00,1.000000000000000000e+00,-1.000000000000000000e+00,0.000000000000000000e+00
6.320000000000000000e+02,8.667993725859159326e+01,4.168962560093675052e+01,-6.183832079623134692e-03,1.867244073679558483e+02,3.388545745895610306e-02,nan,1.327542692567299153e-05,9.769275091523912380e+00,1.000000000000000000e+00,1.000000000000000000e+00,-1.000000000000000000e+00,0.000000000000000000e+00
6.330000000000000000e+02,7.076932457767310325e+01,2.845493862397248463e+01,-7.648969598303643862e-03,2.308748898085162580e+02,2.614306901093432778e-02,nan,1.544094244630960650e-05,2.069551969051349616e+01,1.000000000000000000e+00,1.000000000000000000e+00,-1.000000000000000000e+00,0.000000000000000000e+00
6.350000000000000000e+02,4.517455587112220883e+01,3.661949206440851867e+01,-6.341923779854660194e-03,1.914883457328379848e+02,3.377283282961218713e-02,nan,1.392930492356351064e-05,2.686544468315335621e+01,1.000000000000000000e+00,1.000000000000000000e+00,-1.000000000000000000e+00,0.000000000000000000e+00
6.350000000000000000e+02,9.572561957144212386e+01,3.799986039040469876e+01,-7.347317851717853274e-03,2.217849102188908148e+02,3.963163360811439162e-02,nan,2.123034824906179852e-05,9.769275091523912380e+00,1.000000000000000000e+00,1.000000000000000000e+00,-1.000000000000000000e+00,0.000000000000000000e+00
6.350000000000000000e+02,1.402971653878576035e+02,1.583037322480905829e+01,-6.091299158200972827e-03,1.839360185168518456e+02,1.123143525271642629e-01,nan,4.660467933574620854e-05,6.712618270042612245e+00,1.000000000000000000e+00,1.000000000000000000e+00,-1.000000000000000000e+00,0.000000000000000000e+00
6.370000000000000000e+02,1.338282340684788210e+02,5.721239693018688399e+00,-8.297752920167759949e-03,2.504253390287961167e+02,2.695854189258806155e-02,nan,1.844226985805584080e-05,1.200173542361304335e+01,1.000000000000000000e+00,1.000000000000000000e+00,-1.000000000000000000e+00,0.000000000000000000e+00
6.390000000000000000e+02,5.513449318142392030e+00,2.658076466130435023e+01,-6.852580453691564828e-03,2.068764838590773252e+02,2.598185197886593301e-02,nan,1.372319532158924231e-05,1.545622585752377276e+01,1.000000000000000000e+00,1.000000000000000000e+00,-1.000000000000000000e+00,0.000000000000000000e+00
6.400000000000000000e+02,3.538229386582076330e+01,9.763162689318447107e+00,-8.742834517147159840e-03,2.638374365155581245e+02,1.397046255466638520e-02,nan,1.255247730989889365e-05,1.315723459983041366e+01,1.000000000000000000e+00,1.000000000000000000e+00,-1.000000000000000000e+00,0.000000000000000000e+00
6.430000000000000000e+02,9.104122076729667867e+01,1.682879586055034693e+01,-1.514648515100823706e-03,4.602313916014305306e+01,3.205873532250341773e-01,nan,1.234631787559351810e-05,2.114526614914135649e+01,1.000000000000000000e+00,1.000000000000000000e+00,-1.000000000000000000e+00,0.000000000000000000e+00
6.440000000000000000e+02,1.926464722674633379e+01,1.952389043561539594e+01,-6.534163869192632750e-03,1.972813123182078527e+02,4.799702092424817934e-02,nan,2.046278449761553542e-05,5.708758052660265925e+00,1.000000000000000000e+00,1.000000000000000000e+00,-1.000000000000000000e+00,0.000000000000000000e+00
6.440000000000000000e+02,2.224307426256962117e+01,1.045144354225240768e+01,-7.479620503378599412e-03,2.257717208933235327e+02,2.761131623436430260e-02,nan,1.609143923590234835e-05,6.218166481000985790e+00,1.000000000000000000e+00,1.000000000000000000e+00,-1.000000000000000000e+00,0.000000000000000000e+00
6.440000000000000000e+02,1.120828500815565150e+02,1.891975648172532942e+01,-1.647926687025073195e-03,5.003934618114058708e+01,3.424346828848471302e-01,nan,1.741268414262497948e-05,3.492670148441349376e+00,1.000000000000000000e+00,1.000000000000000000e+00,-1.000000000000000000e+00,0.000000000000000000e+00
6.450000000000000000e+02,1.270977827942034537e+02,2.960698961609885416e+01,-1.376146961339719775e-02,4.150690839667246337e+02,1.555717001017886680e-02,nan,3.034989976601609187e-05,1.843000695696467872e+01,1.000000000000000000e+00,1.000000000000000000e+00,-1.000000000000000000e+00,0.000000000000000000e+00
6.450000000000000000e+02,1.285292958086577642e+02,5.012809462249710890e+01,-8.803717435045552500e-03,2.656720835458409056e+02,2.579446324272838265e-02,nan,2.226644778783642956e-05,2.057097421597177345e+01,1.000000000000000000e+00,1.000000000000000000e+00,-1.000000000000000000e+00,0.000000000000000000e+00
6.460000000000000000e+02,3.587120579229377881e+01,2.309069976660478574e+01,-7.017939257168486107e-03,2.118594092542817577e+02,2.448622194775618155e-02,nan,1.212923367533189051e-05,1.358647695129809030e+01,1.000000000000000000e+00,1.000000000000000000e+00,-1.000000000000000000e+00,0.000000000000000000e+00
6.460000000000000000e+02,5.316273768899580254e+00,2.360565993532346241e+01,-8.306466194076388837e-03,2.506879049939685729e+02,2.090567571495860477e-02,nan,1.659668982039927331e-05,1.453333975273098844e+01,1.000000000000000000e+00,1.000000000000000000e+00,-1.000000000000000000e+00,0.000000000000000000e+00
6.460000000000000000e+02,2.392442689100853315e+01,2.972895233429790807e+01,-7.975347069294421581e-03,2.407099548575296524e+02,2.263658901103338117e-02,nan,1.453128989740588399e-05,1.121859326633304121e+01,1.000000000000000000e+00,1.000000000000000000e+00,-1.000000000000000000e+00,0.000000000000000000e+00
6.490000000000000000e+02,2.404473344470082097e+01,1.640288190426931791e+01,-8.976018915779121476e-03,2.708642197123223809e+02,2.918927076095245710e-02,nan,2.339421118262419689e-05,5.708758052660265925e+00,1.000000000000000000e+00,1.000000000000000000e+00,-1.000000000000000000e+00,0.000000000000000000e+00
6.490000000000000000e+02,1.105202442986172997e+02,1.579613551673321936e+01,-1.628084001088054037e-03,4.944140629777394480e+01,3.581090930340161682e-01,nan,1.837214187018759438e-05,3.492670148441349376e+00,1.000000000000000000e+00,1.000000000000000000e+00,-1.000000000000000000e+00,0.000000000000000000e+00
6.500000000000000000e+02,3.233093705274453811e+01,4.531003017423839907e+01,-9.266795267888606677e-03,2.796264799536011196e+02,1.511300260780512605e-02,nan,1.538617067777044804e-05,1.770421982900278479e+01,1.000000000000000000e+00,1.000000000000000000e+00,-1.000000000000000000e+00,0.000000000000000000e+00
6.500000000000000000e+02,5.720118585478439144e+01,8.808198578356927655e+00,-7.039089473406543243e-03,2.124967502811318241e+02,3.339411885688847725e-02,nan,1.657598096491488555e-05,1.722777134074519267e+01,1.000000000000000000e+00,1.000000000000000000e+00,-1.000000000000000000e+00,0.000000000000000000e+00
6.530000000000000000e+02,1.412359254417618786e+02,1.659451037921699168e+01,-6.168669097547424887e-03,1.862674857716246777e+02,4.718184676530745580e-02,nan,1.855938651120124191e-05,6.741990378135382933e+00,1.000000000000000000e+00,1.000000000000000000e+00,-1.000000000000000000e+00,0.000000000000000000e+00
6.540000000000000000e+02,4.046077814708808518e+01,4.739432776654457946e+00,-3.091731929686173438e-03,9.354700140186413648e+01,1.158385550888575422e-01,nan,1.256751668042927111e-05,1.722777134074519267e+01,1.000000000000000000e+00,1.000000000000000000e+00,-1.000000000000000000e+00,0.000000000000000000e+00
6.550000000000000000e+02,7.472701782136334714e+01,2.408926851733080454e+01,-8.934378148077504883e-03,2.696094160097475196e+02,1.935163890531033104e-02,nan,1.881221662426153690e-05,9.772465539965674353e+00,1.000000000000000000e+00,1.000000000000000000e+00,-1.000000000000000000e+00,0.000000000000000000e+00
6.560000000000000000e+02,6.671643732394811366e+01,1.849179740760211743e+01,-7.927790118638840602e-03,2.392768727829290469e+02,3.628320160142572970e-02,nan,2.324370797954682176e-05,9.772465539965674353e+00,1.000000000000000000e+00,1.000000000000000000e+00,-1.000000000000000000e+00,0.000000000000000000e+00
6.580000000000000000e+02,1.282494722211797580e+02,3.238337219503268471e+01,-7.861503126590698581e-03,2.372793792772718291e+02,4.807535418132546923e-02,nan,2.997377644013092180e-05,8.018479763279426464e+00,1.000000000000000000e+00,1.000000000000000000e+00,-1.000000000000000000e+00,0.000000000000000000e+00
6.580000000000000000e+02,1.344946095544239597e+02,1.668987476457884256e+01,-8.443383632983020651e-03,2.548137777568869637e+02,2.659668371914181151e-02,nan,2.120948749985368008e-05,6.741990378135382933e+00,1.000000000000000000e+00,1.000000000000000000e+00,-1.000000000000000000e+00,0.000000000000000000e+00
6.590000000000000000e+02,6.270680885017488038e+01,7.603342496842643961e+00,-7.397589133466548998e-03,2.232997859993630243e+02,2.224800887712563568e-02,nan,1.204779138251327947e-05,1.160325690663337816e+01,1.000000000000000000e+00,1.000000000000000000e+00,-1.000000000000000000e+00,0.000000000000000000e+00
6.590000000000000000e+02,1.127786198796749346e+02,2.045264809907322245e+01,-8.265039350837921281e-03,2.494395476953205844e+02,4.116150620413305816e-02,nan,3.141301144116917797e-05,1.953687410069873565e+01,1.000000000000000000e+00,1.000000000000000000e+00,-1.000000000000000000e+00,0.000000000000000000e+00
6.590000000000000000e+02,3.827450956969470042e+01,2.371648864679088931e+01,-1.366269217889577725e-03,4.155187453648670015e+01,3.279678590954852035e-01,nan,1.095086656953184924e-05,7.937112321958516681e+00,1.000000000000000000e+00,1.000000000000000000e+00,-1.000000000000000000e+00,0.000000000000000000e+00
6.600000000000000000e+02,2.060673575694444182e+01,7.496536104002531786e+00,-8.474161965364095106e-03,2.557412526225665772e+02,3.209592355458223967e-02,nan,2.322205034205790026e-05,1.242696616810803079e+01,1.000000000000000000e+00,1.000000000000000000e+00,-1.000000000000000000e+00,0.000000000000000000e+00
6.600000000000000000e+02,8.312221866265139170e+01,3.647332847827982505e+01,-1.950293570247625674e-03,5.915087571206603201e+01,2.884782110091930196e-01,nan,1.731461409552615674e-05,1.496142835032618557e+01,1.000000000000000000e+00,1.000000000000000000e+00,-1.000000000000000000e+00,0.000000000000000000e+00
6.620000000000000000e+02,1.362311399173246969e+02,3.315083457354906926e+01,-9.453207624557343272e-03,2.852438335295429965e+02,2.684957354157757603e-02,nan,2.666610831184522594e-05,7.249512479957106237e+00,1.000000000000000000e+00,1.000000000000000000e+00,-1.000000000000000000e+00,0.000000000000000000e+00
6.620000000000000000e+02,8.244759695160754021e+00,6.227270177890649627e+00,-1.759023035055066672e-03,5.338712569014256815e+01,3.211173925960106867e-01,nan,1.657021038771718519e-05,1.242696616810803079e+01,1.000000000000000000e+00,1.000000000000000000e+00,-1.000000000000000000e+00,0.000000000000000000e+00
6.640000000000000000e+02,5.444138352212023335e+01,4.991072143471494371e+01,-9.295134820830714198e-03,2.804804645923063617e+02,2.024437426003788953e-02,nan,1.668688971513837503e-05,2.181835591597427992e+01,1.000000000000000000e+00,1.000000000000000000e+00,-1.000000000000000000e+00,0.000000000000000000e+00
6.640000000000000000e+02,7.916500315136880772e+01,1.413402577478219158e+01,-6.510495209982360316e-03,1.965680804819254774e+02,3.089925405675431058e-02,nan,1.295413347251208358e-05,1.770655200011033870e+01,1.000000000000000000e+00,1.000000000000000000e+00,-1.000000000000000000e+00,0.000000000000000000e+00
6.650000000000000000e+02,1.197022574928000580e+02,1.386781994437639831e+01,-7.305806366729537989e-03,2.205340023241091956e+02,4.136114721180317311e-02,nan,2.215121421518848367e-05,7.739643901924368130e+00,1.000000000000000000e+00,1.000000000000000000e+00,-1.000000000000000000e+00,0.000000000000000000e+00
6.670000000000000000e+02,1.335474758697753543e+02,2.641634287209565457e+01,-6.141047411876243353e-03,1.854351333592023536e+02,8.830263020591866407e-02,nan,3.533804043091559328e-05,5.894231816612055752e+00,1.000000000000000000e+00,1.000000000000000000e+00,-1.000000000000000000e+00,0.000000000000000000e+00
6.690000000000000000e+02,7.624174223674455675e+01,5.079673203839481488e+01,-7.296108651633360920e-03,2.202417711890735177e+02,2.163324272641287127e-02,nan,1.183435140495990352e-05,2.181835591597427992e+01,1.000000000000000000e+00,1.000000000000000000e+00,-1.000000000000000000e+00,0.000000000000000000e+00
6.690000000000000000e+02,2.685273153012855829e+01,2.509569918206349115e+01,-1.525389761930318142e-03,4.634681610069564073e+01,2.680246785244685404e-01,nan,9.300143261042461153e-06,1.403322825271059315e+01,1.000000000000000000e+00,1.000000000000000000e+00,-1.000000000000000000e+00,0.000000000000000000e+00
6.690000000000000000e+02,1.139087548601276865e+02,8.735820823778912114e+00,-2.354345237352796147e-03,7.132657649520598397e+01,3.730495221851769516e-01,nan,4.054004457352445868e-05,7.739643901924368130e+00,1.000000000000000000e+00,1.000000000000000000e+00,-1.000000000000000000e+00,0.000000000000000000e+00
6.700000000000000000e+02,1.277803163030657174e+02,2.763365106646196523e+01,-8.010264389063159740e-03,2.417621540495273109e+02,2.071034458498947073e-01,nan,1.753955662169410200e-04,5.525036981265665226e+00,1.000000000000000000e+00,1.000000000000000000e+00,-1.000000000000000000e+00,0.000000000000000000e+00
6.700000000000000000e+02,3.650665487598968895e+01,3.528065177031407273e+01,-1.453774104808946152e-03,4.418874849824022277e+01,3.419166621310459897e-01,nan,1.440197936801518311e-05,1.403322825271059315e+01,1.000000000000000000e+00,1.000000000000000000e+00,-1.000000000000000000e+00,0.000000000000000000e+00
6.710000000000000000e+02,1.226975840505265580e+02,2.979972273964164486e+01,-8.176703561825683642e-03,2.467776353137646197e+02,2.048042322076262245e-01,nan,1.799782279329458911e-04,5.525036981265665226e+00,1.000000000000000000e+00,1.000000000000000000e+00,-1.000000000000000000e+00,0.000000000000000000e+00
6.720000000000000000e+02,1.162712177872560062e+02,1.935029098267368752e+01,-8.111647263328497504e-03,2.448172275514716887e+02,4.335009262823730225e-02,nan,2.932196432666385973e-05,8.334891114766442399e+00,1.000000000000000000e+00,1.000000000000000000e+00,-1.000000000000000000e+00,0.000000000000000000e+00
6.730000000000000000e+02,7.927275884598962818e+01,2.105280334150136312e+01,-8.567181458075757983e-03,2.585443038223575059e+02,1.951960482412318232e-02,nan,1.637205558508076337e-05,1.633309425883774324e+01,1.000000000000000000e+00,1.000000000000000000e+00,-1.000000000000000000e+00,0.000000000000000000e+00
6.730000000000000000e+02,1.496820739504713060e+01,3.759627334538968313e+01,-6.502899372587271284e-03,1.963391873703523913e+02,3.576353911958130016e-02,nan,1.510305845042985918e-05,1.244382860801969670e+01,1.000000000000000000e+00,1.000000000000000000e+00,-1.000000000000000000e+00,0.000000000000000000e+00
6.740000000000000000e+02,1.148868623272924196e+02,5.205394856425830596e+01,-7.359630837101074040e-03,2.221559499595441878e+02,4.618717764290136696e-02,nan,2.500426959534732117e-05,1.472161078885630126e+01,1.000000000000000000e+00,1.000000000000000000e+00,-1.000000000000000000e+00,0.000000000000000000e+00
6.750000000000000000e+02,8.947960956414996758e+01,3.380388825554958743e+01,-6.574781158919782743e-03,1.985052745156244498e+02,3.004997934420083894e-02,nan,1.268679685455997607e-05,1.633309425883774324e+01,1.000000000000000000e+00,1.000000000000000000e+00,-1.000000000000000000e+00,0.000000000000000000e+00
6.750000000000000000e+02,1.105578057648185109e+02,2.541884377200322120e+01,-8.676722311992450531e-03,2.618452100415419181e+02,5.765725843590285837e-02,nan,4.537648125809219570e-05,8.334891114766442399e+00,1.000000000000000000e+00,1.000000000000000000e+00,-1.000000000000000000e+00,0.000000000000000000e+00
6.750000000000000000e+02,1.213628005913710410e+02,3.837524606605368405e+01,-1.839328135096892324e-03,5.580704113430997637e+01,3.162307691646679686e-01,nan,1.812682148600245813e-05,5.000461040263664003e+00,1.000000000000000000e+00,1.000000000000000000e+00,-1.000000000000000000e+00,0.000000000000000000e+00
6.760000000000000000e+02,4.466392375997293840e+01,8.202513658096387772e+00,-8.356150619145881822e-03,2.521850964238730626e+02,2.017967402113207687e-02,nan,1.476550694545617088e-05,1.948767146411315920e+01,1.000000000000000000e+00,1.000000000000000000e+00,-1.000000000000000000e+00,0.000000000000000000e+00
6.780000000000000000e+02,1.413448182400079247e+02,4.884520875816498631e+01,-6.410497090827513289e-03,1.935547352173722686e+02,5.887998727357712792e-02,nan,2.478058114245279412e-05,2.255883747192302380e+01,1.000000000000000000e+00,1.000000000000000000e+00,-1.000000000000000000e+00,0.000000000000000000e+00
6.790000000000000000e+02,1.260356968993766316e+02,2.297868480219087317e+01,-7.101967300915819001e-03,2.143915119563696408e+02,3.947573255878256138e-02,nan,2.012697693502905538e-05,1.337839388205620672e+01,1.000000000000000000e+00,1.000000000000000000e+00,-1.000000000000000000e+00,0.000000000000000000e+00
6.800000000000000000e+02,8.446182462886309850e+01,6.281188140039284384e+00,-5.991970085885207041e-03,1.809428343227402536e+02,3.496238543151752864e-02,nan,1.248976814812866040e-05,2.797636837234423268e+01,1.000000000000000000e+00,1.000000000000000000e+00,-1.000000000000000000e+00,0.000000000000000000e+00
6.810000000000000000e+02,1.128626172951035755e+02,2.064386219588345739e+01,-8.241184790983652197e-03,2.487207139254218475e+02,3.554742858741444245e-02,nan,2.497356759664531950e-05,1.337839388205620672e+01,1.000000000000000000e+00,1.000000000000000000e+00,-1.000000000000000000e+00,0.000000000000000000e+00
6.810000000000000000e+02,6.000270293994936566e+01,2.022296258320447038e+01,-1.530091878154094713e-03,4.648850976229696386e+01,3.562155524787388172e-01,nan,1.521117393451320778e-05,8.762124884081112342e+00,1.000000000000000000e+00,1.000000000000000000e+00,-1.000000000000000000e+00,0.000000000000000000e+00
6.820000000000000000e+02,6.047071660185980591e+01,2.897257947176014170e+01,-7.962750653661464575e-03,2.403303742242265457e+02,2.763519748327736281e-02,nan,1.968166549552615891e-05,8.042253301943571131e+00,1.000000000000000000e+00,1.000000000000000000e+00,-1.000000000000000000e+00,0.000000000000000000e+00
6.860000000000000000e+02,6.837182991271860999e+01,3.047266167670495207e+01,-7.174236128427400293e-03,2.165692622080480589e+02,2.352430932026516874e-02,nan,1.333721263331633584e-05,8.042253301943571131e+00,1.000000000000000000e+00,1.000000000000000000e+00,-1.000000000000000000e+00,0.000000000000000000e+00
6.870000000000000000e+02,1.973327539808481035e+01,7.714375244615048643e+00,-1.523825249524831055e-03,4.629967105348621459e+01,3.411148586435456265e-01,nan,1.420555775124616444e-05,9.471773910981136524e+00,1.000000000000000000e+00,1.000000000000000000e+00,-1.000000000000000000e+00,0.000000000000000000e+00
6.900000000000000000e+02,8.510851918871283317e+01,7.419881801378627628e+00,-7.961262363510987136e-03,2.402855260599297935e+02,2.738344669706505030e-02,nan,1.789414679157502137e-05,2.848767150718763830e+01,1.000000000000000000e+00,1.000000000000000000e+00,-1.000000000000000000e+00,0.000000000000000000e+00
6.900000000000000000e+02,4.578287846235507175e+01,2.863256455625460717e+01,-7.694789675401009048e-03,2.322556329015838799e+02,2.210935097649957548e-02,nan,1.249696804757351730e-05,2.266377473060413905e+01,1.000000000000000000e+00,1.000000000000000000e+00,-1.000000000000000000e+00,0.000000000000000000e+00
6.900000000000000000e+02,3.511218531561330281e+01,4.903619297659374610e+01,-6.204928556580432963e-03,1.873601290142759126e+02,4.501030684092688361e-02,nan,1.737978281817546643e-05,2.302545862620748807e+01,1.000000000000000000e+00,1.000000000000000000e+00,-1.000000000000000000e+00,0.000000000000000000e+00
6.910000000000000000e+02,7.920828656822061831e+00,5.529060538009848536e+00,-8.371782780884764325e-03,2.526561562892856330e+02,2.528655196028994911e-02,nan,1.730252501648515257e-05,1.201288884415709113e+01,1.000000000000000000e+00,1.000000000000000000e+00,-1.000000000000000000e+00,0.000000000000000000e+00
6.910000000000000000e+02,1.157533987252546552e+02,4.103319815062215525e+01,-7.272793742364652876e-03,2.195391992603999824e+02,4.269976621543258855e-02,nan,2.305484577483661034e-05,3.070683876462481265e+01,1.000000000000000000e+00,1.000000000000000000e+00,-1.000000000000000000e+00,0.000000000000000000e+00
6.950000000000000000e+02,1.186057983067669994e+02,1.045912803321624196e+01,-8.498882039441971528e-03,2.564861678148876081e+02,1.665222030134244635e-01,nan,1.507352985415974891e-04,1.193508514227198170e+01,1.000000000000000000e+00,1.000000000000000000e+00,-1.000000000000000000e+00,0.000000000000000000e+00
7.000000000000000000e+02,1.299292026814787846e+02,1.423096720264531889e+01,-1.957206876735480185e-03,5.935920142402590471e+01,3.603792091545227061e-01,nan,2.579167772476713909e-05,1.193508514227198170e+01,1.000000000000000000e+00,1.000000000000000000e+00,-1.000000000000000000e+00,0.000000000000000000e+00
7.030000000000000000e+02,4.465836192111913050e+01,4.851689046024087126e+00,-1.456624202792252505e-03,4.427463340621743981e+01,2.947665064828939308e-01,nan,1.017102939327586837e-05,2.132680087615964482e+01,1.000000000000000000e+00,1.000000000000000000e+00,-1.000000000000000000e+00,0.000000000000000000e+00
7.040000000000000000e+02,6.948285058344274034e+01,2.841699258195323097e+01,-8.951376755113600592e-03,2.701216523642823404e+02,1.753446055176988150e-02,nan,1.563836521653175890e-05,7.101337853041586712e+00,1.000000000000000000e+00,1.000000000000000000e+00,-1.000000000000000000e+00,0.000000000000000000e+00
7.050000000000000000e+02,6.185979308565863732e+01,3.847187180760402470e+01,-8.208977651348550730e-03,2.477501833542022780e+02,1.974329510930661336e-02,nan,1.372108599281487176e-05,8.781557079475504679e+00,1.000000000000000000e+00,1.000000000000000000e+00,-1.000000000000000000e+00,0.000000000000000000e+00
7.070000000000000000e+02,7.732574560151962828e+01,1.862110219806672617e+01,-6.385524912008785393e-03,1.928022230958945897e+02,4.395729434940243152e-02,nan,1.798516107057312346e-05,9.121422553207862549e+00,1.000000000000000000e+00,1.000000000000000000e+00,-1.000000000000000000e+00,0.000000000000000000e+00
7.080000000000000000e+02,1.474431616069889905e+01,3.007640327061077912e+01,-8.312090754791797917e-03,2.508573956157944167e+02,2.684625466717016629e-02,nan,1.879961866636829513e-05,1.309950889273352281e+01,1.000000000000000000e+00,1.000000000000000000e+00,-1.000000000000000000e+00,0.000000000000000000e+00
7.080000000000000000e+02,7.007073508397641604e+01,8.841194236948407337e+00,-1.664345487377454818e-03,5.053411062980867996e+01,2.617053274883817116e-01,nan,1.128064869103991702e-05,1.217710053081636090e+01,1.000000000000000000e+00,1.000000000000000000e+00,-1.000000000000000000e+00,0.000000000000000000e+00
7.080000000000000000e+02,1.375887673969928748e+01,1.701401289295230868e+01,-1.185548185807632762e-03,3.610602344616746251e+01,3.664859023690262285e-01,nan,9.796915695341887944e-06,1.309950889273352281e+01,1.000000000000000000e+00,1.000000000000000000e+00,-1.000000000000000000e+00,0.000000000000000000e+00
7.080000000000000000e+02,4.838890842696356742e+01,2.584967605380880329e+01,-1.313136319518283480e-03,3.995076674513714465e+01,3.137664334507181962e-01,nan,1.042606894961382013e-05,1.034953812027580256e+01,1.000000000000000000e+00,1.000000000000000000e+00,-1.000000000000000000e+00,0.000000000000000000e+00
7.090000000000000000e+02,1.282663848382033223e+02,2.461372487714937307e+01,-7.894425815010708281e-03,2.382714722094716251e+02,4.485985386786495166e-02,nan,2.807502735449497264e-05,1.627776233547735174e+01,1.000000000000000000e+00,1.000000000000000000e+00,-1.000000000000000000e+00,0.000000000000000000e+00
7.090000000000000000e+02,8.851675575911716010e+01,3.949865938791224806e+01,-7.465536800993009814e-03,2.253473223321338423e+02,2.787382605842647632e-02,nan,1.524287122639018553e-05,1.571597452020498409e+01,1.000000000000000000e+00,1.000000000000000000e+00,-1.000000000000000000e+00,0.000000000000000000e+00
7.090000000000000000e+02,6.250091525653196811e+01,2.971374945734532247e+01,-1.391697225086171823e-03,4.231812259915506047e+01,3.605655194819278320e-01,nan,1.520434744290003455e-05,7.101337853041586712e+00,1.000000000000000000e+00,1.000000000000000000e+00,-1.000000000000000000e+00,0.000000000000000000e+00
7.110000000000000000e+02,1.148190001734326415e+02,8.133863519459403335e+00,-8.021724659704469046e-03,2.421074980675884092e+02,4.203439498878835945e-02,nan,2.831836189068581656e-05,1.655664525062385906e+01,1.000000000000000000e+00,1.000000000000000000e+00,-1.000000000000000000e+00,0.000000000000000000e+00
7.110000000000000000e+02,7.374253612218960541e+01,4.911036173032580621e+01,-1.692977971524010136e-03,5.139692246311739154e+01,2.717502507226351449e-01,nan,1.176518221948983958e-05,1.571054625000545357e+01,1.000000000000000000e+00,1.000000000000000000e+00,-1.000000000000000000e+00,0.000000000000000000e+00
7.120000000000000000e+02,5.341314144226306126e+01,1.680147060128858882e+01,-6.657461307302136796e-03,2.009967597126082524e+02,2.964623558411894066e-02,nan,1.277380115033514694e-05,9.560133216859904692e+00,1.000000000000000000e+00,1.000000000000000000e+00,-1.000000000000000000e+00,0.000000000000000000e+00
7.130000000000000000e+02,8.026073690821500861e+01,2.612592564146830654e+01,-1.605050684531476651e-03,4.874731988935619853e+01,2.850353178704451151e-01,nan,1.157395521044622332e-05,1.484628946714077102e+01,1.000000000000000000e+00,1.000000000000000000e+00,-1.000000000000000000e+00,0.000000000000000000e+00
7.140000000000000000e+02,6.420976173378562635e+00,1.307520884036081199e+01,-7.832016531358352088e-03,2.363908296439172148e+02,2.400094360926474657e-02,nan,1.501321868311861405e-05,2.142081443095444016e+01,1.000000000000000000e+00,1.000000000000000000e+00,-1.000000000000000000e+00,0.000000000000000000e+00
7.150000000000000000e+02,2.789268294956307770e+01,2.727063148102035228e+01,-6.437566166750579959e-03,1.943704352769133266e+02,3.637136860695355800e-02,nan,1.497012245886194664e-05,1.507847303933439775e+01,1.000000000000000000e+00,1.000000000000000000e+00,-1.000000000000000000e+00,0.000000000000000000e+00
7.150000000000000000e+02,1.419923301677944778e+02,2.685332552091688996e+01,-7.518259787976063965e-03,2.269360778457497929e+02,3.552302220827696644e-02,nan,2.238994897147410002e-05,2.532913429410777795e+01,1.000000000000000000e+00,1.000000000000000000e+00,-1.000000000000000000e+00,0.000000000000000000e+00
7.150000000000000000e+02,6.260259103537743641e+01,2.971623671570533531e+01,1.590739279150551501e-03,-4.831605972168311780e+01,3.638357158436820171e-01,nan,1.784440750480326834e-05,1.585046269401865082e+01,1.000000000000000000e+00,1.000000000000000000e+00,-1.000000000000000000e+00,0.000000000000000000e+00
7.160000000000000000e+02,8.631065502914520948e+01,3.968360987116533067e+01,-1.537187083715147590e-02,4.635969457169665588e+02,7.920562267162312153e-03,nan,1.916627254053452237e-05,1.484628946714077102e+01,1.000000000000000000e+00,1.000000000000000000e+00,-1.000000000000000000e+00,0.000000000000000000e+00
7.170000000000000000e+02,1.399222043028148299e+01,3.311336123242781326e+01,-8.612677192825456129e-03,2.599152731768218700e+02,2.425642411470463333e-02,nan,2.092554921520478221e-05,1.009655991715079182e+01,1.000000000000000000e+00,1.000000000000000000e+00,-1.000000000000000000e+00,0.000000000000000000e+00
7.170000000000000000e+02,6.394755688880785272e+00,3.976310195397397251e+01,-7.516717160796613020e-03,2.268895922883667424e+02,2.875408976724203036e-02,nan,1.702537081375170741e-05,1.009655991715079182e+01,1.000000000000000000e+00,1.000000000000000000e+00,-1.000000000000000000e+00,0.000000000000000000e+00
7.200000000000000000e+02,1.045052164158158945e+02,2.777765569940360635e+01,-6.424304547326793735e-03,1.939708093796592721e+02,5.948170376825900885e-02,nan,2.555067871266944134e-05,2.174382231332426585e+01,1.000000000000000000e+00,1.000000000000000000e+00,-1.000000000000000000e+00,0.000000000000000000e+00
7.210000000000000000e+02,2.887757437251664427e+01,1.615281921117773578e+01,-7.779281352753489483e-03,2.348017067477329647e+02,2.479270123479937471e-02,nan,1.502982196357910607e-05,2.065892802161378583e+01,1.000000000000000000e+00,1.000000000000000000e+00,-1.000000000000000000e+00,0.000000000000000000e+00
7.210000000000000000e+02,5.473303525784677959e+01,1.990276436405629568e+01,-7.117864865897460293e-03,2.148705694882535511e+02,7.943420101404696787e-02,nan,4.240726531160816855e-05,6.470077055893759699e+00,1.000000000000000000e+00,1.000000000000000000e+00,-1.000000000000000000e+00,0.000000000000000000e+00
7.230000000000000000e+02,1.383873876055215248e+02,1.090811795850279786e+01,-8.818785136314247208e-03,2.661261339484831296e+02,3.424558332136029559e-02,nan,3.345380545466175495e-05,8.406499642433823638e+00,1.000000000000000000e+00,1.000000000000000000e+00,-1.000000000000000000e+00,0.000000000000000000e+00
7.230000000000000000e+02,8.009190764090074310e+01,1.755622612594774168e+01,-6.438547323983526832e-03,1.944000014880247988e+02,2.466392654760130032e-02,nan,9.906694055076128446e-06,2.186531677570640753e+01,1.000000000000000000e+00,1.000000000000000000e+00,-1.000000000000000000e+00,0.000000000000000000e+00
7.230000000000000000e+02,6.584050355903805496e+01,5.235512621088205520e+01,-1.650906480305572169e-03,5.012913932972206510e+01,2.621846229278746998e-01,nan,1.080824141769462114e-05,3.430060701356874375e+01,1.000000000000000000e+00,1.000000000000000000e+00,-1.000000000000000000e+00,0.000000000000000000e+00
7.240000000000000000e+02,5.842846775729471176e+01,1.459186276910776314e+01,-7.124698506604344901e-03,2.150764945500226020e+02,7.718411392295554396e-02,nan,4.112932730360416728e-05,6.470077055893759699e+00,1.000000000000000000e+00,1.000000000000000000e+00,-1.000000000000000000e+00,0.000000000000000000e+00
7.240000000000000000e+02,1.398304164316948857e+02,3.564070424823975713e+01,-7.667063103781661219e-03,2.314201198539626603e+02,4.844648030543041717e-02,nan,2.977316391862159386e-05,2.477464746010428698e+01,1.000000000000000000e+00,1.000000000000000000e+00,-1.000000000000000000e+00,0.000000000000000000e+00
7.240000000000000000e+02,8.857306467991346466e+00,4.615678090213140905e+01,-7.558353166574600761e-03,2.281442524950425081e+02,3.294258088148294128e-02,nan,1.837701708589650689e-05,2.716836511762389961e+01,1.000000000000000000e+00,1.000000000000000000e+00,-1.000000000000000000e+00,0.000000000000000000e+00
7.250000000000000000e+02,1.307491684696692857e+02,7.397157310625824600e+00,-6.743401909269666067e-03,2.035864954812449810e+02,9.585526004966837821e-02,nan,4.993453491943640276e-05,8.406499642433823638e+00,1.000000000000000000e+00,1.000000000000000000e+00,-1.000000000000000000e+00,0.000000000000000000e+00
7.250000000000000000e+02,8.414675358500547375e+00,1.899202173026621665e+01,-1.640551584729983475e-03,4.981710470535752222e+01,3.051978867659161931e-01,nan,1.385752066549785610e-05,2.065892802161378583e+01,1.000000000000000000e+00,1.000000000000000000e+00,-1.000000000000000000e+00,0.000000000000000000e+00
7.290000000000000000e+02,5.814826186744123504e+01,4.036046123831331300e+01,-1.493536543306888580e-03,4.538695059211485727e+01,3.509497771696310497e-01,nan,1.486633750169947626e-05,1.154772217744632101e+01,1.000000000000000000e+00,1.000000000000000000e+00,-1.000000000000000000e+00,0.000000000000000000e+00
7.290000000000000000e+02,7.440074181360452599e+01,5.033077659618550115e+01,-1.730653224645627803e-03,5.253222927232918238e+01,2.340092688864475745e-01,nan,1.026796710696688524e-05,1.891609879695229068e+01,1.000000000000000000e+00,1.000000000000000000e+00,-1.000000000000000000e+00,0.000000000000000000e+00
7.300000000000000000e+02,1.070327863665865067e+02,2.593826445219448829e+01,-1.351214035018512283e-03,4.109820136348173492e+01,3.570584834883199221e-01,nan,1.265396184133286050e-05,1.448047903750981469e+01,1.000000000000000000e+00,1.000000000000000000e+00,-1.000000000000000000e+00,0.000000000000000000e+00
7.310000000000000000e+02,9.974150080365564008e+01,4.007587091435085824e+01,-7.464753839982973989e-03,2.253237285698525056e+02,2.239367421994231666e-02,nan,1.385550622231655280e-05,1.389349361386045523e+01,1.000000000000000000e+00,1.000000000000000000e+00,-1.000000000000000000e+00,0.000000000000000000e+00
7.320000000000000000e+02,1.233487433004578122e+02,3.026146185214018303e+01,-7.311418237145084036e-03,2.207031105361924972e+02,3.882005289499768086e-02,nan,2.138268146900189806e-05,1.300883677602173627e+01,1.000000000000000000e+00,1.000000000000000000e+00,-1.000000000000000000e+00,0.000000000000000000e+00
7.340000000000000000e+02,1.305873898415525787e+02,1.467683646324434221e+01,-6.269149102425493336e-03,1.892953521899195550e+02,3.974193725792429799e-02,nan,1.543325829417723129e-05,9.762323974230717738e+00,1.000000000000000000e+00,1.000000000000000000e+00,-1.000000000000000000e+00,0.000000000000000000e+00
7.350000000000000000e+02,1.135811179993333155e+02,3.885351226179259498e+01,-7.407800941414079479e-03,2.236075088183649200e+02,3.380769186392229564e-02,nan,1.969732422277128899e-05,1.300883677602173627e+01,1.000000000000000000e+00,1.000000000000000000e+00,-1.000000000000000000e+00,0.000000000000000000e+00
7.360000000000000000e+02,8.481104132364266945e+01,3.941657118640344493e+01,-1.888023254647050149e-03,5.727442081248273098e+01,2.239648892278361947e-01,nan,1.107723165251147285e-05,1.494500908047836241e+01,1.000000000000000000e+00,1.000000000000000000e+00,-1.000000000000000000e+00,0.000000000000000000e+00
7.370000000000000000e+02,1.245936520903975691e+02,5.180472320282638776e+01,-8.804284438580426211e-03,2.656891696413719046e+02,2.115538153745699645e-02,nan,1.645424629162062130e-05,1.613945440535183451e+01,1.000000000000000000e+00,1.000000000000000000e+00,-1.000000000000000000e+00,0.000000000000000000e+00
7.370000000000000000e+02,4.874237411642688755e+00,1.294642532446987637e+01,-7.843106662414891031e-03,2.367250198685428302e+02,2.710721516937764086e-02,nan,1.607760336959723771e-05,2.358008841254521570e+01,1.000000000000000000e+00,1.000000000000000000e+00,-1.000000000000000000e+00,0.000000000000000000e+00
7.380000000000000000e+02,1.403117603788096801e+02,1.381684400283210756e+01,-7.282811148363562900e-03,2.198410639673068943e+02,3.466108830884628844e-02,nan,1.884742591988920233e-05,9.762323974230717738e+00,1.000000000000000000e+00,1.000000000000000000e+00,-1.000000000000000000e+00,0.000000000000000000e+00
7.380000000000000000e+02,1.440215494630459148e+02,4.130800329733501997e+01,-1.591975978771799317e-03,4.835332645208622893e+01,3.669925399757402174e-01,nan,1.777962294511229677e-05,2.208221739537257733e+01,1.000000000000000000e+00,1.000000000000000000e+00,-1.000000000000000000e+00,0.000000000000000000e+00
7.390000000000000000e+02,1.168529815446797357e+02,1.082933782180357518e+01,-7.636484585987763328e-03,2.304986662049333859e+02,3.161244596683832064e-02,nan,1.925675535532047063e-05,1.426314190706585272e+01,1.000000000000000000e+00,1.000000000000000000e+00,-1.000000000000000000e+00,0.000000000000000000e+00
7.410000000000000000e+02,2.629575297963400615e+01,2.280234944723760293e+01,-1.055914042596157315e-02,3.185700340440250216e+02,1.794374100064222155e-02,nan,2.070058938430423823e-05,1.017329272994459188e+01,1.000000000000000000e+00,1.000000000000000000e+00,-1.000000000000000000e+00,0.000000000000000000e+00
7.410000000000000000e+02,1.206168088984657345e+02,3.616289764667035200e+01,-7.473341564074695471e-03,2.255825112144041213e+02,3.875486795450677757e-02,nan,2.480466437377916455e-05,1.613945440535183451e+01,1.000000000000000000e+00,1.000000000000000000e+00,-1.000000000000000000e+00,0.000000000000000000e+00
7.420000000000000000e+02,2.033405841890109400e+01,4.957101819154029698e+01,-9.176139590898491419e-03,2.768946600226681198e+02,1.330213500538768301e-02,nan,1.213962294081103954e-05,2.742450415919457285e+01,1.000000000000000000e+00,1.000000000000000000e+00,-1.000000000000000000e+00,0.000000000000000000e+00
7.450000000000000000e+02,1.242788316319482433e+01,9.233227395833703000e+00,-8.731318716306057937e-03,2.634904191493781127e+02,5.301268639598122334e-02,nan,4.236265364908373772e-05,6.426362280620168121e+00,1.000000000000000000e+00,1.000000000000000000e+00,-1.000000000000000000e+00,0.000000000000000000e+00
7.450000000000000000e+02,3.646538046394243082e+01,2.252928938142391146e+01,-1.632650295067582160e-03,4.957900708922944943e+01,3.190549771502610987e-01,nan,1.447905400987168873e-05,1.017329272994459188e+01,1.000000000000000000e+00,1.000000000000000000e+00,-1.000000000000000000e+00,0.000000000000000000e+00
7.480000000000000000e+02,9.819719765985206905e+00,1.510652424302554486e+01,-8.954133998026267069e-03,2.702047391757576520e+02,5.334479278090986654e-02,nan,4.434401825826236177e-05,6.426362280620168121e+00,1.000000000000000000e+00,1.000000000000000000e+00,-1.000000000000000000e+00,0.000000000000000000e+00
7.490000000000000000e+02,1.259868192772994355e+01,4.450394226503175332e+01,-1.517766933593361943e-03,4.611710964355618358e+01,3.541453137300802911e-01,nan,1.537882194086751463e-05,2.952847468219420435e+01,1.000000000000000000e+00,1.000000000000000000e+00,-1.000000000000000000e+00,0.000000000000000000e+00
7.510000000000000000e+02,6.458176380671274330e+01,1.951510133328758556e+01,-7.006399859302758250e-03,2.115116808149034000e+02,2.594202171434645265e-02,nan,1.327936046612818300e-05,2.301711908980726307e+01,1.000000000000000000e+00,1.000000000000000000e+00,-1.000000000000000000e+00,0.000000000000000000e+00
7.520000000000000000e+02,8.777600533884935885e+01,3.726749693538296526e+01,-8.752011144849233815e-03,2.641139651929404977e+02,1.922746481607540137e-02,nan,1.573258872411755643e-05,2.920822469552688361e+01,1.000000000000000000e+00,1.000000000000000000e+00,-1.000000000000000000e+00,0.000000000000000000e+00
7.520000000000000000e+02,5.017459948823027105e+01,3.746562743963375652e+01,-7.999380960070249375e-03,2.414341925889011975e+02,1.745335512332546468e-02,nan,1.142434042776211561e-05,1.029439178829546186e+01,1.000000000000000000e+00,1.000000000000000000e+00,-1.000000000000000000e+00,0.000000000000000000e+00
7.540000000000000000e+02,1.327179606310344013e+02,2.537140709530931559e+01,-7.824124729786203700e-03,2.361530179420850857e+02,6.103475194529861536e-02,nan,3.848408420165359042e-05,8.585517825924272373e+00,1.000000000000000000e+00,1.000000000000000000e+00,-1.000000000000000000e+00,0.000000000000000000e+00
7.540000000000000000e+02,5.672169733471457675e+01,4.540980845969401258e+01,-6.190573683761096783e-03,1.869275589979696406e+02,8.822494515909884427e-02,nan,3.649168192008487991e-05,5.770582895686040104e+00,1.000000000000000000e+00,1.000000000000000000e+00,-1.000000000000000000e+00,0.000000000000000000e+00
7.560000000000000000e+02,1.249842098184833930e+02,2.164310792428909380e+01,-6.955393982688501571e-03,2.099746687384866846e+02,6.363025316472525894e-02,nan,3.278986360168447512e-05,8.585517825924272373e+00,1.000000000000000000e+00,1.000000000000000000e+00,-1.000000000000000000e+00,0.000000000000000000e+00
7.570000000000000000e+02,1.189811682899576795e+02,4.894503515525546788e+01,-8.208796293206555364e-03,2.477447183044294547e+02,2.769962458111852044e-02,nan,1.992465575972127495e-05,1.592597804209549572e+01,1.000000000000000000e+00,1.000000000000000000e+00,-1.000000000000000000e+00,0.000000000000000000e+00
7.570000000000000000e+02,1.203366876209485383e+02,3.307684861927669573e+01,-6.515058273941831679e-03,1.967055839398938417e+02,4.509649625964040620e-02,nan,1.913097334782898042e-05,1.234219951454337760e+01,1.000000000000000000e+00,1.000000000000000000e+00,-1.000000000000000000e+00,0.000000000000000000e+00
7.570000000000000000e+02,5.442444371975193462e+01,5.070341335470887856e+01,-7.248995366595411410e-03,2.188220585428105380e+02,4.877623786963114494e-02,nan,2.613681747464743457e-05,5.770582895686040104e+00,1.000000000000000000e+00,1.000000000000000000e+00,-1.000000000000000000e+00,0.000000000000000000e+00
7.580000000000000000e+02,9.634634881004021167e+01,3.563755211538799728e+01,-7.378931815692165753e-03,2.227375660232288226e+02,2.683238207312954593e-02,nan,1.411407058724337398e-05,1.986910800891176265e+01,1.000000000000000000e+00,1.000000000000000000e+00,-1.000000000000000000e+00,0.000000000000000000e+00
7.600000000000000000e+02,7.842986040135423309e+01,4.422713279032333134e+01,-6.775045217536343478e-03,2.045400355470590057e+02,3.044869542457906419e-02,nan,1.356849207141238426e-05,1.986910800891176265e+01,1.000000000000000000e+00,1.000000000000000000e+00,-1.000000000000000000e+00,0.000000000000000000e+00
7.600000000000000000e+02,6.325843099239875755e+01,2.404003039826748278e+01,-6.310470159342568969e-03,1.905405217215043763e+02,3.248140458186199453e-02,nan,1.288574936623415619e-05,1.077731084790953098e+01,1.000000000000000000e+00,1.000000000000000000e+00,-1.000000000000000000e+00,0.000000000000000000e+00
7.620000000000000000e+02,8.721746072146085282e+01,5.836472088677909120e+00,-6.213359278972895895e-03,1.876141805665731397e+02,4.288634268538216165e-02,nan,1.637344585829645722e-05,2.207798067688451482e+01,1.000000000000000000e+00,1.000000000000000000e+00,-1.000000000000000000e+00,0.000000000000000000e+00
7.640000000000000000e+02,4.220408836335673186e+01,5.328140234412447285e+01,-7.757003287779832244e-03,2.341303791051817598e+02,2.642354148921255419e-02,nan,1.592948457485536252e-05,1.067146755735970842e+01,1.000000000000000000e+00,1.000000000000000000e+00,-1.000000000000000000e+00,0.000000000000000000e+00
7.650000000000000000e+02,3.963516672913205952e+01,4.292375485712274497e+01,-7.727320512918599282e-03,2.332359177910805101e+02,4.029964766128135700e-02,nan,2.529294389326386050e-05,6.498609735746879501e+00,1.000000000000000000e+00,1.000000000000000000e+00,-1.000000000000000000e+00,0.000000000000000000e+00
7.670000000000000000e+02,9.983940497004986980e+01,3.315474354429774451e+01,-1.785011848231243684e-03,5.417027309109040800e+01,2.567583884887946200e-01,nan,1.208852690201796296e-05,1.726297255908268014e+01,1.000000000000000000e+00,1.000000000000000000e+00,-1.000000000000000000e+00,0.000000000000000000e+00
7.680000000000000000e+02,4.095761240030790162e+01,3.656112443061419270e+01,-6.828634725650031476e-03,2.061549028252530888e+02,7.190138128116485561e-02,nan,2.255079944418149061e-05,6.498609735746879501e+00,1.000000000000000000e+00,1.000000000000000000e+00,-1.000000000000000000e+00,0.000000000000000000e+00
7.700000000000000000e+02,2.194430292985031627e+01,2.120855141128387800e+01,-8.575985049993595580e-03,2.588095914321734199e+02,2.737935984563644176e-02,nan,2.052029498039765218e-05,2.443782795858218648e+01,1.000000000000000000e+00,1.000000000000000000e+00,-1.000000000000000000e+00,0.000000000000000000e+00
7.700000000000000000e+02,6.016238230797707587e+01,4.195395449264327681e+01,-7.277392628777985123e-03,2.196777821928886567e+02,2.388528614274665340e-02,nan,1.269379660493721346e-05,1.994757637620270074e+01,1.000000000000000000e+00,1.000000000000000000e+00,-1.000000000000000000e+00,0.000000000000000000e+00
7.700000000000000000e+02,5.795994145024587141e+01,7.128796100546696657e+00,-1.510249833248208462e-03,4.589058919577492901e+01,3.088921332974843281e-01,nan,1.168418382580107629e-05,1.929065271470750176e+01,1.000000000000000000e+00,1.000000000000000000e+00,-1.000000000000000000e+00,0.000000000000000000e+00
7.790000000000000000e+02,1.063920708829985244e+02,1.455362933413752202e+01,-7.268515836005162364e-03,2.194102887470870940e+02,2.970066323889719584e-02,nan,1.533401088564054627e-05,3.320129766604339494e+01,1.000000000000000000e+00,1.000000000000000000e+00,-1.000000000000000000e+00,0.000000000000000000e+00
7.790000000000000000e+02,5.886055857320084073e+01,4.967807346127322887e+01,-7.286058925922675109e-03,2.199389325593442948e+02,2.059193360765887437e-02,nan,1.278980332998961362e-05,3.129593636426879399e+01,1.000000000000000000e+00,1.000000000000000000e+00,-1.000000000000000000e+00,0.000000000000000000e+00
7.810000000000000000e+02,7.048351629758508352e+01,1.681078544994668178e+01,-1.826089888223823626e-03,5.540811954595313438e+01,2.323813880477081373e-01,nan,1.155225983310717572e-05,1.534592911684363337e+01,1.000000000000000000e+00,1.000000000000000000e+00,-1.000000000000000000e+00,0.000000000000000000e+00
7.850000000000000000e+02,1.262821184216117665e+01,3.078576427363496038e+01,-1.627830016906873720e-02,4.909113048076156929e+02,6.803873178307995317e-03,nan,2.224922588001243805e-05,1.441057848389846541e+01,1.000000000000000000e+00,1.000000000000000000e+00,-1.000000000000000000e+00,0.000000000000000000e+00
7.850000000000000000e+02,7.939504028176888539e+01,2.930407487821600654e+01,-1.498568574983356536e-03,4.553858593237446684e+01,3.120454655604071315e-01,nan,1.275130294252791760e-05,1.534592911684363337e+01,1.000000000000000000e+00,1.000000000000000000e+00,-1.000000000000000000e+00,0.000000000000000000e+00
7.870000000000000000e+02,1.121092384809728344e+02,4.066792334554148880e+01,-9.206676505563397145e-03,2.778148600022004189e+02,2.984984499988152518e-02,nan,2.467319223149206921e-05,2.142625480243003366e+01,1.000000000000000000e+00,1.000000000000000000e+00,-1.000000000000000000e+00,0.000000000000000000e+00
7.880000000000000000e+02,1.052075386215968678e+01,4.917247586965663686e+01,-7.867104775881763115e-03,2.374481794857915418e+02,2.012440003540327815e-02,nan,1.256740942673100663e-05,1.850709438168914645e+01,1.000000000000000000e+00,1.000000000000000000e+00,-1.000000000000000000e+00,0.000000000000000000e+00
7.890000000000000000e+02,3.243869342367111841e+01,1.702861361362557346e+01,-6.743435168423014998e-03,2.035874977132178856e+02,1.756285694460102409e-02,nan,8.301003090193347767e-06,6.115663019304044212e+00,1.000000000000000000e+00,1.000000000000000000e+00,-1.000000000000000000e+00,0.000000000000000000e+00
7.900000000000000000e+02,9.578951107656372699e+01,2.678444783310461119e+01,-8.425044581847394506e-03,2.542611484338257526e+02,2.046445154493925500e-02,nan,1.393800403815423352e-05,1.658695852432982321e+01,1.000000000000000000e+00,1.000000000000000000e+00,-1.000000000000000000e+00,0.000000000000000000e+00
7.940000000000000000e+02,6.820192646671402237e+00,1.972677474538355114e+01,-9.317603707697130755e-03,2.811575424654797075e+02,1.748351661317093519e-02,nan,1.574987731668084175e-05,8.847590157589335647e+00,1.000000000000000000e+00,1.000000000000000000e+00,-1.000000000000000000e+00,0.000000000000000000e+00
7.940000000000000000e+02,3.748146079649201567e+01,3.747147732481050042e+01,-8.027098308378737349e-03,2.422694277010938606e+02,2.325695720447962245e-02,nan,1.493171134333312268e-05,1.373073854032653252e+01,1.000000000000000000e+00,1.000000000000000000e+00,-1.000000000000000000e+00,0.000000000000000000e+00
7.950000000000000000e+02,6.704031107702482473e+01,1.406196861760928840e+01,-1.558153938124104063e-03,4.733413242239213758e+01,2.965942622784785154e-01,nan,1.187573996351312227e-05,1.994235899929358169e+01,1.000000000000000000e+00,1.000000000000000000e+00,-1.000000000000000000e+00,0.000000000000000000e+00
7.950000000000000000e+02,3.404151435940995185e+01,2.360907429486873710e+01,-1.411328722149534937e-03,4.290969851290171277e+01,3.324072042654953041e-01,nan,1.152633170329366843e-05,1.428283757712493696e+01,1.000000000000000000e+00,1.000000000000000000e+00,-1.000000000000000000e+00,0.000000000000000000e+00
7.960000000000000000e+02,5.994426542733397412e+01,3.950425450511365000e+01,-8.451497809882626763e-03,2.550582905211551861e+02,1.923024254441418890e-02,nan,1.329867658412818405e-05,1.369918315999539615e+01,1.000000000000000000e+00,1.000000000000000000e+00,-1.000000000000000000e+00,0.000000000000000000e+00
7.960000000000000000e+02,5.431867309498178287e+01,5.199506433319452015e+01,-6.847419768420495191e-03,2.067209716688995798e+02,2.666571217890778556e-02,nan,1.211913925429614561e-05,1.011274364402452797e+01,1.000000000000000000e+00,1.000000000000000000e+00,-1.000000000000000000e+00,0.000000000000000000e+00
7.970000000000000000e+02,1.129758947082799097e+02,1.954573565046281658e+01,-6.707377508904813733e-03,2.025009355010647596e+02,5.392995164148606246e-02,nan,2.434330200508892311e-05,1.172594410750992644e+01,1.000000000000000000e+00,1.000000000000000000e+00,-1.000000000000000000e+00,0.000000000000000000e+00
7.980000000000000000e+02,1.449037061614514066e+01,3.511301131286656130e+01,-1.820326841151354231e-03,5.523445577355426650e+01,3.411059229217591193e-01,nan,1.985242979325605112e-05,1.060271759947674575e+01,1.000000000000000000e+00,1.000000000000000000e+00,-1.000000000000000000e+00,0.000000000000000000e+00
8.000000000000000000e+02,1.231049097529183172e+02,2.545342719944669696e+01,-7.269036744623975747e-03,2.194259858175223599e+02,3.720553075734289727e-02,nan,1.935543114772954505e-05,1.172594410750992644e+01,1.000000000000000000e+00,1.000000000000000000e+00,-1.000000000000000000e+00,0.000000000000000000e+00
8.000000000000000000e+02,1.752275023892390138e+01,4.527284863034414286e+01,-6.880567227101878729e-03,2.077198378325205965e+02,3.235799145355966466e-02,nan,1.557481495143471856e-05,1.060271759947674575e+01,1.000000000000000000e+00,1.000000000000000000e+00,-1.000000000000000000e+00,0.000000000000000000e+00
8.050000000000000000e+02,1.401050947305172087e+02,3.072336359520418370e+01,-7.155838284026405129e-03,2.160148612075864492e+02,9.367672534477189394e-02,nan,6.078675926341807153e-05,1.779827291868254235e+01,1.000000000000000000e+00,1.000000000000000000e+00,-1.000000000000000000e+00,0.000000000000000000e+00
8.050000000000000000e+02,5.970190388458843245e+01,3.908021685382159660e+01,-1.375612530139347150e-03,4.183342608926627548e+01,3.202909583087314438e-01,nan,1.034781851361424540e-05,1.431853228295884506e+01,1.000000000000000000e+00,1.000000000000000000e+00,-1.000000000000000000e+00,0.000000000000000000e+00
8.060000000000000000e+02,1.143206697952834219e+02,2.350586532956115704e+01,-6.960105780332424830e-03,2.101166541401907182e+02,3.695829706051356744e-02,nan,1.667527731397196904e-05,2.427563146938807037e+01,1.000000000000000000e+00,1.000000000000000000e+00,-1.000000000000000000e+00,0.000000000000000000e+00
8.070000000000000000e+02,9.050003162834468640e+01,1.882788707423267738e+01,-7.002834211136620655e-03,2.114042335038209046e+02,2.411179390669615508e-02,nan,1.325664605315147695e-05,1.316828782194808589e+01,1.000000000000000000e+00,1.000000000000000000e+00,-1.000000000000000000e+00,0.000000000000000000e+00
8.080000000000000000e+02,6.369408519880585118e+01,5.283095701908353448e+01,-1.031328181666234245e-02,3.111613259368829176e+02,1.839563871296245878e-02,nan,1.962118271137013639e-05,1.431853228295884506e+01,1.000000000000000000e+00,1.000000000000000000e+00,-1.000000000000000000e+00,0.000000000000000000e+00
8.110000000000000000e+02,8.313808499788335382e+01,2.974601630830502685e+01,-7.793150334017183260e-03,2.352196348984656140e+02,2.152095454399094443e-02,nan,1.355219128285325351e-05,1.316828782194808589e+01,1.000000000000000000e+00,1.000000000000000000e+00,-1.000000000000000000e+00,0.000000000000000000e+00
8.110000000000000000e+02,1.380959294414338672e+02,4.251630158281172811e+01,-8.679488873687921449e-03,2.619285776653992457e+02,2.939319347652080694e-02,nan,2.437418843221793977e-05,3.044108502962358997e+01,1.000000000000000000e+00,1.000000000000000000e+00,-1.000000000000000000e+00,0.000000000000000000e+00
8.110000000000000000e+02,9.144722111330297309e+01,4.758202040860658855e+01,-1.971116322097325995e-03,5.977834892067807004e+01,2.289385897263604974e-01,nan,1.261954282312966217e-05,1.967650337967965157e+01,1.000000000000000000e+00,1.000000000000000000e+00,-1.000000000000000000e+00,0.000000000000000000e+00
8.150000000000000000e+02,6.914586710439111528e+01,7.242712008561023040e+00,-1.685839372008763812e-03,5.118180776669495913e+01,2.561125899093483760e-01,nan,1.072328331492496393e-05,1.183932652965679644e+01,1.000000000000000000e+00,1.000000000000000000e+00,-1.000000000000000000e+00,0.000000000000000000e+00
8.160000000000000000e+02,2.231897697192714602e+01,2.451828289714596210e+01,-7.683966422351607220e-03,2.319294847840080820e+02,2.208811377911423790e-02,nan,1.344505058002920835e-05,1.048580371660576915e+01,1.000000000000000000e+00,1.000000000000000000e+00,-1.000000000000000000e+00,0.000000000000000000e+00
8.170000000000000000e+02,1.214409542051199509e+02,2.133730802524554448e+01,-7.011540242750095332e-03,2.116665812295305500e+02,5.131569692684323503e-02,nan,2.599517685147833109e-05,1.397235518708652435e+01,1.000000000000000000e+00,1.000000000000000000e+00,-1.000000000000000000e+00,0.000000000000000000e+00
8.180000000000000000e+02,1.469817036818765921e+01,1.205266487363890882e+01,-1.432468438632444928e-03,4.354672313992627153e+01,3.506983037878266263e-01,nan,1.297857926651303736e-05,1.461055529401888542e+01,1.000000000000000000e+00,1.000000000000000000e+00,-1.000000000000000000e+00,0.000000000000000000e+00
8.190000000000000000e+02,6.358401884616895927e+01,1.769429067536281863e+01,-8.381553966901851907e-03,2.529506013984787955e+02,1.534918921858330343e-02,nan,1.157743905357844769e-05,1.183932652965679644e+01,1.000000000000000000e+00,1.000000000000000000e+00,-1.000000000000000000e+00,0.000000000000000000e+00
8.190000000000000000e+02,1.347269207373480526e+02,2.566279097846805257e+01,-1.546488035796155045e-03,4.698259189509251854e+01,3.052367747492489292e-01,nan,1.212125213489766657e-05,1.397235518708652435e+01,1.000000000000000000e+00,1.000000000000000000e+00,-1.000000000000000000e+00,0.000000000000000000e+00
8.200000000000000000e+02,3.666071767117864511e+01,9.593044801560171919e+00,-1.574084075283452983e-02,4.747154923214726523e+02,8.397054702105388735e-03,nan,2.417911581958167127e-05,1.875173046804339450e+01,1.000000000000000000e+00,1.000000000000000000e+00,-1.000000000000000000e+00,0.000000000000000000e+00
8.200000000000000000e+02,8.123679657009350308e+01,1.331673099867411025e+01,-8.957537545238418442e-03,2.703073017335447616e+02,2.156122818116212869e-02,nan,1.874432378096964829e-05,1.353086405359408850e+01,1.000000000000000000e+00,1.000000000000000000e+00,-1.000000000000000000e+00,0.000000000000000000e+00
8.230000000000000000e+02,6.932561644978866866e+01,3.054582628548257972e+01,-6.906419061340163430e-03,2.084988575074938808e+02,3.112392554679177525e-02,nan,1.469356551458982913e-05,1.407579165020809420e+01,1.000000000000000000e+00,1.000000000000000000e+00,-1.000000000000000000e+00,0.000000000000000000e+00
8.280000000000000000e+02,1.153031596469509594e+02,3.202270444191291432e+01,-8.251639035127831048e-03,2.490357423214815924e+02,2.677849177221724997e-02,nan,2.007713817883428491e-05,1.114032802873891370e+01,1.000000000000000000e+00,1.000000000000000000e+00,-1.000000000000000000e+00,0.000000000000000000e+00
8.280000000000000000e+02,1.109315647768555664e+02,2.046595055755591375e+01,-1.568471219716296257e-03,4.764503358625055540e+01,2.913785670834163621e-01,nan,1.144666790421526036e-05,1.235594602010890064e+01,1.000000000000000000e+00,1.000000000000000000e+00,-1.000000000000000000e+00,0.000000000000000000e+00
8.330000000000000000e+02,1.238228565653404445e+02,3.920056436020963275e+01,-1.879691155209038287e-03,5.702334116621018012e+01,3.149986820839109081e-01,nan,2.020351026830899017e-05,7.858540747591814757e+00,1.000000000000000000e+00,1.000000000000000000e+00,-1.000000000000000000e+00,0.000000000000000000e+00
8.340000000000000000e+02,3.402994585724240295e+01,1.449839500948936255e+01,-7.024705470352421953e-03,2.120633024537648055e+02,3.027102465744979654e-02,nan,1.590903780909594162e-05,5.493522388134711498e+00,1.000000000000000000e+00,1.000000000000000000e+00,-1.000000000000000000e+00,0.000000000000000000e+00
8.350000000000000000e+02,6.021011986960059126e+00,1.777798496252053440e+01,-6.609790828734585233e-03,1.995602565857036552e+02,3.249218399095632481e-02,nan,1.424693946191157158e-05,9.171199042962202341e+00,1.000000000000000000e+00,1.000000000000000000e+00,-1.000000000000000000e+00,0.000000000000000000e+00
8.350000000000000000e+02,9.746593161838586639e+01,1.836598842353374650e+01,-5.580053346294653292e-03,1.685301272925878209e+02,1.581007757071420938e-01,nan,5.655256162643432710e-05,4.421501643977372886e+00,1.000000000000000000e+00,1.000000000000000000e+00,-1.000000000000000000e+00,0.000000000000000000e+00
8.350000000000000000e+02,6.203713604242219049e+01,2.814335011455088420e+01,-1.413643650662828755e-03,4.297945661367670311e+01,3.439748787801136798e-01,nan,1.258576591228322226e-05,2.078126429283682342e+01,1.000000000000000000e+00,1.000000000000000000e+00,-1.000000000000000000e+00,0.000000000000000000e+00
8.360000000000000000e+02,3.004757323843732664e+01,4.826308623054742242e+01,-7.219143307569817619e-03,2.179224960164129925e+02,2.853685363774960404e-02,nan,1.557056665319547117e-05,3.165696259759892328e+01,1.000000000000000000e+00,1.000000000000000000e+00,-1.000000000000000000e+00,0.000000000000000000e+00
8.370000000000000000e+02,1.264725287637024991e+02,4.659893579741039815e+01,-1.896522108861226769e-03,5.753052545041857258e+01,2.999613257907928210e-01,nan,1.931587380291079637e-05,7.858540747591814757e+00,1.000000000000000000e+00,1.000000000000000000e+00,-1.000000000000000000e+00,0.000000000000000000e+00
8.370000000000000000e+02,5.438593693740546797e+01,8.821856956305424546e+00,-1.365915421059794334e-03,4.154121321594735150e+01,3.397048118285895812e-01,nan,1.149794463857881403e-05,2.078126429283682342e+01,1.000000000000000000e+00,1.000000000000000000e+00,-1.000000000000000000e+00,0.000000000000000000e+00
8.380000000000000000e+02,9.932049084743188416e+01,1.435222624153356641e+01,-6.479308852093798761e-03,1.956283101676794729e+02,1.144283816670033094e-01,nan,5.349213292569717139e-05,4.421501643977372886e+00,1.000000000000000000e+00,1.000000000000000000e+00,-1.000000000000000000e+00,0.000000000000000000e+00
8.450000000000000000e+02,2.449823675298817349e+01,1.602163764302772009e+01,-2.790417248858167477e-03,8.446717895832948386e+01,1.336382585422329905e-01,nan,1.185466771867512949e-05,2.190017626752400659e+01,1.000000000000000000e+00,1.000000000000000000e+00,-1.000000000000000000e+00,0.000000000000000000e+00
8.460000000000000000e+02,1.050395232845353064e+02,3.894564411797004766e+01,-1.693251027961944002e-02,5.106252849835641427e+02,9.342661665410534333e-03,nan,3.503283928470569790e-05,2.902770398063544022e+01,1.000000000000000000e+00,1.000000000000000000e+00,-1.000000000000000000e+00,0.000000000000000000e+00
8.460000000000000000e+02,5.928043672805495845e+01,4.342496225850320712e+01,-7.923757517850881990e-03,2.391553543124724968e+02,2.662844232744721040e-02,nan,1.721903912406448108e-05,7.740333918187377371e+00,1.000000000000000000e+00,1.000000000000000000e+00,-1.000000000000000000e+00,0.000000000000000000e+00
8.470000000000000000e+02,8.160892249368508544e+01,2.181045970206113793e+01,-6.973938828128261984e-03,2.105334994711051593e+02,3.112606335438261596e-02,nan,1.539786416361046354e-05,1.009899239160264983e+01,1.000000000000000000e+00,1.000000000000000000e+00,-1.000000000000000000e+00,0.000000000000000000e+00
8.480000000000000000e+02,5.116106579977358848e+01,2.046723092294669044e+01,-8.830741283546732559e-03,2.664864207213725535e+02,2.192176335660844799e-02,nan,1.740222991941498242e-05,2.157456874481459863e+01,1.000000000000000000e+00,1.000000000000000000e+00,-1.000000000000000000e+00,0.000000000000000000e+00
8.490000000000000000e+02,6.095370046736277914e+01,5.098227379262429082e+01,-7.097844804069747271e-03,2.142672845563521378e+02,3.515077636297281316e-02,nan,2.146733748118153967e-05,7.740333918187377371e+00,1.000000000000000000e+00,1.000000000000000000e+00,-1.000000000000000000e+00,0.000000000000000000e+00
8.500000000000000000e+02,2.419848795822584009e+01,3.791976247618775631e+01,-9.262487044201376737e-03,2.794966558573454449e+02,1.509606474049995928e-02,nan,1.330085933090964611e-05,1.439919436147344456e+01,1.000000000000000000e+00,1.000000000000000000e+00,-1.000000000000000000e+00,0.000000000000000000e+00
8.500000000000000000e+02,6.374036727141484171e+00,4.393662770883314295e+01,-1.326684871517602943e-03,4.035903907419448444e+01,3.495720932972915529e-01,nan,1.098397718638342072e-05,1.881259495436824380e+01,1.000000000000000000e+00,1.000000000000000000e+00,-1.000000000000000000e+00,0.000000000000000000e+00
8.510000000000000000e+02,3.001541357174819780e+01,2.474781597363027785e+01,-7.937406343829486732e-03,2.395666482995689250e+02,1.847931682559456057e-02,nan,1.110831637407755297e-05,1.439919436147344456e+01,1.000000000000000000e+00,1.000000000000000000e+00,-1.000000000000000000e+00,0.000000000000000000e+00
8.510000000000000000e+02,1.358048202728585636e+02,4.517431256234024062e+01,-1.554850549656543353e-02,4.689196579739522122e+02,1.066954047939494554e-02,nan,2.693292763568811142e-05,1.147840323277297081e+01,1.000000000000000000e+00,1.000000000000000000e+00,-1.000000000000000000e+00,0.000000000000000000e+00
8.520000000000000000e+02,3.871521577104647349e+01,4.667327983141314718e+01,-7.283129768238736680e-03,2.198506652648129318e+02,3.220000353426855089e-02,nan,1.863876761041552830e-05,1.695167993090219483e+01,1.000000000000000000e+00,1.000000000000000000e+00,-1.000000000000000000e+00,0.000000000000000000e+00
8.520000000000000000e+02,8.420300109086493023e+01,1.205031607825612561e+01,-1.354602570012312414e-03,4.120031154278949970e+01,3.718951109055809168e-01,nan,1.307776616519514744e-05,1.009899239160264983e+01,1.000000000000000000e+00,1.000000000000000000e+00,-1.000000000000000000e+00,0.000000000000000000e+00
8.540000000000000000e+02,1.387621182656757242e+02,3.408340956232204633e+01,-7.014600466415779438e-03,2.117587980689011147e+02,3.875132480583676209e-02,nan,1.878118860607131787e-05,1.147840323277297081e+01,1.000000000000000000e+00,1.000000000000000000e+00,-1.000000000000000000e+00,0.000000000000000000e+00
8.550000000000000000e+02,1.194642812014115094e+02,4.862433296415799333e+01,-2.066898635468128811e-03,6.266465501186488751e+01,2.745761720036257181e-01,nan,1.846478168287905085e-05,1.670077417123070163e+01,1.000000000000000000e+00,1.000000000000000000e+00,-1.000000000000000000e+00,0.000000000000000000e+00
8.570000000000000000e+02,4.943287033591742130e+01,2.262343614856941088e+01,-1.315674757541959467e-03,4.002726008583849904e+01,3.439490484580672858e-01,nan,1.071785805444863609e-05,2.576155356524935414e+01,1.000000000000000000e+00,1.000000000000000000e+00,-1.000000000000000000e+00,0.000000000000000000e+00
8.590000000000000000e+02,1.340177370488002495e+01,1.941334856010571386e+01,-1.598273632164240541e-03,4.854310006171306924e+01,3.607275827046453331e-01,nan,1.767574307212460319e-05,3.617381078571572317e+01,1.000000000000000000e+00,1.000000000000000000e+00,-1.000000000000000000e+00,0.000000000000000000e+00
8.610000000000000000e+02,8.841816646456922513e+01,7.281750612834595238e+00,-6.254504635026385782e-03,1.888540555249225861e+02,5.841948832166621308e-02,nan,2.339958028686958544e-05,1.325932050037324572e+01,1.000000000000000000e+00,1.000000000000000000e+00,-1.000000000000000000e+00,0.000000000000000000e+00
8.620000000000000000e+02,1.391838440388788456e+02,1.898011689457553786e+01,-7.967573995015434993e-03,2.404757208862552886e+02,2.484802040188827110e-02,nan,1.741905382490294984e-05,1.402999646757060148e+01,1.000000000000000000e+00,1.000000000000000000e+00,-1.000000000000000000e+00,0.000000000000000000e+00
8.630000000000000000e+02,1.363519450235511385e+02,5.238896102847114378e+00,-8.424732971471228862e-03,2.542517583606989717e+02,4.230391687672574452e-02,nan,3.031543553893956987e-05,1.312218253776214105e+01,1.000000000000000000e+00,1.000000000000000000e+00,-1.000000000000000000e+00,0.000000000000000000e+00
8.630000000000000000e+02,1.078114279685850789e+02,6.320903256634974099e+00,-6.565798161875342417e-03,1.982345807082395197e+02,4.387987585483865693e-02,nan,1.875156057928229110e-05,1.075621505611372086e+01,1.000000000000000000e+00,1.000000000000000000e+00,-1.000000000000000000e+00,0.000000000000000000e+00
8.630000000000000000e+02,9.862109178104894625e+01,4.749374805160423563e+01,-7.154120475704554664e-03,2.159630967382563540e+02,4.494220275850946411e-02,nan,2.286872062208668340e-05,5.062692440589762199e+00,1.000000000000000000e+00,1.000000000000000000e+00,-1.000000000000000000e+00,0.000000000000000000e+00
8.640000000000000000e+02,5.314684217299166846e+01,6.475277137464548360e+00,-8.256386872859537360e-03,2.491788137558907863e+02,2.302134318892179454e-02,nan,1.506998366209440092e-05,1.947284980625423145e+01,1.000000000000000000e+00,1.000000000000000000e+00,-1.000000000000000000e+00,0.000000000000000000e+00
8.640000000000000000e+02,9.061088560807789349e+01,2.035850720188636487e+01,-1.831340144023349548e-03,5.556633085617484369e+01,3.082251732546995582e-01,nan,1.851888176992765449e-05,1.325932050037324572e+01,1.000000000000000000e+00,1.000000000000000000e+00,-1.000000000000000000e+00,0.000000000000000000e+00
8.640000000000000000e+02,6.902184335913918289e+01,2.906696055887619679e+01,-1.626690493205189963e-02,4.905679205140572208e+02,6.201770081053492589e-03,nan,1.730245873618282038e-05,1.519666109118491981e+01,1.000000000000000000e+00,1.000000000000000000e+00,-1.000000000000000000e+00,0.000000000000000000e+00
8.650000000000000000e+02,9.425765064541121063e+00,1.697313737993951221e+01,-6.912416617585762264e-03,2.086795879838699648e+02,2.827676927596800560e-02,nan,1.518966209370213446e-05,1.634674643081626044e+01,1.000000000000000000e+00,1.000000000000000000e+00,-1.000000000000000000e+00,0.000000000000000000e+00
8.660000000000000000e+02,1.142330327125005738e+02,1.572174369158945062e+01,-7.729465635769748946e-03,2.333005589647348756e+02,6.243812140598403726e-02,nan,4.194846028455208282e-05,8.168826491074280938e+00,1.000000000000000000e+00,1.000000000000000000e+00,-1.000000000000000000e+00,0.000000000000000000e+00
8.670000000000000000e+02,2.391070452552029479e+01,2.454959088307490234e+01,-7.894435674225709978e-03,2.382717693072479506e+02,1.654905905342152206e-02,nan,1.079761375057686742e-05,1.634674643081626044e+01,1.000000000000000000e+00,1.000000000000000000e+00,-1.000000000000000000e+00,0.000000000000000000e+00
8.670000000000000000e+02,1.061569388250918848e+02,1.694911232530833445e+01,-8.427965725769431468e-03,2.543491742415003785e+02,4.242910912728736772e-02,nan,3.498331384141026447e-05,8.168826491074280938e+00,1.000000000000000000e+00,1.000000000000000000e+00,-1.000000000000000000e+00,0.000000000000000000e+00
8.680000000000000000e+02,1.413119124066431880e+02,1.738757496571169625e+01,-6.433970384305343418e-03,1.942620798988792785e+02,8.721964449313801548e-02,nan,3.923260944231831370e-05,9.995404343307669137e+00,1.000000000000000000e+00,1.000000000000000000e+00,-1.000000000000000000e+00,0.000000000000000000e+00
8.680000000000000000e+02,1.036709197225424077e+02,4.713306465953214541e+01,-6.595400461487427660e-03,1.991266169796201098e+02,4.917897795108050474e-02,nan,2.151025084296227929e-05,5.062692440589762199e+00,1.000000000000000000e+00,1.000000000000000000e+00,-1.000000000000000000e+00,0.000000000000000000e+00
8.710000000000000000e+02,4.302792790539628243e+01,2.622349964764074315e+01,-1.454348294796296501e-02,4.386342889770529609e+02,6.274386083469751796e-03,nan,1.469593161334565846e-05,1.919036738335583436e+01,1.000000000000000000e+00,1.000000000000000000e+00,-1.000000000000000000e+00,0.000000000000000000e+00
8.710000000000000000e+02,1.443986006684298786e+02,7.880710942240967576e+00,-8.732264263608381649e-03,2.635189122901486485e+02,4.537146310664796900e-02,nan,3.432180409526973077e-05,9.995404343307669137e+00,1.000000000000000000e+00,1.000000000000000000e+00,-1.000000000000000000e+00,0.000000000000000000e+00
8.710000000000000000e+02,8.826383299044715613e+01,3.703553031293994735e+01,-1.546254717580109860e-03,4.697556107943922399e+01,3.638457156377380430e-01,nan,1.653136695056628853e-05,1.842114332637675034e+01,1.000000000000000000e+00,1.000000000000000000e+00,-1.000000000000000000e+00,0.000000000000000000e+00
8.730000000000000000e+02,6.298182821992541847e+01,4.218066566108865345e+01,-1.916536071020156270e-03,5.813362657478240436e+01,2.523670457061666372e-01,nan,1.421845061296882728e-05,1.474071548927350150e+01,1.000000000000000000e+00,1.000000000000000000e+00,-1.000000000000000000e+00,0.000000000000000000e+00
8.740000000000000000e+02,9.314515698712082070e+00,3.166487467068720818e+01,-1.788414227282764113e-03,5.427280044750236243e+01,2.902712616207629992e-01,nan,1.411061430336630189e-05,2.223518399863644746e+01,1.000000000000000000e+00,1.000000000000000000e+00,-1.000000000000000000e+00,0.000000000000000000e+00
8.750000000000000000e+02,6.082132831420288710e+01,1.199372589394568678e+01,-1.629682307108338895e-03,4.948956968242794829e+01,2.647047594109516178e-01,nan,1.048647098026856330e-05,2.278358091234711225e+01,1.000000000000000000e+00,1.000000000000000000e+00,-1.000000000000000000e+00,0.000000000000000000e+00
8.760000000000000000e+02,2.464471092450160938e+01,1.555933146990076921e+01,-8.069213080870807006e-03,2.435385150732293198e+02,2.575642895241792019e-02,nan,1.713122107138041888e-05,2.125246219829072558e+01,1.000000000000000000e+00,1.000000000000000000e+00,-1.000000000000000000e+00,0.000000000000000000e+00
8.770000000000000000e+02,9.100906250996591496e+01,4.763562957273114762e+01,-7.676900616527898569e-03,2.317165636541000708e+02,1.755151069157975252e-01,nan,1.296672963066703387e-04,1.081116696461484850e+01,1.000000000000000000e+00,1.000000000000000000e+00,-1.000000000000000000e+00,0.000000000000000000e+00
8.770000000000000000e+02,3.621302029859641891e+01,4.620116149772408676e+01,-7.578640224441404900e-03,2.287555830907708980e+02,2.160501697067551685e-02,nan,1.220333380526261265e-05,2.706904993348324240e+01,1.000000000000000000e+00,1.000000000000000000e+00,-1.000000000000000000e+00,0.000000000000000000e+00
8.780000000000000000e+02,7.554645872527207473e+01,4.988902173743981905e+01,-8.477776581202021641e-03,2.558501755264216797e+02,1.757445391832046511e-02,nan,1.269140698136693294e-05,9.398486843004489444e+00,1.000000000000000000e+00,1.000000000000000000e+00,-1.000000000000000000e+00,0.000000000000000000e+00
8.780000000000000000e+02,7.782156728075163699e+01,4.077006148975191735e+01,-6.256719538960665156e-03,1.889207994830910877e+02,4.122872049554482388e-02,nan,1.595577797934770748e-05,9.398486843004489444e+00,1.000000000000000000e+00,1.000000000000000000e+00,-1.000000000000000000e+00,0.000000000000000000e+00
8.800000000000000000e+02,1.317155006477770485e+02,2.599028693134531665e+01,-7.288501100995397122e-03,2.200125251104122128e+02,3.146826755362841510e-02,nan,1.626497750922348008e-05,3.624893321200528362e+01,1.000000000000000000e+00,1.000000000000000000e+00,-1.000000000000000000e+00,0.000000000000000000e+00
8.810000000000000000e+02,9.805110652301570440e+01,3.943252362101694075e+01,-9.085207248739688227e-03,2.741545030581690412e+02,2.521839093774613794e-02,nan,2.241872833741447604e-05,1.081116696461484850e+01,1.000000000000000000e+00,1.000000000000000000e+00,-1.000000000000000000e+00,0.000000000000000000e+00
8.870000000000000000e+02,2.722237064848174626e+01,3.427795068430361880e+01,-9.019205273255935865e-03,2.721655982471980906e+02,1.274321440004665407e-01,nan,1.252254327568529167e-04,1.977664478273688431e+01,1.000000000000000000e+00,1.000000000000000000e+00,-1.000000000000000000e+00,0.000000000000000000e+00
8.870000000000000000e+02,1.085613177314209707e+02,5.287905612928949672e+00,-7.993451643773519244e-03,2.412555184564695594e+02,2.839275650837835840e-02,nan,1.870162729779101531e-05,2.055856448977189288e+01,1.000000000000000000e+00,1.000000000000000000e+00,-1.000000000000000000e+00,0.000000000000000000e+00
8.870000000000000000e+02,8.488757894031068929e+01,8.694226493059899141e+00,1.498568308311877149e-03,-4.553857789649092780e+01,3.679181170318746030e-01,nan,1.566059585258997139e-05,1.257518139611644337e+01,1.000000000000000000e+00,1.000000000000000000e+00,-1.000000000000000000e+00,0.000000000000000000e+00
8.880000000000000000e+02,1.759743827032496455e+01,1.483343756001879221e+01,-8.744552179137166092e-03,2.638891965753215914e+02,1.769368552663197480e-02,nan,1.346637747473891487e-05,8.950208034846431460e+00,1.000000000000000000e+00,1.000000000000000000e+00,-1.000000000000000000e+00,0.000000000000000000e+00
8.880000000000000000e+02,5.521875245152836698e+01,2.979621508009803676e+01,-8.010928847248644999e-03,2.417821768453923426e+02,1.405901748939808460e-02,nan,8.736095852955696981e-06,1.669003372570391619e+01,1.000000000000000000e+00,1.000000000000000000e+00,-1.000000000000000000e+00,0.000000000000000000e+00
8.880000000000000000e+02,7.453661109327659240e+00,3.371777033913600263e+01,-7.900003372384604983e-03,2.384395464316915252e+02,4.155354112342823925e-02,nan,2.607071565476995500e-05,1.977664478273688431e+01,1.000000000000000000e+00,1.000000000000000000e+00,-1.000000000000000000e+00,0.000000000000000000e+00
8.880000000000000000e+02,7.031070033284572673e+01,1.847985481966554744e+01,-1.672401504977530720e-03,5.077687082061542156e+01,3.159442823249802856e-01,nan,1.482462929179860126e-05,4.214198679365456890e+00,1.000000000000000000e+00,1.000000000000000000e+00,-1.000000000000000000e+00,0.000000000000000000e+00
8.880000000000000000e+02,1.208711905321777067e+02,2.175367633613833718e+01,-8.336169752267950234e-03,2.515829925933495304e+02,1.005490707163941844e-01,nan,7.602404237037424734e-05,6.574591153602414195e+00,1.000000000000000000e+00,1.000000000000000000e+00,-1.000000000000000000e+00,0.000000000000000000e+00
8.900000000000000000e+02,1.232659381475599503e+02,2.787661947613630531e+01,-7.847458236985132771e-03,2.368561503011490856e+02,7.442178467338189662e-02,nan,5.056171363894904752e-05,6.574591153602414195e+00,1.000000000000000000e+00,1.000000000000000000e+00,-1.000000000000000000e+00,0.000000000000000000e+00
8.900000000000000000e+02,1.701889575286661582e+01,5.901947627061213453e+00,-1.538662037762850024e-03,4.674676311837777831e+01,3.520179274775759870e-01,nan,1.519438177939037782e-05,8.950208034846431460e+00,1.000000000000000000e+00,1.000000000000000000e+00,-1.000000000000000000e+00,0.000000000000000000e+00
8.930000000000000000e+02,3.984177214233463360e+01,1.334607892410851271e+01,-1.504318434710058246e-03,4.571185231703988450e+01,3.028414303384524553e-01,nan,1.167037711736740393e-05,7.261987114621764938e+00,1.000000000000000000e+00,1.000000000000000000e+00,-1.000000000000000000e+00,0.000000000000000000e+00
8.940000000000000000e+02,3.262310354133582990e+01,5.240667830343939926e+01,-1.589016446170546035e-02,4.792152158644223050e+02,5.889251763657177285e-03,nan,1.510901561187409870e-05,1.340135873747719941e+01,1.000000000000000000e+00,1.000000000000000000e+00,-1.000000000000000000e+00,0.000000000000000000e+00
8.960000000000000000e+02,8.843373423465926919e+01,3.856517501605818410e+01,-7.897368983530796832e-03,2.383601617068116525e+02,1.969541223099813276e-02,nan,1.191816783645007550e-05,2.353518255359515976e+01,1.000000000000000000e+00,1.000000000000000000e+00,-1.000000000000000000e+00,0.000000000000000000e+00
8.970000000000000000e+02,1.120421284272594775e+01,5.264555246283958212e+01,-8.361579656306150979e-03,2.523486951350913046e+02,2.996001080325294552e-02,nan,2.050388975731167880e-05,2.142022267911858435e+01,1.000000000000000000e+00,1.000000000000000000e+00,-1.000000000000000000e+00,0.000000000000000000e+00
8.970000000000000000e+02,3.611973918451869281e+01,3.946952424277444749e+01,-1.566188527830470129e-03,4.757624690463370598e+01,2.772941880948922577e-01,nan,1.048251611684527665e-05,1.340135873747719941e+01,1.000000000000000000e+00,1.000000000000000000e+00,-1.000000000000000000e+00,0.000000000000000000e+00
9.000000000000000000e+02,9.297329809945429702e+01,6.700333947337406393e+00,-7.313007337945820474e-03,2.207509965305818866e+02,2.424948722169750770e-02,nan,1.347216828643730860e-05,1.605046342903309409e+01,1.000000000000000000e+00,1.000000000000000000e+00,-1.000000000000000000e+00,0.000000000000000000e+00
9.000000000000000000e+02,1.024470216866878189e+02,1.965664274573457959e+01,-7.964308681902797921e-03,2.403773238775074503e+02,2.006235017718138725e-02,nan,1.307208528699985034e-05,1.605046342903309409e+01,1.000000000000000000e+00,1.000000000000000000e+00,-1.000000000000000000e+00,0.000000000000000000e+00
9.030000000000000000e+02,1.214602604985147423e+02,5.847248777463363467e+00,-1.843153303578955746e-03,5.592230883563238564e+01,2.671881162754010663e-01,nan,1.385574612731305776e-05,1.780664832250993257e+01,1.000000000000000000e+00,1.000000000000000000e+00,-1.000000000000000000e+00,0.000000000000000000e+00
9.050000000000000000e+02,1.301601609994785349e+02,2.138392975362026505e+01,-9.494997309552841505e-03,2.865031247087436554e+02,2.653840931857720520e-02,nan,2.394309155120550786e-05,9.157652336192402487e+00,1.000000000000000000e+00,1.000000000000000000e+00,-1.000000000000000000e+00,0.000000000000000000e+00
9.060000000000000000e+02,1.396760331663502974e+01,3.506955960165689845e+01,-8.815531373294905118e-03,2.660280849904709157e+02,1.476326936450400584e-02,nan,1.127006173313501778e-05,4.110281456451265569e+01,1.000000000000000000e+00,1.000000000000000000e+00,-1.000000000000000000e+00,0.000000000000000000e+00
9.070000000000000000e+02,5.462324174958331469e+01,4.111608163784362802e+01,-7.011121276926323385e-03,2.116539561052607610e+02,3.093666687705265428e-02,nan,1.540893369475150501e-05,3.138601859309062547e+01,1.000000000000000000e+00,1.000000000000000000e+00,-1.000000000000000000e+00,0.000000000000000000e+00
9.070000000000000000e+02,1.392880049648138936e+02,6.998146861920341522e+00,-6.983567918812187345e-03,2.108236626767693735e+02,4.626316821784082212e-02,nan,2.261085485403634590e-05,1.703726165974553908e+01,1.000000000000000000e+00,1.000000000000000000e+00,-1.000000000000000000e+00,0.000000000000000000e+00
9.080000000000000000e+02,8.976728035024886765e+01,9.427428506103282757e+00,-1.251999885825610080e-03,3.810848026498629793e+01,3.539941156392953925e-01,nan,1.020004542125750657e-05,1.136026703265687843e+01,1.000000000000000000e+00,1.000000000000000000e+00,-1.000000000000000000e+00,0.000000000000000000e+00
9.100000000000000000e+02,1.284786891396922499e+02,3.038588780147390978e+01,-1.562909464067779169e-02,4.713481328076570662e+02,1.218697147318104079e-02,nan,3.507645417460225856e-05,9.157652336192402487e+00,1.000000000000000000e+00,1.000000000000000000e+00,-1.000000000000000000e+00,0.000000000000000000e+00
9.120000000000000000e+02,1.366594314712303628e+02,4.333363791361304607e+01,-7.616417766254559261e-03,2.298939722693998817e+02,4.837044561285475108e-02,nan,2.916821411073733820e-05,1.531563834978544492e+01,1.000000000000000000e+00,1.000000000000000000e+00,-1.000000000000000000e+00,0.000000000000000000e+00
9.120000000000000000e+02,3.490608365290342618e+01,1.105613201039554205e+01,-1.320449346595942717e-03,4.017113764511267959e+01,3.398865358726851360e-01,nan,1.070092906155006804e-05,1.146836932427664557e+01,1.000000000000000000e+00,1.000000000000000000e+00,-1.000000000000000000e+00,0.000000000000000000e+00
9.130000000000000000e+02,8.036033302033817449e+01,1.579649507708185929e+01,-8.393574751987868676e-03,2.533128359697017515e+02,2.297932350065023943e-02,nan,1.597665436091989504e-05,8.217928848984279000e+00,1.000000000000000000e+00,1.000000000000000000e+00,-1.000000000000000000e+00,0.000000000000000000e+00
9.180000000000000000e+02,4.949348633171787526e+01,4.301277088750911304e+01,-2.056479395192606884e-03,6.235068142306300132e+01,1.923732354202181138e-01,nan,1.065840361376028298e-05,2.974983497097701957e+01,1.000000000000000000e+00,1.000000000000000000e+00,-1.000000000000000000e+00,0.000000000000000000e+00
9.200000000000000000e+02,8.192449930793938506e+01,2.797930720701683782e+01,-7.783282996679720400e-03,2.349222923635170162e+02,3.202831326630806164e-02,nan,1.931098201192474602e-05,6.379468554568791916e+00,1.000000000000000000e+00,1.000000000000000000e+00,-1.000000000000000000e+00,0.000000000000000000e+00
9.230000000000000000e+02,5.446551497038428380e+01,1.208080888503418926e+01,-7.756919028607743918e-03,2.341278400376537547e+02,1.673059985275415773e-02,nan,1.019895379110007343e-05,5.911356378132007094e+00,1.000000000000000000e+00,1.000000000000000000e+00,-1.000000000000000000e+00,0.000000000000000000e+00
9.240000000000000000e+02,1.412566694590057637e+02,4.782136829579845738e+01,-1.789400576237034452e-03,5.430252310604502242e+01,3.287102259324892195e-01,nan,1.959179369338261926e-05,2.447734332079324204e+01,1.000000000000000000e+00,1.000000000000000000e+00,-1.000000000000000000e+00,0.000000000000000000e+00
9.260000000000000000e+02,1.216858664489528081e+02,3.312021168872554000e+01,-7.974034841316679154e-03,2.406704121541651773e+02,2.880626894166971041e-02,nan,1.819541353957222283e-05,2.061685199091455445e+01,1.000000000000000000e+00,1.000000000000000000e+00,-1.000000000000000000e+00,0.000000000000000000e+00
9.280000000000000000e+02,2.862532117511540974e+01,2.574383540310833851e+01,-6.682403962106626093e-03,2.017483821568675069e+02,3.543105500069310132e-02,nan,1.579688667773390678e-05,9.669124796303171010e+00,1.000000000000000000e+00,1.000000000000000000e+00,-1.000000000000000000e+00,0.000000000000000000e+00
9.280000000000000000e+02,5.993285901036856700e+01,1.432853737791990767e+01,-6.659806358709455254e-03,2.010674255372567529e+02,2.257698908986183195e-02,nan,1.038829151053608550e-05,5.911356378132007094e+00,1.000000000000000000e+00,1.000000000000000000e+00,-1.000000000000000000e+00,0.000000000000000000e+00
9.300000000000000000e+02,3.816958940709833570e+01,2.419499123972508769e+01,-1.417874972423003622e-03,4.310696334576913102e+01,3.602855351968085040e-01,nan,1.403186606147623569e-05,9.669124796303171010e+00,1.000000000000000000e+00,1.000000000000000000e+00,-1.000000000000000000e+00,0.000000000000000000e+00
9.310000000000000000e+02,3.424277844241043312e+01,5.113333394761954054e+01,-1.494849339656746006e-03,4.542651042281566731e+01,3.073448036424125673e-01,nan,1.135291581873109167e-05,2.381410366024797653e+01,1.000000000000000000e+00,1.000000000000000000e+00,-1.000000000000000000e+00,0.000000000000000000e+00
9.330000000000000000e+02,3.701666816830443452e+01,8.902085145409110112e+00,-7.541780469820214515e-03,2.276448505292077868e+02,1.964602152503791554e-02,nan,1.172504867389400879e-05,1.533630347223309265e+01,1.000000000000000000e+00,1.000000000000000000e+00,-1.000000000000000000e+00,0.000000000000000000e+00
9.330000000000000000e+02,6.338616352915667562e+01,5.295178797814966742e+01,-8.638389894680978398e-03,2.606901002338710782e+02,1.198685380165742664e-02,nan,1.008595952310533140e-05,9.078227602419069342e+00,1.000000000000000000e+00,1.000000000000000000e+00,-1.000000000000000000e+00,0.000000000000000000e+00
9.340000000000000000e+02,9.306748789380819176e+01,1.754165444194424950e+01,-7.736230010477820190e-03,2.335043967635505169e+02,2.376111441221406828e-02,nan,1.474292915076992159e-05,3.011504298778237754e+01,1.000000000000000000e+00,1.000000000000000000e+00,-1.000000000000000000e+00,0.000000000000000000e+00
9.340000000000000000e+02,1.205484220424582702e+02,5.224427786826690401e+00,-1.677305460909067018e-03,5.092464672389005642e+01,3.329806761130212900e-01,nan,1.613455516328835855e-05,2.127835652881192274e+01,1.000000000000000000e+00,1.000000000000000000e+00,-1.000000000000000000e+00,0.000000000000000000e+00
9.340000000000000000e+02,1.243753051931647633e+02,2.615582577927028751e+01,-1.731767178651099498e-03,5.256579718396280754e+01,3.443236878105087051e-01,nan,1.873914981578480974e-05,2.127835652881192274e+01,1.000000000000000000e+00,1.000000000000000000e+00,-1.000000000000000000e+00,0.000000000000000000e+00
9.400000000000000000e+02,7.319451611387684409e+01,2.640340495855756231e+01,-6.156013795987689066e-03,1.858861306686604848e+02,3.470356222984993799e-02,nan,1.332826006251548827e-05,1.181072020744210249e+01,1.000000000000000000e+00,1.000000000000000000e+00,-1.000000000000000000e+00,0.000000000000000000e+00
9.400000000000000000e+02,9.314978258589850668e+01,2.190786035228445172e+01,-1.333616667661078042e-03,4.056792195379588861e+01,3.731368082870882841e-01,nan,1.281752254869119810e-05,1.451455653825957981e+01,1.000000000000000000e+00,1.000000000000000000e+00,-1.000000000000000000e+00,0.000000000000000000e+00
9.410000000000000000e+02,9.446349456188747240e+01,7.452878085035658628e+00,-7.721171299191881103e-03,2.330506172652232522e+02,2.764254943469934833e-02,nan,1.632032682993057079e-05,1.451455653825957981e+01,1.000000000000000000e+00,1.000000000000000000e+00,-1.000000000000000000e+00,0.000000000000000000e+00
9.410000000000000000e+02,1.191173089718571561e+02,7.072721635760035319e+00,-6.891903882893858288e-03,2.080614568383114147e+02,3.267774978876695213e-01,nan,2.678167959485792211e-04,5.321511675251249684e+00,1.000000000000000000e+00,1.000000000000000000e+00,-1.000000000000000000e+00,0.000000000000000000e+00
9.420000000000000000e+02,1.229720902954041861e+02,1.074139271088633585e+01,-7.905882543116663982e-03,2.386167094767035906e+02,1.824306624516689457e-01,nan,1.438823966457027082e-04,5.321511675251249684e+00,1.000000000000000000e+00,1.000000000000000000e+00,-1.000000000000000000e+00,0.000000000000000000e+00
9.430000000000000000e+02,6.047450161132782398e+01,2.367781045839019782e+01,-7.277828498722059385e-03,2.196909167062478900e+02,2.831229788568001560e-02,nan,1.425864433169841353e-05,1.194959113335476886e+01,1.000000000000000000e+00,1.000000000000000000e+00,-1.000000000000000000e+00,0.000000000000000000e+00
9.440000000000000000e+02,6.661309176387131004e+01,3.621044148054703982e+01,-7.773746837545023568e-03,2.346349295589619999e+02,8.952821447890113582e-02,nan,6.496965119947882897e-05,8.449156124602057005e+00,1.000000000000000000e+00,1.000000000000000000e+00,-1.000000000000000000e+00,0.000000000000000000e+00
9.450000000000000000e+02,5.820200063764048792e+01,3.540932645500977571e+01,-8.410155984758993855e-03,2.538124951600306645e+02,2.731268361780347931e-02,nan,2.285184142484244862e-05,8.449156124602057005e+00,1.000000000000000000e+00,1.000000000000000000e+00,-1.000000000000000000e+00,0.000000000000000000e+00
9.450000000000000000e+02,6.297934536981780695e+01,4.407153162299734106e+01,-1.556303674474879967e-02,4.693575428889033674e+02,1.602290095803626802e-02,nan,4.542470056213116468e-05,7.723162181014837202e+00,1.000000000000000000e+00,1.000000000000000000e+00,-1.000000000000000000e+00,0.000000000000000000e+00
9.460000000000000000e+02,4.808452743070354529e+00,1.425088711835353905e+01,-7.652019596801395984e-03,2.309667985224778306e+02,2.430801780236468979e-02,nan,1.385669887802402798e-05,9.785195227291371367e+00,1.000000000000000000e+00,1.000000000000000000e+00,-1.000000000000000000e+00,0.000000000000000000e+00
9.470000000000000000e+02,3.602880436328387503e+01,3.410217525326223864e+01,-2.007979370782559617e-03,6.088918074563103744e+01,1.988708831557930434e-01,nan,1.126122858964999372e-05,8.612948743630079562e+00,1.000000000000000000e+00,1.000000000000000000e+00,-1.000000000000000000e+00,0.000000000000000000e+00
9.480000000000000000e+02,1.134185887216826245e+02,3.332899797454159341e+01,-7.878134954596407308e-03,2.377805631053822140e+02,4.182841431495087914e-02,nan,2.723899450900994998e-05,1.120112892144057071e+01,1.000000000000000000e+00,1.000000000000000000e+00,-1.000000000000000000e+00,0.000000000000000000e+00
9.480000000000000000e+02,1.246974199163667407e+02,4.755476756710473296e+01,-9.435791516386987654e-03,2.847190161877205696e+02,2.559814114637948279e-02,nan,2.366407389301902203e-05,7.045362100951439999e+00,1.000000000000000000e+00,1.000000000000000000e+00,-1.000000000000000000e+00,0.000000000000000000e+00
9.500000000000000000e+02,1.033942969855107918e+02,2.833111199116327228e+01,-8.210138388218619215e-03,2.477851610215861626e+02,2.254394469604870110e-02,nan,1.642551383521357428e-05,1.120112892144057071e+01,1.000000000000000000e+00,1.000000000000000000e+00,-1.000000000000000000e+00,0.000000000000000000e+00
9.500000000000000000e+02,6.017346440086691395e+00,3.201088656378392017e+01,-1.467877090559511957e-03,4.461372814472458970e+01,3.360052210503411407e-01,nan,1.230285437486577722e-05,1.780109559191156166e+01,1.000000000000000000e+00,1.000000000000000000e+00,-1.000000000000000000e+00,0.000000000000000000e+00
9.510000000000000000e+02,3.339675840998745571e+01,8.876821474384056998e+00,-6.482692676092965435e-03,1.957302783857834640e+02,2.829831320935927153e-02,nan,1.298418637384120339e-05,2.282431991112621361e+01,1.000000000000000000e+00,1.000000000000000000e+00,-1.000000000000000000e+00,0.000000000000000000e+00
9.510000000000000000e+02,7.762377450875746376e+01,2.112616103673945744e+01,-7.480929109055183164e-03,2.258111544421945496e+02,2.385482782775250055e-02,nan,1.288606995186996479e-05,1.987922278480015947e+01,1.000000000000000000e+00,1.000000000000000000e+00,-1.000000000000000000e+00,0.000000000000000000e+00
9.510000000000000000e+02,5.951120730444773699e+01,2.931874352317690580e+01,-8.769393458412334461e-03,2.646377641674116035e+02,2.574022021786148695e-02,nan,2.031637223042751813e-05,1.623365659230855229e+01,1.000000000000000000e+00,1.000000000000000000e+00,-1.000000000000000000e+00,0.000000000000000000e+00
9.520000000000000000e+02,8.380033187431025965e+01,4.739603018627519759e+01,-1.518154584768293368e-02,4.578616887882529340e+02,5.805569159832324466e-03,nan,1.423387605432705208e-05,2.698621659335917755e+01,1.000000000000000000e+00,1.000000000000000000e+00,-1.000000000000000000e+00,0.000000000000000000e+00
9.520000000000000000e+02,4.327809185135025416e+01,2.945129179140650066e+01,-1.420318208462149510e-03,4.318058786801984894e+01,3.555227614573700512e-01,nan,1.301186768732622127e-05,8.612948743630079562e+00,1.000000000000000000e+00,1.000000000000000000e+00,-1.000000000000000000e+00,0.000000000000000000e+00
9.570000000000000000e+02,1.970357259479019518e+01,9.650313134040947816e+00,-7.670931773160087792e-03,2.315366984121408507e+02,2.677162377395259085e-02,nan,1.545310663586919127e-05,2.595393835734284949e+01,1.000000000000000000e+00,1.000000000000000000e+00,-1.000000000000000000e+00,0.000000000000000000e+00
9.620000000000000000e+02,7.821375897746582950e+01,1.486820311122413329e+01,-5.857557138986095417e-03,1.768924319706131314e+02,4.318247025864696553e-02,nan,1.467984939607429376e-05,1.319461687960465390e+01,1.000000000000000000e+00,1.000000000000000000e+00,-1.000000000000000000e+00,0.000000000000000000e+00
9.620000000000000000e+02,6.263184203759379898e+01,1.557500315650538880e+01,-6.968095211734961700e-03,2.103574078212277527e+02,2.692393192176667505e-02,nan,1.264737319552076230e-05,5.089199282679338410e+00,1.000000000000000000e+00,1.000000000000000000e+00,-1.000000000000000000e+00,0.000000000000000000e+00
9.630000000000000000e+02,5.566642622601546719e+01,7.382491481309838122e+00,-7.060763017476028719e-03,2.131498612790170455e+02,3.497663095738834382e-02,nan,1.831030707075953558e-05,1.060274178522191058e+01,1.000000000000000000e+00,1.000000000000000000e+00,-1.000000000000000000e+00,0.000000000000000000e+00
9.630000000000000000e+02,8.582873853832140298e+01,3.058107685274817911e+01,-6.778635619566365095e-03,2.046482287915564768e+02,3.216042644169492259e-02,nan,1.458960629554513485e-05,1.746087955772343037e+01,1.000000000000000000e+00,1.000000000000000000e+00,-1.000000000000000000e+00,0.000000000000000000e+00
9.650000000000000000e+02,2.424505362812353226e+01,2.685189498660122709e+01,-9.244089919643710615e-03,2.789422765486566504e+02,1.451713978128432725e-02,nan,1.290208110954994850e-05,7.727576302500312799e+00,1.000000000000000000e+00,1.000000000000000000e+00,-1.000000000000000000e+00,0.000000000000000000e+00
9.670000000000000000e+02,6.549245604401025389e+01,1.136586585236361380e+01,-8.001689468165405078e-03,2.415037572166713460e+02,2.597733353062381401e-02,nan,1.637533001312933015e-05,5.089199282679338410e+00,1.000000000000000000e+00,1.000000000000000000e+00,-1.000000000000000000e+00,0.000000000000000000e+00
9.690000000000000000e+02,8.300293349061607273e+01,2.629515870649175824e+01,-6.763174730456119471e-03,2.041823300588613392e+02,7.424740345374780670e-02,nan,3.573155587680514446e-05,4.540795784910816479e+00,1.000000000000000000e+00,1.000000000000000000e+00,-1.000000000000000000e+00,0.000000000000000000e+00
9.690000000000000000e+02,1.870980103362253999e+01,4.436242896878836461e+01,-1.406869629535586899e-03,4.277532812947842444e+01,3.063776491385642453e-01,nan,1.008929946969592967e-05,8.105561104766559666e+00,1.000000000000000000e+00,1.000000000000000000e+00,-1.000000000000000000e+00,0.000000000000000000e+00
9.700000000000000000e+02,5.730360869222908349e+01,4.074110702958049757e+01,-8.483159682265423510e-03,2.560123899984048421e+02,1.602296806673275675e-02,nan,1.273094338569471238e-05,1.788386476350797949e+01,1.000000000000000000e+00,1.000000000000000000e+00,-1.000000000000000000e+00,0.000000000000000000e+00
9.710000000000000000e+02,1.939241951136501285e+01,3.628566273241943918e+01,-1.596981397061857924e-03,4.850415982404295789e+01,2.505799188600881244e-01,nan,9.251694707556588993e-06,8.105561104766559666e+00,1.000000000000000000e+00,1.000000000000000000e+00,-1.000000000000000000e+00,0.000000000000000000e+00
9.710000000000000000e+02,1.280572863526194283e+02,2.334081959335478729e+01,-1.770965196191062957e-03,5.374699100572877342e+01,3.398074801419040947e-01,nan,1.895481375504840730e-05,4.515111107613323327e+01,1.000000000000000000e+00,1.000000000000000000e+00,-1.000000000000000000e+00,0.000000000000000000e+00
9.730000000000000000e+02,7.881624980979695749e+01,2.453717516930298714e+01,-7.373701500171013848e-03,2.225799555937428806e+02,5.622382529668723539e-02,nan,3.079193722853397535e-05,4.540795784910816479e+00,1.000000000000000000e+00,1.000000000000000000e+00,-1.000000000000000000e+00,0.000000000000000000e+00
9.730000000000000000e+02,7.048760280679537971e+01,5.282477030139188656e+01,-7.910734942048027254e-03,2.387629317603337711e+02,2.214557337833800155e-02,nan,1.437960761600492553e-05,1.788386476350797949e+01,1.000000000000000000e+00,1.000000000000000000e+00,-1.000000000000000000e+00,0.000000000000000000e+00
9.730000000000000000e+02,6.513711309164348506e+01,2.122995744631123571e+01,-2.694633937264540816e-03,8.158084278667671185e+01,1.175620617937610524e-01,nan,9.577806354122758774e-06,1.407325372546112163e+01,1.000000000000000000e+00,1.000000000000000000e+00,-1.000000000000000000e+00,0.000000000000000000e+00
9.760000000000000000e+02,1.663728605128347482e+01,4.716891498766419488e+01,-7.733940701106077620e-03,2.334354106704845719e+02,1.633784309931185508e-02,nan,9.348488003459803515e-06,1.122657294253909477e+01,1.000000000000000000e+00,1.000000000000000000e+00,-1.000000000000000000e+00,0.000000000000000000e+00
9.770000000000000000e+02,4.283568765658784372e+01,4.772573980037426367e+01,-1.056780671465035269e-03,3.222574066833138318e+01,3.665599935129673081e-01,nan,7.774580717828532371e-06,2.620431835680646415e+01,1.000000000000000000e+00,1.000000000000000000e+00,-1.000000000000000000e+00,0.000000000000000000e+00
9.790000000000000000e+02,7.140605904234271861e+01,1.994525101816679324e+01,-7.847448829269784709e-03,2.368558668088720935e+02,1.808099578165223154e-02,nan,1.199694802040493213e-05,2.649448274465835595e+01,1.000000000000000000e+00,1.000000000000000000e+00,-1.000000000000000000e+00,0.000000000000000000e+00
9.820000000000000000e+02,1.068001019783254435e+02,4.574779242067079110e+01,-1.539294501799866495e-03,4.676582180195153882e+01,3.417660429174758097e-01,nan,1.525347205876109702e-05,3.373117316821694800e+01,1.000000000000000000e+00,1.000000000000000000e+00,-1.000000000000000000e+00,0.000000000000000000e+00
9.840000000000000000e+02,4.492038432402129899e+01,2.062836932583319083e+01,-1.285379749863555052e-03,3.911434973613520327e+01,3.690292771933965099e-01,nan,1.152426174435874647e-05,1.229410135670502591e+01,1.000000000000000000e+00,1.000000000000000000e+00,-1.000000000000000000e+00,0.000000000000000000e+00
9.860000000000000000e+02,1.393543733408492926e+02,9.407700557653285500e+00,-7.760864927755773378e-03,2.342467458392089270e+02,2.533706524934786763e-02,nan,1.617270212269055466e-05,3.975128832785980393e+01,1.000000000000000000e+00,1.000000000000000000e+00,-1.000000000000000000e+00,0.000000000000000000e+00
9.870000000000000000e+02,8.213790990410548432e+01,2.273544083725973408e+01,-8.136985776564581094e-03,2.455807788013960646e+02,2.030259225593689099e-02,nan,1.329587469834365181e-05,2.278045531281435387e+01,1.000000000000000000e+00,1.000000000000000000e+00,-1.000000000000000000e+00,0.000000000000000000e+00
9.870000000000000000e+02,4.915663192706259821e+01,3.216956226307599565e+01,-7.587675546106784248e-03,2.290278536492993453e+02,2.550954623893164630e-02,nan,1.481421630110034643e-05,1.229410135670502591e+01,1.000000000000000000e+00,1.000000000000000000e+00,-1.000000000000000000e+00,0.000000000000000000e+00
9.870000000000000000e+02,1.415796664484900020e+02,4.909665360897135855e+01,-1.795112496835212998e-02,5.413202397951038165e+02,1.045143874124376815e-02,nan,3.725940633750532698e-05,3.494042037515917798e+01,1.000000000000000000e+00,1.000000000000000000e+00,-1.000000000000000000e+00,0.000000000000000000e+00
9.880000000000000000e+02,2.297750894983941450e+01,4.779791117094629982e+01,-8.830231940125665702e-03,2.664710721568307576e+02,2.038936823473858073e-02,nan,1.662329149518488602e-05,1.026962990372599727e+01,1.000000000000000000e+00,1.000000000000000000e+00,-1.000000000000000000e+00,0.000000000000000000e+00
9.880000000000000000e+02,6.138969557029830071e+01,5.253048857941610805e+01,-1.409715956816957362e-02,4.251847715828590140e+02,8.213589723179759439e-03,nan,1.601506058083169057e-05,8.746537322157228900e+00,1.000000000000000000e+00,1.000000000000000000e+00,-1.000000000000000000e+00,0.000000000000000000e+00
9.890000000000000000e+02,2.059825631445221106e+01,3.780769319251828620e+01,-8.016762506886857334e-03,2.419579684582186019e+02,1.997010975393676002e-02,nan,1.336556737893810129e-05,1.026962990372599727e+01,1.000000000000000000e+00,1.000000000000000000e+00,-1.000000000000000000e+00,0.000000000000000000e+00
9.900000000000000000e+02,7.246720358226419023e+01,4.336131253994979318e+01,-2.039786814082303681e-02,6.150504460695457283e+02,4.586094128527729019e-03,nan,2.014661249596059683e-05,1.438001992341775725e+01,1.000000000000000000e+00,1.000000000000000000e+00,-1.000000000000000000e+00,0.000000000000000000e+00
9.930000000000000000e+02,5.907524201271081665e+01,1.053320839029472999e+01,-8.698110304932409401e-03,2.624897162361446590e+02,1.263018338697874388e-02,nan,9.968159915477783420e-06,1.948389615154299292e+01,1.000000000000000000e+00,1.000000000000000000e+00,-1.000000000000000000e+00,0.000000000000000000e+00
9.930000000000000000e+02,2.948050391097357448e+01,1.141576440020969407e+01,-1.332297014517862905e-03,4.052815550035087000e+01,3.311265913622917223e-01,nan,1.252640741592979436e-05,1.915141331574204386e+01,1.000000000000000000e+00,1.000000000000000000e+00,-1.000000000000000000e+00,0.000000000000000000e+00
9.940000000000000000e+02,7.840527241225557020e+01,1.297700338922313179e+01,-7.759302352348772594e-03,2.341996591615495049e+02,2.598349864734106340e-02,nan,1.562698041923587058e-05,1.948389615154299292e+01,1.000000000000000000e+00,1.000000000000000000e+00,-1.000000000000000000e+00,0.000000000000000000e+00
9.950000000000000000e+02,2.525209414829046750e+01,3.922206011877889154e+01,-7.583739607782230725e-03,2.289092480073922218e+02,2.776586681504888965e-02,nan,1.648454833900145309e-05,1.227787179951752172e+01,1.000000000000000000e+00,1.000000000000000000e+00,-1.000000000000000000e+00,0.000000000000000000e+00
9.960000000000000000e+02,4.120854828869480002e+01,2.655609488090209069e+01,-7.488067348377727001e-03,2.260262582845630845e+02,1.153402491660928675e-01,nan,5.203193429700266905e-05,8.117786711142695566e+00,1.000000000000000000e+00,1.000000000000000000e+00,-1.000000000000000000e+00,0.000000000000000000e+00
9.980000000000000000e+02,3.456509079905065107e+01,3.122117083643550473e+01,-1.134488380387961397e-02,3.422476402531673898e+02,7.294883680627328726e-02,nan,1.017539882754999960e-04,8.117786711142695566e+00,1.000000000000000000e+00,1.000000000000000000e+00,-1.000000000000000000e+00,0.000000000000000000e+00
1.000000000000000000e+03,1.751329550285237957e+01,1.655996431242567013e+01,-1.466884251351421777e-03,4.458380990874728411e+01,2.996274263111250447e-01,nan,1.159723956752588100e-05,2.248810128852851875e+01,1.000000000000000000e+00,1.000000000000000000e+00,-1.000000000000000000e+00,0.000000000000000000e+00
1.001000000000000000e+03,1.126635164866674899e+02,2.849802242545171538e+01,-8.014107741625113232e-03,2.418779697102662567e+02,2.660700519523473417e-02,nan,1.654631046532043811e-05,1.904580333017090865e+01,1.000000000000000000e+00,1.000000000000000000e+00,-1.000000000000000000e+00,0.000000000000000000e+00
1.001000000000000000e+03,1.578578718394571112e+01,3.953148123233136602e+01,-7.964201335120223851e-03,2.403740890874767047e+02,2.735631172208308204e-02,nan,1.814667877193603960e-05,1.852286472474644086e+01,1.000000000000000000e+00,1.000000000000000000e+00,-1.000000000000000000e+00,0.000000000000000000e+00
1.005000000000000000e+03,1.139675467417855259e+02,9.496913784499048106e+00,-7.429290049699712080e-03,2.242550620247578195e+02,4.810474388975793936e-02,nan,2.519897118554992389e-05,7.115131065250323239e+00,1.000000000000000000e+00,1.000000000000000000e+00,-1.000000000000000000e+00,0.000000000000000000e+00
1.006000000000000000e+03,9.287787245451204043e+00,2.218580412215254682e+01,-8.359504437372943658e-03,2.522861604474577462e+02,2.771411156183511970e-02,nan,1.885980332189853077e-05,1.852286472474644086e+01,1.000000000000000000e+00,1.000000000000000000e+00,-1.000000000000000000e+00,0.000000000000000000e+00
1.008000000000000000e+03,1.118626228248771639e+02,4.094702235834984094e+01,-2.732446097132023785e-02,8.237765289366274146e+02,3.931012860318494617e-03,nan,3.600846598378902222e-05,2.272072261386841419e+01,1.000000000000000000e+00,1.000000000000000000e+00,-1.000000000000000000e+00,0.000000000000000000e+00
1.009000000000000000e+03,1.883668223798668251e+01,5.110374934788416112e+01,-7.500146922553624709e-03,2.263902644073622241e+02,4.354548416287584711e-02,nan,2.777673009335405232e-05,7.807347753887295738e+00,1.000000000000000000e+00,1.000000000000000000e+00,-1.000000000000000000e+00,0.000000000000000000e+00
1.011000000000000000e+03,1.731975468844533239e+01,4.344518487668125317e+01,-8.715123781362353259e-03,2.630024006652824937e+02,4.177229682708494263e-02,nan,3.319413498457805448e-05,4.408141094685515071e+00,1.000000000000000000e+00,1.000000000000000000e+00,-1.000000000000000000e+00,0.000000000000000000e+00
1.011000000000000000e+03,6.870501992774315170e+01,2.432685893293005819e+01,-1.328252898969821145e-03,4.040629004389036538e+01,2.943761087331733250e-01,nan,8.148945312307528087e-06,1.226779496279277737e+01,1.000000000000000000e+00,1.000000000000000000e+00,-1.000000000000000000e+00,0.000000000000000000e+00
1.012000000000000000e+03,1.324515284611119910e+02,3.133826589361574122e+01,-8.457700592745236862e-03,2.552452053003937351e+02,2.950149584923877910e-02,nan,2.406216794224365978e-05,1.650267403322813919e+01,1.000000000000000000e+00,1.000000000000000000e+00,-1.000000000000000000e+00,0.000000000000000000e+00
1.012000000000000000e+03,6.349220451667751774e+01,3.543205360656277492e+01,-3.426869763278228304e-03,1.036460513876286740e+02,8.628397737951132296e-02,nan,1.018452154005808980e-05,1.226779496279277737e+01,1.000000000000000000e+00,1.000000000000000000e+00,-1.000000000000000000e+00,0.000000000000000000e+00
1.012000000000000000e+03,1.420729364544851308e+02,4.474597854238763261e+01,-8.297137613813133569e-03,2.504067973751567138e+02,3.287144230939120781e-02,nan,2.410683170315617389e-05,1.650267403322813919e+01,1.000000000000000000e+00,1.000000000000000000e+00,-1.000000000000000000e+00,0.000000000000000000e+00
1.013000000000000000e+03,4.182501271442129820e+01,2.621873462324004933e+01,-7.076600563596276150e-03,2.136271102013661789e+02,2.342237828328264104e-02,nan,1.128232195627804363e-05,1.198512261873035456e+01,1.000000000000000000e+00,1.000000000000000000e+00,-1.000000000000000000e+00,0.000000000000000000e+00
1.014000000000000000e+03,1.041696922607849984e+02,4.599499925197914507e+01,-2.152674330689363733e-03,6.524942147740634368e+01,2.347091310988114188e-01,nan,1.539682537172374597e-05,3.185407496067479372e+01,1.000000000000000000e+00,1.000000000000000000e+00,-1.000000000000000000e+00,0.000000000000000000e+00
1.016000000000000000e+03,5.922729847904918188e+01,1.100441888720738781e+01,-7.299256637197359607e-03,2.203366326471922321e+02,2.548024393526104880e-02,nan,1.503531211341053322e-05,1.634975879427304335e+01,1.000000000000000000e+00,1.000000000000000000e+00,-1.000000000000000000e+00,0.000000000000000000e+00
1.016000000000000000e+03,7.111468190933478262e+00,1.301138650452440793e+01,-7.048159508041518598e-03,2.127700668809602007e+02,2.551315802600229166e-02,nan,1.238892702286863066e-05,2.964842506708190228e+01,1.000000000000000000e+00,1.000000000000000000e+00,-1.000000000000000000e+00,0.000000000000000000e+00
1.016000000000000000e+03,3.147797063466975942e+01,3.226703061350482216e+01,-8.204865665325930188e-03,2.476262726875427802e+02,2.183736577732464657e-02,nan,1.474185300681150525e-05,1.198512261873035456e+01,1.000000000000000000e+00,1.000000000000000000e+00,-1.000000000000000000e+00,0.000000000000000000e+00
1.016000000000000000e+03,1.314153724804973855e+01,4.204012013389204583e+01,-7.525395175843876613e-03,2.271510957623260651e+02,3.232822443812577440e-02,nan,1.773753006958359355e-05,4.408141094685515071e+00,1.000000000000000000e+00,1.000000000000000000e+00,-1.000000000000000000e+00,0.000000000000000000e+00
1.020000000000000000e+03,1.092572966467467666e+02,1.223116526330285581e+01,-1.547261762583491225e-03,4.700590739312770694e+01,3.506051461529692270e-01,nan,1.559771332727741042e-05,1.026991533449170646e+01,1.000000000000000000e+00,1.000000000000000000e+00,-1.000000000000000000e+00,0.000000000000000000e+00
1.022000000000000000e+03,3.781289084010419543e+01,3.791305202636854688e+01,-1.241270600081087732e-03,3.778516376000054322e+01,3.299899094325016158e-01,nan,8.825357329974899275e-06,1.581991332776706116e+01,1.000000000000000000e+00,1.000000000000000000e+00,-1.000000000000000000e+00,0.000000000000000000e+00
1.023000000000000000e+03,1.076757941729001118e+02,4.467150043944012339e+01,-1.365704371093662663e-03,4.153485343216939185e+01,3.449028872224059183e-01,nan,1.151894502016158021e-05,1.307501666524049000e+01,1.000000000000000000e+00,1.000000000000000000e+00,-1.000000000000000000e+00,0.000000000000000000e+00
1.024000000000000000e+03,6.549422981655713727e+01,5.249820490752735935e+01,-7.570987343420277835e-03,2.285249710254630315e+02,2.347295930367476746e-02,nan,1.345487856514857020e-05,2.457521955063008434e+01,1.000000000000000000e+00,1.000000000000000000e+00,-1.000000000000000000e+00,0.000000000000000000e+00
1.026000000000000000e+03,2.269916098259746562e+01,4.258689707005276404e+01,-6.504123659247699508e-03,1.963760800483531170e+02,3.728765200098682620e-02,nan,1.642665527322847153e-05,1.581991332776706116e+01,1.000000000000000000e+00,1.000000000000000000e+00,-1.000000000000000000e+00,0.000000000000000000e+00
1.026000000000000000e+03,7.572944882427298019e+00,8.895107327344200954e+00,-7.724753427367377599e-03,2.331585611852277964e+02,2.297612222264489024e-02,nan,1.375276567564492322e-05,2.469429719266087631e+01,1.000000000000000000e+00,1.000000000000000000e+00,-1.000000000000000000e+00,0.000000000000000000e+00
1.028000000000000000e+03,9.727295986188102006e+01,5.259217585848113430e+01,-8.324180209489211169e-03,2.512216994784207600e+02,2.655991853656614055e-02,nan,1.843415474556871835e-05,1.160662615810471010e+01,1.000000000000000000e+00,1.000000000000000000e+00,-1.000000000000000000e+00,0.000000000000000000e+00
1.036000000000000000e+03,1.262156423709951838e+02,2.935285829451084894e+01,-2.079270055835128004e-03,6.303745563345425040e+01,3.103284088237882044e-01,nan,2.274405022631150074e-05,1.820089184159346729e+01,1.000000000000000000e+00,1.000000000000000000e+00,-1.000000000000000000e+00,0.000000000000000000e+00
1.036000000000000000e+03,4.714267000653362771e+01,2.198584195825154808e+01,-1.885100178051647875e-03,5.718633676559138479e+01,2.309635855944255356e-01,nan,1.192052662351254489e-05,2.013619796752076851e+01,1.000000000000000000e+00,1.000000000000000000e+00,-1.000000000000000000e+00,0.000000000000000000e+00
1.037000000000000000e+03,4.384012214735949442e+01,4.937781145490335177e+01,-1.111330496187481077e-03,3.386954614586292678e+01,3.480267745692284809e-01,nan,8.841678952673549875e-06,9.920312144539687793e+00,1.000000000000000000e+00,1.000000000000000000e+00,-1.000000000000000000e+00,0.000000000000000000e+00
1.038000000000000000e+03,2.548702465000063455e+01,2.961562617189533597e+01,-7.628133496066813110e-03,2.302470142990791828e+02,2.738874509185174055e-02,nan,1.598348723573269272e-05,8.689830104060600746e+00,1.000000000000000000e+00,1.000000000000000000e+00,-1.000000000000000000e+00,0.000000000000000000e+00
1.039000000000000000e+03,1.018416921184491599e+02,1.483826917198280704e+01,-9.402074011975892348e-03,2.837029722550102520e+02,1.858797083591923194e-02,nan,1.717902088264102725e-05,1.249884770145800061e+01,1.000000000000000000e+00,1.000000000000000000e+00,-1.000000000000000000e+00,0.000000000000000000e+00
1.039000000000000000e+03,8.883132796770034645e+01,3.755872883766210180e+01,1.926927947853202330e-03,-5.844677559307733361e+01,2.726876031618006291e-01,nan,1.596666615837098795e-05,1.425378572987318826e+01,1.000000000000000000e+00,1.000000000000000000e+00,-1.000000000000000000e+00,0.000000000000000000e+00
1.041000000000000000e+03,2.534037549203410222e+01,2.092703357804530739e+01,-7.030014274731980449e-03,2.122232780680342330e+02,7.463609166651108406e-02,nan,3.879089939324952544e-05,3.948517846495162686e+00,1.000000000000000000e+00,1.000000000000000000e+00,-1.000000000000000000e+00,0.000000000000000000e+00
1.042000000000000000e+03,8.481247360035152383e+01,2.388323187385205415e+01,-1.426044385395689590e-02,4.301051834217183796e+02,6.557175233674938930e-03,nan,1.265582070292827182e-05,1.425378572987318826e+01,1.000000000000000000e+00,1.000000000000000000e+00,-1.000000000000000000e+00,0.000000000000000000e+00
1.042000000000000000e+03,1.140663450190280201e+02,1.744193107872315451e+01,-1.418937912539993329e-03,4.313899400389655625e+01,3.463228073830015852e-01,nan,1.285042808275716343e-05,1.249884770145800061e+01,1.000000000000000000e+00,1.000000000000000000e+00,-1.000000000000000000e+00,0.000000000000000000e+00
1.042000000000000000e+03,1.056583758289553714e+02,4.036170973627120162e+01,-1.530923014257604435e-03,4.651355523378060752e+01,3.690600473243182966e-01,nan,1.631105598108159032e-05,4.448691493979271883e+00,1.000000000000000000e+00,1.000000000000000000e+00,-1.000000000000000000e+00,0.000000000000000000e+00
1.043000000000000000e+03,6.435134776503644183e+00,2.482340616441955561e+01,-7.799595482433787676e-03,2.354138531260149136e+02,2.387732856883983956e-02,nan,1.427065188240692834e-05,1.930258650657987118e+01,1.000000000000000000e+00,1.000000000000000000e+00,-1.000000000000000000e+00,0.000000000000000000e+00
1.043000000000000000e+03,1.406709673718696934e+02,1.507356730201226114e+01,-5.336635408389002466e-03,1.611949664246171778e+02,3.374403123462327292e-01,nan,1.709487253563377691e-04,4.570538690154915429e+00,1.000000000000000000e+00,1.000000000000000000e+00,-1.000000000000000000e+00,0.000000000000000000e+00
1.044000000000000000e+03,6.803936816325060022e+01,3.057393686290332724e+01,-2.887373556047659676e-03,8.738886220204737754e+01,1.282816722427778666e-01,nan,1.238285017361075908e-05,1.044918911411057749e+01,1.000000000000000000e+00,1.000000000000000000e+00,-1.000000000000000000e+00,0.000000000000000000e+00
1.045000000000000000e+03,1.270913752239059420e+02,9.860113249827941573e+00,-6.732497492213866501e-03,2.032579015659241861e+02,4.881439367254258865e-02,nan,2.214698803049315262e-05,1.454597628415761790e+01,1.000000000000000000e+00,1.000000000000000000e+00,-1.000000000000000000e+00,0.000000000000000000e+00
1.045000000000000000e+03,2.654243008213387256e+01,1.716593560717152656e+01,-6.915885141302758644e-03,2.087841085449158811e+02,7.740463080941106799e-02,nan,3.923373850148171687e-05,3.948517846495162686e+00,1.000000000000000000e+00,1.000000000000000000e+00,-1.000000000000000000e+00,0.000000000000000000e+00
1.045000000000000000e+03,1.425564186873855306e+02,1.923708711762772339e+01,-7.409765176911836324e-03,2.236666991289993405e+02,1.362480954922205001e-01,nan,8.633743904250739754e-05,4.570538690154915429e+00,1.000000000000000000e+00,1.000000000000000000e+00,-1.000000000000000000e+00,0.000000000000000000e+00
1.045000000000000000e+03,8.111005199470511684e+01,5.369206707668648271e+00,-1.493708763774239225e-03,4.539214028702247816e+01,3.261309758889020527e-01,nan,1.316648459481726723e-05,1.888059992690989120e+01,1.000000000000000000e+00,1.000000000000000000e+00,-1.000000000000000000e+00,0.000000000000000000e+00
1.047000000000000000e+03,3.940822096672317087e+01,1.130877916152131668e+01,-1.339198173145649158e-02,4.039349289569515804e+02,8.847747707485642543e-03,nan,1.529169250077001474e-05,1.413629572111459787e+01,1.000000000000000000e+00,1.000000000000000000e+00,-1.000000000000000000e+00,0.000000000000000000e+00
1.048000000000000000e+03,2.318960418842830151e+01,4.256262749227925468e+01,-7.964416955150823221e-03,2.403805865856660944e+02,1.799890331668985155e-02,nan,1.244117034955656026e-05,2.440066020815648784e+01,1.000000000000000000e+00,1.000000000000000000e+00,-1.000000000000000000e+00,0.000000000000000000e+00
1.049000000000000000e+03,9.680086604106770665e+01,5.199145684092194131e+01,-8.388291117228252255e-03,2.531536188172484856e+02,2.225796276305691546e-02,nan,1.642582791086597869e-05,3.174506940684593914e+01,1.000000000000000000e+00,1.000000000000000000e+00,-1.000000000000000000e+00,0.000000000000000000e+00
1.049000000000000000e+03,1.408588770409916435e+02,3.249216759558213852e+01,-7.863595643003035499e-03,2.373424352074773935e+02,3.377858037356895604e-02,nan,2.123971931187019715e-05,1.336333813529725489e+01,1.000000000000000000e+00,1.000000000000000000e+00,-1.000000000000000000e+00,0.000000000000000000e+00
1.049000000000000000e+03,6.616199381508914712e+01,4.085309143413691402e+01,-7.804875011781167368e-03,2.355729465658961317e+02,2.396922495880982051e-02,nan,1.466828974611740606e-05,1.044918911411057749e+01,1.000000000000000000e+00,1.000000000000000000e+00,-1.000000000000000000e+00,0.000000000000000000e+00
1.055000000000000000e+03,3.608120977148219310e+01,3.046419779109391257e+01,-8.425932222705235022e-03,2.542878966206737061e+02,1.754183467622749681e-02,nan,1.281457125169375820e-05,1.390422660476417249e+01,1.000000000000000000e+00,1.000000000000000000e+00,-1.000000000000000000e+00,0.000000000000000000e+00
1.057000000000000000e+03,9.679262355540309670e+01,1.093722704187709027e+01,-7.249673060354908452e-03,2.188424801797198711e+02,3.663628609003011238e-02,nan,2.060290996936868949e-05,2.158514645931152742e+01,1.000000000000000000e+00,1.000000000000000000e+00,-1.000000000000000000e+00,0.000000000000000000e+00
1.057000000000000000e+03,2.335310301238755315e+01,4.848094853599823750e+01,-7.899077687798938471e-03,2.384116518344104634e+02,1.934809840627460531e-02,nan,1.241459037264154945e-05,1.797433269881136653e+01,1.000000000000000000e+00,1.000000000000000000e+00,-1.000000000000000000e+00,0.000000000000000000e+00
1.059000000000000000e+03,1.197503585691083572e+02,7.353914955569292644e+00,-8.656821636492886482e-03,2.612455226995714384e+02,2.835924493601793550e-02,nan,2.232942236480455113e-05,2.323569931091784468e+01,1.000000000000000000e+00,1.000000000000000000e+00,-1.000000000000000000e+00,0.000000000000000000e+00
1.060000000000000000e+03,2.388298918591501874e+01,2.379104770867578722e+01,-1.820974883228435644e-03,5.525398388608986977e+01,2.899490941585803894e-01,nan,1.576527574662221385e-05,1.115387739659488453e+01,1.000000000000000000e+00,1.000000000000000000e+00,-1.000000000000000000e+00,0.000000000000000000e+00
1.061000000000000000e+03,1.628341558354996721e+01,3.195532734869955149e+01,-6.902551797211712269e-03,2.083823212951457435e+02,3.085447505946736779e-02,nan,1.471418178212893775e-05,1.115387739659488453e+01,1.000000000000000000e+00,1.000000000000000000e+00,-1.000000000000000000e+00,0.000000000000000000e+00
1.062000000000000000e+03,4.662166959678035738e+01,8.652923778446648839e+00,-8.154192293686536239e-03,2.460992803224957584e+02,1.975680543160551750e-02,nan,1.328218152981698687e-05,1.769193745079074986e+01,1.000000000000000000e+00,1.000000000000000000e+00,-1.000000000000000000e+00,0.000000000000000000e+00
1.062000000000000000e+03,5.888873346768490791e+01,3.476205765089331123e+01,1.707926965262419926e-03,-5.184739573073674279e+01,2.674313140437726277e-01,nan,1.197833975746174250e-05,1.344852077323669093e+01,1.000000000000000000e+00,1.000000000000000000e+00,-1.000000000000000000e+00,0.000000000000000000e+00
1.062000000000000000e+03,1.305407962024839605e+02,4.388592948114700221e+01,-7.566344330837661974e-03,2.283850583941322157e+02,3.503807407270753682e-02,nan,2.048042077749340169e-05,3.063063873697250727e+01,1.000000000000000000e+00,1.000000000000000000e+00,-1.000000000000000000e+00,0.000000000000000000e+00
1.063000000000000000e+03,4.847922994499313631e+01,2.624707395159908430e+01,-7.811312541798805416e-03,2.357669352204630400e+02,1.700881231543427408e-02,nan,1.082537167845869175e-05,1.344852077323669093e+01,1.000000000000000000e+00,1.000000000000000000e+00,-1.000000000000000000e+00,0.000000000000000000e+00
1.065000000000000000e+03,1.402868584680891786e+02,1.484715712848259450e+01,-6.964424946867719957e-03,2.102468079884425549e+02,4.353451640486993846e-02,nan,2.088212215051574018e-05,2.859791424306596852e+01,1.000000000000000000e+00,1.000000000000000000e+00,-1.000000000000000000e+00,0.000000000000000000e+00
1.065000000000000000e+03,6.094183549705572034e+01,5.192788938175213076e+01,-1.486932557301380445e-03,4.518794594957694244e+01,3.712383974381932017e-01,nan,1.684420147666646614e-05,1.728817535065994093e+01,1.000000000000000000e+00,1.000000000000000000e+00,-1.000000000000000000e+00,0.000000000000000000e+00
1.066000000000000000e+03,1.009841539301253732e+02,8.530922713143649361e+00,-7.756347117920846940e-03,2.341106060699084139e+02,2.932081444896283973e-02,nan,1.795988813706187178e-05,1.177174038849088333e+01,1.000000000000000000e+00,1.000000000000000000e+00,-1.000000000000000000e+00,0.000000000000000000e+00
1.068000000000000000e+03,1.117286763225659882e+02,1.334019608158193293e+01,-1.417067099643764573e-02,4.273999663898645167e+02,1.576642576616593683e-02,nan,3.343881801200454225e-05,1.177174038849088333e+01,1.000000000000000000e+00,1.000000000000000000e+00,-1.000000000000000000e+00,0.000000000000000000e+00
1.068000000000000000e+03,4.623554211262112545e+01,1.199129875535157197e+01,-8.361024979398286316e-03,2.523319804903780152e+02,2.962664446818952246e-02,nan,2.051883934260195809e-05,1.257881499417559645e+01,1.000000000000000000e+00,1.000000000000000000e+00,-1.000000000000000000e+00,0.000000000000000000e+00
1.071000000000000000e+03,7.032170681890934816e+01,1.874501634208591483e+01,-1.577763703767505812e-02,4.758243122834328460e+02,6.850981673359290980e-03,nan,1.713533406535833420e-05,1.898823111155091681e+01,1.000000000000000000e+00,1.000000000000000000e+00,-1.000000000000000000e+00,0.000000000000000000e+00
1.071000000000000000e+03,4.814392662298017456e+01,4.217772940723670416e+01,-8.813927968302430471e-03,2.659797679532899224e+02,1.874571965647686689e-02,nan,1.614057745441488335e-05,3.024669447956997104e+01,1.000000000000000000e+00,1.000000000000000000e+00,-1.000000000000000000e+00,0.000000000000000000e+00
1.073000000000000000e+03,9.389388178609512181e+01,1.954587375888000977e+01,-8.111928731310748958e-03,2.448257093131148849e+02,2.727796131254967005e-02,nan,2.007218836493370771e-05,1.356067628491660138e+01,1.000000000000000000e+00,1.000000000000000000e+00,-1.000000000000000000e+00,0.000000000000000000e+00
1.073000000000000000e+03,3.489798165417598597e+01,6.542784323986078121e+00,-1.346588446878569214e-03,4.095881380064480481e+01,3.215315415309228930e-01,nan,9.923352693301674130e-06,1.257881499417559645e+01,1.000000000000000000e+00,1.000000000000000000e+00,-1.000000000000000000e+00,0.000000000000000000e+00
1.074000000000000000e+03,8.622130975686015120e+01,8.364479402159526344e+00,-8.210026435147657967e-03,2.477817874255717072e+02,2.563773920405565399e-02,nan,1.742628643443848020e-05,1.356067628491660138e+01,1.000000000000000000e+00,1.000000000000000000e+00,-1.000000000000000000e+00,0.000000000000000000e+00
1.074000000000000000e+03,1.316814467333497305e+02,1.590994829879526229e+01,-6.966507603500875397e-03,2.103095668038707799e+02,5.652706642399440984e-02,nan,2.894545695664599923e-05,3.796208659431508892e+01,1.000000000000000000e+00,1.000000000000000000e+00,-1.000000000000000000e+00,0.000000000000000000e+00
1.077000000000000000e+03,6.174895334553777104e+01,8.642614619189606273e+00,-8.583259394763568390e-03,2.590287966787379332e+02,1.666326929065065077e-02,nan,1.188255550144241950e-05,1.188866470332712488e+01,1.000000000000000000e+00,1.000000000000000000e+00,-1.000000000000000000e+00,0.000000000000000000e+00
1.077000000000000000e+03,1.055495477551414751e+02,4.646474019943242695e+01,-7.599503047945229024e-03,2.293842638193864900e+02,2.990353901095565980e-02,nan,1.683879274614342574e-05,1.096777211580491773e+01,1.000000000000000000e+00,1.000000000000000000e+00,-1.000000000000000000e+00,0.000000000000000000e+00
1.078000000000000000e+03,4.504406434945955340e+01,4.646609681696264005e+01,-7.984725647563204257e-03,2.409925691172110191e+02,2.027188911035160412e-02,nan,1.281279086654802869e-05,1.435121750210423208e+01,1.000000000000000000e+00,1.000000000000000000e+00,-1.000000000000000000e+00,0.000000000000000000e+00
1.078000000000000000e+03,1.451291737188594588e+01,5.328879441153686258e+01,-7.752184051327312697e-03,2.339851561403330322e+02,2.290431952226812395e-02,nan,1.328185351178378359e-05,3.128418351552762999e+01,1.000000000000000000e+00,1.000000000000000000e+00,-1.000000000000000000e+00,0.000000000000000000e+00
1.078000000000000000e+03,4.969065092026444752e+00,1.977604265972957620e+01,-1.449943393160418479e-03,4.407331375903192594e+01,3.221620044032083019e-01,nan,1.130682381378508751e-05,3.272398467125655230e+01,1.000000000000000000e+00,1.000000000000000000e+00,-1.000000000000000000e+00,0.000000000000000000e+00
1.080000000000000000e+03,9.460762142885452874e+01,4.571222876806641722e+01,-1.445507092647172875e-03,4.393963019321382291e+01,3.515130214306864120e-01,nan,1.387874679803534957e-05,1.096777211580491773e+01,1.000000000000000000e+00,1.000000000000000000e+00,-1.000000000000000000e+00,0.000000000000000000e+00
1.081000000000000000e+03,5.695782333706329581e+01,3.846486000144506079e+01,-1.335998368595620565e-02,4.029706992324511248e+02,9.414983887111594285e-03,nan,1.703611046083288461e-05,8.682776337627620578e+00,1.000000000000000000e+00,1.000000000000000000e+00,-1.000000000000000000e+00,0.000000000000000000e+00
1.082000000000000000e+03,7.358033805449932174e+01,7.476988479860614767e+00,-9.153474804706228721e-03,2.762116789154054004e+02,1.700303012137271974e-02,nan,1.454670777442580476e-05,1.188866470332712488e+01,1.000000000000000000e+00,1.000000000000000000e+00,-1.000000000000000000e+00,0.000000000000000000e+00
1.082000000000000000e+03,1.414005939379246968e+02,1.324468084982697036e+01,-7.535527919643945395e-03,2.274564360607729725e+02,3.219987490399700558e-02,nan,1.842625263729492344e-05,4.887606628597850289e+01,1.000000000000000000e+00,1.000000000000000000e+00,-1.000000000000000000e+00,0.000000000000000000e+00
1.084000000000000000e+03,3.791685173983484702e+01,1.880512811381054306e+01,-1.598520204883160977e-03,4.855053028881340538e+01,2.784005636835314990e-01,nan,1.093790024273844052e-05,1.690624262226529950e+01,1.000000000000000000e+00,1.000000000000000000e+00,-1.000000000000000000e+00,0.000000000000000000e+00
1.085000000000000000e+03,4.917060900426753989e+01,4.230541957842944356e+01,-8.492166635639040312e-03,2.562838057062784287e+02,2.476250374978672397e-02,nan,2.094998455171338272e-05,7.701687204810610865e+00,1.000000000000000000e+00,1.000000000000000000e+00,-1.000000000000000000e+00,0.000000000000000000e+00
1.087000000000000000e+03,9.585158302627098692e+01,4.300822082996550932e+01,-6.430534031479470843e-03,1.941585287760912308e+02,4.462467752540177912e-02,nan,1.837536988635519701e-05,1.481074391398372825e+01,1.000000000000000000e+00,1.000000000000000000e+00,-1.000000000000000000e+00,0.000000000000000000e+00
1.087000000000000000e+03,5.583291465424166233e+01,3.844152656398580348e+01,-2.464024604932742342e-03,7.463165668780879969e+01,2.540422407944934458e-01,nan,2.318063460210197216e-05,7.701687204810610865e+00,1.000000000000000000e+00,1.000000000000000000e+00,-1.000000000000000000e+00,0.000000000000000000e+00
1.088000000000000000e+03,6.526604656293676499e+01,6.042155969416256767e+00,-6.886467010820998894e-03,2.078976220296850386e+02,3.453614250618186610e-02,nan,1.643023622091030158e-05,3.018065465543398673e+01,1.000000000000000000e+00,1.000000000000000000e+00,-1.000000000000000000e+00,0.000000000000000000e+00
1.089000000000000000e+03,8.436754952842353106e+00,4.490931821427762571e+01,-1.293642261054964767e-03,3.936333240883325857e+01,3.393600866979843422e-01,nan,1.001835976664408770e-05,2.351208172152811926e+01,1.000000000000000000e+00,1.000000000000000000e+00,-1.000000000000000000e+00,0.000000000000000000e+00
1.090000000000000000e+03,1.083709036623132391e+02,5.092180068345613364e+01,-7.123553313970448948e-03,2.150419852929533988e+02,3.375907735005001520e-02,nan,1.724799424232439154e-05,1.481074391398372825e+01,1.000000000000000000e+00,1.000000000000000000e+00,-1.000000000000000000e+00,0.000000000000000000e+00
1.093000000000000000e+03,3.189619202636156459e+01,4.333680459799029450e+01,-8.049211689596325048e-03,2.429357927601415668e+02,3.197397105656885063e-02,nan,2.240121179063944690e-05,8.640553557535012530e+00,1.000000000000000000e+00,1.000000000000000000e+00,-1.000000000000000000e+00,0.000000000000000000e+00
1.093000000000000000e+03,4.031466634620753808e+01,4.528320021726322153e+01,-8.043925664397703901e-03,2.427765035741528834e+02,4.229951005905074890e-02,nan,3.104880386801043120e-05,8.640553557535012530e+00,1.000000000000000000e+00,1.000000000000000000e+00,-1.000000000000000000e+00,0.000000000000000000e+00
1.094000000000000000e+03,8.452721700835756735e+01,7.241085014102391249e+00,-1.556644117699572567e-03,4.728863546439892929e+01,3.509088918886561492e-01,nan,1.593834484467843948e-05,9.774962362766283164e+00,1.000000000000000000e+00,1.000000000000000000e+00,-1.000000000000000000e+00,0.000000000000000000e+00
1.095000000000000000e+03,9.808004746246663785e+01,1.742431645710830779e+01,-7.491195431309806418e-03,2.261205199963850418e+02,1.400562137291312403e-01,nan,9.143487921330619654e-05,7.273220825380223076e+00,1.000000000000000000e+00,1.000000000000000000e+00,-1.000000000000000000e+00,0.000000000000000000e+00
1.096000000000000000e+03,9.284594909788243910e+01,1.237417235177808550e+01,-6.037423681048603892e-03,1.823125338420926767e+02,1.684917337748315092e-01,nan,7.482157705870188277e-05,7.273220825380223076e+00,1.000000000000000000e+00,1.000000000000000000e+00,-1.000000000000000000e+00,0.000000000000000000e+00
1.098000000000000000e+03,6.481830419695276646e+01,4.519143645563212885e+01,-1.464750985561607405e-02,4.417690378324509766e+02,4.646663841667109107e-02,nan,1.039260879791217303e-04,4.656339357157367687e+00,1.000000000000000000e+00,1.000000000000000000e+00,-1.000000000000000000e+00,0.000000000000000000e+00
1.098000000000000000e+03,6.591749493402365090e+01,5.150461304177588318e+01,-6.886345638012200676e-03,2.078939645791076885e+02,2.434103498282160771e-01,nan,1.828214100965138529e-04,3.841118774531985469e+00,1.000000000000000000e+00,1.000000000000000000e+00,-1.000000000000000000e+00,0.000000000000000000e+00
1.098000000000000000e+03,9.433774785229071824e+01,4.368565273303423169e+01,-6.673522867752688589e-03,2.014807590871370735e+02,4.056479650171873619e-02,nan,1.810625440324748403e-05,1.781222084701576591e+01,1.000000000000000000e+00,1.000000000000000000e+00,-1.000000000000000000e+00,0.000000000000000000e+00
1.099000000000000000e+03,4.703294988522836206e+01,4.568617861159340521e+01,-7.547446881305592929e-03,2.278156022829486176e+02,2.344257740533550738e-02,nan,1.423696519929190776e-05,1.779223419906727344e+01,1.000000000000000000e+00,1.000000000000000000e+00,-1.000000000000000000e+00,0.000000000000000000e+00
1.101000000000000000e+03,1.285076704828223058e+02,2.007125878508027128e+01,-8.536523503876434354e-03,2.576204564351444901e+02,3.120135041489857652e-02,nan,2.463954644048258353e-05,2.800354456876824116e+01,1.000000000000000000e+00,1.000000000000000000e+00,-1.000000000000000000e+00,0.000000000000000000e+00
1.102000000000000000e+03,7.677797197849200472e+01,4.069742871786742455e+01,-7.740055035101832924e-03,2.336196601298516384e+02,2.250194655754467199e-02,nan,1.291794594124760225e-05,1.107936921295655175e+01,1.000000000000000000e+00,1.000000000000000000e+00,-1.000000000000000000e+00,0.000000000000000000e+00
1.102000000000000000e+03,6.818719073929386809e+01,4.840579481677447404e+01,-7.521830641028274048e-03,2.270436820009702501e+02,1.058568096361475197e-01,nan,6.584644797528872002e-05,3.841118774531985469e+00,1.000000000000000000e+00,1.000000000000000000e+00,-1.000000000000000000e+00,0.000000000000000000e+00
1.102000000000000000e+03,3.250111935511877448e+01,1.847881087160783409e+01,-1.474927994769171776e-03,4.482620022910545998e+01,3.047087880771329749e-01,nan,1.104339657057670668e-05,1.351992070458950046e+01,1.000000000000000000e+00,1.000000000000000000e+00,-1.000000000000000000e+00,0.000000000000000000e+00
1.102000000000000000e+03,7.878518986073017061e+01,2.980139739769250440e+01,-1.759125573593074568e-03,5.339021558843817417e+01,2.615878822783003210e-01,nan,1.205182202088991167e-05,1.107936921295655175e+01,1.000000000000000000e+00,1.000000000000000000e+00,-1.000000000000000000e+00,0.000000000000000000e+00
1.104000000000000000e+03,1.365514885386427011e+02,5.253640213853432073e+01,-8.221828203249396949e-03,2.481374221347371929e+02,3.601862358881169346e-02,nan,2.627831497373777378e-05,3.344680166885115113e+01,1.000000000000000000e+00,1.000000000000000000e+00,-1.000000000000000000e+00,0.000000000000000000e+00
1.106000000000000000e+03,1.014328082762639269e+02,2.722320571657144583e+01,-8.336088333591165286e-03,2.515805391213621647e+02,1.080369645634334796e-01,nan,8.279558716904357994e-05,9.420165360620071482e+00,1.000000000000000000e+00,1.000000000000000000e+00,-1.000000000000000000e+00,0.000000000000000000e+00
1.107000000000000000e+03,8.241424320012218629e+01,1.390127667213460860e+01,-7.222734079536800508e-03,2.180307004085980509e+02,2.859128276404743207e-02,nan,1.515598282301663856e-05,1.630901184092611089e+01,1.000000000000000000e+00,1.000000000000000000e+00,-1.000000000000000000e+00,0.000000000000000000e+00
1.108000000000000000e+03,1.234992716753890249e+02,5.376070755024060510e+00,-7.144587722649893904e-03,2.156758365725832789e+02,5.532989070227856132e-02,nan,3.136630275701774324e-05,8.131708914205201921e+00,1.000000000000000000e+00,1.000000000000000000e+00,-1.000000000000000000e+00,0.000000000000000000e+00
1.108000000000000000e+03,5.682449408717565120e+01,3.432747625050429008e+01,-7.268476228953107618e-03,2.194090952274113135e+02,3.012622646413121164e-02,nan,1.564126746458129351e-05,9.945167677688258934e+00,1.000000000000000000e+00,1.000000000000000000e+00,-1.000000000000000000e+00,0.000000000000000000e+00
1.108000000000000000e+03,5.141110803462809997e+01,4.267023428267919627e+01,-2.019846290561269544e-03,6.124677873669560313e+01,2.409992429089041766e-01,nan,1.554642415477537913e-05,9.945167677688258934e+00,1.000000000000000000e+00,1.000000000000000000e+00,-1.000000000000000000e+00,0.000000000000000000e+00
1.111000000000000000e+03,9.285588305173606116e+00,1.190189512399636129e+01,-6.522970473928121037e-03,1.969440103279338530e+02,3.289033765090942918e-02,nan,1.383072390406111500e-05,2.878800623785130242e+01,1.000000000000000000e+00,1.000000000000000000e+00,-1.000000000000000000e+00,0.000000000000000000e+00
1.111000000000000000e+03,1.312751168926730827e+02,7.755339765078402614e+00,-1.895102763382567734e-03,5.748775486620128561e+01,3.604133872195819377e-01,nan,2.706069853190303434e-05,8.131708914205201921e+00,1.000000000000000000e+00,1.000000000000000000e+00,-1.000000000000000000e+00,0.000000000000000000e+00
1.114000000000000000e+03,8.952649708529467887e+01,1.442415177243765001e+01,-7.289568831230733292e-03,2.200447001140589123e+02,3.833990906559126000e-02,nan,2.153049094609228416e-05,1.143346932100857849e+01,1.000000000000000000e+00,1.000000000000000000e+00,-1.000000000000000000e+00,0.000000000000000000e+00
1.115000000000000000e+03,1.412149314493181009e+02,2.895755840351424837e+01,-7.708670325869648038e-03,2.326739126923649792e+02,3.553172533384263421e-02,nan,2.115997405163088608e-05,2.341653237805564913e+01,1.000000000000000000e+00,1.000000000000000000e+00,-1.000000000000000000e+00,0.000000000000000000e+00
1.116000000000000000e+03,4.286498529245707090e+01,4.661822070386500627e+01,-1.421569759895043722e-02,4.287567989043915304e+02,1.160089474016134936e-02,nan,2.380107966361578987e-05,2.213323036740697347e+01,1.000000000000000000e+00,1.000000000000000000e+00,-1.000000000000000000e+00,0.000000000000000000e+00
1.116000000000000000e+03,1.145801177151810606e+02,4.617770755919227810e+01,-8.643156202442024011e-03,2.608337282445030496e+02,2.791696436881974108e-02,nan,2.052240804537512175e-05,2.912601687483382662e+01,1.000000000000000000e+00,1.000000000000000000e+00,-1.000000000000000000e+00,0.000000000000000000e+00
1.121000000000000000e+03,2.370809283428429026e+01,3.553249303975972850e+01,-7.758385298767688128e-03,2.341720246511281402e+02,2.130598896906299444e-02,nan,1.263317267555793181e-05,1.825354054817855243e+01,1.000000000000000000e+00,1.000000000000000000e+00,-1.000000000000000000e+00,0.000000000000000000e+00
1.122000000000000000e+03,3.052795304325933756e+01,1.860082893743247467e+01,-6.570644274014341216e-03,1.983806135455465096e+02,2.477953858573811452e-02,nan,1.158053458485342763e-05,1.825354054817855243e+01,1.000000000000000000e+00,1.000000000000000000e+00,-1.000000000000000000e+00,0.000000000000000000e+00
1.124000000000000000e+03,5.783265658831857081e+01,2.404224616227466171e+01,3.497832592375348191e-03,-1.057844466577235067e+02,2.313485372287531483e-01,nan,3.931636661190833303e-05,8.821249217884155058e+00,1.000000000000000000e+00,1.000000000000000000e+00,-1.000000000000000000e+00,0.000000000000000000e+00
1.124000000000000000e+03,5.051294482557941024e+01,3.721184544561488394e+01,1.400651394037042514e-03,-4.258794770020855225e+01,3.265859840196467800e-01,nan,1.238044545461907183e-05,1.506706758375156952e+01,1.000000000000000000e+00,1.000000000000000000e+00,-1.000000000000000000e+00,0.000000000000000000e+00
1.126000000000000000e+03,1.249386376481686796e+02,4.341162433903483020e+01,-8.585904189665084091e-03,2.591084949796614865e+02,3.125379896378621680e-02,nan,2.557118463479234852e-05,1.843274986131987347e+01,1.000000000000000000e+00,1.000000000000000000e+00,-1.000000000000000000e+00,0.000000000000000000e+00
1.127000000000000000e+03,4.784919443642814940e+01,5.330792283749634208e+01,-2.919030515212593484e-03,8.834281362429454987e+01,1.232660273984570454e-01,nan,1.197665787047657874e-05,1.631500148762300739e+01,1.000000000000000000e+00,1.000000000000000000e+00,-1.000000000000000000e+00,0.000000000000000000e+00
1.128000000000000000e+03,1.209397105327443178e+01,1.375301219664240904e+01,-7.718830529190330754e-03,2.329800804565392980e+02,2.502283742923239185e-02,nan,1.489509045255259202e-05,1.045966419505215406e+01,1.000000000000000000e+00,1.000000000000000000e+00,-1.000000000000000000e+00,0.000000000000000000e+00
1.130000000000000000e+03,3.198607371325017823e+01,2.506690876725155448e+01,-7.456652612190827790e-03,2.250796060142399426e+02,2.351718104663258480e-02,nan,1.294893433566890483e-05,1.096992771619964913e+01,1.000000000000000000e+00,1.000000000000000000e+00,-1.000000000000000000e+00,0.000000000000000000e+00
1.130000000000000000e+03,1.066883924443508391e+02,4.599905886970640978e+01,-8.461540287148815176e-03,2.553609107261171687e+02,3.785821992246451995e-02,nan,2.759596064738939779e-05,1.489739216327806659e+01,1.000000000000000000e+00,1.000000000000000000e+00,-1.000000000000000000e+00,0.000000000000000000e+00
1.132000000000000000e+03,7.655832562018331089e+01,4.765271807944282401e+00,-7.570617952488330367e-03,2.285138397919462250e+02,3.088071021302807306e-02,nan,1.765174637946361302e-05,3.090921539029566034e+01,1.000000000000000000e+00,1.000000000000000000e+00,-1.000000000000000000e+00,0.000000000000000000e+00
1.132000000000000000e+03,1.044760011491075318e+02,1.803112983166049332e+01,-1.658931186874762834e-03,5.037095599331605200e+01,2.887712027597321152e-01,nan,1.241834596042755770e-05,1.392117961414630756e+01,1.000000000000000000e+00,1.000000000000000000e+00,-1.000000000000000000e+00,0.000000000000000000e+00
1.132000000000000000e+03,2.302494256605418954e+01,1.873939403701195161e+01,-1.543245623104932181e-03,4.688488496808827932e+01,3.320277973070523414e-01,nan,1.447973873962939171e-05,1.096992771619964913e+01,1.000000000000000000e+00,1.000000000000000000e+00,-1.000000000000000000e+00,0.000000000000000000e+00
1.134000000000000000e+03,2.366107696045881426e+01,3.788519074729158831e+01,-9.989243483280316888e-03,3.013967485059972091e+02,1.400993573230924216e-02,nan,1.455931371442379692e-05,1.528443403773282760e+01,1.000000000000000000e+00,1.000000000000000000e+00,-1.000000000000000000e+00,0.000000000000000000e+00
1.134000000000000000e+03,2.930749287309803819e+01,5.297060349371572663e+00,-1.353389490769863748e-03,4.116375658933982606e+01,3.143281011698061400e-01,nan,9.486524941348938066e-06,1.483801783697566989e+01,1.000000000000000000e+00,1.000000000000000000e+00,-1.000000000000000000e+00,0.000000000000000000e+00
1.135000000000000000e+03,9.258757005540556406e+01,4.119290643538658259e+01,-1.798202078052618452e-03,5.456774773267902390e+01,2.904884783947513371e-01,nan,1.464296282743116451e-05,1.213031310080448932e+01,1.000000000000000000e+00,1.000000000000000000e+00,-1.000000000000000000e+00,0.000000000000000000e+00
1.138000000000000000e+03,8.118035301563530481e+01,1.103434241755645751e+01,-6.671018580585025282e-03,2.014052948489940320e+02,3.820526556456049772e-02,nan,1.678660109331011059e-05,1.650026922912119787e+01,1.000000000000000000e+00,1.000000000000000000e+00,-1.000000000000000000e+00,0.000000000000000000e+00
1.138000000000000000e+03,1.177546875962513617e+01,1.683124648131827072e+01,-6.410417734428818827e-03,1.935523438901129225e+02,6.409447779700694348e-02,nan,2.719845361761019949e-05,2.098593145995161180e+01,1.000000000000000000e+00,1.000000000000000000e+00,-1.000000000000000000e+00,0.000000000000000000e+00
1.140000000000000000e+03,4.762126925479615380e+01,2.617670685992014867e+01,-7.008962560216063301e-03,2.115889052939919850e+02,2.228771939790852308e-02,nan,1.128607729559151756e-05,2.468849387038552123e+01,1.000000000000000000e+00,1.000000000000000000e+00,-1.000000000000000000e+00,0.000000000000000000e+00
1.140000000000000000e+03,9.725306568800222351e+01,1.476620414932247627e+01,-7.571836934251971116e-03,2.285505726120841246e+02,4.089085848674667290e-02,nan,2.344036892421401939e-05,1.650026922912119787e+01,1.000000000000000000e+00,1.000000000000000000e+00,-1.000000000000000000e+00,0.000000000000000000e+00
1.143000000000000000e+03,8.615252497015632116e+01,5.148773340296789058e+01,-1.422900478673245952e-03,4.325840204870813466e+01,2.817278342902311827e-01,nan,8.952210858195516194e-06,1.443801160324656330e+01,1.000000000000000000e+00,1.000000000000000000e+00,-1.000000000000000000e+00,0.000000000000000000e+00
1.144000000000000000e+03,1.245631006355786354e+02,1.337771384932401730e+01,-7.632609256904834480e-03,2.303818869630903805e+02,3.320041189670364101e-02,nan,1.899709211046414796e-05,1.654816814054785823e+01,1.000000000000000000e+00,1.000000000000000000e+00,-1.000000000000000000e+00,0.000000000000000000e+00
1.144000000000000000e+03,1.073621252029979587e+02,3.300718994334842193e+01,-8.514171066022339571e-03,2.569468876387698515e+02,1.735325613224125707e-02,nan,1.252845425448911733e-05,2.056064051349066801e+01,1.000000000000000000e+00,1.000000000000000000e+00,-1.000000000000000000e+00,0.000000000000000000e+00
1.146000000000000000e+03,8.266851803530484233e+01,7.006734128575504705e+00,-7.785876888869129944e-03,2.350004567611254913e+02,2.773949670340147833e-02,nan,1.788895731710759713e-05,3.585802472987467127e+01,1.000000000000000000e+00,1.000000000000000000e+00,-1.000000000000000000e+00,0.000000000000000000e+00
1.146000000000000000e+03,2.160146445948577565e+01,6.847004698300683145e+00,-7.989543406329995684e-03,2.411377475534493158e+02,2.377202047779392036e-02,nan,1.609928349761843646e-05,1.862172922686419696e+01,1.000000000000000000e+00,1.000000000000000000e+00,-1.000000000000000000e+00,0.000000000000000000e+00
1.147000000000000000e+03,1.355619135495566070e+02,2.574169311536755700e+01,-7.261999811763940674e-03,2.192139347460623924e+02,4.162643656423781202e-02,nan,2.180049766631131310e-05,1.654816814054785823e+01,1.000000000000000000e+00,1.000000000000000000e+00,-1.000000000000000000e+00,0.000000000000000000e+00
1.148000000000000000e+03,3.977330809425392744e+01,1.091553002231974290e+01,-6.588636208009597539e-03,1.989227828339588768e+02,3.296494078346134948e-02,nan,1.450268375864683907e-05,6.764489586767726159e+00,1.000000000000000000e+00,1.000000000000000000e+00,-1.000000000000000000e+00,0.000000000000000000e+00
1.148000000000000000e+03,2.483151440027792134e+01,3.657363169900804678e+01,-7.929883658489719767e-03,2.393399595534515072e+02,2.833723754716532817e-02,nan,1.796389724935043759e-05,1.432004950610796001e+01,1.000000000000000000e+00,1.000000000000000000e+00,-1.000000000000000000e+00,0.000000000000000000e+00
1.151000000000000000e+03,3.285348623771005094e+01,5.045803397287971848e+01,-7.129685216086390290e-03,2.152267641503953257e+02,2.028926573577494175e-02,nan,1.100965739654390511e-05,1.139085171269919705e+01,1.000000000000000000e+00,1.000000000000000000e+00,-1.000000000000000000e+00,0.000000000000000000e+00
1.152000000000000000e+03,4.651932867688865514e+01,1.041600457936652724e+01,-6.718535976678602882e-03,2.028371849856550568e+02,5.102452926214384732e-02,nan,2.376810285125948154e-05,5.512596488017513785e+00,1.000000000000000000e+00,1.000000000000000000e+00,-1.000000000000000000e+00,0.000000000000000000e+00
1.153000000000000000e+03,1.276972655693834326e+02,4.843690986043482383e+01,-8.092552316921942934e-03,2.442418200656370004e+02,4.272920099570565178e-02,nan,2.833011291602452740e-05,1.276301600515571977e+01,1.000000000000000000e+00,1.000000000000000000e+00,-1.000000000000000000e+00,0.000000000000000000e+00
1.153000000000000000e+03,9.575808563168415333e+01,3.722500487372829525e+01,-1.461601834692129740e-03,4.442462946255283640e+01,2.639767408770771207e-01,nan,8.774503170620914829e-06,1.093870369416551824e+01,1.000000000000000000e+00,1.000000000000000000e+00,-1.000000000000000000e+00,0.000000000000000000e+00
1.154000000000000000e+03,2.382170077154240317e+01,3.786870219837580720e+01,1.055092900228476321e-02,-3.183225908434840221e+02,2.465840662609897205e-02,nan,2.770221702711958634e-05,4.050190368770726579e+00,1.000000000000000000e+00,1.000000000000000000e+00,-1.000000000000000000e+00,0.000000000000000000e+00
1.156000000000000000e+03,8.494954616447869000e+01,3.554253255757798513e+01,-7.203981984449681422e-03,2.174656244110813077e+02,3.443988970049138842e-02,nan,1.755642443011365663e-05,1.093870369416551824e+01,1.000000000000000000e+00,1.000000000000000000e+00,-1.000000000000000000e+00,0.000000000000000000e+00
1.157000000000000000e+03,5.199581689681153307e+01,9.786086476158676106e+00,-8.337209848723284300e-03,2.516143348801329864e+02,2.758622661540666154e-02,nan,2.229702892601451755e-05,5.512596488017513785e+00,1.000000000000000000e+00,1.000000000000000000e+00,-1.000000000000000000e+00,0.000000000000000000e+00
1.158000000000000000e+03,4.475089350150500422e+01,8.453956091380996796e+00,-6.613540925239360171e-03,1.996732620666045648e+02,8.125542034386956658e-02,nan,4.282779406631700167e-05,7.366375388609231578e+00,1.000000000000000000e+00,1.000000000000000000e+00,-1.000000000000000000e+00,0.000000000000000000e+00
1.159000000000000000e+03,4.285581152253431014e+01,4.229304301477246497e+01,-8.165520847844795135e-03,2.464406551934987135e+02,2.131445922828378858e-02,nan,1.443835544489773576e-05,1.793162450131516650e+01,1.000000000000000000e+00,1.000000000000000000e+00,-1.000000000000000000e+00,0.000000000000000000e+00
1.159000000000000000e+03,7.017433665720884051e+01,8.068523236588744041e+00,-6.474974011299866952e-03,1.954976839910135027e+02,3.776235220535495429e-02,nan,1.588592143641210700e-05,1.331305345875179214e+01,1.000000000000000000e+00,1.000000000000000000e+00,-1.000000000000000000e+00,0.000000000000000000e+00
1.160000000000000000e+03,6.078479713414266428e+01,4.260066647764069359e+01,-8.965998031066348475e-03,2.705622501777843354e+02,2.771567274958364191e-02,nan,2.193065518486214232e-05,1.401412180308646427e+01,1.000000000000000000e+00,1.000000000000000000e+00,-1.000000000000000000e+00,0.000000000000000000e+00
1.160000000000000000e+03,1.315687601706349028e+02,3.282666480369446305e+01,-1.943070244496882676e-03,5.893320787361777491e+01,3.233664392853454750e-01,nan,2.161915912225642841e-05,2.706462065929150995e+01,1.000000000000000000e+00,1.000000000000000000e+00,-1.000000000000000000e+00,0.000000000000000000e+00
1.164000000000000000e+03,5.733411585382063436e+01,1.158507298254994566e+01,-1.429608476023117155e-03,4.346054097111695569e+01,2.694104592750089511e-01,nan,8.134984354806396365e-06,1.331305345875179214e+01,1.000000000000000000e+00,1.000000000000000000e+00,-1.000000000000000000e+00,0.000000000000000000e+00
1.165000000000000000e+03,1.338524738191975416e+02,5.858566179528957640e+00,-2.249858547832404854e-03,6.817797256409043882e+01,2.717286348254032147e-01,nan,2.190497547058994625e-05,2.706462065929150995e+01,1.000000000000000000e+00,1.000000000000000000e+00,-1.000000000000000000e+00,0.000000000000000000e+00
1.166000000000000000e+03,1.034080617960958790e+02,2.582290291909220059e+01,-1.511389755818543738e-03,4.592493964464645018e+01,3.456957508681238744e-01,nan,1.421518628483345043e-05,1.141088197066954812e+01,1.000000000000000000e+00,1.000000000000000000e+00,-1.000000000000000000e+00,0.000000000000000000e+00
1.167000000000000000e+03,8.900356857311497549e+01,2.235276370382334221e+01,-7.327620526063998753e-03,2.211913506251198953e+02,2.049919175306558206e-02,nan,1.100485189579257123e-05,9.495976558874593465e+00,1.000000000000000000e+00,1.000000000000000000e+00,-1.000000000000000000e+00,0.000000000000000000e+00
1.167000000000000000e+03,8.011564331464730060e+01,3.249038029736395572e+01,-7.378497925797950809e-03,2.227244911767305098e+02,3.775478384923602881e-02,nan,2.105454597474312305e-05,8.314086989891491086e+00,1.000000000000000000e+00,1.000000000000000000e+00,-1.000000000000000000e+00,0.000000000000000000e+00
1.168000000000000000e+03,7.182757976114346832e+01,3.314768160465337843e+01,-7.581763072207234160e-03,2.288496870459914021e+02,3.772354125535837266e-02,nan,2.258847083640044446e-05,8.314086989891491086e+00,1.000000000000000000e+00,1.000000000000000000e+00,-1.000000000000000000e+00,0.000000000000000000e+00
1.168000000000000000e+03,7.918400799847493943e+01,4.324230859350228684e+01,-6.923691486329904346e-03,2.090193450975613700e+02,4.423816045915396344e-02,nan,2.093530691161401449e-05,1.079221508531217566e+01,1.000000000000000000e+00,1.000000000000000000e+00,-1.000000000000000000e+00,0.000000000000000000e+00
1.169000000000000000e+03,1.035580137881417500e+02,3.723279957719707767e+01,-2.185180789978436507e-03,6.622897175289141103e+01,3.215974097606064674e-01,nan,2.702726802144590220e-05,1.141088197066954812e+01,1.000000000000000000e+00,1.000000000000000000e+00,-1.000000000000000000e+00,0.000000000000000000e+00
1.170000000000000000e+03,5.994833217603128617e+01,2.869364549677882437e+01,-6.968326575178731414e-03,2.103643797317353119e+02,3.365793817394158172e-02,nan,1.611552819420495456e-05,1.268680262472164166e+01,1.000000000000000000e+00,1.000000000000000000e+00,-1.000000000000000000e+00,0.000000000000000000e+00
1.172000000000000000e+03,1.052667392543370539e+02,1.348581420114606644e+01,-2.061342402708851804e-03,6.249722338599603688e+01,3.060631512112803598e-01,nan,2.218939051436024968e-05,9.834322868896647307e+00,1.000000000000000000e+00,1.000000000000000000e+00,-1.000000000000000000e+00,0.000000000000000000e+00
1.172000000000000000e+03,8.975102345732591402e+01,3.181927742339112086e+01,-1.597743846834133192e-03,4.852713550028730083e+01,2.357695039520547597e-01,nan,8.911783357563977869e-06,9.495976558874593465e+00,1.000000000000000000e+00,1.000000000000000000e+00,-1.000000000000000000e+00,0.000000000000000000e+00
1.172000000000000000e+03,5.203781162575251784e+01,4.003224877205569499e+01,-1.436531667475908101e-03,4.366916455680218689e+01,3.235503163834896334e-01,nan,1.114280462884046052e-05,1.154044111729488442e+01,1.000000000000000000e+00,1.000000000000000000e+00,-1.000000000000000000e+00,0.000000000000000000e+00
1.172000000000000000e+03,1.482815059529818846e+01,2.113360403425763323e+01,-1.378892522822495201e-03,4.193226545247698311e+01,3.469839393630183011e-01,nan,1.215511583532797438e-05,7.063669733157244224e+00,1.000000000000000000e+00,1.000000000000000000e+00,-1.000000000000000000e+00,0.000000000000000000e+00
1.173000000000000000e+03,2.109180150071292914e+01,1.786831577221722966e+01,-1.441614864095437046e-03,4.382234170244961291e+01,3.076777597041671086e-01,nan,1.062562126631637890e-05,7.063669733157244224e+00,1.000000000000000000e+00,1.000000000000000000e+00,-1.000000000000000000e+00,0.000000000000000000e+00
1.174000000000000000e+03,1.140340092249193731e+02,9.030605614263846448e+00,-8.449655036919514681e-03,2.550027603648985348e+02,2.848309853345398768e-02,nan,2.071321444525201172e-05,9.834322868896647307e+00,1.000000000000000000e+00,1.000000000000000000e+00,-1.000000000000000000e+00,0.000000000000000000e+00
1.174000000000000000e+03,6.251876795167878953e+01,4.486250090582433359e+01,-7.729037540577264609e-03,2.332876587358910285e+02,2.674159055815017449e-02,nan,1.801564072827752217e-05,1.154044111729488442e+01,1.000000000000000000e+00,1.000000000000000000e+00,-1.000000000000000000e+00,0.000000000000000000e+00
1.175000000000000000e+03,1.412232611175145109e+02,5.138479072093036670e+00,-6.061002398950448428e-03,1.830230553852402693e+02,4.793732850679088831e-02,nan,1.784037319549376999e-05,2.746641708521988434e+01,1.000000000000000000e+00,1.000000000000000000e+00,-1.000000000000000000e+00,0.000000000000000000e+00
1.177000000000000000e+03,3.424021383872309343e+01,2.393051186417620713e+01,-7.953196239108754548e-03,2.400424613105506069e+02,1.631656942075587757e-02,nan,1.141668801159365926e-05,1.172922298673837460e+01,1.000000000000000000e+00,1.000000000000000000e+00,-1.000000000000000000e+00,0.000000000000000000e+00
1.177000000000000000e+03,2.292514397889627631e+01,2.701982666520743592e+01,-1.446026352759087778e-03,4.395527758751018155e+01,3.428938415243572013e-01,nan,1.288963464595764826e-05,9.333343252384423749e+00,1.000000000000000000e+00,1.000000000000000000e+00,-1.000000000000000000e+00,0.000000000000000000e+00
1.184000000000000000e+03,7.525036562935288487e+01,4.637184395949888938e+01,-8.428834787072261164e-03,2.543753625516768295e+02,1.638112541925607069e-02,nan,1.127359926565288212e-05,2.486831697694139010e+01,1.000000000000000000e+00,1.000000000000000000e+00,-1.000000000000000000e+00,0.000000000000000000e+00
1.184000000000000000e+03,1.150830989758198264e+01,3.292528346606945888e+01,-1.316879564936830355e-03,4.006356577527262885e+01,2.829046074545111811e-01,nan,8.125490998245922593e-06,3.847463480935336833e+01,1.000000000000000000e+00,1.000000000000000000e+00,-1.000000000000000000e+00,0.000000000000000000e+00
1.185000000000000000e+03,7.626088066432653534e+01,1.809033761278309527e+01,-1.633307193590054435e-03,4.959880208206244845e+01,2.243826319111756895e-01,nan,8.147634684949216208e-06,1.074547967778445923e+01,1.000000000000000000e+00,1.000000000000000000e+00,-1.000000000000000000e+00,0.000000000000000000e+00
1.186000000000000000e+03,1.091815962597596723e+02,1.561480541390969456e+01,-7.709064559209132840e-03,2.326857925274729268e+02,2.442033337242566216e-02,nan,1.448874129834415496e-05,1.104162712184192330e+01,1.000000000000000000e+00,1.000000000000000000e+00,-1.000000000000000000e+00,0.000000000000000000e+00
1.186000000000000000e+03,8.085375111036542251e+01,8.375870330858607105e+00,-6.154857949360000892e-03,1.858513003639354508e+02,3.483306248864292964e-02,nan,1.358329672971555515e-05,1.074547967778445923e+01,1.000000000000000000e+00,1.000000000000000000e+00,-1.000000000000000000e+00,0.000000000000000000e+00
1.187000000000000000e+03,1.040803190460313346e+02,5.822231682428719246e+00,-7.039811729323689968e-03,2.125185147549651674e+02,3.176670082535371087e-02,nan,1.551789898619826885e-05,1.104162712184192330e+01,1.000000000000000000e+00,1.000000000000000000e+00,-1.000000000000000000e+00,0.000000000000000000e+00
1.187000000000000000e+03,9.971805833310374112e+01,5.081765131255058776e+01,-8.237004907434021181e-03,2.485947572333648736e+02,2.756692348736833331e-02,nan,1.876487590166316945e-05,2.486831697694139010e+01,1.000000000000000000e+00,1.000000000000000000e+00,-1.000000000000000000e+00,0.000000000000000000e+00
1.189000000000000000e+03,5.861549623801555953e+01,8.595974654088003319e+00,-6.426083878667376674e-03,1.940244277848306353e+02,3.778474752845750739e-02,nan,1.580249162248419304e-05,1.583740628736900646e+01,1.000000000000000000e+00,1.000000000000000000e+00,-1.000000000000000000e+00,0.000000000000000000e+00
1.189000000000000000e+03,4.893853598478697364e+01,4.182897364339621049e+01,-1.752043739083182896e-03,5.317681144978946151e+01,2.966780021729786831e-01,nan,1.482135937462734595e-05,6.091963423846504355e+00,1.000000000000000000e+00,1.000000000000000000e+00,-1.000000000000000000e+00,0.000000000000000000e+00
1.192000000000000000e+03,8.193330391767780441e+01,1.314247565271254103e+01,-1.774578735896252535e-03,5.385588148137908604e+01,2.852571770202186885e-01,nan,1.429115937843995769e-05,2.332544213685984502e+01,1.000000000000000000e+00,1.000000000000000000e+00,-1.000000000000000000e+00,0.000000000000000000e+00
1.194000000000000000e+03,1.070564108948346842e+02,3.861476288927543266e+01,-1.419941303779733658e-03,4.316923021500052471e+01,3.443131023028344062e-01,nan,1.337355469318073653e-05,1.028101806093988735e+01,1.000000000000000000e+00,1.000000000000000000e+00,-1.000000000000000000e+00,0.000000000000000000e+00
1.194000000000000000e+03,5.287556880227030831e+01,3.718012529659645082e+01,-5.726582724904488025e-03,1.729456464331842369e+02,5.500404734288244502e-02,nan,1.864554069900147042e-05,6.091963423846504355e+00,1.000000000000000000e+00,1.000000000000000000e+00,-1.000000000000000000e+00,0.000000000000000000e+00
1.194000000000000000e+03,6.094546028754040634e+01,2.426105382526096932e+01,-1.391353452966612690e-03,4.230776336342828614e+01,3.145168163001184070e-01,nan,1.015758886309567650e-05,1.523238511414115770e+01,1.000000000000000000e+00,1.000000000000000000e+00,-1.000000000000000000e+00,0.000000000000000000e+00
1.196000000000000000e+03,1.246771288653797143e+02,2.039362476220622611e+01,-6.500179248286414892e-03,1.962572190918461956e+02,5.415126247524160163e-02,nan,2.300404639013893483e-05,1.491661373566251036e+01,1.000000000000000000e+00,1.000000000000000000e+00,-1.000000000000000000e+00,0.000000000000000000e+00
1.197000000000000000e+03,1.822791654180931786e+01,1.104354049527229087e+01,-8.119474432239951953e-03,2.450530916114513218e+02,1.683275038687648273e-02,nan,1.117727844254695972e-05,3.393089639767165266e+01,1.000000000000000000e+00,1.000000000000000000e+00,-1.000000000000000000e+00,0.000000000000000000e+00
1.197000000000000000e+03,1.161193791936700990e+02,8.176002821120086139e+00,-7.158810613361208004e-03,2.161044294374833612e+02,4.472821537381654888e-02,nan,2.276880183931832092e-05,1.363660942892926897e+01,1.000000000000000000e+00,1.000000000000000000e+00,-1.000000000000000000e+00,0.000000000000000000e+00
1.197000000000000000e+03,2.681973348080226316e+01,4.699177597628953151e+01,-8.273842727425635354e-03,2.497048288163743734e+02,2.573467196056844486e-02,nan,1.719326941819580100e-05,2.784196550819973126e+01,1.000000000000000000e+00,1.000000000000000000e+00,-1.000000000000000000e+00,0.000000000000000000e+00
1.200000000000000000e+03,8.109383422502858707e+01,4.060786811513521144e+01,-1.991113870518324176e-03,6.038095543314433655e+01,2.241611177434158497e-01,nan,1.198726656120315802e-05,1.896438381784658489e+01,1.000000000000000000e+00,1.000000000000000000e+00,-1.000000000000000000e+00,0.000000000000000000e+00
1.202000000000000000e+03,1.202542790460119164e+02,2.117060631365752599e+01,-7.417976754201421538e-03,2.239141469585106847e+02,4.846393894061851171e-02,nan,2.681324616860677540e-05,1.220826918054336119e+01,1.000000000000000000e+00,1.000000000000000000e+00,-1.000000000000000000e+00,0.000000000000000000e+00
1.205000000000000000e+03,6.421014983204358373e+01,4.980959110259855294e+01,-1.518180119452192806e-02,4.578693834148579640e+02,5.620717116285312009e-03,nan,1.234240496924800903e-05,1.922837758678398501e+01,1.000000000000000000e+00,1.000000000000000000e+00,-1.000000000000000000e+00,0.000000000000000000e+00
1.206000000000000000e+03,3.324521871645999482e+01,2.930850638611437020e+01,-7.606282726711702767e-03,2.295885627909952404e+02,2.104585247936663350e-02,nan,1.312758432359947517e-05,1.939045802130265272e+01,1.000000000000000000e+00,1.000000000000000000e+00,-1.000000000000000000e+00,0.000000000000000000e+00
1.207000000000000000e+03,6.077059998413127317e+01,2.755396774709475949e+01,-7.104015654382578489e-03,2.144532370795155316e+02,2.675257248631046636e-02,nan,1.374895068138129709e-05,2.251984178670710790e+01,1.000000000000000000e+00,1.000000000000000000e+00,-1.000000000000000000e+00,0.000000000000000000e+00
1.210000000000000000e+03,8.875955811512588411e+01,1.257077824791230469e+01,-7.589302633654289656e-03,2.290768843370535706e+02,1.928405760988083362e-02,nan,1.203808091336934670e-05,3.174709033639115674e+01,1.000000000000000000e+00,1.000000000000000000e+00,-1.000000000000000000e+00,0.000000000000000000e+00
1.211000000000000000e+03,3.220534593031456438e+01,4.867106114690290042e+01,-6.734931398213093133e-03,2.033312449365708119e+02,2.084108613528379284e-02,nan,1.069130303978584936e-05,1.939045802130265272e+01,1.000000000000000000e+00,1.000000000000000000e+00,-1.000000000000000000e+00,0.000000000000000000e+00
1.213000000000000000e+03,1.239755781388726774e+02,1.373735762337529032e+01,-8.916903340052576704e-03,2.690828298053674530e+02,3.089953395616784615e-02,nan,2.538738005748289030e-05,2.368890871913512797e+01,1.000000000000000000e+00,1.000000000000000000e+00,-1.000000000000000000e+00,0.000000000000000000e+00
1.213000000000000000e+03,1.200812975944228356e+02,4.683458269155429576e+01,-8.071707382572615094e-03,2.436136784091503955e+02,2.792362047762819710e-02,nan,1.874009622720860846e-05,3.137761187921696049e+01,1.000000000000000000e+00,1.000000000000000000e+00,-1.000000000000000000e+00,0.000000000000000000e+00
1.215000000000000000e+03,3.229424374878467319e+01,1.004116284402184611e+01,-7.722611927178605479e-03,2.330940291769518637e+02,2.210190930728639369e-02,nan,1.319921509479511967e-05,1.217622516450271952e+01,1.000000000000000000e+00,1.000000000000000000e+00,-1.000000000000000000e+00,0.000000000000000000e+00
1.216000000000000000e+03,2.011987309239830779e+01,9.828657837991693569e+00,-1.292325232961481687e-03,3.932364505868785187e+01,3.532891609916105624e-01,nan,1.081036688507774992e-05,8.498934796969836114e+00,1.000000000000000000e+00,1.000000000000000000e+00,-1.000000000000000000e+00,0.000000000000000000e+00
1.218000000000000000e+03,1.253330091891999842e+01,5.997755158498346617e+00,-1.622511041861289050e-03,4.927347063620899092e+01,2.510413883411721780e-01,nan,9.688625014725749874e-06,8.498934796969836114e+00,1.000000000000000000e+00,1.000000000000000000e+00,-1.000000000000000000e+00,0.000000000000000000e+00
1.219000000000000000e+03,5.800191158550773451e+01,1.933797209221150482e+01,-1.130810648641918494e-03,3.445656143822513684e+01,2.994169434384081896e-01,nan,6.689454707281753007e-06,2.733705996994757470e+01,1.000000000000000000e+00,1.000000000000000000e+00,-1.000000000000000000e+00,0.000000000000000000e+00
1.224000000000000000e+03,1.138789767121314895e+02,1.110922657904361621e+01,-7.871283681992250619e-03,2.375741067236783692e+02,3.548362108500147105e-02,nan,2.154565190749842336e-05,2.515096855957367694e+01,1.000000000000000000e+00,1.000000000000000000e+00,-1.000000000000000000e+00,0.000000000000000000e+00
1.224000000000000000e+03,8.625595188324463436e+01,3.369342805295244148e+01,-1.664145278891557538e-03,5.052807754340664559e+01,2.944555420130137158e-01,nan,1.278517747047753326e-05,3.169179561001416445e+01,1.000000000000000000e+00,1.000000000000000000e+00,-1.000000000000000000e+00,0.000000000000000000e+00
1.225000000000000000e+03,3.358744930725593036e+01,7.289788820340367792e+00,-8.161370929093374540e-03,2.463156014612529248e+02,1.409166530163974418e-02,nan,8.884877501882004254e-06,1.904076393554309732e+01,1.000000000000000000e+00,1.000000000000000000e+00,-1.000000000000000000e+00,0.000000000000000000e+00
1.225000000000000000e+03,5.773398339508231203e+01,1.626618758323439451e+01,-8.027942588226989404e-03,2.422948692464368321e+02,1.028796416944091074e-01,nan,7.234085262111830900e-05,6.386710037615871194e+00,1.000000000000000000e+00,1.000000000000000000e+00,-1.000000000000000000e+00,0.000000000000000000e+00
1.228000000000000000e+03,6.244699461321395262e+01,1.195601469083800872e+01,-8.741054632834052360e-03,2.637838014471020074e+02,7.703378525116999498e-02,nan,4.678675197405837531e-05,6.386710037615871194e+00,1.000000000000000000e+00,1.000000000000000000e+00,-1.000000000000000000e+00,0.000000000000000000e+00
1.228000000000000000e+03,1.390049170287164202e+02,1.223098532854172404e+01,-1.563293701364020351e-03,4.748901414767682638e+01,3.564637352376355262e-01,nan,1.642254120387450430e-05,2.515096855957367694e+01,1.000000000000000000e+00,1.000000000000000000e+00,-1.000000000000000000e+00,0.000000000000000000e+00
1.229000000000000000e+03,2.129197686384903676e+01,4.844775621960963008e+01,-1.502953859773707756e-03,4.567073218940815593e+01,3.004805460280874918e-01,nan,1.100695606543238491e-05,1.606571778374018677e+01,1.000000000000000000e+00,1.000000000000000000e+00,-1.000000000000000000e+00,0.000000000000000000e+00
1.232000000000000000e+03,1.500164764510871152e+01,3.366469002119708875e+01,-6.361930975768601351e-03,1.920912429630439533e+02,4.378199990364783911e-02,nan,1.816656362360051811e-05,1.323711528109060964e+01,1.000000000000000000e+00,1.000000000000000000e+00,-1.000000000000000000e+00,0.000000000000000000e+00
1.234000000000000000e+03,8.925535870851777531e+01,1.365206425447464511e+01,-6.825213939223312952e-03,2.060518207806394457e+02,3.897886920293391899e-02,nan,1.852621706031106207e-05,1.153827893078338995e+01,1.000000000000000000e+00,1.000000000000000000e+00,-1.000000000000000000e+00,0.000000000000000000e+00
1.234000000000000000e+03,1.016932766162463935e+02,1.686810571848312534e+01,-9.028908113061341958e-03,2.724579838103211387e+02,2.202712482809732197e-02,nan,1.732889702738552167e-05,1.232954835653142212e+01,1.000000000000000000e+00,1.000000000000000000e+00,-1.000000000000000000e+00,0.000000000000000000e+00
1.235000000000000000e+03,7.225644336624806385e+01,4.108452974026099014e+01,-1.601649604323163037e-03,4.864483167231066574e+01,2.958453886258147758e-01,nan,1.254801444772167246e-05,1.263167463672574264e+01,1.000000000000000000e+00,1.000000000000000000e+00,-1.000000000000000000e+00,0.000000000000000000e+00
1.236000000000000000e+03,1.187396237149221037e+02,7.061927414563307082e+00,-6.039234363351465330e-03,1.823670969777701316e+02,6.665290641445609232e-02,nan,2.495561913464186435e-05,1.966568285966184249e+01,1.000000000000000000e+00,1.000000000000000000e+00,-1.000000000000000000e+00,0.000000000000000000e+00
1.237000000000000000e+03,1.060904922073047629e+02,2.838688420067471085e+01,-6.544823617764710874e-03,1.976025333886887836e+02,3.258727308032660641e-02,nan,1.516499777776256719e-05,1.232954835653142212e+01,1.000000000000000000e+00,1.000000000000000000e+00,-1.000000000000000000e+00,0.000000000000000000e+00
1.238000000000000000e+03,1.849747551469131679e+01,1.341712427435987287e+01,-8.343722746823835010e-03,2.518105946779740236e+02,4.285317004024780108e-02,nan,3.163412353077807058e-05,9.743989601719144744e+00,1.000000000000000000e+00,1.000000000000000000e+00,-1.000000000000000000e+00,0.000000000000000000e+00
1.239000000000000000e+03,1.432535264787519580e+01,4.611516734695113584e+00,-7.847343332445293196e-03,2.368526877655141618e+02,3.225759712215459096e-02,nan,2.123813515775525306e-05,9.743989601719144744e+00,1.000000000000000000e+00,1.000000000000000000e+00,-1.000000000000000000e+00,0.000000000000000000e+00
1.239000000000000000e+03,7.707493641275593177e+01,1.046539273982329554e+01,-5.883175585715618404e-03,1.776644187418650631e+02,5.686361728254007986e-02,nan,2.081185987015919737e-05,1.259037579444642851e+01,1.000000000000000000e+00,1.000000000000000000e+00,-1.000000000000000000e+00,0.000000000000000000e+00
1.239000000000000000e+03,4.255616303321754401e+01,3.908156952126471850e+01,-6.586770517352492915e-03,1.988665620754663905e+02,3.887027147025345908e-02,nan,1.724384307064039305e-05,2.976774263358713313e+01,1.000000000000000000e+00,1.000000000000000000e+00,-1.000000000000000000e+00,0.000000000000000000e+00
1.239000000000000000e+03,8.095798943845996121e+01,5.024107385260349190e+01,-7.168184887355008236e-03,2.163869139920588509e+02,2.046054087100945829e-02,nan,1.071136146363507155e-05,1.263167463672574264e+01,1.000000000000000000e+00,1.000000000000000000e+00,-1.000000000000000000e+00,0.000000000000000000e+00
1.242000000000000000e+03,1.080412979873132997e+02,4.622384900240690797e+01,-7.355524605087472752e-03,2.220322126843042270e+02,4.284290894843467701e-02,nan,2.320308030361928532e-05,8.520159411125725057e+00,1.000000000000000000e+00,1.000000000000000000e+00,-1.000000000000000000e+00,0.000000000000000000e+00
1.244000000000000000e+03,1.304777636462841315e+02,1.734931681505199919e+01,-1.723079668403660301e-03,5.230400758145697182e+01,3.330574299317351494e-01,nan,1.709076206144249450e-05,1.421781067794339393e+01,1.000000000000000000e+00,1.000000000000000000e+00,-1.000000000000000000e+00,0.000000000000000000e+00
1.245000000000000000e+03,6.190672836712916904e+01,9.514988937463774832e+00,-1.387031428816522943e-02,4.183490115099236277e+02,8.542791152627238205e-03,nan,1.692256255982398243e-05,1.944390818664324527e+01,1.000000000000000000e+00,1.000000000000000000e+00,-1.000000000000000000e+00,0.000000000000000000e+00
1.245000000000000000e+03,5.451106408744138321e+01,4.733265945917766260e+01,-1.656368666876236817e-03,5.029373696591690646e+01,3.134643408886840232e-01,nan,1.369210980201291930e-05,1.413479230476044002e+01,1.000000000000000000e+00,1.000000000000000000e+00,-1.000000000000000000e+00,0.000000000000000000e+00
1.246000000000000000e+03,1.478910600484713100e+01,4.222043279503811419e+01,-6.705895814585279349e-03,2.024562860956657460e+02,2.690130505686327833e-02,nan,1.174367025342803993e-05,8.065115106318119231e+00,1.000000000000000000e+00,1.000000000000000000e+00,-1.000000000000000000e+00,0.000000000000000000e+00
1.247000000000000000e+03,1.193469989175066104e+02,2.619534513438511425e+01,-8.196204758693906647e-03,2.473652847589005148e+02,3.575313126597035041e-02,nan,2.506546821549194613e-05,1.421781067794339393e+01,1.000000000000000000e+00,1.000000000000000000e+00,-1.000000000000000000e+00,0.000000000000000000e+00
1.248000000000000000e+03,9.400568197353642574e+01,4.387373785335263676e+01,-1.490139939171336103e-03,4.528459725713282324e+01,2.938253097346453790e-01,nan,1.046977066999024961e-05,1.136116079278004953e+01,1.000000000000000000e+00,1.000000000000000000e+00,-1.000000000000000000e+00,0.000000000000000000e+00
1.248000000000000000e+03,6.648157609304715265e+01,3.981606476328224886e+01,-1.310782622835075751e-03,3.987984040357710569e+01,3.347189275684330223e-01,nan,1.007420572455390369e-05,1.413479230476044002e+01,1.000000000000000000e+00,1.000000000000000000e+00,-1.000000000000000000e+00,0.000000000000000000e+00
1.249000000000000000e+03,3.680057831988766281e+01,3.222484180111938912e+01,-1.538249530600495178e-03,4.673433261953658047e+01,3.437865802543252913e-01,nan,1.411913004988671740e-05,9.615823102988947824e+00,1.000000000000000000e+00,1.000000000000000000e+00,-1.000000000000000000e+00,0.000000000000000000e+00
1.250000000000000000e+03,7.328886949387926109e+01,2.527926592505049896e+01,-6.717897897370120504e-03,2.028179570913818850e+02,4.244033268615621246e-02,nan,1.986169558200718643e-05,1.605172152475329739e+01,1.000000000000000000e+00,1.000000000000000000e+00,-1.000000000000000000e+00,0.000000000000000000e+00
1.252000000000000000e+03,9.740290047245159144e+01,4.828863079398661107e+00,-7.361946032496827566e-03,2.222257161025603978e+02,2.765222192819116742e-02,nan,1.540042501751980335e-05,1.135453223566922176e+01,1.000000000000000000e+00,1.000000000000000000e+00,-1.000000000000000000e+00,0.000000000000000000e+00
1.252000000000000000e+03,9.135792353845181069e+00,3.576880344122307065e+01,-7.253668636668956712e-03,2.189628829539606159e+02,2.384155413075972341e-02,nan,1.296722373826770608e-05,7.427565261676679853e+00,1.000000000000000000e+00,1.000000000000000000e+00,-1.000000000000000000e+00,0.000000000000000000e+00
1.254000000000000000e+03,4.318844689951112059e+01,3.941227451088685996e+01,-1.527565415265772983e-03,4.641237728055693879e+01,2.761075368364368510e-01,nan,1.029062477848818160e-05,6.434292358980798099e+00,1.000000000000000000e+00,1.000000000000000000e+00,-1.000000000000000000e+00,0.000000000000000000e+00
1.260000000000000000e+03,5.128202028174278126e+01,7.589471620956365072e+00,-7.809142267846899861e-03,2.357015361430500775e+02,2.721357558717585334e-02,nan,1.726689622625711122e-05,1.003353475153926588e+01,1.000000000000000000e+00,1.000000000000000000e+00,-1.000000000000000000e+00,0.000000000000000000e+00
1.260000000000000000e+03,6.107823033463883888e+01,9.758823646305028632e+00,-6.424840966100980703e-03,1.939869738334177782e+02,5.197163128229476126e-02,nan,2.329559335505192050e-05,1.003353475153926588e+01,1.000000000000000000e+00,1.000000000000000000e+00,-1.000000000000000000e+00,0.000000000000000000e+00
1.262000000000000000e+03,8.024455315856066306e+00,2.438253413137568160e+01,-6.963193430719488188e-03,2.102096974569159897e+02,3.657523756355485212e-02,nan,1.745362190339999056e-05,4.314741541437262384e+01,1.000000000000000000e+00,1.000000000000000000e+00,-1.000000000000000000e+00,0.000000000000000000e+00
1.262000000000000000e+03,8.437820974360192849e+01,3.762500225759469430e+01,-1.286736890246798284e-03,3.915524583079921683e+01,3.482382752533276227e-01,nan,1.125213548083891432e-05,2.195553622370152524e+01,1.000000000000000000e+00,1.000000000000000000e+00,-1.000000000000000000e+00,0.000000000000000000e+00
1.268000000000000000e+03,2.001306953392552046e+01,5.290544334243213598e+01,-8.056275953277963406e-03,2.431486674191104669e+02,3.428239702986002335e-02,nan,2.214360410915604171e-05,3.086577491642105997e+01,1.000000000000000000e+00,1.000000000000000000e+00,-1.000000000000000000e+00,0.000000000000000000e+00
1.269000000000000000e+03,8.153438492820970396e+01,2.283686534980627414e+01,-4.009448738066169471e-03,1.212014975274415036e+02,7.820735393336586405e-02,nan,1.386249811685328002e-05,1.125439902067168241e+01,1.000000000000000000e+00,1.000000000000000000e+00,-1.000000000000000000e+00,0.000000000000000000e+00
1.270000000000000000e+03,1.344488404170215858e+02,1.160502619475145991e+01,-7.324894323446720125e-03,2.211091991825085756e+02,5.090803112648201179e-02,nan,2.787999242163287107e-05,1.566003786090515959e+01,1.000000000000000000e+00,1.000000000000000000e+00,-1.000000000000000000e+00,0.000000000000000000e+00
1.270000000000000000e+03,3.395958107459156849e+01,2.537017728166496866e+01,-6.665008553151935758e-03,2.012241885656119109e+02,2.452563866807500048e-02,nan,1.167388466162187666e-05,1.344741496249373114e+01,1.000000000000000000e+00,1.000000000000000000e+00,-1.000000000000000000e+00,0.000000000000000000e+00
1.271000000000000000e+03,9.931314736225643003e+01,8.813913449067564798e+00,-7.553091354269639290e-03,2.279856929408615827e+02,3.193368530710083419e-02,nan,1.857699968199420088e-05,2.264348854961846413e+01,1.000000000000000000e+00,1.000000000000000000e+00,-1.000000000000000000e+00,0.000000000000000000e+00
1.272000000000000000e+03,7.562898719916118750e+01,1.325627168457631910e+01,-1.555994026159250110e-03,4.726904559329822320e+01,3.039312764777960529e-01,nan,1.190549341238796736e-05,1.125439902067168241e+01,1.000000000000000000e+00,1.000000000000000000e+00,-1.000000000000000000e+00,0.000000000000000000e+00
1.274000000000000000e+03,6.973417713687705088e+01,4.632416581967618896e+01,-8.896586684878651785e-03,2.684706073238115209e+02,1.637442610449246772e-02,nan,1.399291544252893163e-05,1.050397949674372455e+01,1.000000000000000000e+00,1.000000000000000000e+00,-1.000000000000000000e+00,0.000000000000000000e+00
1.275000000000000000e+03,1.248197062522297784e+02,3.503587136773141708e+01,-8.627510637014550177e-03,2.603622644720782091e+02,3.441104418986395963e-02,nan,2.786115343630500918e-05,1.610398547795115931e+01,1.000000000000000000e+00,1.000000000000000000e+00,-1.000000000000000000e+00,0.000000000000000000e+00
1.276000000000000000e+03,6.002240436133093482e+01,4.232228440911767109e+01,-6.956114139608108281e-03,2.099963699610873960e+02,2.344296777790677577e-02,nan,1.129142361961771426e-05,1.050397949674372455e+01,1.000000000000000000e+00,1.000000000000000000e+00,-1.000000000000000000e+00,0.000000000000000000e+00
1.278000000000000000e+03,6.479602846646861281e+01,2.025517206229831757e+01,-1.386504720775050313e-03,4.216165157340645209e+01,3.264954109747867372e-01,nan,1.129648517320433619e-05,1.988165753363810140e+01,1.000000000000000000e+00,1.000000000000000000e+00,-1.000000000000000000e+00,0.000000000000000000e+00
1.279000000000000000e+03,1.202123457296709859e+02,5.046670340262922849e+01,-6.710293718679963618e-03,2.025888126230612727e+02,4.108218789656303827e-02,nan,2.059372676876507698e-05,1.610398547795115931e+01,1.000000000000000000e+00,1.000000000000000000e+00,-1.000000000000000000e+00,0.000000000000000000e+00
1.280000000000000000e+03,1.101656598588430001e+02,2.558882764593004921e+01,-8.074764126721171650e-03,2.437057903966842787e+02,4.161041717476376967e-02,nan,2.909255021950511526e-05,8.154578119150112769e+00,1.000000000000000000e+00,1.000000000000000000e+00,-1.000000000000000000e+00,0.000000000000000000e+00
1.281000000000000000e+03,9.768101316244147370e+01,4.110108941902923618e+01,-8.789612280836451783e-03,2.652470385549849539e+02,1.905750217016155545e-02,nan,1.528508262765700213e-05,1.991222409604522170e+01,1.000000000000000000e+00,1.000000000000000000e+00,-1.000000000000000000e+00,0.000000000000000000e+00
1.281000000000000000e+03,1.158633897607009260e+02,1.908581645841350749e+01,-7.875417393916339659e-03,2.376986720790746404e+02,4.156747451612852196e-02,nan,2.918300876207249349e-05,8.645997949311070130e+00,1.000000000000000000e+00,1.000000000000000000e+00,-1.000000000000000000e+00,0.000000000000000000e+00
1.285000000000000000e+03,1.179498552359976458e+02,2.801852858053209161e+01,-7.195588177711275540e-03,2.172126852758203484e+02,4.914499771646940740e-02,nan,2.769904341694016527e-05,8.154578119150112769e+00,1.000000000000000000e+00,1.000000000000000000e+00,-1.000000000000000000e+00,0.000000000000000000e+00
1.285000000000000000e+03,5.654335718674990829e+01,3.279485831536798912e+01,-8.707745932182035797e-03,2.627800764148066150e+02,1.717234940219580785e-02,nan,1.550337923710077198e-05,6.917103963995792526e+00,1.000000000000000000e+00,1.000000000000000000e+00,-1.000000000000000000e+00,0.000000000000000000e+00
1.285000000000000000e+03,1.279540602163486227e+02,3.473522449919803989e+01,-8.416325254045994853e-03,2.539984000405309814e+02,2.431370427313739313e-02,nan,1.669322865882498223e-05,1.204981831202043807e+01,1.000000000000000000e+00,1.000000000000000000e+00,-1.000000000000000000e+00,0.000000000000000000e+00
1.286000000000000000e+03,5.790942880177959751e+01,1.021678093495978246e+01,-1.695405135657125813e-03,5.147006267423968495e+01,2.908558921529967867e-01,nan,1.308858428037947931e-05,1.913687467841541689e+01,1.000000000000000000e+00,1.000000000000000000e+00,-1.000000000000000000e+00,0.000000000000000000e+00
1.288000000000000000e+03,3.547904143777557096e+01,1.362692203049838113e+01,-6.762436401539343583e-03,2.041600812409450327e+02,2.153573056404469721e-01,nan,1.317551331810942739e-04,3.850993073735923033e+00,1.000000000000000000e+00,1.000000000000000000e+00,-1.000000000000000000e+00,0.000000000000000000e+00
1.288000000000000000e+03,1.224210559629107706e+02,1.912838054044688008e+01,-1.563582423387243486e-02,4.715509224996716284e+02,8.199178156987563248e-03,nan,2.237327920637203964e-05,9.951199330481697913e+00,1.000000000000000000e+00,1.000000000000000000e+00,-1.000000000000000000e+00,0.000000000000000000e+00
1.288000000000000000e+03,8.820698022537072802e+01,4.521473563309073995e+01,-6.684539602890337238e-03,2.018127375977175006e+02,3.469649843652478083e-02,nan,1.595674831381552953e-05,2.164875178275749690e+01,1.000000000000000000e+00,1.000000000000000000e+00,-1.000000000000000000e+00,0.000000000000000000e+00
1.288000000000000000e+03,1.090062540910242461e+02,5.121962201111559665e+01,-6.751138940046561704e-03,2.038196433169273689e+02,5.222664338061366873e-02,nan,2.514798332362584151e-05,2.164875178275749690e+01,1.000000000000000000e+00,1.000000000000000000e+00,-1.000000000000000000e+00,0.000000000000000000e+00
1.290000000000000000e+03,3.924378241505407772e+01,1.443739906778082371e+01,-7.062980883989235063e-03,2.132166945115965007e+02,2.733274862601442479e-01,nan,1.798331335835533825e-04,3.850993073735923033e+00,1.000000000000000000e+00,1.000000000000000000e+00,-1.000000000000000000e+00,0.000000000000000000e+00
1.291000000000000000e+03,4.797554940947534163e+01,2.850827385173237616e+01,-7.924692956671090110e-03,2.391835428440466558e+02,1.939575880945332287e-02,nan,1.272782069217222427e-05,1.150322940951647332e+01,1.000000000000000000e+00,1.000000000000000000e+00,-1.000000000000000000e+00,0.000000000000000000e+00
1.291000000000000000e+03,1.366327288285802410e+02,2.645041495774228935e+01,-8.581364746067384267e-03,2.589717032981334341e+02,3.643694748127690453e-02,nan,2.858288567806074952e-05,1.598698951175187410e+01,1.000000000000000000e+00,1.000000000000000000e+00,-1.000000000000000000e+00,0.000000000000000000e+00
1.292000000000000000e+03,7.907086598939126532e+01,6.605186131319583431e+00,-7.708638729270243448e-03,2.326729605598249293e+02,3.134206181755538889e-02,nan,1.920707482100924909e-05,2.425436303857675924e+01,1.000000000000000000e+00,1.000000000000000000e+00,-1.000000000000000000e+00,0.000000000000000000e+00
1.293000000000000000e+03,2.337655407900958338e+01,4.506816853202229822e+01,-6.227218237804499693e-03,1.880318067011425569e+02,2.129055880792395383e-01,nan,1.136976157184235725e-04,5.444872378584933337e+00,1.000000000000000000e+00,1.000000000000000000e+00,-1.000000000000000000e+00,0.000000000000000000e+00
1.294000000000000000e+03,6.947893649524414172e+01,4.564581212800569432e+01,-8.911103762242000501e-03,2.689080652149970661e+02,2.230622971747919792e-02,nan,1.937434453559649207e-05,1.024025310579334480e+01,1.000000000000000000e+00,1.000000000000000000e+00,-1.000000000000000000e+00,0.000000000000000000e+00
1.295000000000000000e+03,1.016555219940244399e+02,1.544868315226469946e+01,-8.383650660066134866e-03,2.530137831910085993e+02,1.945204279365930766e-02,nan,1.304257755795488658e-05,2.122637769574337341e+01,1.000000000000000000e+00,1.000000000000000000e+00,-1.000000000000000000e+00,0.000000000000000000e+00
1.296000000000000000e+03,1.834468236273044184e+01,4.714828926168852519e+01,-7.518612548167331010e-03,2.269467079282039492e+02,7.135745109112467954e-02,nan,4.270486607419023893e-05,5.444872378584933337e+00,1.000000000000000000e+00,1.000000000000000000e+00,-1.000000000000000000e+00,0.000000000000000000e+00
1.296000000000000000e+03,6.009695097396434704e+01,4.974960687789347702e+01,-9.186844964555735196e-03,2.772172559603514514e+02,1.402729422400461612e-02,nan,1.271164631981870687e-05,1.024025310579334480e+01,1.000000000000000000e+00,1.000000000000000000e+00,-1.000000000000000000e+00,0.000000000000000000e+00
1.297000000000000000e+03,5.356067868024690881e+01,3.962719094755829019e+01,-7.282868680306487860e-03,2.198427976359922695e+02,3.148374258435482353e-02,nan,1.622847925221440209e-05,1.204932196284594959e+01,1.000000000000000000e+00,1.000000000000000000e+00,-1.000000000000000000e+00,0.000000000000000000e+00
1.300000000000000000e+03,1.214379523158330869e+02,2.314378293362799965e+01,-8.548515500954015703e-03,2.579818235079622468e+02,3.093070652427809542e-02,nan,2.406545893025153926e-05,1.467199839358401370e+01,1.000000000000000000e+00,1.000000000000000000e+00,-1.000000000000000000e+00,0.000000000000000000e+00
1.301000000000000000e+03,3.698464397564487882e+01,1.064753198692102565e+01,-6.475500482828577820e-03,1.955135486942836280e+02,3.320633861095545480e-02,nan,1.357949492062622200e-05,2.388259814451757990e+01,1.000000000000000000e+00,1.000000000000000000e+00,-1.000000000000000000e+00,0.000000000000000000e+00
1.303000000000000000e+03,6.289007394325630429e+01,2.801442574205513480e+01,-8.530961471001326582e-03,2.574528500284725396e+02,1.923559806760166691e-02,nan,1.374602707260330444e-05,6.413498436731981833e+00,1.000000000000000000e+00,1.000000000000000000e+00,-1.000000000000000000e+00,0.000000000000000000e+00
1.303000000000000000e+03,1.312766382734215398e+01,1.175342182592138229e+01,-7.358718535434109580e-03,2.221284586433951915e+02,2.629015488527930433e-02,nan,1.375981397602970951e-05,2.388259814451757990e+01,1.000000000000000000e+00,1.000000000000000000e+00,-1.000000000000000000e+00,0.000000000000000000e+00
1.304000000000000000e+03,1.006579934833529961e+02,3.216125480267823633e+01,-8.272924891182415266e-03,2.496771707211970011e+02,3.310076989306909301e-02,nan,2.321340548525056998e-05,1.017819310792025966e+01,1.000000000000000000e+00,1.000000000000000000e+00,-1.000000000000000000e+00,0.000000000000000000e+00
1.304000000000000000e+03,4.496763919111363350e+01,3.560575813017859303e+01,-1.530865765042219856e-02,4.616920783204806185e+02,1.100190944563894657e-02,nan,2.541820125859498063e-05,1.331600651507623567e+01,1.000000000000000000e+00,1.000000000000000000e+00,-1.000000000000000000e+00,0.000000000000000000e+00
1.305000000000000000e+03,9.307884488807222567e+01,2.536771952914288875e+01,-7.521926954532636052e-03,2.270465843139810715e+02,3.773837183560790898e-02,nan,2.096438336151117387e-05,1.017819310792025966e+01,1.000000000000000000e+00,1.000000000000000000e+00,-1.000000000000000000e+00,0.000000000000000000e+00
1.306000000000000000e+03,1.231862664822303657e+02,2.712885849846445652e+01,-1.405775061369850601e-02,4.239972213835147841e+02,1.293111288807025083e-02,nan,2.447563611469689239e-05,2.308350269943042221e+01,1.000000000000000000e+00,1.000000000000000000e+00,-1.000000000000000000e+00,0.000000000000000000e+00
1.312000000000000000e+03,8.154605004062683804e+01,2.247166616197456790e+01,-6.869360523947568194e-03,2.073821348220369316e+02,2.877100180859160083e-02,nan,1.364436946019178344e-05,1.201058616628878006e+01,1.000000000000000000e+00,1.000000000000000000e+00,-1.000000000000000000e+00,0.000000000000000000e+00
1.313000000000000000e+03,1.485113409434074150e+01,2.257251991281698622e+01,-7.378832997768917067e-03,2.227345882420106307e+02,3.121466989053600649e-02,nan,1.733732902573027597e-05,1.295410692881720038e+01,1.000000000000000000e+00,1.000000000000000000e+00,-1.000000000000000000e+00,0.000000000000000000e+00
1.314000000000000000e+03,2.272961445071782194e+01,1.228960040533224252e+01,-7.570044789975222989e-03,2.284965681016455505e+02,2.123738064803692982e-02,nan,1.191408168047136497e-05,1.295410692881720038e+01,1.000000000000000000e+00,1.000000000000000000e+00,-1.000000000000000000e+00,0.000000000000000000e+00
1.314000000000000000e+03,5.754595850662162348e+01,3.985543702562981139e+01,-7.301574414486703551e-03,2.204064765930400540e+02,2.982826400726679150e-02,nan,1.614262960290365186e-05,2.963443745173337618e+01,1.000000000000000000e+00,1.000000000000000000e+00,-1.000000000000000000e+00,0.000000000000000000e+00
1.316000000000000000e+03,9.758324491378077425e+01,1.021398648435845224e+01,-8.245109663046803691e-03,2.488389860963929721e+02,2.522015941397570682e-02,nan,1.756579873994689326e-05,1.353004897767474901e+01,1.000000000000000000e+00,1.000000000000000000e+00,-1.000000000000000000e+00,0.000000000000000000e+00
1.317000000000000000e+03,8.406295409014606435e+01,1.072775820664040047e+01,-1.436727273505735477e-03,4.367505895270362970e+01,3.615725129558587936e-01,nan,1.386113319047011055e-05,1.201058616628878006e+01,1.000000000000000000e+00,1.000000000000000000e+00,-1.000000000000000000e+00,0.000000000000000000e+00
1.318000000000000000e+03,6.140679055274408427e+01,7.878546100109408812e+00,-7.792129174701551038e-03,2.351888632638176659e+02,2.249426870944237766e-02,nan,1.355265603895793481e-05,2.283461748883711451e+01,1.000000000000000000e+00,1.000000000000000000e+00,-1.000000000000000000e+00,0.000000000000000000e+00
1.319000000000000000e+03,1.230195445594491943e+01,3.060808198149885939e+01,1.986695877263590457e-03,-6.024782353860975093e+01,3.031152652138557890e-01,nan,1.953700757908195717e-05,3.648746240314864053e+00,1.000000000000000000e+00,1.000000000000000000e+00,-1.000000000000000000e+00,0.000000000000000000e+00
1.321000000000000000e+03,1.339304474313028948e+02,4.470002149744630771e+01,-8.181434714052440021e-03,2.469202039468435999e+02,3.448554548888038696e-02,nan,2.340427836272932223e-05,5.010394936303612212e+01,1.000000000000000000e+00,1.000000000000000000e+00,-1.000000000000000000e+00,0.000000000000000000e+00
1.322000000000000000e+03,1.032560753440450441e+01,1.640834927010380540e+01,-7.583584029804543367e-03,2.289045598175912914e+02,2.438199218391856604e-02,nan,1.370947245522083199e-05,1.433660895153888859e+01,1.000000000000000000e+00,1.000000000000000000e+00,-1.000000000000000000e+00,0.000000000000000000e+00
1.323000000000000000e+03,1.181697471980210956e+01,5.139096379311758511e+01,-1.328798795869890782e-03,4.042274011167825876e+01,3.455285344438350226e-01,nan,1.122354567722542319e-05,1.623295204446101181e+01,1.000000000000000000e+00,1.000000000000000000e+00,-1.000000000000000000e+00,0.000000000000000000e+00
1.326000000000000000e+03,4.782441169257711522e+01,1.631773744653122193e+01,-7.476197210141445441e-03,2.256685633084355516e+02,3.546303630834857223e-02,nan,1.985021958411447990e-05,1.372952112507952904e+01,1.000000000000000000e+00,1.000000000000000000e+00,-1.000000000000000000e+00,0.000000000000000000e+00
1.326000000000000000e+03,8.313140362219590429e+01,5.055861279055231705e+01,-1.889133962100612591e-03,5.730789089245806878e+01,2.447442320129200599e-01,nan,1.246722080663697145e-05,2.387081572467071311e+01,1.000000000000000000e+00,1.000000000000000000e+00,-1.000000000000000000e+00,0.000000000000000000e+00
1.327000000000000000e+03,2.793140906254702571e+01,4.943297046035716846e+01,-6.888066889448677017e-03,2.079458328033207692e+02,2.303700814912323924e-02,nan,1.154188897088725430e-05,1.623295204446101181e+01,1.000000000000000000e+00,1.000000000000000000e+00,-1.000000000000000000e+00,0.000000000000000000e+00
1.328000000000000000e+03,1.091096494473251397e+02,5.166337677664153460e+01,-6.414720686588548659e-03,1.936820091340565853e+02,6.582985484686509903e-02,nan,2.807808742268105436e-05,2.600172608916193084e+01,1.000000000000000000e+00,1.000000000000000000e+00,-1.000000000000000000e+00,0.000000000000000000e+00
1.328000000000000000e+03,1.316300597979799392e+01,1.305481475495507482e+01,-1.387790686632099342e-03,4.220040289351593543e+01,3.325976740682269339e-01,nan,1.233895397505216490e-05,1.859399091080027588e+01,1.000000000000000000e+00,1.000000000000000000e+00,-1.000000000000000000e+00,0.000000000000000000e+00
1.330000000000000000e+03,6.099482021183479930e+01,2.019589290497659917e+01,-7.942575782445024032e-03,2.397224242631988602e+02,1.729658447512572028e-02,nan,1.057750631093109013e-05,1.372952112507952904e+01,1.000000000000000000e+00,1.000000000000000000e+00,-1.000000000000000000e+00,0.000000000000000000e+00
1.330000000000000000e+03,1.079512114362594417e+02,2.527398420766379772e+01,-1.691389390328896028e-02,5.100642987376955944e+02,9.324962591735319606e-03,nan,2.855105157980418739e-05,2.437794570874019939e+01,1.000000000000000000e+00,1.000000000000000000e+00,-1.000000000000000000e+00,0.000000000000000000e+00
1.332000000000000000e+03,3.175687286814770971e+01,1.298690209593402045e+01,-3.989437947047687859e-03,1.205984919622854932e+02,8.477548264286538515e-02,nan,1.486681570446716907e-05,1.537036383039691323e+01,1.000000000000000000e+00,1.000000000000000000e+00,-1.000000000000000000e+00,0.000000000000000000e+00
1.333000000000000000e+03,4.522075284958978614e+01,5.572590251663036121e+00,-6.899713497877471048e-03,2.082967919278885631e+02,3.533993247181077546e-02,nan,1.650600413973219127e-05,1.537036383039691323e+01,1.000000000000000000e+00,1.000000000000000000e+00,-1.000000000000000000e+00,0.000000000000000000e+00
1.333000000000000000e+03,8.438220742957744847e+01,3.150184797554544502e+01,-7.628891452335489001e-03,2.302698545679988058e+02,2.021750040423897499e-02,nan,1.268337518599849394e-05,1.518919722650256787e+01,1.000000000000000000e+00,1.000000000000000000e+00,-1.000000000000000000e+00,0.000000000000000000e+00
1.335000000000000000e+03,8.195965350335569610e+01,4.649661189033052722e+01,-8.025246276377092855e-03,2.422136185327902638e+02,1.952799510963865171e-02,nan,1.411565906839768745e-05,1.518919722650256787e+01,1.000000000000000000e+00,1.000000000000000000e+00,-1.000000000000000000e+00,0.000000000000000000e+00
1.336000000000000000e+03,5.211755090421165448e+01,2.308913785598923596e+01,-7.579991977399769092e-03,2.287963168406689931e+02,2.061990561159665614e-02,nan,1.162312618542170568e-05,1.141939877362651679e+01,1.000000000000000000e+00,1.000000000000000000e+00,-1.000000000000000000e+00,0.000000000000000000e+00
1.336000000000000000e+03,5.717107225360226863e+00,5.017334488825496663e+01,-7.772831482898557090e-03,2.346073462442693938e+02,3.202157826636609084e-02,nan,1.878739711534709432e-05,2.698381211966693627e+01,1.000000000000000000e+00,1.000000000000000000e+00,-1.000000000000000000e+00,0.000000000000000000e+00
1.337000000000000000e+03,6.285947230724314494e+01,1.351923491889717965e+01,-8.462070064934738498e-03,2.553768750602063449e+02,2.627050178534628966e-02,nan,1.812715635463374976e-05,1.164787552786762959e+01,1.000000000000000000e+00,1.000000000000000000e+00,-1.000000000000000000e+00,0.000000000000000000e+00
1.337000000000000000e+03,1.294889382307120798e+02,2.468175225541464357e+01,-8.588488486812448017e-03,2.591863702400866600e+02,4.072661496353768840e-02,nan,3.228656426122287218e-05,3.605478698991467468e+01,1.000000000000000000e+00,1.000000000000000000e+00,-1.000000000000000000e+00,0.000000000000000000e+00
1.338000000000000000e+03,4.122931648138646921e+01,2.653137833345554597e+01,2.248236748755337057e-03,-6.812910123920710248e+01,2.993017317042124814e-01,nan,2.482402824391910688e-05,3.654485490865836628e+00,1.000000000000000000e+00,1.000000000000000000e+00,-1.000000000000000000e+00,0.000000000000000000e+00
1.339000000000000000e+03,3.960229643797396903e+01,2.325905958656017347e+01,-2.387966713962386221e-03,7.233972672428090789e+01,2.709020124362203630e-01,nan,2.438687511452451622e-05,3.654485490865836628e+00,1.000000000000000000e+00,1.000000000000000000e+00,-1.000000000000000000e+00,0.000000000000000000e+00
1.339000000000000000e+03,2.791178630694153284e+01,3.482660787431283467e+01,-1.239028957322176050e-03,3.771761405357129604e+01,3.661314624183245048e-01,nan,1.095252995497661690e-05,1.568972412385771698e+01,1.000000000000000000e+00,1.000000000000000000e+00,-1.000000000000000000e+00,0.000000000000000000e+00
1.339000000000000000e+03,6.851024728246792961e+01,3.928065370304169335e+01,-1.366859019498416553e-03,4.156964762962125803e+01,3.395599496354710922e-01,nan,1.122495209931139142e-05,1.526291519517668327e+01,1.000000000000000000e+00,1.000000000000000000e+00,-1.000000000000000000e+00,0.000000000000000000e+00
1.341000000000000000e+03,8.564068583798666623e+01,3.808102607385811211e+01,-1.458171865965617433e-03,4.432127071833888721e+01,3.521556373255875227e-01,nan,1.437512841006716818e-05,1.039886684141316842e+01,1.000000000000000000e+00,1.000000000000000000e+00,-1.000000000000000000e+00,0.000000000000000000e+00
1.342000000000000000e+03,7.146664605826204308e+01,5.671333012497681736e+00,-1.560136520025723512e-02,4.705125333115245780e+02,7.498650844678267369e-03,nan,1.865311392681251560e-05,1.164787552786762959e+01,1.000000000000000000e+00,1.000000000000000000e+00,-1.000000000000000000e+00,0.000000000000000000e+00
1.342000000000000000e+03,9.603939555073269219e+01,3.813819158342255378e+01,-7.736299382617506555e-03,2.335064872249550376e+02,3.072769654534579509e-02,nan,1.783204751663689731e-05,1.039886684141316842e+01,1.000000000000000000e+00,1.000000000000000000e+00,-1.000000000000000000e+00,0.000000000000000000e+00
1.342000000000000000e+03,8.982835911643613613e+00,6.794587943943495745e+00,-1.598779484731897458e-03,4.855834343281038912e+01,2.906492407044815041e-01,nan,1.223384748472446681e-05,3.382453701744154273e+01,1.000000000000000000e+00,1.000000000000000000e+00,-1.000000000000000000e+00,0.000000000000000000e+00
1.343000000000000000e+03,1.032805994010206518e+02,4.650853264627667016e+00,-7.093586401254963099e-03,2.141389617632342208e+02,3.084367926793130099e-02,nan,1.520931089658236304e-05,3.092213907271802853e+01,1.000000000000000000e+00,1.000000000000000000e+00,-1.000000000000000000e+00,0.000000000000000000e+00
1.345000000000000000e+03,6.008885177207498884e+01,2.058006526619383436e+01,-7.568570085024279442e-03,2.284521293140153944e+02,2.071553295942130113e-02,nan,1.207244738060612677e-05,1.875431950861429442e+01,1.000000000000000000e+00,1.000000000000000000e+00,-1.000000000000000000e+00,0.000000000000000000e+00
1.347000000000000000e+03,1.317354040542773816e+02,1.675468641687800186e+01,-7.048287431723160128e-03,2.127739217356670451e+02,2.922109169839237630e-02,nan,1.408427215253277163e-05,3.092213907271802853e+01,1.000000000000000000e+00,1.000000000000000000e+00,-1.000000000000000000e+00,0.000000000000000000e+00
1.349000000000000000e+03,1.229210040596957896e+02,4.751852663355912654e+01,-8.804392015374130215e-03,2.656924113625624955e+02,2.292307540243088138e-02,nan,1.943279373561422545e-05,1.674682783857729973e+01,1.000000000000000000e+00,1.000000000000000000e+00,-1.000000000000000000e+00,0.000000000000000000e+00
1.350000000000000000e+03,1.009630284482258418e+02,4.224028707278642969e+01,-2.125655462649611496e-03,6.443523438319608942e+01,2.540021443804703072e-01,nan,1.754107496510488406e-05,9.375322434467742383e+00,1.000000000000000000e+00,1.000000000000000000e+00,-1.000000000000000000e+00,0.000000000000000000e+00
1.351000000000000000e+03,3.523601241276365670e+01,4.456648339555645322e+01,-8.440295151865364470e-03,2.547207094069099185e+02,2.731431918671789472e-02,nan,2.103343520487384099e-05,5.371138379073185831e+01,1.000000000000000000e+00,1.000000000000000000e+00,-1.000000000000000000e+00,0.000000000000000000e+00
1.351000000000000000e+03,9.274001848791404257e+01,2.927871592896688924e+01,-8.795426334804757121e-03,2.654222393701734859e+02,1.475715406922017969e-02,nan,1.160049682200260955e-05,1.534992571068936584e+01,1.000000000000000000e+00,1.000000000000000000e+00,-1.000000000000000000e+00,0.000000000000000000e+00
1.352000000000000000e+03,8.843752023713322785e+01,5.194972888306643455e+01,-7.402958200879678624e-03,2.234615775810563605e+02,2.455986062126702674e-02,nan,1.360122786625479299e-05,1.584807925943588813e+01,1.000000000000000000e+00,1.000000000000000000e+00,-1.000000000000000000e+00,0.000000000000000000e+00
1.354000000000000000e+03,1.092469663330856235e+02,3.785017957182258641e+01,-8.522064628099340969e-03,2.571847523916894147e+02,3.110732030878882171e-02,nan,2.456432670933124729e-05,9.375322434467742383e+00,1.000000000000000000e+00,1.000000000000000000e+00,-1.000000000000000000e+00,0.000000000000000000e+00
1.358000000000000000e+03,1.673168458620453691e+01,9.989856002100143684e+00,-1.425942899208626101e-03,4.335008240820440761e+01,3.620214535047574511e-01,nan,1.362850853360698929e-05,2.348985844330836059e+01,1.000000000000000000e+00,1.000000000000000000e+00,-1.000000000000000000e+00,0.000000000000000000e+00
1.358000000000000000e+03,7.311178049200290729e+01,1.391691434014626694e+01,-1.316309366231787400e-03,4.004638339642173150e+01,3.603020238941123665e-01,nan,1.225463368971895571e-05,8.242939131226018290e+00,1.000000000000000000e+00,1.000000000000000000e+00,-1.000000000000000000e+00,0.000000000000000000e+00
1.361000000000000000e+03,7.366282483485372268e+01,2.214141406069518681e+01,-1.267775828654522669e-03,3.858387283255802203e+01,3.560364147541604796e-01,nan,1.037606820329732087e-05,8.242939131226018290e+00,1.000000000000000000e+00,1.000000000000000000e+00,-1.000000000000000000e+00,0.000000000000000000e+00
1.362000000000000000e+03,8.932523349241634492e+01,1.360318317688811973e+01,-9.345413676184589555e-03,2.819955685959441212e+02,2.316657763098617373e-02,nan,2.118979620421188885e-05,1.621648807354461752e+01,1.000000000000000000e+00,1.000000000000000000e+00,-1.000000000000000000e+00,0.000000000000000000e+00
1.363000000000000000e+03,5.878982963812183016e+01,3.204595402928875814e+01,-7.823985392272237577e-03,2.361488191427333447e+02,2.007008179185998387e-02,nan,1.191578437828056547e-05,1.221914902748852860e+01,1.000000000000000000e+00,1.000000000000000000e+00,-1.000000000000000000e+00,0.000000000000000000e+00
1.364000000000000000e+03,1.257493775916195489e+02,4.100082793618982890e+01,-6.808882596156984497e-03,2.055596917715276959e+02,3.876812125632123074e-02,nan,1.856039852800543875e-05,1.482952350791206619e+01,1.000000000000000000e+00,1.000000000000000000e+00,-1.000000000000000000e+00,0.000000000000000000e+00
1.366000000000000000e+03,5.327379945673060746e+01,7.262901496258983514e+00,-8.395631763202333550e-03,2.533748219855851289e+02,1.891449185079585593e-02,nan,1.358334268595970927e-05,8.798360098980120725e+00,1.000000000000000000e+00,1.000000000000000000e+00,-1.000000000000000000e+00,0.000000000000000000e+00
1.367000000000000000e+03,6.862123787789892049e+01,2.478985211580814862e+01,-8.735220616884144598e-03,2.636079990971721827e+02,1.975159735658460480e-02,nan,1.460518511275891922e-05,1.221914902748852860e+01,1.000000000000000000e+00,1.000000000000000000e+00,-1.000000000000000000e+00,0.000000000000000000e+00
1.370000000000000000e+03,2.824197598546794552e+01,1.405382299451813388e+01,-6.654874156399891161e-03,2.009187984570780827e+02,3.303514349598013489e-02,nan,1.424479879819753788e-05,1.901508835651647900e+01,1.000000000000000000e+00,1.000000000000000000e+00,-1.000000000000000000e+00,0.000000000000000000e+00
1.370000000000000000e+03,1.256950872195035203e+02,3.786566726128133098e+01,-8.581321857799131467e-03,2.589704109022250123e+02,2.805280305644619609e-02,nan,2.499968440300197949e-05,1.324185531906059587e+01,1.000000000000000000e+00,1.000000000000000000e+00,-1.000000000000000000e+00,0.000000000000000000e+00
1.371000000000000000e+03,4.725336857206411878e+01,1.367894018023520886e+01,-6.956981223919376199e-03,2.100224986965617404e+02,2.253721216769566382e-02,nan,1.108901354045699591e-05,8.798360098980120725e+00,1.000000000000000000e+00,1.000000000000000000e+00,-1.000000000000000000e+00,0.000000000000000000e+00
1.371000000000000000e+03,6.536723754001532427e+01,4.138077144011956676e+01,-8.681284537078004515e-03,2.619826882208674306e+02,1.737105675777761427e-02,nan,1.302288553669038131e-05,9.326352731879445912e+00,1.000000000000000000e+00,1.000000000000000000e+00,-1.000000000000000000e+00,0.000000000000000000e+00
1.373000000000000000e+03,1.009467817050676359e+02,7.775086156971623197e+00,-9.174123973298860951e-03,2.768339213627779714e+02,2.138318801505090239e-02,nan,1.948142997986456140e-05,2.354761482095686276e+01,1.000000000000000000e+00,1.000000000000000000e+00,-1.000000000000000000e+00,0.000000000000000000e+00
1.373000000000000000e+03,6.236796770175459415e+01,5.158557519208384434e+01,-7.924831079784049395e-03,2.391877050486149017e+02,1.348019447729315035e-01,nan,9.788697674097764003e-05,5.500700482398016788e+00,1.000000000000000000e+00,1.000000000000000000e+00,-1.000000000000000000e+00,0.000000000000000000e+00
1.375000000000000000e+03,2.923506742565389871e+01,5.146910961441387400e+01,-8.819285444206459434e-03,2.661412102362229462e+02,1.843948745792955979e-02,nan,1.401554969002985997e-05,3.313310496975518760e+01,1.000000000000000000e+00,1.000000000000000000e+00,-1.000000000000000000e+00,0.000000000000000000e+00
1.375000000000000000e+03,6.773946869242668356e+01,5.040038199928254414e+01,-7.855656907668800287e-03,2.371032092027470810e+02,1.331697734721201121e-01,nan,9.703674735111884040e-05,5.500700482398016788e+00,1.000000000000000000e+00,1.000000000000000000e+00,-1.000000000000000000e+00,0.000000000000000000e+00
1.376000000000000000e+03,8.160148388744096337e+01,2.120079344200789606e+01,-7.508402262431791534e-03,2.266390309795677354e+02,3.400546164831286244e-02,nan,1.867259741275062375e-05,1.845999401696298747e+01,1.000000000000000000e+00,1.000000000000000000e+00,-1.000000000000000000e+00,0.000000000000000000e+00
1.379000000000000000e+03,6.315074165378235449e+01,2.178516501335255029e+01,-1.808841480818176341e-03,5.488835570223115923e+01,2.344732374955065257e-01,nan,1.092255341755317958e-05,1.845999401696298747e+01,1.000000000000000000e+00,1.000000000000000000e+00,-1.000000000000000000e+00,0.000000000000000000e+00
1.380000000000000000e+03,1.331445600967614098e+02,1.917394257840592786e+01,-6.619554072973295525e-03,1.998544623771929594e+02,5.531747702599976169e-02,nan,2.491252839616331897e-05,2.342394759971646323e+01,1.000000000000000000e+00,1.000000000000000000e+00,-1.000000000000000000e+00,0.000000000000000000e+00
1.381000000000000000e+03,8.915338205131307348e+01,4.011930791028868981e+01,-6.736764014696088217e-03,2.033864690372583652e+02,3.217581625221643815e-02,nan,1.438357853491547753e-05,1.460458283845212080e+01,1.000000000000000000e+00,1.000000000000000000e+00,-1.000000000000000000e+00,0.000000000000000000e+00
1.381000000000000000e+03,1.009303105567822314e+02,2.428341322713342620e+01,-9.726727707730460290e-03,2.934860930275803526e+02,2.225587633904746454e-02,nan,2.180437396426469947e-05,1.957309595217592602e+01,1.000000000000000000e+00,1.000000000000000000e+00,-1.000000000000000000e+00,0.000000000000000000e+00
1.383000000000000000e+03,2.680464605600123207e+01,2.072314675124984973e+01,-1.757028308079579618e-02,5.298439429596171522e+02,2.093662698516252085e-02,nan,6.772358180022758497e-05,1.789064953600560059e+01,1.000000000000000000e+00,1.000000000000000000e+00,-1.000000000000000000e+00,0.000000000000000000e+00
1.383000000000000000e+03,1.263726225597239647e+02,4.159763948923501431e+01,-7.184177006881501369e-03,2.168688208324335562e+02,3.822954586655413767e-02,nan,1.989932395702664403e-05,2.342394759971646323e+01,1.000000000000000000e+00,1.000000000000000000e+00,-1.000000000000000000e+00,0.000000000000000000e+00
1.385000000000000000e+03,5.521699233787772698e+01,4.938976633740760747e+01,-6.639311490150612977e-03,2.004498327700988511e+02,3.001452757405820293e-02,nan,1.307624050337911195e-05,9.471452507649312125e+00,1.000000000000000000e+00,1.000000000000000000e+00,-1.000000000000000000e+00,0.000000000000000000e+00
1.388000000000000000e+03,4.489900298368188913e+01,4.765464535552363401e+01,-7.355530971146371534e-03,2.220324045192467111e+02,3.158737088137497651e-02,nan,1.734185939566391133e-05,9.986672634208099808e+00,1.000000000000000000e+00,1.000000000000000000e+00,-1.000000000000000000e+00,0.000000000000000000e+00
1.388000000000000000e+03,3.835096320274375614e+01,4.011430018238383610e+01,-6.879091604625015358e-03,2.076753713961465451e+02,3.559055015898748842e-02,nan,1.699496539138534265e-05,9.986672634208099808e+00,1.000000000000000000e+00,1.000000000000000000e+00,-1.000000000000000000e+00,0.000000000000000000e+00
1.388000000000000000e+03,6.436938783123233065e+01,4.695213032317603563e+01,-8.144556368851967043e-03,2.458089111764033703e+02,1.720909734339370889e-02,nan,1.273382941937367033e-05,9.471452507649312125e+00,1.000000000000000000e+00,1.000000000000000000e+00,-1.000000000000000000e+00,0.000000000000000000e+00
1.389000000000000000e+03,9.462268446185505866e+01,9.549461063191021282e+00,-6.965259951270992220e-03,2.102719700273463559e+02,3.648386096767164410e-02,nan,1.892550765155917580e-05,2.032012565487911360e+01,1.000000000000000000e+00,1.000000000000000000e+00,-1.000000000000000000e+00,0.000000000000000000e+00
1.390000000000000000e+03,1.378312145505570072e+02,1.342786441457725743e+01,-2.000164290168336429e-03,6.065368095463492182e+01,2.800342742341666025e-01,nan,1.731261959418245152e-05,3.869886212775786305e+01,1.000000000000000000e+00,1.000000000000000000e+00,-1.000000000000000000e+00,0.000000000000000000e+00
1.394000000000000000e+03,5.153789635748211140e+01,1.236816526754828516e+01,-7.697328064796583706e-03,2.323321247769250988e+02,2.322148281744462750e-02,nan,1.326430542761286189e-05,1.683653101780912209e+01,1.000000000000000000e+00,1.000000000000000000e+00,-1.000000000000000000e+00,0.000000000000000000e+00
1.394000000000000000e+03,1.021551640014303359e+02,2.842190813864883481e+01,-7.566359843615430916e-03,2.283855258564787505e+02,3.716545620209388279e-02,nan,2.094035077433235352e-05,2.032012565487911360e+01,1.000000000000000000e+00,1.000000000000000000e+00,-1.000000000000000000e+00,0.000000000000000000e+00
1.395000000000000000e+03,3.591900789369118741e+01,1.865458713291076620e+01,-7.262615317228690408e-03,2.192324823996901557e+02,1.530538962951277782e-02,nan,7.625618432987561898e-06,9.569876283032137110e+00,1.000000000000000000e+00,1.000000000000000000e+00,-1.000000000000000000e+00,0.000000000000000000e+00
1.397000000000000000e+03,1.412650911369211997e+02,1.796281454417980683e+01,-1.740181104832774989e-03,5.281934259891797723e+01,3.379634268945618247e-01,nan,1.939055349532470317e-05,2.312503480406176237e+01,1.000000000000000000e+00,1.000000000000000000e+00,-1.000000000000000000e+00,0.000000000000000000e+00
1.398000000000000000e+03,8.518678945774639999e+01,4.445084097394894940e+01,-8.010597949279159996e-03,2.417722055595539246e+02,2.097033308542572971e-02,nan,1.399354919940665819e-05,2.334207408293665509e+01,1.000000000000000000e+00,1.000000000000000000e+00,-1.000000000000000000e+00,0.000000000000000000e+00
1.398000000000000000e+03,2.207431898772288648e+01,2.126626859572163397e+01,-1.375011138207844893e-03,4.181530373312349269e+01,3.717047548761296394e-01,nan,1.335163905322796821e-05,5.825367296665507233e+00,1.000000000000000000e+00,1.000000000000000000e+00,-1.000000000000000000e+00,0.000000000000000000e+00
1.400000000000000000e+03,1.083105952317374374e+02,2.642289599077023965e+01,-8.439141856120503313e-03,2.546859559705375204e+02,1.878379190747037075e-02,nan,1.390659454741260477e-05,1.501907577646587910e+01,1.000000000000000000e+00,1.000000000000000000e+00,-1.000000000000000000e+00,0.000000000000000000e+00
1.401000000000000000e+03,1.086616804054973358e+02,4.143786773166905846e+01,-8.360636602840436707e-03,2.523202771436415901e+02,2.589836573408743625e-02,nan,1.760578086127947766e-05,1.501907577646587910e+01,1.000000000000000000e+00,1.000000000000000000e+00,-1.000000000000000000e+00,0.000000000000000000e+00
1.401000000000000000e+03,1.249904538904840621e+02,3.439155208502416627e+01,-1.746429162285172143e-03,5.300762168352438408e+01,3.420288000660504091e-01,nan,1.906173530869192823e-05,1.778424605419521853e+01,1.000000000000000000e+00,1.000000000000000000e+00,-1.000000000000000000e+00,0.000000000000000000e+00
1.402000000000000000e+03,1.031906732376768758e+02,8.381267059169525524e+00,-7.411620431130742925e-03,2.237226053956604801e+02,3.835555655223255034e-02,nan,2.105652223601812533e-05,1.854610675120067853e+01,1.000000000000000000e+00,1.000000000000000000e+00,-1.000000000000000000e+00,0.000000000000000000e+00
1.402000000000000000e+03,6.304693204208983559e+01,1.415346522845752197e+01,-2.715055532173079114e-03,8.219622752423340728e+01,1.281716542803427172e-01,nan,1.075925063155539591e-05,3.556062238753985749e+00,1.000000000000000000e+00,1.000000000000000000e+00,-1.000000000000000000e+00,0.000000000000000000e+00
1.404000000000000000e+03,1.808727712874802762e+01,4.175785464523868740e+01,-1.661709771576602018e-03,5.045468591868076658e+01,2.923135193230185225e-01,nan,1.283024055054584447e-05,1.005114067153177615e+01,1.000000000000000000e+00,1.000000000000000000e+00,-1.000000000000000000e+00,0.000000000000000000e+00
1.406000000000000000e+03,9.220364395497522025e+01,2.332259441546514012e+01,-1.475403051202676431e-02,4.449789333613379654e+02,8.566143914209956023e-03,nan,2.257219273970445918e-05,1.854610675120067853e+01,1.000000000000000000e+00,1.000000000000000000e+00,-1.000000000000000000e+00,0.000000000000000000e+00
1.407000000000000000e+03,2.800424929946083807e+01,4.012106151101924922e+01,-8.041364931581258813e-03,2.426993384017332858e+02,1.879438345249562214e-02,nan,1.190308756014813864e-05,1.005114067153177615e+01,1.000000000000000000e+00,1.000000000000000000e+00,-1.000000000000000000e+00,0.000000000000000000e+00
1.407000000000000000e+03,1.236234826057879133e+02,4.301548248144514730e+01,-7.647866198492805218e-03,2.308416399371886882e+02,2.967716929691954775e-02,nan,1.694278415157587104e-05,3.126916510496297619e+01,1.000000000000000000e+00,1.000000000000000000e+00,-1.000000000000000000e+00,0.000000000000000000e+00
1.408000000000000000e+03,5.802647052774502612e+01,2.919933899641822705e+01,-8.050624286346178687e-03,2.429783599780339500e+02,1.806218141914139874e-02,nan,1.242772223853702738e-05,1.231928110774840945e+01,1.000000000000000000e+00,1.000000000000000000e+00,-1.000000000000000000e+00,0.000000000000000000e+00
1.408000000000000000e+03,5.782964583781969736e+01,4.891868699925480257e+01,-1.511818763770891427e-03,4.593786737861373837e+01,3.358665672988649931e-01,nan,1.418619948135456030e-05,6.711342639224012530e+00,1.000000000000000000e+00,1.000000000000000000e+00,-1.000000000000000000e+00,0.000000000000000000e+00
1.410000000000000000e+03,4.926917709853272243e+01,1.681884528890724795e+01,-1.377348522581803812e-03,4.188573851923985103e+01,3.593337971165031508e-01,nan,1.265830769894818072e-05,1.516465669400543703e+01,1.000000000000000000e+00,1.000000000000000000e+00,-1.000000000000000000e+00,0.000000000000000000e+00
1.411000000000000000e+03,6.325966244587996812e+01,5.286292832773052908e+01,-1.854565328796122566e-03,5.626619902514546112e+01,2.559964100794159814e-01,nan,1.300260323489919526e-05,6.711342639224012530e+00,1.000000000000000000e+00,1.000000000000000000e+00,-1.000000000000000000e+00,0.000000000000000000e+00
1.412000000000000000e+03,1.932371109349892890e+01,2.155793758563668305e+01,-7.620156926816785969e-03,2.300066482063956812e+02,2.468468639126653041e-02,nan,1.414610086495944748e-05,1.322196232017087958e+01,1.000000000000000000e+00,1.000000000000000000e+00,-1.000000000000000000e+00,0.000000000000000000e+00
1.413000000000000000e+03,2.760816584507194804e+01,1.125317669247871954e+01,-8.673302213719726733e-03,2.617421487337741155e+02,2.064660167079812592e-02,nan,1.660028238108961825e-05,1.322196232017087958e+01,1.000000000000000000e+00,1.000000000000000000e+00,-1.000000000000000000e+00,0.000000000000000000e+00
1.414000000000000000e+03,9.590522396823836004e+01,1.968543742431201693e+01,-6.879142150814479377e-03,2.076768945560014288e+02,7.648891287237469250e-02,nan,3.774082350282820627e-05,5.020619110130530416e+00,1.000000000000000000e+00,1.000000000000000000e+00,-1.000000000000000000e+00,0.000000000000000000e+00
1.415000000000000000e+03,1.102463022989520880e+02,2.614154882632549004e+01,-1.477075962798049188e-03,4.489092713940070922e+01,3.395795132308587760e-01,nan,1.311262592346379686e-05,1.133064835911520163e+01,1.000000000000000000e+00,1.000000000000000000e+00,-1.000000000000000000e+00,0.000000000000000000e+00
1.418000000000000000e+03,6.530674255088837299e+01,1.533962137608192933e+01,-7.233689911387814787e-03,2.183608436583563162e+02,2.502519427375426986e-02,nan,1.268622647926216326e-05,9.230891739731687196e+00,1.000000000000000000e+00,1.000000000000000000e+00,-1.000000000000000000e+00,0.000000000000000000e+00
1.419000000000000000e+03,9.294917454542418511e+01,3.436908802660246209e+01,-7.579745839312504625e-03,2.287888997107673958e+02,1.838498103426799979e-02,nan,1.064973240980805165e-05,1.497824499733745718e+01,1.000000000000000000e+00,1.000000000000000000e+00,-1.000000000000000000e+00,0.000000000000000000e+00
1.419000000000000000e+03,1.127827317292911289e+02,5.233280143143952756e+01,-1.496050646227349741e-02,4.512008836557896529e+02,1.031932676998736920e-02,nan,2.267454908950229732e-05,1.178844697571095246e+01,1.000000000000000000e+00,1.000000000000000000e+00,-1.000000000000000000e+00,0.000000000000000000e+00
1.421000000000000000e+03,1.103008529368625119e+02,2.125509770204189408e+01,-8.599985390461287529e-03,2.595328181579080820e+02,2.899504090921400934e-02,nan,2.139874607799128176e-05,2.174988471768473630e+01,1.000000000000000000e+00,1.000000000000000000e+00,-1.000000000000000000e+00,0.000000000000000000e+00
1.422000000000000000e+03,5.497594933054594790e+00,3.948480626419430450e+01,-9.195552364878656001e-03,2.774796449307780790e+02,1.166949604039702049e-02,nan,1.062512143942583785e-05,2.056171152443396721e+01,1.000000000000000000e+00,1.000000000000000000e+00,-1.000000000000000000e+00,0.000000000000000000e+00
1.423000000000000000e+03,7.453499278973183095e+01,1.511880507248923955e+01,-6.615341691322785753e-03,1.997275263867329897e+02,3.133059050412823066e-02,nan,1.455846374120173033e-05,7.535714228590202346e+00,1.000000000000000000e+00,1.000000000000000000e+00,-1.000000000000000000e+00,0.000000000000000000e+00
1.426000000000000000e+03,1.972595895497261154e+01,2.464103187646428950e+01,-7.120789731545008362e-03,2.149587074464770069e+02,3.580670919519413076e-02,nan,1.790759573306247287e-05,1.515236561930622017e+01,1.000000000000000000e+00,1.000000000000000000e+00,-1.000000000000000000e+00,0.000000000000000000e+00
1.427000000000000000e+03,3.245506406894715923e+01,4.357591919238848988e+01,-1.454437265006568386e-03,4.420873218051379183e+01,2.506063914667105985e-01,nan,8.357247136327269915e-06,9.985746572413058075e+00,1.000000000000000000e+00,1.000000000000000000e+00,-1.000000000000000000e+00,0.000000000000000000e+00
1.428000000000000000e+03,6.699931381344231340e+01,1.514185504613337052e+01,-7.593931155552694802e-03,2.292163603058249635e+02,2.286118935464820368e-02,nan,1.320135264529389798e-05,7.535714228590202346e+00,1.000000000000000000e+00,1.000000000000000000e+00,-1.000000000000000000e+00,0.000000000000000000e+00
1.431000000000000000e+03,5.447386907420341373e+00,2.971218205605788398e+01,-7.617377591882431784e-03,2.299228956735097995e+02,2.461861042310897751e-02,nan,1.423744545276736057e-05,1.515236561930622017e+01,1.000000000000000000e+00,1.000000000000000000e+00,-1.000000000000000000e+00,0.000000000000000000e+00
1.432000000000000000e+03,5.126121123547287084e+01,2.495467886949370850e+01,-1.251116671993073417e-03,3.808186548220482592e+01,3.602284098011315772e-01,nan,1.075345293766398521e-05,1.473584898792920050e+01,1.000000000000000000e+00,1.000000000000000000e+00,-1.000000000000000000e+00,0.000000000000000000e+00
1.433000000000000000e+03,8.084619950266765898e+01,9.954243905211013654e+00,-1.431398232307474648e-03,4.351447352174645289e+01,3.155067047906138233e-01,nan,1.099541892406233764e-05,1.478673569926423781e+01,1.000000000000000000e+00,1.000000000000000000e+00,-1.000000000000000000e+00,0.000000000000000000e+00
1.434000000000000000e+03,1.167332048900697998e+02,1.319562189397249874e+01,-1.840013840657537874e-03,5.582770419899071612e+01,2.712085311895083839e-01,nan,1.420487791834678957e-05,3.603309155403484709e+01,1.000000000000000000e+00,1.000000000000000000e+00,-1.000000000000000000e+00,0.000000000000000000e+00
1.435000000000000000e+03,2.385211052106907559e+01,4.064254454038228204e+01,-9.567656642354559204e-03,2.886926424544185465e+02,7.006526004514801453e-02,nan,6.856385322797544225e-05,9.885152973175584279e+00,1.000000000000000000e+00,1.000000000000000000e+00,-1.000000000000000000e+00,0.000000000000000000e+00
1.436000000000000000e+03,7.033389686812375885e+01,3.351803287906116680e+01,-8.609647591506985539e-03,2.598239791118568860e+02,2.381711631520910810e-02,nan,1.822979734734148742e-05,6.799255766958270719e+00,1.000000000000000000e+00,1.000000000000000000e+00,-1.000000000000000000e+00,0.000000000000000000e+00
1.437000000000000000e+03,5.394951998093213774e+01,4.605597249422239514e+01,-8.193697589239171131e-03,2.472897336658628547e+02,1.756954487723727532e-02,nan,1.181278178409437196e-05,1.613262906142512776e+01,1.000000000000000000e+00,1.000000000000000000e+00,-1.000000000000000000e+00,0.000000000000000000e+00
1.437000000000000000e+03,1.940872677065411978e+01,4.947275349315516735e+01,-9.122162994633423866e-03,2.752681282226031385e+02,3.944497709013417008e-02,nan,3.361447079402284652e-05,9.885152973175584279e+00,1.000000000000000000e+00,1.000000000000000000e+00,-1.000000000000000000e+00,0.000000000000000000e+00
1.439000000000000000e+03,1.014556295895854277e+02,4.681271252998548249e+01,-1.787540978172115795e-03,5.424648594184378680e+01,3.146581049851761014e-01,nan,1.603716679416194337e-05,2.292585272008507147e+01,1.000000000000000000e+00,1.000000000000000000e+00,-1.000000000000000000e+00,0.000000000000000000e+00
1.446000000000000000e+03,5.784327779625862576e+01,4.213556970174388994e+01,-8.213231375621960276e-03,2.478783651640635526e+02,2.502595297111354089e-02,nan,1.718753159119729357e-05,1.825565606358878412e+01,1.000000000000000000e+00,1.000000000000000000e+00,-1.000000000000000000e+00,0.000000000000000000e+00
1.449000000000000000e+03,1.074829779817050905e+02,3.812288893564836911e+01,-9.467174330840353452e-03,2.856647065279055369e+02,1.798138622010359011e-02,nan,2.138914408385093422e-05,2.224883261706724369e+01,1.000000000000000000e+00,1.000000000000000000e+00,-1.000000000000000000e+00,0.000000000000000000e+00
1.450000000000000000e+03,9.160193168764324412e+01,6.387404293051991644e+00,-7.722821879641941258e-03,2.331003558885592497e+02,3.133126083856963007e-02,nan,1.987343501719003315e-05,1.222399698302135818e+01,1.000000000000000000e+00,1.000000000000000000e+00,-1.000000000000000000e+00,0.000000000000000000e+00
1.451000000000000000e+03,1.369264895219557587e+01,3.649453561607925423e+01,-1.663595375677941798e-03,5.051150674928855011e+01,2.208929741182027451e-01,nan,9.452153771228052629e-06,1.846229898227180044e+01,1.000000000000000000e+00,1.000000000000000000e+00,-1.000000000000000000e+00,0.000000000000000000e+00
1.452000000000000000e+03,8.657081031876819566e+01,5.167229839055823959e+01,-1.219255035001139175e-03,3.712174629434403528e+01,3.403933631992219766e-01,nan,9.171967085142085913e-06,1.261466156375075087e+01,1.000000000000000000e+00,1.000000000000000000e+00,-1.000000000000000000e+00,0.000000000000000000e+00
1.453000000000000000e+03,2.292122385071839119e+01,1.880588911145331821e+01,-7.235236562472721102e-03,2.184074504721844789e+02,2.285413419596449280e-02,nan,1.142359429215452192e-05,1.403270377116470691e+01,1.000000000000000000e+00,1.000000000000000000e+00,-1.000000000000000000e+00,0.000000000000000000e+00
1.453000000000000000e+03,8.889197001730103409e+00,1.866805719014319109e+01,-8.413370899746355422e-03,2.539093734706927421e+02,2.278404565432512463e-02,nan,1.582937924021550179e-05,1.403270377116470691e+01,1.000000000000000000e+00,1.000000000000000000e+00,-1.000000000000000000e+00,0.000000000000000000e+00
1.455000000000000000e+03,1.352419491798540605e+02,5.142427642296502199e+01,1.508691067164955393e-03,-4.584361730835129123e+01,3.627395609879993099e-01,nan,1.868551892410305734e-05,2.630935303571189721e+01,1.000000000000000000e+00,1.000000000000000000e+00,-1.000000000000000000e+00,0.000000000000000000e+00
1.456000000000000000e+03,4.138728458944506627e+01,4.361110826502343230e+01,-7.709666800783050548e-03,2.327039404867567782e+02,7.640309567403913427e-02,nan,4.863788034165934099e-05,6.079846621088718983e+00,1.000000000000000000e+00,1.000000000000000000e+00,-1.000000000000000000e+00,0.000000000000000000e+00
1.457000000000000000e+03,1.393549080595189764e+02,1.155682435708520828e+01,-2.193897158865628760e-03,6.649163098220797963e+01,2.558888278909000613e-01,nan,1.787838189645617063e-05,2.338059495036338831e+01,1.000000000000000000e+00,1.000000000000000000e+00,-1.000000000000000000e+00,0.000000000000000000e+00
1.457000000000000000e+03,6.798092305967813331e+01,2.374508284305410655e+01,-1.269185668863380845e-03,3.862635698479053303e+01,3.676950528632279003e-01,nan,1.126282637187725172e-05,1.626050970196499534e+01,1.000000000000000000e+00,1.000000000000000000e+00,-1.000000000000000000e+00,0.000000000000000000e+00
1.457000000000000000e+03,7.735215174222747692e+01,3.703358346378112032e+01,-1.541871558721662249e-03,4.684347888527879888e+01,2.902365773075951116e-01,nan,1.119682860048666498e-05,1.150376322562562592e+01,1.000000000000000000e+00,1.000000000000000000e+00,-1.000000000000000000e+00,0.000000000000000000e+00
1.458000000000000000e+03,1.119096855929249301e+02,3.926748683575146970e+01,-1.639796450803105788e-03,4.979434948494046154e+01,3.007330390747828819e-01,nan,1.302938804195883395e-05,1.300826569643255226e+01,1.000000000000000000e+00,1.000000000000000000e+00,-1.000000000000000000e+00,0.000000000000000000e+00
1.458000000000000000e+03,4.680654489545042907e+01,4.636722014078583953e+01,-8.034775705688787864e-03,2.425007785407282768e+02,9.378879129230321965e-02,nan,6.471248195015362719e-05,6.079846621088718983e+00,1.000000000000000000e+00,1.000000000000000000e+00,-1.000000000000000000e+00,0.000000000000000000e+00
1.459000000000000000e+03,3.341682685429884714e+01,6.063447249576370268e+00,-8.019294770232422709e-03,2.420342757310498598e+02,2.821164931459918535e-02,nan,1.838423431629262835e-05,2.007448764604776770e+01,1.000000000000000000e+00,1.000000000000000000e+00,-1.000000000000000000e+00,0.000000000000000000e+00
1.460000000000000000e+03,9.939451792064349434e+01,4.281509935174945269e+01,-8.266332603506806528e-03,2.494785185963594643e+02,3.261888436537829783e-02,nan,2.160197018580635903e-05,1.300826569643255226e+01,1.000000000000000000e+00,1.000000000000000000e+00,-1.000000000000000000e+00,0.000000000000000000e+00
1.460000000000000000e+03,7.372813420784797245e+01,5.066136988979285150e+01,1.472930176260004755e-03,-4.476599792735303396e+01,3.168217940135299449e-01,nan,1.129875007416140306e-05,1.410142070723654761e+01,1.000000000000000000e+00,1.000000000000000000e+00,-1.000000000000000000e+00,0.000000000000000000e+00
1.461000000000000000e+03,8.779042233658161365e+01,3.219839211800190526e+01,-7.683275321421435301e-03,2.319086591351572508e+02,2.244180738064982528e-02,nan,1.397407163151963340e-05,1.150376322562562592e+01,1.000000000000000000e+00,1.000000000000000000e+00,-1.000000000000000000e+00,0.000000000000000000e+00
1.462000000000000000e+03,7.758004061949303320e+01,9.992211011275763610e+00,-6.438630396851451748e-03,1.944025048074401241e+02,3.009925383948786060e-02,nan,1.279826646791439615e-05,1.677153962963653910e+01,1.000000000000000000e+00,1.000000000000000000e+00,-1.000000000000000000e+00,0.000000000000000000e+00
1.463000000000000000e+03,3.175623868089575552e+01,5.153267439542745620e+01,-7.939341436997558732e-03,2.396249604346746764e+02,1.695979496561084154e-02,nan,1.079024001038503716e-05,1.591205941443967298e+01,1.000000000000000000e+00,1.000000000000000000e+00,-1.000000000000000000e+00,0.000000000000000000e+00
1.463000000000000000e+03,2.006770711785697614e+01,2.998336762862172122e+01,-1.998640124937978678e-03,6.060775172998437910e+01,2.162650861266606217e-01,nan,1.204681808968143661e-05,3.946600076616611830e+00,1.000000000000000000e+00,1.000000000000000000e+00,-1.000000000000000000e+00,0.000000000000000000e+00
1.464000000000000000e+03,6.391667339941509596e+01,3.889247317351097877e+01,-6.329115364548562085e-03,1.911023766972674878e+02,4.145628583811056256e-02,nan,1.639248647675730996e-05,1.372853980363384174e+01,1.000000000000000000e+00,1.000000000000000000e+00,-1.000000000000000000e+00,0.000000000000000000e+00
1.468000000000000000e+03,1.982446653326041996e+01,1.410654373412582530e+01,-9.077463474644229327e-03,2.739211520191940963e+02,1.478317852260004894e-01,nan,1.428504551309158681e-04,5.131127881336130514e+00,1.000000000000000000e+00,1.000000000000000000e+00,-1.000000000000000000e+00,0.000000000000000000e+00
1.468000000000000000e+03,4.638666145424912912e+01,4.101275646545254716e+01,-7.315616609287070929e-03,2.208296243638505985e+02,2.423956781946001726e-01,nan,1.838906025096210010e-04,5.344771384005546189e+00,1.000000000000000000e+00,1.000000000000000000e+00,-1.000000000000000000e+00,0.000000000000000000e+00
1.469000000000000000e+03,5.027549072466739233e+01,3.734620658132131865e+01,-6.679505558524651519e-03,2.016610416070419376e+02,2.974463027741184318e-01,nan,2.117407131630252458e-04,5.344771384005546189e+00,1.000000000000000000e+00,1.000000000000000000e+00,-1.000000000000000000e+00,0.000000000000000000e+00
1.469000000000000000e+03,1.315310344550040895e+02,4.948759222951363768e+01,2.017745590185818661e-03,-6.118347619078663513e+01,3.217193143147472068e-01,nan,2.268068774504570026e-05,4.438003707899042638e+00,1.000000000000000000e+00,1.000000000000000000e+00,-1.000000000000000000e+00,0.000000000000000000e+00
1.470000000000000000e+03,1.526033552090842171e+01,1.176193685093373453e+01,-7.525477286452249108e-03,2.271535700849933335e+02,2.246824945141383534e-01,nan,1.696861840758020470e-04,5.131127881336130514e+00,1.000000000000000000e+00,1.000000000000000000e+00,-1.000000000000000000e+00,0.000000000000000000e+00
1.475000000000000000e+03,1.719444417518121426e+01,4.130847422385986079e+01,-7.026618870887605187e-03,2.121209609026498413e+02,2.760888827538743318e-02,nan,1.317883428382956955e-05,9.332566738818364627e+00,1.000000000000000000e+00,1.000000000000000000e+00,-1.000000000000000000e+00,0.000000000000000000e+00
1.476000000000000000e+03,1.205278303079332716e+02,2.386086545681467896e+01,-9.458654463754618408e-03,2.854079686876900723e+02,1.743784160793637739e-02,nan,1.633070105366785381e-05,7.032340418977931051e+00,1.000000000000000000e+00,1.000000000000000000e+00,-1.000000000000000000e+00,0.000000000000000000e+00
1.476000000000000000e+03,7.868316618867574164e+01,2.771473062661936027e+01,-7.579864238562540775e-03,2.287924675560672938e+02,2.547210994603377188e-02,nan,1.451692374239646968e-05,1.455304858060683237e+01,1.000000000000000000e+00,1.000000000000000000e+00,-1.000000000000000000e+00,0.000000000000000000e+00
1.477000000000000000e+03,3.562136652954620075e+01,4.011640991649056787e+01,-6.546171743610613124e-03,1.976431578391095059e+02,2.188268427407313865e-02,nan,8.974274966794175363e-06,1.846544028087875944e+01,1.000000000000000000e+00,1.000000000000000000e+00,-1.000000000000000000e+00,0.000000000000000000e+00
1.477000000000000000e+03,5.644532548333022959e+01,1.820171612769354752e+01,-1.288960905164871244e-03,3.922226433953029812e+01,3.454991405982166253e-01,nan,1.042998608391961489e-05,4.697743025090895586e+00,1.000000000000000000e+00,1.000000000000000000e+00,-1.000000000000000000e+00,0.000000000000000000e+00
1.479000000000000000e+03,6.531032158376426366e+01,3.345565826615572291e+01,-7.582448415831462459e-03,2.288703392040731046e+02,3.376479224412021196e-02,nan,2.038865577993493456e-05,8.789765860795895946e+00,1.000000000000000000e+00,1.000000000000000000e+00,-1.000000000000000000e+00,0.000000000000000000e+00
1.482000000000000000e+03,7.469356181020494034e+01,1.781338946820766722e+01,-7.725375465067924746e-03,2.331773056813759126e+02,1.849840235456245985e-02,nan,1.173644034491545945e-05,1.824077219567071140e+01,1.000000000000000000e+00,1.000000000000000000e+00,-1.000000000000000000e+00,0.000000000000000000e+00
1.483000000000000000e+03,5.660155419949559530e+01,3.464618526472034432e+01,-8.106917178871797525e-03,2.446746910945963123e+02,1.648342803701752235e-02,nan,1.185163559721995033e-05,8.789765860795895946e+00,1.000000000000000000e+00,1.000000000000000000e+00,-1.000000000000000000e+00,0.000000000000000000e+00
1.485000000000000000e+03,6.975937085922435443e+00,5.217776442820111527e+01,-6.840224482265661217e-03,2.065041487761789654e+02,3.565030507781807856e-02,nan,1.633291308868095433e-05,2.949340972011162876e+01,1.000000000000000000e+00,1.000000000000000000e+00,-1.000000000000000000e+00,0.000000000000000000e+00
1.486000000000000000e+03,1.382129322001090941e+02,6.420766031153511300e+00,-7.083965686670147185e-03,2.138490509631032523e+02,4.916178591593534097e-02,nan,2.474670519541644211e-05,3.065484977724380755e+01,1.000000000000000000e+00,1.000000000000000000e+00,-1.000000000000000000e+00,0.000000000000000000e+00
1.489000000000000000e+03,5.908468334607464456e+00,2.270367873613356480e+01,-7.822773885951848222e-03,2.361123115877475414e+02,2.219677257006325011e-02,nan,1.307960810749059298e-05,2.095026392234968782e+01,1.000000000000000000e+00,1.000000000000000000e+00,-1.000000000000000000e+00,0.000000000000000000e+00
1.492000000000000000e+03,8.231760059075271840e+01,5.856231690752777830e+00,-7.862261079073465386e-03,2.373022194321067957e+02,2.770508875134780613e-02,nan,1.685066177220794162e-05,1.825324039055792014e+01,1.000000000000000000e+00,1.000000000000000000e+00,-1.000000000000000000e+00,0.000000000000000000e+00
1.494000000000000000e+03,1.004741772550232639e+02,7.732267028895781991e+00,-1.621324548116062029e-03,4.923771681064887673e+01,3.302970142561353351e-01,nan,1.523236677611539196e-05,1.358000865753831121e+01,1.000000000000000000e+00,1.000000000000000000e+00,-1.000000000000000000e+00,0.000000000000000000e+00
1.495000000000000000e+03,7.397926821901408800e+01,5.271930109012129151e+01,-1.682415777805006465e-02,5.073601885970913372e+02,8.492660294670106857e-03,nan,2.606374976961549778e-05,3.051466331351570105e+01,1.000000000000000000e+00,1.000000000000000000e+00,-1.000000000000000000e+00,0.000000000000000000e+00
1.495000000000000000e+03,4.154437414902158565e+01,3.895750650932338033e+01,-1.368123533469077675e-03,4.160775251816973963e+01,3.158906828423884150e-01,nan,9.593662232412803568e-06,1.851812133380660796e+01,1.000000000000000000e+00,1.000000000000000000e+00,-1.000000000000000000e+00,0.000000000000000000e+00
1.496000000000000000e+03,4.418158351843180753e+01,1.536545037847507977e+01,-1.344646026970687958e-03,4.090028088141935569e+01,3.712262668012112909e-01,nan,1.405227093243779419e-05,2.292594931137550063e+01,1.000000000000000000e+00,1.000000000000000000e+00,-1.000000000000000000e+00,0.000000000000000000e+00
1.497000000000000000e+03,6.823882637583209032e+01,1.986258886488763764e+01,-6.413362795906660599e-03,1.936410904298786306e+02,2.929861771358721612e-02,nan,1.188393220121809497e-05,1.985925287326169553e+01,1.000000000000000000e+00,1.000000000000000000e+00,-1.000000000000000000e+00,0.000000000000000000e+00
1.499000000000000000e+03,1.006236565252703627e+02,3.784579279776959027e+01,-1.402580000518961235e-03,4.264606436538779377e+01,3.448289970905100699e-01,nan,1.227368630480165928e-05,1.858816254889348585e+01,1.000000000000000000e+00,1.000000000000000000e+00,-1.000000000000000000e+00,0.000000000000000000e+00
1.500000000000000000e+03,5.289533056092964536e+00,1.622054176235126377e+01,-6.698691979792012821e-03,2.022392055981085832e+02,4.486048810100806694e-02,nan,2.013834550766176309e-05,3.890144946451083996e+01,1.000000000000000000e+00,1.000000000000000000e+00,-1.000000000000000000e+00,0.000000000000000000e+00
1.500000000000000000e+03,1.376668625262572334e+02,1.993232831757888590e+01,-1.701174662047984535e-03,5.164392169454472992e+01,3.159001668058176726e-01,nan,1.713353172480894509e-05,1.901737592727556603e+01,1.000000000000000000e+00,1.000000000000000000e+00,-1.000000000000000000e+00,0.000000000000000000e+00
1.503000000000000000e+03,1.444811189392004849e+02,3.768694734187737794e+01,-9.040318653905834306e-03,2.728018292697192351e+02,2.168050435907986628e-02,nan,1.841675169681407205e-05,1.901737592727556603e+01,1.000000000000000000e+00,1.000000000000000000e+00,-1.000000000000000000e+00,0.000000000000000000e+00
1.504000000000000000e+03,9.934423729446105256e+01,1.930171359776826634e+01,-8.127937906953135866e-03,2.453081301228171753e+02,2.473118510001248715e-02,nan,1.784988861557821336e-05,1.858816254889348585e+01,1.000000000000000000e+00,1.000000000000000000e+00,-1.000000000000000000e+00,0.000000000000000000e+00
1.511000000000000000e+03,2.775681944616273356e+01,4.591895795623176291e+00,-7.605856890302416240e-03,2.295757306283681487e+02,1.007091406061718653e-01,nan,6.348639381787891012e-05,4.220036047360212983e+00,1.000000000000000000e+00,1.000000000000000000e+00,-1.000000000000000000e+00,0.000000000000000000e+00
1.511000000000000000e+03,5.431224542978243619e+01,3.114773566877099853e+01,-1.233106371854128958e-03,3.753914274806188445e+01,3.514894975289387657e-01,nan,1.000434862597854897e-05,1.688958431926306147e+01,1.000000000000000000e+00,1.000000000000000000e+00,-1.000000000000000000e+00,0.000000000000000000e+00
1.513000000000000000e+03,1.285016494325770964e+02,5.097881886119562722e+01,-8.383620988189201956e-03,2.530128890580928669e+02,2.718772487682141747e-02,nan,2.016289620438392266e-05,1.518960710211744392e+01,1.000000000000000000e+00,1.000000000000000000e+00,-1.000000000000000000e+00,0.000000000000000000e+00
1.514000000000000000e+03,6.207607208130701792e+01,4.683108496014062183e+01,-8.217454455635653243e-03,2.480056235392074484e+02,1.392397539777101567e-02,nan,1.012402334142588207e-05,1.749984140699644897e+01,1.000000000000000000e+00,1.000000000000000000e+00,-1.000000000000000000e+00,0.000000000000000000e+00
1.514000000000000000e+03,2.761585056217474587e+01,8.809576676719657939e+00,-7.113384089233762246e-03,2.147355456772540094e+02,1.641623180645154223e-01,nan,1.001411311834280414e-04,4.220036047360212983e+00,1.000000000000000000e+00,1.000000000000000000e+00,-1.000000000000000000e+00,0.000000000000000000e+00
1.515000000000000000e+03,4.183833500612680467e+01,1.976091797372941983e+01,-8.528978071574091699e-03,2.573930822316150966e+02,1.527646185824527159e-02,nan,1.119273092871562168e-05,1.688958431926306147e+01,1.000000000000000000e+00,1.000000000000000000e+00,-1.000000000000000000e+00,0.000000000000000000e+00
1.516000000000000000e+03,1.375495678095000329e+01,4.999504544695686548e+01,-1.288935271319263838e-02,3.887886963596458259e+02,4.177235631237952163e-02,nan,6.913393729135357063e-05,1.259990548394051579e+01,1.000000000000000000e+00,1.000000000000000000e+00,-1.000000000000000000e+00,0.000000000000000000e+00
1.516000000000000000e+03,1.063811043798326921e+02,2.419233787529253732e+01,-8.316326593506322834e-03,2.509850384618769397e+02,2.235150983170086647e-02,nan,1.534930529257538765e-05,1.176589550427553554e+01,1.000000000000000000e+00,1.000000000000000000e+00,-1.000000000000000000e+00,0.000000000000000000e+00
1.517000000000000000e+03,2.938159811596875670e+01,3.871928593371885086e+01,-2.073059171384589606e-03,6.285029672080774077e+01,2.642171302918788767e-01,nan,1.708582207843868493e-05,6.192754562262125617e+00,1.000000000000000000e+00,1.000000000000000000e+00,-1.000000000000000000e+00,0.000000000000000000e+00
1.518000000000000000e+03,1.953617935643401538e+01,3.879973018846823862e+01,-7.548412411565689518e-03,2.278446975905567342e+02,2.819803651182251070e-02,nan,1.565141339915157717e-05,9.845747398177589815e+00,1.000000000000000000e+00,1.000000000000000000e+00,-1.000000000000000000e+00,0.000000000000000000e+00
1.518000000000000000e+03,1.432137341690548453e+02,4.346199170552525715e+01,-4.009837898219890430e-03,1.212132244870711304e+02,1.026744090628195494e-01,nan,2.023603095087873541e-05,1.652114184254602591e+01,1.000000000000000000e+00,1.000000000000000000e+00,-1.000000000000000000e+00,0.000000000000000000e+00
1.518000000000000000e+03,8.189720108027717060e+01,1.148378987255220451e+01,-1.370886555993913432e-03,4.169101349259042166e+01,3.265177094188571605e-01,nan,1.029083229341278790e-05,2.758566136818077297e+01,1.000000000000000000e+00,1.000000000000000000e+00,-1.000000000000000000e+00,0.000000000000000000e+00
1.519000000000000000e+03,8.851703684721145748e+01,5.003366091131484694e+01,-1.391709392233159885e-03,4.231848924419868041e+01,3.720922272801320263e-01,nan,1.401038497969908634e-05,2.663420940209863730e+01,1.000000000000000000e+00,1.000000000000000000e+00,-1.000000000000000000e+00,0.000000000000000000e+00
1.522000000000000000e+03,2.970760702659888963e+01,4.490345340061430335e+01,-8.389178875331342738e-03,2.531803705371670787e+02,2.100840006783988301e-02,nan,1.483192661940696834e-05,6.192754562262125617e+00,1.000000000000000000e+00,1.000000000000000000e+00,-1.000000000000000000e+00,0.000000000000000000e+00
1.522000000000000000e+03,8.500182622369042207e+00,5.025109412496296812e+01,-7.840707011049661765e-03,2.366527087277023327e+02,3.176246474087252025e-02,nan,1.930022964919348919e-05,1.403261143584817638e+01,1.000000000000000000e+00,1.000000000000000000e+00,-1.000000000000000000e+00,0.000000000000000000e+00
1.522000000000000000e+03,1.219264807935159780e+02,4.639641732164459142e+01,-7.556074537447107081e-03,2.280755882406641319e+02,3.625529149629747039e-02,nan,2.034906104462413649e-05,2.148855532535699098e+01,1.000000000000000000e+00,1.000000000000000000e+00,-1.000000000000000000e+00,0.000000000000000000e+00
1.523000000000000000e+03,1.432029784692212218e+02,2.410874070216760501e+01,-6.854768062531353158e-03,2.069424053063383724e+02,3.700326751013083282e-02,nan,1.733164425546293349e-05,1.935325399213380138e+01,1.000000000000000000e+00,1.000000000000000000e+00,-1.000000000000000000e+00,0.000000000000000000e+00
1.525000000000000000e+03,8.811028577727643096e+01,1.173141635579762365e+01,-1.501267499930770966e-03,4.561991538915236788e+01,3.135835506387649740e-01,nan,1.166071057195247280e-05,2.127256647274779411e+01,1.000000000000000000e+00,1.000000000000000000e+00,-1.000000000000000000e+00,0.000000000000000000e+00
1.526000000000000000e+03,2.247577253782507256e+01,5.151484656294309161e+01,-7.829768864843744333e-03,2.363230984175168601e+02,3.734285365815170898e-02,nan,2.586384201017727315e-05,5.725964522711282534e+00,1.000000000000000000e+00,1.000000000000000000e+00,-1.000000000000000000e+00,0.000000000000000000e+00
1.527000000000000000e+03,6.699364482965390266e+01,9.160510012372208521e+00,-1.445561555834503145e-03,4.394127138795849419e+01,3.094407580627593912e-01,nan,1.067593117835426640e-05,1.804226126317455581e+01,1.000000000000000000e+00,1.000000000000000000e+00,-1.000000000000000000e+00,0.000000000000000000e+00
1.528000000000000000e+03,1.161542353741034503e+02,9.771092813159434343e+00,-7.728736419909282632e-03,2.332785847598343594e+02,3.647418938524538135e-02,nan,2.131700461620438059e-05,2.131388858662137409e+01,1.000000000000000000e+00,1.000000000000000000e+00,-1.000000000000000000e+00,0.000000000000000000e+00
1.530000000000000000e+03,2.230765840045742010e+01,4.579135048518035944e+01,-8.036038218388812798e-03,2.425388231229485143e+02,4.730095781387144704e-02,nan,3.161282377650733019e-05,5.725964522711282534e+00,1.000000000000000000e+00,1.000000000000000000e+00,-1.000000000000000000e+00,0.000000000000000000e+00
1.530000000000000000e+03,2.095254824752422351e+01,9.738120092689179330e+00,-1.245830424099298069e-03,3.792256958551605095e+01,3.701368837724985372e-01,nan,1.094288620548707752e-05,1.059089704106781937e+01,1.000000000000000000e+00,1.000000000000000000e+00,-1.000000000000000000e+00,0.000000000000000000e+00
1.532000000000000000e+03,1.047330721831485647e+02,2.776661664683780018e+01,-6.570624936530351269e-03,1.983800308294284207e+02,3.087352737812698589e-02,nan,1.325110406958732619e-05,2.131388858662137409e+01,1.000000000000000000e+00,1.000000000000000000e+00,-1.000000000000000000e+00,0.000000000000000000e+00
1.532000000000000000e+03,8.265991943293073518e+01,2.927898358535083290e+01,-7.386897323772184318e-03,2.229775987984004928e+02,2.691216259479067840e-02,nan,1.419032248737146910e-05,9.670680468835522348e+00,1.000000000000000000e+00,1.000000000000000000e+00,-1.000000000000000000e+00,0.000000000000000000e+00
1.534000000000000000e+03,1.009940571750635314e+02,5.905538974528154128e+00,-7.316287999776012289e-03,2.208498560578825902e+02,2.826689128131454343e-02,nan,1.472608594107431788e-05,1.266937467894040559e+01,1.000000000000000000e+00,1.000000000000000000e+00,-1.000000000000000000e+00,0.000000000000000000e+00
1.534000000000000000e+03,1.370574845418228165e+02,1.544023695205662605e+01,-8.643573259422774810e-03,2.608462958476601443e+02,2.280477319467411057e-02,nan,1.790190284497119889e-05,5.157888254651326498e+00,1.000000000000000000e+00,1.000000000000000000e+00,-1.000000000000000000e+00,0.000000000000000000e+00
1.534000000000000000e+03,5.107188114302838500e+01,1.766304296575727406e+01,-7.314563718158618999e-03,2.207978965221388989e+02,2.459314910342524918e-02,nan,1.328234217750186774e-05,1.608187786048874557e+01,1.000000000000000000e+00,1.000000000000000000e+00,-1.000000000000000000e+00,0.000000000000000000e+00
1.534000000000000000e+03,1.378057902454593204e+02,5.327336917655282633e+01,-7.714194681177408489e-03,2.328403837224907704e+02,4.248893870753145396e-02,nan,2.489716085392163582e-05,9.782990287972374688e+00,1.000000000000000000e+00,1.000000000000000000e+00,-1.000000000000000000e+00,0.000000000000000000e+00
1.535000000000000000e+03,7.078787139578695076e+01,8.195777597205223586e+00,-8.273256303427459907e-03,2.496871575042251266e+02,3.093061889432247025e-02,nan,2.306604452900011854e-05,6.648002261211143349e+00,1.000000000000000000e+00,1.000000000000000000e+00,-1.000000000000000000e+00,0.000000000000000000e+00
1.535000000000000000e+03,3.704180037496855959e+01,4.890130914535922102e+01,-7.589915856319052155e-03,2.290953632007421561e+02,2.772451600942449357e-02,nan,1.544688754848323612e-05,1.505877759292143026e+01,1.000000000000000000e+00,1.000000000000000000e+00,-1.000000000000000000e+00,0.000000000000000000e+00
1.535000000000000000e+03,1.281861552162936562e+02,5.149305435040248113e+01,-8.507715349573110805e-03,2.567523509539202564e+02,2.396780701182787965e-02,nan,1.853701887640026204e-05,9.782990287972374688e+00,1.000000000000000000e+00,1.000000000000000000e+00,-1.000000000000000000e+00,0.000000000000000000e+00
1.537000000000000000e+03,8.832942769894860646e+01,5.558818643285063921e+00,-1.480821119515918390e-02,4.466116151190270216e+02,9.358101465706036848e-03,nan,2.158978177545771036e-05,1.266937467894040559e+01,1.000000000000000000e+00,1.000000000000000000e+00,-1.000000000000000000e+00,0.000000000000000000e+00
1.537000000000000000e+03,6.414054998012734643e+01,8.290919922075195458e+00,-4.210133027469510625e-03,1.272489218015656576e+02,1.531339109150645639e-01,nan,3.422810284523488327e-05,6.648002261211143349e+00,1.000000000000000000e+00,1.000000000000000000e+00,-1.000000000000000000e+00,0.000000000000000000e+00
1.539000000000000000e+03,1.732845815053356020e+01,1.116858874687836511e+01,-4.047022917159294637e-03,1.223337585699158581e+02,2.399092111089259349e-01,nan,5.718207649081143569e-05,5.312860210852263343e+00,1.000000000000000000e+00,1.000000000000000000e+00,-1.000000000000000000e+00,0.000000000000000000e+00
1.540000000000000000e+03,1.214575274791421862e+02,2.605819687552280683e+01,-9.868469299901856326e-03,2.977573369186631567e+02,1.828430487030707763e-02,nan,2.165829124187226829e-05,2.075360691408458536e+01,1.000000000000000000e+00,1.000000000000000000e+00,-1.000000000000000000e+00,0.000000000000000000e+00
1.540000000000000000e+03,7.907327434352991702e+01,2.835656181616402449e+01,-6.367944351309357855e-03,1.922724501383675033e+02,3.866914947435684535e-02,nan,1.546760098050496769e-05,1.705004068532093342e+01,1.000000000000000000e+00,1.000000000000000000e+00,-1.000000000000000000e+00,0.000000000000000000e+00
1.541000000000000000e+03,5.495450957959777583e+01,3.269251546439348743e+01,-1.501363011115677305e-02,4.528017127228876575e+02,5.257013512759756146e-03,nan,1.372376475576378057e-05,1.228931411167341281e+01,1.000000000000000000e+00,1.000000000000000000e+00,-1.000000000000000000e+00,0.000000000000000000e+00
1.543000000000000000e+03,6.280883843158360236e+01,2.324070295989265489e+01,-1.710167414316987253e-03,5.191490946605608769e+01,2.947505756627645246e-01,nan,1.365210184350155376e-05,1.228931411167341281e+01,1.000000000000000000e+00,1.000000000000000000e+00,-1.000000000000000000e+00,0.000000000000000000e+00
1.543000000000000000e+03,1.378475688261447942e+02,4.670787186486325027e+01,-7.194681761584642218e-03,2.171853713146579992e+02,4.042148556050828567e-02,nan,2.078335205968382217e-05,2.636365931584322553e+01,1.000000000000000000e+00,1.000000000000000000e+00,-1.000000000000000000e+00,0.000000000000000000e+00
1.544000000000000000e+03,2.168609949730061714e+01,8.129272127471406151e+00,-6.150087137444653143e-03,1.857075366250302579e+02,3.041230504153646930e-02,nan,1.128357243943532277e-05,5.312860210852263343e+00,1.000000000000000000e+00,1.000000000000000000e+00,-1.000000000000000000e+00,0.000000000000000000e+00
1.546000000000000000e+03,1.130693046737002589e+02,3.157367382787820276e+01,-6.629783457264019388e-03,2.001627148420619733e+02,4.189136067416177056e-02,nan,1.864618583992837042e-05,2.115176868804549315e+01,1.000000000000000000e+00,1.000000000000000000e+00,-1.000000000000000000e+00,0.000000000000000000e+00
1.548000000000000000e+03,4.006696013742251239e+01,1.655776401374124518e+01,-7.399745533806993507e-03,2.233647670090987845e+02,2.516490644042868041e-02,nan,1.394818617518654044e-05,2.022116498494829173e+01,1.000000000000000000e+00,1.000000000000000000e+00,-1.000000000000000000e+00,0.000000000000000000e+00
1.548000000000000000e+03,1.099304252945359934e+02,5.249124431002643831e+01,-1.871032826303343577e-03,5.676243091482317027e+01,2.476175695913520602e-01,nan,1.641973434020736229e-05,2.115176868804549315e+01,1.000000000000000000e+00,1.000000000000000000e+00,-1.000000000000000000e+00,0.000000000000000000e+00
1.552000000000000000e+03,7.618098276208313280e+01,3.624461613881280186e+01,-1.227037484762522924e-03,3.735626278658700272e+01,3.281359066428417570e-01,nan,8.481262717845634258e-06,1.381965132937199492e+01,1.000000000000000000e+00,1.000000000000000000e+00,-1.000000000000000000e+00,0.000000000000000000e+00
1.555000000000000000e+03,1.368088673037603371e+02,5.011659064791933105e+01,-7.473134876900786559e-03,2.255762828990917228e+02,5.380984713837311251e-02,nan,3.068034126291854959e-05,2.472024001294128226e+01,1.000000000000000000e+00,1.000000000000000000e+00,-1.000000000000000000e+00,0.000000000000000000e+00
1.556000000000000000e+03,3.821341879518558216e+01,1.763922592207788398e+01,-9.318486872633832338e-03,2.811841557748331297e+02,1.499441003049351018e-02,nan,1.394133039261916156e-05,1.575237040557812485e+01,1.000000000000000000e+00,1.000000000000000000e+00,-1.000000000000000000e+00,0.000000000000000000e+00
1.557000000000000000e+03,3.214645230880929461e+01,4.964560288838144686e+01,-7.511883340113260921e-03,2.267439298420228795e+02,2.601200097126754596e-02,nan,1.471711016254418002e-05,2.510546777298383603e+01,1.000000000000000000e+00,1.000000000000000000e+00,-1.000000000000000000e+00,0.000000000000000000e+00
1.557000000000000000e+03,8.040307202974696565e+01,4.940351902170129250e+01,-7.378448367268172596e-03,2.227229977790317434e+02,2.807639047354459905e-02,nan,1.480096835376369688e-05,1.339862396057648120e+01,1.000000000000000000e+00,1.000000000000000000e+00,-1.000000000000000000e+00,0.000000000000000000e+00
1.558000000000000000e+03,1.423943276880014537e+02,2.431474317961306397e+01,-1.418742780751714762e-02,4.279049164603477493e+02,8.856639248129360986e-02,nan,1.900613947221046064e-04,1.896568933903802900e+01,1.000000000000000000e+00,1.000000000000000000e+00,-1.000000000000000000e+00,0.000000000000000000e+00
1.559000000000000000e+03,2.466777728317873652e+01,2.567992050791625402e+01,-7.281578510231887479e-03,2.198039196259094297e+02,2.245462041594092906e-02,nan,1.154451390172917646e-05,1.575237040557812485e+01,1.000000000000000000e+00,1.000000000000000000e+00,-1.000000000000000000e+00,0.000000000000000000e+00
1.559000000000000000e+03,6.717899013691616972e+01,4.724787941159972604e+01,-7.732463549036913339e-03,2.333908981413464119e+02,3.063696712460806104e-02,nan,1.826161868205760120e-05,1.339862396057648120e+01,1.000000000000000000e+00,1.000000000000000000e+00,-1.000000000000000000e+00,0.000000000000000000e+00
1.563000000000000000e+03,1.420894606290120805e+02,5.351504316453534749e+00,-6.053829560407489666e-03,1.828069089292918363e+02,4.069927728996969307e-02,nan,1.492083003956006894e-05,1.896568933903802900e+01,1.000000000000000000e+00,1.000000000000000000e+00,-1.000000000000000000e+00,0.000000000000000000e+00
1.564000000000000000e+03,1.031709885912475357e+02,3.140077529675324541e+01,-1.356985867673307991e-03,4.127212988078904488e+01,3.538843625555559980e-01,nan,1.198926705069593353e-05,2.624411678344499066e+01,1.000000000000000000e+00,1.000000000000000000e+00,-1.000000000000000000e+00,0.000000000000000000e+00
1.566000000000000000e+03,7.442559511809200501e+00,3.586067999613663915e+01,-9.914016604843336328e-03,2.991298602902881498e+02,1.477212184060328060e-02,nan,1.630879505722632021e-05,4.313912471525257786e+01,1.000000000000000000e+00,1.000000000000000000e+00,-1.000000000000000000e+00,0.000000000000000000e+00
1.568000000000000000e+03,1.019713216089839420e+02,5.184092347250165211e+00,-7.718253733428555308e-03,2.329626992818527071e+02,3.664809174366456812e-02,nan,2.149674342695873216e-05,2.624411678344499066e+01,1.000000000000000000e+00,1.000000000000000000e+00,-1.000000000000000000e+00,0.000000000000000000e+00
1.570000000000000000e+03,1.037009431278341651e+02,3.316005196192782023e+01,-8.182072636709421601e-03,2.469394271205773919e+02,2.111314034074640578e-02,nan,1.404925705667998404e-05,9.585646705669759626e+00,1.000000000000000000e+00,1.000000000000000000e+00,-1.000000000000000000e+00,0.000000000000000000e+00
1.572000000000000000e+03,5.586307845747717948e+01,1.324961333313879663e+01,-7.080344419137458815e-03,2.137399276169490179e+02,2.697420945571049611e-02,nan,1.345408299327118787e-05,1.202529486910487400e+01,1.000000000000000000e+00,1.000000000000000000e+00,-1.000000000000000000e+00,0.000000000000000000e+00
1.573000000000000000e+03,9.576131907406946198e+01,4.705829530543060457e+01,-8.132197194665766876e-03,2.454364795814639990e+02,1.718118225469045246e-02,nan,1.185114267961572545e-05,1.600621123658995515e+01,1.000000000000000000e+00,1.000000000000000000e+00,-1.000000000000000000e+00,0.000000000000000000e+00
1.574000000000000000e+03,1.130639345916817575e+02,3.521407572367807148e+01,-7.853668947186939406e-03,2.370433039629809286e+02,2.670000293199847885e-02,nan,1.633854408164402505e-05,9.585646705669759626e+00,1.000000000000000000e+00,1.000000000000000000e+00,-1.000000000000000000e+00,0.000000000000000000e+00
1.576000000000000000e+03,8.790929999473497958e+01,2.600571604319926422e+01,-1.083256088553874973e-02,3.268092914826876267e+02,4.755643868471093327e-02,nan,6.005387949594441813e-05,1.157818934604774519e+01,1.000000000000000000e+00,1.000000000000000000e+00,-1.000000000000000000e+00,0.000000000000000000e+00
1.576000000000000000e+03,8.513670642761492502e+01,4.778284295281896910e+00,-7.255192413893479103e-03,2.190088004864357742e+02,2.213646025110360682e-02,nan,1.206802160452687686e-05,2.140773537067678234e+01,1.000000000000000000e+00,1.000000000000000000e+00,-1.000000000000000000e+00,0.000000000000000000e+00
1.578000000000000000e+03,1.386966821733125528e+02,1.180033584251662404e+01,-9.047225781893868113e-03,2.730099687986455024e+02,3.874167977076425906e-02,nan,3.314877934097030013e-05,2.951842064538394084e+01,1.000000000000000000e+00,1.000000000000000000e+00,-1.000000000000000000e+00,0.000000000000000000e+00
1.578000000000000000e+03,7.961443057500687814e+01,3.408343910372771290e+01,-2.264305754992504589e-03,6.861332498521440471e+01,1.849381668945107027e-01,nan,1.198109641428249169e-05,1.157818934604774519e+01,1.000000000000000000e+00,1.000000000000000000e+00,-1.000000000000000000e+00,0.000000000000000000e+00
1.579000000000000000e+03,6.210250855779062817e+01,3.571117782974799582e+01,-7.904560079210349796e-03,2.385768583236687448e+02,2.136565694813330474e-02,nan,1.303650899222004226e-05,5.265023745146684142e+00,1.000000000000000000e+00,1.000000000000000000e+00,-1.000000000000000000e+00,0.000000000000000000e+00
1.581000000000000000e+03,1.425084150096881501e+02,4.107161613877160278e+01,-7.874171134265736671e-03,2.376611172665612912e+02,2.509779207621765096e-02,nan,1.862492319752426633e-05,2.951842064538394084e+01,1.000000000000000000e+00,1.000000000000000000e+00,-1.000000000000000000e+00,0.000000000000000000e+00
1.582000000000000000e+03,2.137210522840970839e+01,4.314193372088642064e+01,-6.916143685711608619e-03,2.087918995271530491e+02,3.636755333261665335e-02,nan,1.709697517923813550e-05,1.150338829611043145e+01,1.000000000000000000e+00,1.000000000000000000e+00,-1.000000000000000000e+00,0.000000000000000000e+00
1.582000000000000000e+03,6.286525949491415588e+01,1.276565424439115226e+01,-1.098776362153940176e-03,3.349123962709774105e+01,3.622619316513554510e-01,nan,8.398693918393517014e-06,1.953641222196118932e+01,1.000000000000000000e+00,1.000000000000000000e+00,-1.000000000000000000e+00,0.000000000000000000e+00
1.583000000000000000e+03,5.473426857929909772e+01,3.178836898254083820e+01,-2.049325547952575953e-03,6.213510725140579893e+01,3.268150118797820136e-01,nan,2.426192760801938853e-05,3.820925242371610686e+00,1.000000000000000000e+00,1.000000000000000000e+00,-1.000000000000000000e+00,0.000000000000000000e+00
1.584000000000000000e+03,5.855505730202939674e+01,3.182066827122529773e+01,2.021487259475956977e-03,-6.129622772583804391e+01,3.144992818492424735e-01,nan,2.151576236247351720e-05,3.820925242371610686e+00,1.000000000000000000e+00,1.000000000000000000e+00,-1.000000000000000000e+00,0.000000000000000000e+00
1.584000000000000000e+03,1.106179983217316050e+02,3.768866316831891794e+01,-1.197056423486666252e-03,3.645281290387485029e+01,3.657433777696343924e-01,nan,1.029026090756197347e-05,1.088800634634112541e+01,1.000000000000000000e+00,1.000000000000000000e+00,-1.000000000000000000e+00,0.000000000000000000e+00
1.585000000000000000e+03,1.136008276735775411e+02,4.816012014696954679e+01,-1.443177402043650673e-03,4.386942725132521304e+01,3.597405041627097511e-01,nan,1.435379068999594823e-05,8.689705028727425784e+00,1.000000000000000000e+00,1.000000000000000000e+00,-1.000000000000000000e+00,0.000000000000000000e+00
1.586000000000000000e+03,2.677475571546914779e+01,3.298618116355385865e+01,-8.289410656955275430e-03,2.501739531071462466e+02,2.048152338340059053e-02,nan,1.358722097378119293e-05,1.150338829611043145e+01,1.000000000000000000e+00,1.000000000000000000e+00,-1.000000000000000000e+00,0.000000000000000000e+00
1.587000000000000000e+03,8.416832179624515220e+01,1.282300476425641023e+01,-1.119291620563062431e-03,3.410944682239994563e+01,3.632059925809092427e-01,nan,8.515842865580136906e-06,1.667914914597409037e+01,1.000000000000000000e+00,1.000000000000000000e+00,-1.000000000000000000e+00,0.000000000000000000e+00
1.589000000000000000e+03,6.766534780971322505e+01,1.040518222455281538e+01,-7.938767127481309582e-03,2.396076541805590523e+02,1.822829215550958448e-02,nan,1.233734294707762089e-05,1.667914914597409037e+01,1.000000000000000000e+00,1.000000000000000000e+00,-1.000000000000000000e+00,0.000000000000000000e+00
1.589000000000000000e+03,5.674007241158600223e+00,5.278121317523484635e+01,-7.593836270038385391e-03,2.292135010238941106e+02,4.272655811995351716e-02,nan,2.460129502930885861e-05,2.893241916120382129e+01,1.000000000000000000e+00,1.000000000000000000e+00,-1.000000000000000000e+00,0.000000000000000000e+00
1.590000000000000000e+03,1.294592441439350523e+02,2.424928546958737741e+01,-2.130363099069859656e-03,6.457709439050509559e+01,2.785147616540247784e-01,nan,2.018221809456880662e-05,1.990084184200015116e+01,1.000000000000000000e+00,1.000000000000000000e+00,-1.000000000000000000e+00,0.000000000000000000e+00
1.590000000000000000e+03,1.049590130065021611e+02,4.724906979368957138e+01,-1.468565735803129815e-03,4.463447979386910447e+01,3.706604634713530633e-01,nan,1.519699968303392214e-05,3.464221141910913460e+00,1.000000000000000000e+00,1.000000000000000000e+00,-1.000000000000000000e+00,0.000000000000000000e+00
1.592000000000000000e+03,1.081565945765331094e+02,4.591629065855090630e+01,1.463030690831221801e-03,-4.446768664119630188e+01,3.629661946262564554e-01,nan,1.554580360524148119e-05,3.464221141910913460e+00,1.000000000000000000e+00,1.000000000000000000e+00,-1.000000000000000000e+00,0.000000000000000000e+00
1.595000000000000000e+03,1.070073388254298976e+02,5.028619598687186709e+01,-2.142136809233168536e-03,6.493188360120905145e+01,2.609470890534633103e-01,nan,1.748686165873210906e-05,3.663300994158132706e+00,1.000000000000000000e+00,1.000000000000000000e+00,-1.000000000000000000e+00,0.000000000000000000e+00
1.597000000000000000e+03,1.035540327619284824e+02,4.430529353030378559e+01,-1.660954852996446773e-03,5.043193718752601740e+01,3.101637497084214212e-01,nan,1.464789986725974649e-05,4.876360015880401910e+00,1.000000000000000000e+00,1.000000000000000000e+00,-1.000000000000000000e+00,0.000000000000000000e+00
1.598000000000000000e+03,8.387438506060925647e+01,2.482100962625461804e+01,-6.593989644289864269e-03,1.990841033867909857e+02,2.684408867878751437e-02,nan,1.191536360319328496e-05,9.472033185346257156e+00,1.000000000000000000e+00,1.000000000000000000e+00,-1.000000000000000000e+00,0.000000000000000000e+00
1.598000000000000000e+03,2.614331374437695388e+01,1.411574773622942125e+01,-7.304740291248960384e-03,2.205018771848745018e+02,3.248801090005781766e-02,nan,1.691277425973979772e-05,1.234553076185227560e+01,1.000000000000000000e+00,1.000000000000000000e+00,-1.000000000000000000e+00,0.000000000000000000e+00
1.599000000000000000e+03,1.214763066449743292e+02,4.095137955256716111e+01,-8.373828382210367349e-03,2.527177984793564747e+02,2.747531364148025901e-02,nan,2.008911721441214383e-05,1.721887997592112640e+01,1.000000000000000000e+00,1.000000000000000000e+00,-1.000000000000000000e+00,0.000000000000000000e+00
1.599000000000000000e+03,9.752543072330551865e+01,1.342006428486328673e+01,-7.475416868125916124e-03,2.256450484669855427e+02,2.386151080088816379e-02,nan,1.333567999307592276e-05,1.778574154659881401e+01,1.000000000000000000e+00,1.000000000000000000e+00,-1.000000000000000000e+00,0.000000000000000000e+00
1.605000000000000000e+03,1.894151378848748379e+01,4.291921277448563643e+01,1.875033800547936660e-03,-5.688299635040775826e+01,3.090487840412712295e-01,nan,1.811664677343307657e-05,3.032918715367100404e+01,1.000000000000000000e+00,1.000000000000000000e+00,-1.000000000000000000e+00,0.000000000000000000e+00
1.609000000000000000e+03,1.816724244155264145e+01,1.259991038667140195e+01,-7.681311783409029183e-03,2.318494898425599331e+02,1.952942075563901536e-02,nan,1.200641612952106619e-05,9.068760811494234630e+00,1.000000000000000000e+00,1.000000000000000000e+00,-1.000000000000000000e+00,0.000000000000000000e+00
1.609000000000000000e+03,5.513142697131713987e+01,1.989589755000579174e+01,-6.637014896128066825e-03,2.003806271612241119e+02,2.322816883624747586e-01,nan,1.426207139753066515e-04,5.673693013122412587e+00,1.000000000000000000e+00,1.000000000000000000e+00,-1.000000000000000000e+00,0.000000000000000000e+00
1.611000000000000000e+03,5.882247693953001999e+01,1.558696003139290553e+01,-7.747063631213129721e-03,2.338308573011748308e+02,1.067128451859574723e-01,nan,7.093001446974444039e-05,5.673693013122412587e+00,1.000000000000000000e+00,1.000000000000000000e+00,-1.000000000000000000e+00,0.000000000000000000e+00
1.612000000000000000e+03,1.379949843821545130e+01,2.241050831665269172e+01,-1.351325523985445753e-03,4.110156097417640098e+01,3.705118075532132238e-01,nan,1.340868897783488160e-05,1.073894871123058969e+01,1.000000000000000000e+00,1.000000000000000000e+00,-1.000000000000000000e+00,0.000000000000000000e+00
1.613000000000000000e+03,1.297975525761591200e+02,3.138460081095860232e+01,-7.650701671191872250e-03,2.309270841265665979e+02,4.259363323363374310e-02,nan,2.567639054904704744e-05,8.713786492474921985e+00,1.000000000000000000e+00,1.000000000000000000e+00,-1.000000000000000000e+00,0.000000000000000000e+00
1.614000000000000000e+03,2.377995589894300110e+01,5.476717963233529218e+00,-7.239362813609730857e-03,2.185317910040780021e+02,2.425753213700942990e-02,nan,1.235427486509709053e-05,9.068760811494234630e+00,1.000000000000000000e+00,1.000000000000000000e+00,-1.000000000000000000e+00,0.000000000000000000e+00
1.614000000000000000e+03,3.833586728572204549e+01,9.198625545629077749e+00,-6.606899586364114660e-03,1.994731318319646221e+02,2.600717670756302891e-02,nan,1.112697902560749116e-05,1.502421885994933604e+01,1.000000000000000000e+00,1.000000000000000000e+00,-1.000000000000000000e+00,0.000000000000000000e+00
1.614000000000000000e+03,1.335720802295712701e+02,1.391154560256558170e+01,-7.023288597140298940e-03,2.120206063688753488e+02,3.760072915638601465e-02,nan,1.980108619879935531e-05,1.496673112999435062e+01,1.000000000000000000e+00,1.000000000000000000e+00,-1.000000000000000000e+00,0.000000000000000000e+00
1.614000000000000000e+03,6.397110980113465928e+01,4.916721653361056354e+01,-7.532632023659720059e-03,2.273691710749466779e+02,2.303671553164798880e-02,nan,1.259168855438449267e-05,1.618404935848883142e+01,1.000000000000000000e+00,1.000000000000000000e+00,-1.000000000000000000e+00,0.000000000000000000e+00
1.615000000000000000e+03,4.157020131347712777e+01,3.429486402458947225e+01,-8.988651606467763441e-03,2.712448934588579164e+02,1.712218973733226068e-02,nan,1.472034087897712595e-05,1.469067530976563241e+01,1.000000000000000000e+00,1.000000000000000000e+00,-1.000000000000000000e+00,0.000000000000000000e+00
1.615000000000000000e+03,1.379212192580663725e+02,2.823244049179518811e+01,-8.455962304860106804e-03,2.551928236995060786e+02,3.422997582960263241e-02,nan,2.613007923647554418e-05,8.713786492474921985e+00,1.000000000000000000e+00,1.000000000000000000e+00,-1.000000000000000000e+00,0.000000000000000000e+00
1.617000000000000000e+03,5.624645520527452902e+01,3.494564260479875628e+01,-8.506036694759433817e-03,2.567017663371657932e+02,1.860800950270014020e-02,nan,1.326437468939552837e-05,1.469067530976563241e+01,1.000000000000000000e+00,1.000000000000000000e+00,-1.000000000000000000e+00,0.000000000000000000e+00
1.617000000000000000e+03,2.593443445912149059e+01,4.243526312506489973e+01,-6.946686004288352319e-03,2.097122623482696042e+02,2.367706268573543937e-02,nan,1.169150174161681285e-05,1.762791260015738359e+01,1.000000000000000000e+00,1.000000000000000000e+00,-1.000000000000000000e+00,0.000000000000000000e+00
1.619000000000000000e+03,1.276931993259443132e+01,2.930014690936477706e+01,-7.319353950385422934e-03,2.209422454730866434e+02,2.348550874711974323e-02,nan,1.251036382472797798e-05,1.859708360191248033e+01,1.000000000000000000e+00,1.000000000000000000e+00,-1.000000000000000000e+00,0.000000000000000000e+00
1.619000000000000000e+03,8.826136571386001606e+01,3.678394896772402944e+01,-7.387520608598124004e-03,2.229963808754494039e+02,3.300138511583960987e-02,nan,1.756419135531142817e-05,2.468361069119432116e+01,1.000000000000000000e+00,1.000000000000000000e+00,-1.000000000000000000e+00,0.000000000000000000e+00
1.619000000000000000e+03,7.978804523779940894e+01,1.360025907882984164e+01,-1.569314429677492410e-03,4.767044289159618842e+01,2.965690422043207874e-01,nan,1.181882452955539163e-05,1.670796639645369197e+01,1.000000000000000000e+00,1.000000000000000000e+00,-1.000000000000000000e+00,0.000000000000000000e+00
1.623000000000000000e+03,3.204186483544827979e+01,8.269854097090416190e+00,-8.686403456078049118e-03,2.621369418254229799e+02,2.106254557603925992e-02,nan,1.611642152549882831e-05,2.852550092114977431e+01,1.000000000000000000e+00,1.000000000000000000e+00,-1.000000000000000000e+00,0.000000000000000000e+00
1.623000000000000000e+03,1.300605894211788893e+02,7.018151116466973427e+00,-4.479700977293409915e-03,1.353720876365081551e+02,9.002396244838206663e-02,nan,1.937473494358736694e-05,1.760029094406484873e+01,1.000000000000000000e+00,1.000000000000000000e+00,-1.000000000000000000e+00,0.000000000000000000e+00
1.626000000000000000e+03,1.164985719937142790e+02,1.823607982959745399e+01,-7.472800109919660108e-03,2.255661950243813578e+02,2.828653970135774909e-02,nan,1.721266602756851250e-05,1.760029094406484873e+01,1.000000000000000000e+00,1.000000000000000000e+00,-1.000000000000000000e+00,0.000000000000000000e+00
1.629000000000000000e+03,7.229665809116245612e+01,8.241350607261654915e+00,-8.650560243308671668e-03,2.610568417557634575e+02,1.630833799106912174e-02,nan,1.275907343815488246e-05,8.972373007809791190e+00,1.000000000000000000e+00,1.000000000000000000e+00,-1.000000000000000000e+00,0.000000000000000000e+00
1.629000000000000000e+03,9.621248785165488471e+01,4.650141884786419766e+00,-1.609937536809699860e-03,4.889458039080975027e+01,2.800649654608227124e-01,nan,1.133757057092801041e-05,1.843677788490530745e+01,1.000000000000000000e+00,1.000000000000000000e+00,-1.000000000000000000e+00,0.000000000000000000e+00
1.630000000000000000e+03,5.378039157910239254e+01,3.677577926101939454e+01,-1.039419331596411330e-03,3.170257371557694626e+01,3.699876528353167604e-01,nan,7.516959876512768249e-06,1.518090903071785469e+01,1.000000000000000000e+00,1.000000000000000000e+00,-1.000000000000000000e+00,0.000000000000000000e+00
1.630000000000000000e+03,7.396040469716365351e+01,5.200181213531426039e+01,2.068710666524010977e-03,-6.271925879089207712e+01,3.729244805849590838e-01,nan,3.074327367020127414e-05,7.063599994318604303e+00,1.000000000000000000e+00,1.000000000000000000e+00,-1.000000000000000000e+00,0.000000000000000000e+00
1.630000000000000000e+03,4.657460054374850955e+01,5.013753717507189123e+01,-1.257703665623206499e-03,3.828035807617319364e+01,2.981295937683842157e-01,nan,7.685645464030355450e-06,1.518090903071785469e+01,1.000000000000000000e+00,1.000000000000000000e+00,-1.000000000000000000e+00,0.000000000000000000e+00
1.631000000000000000e+03,3.140973517249456037e+01,1.889478640718431635e+01,-1.579842689290989616e-02,4.764507941848136738e+02,5.182418986155790108e-03,nan,1.545994094642759163e-05,1.401519359233408757e+01,1.000000000000000000e+00,1.000000000000000000e+00,-1.000000000000000000e+00,0.000000000000000000e+00
1.631000000000000000e+03,6.574017185824092735e+01,2.140479808732398226e+01,-8.117001783207818469e-03,2.449785807574987189e+02,2.728788938520021468e-02,nan,1.842116570018558281e-05,1.470591246005662711e+01,1.000000000000000000e+00,1.000000000000000000e+00,-1.000000000000000000e+00,0.000000000000000000e+00
1.632000000000000000e+03,1.433971013671754520e+02,4.449735736969159916e+01,-5.951547049238399556e-03,1.797247257514190437e+02,3.113987677816191235e-01,nan,1.584146710570080350e-04,3.158916964520164239e+00,1.000000000000000000e+00,1.000000000000000000e+00,-1.000000000000000000e+00,0.000000000000000000e+00
1.633000000000000000e+03,7.184107045176259021e+01,4.526364715989193854e+01,-7.445375257109046463e-03,2.247397739772018213e+02,2.480002801351521846e-02,nan,1.352430082423559954e-05,5.602066627189334014e+00,1.000000000000000000e+00,1.000000000000000000e+00,-1.000000000000000000e+00,0.000000000000000000e+00
1.634000000000000000e+03,2.708302069827587744e+01,5.564175270061269885e+00,-8.028511052946989135e-03,2.423119993733487547e+02,2.808614707120082876e-02,nan,1.997703030516284086e-05,1.401519359233408757e+01,1.000000000000000000e+00,1.000000000000000000e+00,-1.000000000000000000e+00,0.000000000000000000e+00
1.634000000000000000e+03,7.983211350361349901e+01,1.311170881977908920e+01,-8.313625168905143178e-03,2.509036336804839493e+02,1.963978016801837256e-02,nan,1.411071573625303476e-05,8.972373007809791190e+00,1.000000000000000000e+00,1.000000000000000000e+00,-1.000000000000000000e+00,0.000000000000000000e+00
1.634000000000000000e+03,1.373883202296240142e+02,2.569120350993076229e+01,-3.872035899368216853e-03,1.170606963775908866e+02,1.303783119855798089e-01,nan,2.377183085126999957e-05,1.580327214830662896e+01,1.000000000000000000e+00,1.000000000000000000e+00,-1.000000000000000000e+00,0.000000000000000000e+00
1.635000000000000000e+03,1.089437425227754375e+02,2.558407553731308681e+01,-6.711498333326398370e-03,2.026251125042102785e+02,3.289221439162937077e-02,nan,1.545674992929081513e-05,1.936054067475870255e+01,1.000000000000000000e+00,1.000000000000000000e+00,-1.000000000000000000e+00,0.000000000000000000e+00
1.635000000000000000e+03,8.162578128839564329e+01,3.325754531194429120e+01,-1.214133987677501036e-03,3.696742855484393431e+01,3.570119531766391408e-01,nan,1.006601132815449909e-05,1.439114228726629818e+01,1.000000000000000000e+00,1.000000000000000000e+00,-1.000000000000000000e+00,0.000000000000000000e+00
1.637000000000000000e+03,1.397686949999820172e+01,3.199130999145305054e+01,-7.971652136024630006e-03,2.405986116666229577e+02,1.916315407000346305e-02,nan,1.201565198662372807e-05,9.499615206829167491e+00,1.000000000000000000e+00,1.000000000000000000e+00,-1.000000000000000000e+00,0.000000000000000000e+00
1.637000000000000000e+03,9.626341206266519634e+01,4.215841128214124467e+01,-7.741584590396702152e-03,2.336657517788108578e+02,3.017898987306011360e-02,nan,1.749303460839369268e-05,1.328401604242696621e+01,1.000000000000000000e+00,1.000000000000000000e+00,-1.000000000000000000e+00,0.000000000000000000e+00
1.638000000000000000e+03,1.197888501454358767e+01,4.127843802296541043e+01,-1.296277329716076466e-03,3.944273761903964015e+01,3.596398037978426609e-01,nan,1.133464503070790519e-05,9.499615206829167491e+00,1.000000000000000000e+00,1.000000000000000000e+00,-1.000000000000000000e+00,0.000000000000000000e+00
1.640000000000000000e+03,1.288351442781363119e+02,4.709379586211618829e+01,-8.437845506335774765e-03,2.546468917409496839e+02,3.406811070464310642e-02,nan,2.511845886653963009e-05,2.929737073944385983e+01,1.000000000000000000e+00,1.000000000000000000e+00,-1.000000000000000000e+00,0.000000000000000000e+00
1.641000000000000000e+03,7.963559063718631137e+01,1.600491026610272627e+01,-1.466267617410077105e-03,4.456522824958391027e+01,3.701448671284015557e-01,nan,1.532604252046290813e-05,6.407190144156701628e+00,1.000000000000000000e+00,1.000000000000000000e+00,-1.000000000000000000e+00,0.000000000000000000e+00
1.641000000000000000e+03,2.402412227360656516e+01,4.531510871693322429e+01,-1.318650513082105869e-03,4.011693156107377689e+01,3.037141613808096441e-01,nan,8.564668637694355233e-06,1.270363927851612118e+01,1.000000000000000000e+00,1.000000000000000000e+00,-1.000000000000000000e+00,0.000000000000000000e+00
1.644000000000000000e+03,1.406142669699673036e+02,1.796263110534872354e+01,-6.075983780564348478e-03,1.834745046297286137e+02,4.261909575443978415e-02,nan,1.708364656511429994e-05,9.225458627588078997e+00,1.000000000000000000e+00,1.000000000000000000e+00,-1.000000000000000000e+00,0.000000000000000000e+00
1.644000000000000000e+03,2.783628481364148755e+01,1.699627563865009350e+01,-1.786800644651595407e-03,5.422417671715931675e+01,2.987383609190150668e-01,nan,1.542328861057291124e-05,9.244033901604005621e+00,1.000000000000000000e+00,1.000000000000000000e+00,-1.000000000000000000e+00,0.000000000000000000e+00
1.645000000000000000e+03,6.065048615151782485e+01,5.108015998024704629e+01,-8.384506417685207505e-03,2.530395706077203499e+02,7.402776649249609431e-02,nan,5.650076096193790316e-05,5.617756797833293625e+00,1.000000000000000000e+00,1.000000000000000000e+00,-1.000000000000000000e+00,0.000000000000000000e+00
1.646000000000000000e+03,9.014730175104863008e+01,4.821220055790757897e+01,-6.549739514448337831e-03,1.977506691148188054e+02,3.404724694925564954e-02,nan,1.425091739860312813e-05,7.878473704792549270e+00,1.000000000000000000e+00,1.000000000000000000e+00,-1.000000000000000000e+00,0.000000000000000000e+00
1.646000000000000000e+03,3.690716924826737255e+01,1.521548414393040005e+01,-6.708679557381193662e-03,2.025401714551374823e+02,3.552786399718954602e-02,nan,1.589196115110907482e-05,9.244033901604005621e+00,1.000000000000000000e+00,1.000000000000000000e+00,-1.000000000000000000e+00,0.000000000000000000e+00
1.647000000000000000e+03,9.981235677792817285e+01,1.934496264211223959e+01,-1.957951919487875038e-03,5.938165255679513166e+01,2.997850512610684692e-01,nan,1.942550733243491383e-05,1.276739754794633619e+01,1.000000000000000000e+00,1.000000000000000000e+00,-1.000000000000000000e+00,0.000000000000000000e+00
1.648000000000000000e+03,5.511577398178354059e+01,5.011779173586374725e+01,-8.036163044130233135e-03,2.425425846242645775e+02,7.310410033257075391e-02,nan,4.989114570332845166e-05,5.617756797833293625e+00,1.000000000000000000e+00,1.000000000000000000e+00,-1.000000000000000000e+00,0.000000000000000000e+00
1.648000000000000000e+03,1.318911819406187647e+02,1.495982001237355163e+01,-2.769455899314347911e-03,8.383552924411132778e+01,1.756355344127698004e-01,nan,1.746852392827475726e-05,9.225458627588078997e+00,1.000000000000000000e+00,1.000000000000000000e+00,-1.000000000000000000e+00,0.000000000000000000e+00
1.649000000000000000e+03,4.886089596533932422e+01,3.809120978537283264e+01,-7.552743867357328104e-03,2.279752217634978706e+02,1.758831728924825644e-02,nan,9.577576386554172255e-06,1.355589069048843420e+01,1.000000000000000000e+00,1.000000000000000000e+00,-1.000000000000000000e+00,0.000000000000000000e+00
1.652000000000000000e+03,9.508392587224756198e+01,7.485435614548681116e+00,-6.944231858682922871e-03,2.096383090769366504e+02,6.153758085716165560e-02,nan,3.071723333852011383e-05,1.276739754794633619e+01,1.000000000000000000e+00,1.000000000000000000e+00,-1.000000000000000000e+00,0.000000000000000000e+00
1.652000000000000000e+03,1.080601762770208722e+02,3.891789034717989182e+01,-1.571098622396473882e-02,4.738158553687421204e+02,7.317701233122364535e-03,nan,1.843128351271402796e-05,1.322091419930603706e+01,1.000000000000000000e+00,1.000000000000000000e+00,-1.000000000000000000e+00,0.000000000000000000e+00
1.656000000000000000e+03,6.736227557761834817e+01,2.403586348398970429e+01,1.504308044532044059e-03,-4.571153921921382590e+01,3.272445724430931291e-01,nan,1.321106412028691451e-05,1.598741134381623219e+01,1.000000000000000000e+00,1.000000000000000000e+00,-1.000000000000000000e+00,0.000000000000000000e+00
1.656000000000000000e+03,7.852325890414954657e+00,4.801882571806405764e+01,-1.656186330147847458e-03,5.028824242740268602e+01,2.691111242595617403e-01,nan,1.118229794954785555e-05,1.763079896632030952e+01,1.000000000000000000e+00,1.000000000000000000e+00,-1.000000000000000000e+00,0.000000000000000000e+00
1.657000000000000000e+03,1.172663049009261158e+02,4.840681905518083994e+01,1.663480159313966483e-03,-5.050803481713904119e+01,3.550543606552217790e-01,nan,1.919685166477560939e-05,1.180635638465115100e+01,1.000000000000000000e+00,1.000000000000000000e+00,-1.000000000000000000e+00,0.000000000000000000e+00
1.657000000000000000e+03,9.878659036130764903e+00,3.050485854402337083e+01,-1.407128220869986257e-03,4.278312052577099678e+01,3.493342159632560895e-01,nan,1.432621711182116464e-05,1.763079896632030952e+01,1.000000000000000000e+00,1.000000000000000000e+00,-1.000000000000000000e+00,0.000000000000000000e+00
1.659000000000000000e+03,1.107825312841685701e+02,8.658082978933562046e+00,-6.904556225677243447e-03,2.084427227814516073e+02,3.360902112317265544e-02,nan,1.557862758205311713e-05,1.676598327897783491e+01,1.000000000000000000e+00,1.000000000000000000e+00,-1.000000000000000000e+00,0.000000000000000000e+00
1.659000000000000000e+03,4.939494480294524692e+01,3.727923605135715235e+01,-5.708048609436279508e-03,1.723871390377368868e+02,6.631352591149508591e-02,nan,2.598647568696960309e-05,7.623457903616224662e+00,1.000000000000000000e+00,1.000000000000000000e+00,-1.000000000000000000e+00,0.000000000000000000e+00
1.660000000000000000e+03,6.982437893713029098e+01,3.983255201429452796e+01,-7.411075494337668497e-03,2.237061842597554175e+02,2.355364869902831781e-02,nan,1.347212350334361031e-05,1.598741134381623219e+01,1.000000000000000000e+00,1.000000000000000000e+00,-1.000000000000000000e+00,0.000000000000000000e+00
1.662000000000000000e+03,4.236273252084686902e+01,3.433558171911747792e+01,-8.591613520403785717e-03,2.592805400630154509e+02,1.851023491284198297e-02,nan,1.475402792369932255e-05,7.623457903616224662e+00,1.000000000000000000e+00,1.000000000000000000e+00,-1.000000000000000000e+00,0.000000000000000000e+00
1.662000000000000000e+03,1.168111476186771682e+02,3.660923951826697476e+01,-7.967427105361288286e-03,2.404712945105646895e+02,2.858256547899395983e-02,nan,1.940720553011158540e-05,1.180635638465115100e+01,1.000000000000000000e+00,1.000000000000000000e+00,-1.000000000000000000e+00,0.000000000000000000e+00
1.663000000000000000e+03,6.155712443445282567e+00,1.635856284363564228e+01,-6.091735196180731414e-03,1.839491580938016568e+02,2.783776912686541927e-02,nan,1.052206086875137958e-05,2.101629505716638846e+01,1.000000000000000000e+00,1.000000000000000000e+00,-1.000000000000000000e+00,0.000000000000000000e+00
1.664000000000000000e+03,5.542629576505601818e+01,1.813987066399149839e+01,-8.593034724243135344e-03,2.593233666471098786e+02,1.336911217244973749e-02,nan,9.799672865972712830e-06,2.006719965165157404e+01,1.000000000000000000e+00,1.000000000000000000e+00,-1.000000000000000000e+00,0.000000000000000000e+00
1.665000000000000000e+03,1.102890727767732386e+02,4.831443211160208762e+01,-2.257721858511071988e-03,6.841492572078512069e+01,2.118639149291972057e-01,nan,1.440057620568941515e-05,3.258754723985655133e+00,1.000000000000000000e+00,1.000000000000000000e+00,-1.000000000000000000e+00,0.000000000000000000e+00
1.666000000000000000e+03,1.224842134268785117e+02,5.198747765806546539e+01,-7.987542864138117218e-03,2.410774631761891555e+02,2.646071123699134109e-02,nan,1.640254151647802761e-05,1.273627571396931124e+01,1.000000000000000000e+00,1.000000000000000000e+00,-1.000000000000000000e+00,0.000000000000000000e+00
1.667000000000000000e+03,9.906351806738175014e+01,3.568756762744739319e+01,-7.761588921563769561e-03,2.342685626826788905e+02,2.979786520273108863e-02,nan,1.826817371634726128e-05,1.493824356432724265e+01,1.000000000000000000e+00,1.000000000000000000e+00,-1.000000000000000000e+00,0.000000000000000000e+00
1.668000000000000000e+03,1.380616208353885952e+02,2.603136981661825189e+01,-8.286727788018500088e-03,2.500931074825047347e+02,2.364283294608438002e-02,nan,1.582737686558530793e-05,3.027168901544052204e+01,1.000000000000000000e+00,1.000000000000000000e+00,-1.000000000000000000e+00,0.000000000000000000e+00
1.668000000000000000e+03,6.556228159943128730e+01,5.236197110770242347e+01,-7.094917693274561087e-03,2.141790789428061714e+02,3.392113338116904409e-01,nan,3.195499687444802229e-04,4.590892589612078467e+00,1.000000000000000000e+00,1.000000000000000000e+00,-1.000000000000000000e+00,0.000000000000000000e+00
1.669000000000000000e+03,1.106802160744774994e+02,4.507923671228540030e+01,-2.299556813025184412e-03,6.967558105253881706e+01,2.398900744762780812e-01,nan,1.789750711169634941e-05,3.258754723985655133e+00,1.000000000000000000e+00,1.000000000000000000e+00,-1.000000000000000000e+00,0.000000000000000000e+00
1.671000000000000000e+03,4.955648707633559980e+01,3.690590437858466544e+01,-7.658241768117798193e-03,2.311542975537594486e+02,1.686868383116391090e-02,nan,1.024836744199046014e-05,1.088209838377779093e+01,1.000000000000000000e+00,1.000000000000000000e+00,-1.000000000000000000e+00,0.000000000000000000e+00
1.675000000000000000e+03,4.619258512700380237e+01,2.655678707760189283e+01,-7.467347588292028854e-03,2.254018886317675765e+02,2.383110197138982311e-02,nan,1.302045061179024763e-05,1.088209838377779093e+01,1.000000000000000000e+00,1.000000000000000000e+00,-1.000000000000000000e+00,0.000000000000000000e+00
1.675000000000000000e+03,1.020459468732424284e+02,4.438334050128115393e+01,-1.777862813251873024e-03,5.395484393218939800e+01,3.134375366508432847e-01,nan,1.626994221071235416e-05,7.517527379883468974e+00,1.000000000000000000e+00,1.000000000000000000e+00,-1.000000000000000000e+00,0.000000000000000000e+00
1.677000000000000000e+03,2.574859698807211927e+01,3.803744127967890876e+01,-7.593665483133237720e-03,2.292083545279777468e+02,1.402793195858587083e-02,nan,8.016809218355766789e-06,2.344700560695219949e+01,1.000000000000000000e+00,1.000000000000000000e+00,-1.000000000000000000e+00,0.000000000000000000e+00
1.678000000000000000e+03,7.703658049496468152e+01,4.448938522693966746e+01,-7.884204375259025802e-03,2.379634591454963584e+02,2.744896909739802382e-02,nan,1.763216781108115905e-05,1.356606558786476846e+01,1.000000000000000000e+00,1.000000000000000000e+00,-1.000000000000000000e+00,0.000000000000000000e+00
1.678000000000000000e+03,9.050724016270637051e+00,1.756674685614656184e+01,-1.864173460130320132e-03,5.655573064135792549e+01,2.635787726948655152e-01,nan,1.346038798471520195e-05,2.641719689830956952e+01,1.000000000000000000e+00,1.000000000000000000e+00,-1.000000000000000000e+00,0.000000000000000000e+00
1.682000000000000000e+03,1.168204873574804168e+02,8.179613982215386159e+00,-8.696309271274783176e-03,2.624354438529301206e+02,2.118437346063439808e-02,nan,1.787048536669899775e-05,1.537559146434786328e+01,1.000000000000000000e+00,1.000000000000000000e+00,-1.000000000000000000e+00,0.000000000000000000e+00
1.686000000000000000e+03,1.045740382033019102e+02,4.896070444986638392e+01,-8.999907369225377402e-03,2.715840748323802814e+02,1.767613112148469501e-02,nan,1.522903802195459085e-05,2.312685048212683725e+01,1.000000000000000000e+00,1.000000000000000000e+00,-1.000000000000000000e+00,0.000000000000000000e+00
1.688000000000000000e+03,1.401561494164940598e+02,5.047316349509074485e+00,-7.437750706721914414e-03,2.245100156277689507e+02,3.154089040567065183e-02,nan,1.790941706979886386e-05,2.952241937611328026e+01,1.000000000000000000e+00,1.000000000000000000e+00,-1.000000000000000000e+00,0.000000000000000000e+00
1.688000000000000000e+03,8.402730116544908867e+01,3.834548846902184494e+01,-1.535999147763293269e-03,4.666651953941840958e+01,3.238064129374840228e-01,nan,1.305119436727645554e-05,2.251074143376542125e+01,1.000000000000000000e+00,1.000000000000000000e+00,-1.000000000000000000e+00,0.000000000000000000e+00
1.689000000000000000e+03,1.251386772408265671e+02,3.046480590438371649e+01,-1.784409354691043935e-03,5.415211753904974046e+01,3.741503611082946934e-01,nan,2.316646792850063602e-05,2.765868112814620261e+01,1.000000000000000000e+00,1.000000000000000000e+00,-1.000000000000000000e+00,0.000000000000000000e+00
1.692000000000000000e+03,1.804653166940389042e+01,7.958483472555162308e+00,-7.481874532178313907e-03,2.258396438409468772e+02,1.990388134887799421e-02,nan,1.165758223151721739e-05,1.744800603981150999e+01,1.000000000000000000e+00,1.000000000000000000e+00,-1.000000000000000000e+00,0.000000000000000000e+00
1.692000000000000000e+03,1.136714659642005465e+01,3.669122683273099739e+01,-1.564273648721561201e-03,4.751854390037932063e+01,2.707049379957692237e-01,nan,9.993320742667760712e-06,2.643301804523375154e+01,1.000000000000000000e+00,1.000000000000000000e+00,-1.000000000000000000e+00,0.000000000000000000e+00
1.694000000000000000e+03,3.884076316770111248e+01,2.804902214189657172e+01,-7.847936103474534297e-03,2.368705503392207845e+02,2.030359959863725638e-02,nan,1.268122769288144694e-05,2.213302723915160186e+01,1.000000000000000000e+00,1.000000000000000000e+00,-1.000000000000000000e+00,0.000000000000000000e+00
1.697000000000000000e+03,1.125555862318832965e+02,3.716040516592468634e+01,-1.678737778339295383e-03,5.096780820514783983e+01,3.105471275587406987e-01,nan,1.429858192305332280e-05,3.056783105659031818e+01,1.000000000000000000e+00,1.000000000000000000e+00,-1.000000000000000000e+00,0.000000000000000000e+00
1.699000000000000000e+03,6.421559057796036996e+01,4.807896138202754344e+01,-8.677430666214883473e-03,2.618665556014368008e+02,1.385342040477466341e-02,nan,1.057983127667173468e-05,2.129310072446963531e+01,1.000000000000000000e+00,1.000000000000000000e+00,-1.000000000000000000e+00,0.000000000000000000e+00
1.701000000000000000e+03,7.891112923206759433e+01,1.893831225452486677e+01,-2.370179037719680193e-02,7.146109029018613228e+02,3.198405868700682220e-03,nan,2.222023746097901193e-05,3.263642578326526689e+01,1.000000000000000000e+00,1.000000000000000000e+00,-1.000000000000000000e+00,0.000000000000000000e+00
1.703000000000000000e+03,1.314197240534095670e+02,4.075889089391239395e+01,-9.261453361847780258e-03,2.794655068532282485e+02,2.290201472237884950e-02,nan,2.120133997861508373e-05,3.152384151168549309e+01,1.000000000000000000e+00,1.000000000000000000e+00,-1.000000000000000000e+00,0.000000000000000000e+00
1.703000000000000000e+03,4.197841019479631086e+01,4.275622486350789586e+01,-1.218009518092332639e-03,3.708421386362640249e+01,3.250479704435156325e-01,nan,8.221868011464398632e-06,2.204223344201025725e+01,1.000000000000000000e+00,1.000000000000000000e+00,-1.000000000000000000e+00,0.000000000000000000e+00
1.709000000000000000e+03,1.403212700373962321e+02,2.219964984355781112e+01,-6.772227211686620944e-03,2.044551177040584093e+02,4.454459768939389441e-02,nan,2.034238620659074829e-05,2.803507290596606438e+01,1.000000000000000000e+00,1.000000000000000000e+00,-1.000000000000000000e+00,0.000000000000000000e+00
1.709000000000000000e+03,3.590845442115882236e+01,3.871709567592945689e+01,-1.264536286448809466e-03,3.848625240481987930e+01,3.342355147075022348e-01,nan,9.319562231570405956e-06,1.486725040155238453e+01,1.000000000000000000e+00,1.000000000000000000e+00,-1.000000000000000000e+00,0.000000000000000000e+00
1.710000000000000000e+03,6.040628460601887895e+01,3.766114194444291741e+01,-7.822352397842069482e-03,2.360996104568622513e+02,1.999258439746132154e-02,nan,1.180783876947404980e-05,1.940829694081040557e+01,1.000000000000000000e+00,1.000000000000000000e+00,-1.000000000000000000e+00,0.000000000000000000e+00
1.710000000000000000e+03,7.016893828487148710e+01,2.088697778376247527e+01,-7.636528116461189716e-03,2.304999779530649562e+02,1.753671876419105047e-02,nan,1.139260586521294618e-05,1.357881053014767581e+01,1.000000000000000000e+00,1.000000000000000000e+00,-1.000000000000000000e+00,0.000000000000000000e+00
1.711000000000000000e+03,5.138360477542492077e+01,1.284131230574378968e+01,-7.670395601228410798e-03,2.315205413967393611e+02,1.420535573974701649e-02,nan,8.408825740556125043e-06,2.007641585653619387e+01,1.000000000000000000e+00,1.000000000000000000e+00,-1.000000000000000000e+00,0.000000000000000000e+00
1.711000000000000000e+03,2.104514936624198640e+01,3.905958267851957544e+01,-1.367164815305347029e-03,4.157886248640578941e+01,3.702133676601968570e-01,nan,1.317755910401377247e-05,1.486725040155238453e+01,1.000000000000000000e+00,1.000000000000000000e+00,-1.000000000000000000e+00,0.000000000000000000e+00
1.711000000000000000e+03,1.099269473340930858e+02,4.097637725237891004e+01,-7.278970935855015069e-03,2.197253429289982591e+02,2.338018787809637011e-02,nan,1.280754878716336114e-05,1.155587747449102132e+01,1.000000000000000000e+00,1.000000000000000000e+00,-1.000000000000000000e+00,0.000000000000000000e+00
1.711000000000000000e+03,1.189247601887032317e+02,4.822742324856879748e+01,-1.639365768232340205e-03,4.978137128798925204e+01,3.222723552502122502e-01,nan,1.454754283595652012e-05,5.195573826877782686e+00,1.000000000000000000e+00,1.000000000000000000e+00,-1.000000000000000000e+00,0.000000000000000000e+00
1.711000000000000000e+03,9.702554145165427713e+01,1.264304905606095986e+01,-1.591753571696057036e-03,4.834662443294671874e+01,3.249471699442126882e-01,nan,1.401910589597208810e-05,1.520212712566389790e+01,1.000000000000000000e+00,1.000000000000000000e+00,-1.000000000000000000e+00,0.000000000000000000e+00
1.711000000000000000e+03,1.978483516931727593e+01,1.928772315269186421e+01,-1.439268066281280435e-03,4.375162325154352772e+01,3.373395446973133094e-01,nan,1.271654528584376592e-05,1.865902878871935044e+01,1.000000000000000000e+00,1.000000000000000000e+00,-1.000000000000000000e+00,0.000000000000000000e+00
1.714000000000000000e+03,3.260773508736931348e+01,5.732923521938240619e+00,-6.854099049229827462e-03,2.069222452465181163e+02,3.296034340620901393e-02,nan,1.573228079620127740e-05,1.865902878871935044e+01,1.000000000000000000e+00,1.000000000000000000e+00,-1.000000000000000000e+00,0.000000000000000000e+00
1.716000000000000000e+03,1.366278246557774878e+02,4.607908111221367164e+01,1.806399691077021545e-03,-5.481477476275219374e+01,2.913741817507521370e-01,nan,1.533796175322437480e-05,1.783294326408924491e+01,1.000000000000000000e+00,1.000000000000000000e+00,-1.000000000000000000e+00,0.000000000000000000e+00
1.722000000000000000e+03,1.407440903689867469e+02,5.170964820727393629e+01,-7.269724083978726728e-03,2.194466981149863898e+02,6.162061242157512719e-02,nan,3.340246640880985165e-05,2.838000658142098587e+01,1.000000000000000000e+00,1.000000000000000000e+00,-1.000000000000000000e+00,0.000000000000000000e+00
1.723000000000000000e+03,6.515347971812732908e+01,1.216167918278420856e+01,-8.288692032077578722e-03,2.501522980511261949e+02,1.985789535762982894e-02,nan,1.355696193968452890e-05,2.863704103416045399e+01,1.000000000000000000e+00,1.000000000000000000e+00,-1.000000000000000000e+00,0.000000000000000000e+00
1.724000000000000000e+03,3.741840846381864338e+01,1.929231321564619961e+01,-1.639232986717341313e-03,4.977737004723768877e+01,2.746971206660124842e-01,nan,1.119114956395115595e-05,6.243196952981585390e+00,1.000000000000000000e+00,1.000000000000000000e+00,-1.000000000000000000e+00,0.000000000000000000e+00
1.726000000000000000e+03,1.211112392455171403e+02,3.121633392370387128e+01,-1.577537896446971292e-03,4.791824899892554157e+01,3.567590645897622537e-01,nan,1.723861736704484235e-05,2.065116437416327244e+01,1.000000000000000000e+00,1.000000000000000000e+00,-1.000000000000000000e+00,0.000000000000000000e+00
1.729000000000000000e+03,4.299599053783155966e+01,2.209732416061028815e+01,-1.197291249408888574e-03,3.645988915277536790e+01,3.519455233873981514e-01,nan,1.016877653290517747e-05,6.243196952981585390e+00,1.000000000000000000e+00,1.000000000000000000e+00,-1.000000000000000000e+00,0.000000000000000000e+00
1.730000000000000000e+03,5.967855179523297693e+01,1.386974708838852344e+01,-7.856824899683870905e-03,2.371384054968113730e+02,1.910872096818538868e-02,nan,1.217021607644233611e-05,1.860109874674880714e+01,1.000000000000000000e+00,1.000000000000000000e+00,-1.000000000000000000e+00,0.000000000000000000e+00
1.730000000000000000e+03,1.344701888903696272e+02,5.120526181690299694e+01,-7.333016475516707967e-03,2.213539522707159790e+02,6.377769862510973553e-02,nan,3.742120780874700985e-05,1.902165705300971865e+01,1.000000000000000000e+00,1.000000000000000000e+00,-1.000000000000000000e+00,0.000000000000000000e+00
1.731000000000000000e+03,9.378486489753184685e+01,4.072726878093519787e+01,-1.454777447028505338e-03,4.421898323216909432e+01,3.298394012407196429e-01,nan,1.218607471706557451e-05,1.741660431849646429e+01,1.000000000000000000e+00,1.000000000000000000e+00,-1.000000000000000000e+00,0.000000000000000000e+00
1.734000000000000000e+03,1.247801309072897880e+02,3.483681004751243648e+01,-1.697200657534397427e-03,5.152416896535802238e+01,3.658755642857047796e-01,nan,2.028902978917247667e-05,7.686512586631714328e+00,1.000000000000000000e+00,1.000000000000000000e+00,-1.000000000000000000e+00,0.000000000000000000e+00
1.735000000000000000e+03,1.111236827328396117e+02,4.237150175137552566e+01,-7.899589062564740111e-03,2.384270616115339294e+02,2.099310189695169360e-02,nan,1.264676156032860229e-05,1.198731208885329202e+01,1.000000000000000000e+00,1.000000000000000000e+00,-1.000000000000000000e+00,0.000000000000000000e+00
1.738000000000000000e+03,7.265012540743866154e+00,1.706842552937549229e+01,-1.346469744694394352e-03,4.095523682672171617e+01,3.559530272474337176e-01,nan,1.181238148784814007e-05,1.982276387660493810e+01,1.000000000000000000e+00,1.000000000000000000e+00,-1.000000000000000000e+00,0.000000000000000000e+00
1.739000000000000000e+03,1.372188020236582133e+02,5.062262984472857141e+01,-8.203099181578559634e-03,2.475730414319947954e+02,2.751567372672814038e-02,nan,2.025854016970751858e-05,2.009757810810444312e+01,1.000000000000000000e+00,1.000000000000000000e+00,-1.000000000000000000e+00,0.000000000000000000e+00
1.742000000000000000e+03,1.090275820616708558e+02,3.861860936290625546e+01,-6.723919834618224435e-03,2.029994222653609199e+02,3.373020513845570445e-02,nan,1.562261961134397693e-05,7.148667473039701292e+00,1.000000000000000000e+00,1.000000000000000000e+00,-1.000000000000000000e+00,0.000000000000000000e+00
1.742000000000000000e+03,1.264263698819110004e+02,7.014309517430960206e+00,-7.433635282620021205e-03,2.243860013579618737e+02,3.080140901999184333e-02,nan,1.732590939804268707e-05,2.675151521118614895e+01,1.000000000000000000e+00,1.000000000000000000e+00,-1.000000000000000000e+00,0.000000000000000000e+00
1.743000000000000000e+03,7.922777603771642418e+01,5.206443678472030001e+01,-6.598065086804690352e-03,1.992069128506769289e+02,4.174519902345397160e-02,nan,1.799507223642268083e-05,1.387712359184775401e+01,1.000000000000000000e+00,1.000000000000000000e+00,-1.000000000000000000e+00,0.000000000000000000e+00
1.748000000000000000e+03,1.053893039712196043e+02,8.628376983037474801e+00,-6.951182361690006264e-03,2.098477556695293060e+02,5.097332258969289320e-02,nan,2.516154393547020092e-05,2.514134321670626449e+01,1.000000000000000000e+00,1.000000000000000000e+00,-1.000000000000000000e+00,0.000000000000000000e+00
1.750000000000000000e+03,1.183842758315664270e+02,3.015087323902545080e+01,1.406524746926361615e-03,-4.276493543023448751e+01,3.689650112108798785e-01,nan,1.485715046033575634e-05,1.454297399193444562e+01,1.000000000000000000e+00,1.000000000000000000e+00,-1.000000000000000000e+00,0.000000000000000000e+00
1.752000000000000000e+03,1.122335214372790091e+01,7.075444221537054545e+00,-4.175934445529773387e-02,1.258757588165004563e+03,2.805293110512363519e-03,nan,6.089264743233177145e-05,3.536304460240313308e+00,1.000000000000000000e+00,1.000000000000000000e+00,-1.000000000000000000e+00,0.000000000000000000e+00
1.752000000000000000e+03,4.547097690743238019e+01,4.468289147460769328e+01,-7.310084918397611112e-03,2.206629322831633999e+02,1.329152197739646990e-01,nan,8.130546578046642396e-05,5.831694206687045856e+00,1.000000000000000000e+00,1.000000000000000000e+00,-1.000000000000000000e+00,0.000000000000000000e+00
1.753000000000000000e+03,4.513051713982665092e+01,3.886114393053219374e+01,-7.759440053371447280e-03,2.342038086468409119e+02,1.214057106796566643e-01,nan,8.362563139776272745e-05,5.831694206687045856e+00,1.000000000000000000e+00,1.000000000000000000e+00,-1.000000000000000000e+00,0.000000000000000000e+00
1.754000000000000000e+03,6.505215252560608974e+01,2.551715937684693358e+01,-8.460860473167543944e-03,2.553404251984037217e+02,1.391062894559680352e-02,nan,1.021429758106986348e-05,6.795509463027230801e+00,1.000000000000000000e+00,1.000000000000000000e+00,-1.000000000000000000e+00,0.000000000000000000e+00
1.754000000000000000e+03,1.388775818030319726e+02,4.086242007152832656e+01,-1.962163134228685300e-03,5.950855338357555269e+01,2.922601044470667375e-01,nan,1.783229811408962886e-05,1.609807761509497936e+01,1.000000000000000000e+00,1.000000000000000000e+00,-1.000000000000000000e+00,0.000000000000000000e+00
1.755000000000000000e+03,1.142093407165490930e+02,4.408170269442676670e+01,-7.306032489804982662e-03,2.205408163212559032e+02,3.120596294709876428e-02,nan,1.668821697275725582e-05,1.064961787628223888e+01,1.000000000000000000e+00,1.000000000000000000e+00,-1.000000000000000000e+00,0.000000000000000000e+00
1.758000000000000000e+03,1.096459772206107175e+02,1.030643369106358698e+01,-7.229203244934728767e-03,2.182256423643289622e+02,3.079698500153515983e-02,nan,1.581753383251361926e-05,3.084119202747770672e+01,1.000000000000000000e+00,1.000000000000000000e+00,-1.000000000000000000e+00,0.000000000000000000e+00
1.758000000000000000e+03,8.821100626597048233e+01,5.170013799787488296e+01,-1.816164994934946816e-03,5.510904261884692090e+01,1.771528228564491769e-01,nan,7.562145275259610517e-06,2.709158449919397427e+01,1.000000000000000000e+00,1.000000000000000000e+00,-1.000000000000000000e+00,0.000000000000000000e+00
1.760000000000000000e+03,1.036316559503411661e+01,3.542614532465800892e+01,-8.984704166027561098e-03,2.711259412119744638e+02,1.357471676097388169e-02,nan,1.067358711005920062e-05,1.458308608002503526e+01,1.000000000000000000e+00,1.000000000000000000e+00,-1.000000000000000000e+00,0.000000000000000000e+00
1.761000000000000000e+03,6.944349939415760176e+00,5.217146076821097012e+01,-1.388302186648748436e-03,4.221581644495086039e+01,3.605493023533985486e-01,nan,1.307399113464549492e-05,1.709075451205108465e+01,1.000000000000000000e+00,1.000000000000000000e+00,-1.000000000000000000e+00,0.000000000000000000e+00
1.766000000000000000e+03,1.013407506825460302e+02,2.103921337599754082e+01,-8.330291010998469581e-03,2.514058424897711461e+02,2.250490156934381591e-02,nan,1.547092226149831683e-05,3.261988088181041689e+01,1.000000000000000000e+00,1.000000000000000000e+00,-1.000000000000000000e+00,0.000000000000000000e+00
1.766000000000000000e+03,1.243050241822361528e+02,4.420597342946489761e+01,-7.035141920146974204e-03,2.123777946345473708e+02,4.759794872363132257e-02,nan,2.404111576665271248e-05,3.261988088181041689e+01,1.000000000000000000e+00,1.000000000000000000e+00,-1.000000000000000000e+00,0.000000000000000000e+00
1.767000000000000000e+03,1.956409384730352485e+01,1.158129432271542569e+01,-6.789481747461222245e-03,2.049750662201694524e+02,2.950070000961035888e-02,nan,1.424080845388462697e-05,2.348665905808103815e+01,1.000000000000000000e+00,1.000000000000000000e+00,-1.000000000000000000e+00,0.000000000000000000e+00
1.768000000000000000e+03,4.103817855004576387e+01,3.338974931582574612e+01,-8.961306961555668901e-03,2.704208893980500079e+02,1.615008208561674596e-02,nan,1.388663382285476830e-05,1.397491996108859524e+01,1.000000000000000000e+00,1.000000000000000000e+00,-1.000000000000000000e+00,0.000000000000000000e+00
1.769000000000000000e+03,7.917021224855839989e+01,5.266911164897781816e+01,-7.244949712719064849e-03,2.187001467303350069e+02,2.225133529740441762e-02,nan,1.145629426963822850e-05,1.864767270357775431e+01,1.000000000000000000e+00,1.000000000000000000e+00,-1.000000000000000000e+00,0.000000000000000000e+00
1.771000000000000000e+03,5.571485071494056029e+00,5.300145764472949850e+01,-7.938638849893679336e-03,2.396037886612422767e+02,1.866995013040340101e-02,nan,1.125670010215279870e-05,1.182348000554408429e+01,1.000000000000000000e+00,1.000000000000000000e+00,-1.000000000000000000e+00,0.000000000000000000e+00
1.772000000000000000e+03,9.450259353550657693e+01,6.668491097393855149e+00,-7.919293001430285570e-03,2.390208204879543530e+02,2.779345317378589808e-02,nan,1.735801568066196112e-05,2.935282337269138253e+01,1.000000000000000000e+00,1.000000000000000000e+00,-1.000000000000000000e+00,0.000000000000000000e+00
1.772000000000000000e+03,2.707039014329430771e+01,3.383615153698070088e+01,-6.648282788947184642e-03,2.007201740622553530e+02,2.747276072203141961e-02,nan,1.211232907297789240e-05,1.397491996108859524e+01,1.000000000000000000e+00,1.000000000000000000e+00,-1.000000000000000000e+00,0.000000000000000000e+00
1.773000000000000000e+03,7.777948438195316783e+01,3.407337091996122780e+01,-7.709247013511963918e-03,2.326912906089776811e+02,2.888480261200798704e-02,nan,1.705621667222168947e-05,1.467285109961241751e+01,1.000000000000000000e+00,1.000000000000000000e+00,-1.000000000000000000e+00,0.000000000000000000e+00
1.773000000000000000e+03,1.129092945636795378e+02,4.711431537936270786e+01,-8.015677129001389997e-03,2.419252616599401335e+02,1.979576205414645962e-02,nan,1.297193331411577732e-05,3.132404474989890986e+01,1.000000000000000000e+00,1.000000000000000000e+00,-1.000000000000000000e+00,0.000000000000000000e+00
1.773000000000000000e+03,1.442288789432143972e+02,4.658571932672381877e+01,-8.616723623536342094e-03,2.600372083984444771e+02,4.206459829241970816e-02,nan,3.316102430647510977e-05,3.132404474989890986e+01,1.000000000000000000e+00,1.000000000000000000e+00,-1.000000000000000000e+00,0.000000000000000000e+00
1.774000000000000000e+03,5.190498481117676022e+01,3.157479338099631860e+01,-7.620458457541292273e-03,2.300157345391036188e+02,8.376044284188577382e-02,nan,5.135971906180895728e-05,5.836121117797417490e+00,1.000000000000000000e+00,1.000000000000000000e+00,-1.000000000000000000e+00,0.000000000000000000e+00
1.775000000000000000e+03,6.946283881918569136e+01,2.198511356107374581e+01,1.202735648107296045e-03,-3.662395076888217460e+01,3.552926964181244429e-01,nan,9.762293696465219832e-06,1.467285109961241751e+01,1.000000000000000000e+00,1.000000000000000000e+00,-1.000000000000000000e+00,0.000000000000000000e+00
1.778000000000000000e+03,5.522987970687723447e+01,3.637118615412759226e+01,-9.043821120346658485e-03,2.729073726614641373e+02,1.106950039656693363e-01,nan,1.004554641915538741e-04,5.836121117797417490e+00,1.000000000000000000e+00,1.000000000000000000e+00,-1.000000000000000000e+00,0.000000000000000000e+00
1.781000000000000000e+03,1.189626536823498952e+02,1.749214869156802976e+01,-6.880554457215448325e-03,2.077194530245149053e+02,5.135986788312729701e-02,nan,2.700970046888503205e-05,8.341661051348275180e+00,1.000000000000000000e+00,1.000000000000000000e+00,-1.000000000000000000e+00,0.000000000000000000e+00
1.783000000000000000e+03,3.645503352415027365e+01,2.080610462594141907e+01,-6.697233903658404534e-03,2.021952679035829306e+02,2.203537392541099482e-02,nan,9.590325859960518629e-06,1.965257920960400639e+01,1.000000000000000000e+00,1.000000000000000000e+00,-1.000000000000000000e+00,0.000000000000000000e+00
1.784000000000000000e+03,1.144348788839419342e+02,2.449804367154614582e+01,-9.351377619895030399e-03,2.821752861915330186e+02,3.128736912701357564e-02,nan,2.957550281114610993e-05,8.341661051348275180e+00,1.000000000000000000e+00,1.000000000000000000e+00,-1.000000000000000000e+00,0.000000000000000000e+00
1.786000000000000000e+03,6.163951819515730080e+01,2.553766975710665577e+01,-7.231625343194003804e-03,2.182986299203105602e+02,2.146800840468432447e-02,nan,1.283139518564914433e-05,2.078816490593617772e+01,1.000000000000000000e+00,1.000000000000000000e+00,-1.000000000000000000e+00,0.000000000000000000e+00
1.788000000000000000e+03,2.138764439482926605e+01,3.342345991202965649e+01,-8.222566067741840512e-03,2.481596569576816478e+02,1.753685821066652828e-02,nan,1.161603434054723992e-05,1.499176412288776739e+01,1.000000000000000000e+00,1.000000000000000000e+00,-1.000000000000000000e+00,0.000000000000000000e+00
1.792000000000000000e+03,1.347458843808130666e+02,7.151727220078594627e+00,-7.892163083766619291e-03,2.382032870222205077e+02,2.304207861487217457e-02,nan,1.448784514520430539e-05,1.746762958397550491e+01,1.000000000000000000e+00,1.000000000000000000e+00,-1.000000000000000000e+00,0.000000000000000000e+00
1.793000000000000000e+03,3.301947488878357007e+01,4.288144653055579880e+01,-6.512893114988723038e-03,1.966403389979539611e+02,6.587363823826120068e-02,nan,2.950522630463965274e-05,3.548247090474313747e+00,1.000000000000000000e+00,1.000000000000000000e+00,-1.000000000000000000e+00,0.000000000000000000e+00
1.795000000000000000e+03,2.239658938653058229e+01,2.159634061074079980e+01,-8.809887195930555387e-03,2.658580032401649760e+02,1.686427898446962725e-02,nan,1.253594152011980049e-05,1.229341109566892776e+01,1.000000000000000000e+00,1.000000000000000000e+00,-1.000000000000000000e+00,0.000000000000000000e+00
1.797000000000000000e+03,1.382974969476223919e+02,2.425447938042572460e+01,-8.029051184929058768e-03,2.423282757209856868e+02,3.941700142079851421e-02,nan,2.505167388421808211e-05,1.746762958397550491e+01,1.000000000000000000e+00,1.000000000000000000e+00,-1.000000000000000000e+00,0.000000000000000000e+00
1.798000000000000000e+03,9.260798652705697975e+01,4.367438175222292784e+01,-7.681948683892399383e-03,2.318686822140942638e+02,3.008670510135680320e-02,nan,1.862863065422731512e-05,1.698462473487225211e+01,1.000000000000000000e+00,1.000000000000000000e+00,-1.000000000000000000e+00,0.000000000000000000e+00
1.798000000000000000e+03,3.354729085480555284e+01,4.639021664572032932e+01,-7.995910990047594424e-03,2.413296284448524887e+02,2.850550575826982236e-02,nan,2.055944013674414634e-05,3.548247090474313747e+00,1.000000000000000000e+00,1.000000000000000000e+00,-1.000000000000000000e+00,0.000000000000000000e+00
1.798000000000000000e+03,4.698181289316119802e+01,1.103959740613908913e+01,-6.773745720980581080e-03,2.045008764926117237e+02,3.026080762123495305e-02,nan,1.396059894885539041e-05,2.675589733047439722e+01,1.000000000000000000e+00,1.000000000000000000e+00,-1.000000000000000000e+00,0.000000000000000000e+00
1.800000000000000000e+03,1.070559697135703772e+02,5.260372994941293712e+01,-6.413718287116801364e-03,1.936518028089085703e+02,6.955847076764876125e-02,nan,2.959768889884898169e-05,1.698462473487225211e+01,1.000000000000000000e+00,1.000000000000000000e+00,-1.000000000000000000e+00,0.000000000000000000e+00
1.801000000000000000e+03,3.030529909486012485e+01,3.763306048507355683e+01,-7.174446852761629662e-03,2.165756121792279316e+02,2.632904700740146264e-02,nan,1.309200946734766457e-05,9.338002709011588465e+00,1.000000000000000000e+00,1.000000000000000000e+00,-1.000000000000000000e+00,0.000000000000000000e+00
1.804000000000000000e+03,7.477818373640027971e+01,5.163860793853252318e+01,-1.505190495041791848e-03,4.573813100001155618e+01,3.235030098599008808e-01,nan,1.230429958217506270e-05,5.794036747493889195e+00,1.000000000000000000e+00,1.000000000000000000e+00,-1.000000000000000000e+00,0.000000000000000000e+00
1.805000000000000000e+03,8.897020141847917785e+01,3.398382496515245066e+01,-1.442635117833512967e-03,4.385308604840589197e+01,3.441717518505413853e-01,nan,1.316004928833587679e-05,1.905276062284136174e+01,1.000000000000000000e+00,1.000000000000000000e+00,-1.000000000000000000e+00,0.000000000000000000e+00
1.805000000000000000e+03,3.578601299583203144e+01,1.909232706856942485e+01,-1.183884483859773060e-03,3.605588941936193947e+01,3.627870426702519691e-01,nan,9.887575212678787080e-06,1.933383098318022775e+01,1.000000000000000000e+00,1.000000000000000000e+00,-1.000000000000000000e+00,0.000000000000000000e+00
1.809000000000000000e+03,7.409198196427180960e+01,4.588534895259791568e+01,-7.470472937274493831e-03,2.254960679586987453e+02,2.174424626977322639e-02,nan,1.357301242876793202e-05,5.794036747493889195e+00,1.000000000000000000e+00,1.000000000000000000e+00,-1.000000000000000000e+00,0.000000000000000000e+00
1.809000000000000000e+03,1.206986352048735966e+02,7.851336693176956594e+00,-2.090663854406230211e-03,6.338079658086085288e+01,3.349797546673315418e-01,nan,2.633484003442136247e-05,3.414520558211252421e+01,1.000000000000000000e+00,1.000000000000000000e+00,-1.000000000000000000e+00,0.000000000000000000e+00
1.812000000000000000e+03,8.196432761641963793e+01,6.785111924282852591e+00,-8.748272538378667681e-03,2.640013059529535440e+02,1.996826499441561875e-02,nan,1.566371752946589608e-05,1.726939951958103237e+01,1.000000000000000000e+00,1.000000000000000000e+00,-1.000000000000000000e+00,0.000000000000000000e+00
1.813000000000000000e+03,1.353796753097345729e+01,3.730745110632651773e+01,-7.858139012539525070e-03,2.371780049991234307e+02,1.694644834706560133e-02,nan,1.106355272183029744e-05,6.115855619166603674e+01,1.000000000000000000e+00,1.000000000000000000e+00,-1.000000000000000000e+00,0.000000000000000000e+00
1.814000000000000000e+03,1.002314435400798374e+02,3.518243856634199318e+01,-1.488506816405996309e-03,4.523538470400719547e+01,3.480404812542081672e-01,nan,1.435019588894087632e-05,1.863053162580632360e+01,1.000000000000000000e+00,1.000000000000000000e+00,-1.000000000000000000e+00,0.000000000000000000e+00
1.815000000000000000e+03,1.186973397801574066e+02,3.271112622047012053e+01,-7.085377763734648782e-03,2.138916025207871598e+02,4.261999478953093501e-02,nan,2.125286499017635110e-05,1.196289066822564529e+01,1.000000000000000000e+00,1.000000000000000000e+00,-1.000000000000000000e+00,0.000000000000000000e+00
1.817000000000000000e+03,9.140635847110885948e+01,5.172398582598488304e+01,-7.897661062963851411e-03,2.383689632341194340e+02,1.994175502110717701e-02,nan,1.259150312278778104e-05,1.874846426290893930e+01,1.000000000000000000e+00,1.000000000000000000e+00,-1.000000000000000000e+00,0.000000000000000000e+00
1.819000000000000000e+03,3.429884966413423797e+01,1.427432181073732842e+01,-1.371154757251430911e-03,4.169909547449285725e+01,3.079679247767694861e-01,nan,9.346920744125737066e-06,2.134779098581578083e+01,1.000000000000000000e+00,1.000000000000000000e+00,-1.000000000000000000e+00,0.000000000000000000e+00
1.820000000000000000e+03,1.067642768194543095e+02,3.186687417527506838e+01,-7.697659957871249257e-03,2.323421260492823421e+02,3.458062707261300162e-02,nan,2.188853321726640653e-05,1.196289066822564529e+01,1.000000000000000000e+00,1.000000000000000000e+00,-1.000000000000000000e+00,0.000000000000000000e+00
1.821000000000000000e+03,3.430715574043508553e+01,4.805028113756873154e+01,-7.776020269944977636e-03,2.347034372150517640e+02,2.154632773446707450e-02,nan,1.366203889246389947e-05,2.036584651255908440e+01,1.000000000000000000e+00,1.000000000000000000e+00,-1.000000000000000000e+00,0.000000000000000000e+00
1.821000000000000000e+03,1.225167100844483627e+02,4.933166145029721861e+01,-1.434689837645785693e-03,4.361366282093335656e+01,3.440936530908242919e-01,nan,1.264890936025958362e-05,2.351931011594232146e+01,1.000000000000000000e+00,1.000000000000000000e+00,-1.000000000000000000e+00,0.000000000000000000e+00
1.824000000000000000e+03,2.206892148718251789e+01,3.177166551658822513e+01,-6.299048549316933754e-03,1.901963427031867866e+02,3.843305261311114052e-02,nan,1.541800847000648238e-05,1.371716709415808211e+01,1.000000000000000000e+00,1.000000000000000000e+00,-1.000000000000000000e+00,0.000000000000000000e+00
1.825000000000000000e+03,1.331301337149468367e+01,5.285773003625040189e+01,-8.548067886427411846e-03,2.579683350831249982e+02,2.244908728414718446e-02,nan,1.643317995188903590e-05,2.153753882691274768e+01,1.000000000000000000e+00,1.000000000000000000e+00,-1.000000000000000000e+00,0.000000000000000000e+00
1.829000000000000000e+03,1.414776401295072787e+02,5.181014898514454181e+00,-7.434260114445181457e-03,2.244048300523153614e+02,4.520153912042024213e-02,nan,2.602611151739105298e-05,2.219699867160340645e+01,1.000000000000000000e+00,1.000000000000000000e+00,-1.000000000000000000e+00,0.000000000000000000e+00
1.829000000000000000e+03,1.096854038876912227e+02,8.446990732039081351e+00,-7.403233584467391534e-03,2.234698759954363823e+02,3.703472495748549864e-02,nan,2.082094860868961286e-05,9.766652964690447192e+00,1.000000000000000000e+00,1.000000000000000000e+00,-1.000000000000000000e+00,0.000000000000000000e+00
1.829000000000000000e+03,9.097221578338677617e+00,2.731120875029690964e+01,-6.764167830262715099e-03,2.042122561477190459e+02,2.239234728121075602e-02,nan,9.892515899050656716e-06,1.371716709415808211e+01,1.000000000000000000e+00,1.000000000000000000e+00,-1.000000000000000000e+00,0.000000000000000000e+00
1.831000000000000000e+03,1.194221944551822929e+02,7.683826544256644908e+00,-1.545874653930023879e-02,4.662148598126240131e+02,1.011503209846920104e-02,nan,2.479410311172073047e-05,9.766652964690447192e+00,1.000000000000000000e+00,1.000000000000000000e+00,-1.000000000000000000e+00,0.000000000000000000e+00
1.831000000000000000e+03,9.940722433198357066e+01,3.823846590279998736e+01,-7.689796073758243915e-03,2.321051556127061701e+02,3.136772290710265754e-02,nan,2.040887737911549523e-05,8.559979283596952371e+00,1.000000000000000000e+00,1.000000000000000000e+00,-1.000000000000000000e+00,0.000000000000000000e+00
1.836000000000000000e+03,1.071469413530282679e+02,4.189497048638251187e+01,-7.211885707321875894e-03,2.177037953496005400e+02,2.578022298389981426e-02,nan,1.312215270926654157e-05,8.559979283596952371e+00,1.000000000000000000e+00,1.000000000000000000e+00,-1.000000000000000000e+00,0.000000000000000000e+00
1.836000000000000000e+03,4.451400325749024489e+01,2.037696418159023182e+01,-1.452846974681117976e-03,4.416081034096358593e+01,3.327495744106317987e-01,nan,1.231127555832421524e-05,3.992451466035400021e+00,1.000000000000000000e+00,1.000000000000000000e+00,-1.000000000000000000e+00,0.000000000000000000e+00
1.837000000000000000e+03,9.964728136461519625e+01,1.127542464713823911e+01,-8.296874061422591928e-03,2.503988554823019967e+02,2.629778418989747735e-02,nan,1.800349260534101953e-05,3.152461716410502746e+01,1.000000000000000000e+00,1.000000000000000000e+00,-1.000000000000000000e+00,0.000000000000000000e+00
1.837000000000000000e+03,3.319761992460941968e+01,1.747352554647213552e+01,-1.506432462121920198e-03,4.577555646012286417e+01,3.138418704396479519e-01,nan,1.168752269667561854e-05,9.652350655930412415e+00,1.000000000000000000e+00,1.000000000000000000e+00,-1.000000000000000000e+00,0.000000000000000000e+00
1.838000000000000000e+03,5.648021350306322574e+01,1.894930578284863643e+01,1.563141355785674673e-03,-4.748442336306043643e+01,3.475623773956166840e-01,nan,1.556847939426855910e-05,1.205107448092298661e+01,1.000000000000000000e+00,1.000000000000000000e+00,-1.000000000000000000e+00,0.000000000000000000e+00
1.839000000000000000e+03,1.323941463292906064e+02,4.269244770674966816e+01,-1.615551683769313879e-02,4.872113495155185205e+02,1.001746523753443974e-02,nan,2.550873605583519932e-05,1.330266426748323383e+01,1.000000000000000000e+00,1.000000000000000000e+00,-1.000000000000000000e+00,0.000000000000000000e+00
1.839000000000000000e+03,4.129102411154539709e+01,2.273324814865634735e+01,1.777715437080672678e-03,-5.395040289578443549e+01,2.518929510889211798e-01,nan,1.174446178795185109e-05,3.992451466035400021e+00,1.000000000000000000e+00,1.000000000000000000e+00,-1.000000000000000000e+00,0.000000000000000000e+00
1.840000000000000000e+03,1.065027739276535179e+01,1.044039112648074230e+01,-1.509487777353917242e-03,4.586762538865740169e+01,2.623546121792678099e-01,nan,9.027162705007251735e-06,1.627238359350160124e+01,1.000000000000000000e+00,1.000000000000000000e+00,-1.000000000000000000e+00,0.000000000000000000e+00
1.842000000000000000e+03,2.743138843420461015e+01,3.350082140216517246e+01,-1.698124616729847561e-02,5.120938931693242466e+02,4.728832890082190765e-03,nan,1.679903746790820744e-05,1.703301611714294239e+01,1.000000000000000000e+00,1.000000000000000000e+00,-1.000000000000000000e+00,0.000000000000000000e+00
1.842000000000000000e+03,1.441328586261375904e+02,4.895052330754170811e+01,-7.507375705446239778e-03,2.266080966914296084e+02,9.066778760691240890e-02,nan,6.286935058216542758e-05,1.330266426748323383e+01,1.000000000000000000e+00,1.000000000000000000e+00,-1.000000000000000000e+00,0.000000000000000000e+00
1.842000000000000000e+03,7.050678071100285216e+00,2.630964922311299858e+01,-1.369010622084968539e-03,4.163448406374806154e+01,3.484973600428294960e-01,nan,1.254705890736044536e-05,1.011507008640522720e+01,1.000000000000000000e+00,1.000000000000000000e+00,-1.000000000000000000e+00,0.000000000000000000e+00
1.844000000000000000e+03,3.959245226535267648e+01,1.003819589716973937e+01,-7.518438354673527210e-03,2.269414587780788679e+02,2.743194988813202340e-02,nan,1.506343450323749699e-05,6.199284355730069862e+00,1.000000000000000000e+00,1.000000000000000000e+00,-1.000000000000000000e+00,0.000000000000000000e+00
1.844000000000000000e+03,8.982643201311667269e+00,3.623850381911434937e+01,-1.247389510852709099e-03,3.796955113602045628e+01,3.153082466121363003e-01,nan,8.421121636595689329e-06,1.011507008640522720e+01,1.000000000000000000e+00,1.000000000000000000e+00,-1.000000000000000000e+00,0.000000000000000000e+00
1.847000000000000000e+03,1.230404280544385216e+02,3.474416053322492814e+01,-1.344042470807745374e-02,4.053947105551994241e+02,1.351328719751498930e-02,nan,2.388762751384212774e-05,2.543052045667644379e+01,1.000000000000000000e+00,1.000000000000000000e+00,-1.000000000000000000e+00,0.000000000000000000e+00
1.848000000000000000e+03,4.171395540097613264e+01,3.346464554587079476e+01,-7.426615216253303585e-03,2.241744585417390851e+02,3.424492971282444564e-02,nan,1.883747363026433094e-05,2.075851822422733406e+01,1.000000000000000000e+00,1.000000000000000000e+00,-1.000000000000000000e+00,0.000000000000000000e+00
1.848000000000000000e+03,3.207024710783170462e+01,5.184710917897274385e+01,-1.220827383248116252e-03,3.716912746695309266e+01,3.507966175453014479e-01,nan,9.686959939027027351e-06,2.075851822422733406e+01,1.000000000000000000e+00,1.000000000000000000e+00,-1.000000000000000000e+00,0.000000000000000000e+00
1.849000000000000000e+03,4.464916288329396110e+01,6.451999548724850264e+00,-7.421845929212074304e-03,2.240307407534202184e+02,2.008558627008960595e-02,nan,1.066866209681091013e-05,6.199284355730069862e+00,1.000000000000000000e+00,1.000000000000000000e+00,-1.000000000000000000e+00,0.000000000000000000e+00
1.850000000000000000e+03,1.346568059908968884e+01,2.133903616601422826e+01,-8.532348820843263515e-03,2.574946564555515351e+02,1.825972551765986385e-02,nan,1.338578986497843771e-05,3.074077800114626768e+01,1.000000000000000000e+00,1.000000000000000000e+00,-1.000000000000000000e+00,0.000000000000000000e+00
1.856000000000000000e+03,1.240132398220921033e+02,2.023485327992125704e+01,-8.973119284458019526e-03,2.707768421657821136e+02,2.584084854217350014e-02,nan,2.177413815042701994e-05,1.992597419537351300e+01,1.000000000000000000e+00,1.000000000000000000e+00,-1.000000000000000000e+00,0.000000000000000000e+00
1.857000000000000000e+03,9.719733181969225200e+01,1.244957231799088149e+01,-1.393462832897824537e-03,4.237132745923911159e+01,3.207237087246904705e-01,nan,1.038935647825475182e-05,2.277560613499085918e+01,1.000000000000000000e+00,1.000000000000000000e+00,-1.000000000000000000e+00,0.000000000000000000e+00
1.857000000000000000e+03,7.699724204565588082e+01,2.297024757850075360e+01,-1.299687142123613767e-03,3.954548897234616334e+01,3.578150300322001653e-01,nan,1.129236054867832697e-05,2.277560613499085918e+01,1.000000000000000000e+00,1.000000000000000000e+00,-1.000000000000000000e+00,0.000000000000000000e+00
1.861000000000000000e+03,9.643543418581106152e+01,4.182538627195741299e+01,-7.197547882711001488e-02,2.169291168115747496e+03,1.850614927761284889e-03,nan,1.237629201128067724e-04,2.708061241602702651e+01,1.000000000000000000e+00,1.000000000000000000e+00,-1.000000000000000000e+00,0.000000000000000000e+00
1.862000000000000000e+03,3.036736963040107184e+01,2.661474240053182427e+01,-1.444415693892602860e-02,4.356411970918451289e+02,6.705613981676683544e-03,nan,1.912925481654337032e-05,1.797461701960781966e+01,1.000000000000000000e+00,1.000000000000000000e+00,-1.000000000000000000e+00,0.000000000000000000e+00
1.862000000000000000e+03,6.404685393884122391e+01,4.255148970049209112e+01,-8.301672495580199665e-03,2.505434515903918680e+02,2.215698417015521393e-02,nan,1.476820022629459815e-05,6.620480259377180765e+00,1.000000000000000000e+00,1.000000000000000000e+00,-1.000000000000000000e+00,0.000000000000000000e+00
1.864000000000000000e+03,4.784641738248951270e+01,2.242311423455775810e+01,-2.061517080764969055e-03,6.250248713793128275e+01,2.983066633458828498e-01,nan,1.946093044513618733e-05,1.797461701960781966e+01,1.000000000000000000e+00,1.000000000000000000e+00,-1.000000000000000000e+00,0.000000000000000000e+00
1.867000000000000000e+03,1.041718095783175784e+02,4.231512267415921258e+01,-6.812501003953786403e-03,2.056687289423451830e+02,3.383379957829457663e-02,nan,1.597097781533094059e-05,2.119974204531350637e+01,1.000000000000000000e+00,1.000000000000000000e+00,-1.000000000000000000e+00,0.000000000000000000e+00
1.869000000000000000e+03,1.099929607814052446e+02,9.082614557167472569e+00,-7.117316513309757814e-03,2.148540454207268624e+02,3.873470599510020485e-02,nan,2.071326624048693880e-05,9.093378296731570387e+00,1.000000000000000000e+00,1.000000000000000000e+00,-1.000000000000000000e+00,0.000000000000000000e+00
1.869000000000000000e+03,1.961221301301947051e+01,3.241429702998899387e+01,-8.987776045321202792e-03,2.712185092822642787e+02,1.347607520632843059e-02,nan,1.091456468188373040e-05,1.015922773678637370e+01,1.000000000000000000e+00,1.000000000000000000e+00,-1.000000000000000000e+00,0.000000000000000000e+00
1.869000000000000000e+03,1.168176292157166642e+02,2.530006144928538347e+01,-1.753280709909013592e-03,5.321408635267673759e+01,2.741752147551261842e-01,nan,1.295899881010909240e-05,1.759493344508445745e+01,1.000000000000000000e+00,1.000000000000000000e+00,-1.000000000000000000e+00,0.000000000000000000e+00
1.870000000000000000e+03,6.825082956002060541e+01,1.196767566577732467e+01,-9.064547137839067473e-03,2.735319308750750338e+02,1.145252657770878812e-02,nan,1.167649549316208610e-05,1.020818705563937812e+01,1.000000000000000000e+00,1.000000000000000000e+00,-1.000000000000000000e+00,0.000000000000000000e+00
1.870000000000000000e+03,4.762041331824653412e+01,2.243228870402121444e+01,2.165581419655395259e-03,-6.563836394696150478e+01,2.378806494502414548e-01,nan,1.503322532695018810e-05,3.756960197498939280e+00,1.000000000000000000e+00,1.000000000000000000e+00,-1.000000000000000000e+00,0.000000000000000000e+00
1.871000000000000000e+03,4.752873717874942372e+01,4.810989540600613878e+01,-1.334373831871512889e-03,4.059073835481709125e+01,3.174996553723409276e-01,nan,1.032738919037254920e-05,1.521890401255205560e+01,1.000000000000000000e+00,1.000000000000000000e+00,-1.000000000000000000e+00,0.000000000000000000e+00
1.872000000000000000e+03,1.009000413705372523e+02,9.173967909206947269e+00,-9.001594319237074190e-03,2.716349094167929366e+02,1.647129478870323904e-02,nan,1.417077128895252238e-05,9.093378296731570387e+00,1.000000000000000000e+00,1.000000000000000000e+00,-1.000000000000000000e+00,0.000000000000000000e+00
1.873000000000000000e+03,9.481520376984903464e+00,3.165339301364753410e+01,-9.081441588886150773e-03,2.740410285910142534e+02,2.072625790323989747e-02,nan,1.671442481263760851e-05,1.015922773678637370e+01,1.000000000000000000e+00,1.000000000000000000e+00,-1.000000000000000000e+00,0.000000000000000000e+00
1.874000000000000000e+03,5.038558223581937057e+01,1.988894626091994411e+01,-2.160834330607766789e-03,6.549531507341286840e+01,2.369761510006161975e-01,nan,1.588780285931741464e-05,3.756960197498939280e+00,1.000000000000000000e+00,1.000000000000000000e+00,-1.000000000000000000e+00,0.000000000000000000e+00
1.880000000000000000e+03,7.042437987021676804e+01,1.877820980269848405e+01,-7.049728987086433321e-03,2.128173615929785853e+02,2.191735139026618207e-02,nan,1.120443246237391004e-05,1.618592246949134505e+01,1.000000000000000000e+00,1.000000000000000000e+00,-1.000000000000000000e+00,0.000000000000000000e+00
1.880000000000000000e+03,9.073386196092066314e+01,3.080936945716049635e+01,-7.483559471991465747e-03,2.258904178499975330e+02,2.243886053597199393e-02,nan,1.219693280472479598e-05,2.290100063704550948e+01,1.000000000000000000e+00,1.000000000000000000e+00,-1.000000000000000000e+00,0.000000000000000000e+00
1.880000000000000000e+03,9.874084891434884526e+01,5.226499785871494197e+01,1.288500377929257482e-03,-3.920838680286897926e+01,3.618046422987617472e-01,nan,1.173464292659582873e-05,1.782781699060046066e+01,1.000000000000000000e+00,1.000000000000000000e+00,-1.000000000000000000e+00,0.000000000000000000e+00
1.881000000000000000e+03,2.305909885446773089e+01,1.566230390431074682e+01,-1.462319517914188044e-02,4.410363388993920921e+02,8.650373832351010428e-03,nan,1.931529093977922692e-05,1.003959781348439151e+01,1.000000000000000000e+00,1.000000000000000000e+00,-1.000000000000000000e+00,0.000000000000000000e+00
1.882000000000000000e+03,1.165659475517328048e+02,5.195368255572631000e+01,-8.029760094381173385e-03,2.423496380121825666e+02,2.506261698900225099e-02,nan,1.625442612367007227e-05,1.629118924228211540e+01,1.000000000000000000e+00,1.000000000000000000e+00,-1.000000000000000000e+00,0.000000000000000000e+00
1.885000000000000000e+03,1.270442354733216064e+02,3.947937579502274019e+01,-8.131355433263241089e-03,2.454111139270134743e+02,2.724629218909058181e-02,nan,1.850091208543565348e-05,1.629118924228211540e+01,1.000000000000000000e+00,1.000000000000000000e+00,-1.000000000000000000e+00,0.000000000000000000e+00
1.885000000000000000e+03,2.878924842608817158e+01,5.156439883779556510e+01,-8.032532112289002962e-03,2.424331700536490644e+02,2.452164059581096733e-02,nan,1.532628468301013193e-05,1.539896075386698726e+01,1.000000000000000000e+00,1.000000000000000000e+00,-1.000000000000000000e+00,0.000000000000000000e+00
1.885000000000000000e+03,1.395205377773226019e+02,5.168328629413606023e+01,-6.704410684860794868e-03,2.024115331677072334e+02,9.091413933309544504e-02,nan,2.984623053326660819e-05,1.745260870618455229e+01,1.000000000000000000e+00,1.000000000000000000e+00,-1.000000000000000000e+00,0.000000000000000000e+00
1.888000000000000000e+03,7.452614174922121038e+01,6.709063572793639629e+00,-1.456421542659368457e-03,4.426852644183749419e+01,2.944246260385958713e-01,nan,9.872227996706327667e-06,1.417867487258583736e+01,1.000000000000000000e+00,1.000000000000000000e+00,-1.000000000000000000e+00,0.000000000000000000e+00
1.889000000000000000e+03,2.687254110936688178e+01,3.200823008986105833e+01,-1.477406082945825674e-03,4.490087498634466101e+01,3.523317024110201867e-01,nan,1.388752499840691448e-05,1.556897621438548107e+01,1.000000000000000000e+00,1.000000000000000000e+00,-1.000000000000000000e+00,0.000000000000000000e+00
1.889000000000000000e+03,7.441054287240278597e+01,3.892837981253226332e+01,-1.510285749620840544e-03,4.589167150044531240e+01,3.536700123411415930e-01,nan,1.531785527384054910e-05,2.179747169648613081e+01,1.000000000000000000e+00,1.000000000000000000e+00,-1.000000000000000000e+00,0.000000000000000000e+00
1.892000000000000000e+03,1.200906206391744178e+02,5.706030264612421909e+00,-7.913006755210881885e-03,2.388313906223013419e+02,3.378560476973613280e-02,nan,2.180945222234483119e-05,3.228996999153882541e+01,1.000000000000000000e+00,1.000000000000000000e+00,-1.000000000000000000e+00,0.000000000000000000e+00
1.892000000000000000e+03,3.457948149963198858e+01,1.848062534308488836e+01,-7.337063196193572244e-03,2.214758962301790177e+02,2.182890113526692044e-02,nan,1.195617468350916563e-05,1.070497055720585067e+01,1.000000000000000000e+00,1.000000000000000000e+00,-1.000000000000000000e+00,0.000000000000000000e+00
1.892000000000000000e+03,1.227908067265689311e+02,4.452447256069719828e+01,-9.507420949810062999e-03,2.868774989255190917e+02,1.942396578185368039e-02,nan,2.012580508229706386e-05,1.453140478692881565e+01,1.000000000000000000e+00,1.000000000000000000e+00,-1.000000000000000000e+00,0.000000000000000000e+00
1.894000000000000000e+03,9.292475911961209079e+01,5.043288193607872216e+01,-1.732246397786738664e-03,5.258023798270248506e+01,2.451414981624443490e-01,nan,1.071683794921252390e-05,1.614747383312646178e+01,1.000000000000000000e+00,1.000000000000000000e+00,-1.000000000000000000e+00,0.000000000000000000e+00
1.895000000000000000e+03,1.897748630184795005e+01,4.973091636605548160e+01,-7.359261054231137564e-03,2.221448069153604195e+02,2.440092481141376002e-02,nan,1.367258317689654131e-05,3.264327355868487501e+01,1.000000000000000000e+00,1.000000000000000000e+00,-1.000000000000000000e+00,0.000000000000000000e+00
1.898000000000000000e+03,5.447318555879336088e+01,9.852651792766451422e+00,-1.239105409077846578e-03,3.771991785226134652e+01,3.693690334363877170e-01,nan,1.171638485852985393e-05,8.986638343099194515e+00,1.000000000000000000e+00,1.000000000000000000e+00,-1.000000000000000000e+00,0.000000000000000000e+00
1.899000000000000000e+03,6.199298950084227044e+01,2.565085137086191480e+01,-1.252761304075848724e-03,3.813142485732556253e+01,3.274429642489795622e-01,nan,9.775446104230901172e-06,1.038681673817936968e+01,1.000000000000000000e+00,1.000000000000000000e+00,-1.000000000000000000e+00,0.000000000000000000e+00
1.904000000000000000e+03,5.443456896076382634e+01,3.918193037766422293e+01,-1.312749352790111134e-03,3.993910588223559444e+01,3.576670759962423674e-01,nan,1.246380003433043424e-05,9.027033606927860276e+00,1.000000000000000000e+00,1.000000000000000000e+00,-1.000000000000000000e+00,0.000000000000000000e+00
1.908000000000000000e+03,8.995356163005129702e+01,2.376215181536968046e+01,-1.305738001177544688e-03,3.972782567658364172e+01,3.295916276862749239e-01,nan,1.010896526590535180e-05,2.950042583194583301e+01,1.000000000000000000e+00,1.000000000000000000e+00,-1.000000000000000000e+00,0.000000000000000000e+00
1.908000000000000000e+03,1.266907184032682778e+02,3.180280551587206261e+01,-2.005157301060460449e-03,6.080414044182133892e+01,2.367607301165594036e-01,nan,1.328344842982465516e-05,1.882465074677842765e+01,1.000000000000000000e+00,1.000000000000000000e+00,-1.000000000000000000e+00,0.000000000000000000e+00
1.910000000000000000e+03,5.740667856788343926e+01,2.992057561048033776e+01,-6.870135049356358714e-03,2.074054743857465439e+02,3.023835835702060049e-02,nan,1.436450843478493205e-05,1.431813037335977334e+01,1.000000000000000000e+00,1.000000000000000000e+00,-1.000000000000000000e+00,0.000000000000000000e+00
1.910000000000000000e+03,1.070324600492414646e+02,4.822460159492323584e+01,-6.576545078898783821e-03,1.985584285145266108e+02,3.241920157387034873e-02,nan,1.472111016902702830e-05,2.561488840451204041e+01,1.000000000000000000e+00,1.000000000000000000e+00,-1.000000000000000000e+00,0.000000000000000000e+00
1.913000000000000000e+03,5.019757325062775521e+01,1.156564869856069322e+01,-7.501614124659305646e-03,2.264344771041075433e+02,4.362642040971709267e-02,nan,2.650805352139118756e-05,6.836847084844176692e+00,1.000000000000000000e+00,1.000000000000000000e+00,-1.000000000000000000e+00,0.000000000000000000e+00
1.913000000000000000e+03,6.037631909276638709e+01,1.591378823644268437e+01,-8.633475069051840464e-03,2.605419967829178063e+02,1.414076530098318241e-02,nan,1.031524863832613349e-05,1.106856740322554522e+01,1.000000000000000000e+00,1.000000000000000000e+00,-1.000000000000000000e+00,0.000000000000000000e+00
1.915000000000000000e+03,7.951243704955639657e+01,8.435958273353785231e+00,-1.538395277207428580e-03,4.673872455062027598e+01,3.042292065194946993e-01,nan,1.177073413157222671e-05,2.045103237088270376e+01,1.000000000000000000e+00,1.000000000000000000e+00,-1.000000000000000000e+00,0.000000000000000000e+00
1.915000000000000000e+03,1.197702789787209952e+02,1.898778126553657231e+01,-8.328617054109112988e-03,2.513553994403594061e+02,2.868695647984875752e-02,nan,2.128130026462292748e-05,2.192337001543508634e+01,1.000000000000000000e+00,1.000000000000000000e+00,-1.000000000000000000e+00,0.000000000000000000e+00
1.916000000000000000e+03,8.221579595738884905e+01,5.178700123597906213e+01,-8.085604160582706562e-03,2.440324441875787898e+02,2.072007197524972089e-02,nan,1.313585126546768799e-05,5.516306629542905071e+00,1.000000000000000000e+00,1.000000000000000000e+00,-1.000000000000000000e+00,0.000000000000000000e+00
1.917000000000000000e+03,4.591144609713285263e+01,6.239149652694262471e+00,-7.581193753353530559e-03,2.288325311805978401e+02,5.512791273194062036e-02,nan,3.212500566958138989e-05,6.836847084844176692e+00,1.000000000000000000e+00,1.000000000000000000e+00,-1.000000000000000000e+00,0.000000000000000000e+00
1.919000000000000000e+03,9.992629953047115521e+01,9.668412591043855642e+00,-7.512768936593333668e-03,2.267706164235514734e+02,1.731868799874668463e-01,nan,1.215990813987182770e-04,5.742694777971089515e+00,1.000000000000000000e+00,1.000000000000000000e+00,-1.000000000000000000e+00,0.000000000000000000e+00
1.921000000000000000e+03,9.468386268093586011e+01,7.324185812003298324e+00,-9.344535865278337863e-03,2.819691166250482866e+02,1.106814260096948832e-01,nan,1.071550612309431536e-04,5.742694777971089515e+00,1.000000000000000000e+00,1.000000000000000000e+00,-1.000000000000000000e+00,0.000000000000000000e+00
1.922000000000000000e+03,1.278155082049983520e+02,2.156997489407248025e+01,-7.111380175884072542e-03,2.146751597134589247e+02,4.395406812843061228e-02,nan,2.235291114736219869e-05,9.580930380911723887e+00,1.000000000000000000e+00,1.000000000000000000e+00,-1.000000000000000000e+00,0.000000000000000000e+00
1.924000000000000000e+03,1.401523203929066028e+02,1.764036198975874115e+01,-7.897835000410071901e-03,2.383742046685016476e+02,3.659064361266017862e-02,nan,2.478714234315686901e-05,9.972033087135267593e+00,1.000000000000000000e+00,1.000000000000000000e+00,-1.000000000000000000e+00,0.000000000000000000e+00
1.925000000000000000e+03,8.087667460473716119e+01,8.804567274174505798e+00,-6.444241441500681358e-03,1.945715881358652268e+02,2.937070747224557188e-02,nan,1.181339615984860714e-05,9.796096601405013260e+00,1.000000000000000000e+00,1.000000000000000000e+00,-1.000000000000000000e+00,0.000000000000000000e+00
1.925000000000000000e+03,6.031299633414946015e+01,2.686441261972798955e+01,-6.937277072110295539e-03,2.094287334032966896e+02,2.771393086715423504e-02,nan,1.355315707473261746e-05,2.698673822514181353e+01,1.000000000000000000e+00,1.000000000000000000e+00,-1.000000000000000000e+00,0.000000000000000000e+00
1.926000000000000000e+03,1.359249667678725473e+02,2.667202436275696797e+01,-8.236343363698937423e-03,2.485748222616048224e+02,2.994517892793713276e-02,nan,2.156481239420194075e-05,9.580930380911723887e+00,1.000000000000000000e+00,1.000000000000000000e+00,-1.000000000000000000e+00,0.000000000000000000e+00
1.927000000000000000e+03,2.232945207501115448e+01,5.033152089311665378e+01,-1.532632837517545164e-02,4.622245682833566320e+02,6.188645439301421192e-03,nan,1.952633267344143627e-05,2.415200403341411572e+01,1.000000000000000000e+00,1.000000000000000000e+00,-1.000000000000000000e+00,0.000000000000000000e+00
1.930000000000000000e+03,8.558401028991828241e+01,1.739552178290514206e+01,-1.280699562893071073e-03,3.897331689107846131e+01,3.611287386517098019e-01,nan,1.297285261790304330e-05,9.796096601405013260e+00,1.000000000000000000e+00,1.000000000000000000e+00,-1.000000000000000000e+00,0.000000000000000000e+00
1.931000000000000000e+03,5.916986183324769399e+01,1.414047776377150889e+01,-6.732602801631487610e-03,2.032610749619598778e+02,3.641518691886280745e-02,nan,1.620721593458521761e-05,8.955002708449415039e+00,1.000000000000000000e+00,1.000000000000000000e+00,-1.000000000000000000e+00,0.000000000000000000e+00
1.931000000000000000e+03,1.325190299678595522e+02,3.633528278569218628e+01,-6.103814956737536358e-03,1.843131698330066399e+02,4.024394961509558666e-02,nan,1.525075224314234244e-05,1.024592449875125766e+01,1.000000000000000000e+00,1.000000000000000000e+00,-1.000000000000000000e+00,0.000000000000000000e+00
1.933000000000000000e+03,1.234977835864785760e+02,2.491089778223745199e+01,-7.450754491202471463e-03,2.249018719218366300e+02,3.319252381470261248e-02,nan,1.942466918907299271e-05,1.455676677633947591e+01,1.000000000000000000e+00,1.000000000000000000e+00,-1.000000000000000000e+00,0.000000000000000000e+00
1.937000000000000000e+03,8.378546403615061422e+01,3.104491456463469845e+01,-7.153234409940296620e-03,2.159363960153090147e+02,4.236985371254498034e-02,nan,2.223135359205667718e-05,2.164682186654677309e+01,1.000000000000000000e+00,1.000000000000000000e+00,-1.000000000000000000e+00,0.000000000000000000e+00
1.938000000000000000e+03,1.094900508476849268e+02,4.221367693953293099e+01,-1.314071519870918222e-03,3.997894809072482758e+01,3.340251283716985098e-01,nan,1.044420319013228688e-05,2.226213698294955279e+01,1.000000000000000000e+00,1.000000000000000000e+00,-1.000000000000000000e+00,0.000000000000000000e+00
1.939000000000000000e+03,1.404858852788017600e+02,3.799503995666892564e+01,-7.805207523814639871e-03,2.355829664899701186e+02,3.354354196043662917e-02,nan,2.517473602590827454e-05,2.432773381310982330e+01,1.000000000000000000e+00,1.000000000000000000e+00,-1.000000000000000000e+00,0.000000000000000000e+00
1.939000000000000000e+03,1.318215292783686721e+02,1.526251771255166290e+01,2.158957499983892806e-03,-6.543875862294541434e+01,2.511953931025259212e-01,nan,1.692789539238990745e-05,2.432773381310982330e+01,1.000000000000000000e+00,1.000000000000000000e+00,-1.000000000000000000e+00,0.000000000000000000e+00
1.940000000000000000e+03,7.280468178889081798e+01,5.166893300856875726e+01,-7.248950170136614531e-03,2.188206965918434435e+02,2.076971946475991704e-02,nan,1.065384634803203008e-05,2.336509609519010766e+01,1.000000000000000000e+00,1.000000000000000000e+00,-1.000000000000000000e+00,0.000000000000000000e+00
1.944000000000000000e+03,1.010647986163512542e+02,1.571083009512037520e+01,-7.125519783740588350e-03,2.151012429311951735e+02,2.951765560453678550e-02,nan,1.485492773913231819e-05,2.766155358201073611e+01,1.000000000000000000e+00,1.000000000000000000e+00,-1.000000000000000000e+00,0.000000000000000000e+00
1.944000000000000000e+03,1.107914851138621373e+02,4.327286838974442418e+01,-6.355908591289430136e-03,1.919097643121952501e+02,4.686939951285284955e-02,nan,1.931780344423198722e-05,1.000996049862626158e+01,1.000000000000000000e+00,1.000000000000000000e+00,-1.000000000000000000e+00,0.000000000000000000e+00
1.944000000000000000e+03,7.493143772261817048e+01,6.643912483916807332e+00,-1.401269092726443403e-03,4.260656144451052540e+01,2.630581496196932045e-01,nan,7.649910821535986768e-06,2.766155358201073611e+01,1.000000000000000000e+00,1.000000000000000000e+00,-1.000000000000000000e+00,0.000000000000000000e+00
1.952000000000000000e+03,1.385001334547797569e+02,1.694853820054275317e+01,-7.417132399238820714e-03,2.238887031496704765e+02,3.932597419564221042e-02,nan,2.351552130042285343e-05,4.076552953416194924e+01,1.000000000000000000e+00,1.000000000000000000e+00,-1.000000000000000000e+00,0.000000000000000000e+00
1.952000000000000000e+03,5.290379358823513201e+01,4.615438700925386684e+01,-1.454176856300480125e-03,4.420088501950744586e+01,2.930888545001369971e-01,nan,9.752477743788129066e-06,1.370318886787283574e+01,1.000000000000000000e+00,1.000000000000000000e+00,-1.000000000000000000e+00,0.000000000000000000e+00
1.956000000000000000e+03,8.049740963800496729e+01,1.419796553501971914e+01,-7.183122627852919946e-03,2.168370481543104802e+02,2.356204117234861339e-02,nan,1.326830813446849281e-05,2.189080433506167012e+01,1.000000000000000000e+00,1.000000000000000000e+00,-1.000000000000000000e+00,0.000000000000000000e+00
1.960000000000000000e+03,1.017421667153995486e+02,8.918987304486128309e+00,-1.469175521190149930e-03,4.465285507856346925e+01,3.579690765659877538e-01,nan,1.475560338437038317e-05,2.189080433506167012e+01,1.000000000000000000e+00,1.000000000000000000e+00,-1.000000000000000000e+00,0.000000000000000000e+00
1.961000000000000000e+03,1.250204959047715363e+02,1.653392170967790165e+01,-8.063514640546423987e-03,2.433667981618319516e+02,4.438005796207744602e-02,nan,2.889986500649431526e-05,1.982124025665849487e+01,1.000000000000000000e+00,1.000000000000000000e+00,-1.000000000000000000e+00,0.000000000000000000e+00
1.964000000000000000e+03,6.260224737952902530e+01,5.218482789979042025e+01,-1.569420933082584652e-02,4.733103001450912188e+02,7.058625515954264351e-03,nan,1.915121587450677759e-05,2.091656875602544119e+01,1.000000000000000000e+00,1.000000000000000000e+00,-1.000000000000000000e+00,0.000000000000000000e+00
1.966000000000000000e+03,1.064007062292269268e+02,2.332987622325888566e+01,-1.609843396954559885e-02,4.854912132582240361e+02,8.578684673513303771e-03,nan,2.160214974308366308e-05,1.982124025665849487e+01,1.000000000000000000e+00,1.000000000000000000e+00,-1.000000000000000000e+00,0.000000000000000000e+00
1.966000000000000000e+03,2.931185408366824063e+01,2.376380314201243849e+01,-1.307377759282999296e-03,3.977723817917714655e+01,3.358394997334611665e-01,nan,9.434450709500720003e-06,1.504776805341513501e+01,1.000000000000000000e+00,1.000000000000000000e+00,-1.000000000000000000e+00,0.000000000000000000e+00
1.967000000000000000e+03,2.199339057057694546e+01,1.061559356059290060e+01,-7.771254205569858887e-03,2.345598165386160474e+02,1.240093200618774816e-02,nan,7.417544127265935531e-06,8.758079516205157233e+00,1.000000000000000000e+00,1.000000000000000000e+00,-1.000000000000000000e+00,0.000000000000000000e+00
1.972000000000000000e+03,2.191489146323686299e+01,4.594545001708591769e+01,-7.233577044681429279e-03,2.183574425308342484e+02,2.627958481876790930e-02,nan,1.410050935984991762e-05,3.532994366463460523e+01,1.000000000000000000e+00,1.000000000000000000e+00,-1.000000000000000000e+00,0.000000000000000000e+00
1.974000000000000000e+03,9.264825903090752490e+01,6.637232638351481029e+00,-8.026233689192259491e-03,2.422433732497378287e+02,1.970131926131968303e-02,nan,1.358949432309213508e-05,3.175032486629200790e+01,1.000000000000000000e+00,1.000000000000000000e+00,-1.000000000000000000e+00,0.000000000000000000e+00
1.977000000000000000e+03,1.096172146760930559e+02,3.535314789090501364e+01,-7.734705530509092090e-03,2.334584580545678136e+02,3.885840453865296862e-02,nan,2.389093991334424147e-05,7.945942939756973189e+00,1.000000000000000000e+00,1.000000000000000000e+00,-1.000000000000000000e+00,0.000000000000000000e+00
1.978000000000000000e+03,6.089857753966064280e+01,6.435108123619268206e+00,-1.408278775192456887e-03,4.281779135206783593e+01,3.674671879278563758e-01,nan,1.135782308884556993e-05,1.519607036126770794e+01,1.000000000000000000e+00,1.000000000000000000e+00,-1.000000000000000000e+00,0.000000000000000000e+00
1.981000000000000000e+03,1.163222528418802142e+02,3.961700440786372468e+01,-6.201644803565928288e-03,1.872611763371670861e+02,6.813935536915838309e-02,nan,2.758380863061321399e-05,7.945942939756973189e+00,1.000000000000000000e+00,1.000000000000000000e+00,-1.000000000000000000e+00,0.000000000000000000e+00
1.982000000000000000e+03,4.480782422771329010e+01,3.609589616764129971e+01,-1.465203976402061799e-02,4.419055421802833052e+02,7.600518534548017513e-03,nan,1.832135034558941234e-05,2.953016505851315543e+01,1.000000000000000000e+00,1.000000000000000000e+00,-1.000000000000000000e+00,0.000000000000000000e+00
1.983000000000000000e+03,1.422998702714203603e+02,2.488818981095501570e+01,-9.162155385771851915e-03,2.764732597138118422e+02,2.677363689831835369e-02,nan,2.526408406319573277e-05,2.986259511070092998e+01,1.000000000000000000e+00,1.000000000000000000e+00,-1.000000000000000000e+00,0.000000000000000000e+00
1.985000000000000000e+03,8.071387472285823605e+01,2.378537529760023972e+01,-8.545899966755581001e-03,2.579030069496334932e+02,2.814490293161286960e-02,nan,2.089583290704376275e-05,1.830683559886569967e+01,1.000000000000000000e+00,1.000000000000000000e+00,-1.000000000000000000e+00,0.000000000000000000e+00
1.986000000000000000e+03,4.811859350242167466e+01,6.751911175948739796e+00,-8.122860535139718105e-03,2.451551285019902195e+02,2.060903192654306437e-02,nan,1.307140724274988560e-05,2.953016505851315543e+01,1.000000000000000000e+00,1.000000000000000000e+00,-1.000000000000000000e+00,0.000000000000000000e+00
1.987000000000000000e+03,7.771943379127724150e+00,4.319410104459904431e+01,-1.740869336278175585e-03,5.284008177865897693e+01,2.591148654413808483e-01,nan,1.167831446439732920e-05,1.607956495144619424e+01,1.000000000000000000e+00,1.000000000000000000e+00,-1.000000000000000000e+00,0.000000000000000000e+00
1.988000000000000000e+03,1.045975718294474177e+02,1.601120814658237990e+01,-8.722610787578010186e-03,2.632280142559810656e+02,2.528087036476645011e-02,nan,1.927119571307433672e-05,1.080312860138540820e+01,1.000000000000000000e+00,1.000000000000000000e+00,-1.000000000000000000e+00,0.000000000000000000e+00
1.988000000000000000e+03,1.040802327624821828e+02,2.680194249915834348e+01,-7.466275298789177076e-03,2.253695762390649975e+02,2.953737193743755096e-02,nan,1.594331813998764056e-05,1.080312860138540820e+01,1.000000000000000000e+00,1.000000000000000000e+00,-1.000000000000000000e+00,0.000000000000000000e+00
1.989000000000000000e+03,2.261182526819300520e+01,3.700295296477014517e+01,-1.556375959582139258e-03,4.728055478248062826e+01,3.382194932272356569e-01,nan,1.416913398354589127e-05,1.607956495144619424e+01,1.000000000000000000e+00,1.000000000000000000e+00,-1.000000000000000000e+00,0.000000000000000000e+00
1.992000000000000000e+03,1.002778119399192178e+02,4.714213456154001136e+01,-7.258843164170704007e-03,2.191188122661864099e+02,3.555404784021920506e-02,nan,1.876836726704449179e-05,2.069255463316297750e+01,1.000000000000000000e+00,1.000000000000000000e+00,-1.000000000000000000e+00,0.000000000000000000e+00
1.993000000000000000e+03,6.720751698993643686e+01,2.831136505371127399e+01,-7.577385399325385976e-03,2.287177701663563596e+02,1.950854895313924864e-02,nan,1.068802084016555449e-05,1.348021241028574302e+01,1.000000000000000000e+00,1.000000000000000000e+00,-1.000000000000000000e+00,0.000000000000000000e+00
1.997000000000000000e+03,6.807316166978559124e+01,1.485897545503139305e+01,-1.218619301816100320e-03,3.710258909820027640e+01,2.990570654996382860e-01,nan,7.168020923746909000e-06,1.348021241028574302e+01,1.000000000000000000e+00,1.000000000000000000e+00,-1.000000000000000000e+00,0.000000000000000000e+00
1.998000000000000000e+03,4.095073213447064830e+01,2.078884295167056351e+01,-1.253515074958897997e-03,3.815413900375342848e+01,3.415843307415603602e-01,nan,9.629203342802194953e-06,1.877050015713434661e+01,1.000000000000000000e+00,1.000000000000000000e+00,-1.000000000000000000e+00,0.000000000000000000e+00
2.000000000000000000e+03,1.211515535954049483e+02,3.100954910956995292e+01,-7.213976995831579073e-03,2.177668142781643041e+02,3.762918747808829956e-02,nan,1.918320590721629825e-05,3.309045149473602176e+00,1.000000000000000000e+00,1.000000000000000000e+00,-1.000000000000000000e+00,0.000000000000000000e+00
2.000000000000000000e+03,1.298138952368063315e+02,3.729010225999095951e+01,-2.222576665029387007e-03,6.735585977789625645e+01,2.826506599828996213e-01,nan,2.295975959613733066e-05,7.858190792549028636e+00,1.000000000000000000e+00,1.000000000000000000e+00,-1.000000000000000000e+00,0.000000000000000000e+00
2.003000000000000000e+03,2.376972513304413681e+01,2.834825262213515984e+01,-1.294305424215957219e-03,3.938331618040508886e+01,3.581975421647731750e-01,nan,1.134568666878388154e-05,6.537088436815214010e+00,1.000000000000000000e+00,1.000000000000000000e+00,-1.000000000000000000e+00,0.000000000000000000e+00
2.004000000000000000e+03,6.520221889670399662e+01,4.381121577940550793e+01,-1.372651828145112721e-03,4.174420823787584567e+01,2.975169581648773320e-01,nan,9.097386599908844027e-06,3.447605315892715083e+01,1.000000000000000000e+00,1.000000000000000000e+00,-1.000000000000000000e+00,0.000000000000000000e+00
2.007000000000000000e+03,1.364946306522679720e+02,1.808485845107413681e+01,-8.076735350696813420e-03,2.437651912982470037e+02,2.667491703155511207e-02,nan,1.806448908505741836e-05,3.076039985157616030e+01,1.000000000000000000e+00,1.000000000000000000e+00,-1.000000000000000000e+00,0.000000000000000000e+00
2.007000000000000000e+03,9.915889230410665789e+01,5.038072226765646633e+01,-7.715246466121155819e-03,2.328720782304110912e+02,2.576975352948029929e-02,nan,1.626793547401216621e-05,1.869204256715626045e+01,1.000000000000000000e+00,1.000000000000000000e+00,-1.000000000000000000e+00,0.000000000000000000e+00
2.007000000000000000e+03,1.887878646254308990e+01,3.268556102160834342e+01,-1.174980929665358966e-03,3.578758954436244011e+01,3.516508360343191253e-01,nan,9.083614654665211134e-06,6.537088436815214010e+00,1.000000000000000000e+00,1.000000000000000000e+00,-1.000000000000000000e+00,0.000000000000000000e+00
2.009000000000000000e+03,6.983761326569883465e+01,9.648204195807350558e+00,1.686825687558663519e-03,-5.121152941862966657e+01,3.229860280737694156e-01,nan,1.401727870225969232e-05,1.428505206807453476e+01,1.000000000000000000e+00,1.000000000000000000e+00,-1.000000000000000000e+00,0.000000000000000000e+00
2.012000000000000000e+03,2.387218485978798199e+01,3.804948416051783511e+01,-8.124294510476087403e-03,2.451983399426238464e+02,2.162454786436829313e-02,nan,1.443166586195332115e-05,7.328417222957254396e+00,1.000000000000000000e+00,1.000000000000000000e+00,-1.000000000000000000e+00,0.000000000000000000e+00
2.014000000000000000e+03,1.326412609848596844e+02,1.115808069180540230e+01,-8.139834452612043636e-03,2.456666208607309443e+02,2.683991860532064511e-02,nan,1.731467140828308354e-05,2.030429415666137061e+01,1.000000000000000000e+00,1.000000000000000000e+00,-1.000000000000000000e+00,0.000000000000000000e+00
2.014000000000000000e+03,1.300994311733819586e+02,3.130264478263934080e+01,-7.632240099976200266e-03,2.303707627810339886e+02,3.261802227837629076e-02,nan,1.997392964764576010e-05,1.869867273060651414e+01,1.000000000000000000e+00,1.000000000000000000e+00,-1.000000000000000000e+00,0.000000000000000000e+00
2.016000000000000000e+03,9.708572092035139178e+01,3.130997494738939935e+01,-7.032816306780940822e-03,2.123077145562124315e+02,2.802241051710918640e-02,nan,1.454350406483875414e-05,1.607429909249526290e+01,1.000000000000000000e+00,1.000000000000000000e+00,-1.000000000000000000e+00,0.000000000000000000e+00
2.019000000000000000e+03,8.595713286535694664e+00,2.878459580113323923e+01,-7.986583161634084813e-03,2.410485434822954574e+02,1.728022676399654234e-02,nan,1.101250881864263080e-05,2.398162945553261949e+01,1.000000000000000000e+00,1.000000000000000000e+00,-1.000000000000000000e+00,0.000000000000000000e+00
2.019000000000000000e+03,7.626791199847016856e+01,1.205510542464893753e+01,-1.764783069071444981e-03,5.356069866705067994e+01,2.759221421110669148e-01,nan,1.325415546910653410e-05,1.369953879870812230e+01,1.000000000000000000e+00,1.000000000000000000e+00,-1.000000000000000000e+00,0.000000000000000000e+00
2.019000000000000000e+03,1.077311356911582862e+02,4.335398738812028796e+01,-1.815835439215883300e-03,5.509911178040876223e+01,3.018458741002533197e-01,nan,1.664690374418570165e-05,1.607429909249526290e+01,1.000000000000000000e+00,1.000000000000000000e+00,-1.000000000000000000e+00,0.000000000000000000e+00
2.020000000000000000e+03,2.386154855941491348e+01,4.727980666134747167e+01,-8.250774798244653319e-03,2.490096993904606393e+02,1.832251403081075480e-02,nan,1.410354274338270927e-05,2.398162945553261949e+01,1.000000000000000000e+00,1.000000000000000000e+00,-1.000000000000000000e+00,0.000000000000000000e+00
2.022000000000000000e+03,8.190152087716447227e+01,4.582911846475845863e+01,-8.312778070906048228e-03,2.508781072129287679e+02,1.419780169092133004e-02,nan,1.096704676805541842e-05,1.176101292511655316e+01,1.000000000000000000e+00,1.000000000000000000e+00,-1.000000000000000000e+00,0.000000000000000000e+00
2.022000000000000000e+03,8.954440348907517944e+01,3.689000383268713534e+01,-7.500115426283798965e-03,2.263893152981556227e+02,3.105984822942364776e-02,nan,1.708595258457739729e-05,1.176101292511655316e+01,1.000000000000000000e+00,1.000000000000000000e+00,-1.000000000000000000e+00,0.000000000000000000e+00
2.023000000000000000e+03,3.194523947996690794e+01,7.617933205156831811e+00,-7.622789080295741017e-03,2.300859655704463478e+02,1.842708530144121504e-02,nan,1.112748481956440163e-05,3.151551965158812152e+01,1.000000000000000000e+00,1.000000000000000000e+00,-1.000000000000000000e+00,0.000000000000000000e+00
2.023000000000000000e+03,1.433863534891400207e+02,2.035542217040265456e+01,-6.472183288113141260e-03,1.954135882843094976e+02,5.055233148692617196e-02,nan,2.128588876674090470e-05,3.687358279238407022e+01,1.000000000000000000e+00,1.000000000000000000e+00,-1.000000000000000000e+00,0.000000000000000000e+00
2.028000000000000000e+03,8.864654178464974166e+01,3.602326844919805637e+01,1.624704839227743974e-03,-4.933957856865279723e+01,2.909309656860581406e-01,nan,1.227850095220632908e-05,2.173287387825620343e+01,1.000000000000000000e+00,1.000000000000000000e+00,-1.000000000000000000e+00,0.000000000000000000e+00
2.028000000000000000e+03,2.949184335670082291e+01,5.250768002339902552e+01,-1.347015218548282571e-03,4.097167414642775896e+01,3.324902022769619103e-01,nan,1.154957768240461881e-05,2.099411002067959586e+01,1.000000000000000000e+00,1.000000000000000000e+00,-1.000000000000000000e+00,0.000000000000000000e+00
2.029000000000000000e+03,5.729144210150397498e+01,4.948916856282993137e+01,-8.245045998644067939e-03,2.488370676320446080e+02,1.656384785538700388e-02,nan,1.157269808839414393e-05,2.796299522243008795e+01,1.000000000000000000e+00,1.000000000000000000e+00,-1.000000000000000000e+00,0.000000000000000000e+00
2.032000000000000000e+03,2.782661582748183449e+01,3.157971612730223754e+01,-1.724754439373316593e-03,5.235447516238027532e+01,2.672902876384897208e-01,nan,1.116600460500783504e-05,2.099411002067959586e+01,1.000000000000000000e+00,1.000000000000000000e+00,-1.000000000000000000e+00,0.000000000000000000e+00
2.039000000000000000e+03,4.775578675588854338e+01,3.944610471268655516e+01,-7.663733357806597549e-03,2.313197812240871656e+02,2.354363549343652107e-02,nan,1.349744513242177197e-05,2.070934048319601573e+01,1.000000000000000000e+00,1.000000000000000000e+00,-1.000000000000000000e+00,0.000000000000000000e+00
2.039000000000000000e+03,9.730235746637920613e+01,1.721509350534407190e+01,-1.432236561864035258e-03,4.353973576088402098e+01,3.516843726349343502e-01,nan,1.336148833713069659e-05,1.612697794822230790e+01,1.000000000000000000e+00,1.000000000000000000e+00,-1.000000000000000000e+00,0.000000000000000000e+00
2.048000000000000000e+03,5.504394123866159561e+01,1.715869432385155235e+01,-6.653359143395309698e-03,2.008731450257768074e+02,2.660307802374162200e-02,nan,1.236363029101596526e-05,2.255927506856006914e+01,1.000000000000000000e+00,1.000000000000000000e+00,-1.000000000000000000e+00,0.000000000000000000e+00
2.049000000000000000e+03,1.128630447262526957e+02,7.382467944006169347e+00,-1.757037064497616154e-03,5.332728041479725078e+01,3.072087458560681661e-01,nan,1.575237485481795663e-05,1.210994224424086596e+01,1.000000000000000000e+00,1.000000000000000000e+00,-1.000000000000000000e+00,0.000000000000000000e+00
2.053000000000000000e+03,1.295517884673090236e+02,8.727252288649935963e+00,-7.514690515868346389e-03,2.268285213307413528e+02,2.611963361730074151e-02,nan,1.423374998475679920e-05,1.585925184568132629e+01,1.000000000000000000e+00,1.000000000000000000e+00,-1.000000000000000000e+00,0.000000000000000000e+00
2.053000000000000000e+03,1.822547538038793391e+01,5.138093201056347681e+01,-6.824850291666048445e-03,2.060408626180868907e+02,2.119074181718905159e-02,nan,9.632097560658021894e-06,3.013145233894136155e+01,1.000000000000000000e+00,1.000000000000000000e+00,-1.000000000000000000e+00,0.000000000000000000e+00
2.053000000000000000e+03,1.009001372299525343e+02,9.263835902119335941e+00,1.854827306806460310e-03,-5.627409347559653696e+01,3.235554399052985586e-01,nan,2.063616089076527319e-05,1.210994224424086596e+01,1.000000000000000000e+00,1.000000000000000000e+00,-1.000000000000000000e+00,0.000000000000000000e+00
2.055000000000000000e+03,9.850262123276391435e+01,3.774570366386483045e+01,-8.081972362452125372e-03,2.439230035121831577e+02,2.586573101938993702e-02,nan,1.710211691432462651e-05,2.313654721218315657e+01,1.000000000000000000e+00,1.000000000000000000e+00,-1.000000000000000000e+00,0.000000000000000000e+00
2.056000000000000000e+03,7.301660920117208775e+01,2.965228584595618599e+01,-7.071146321115467925e-03,2.134627519525293451e+02,2.223437335277389515e-02,nan,1.161946679936003034e-05,1.973293884836169809e+01,1.000000000000000000e+00,1.000000000000000000e+00,-1.000000000000000000e+00,0.000000000000000000e+00
2.056000000000000000e+03,1.077358220534548039e+01,8.473047978981870898e+00,-6.894104726918449770e-03,2.081277771148883460e+02,3.826036215577743871e-02,nan,1.829334478269119315e-05,2.521204417210442728e+01,1.000000000000000000e+00,1.000000000000000000e+00,-1.000000000000000000e+00,0.000000000000000000e+00
2.056000000000000000e+03,6.365680225970685768e+01,4.702418527036230245e+01,-1.334971422225925347e-03,4.060874615416202715e+01,3.559743349530842815e-01,nan,1.188174202939426248e-05,1.973293884836169809e+01,1.000000000000000000e+00,1.000000000000000000e+00,-1.000000000000000000e+00,0.000000000000000000e+00
2.057000000000000000e+03,4.529193693482731220e+01,3.814042299557655724e+01,-1.661326348584549759e-03,5.044313184279227613e+01,2.376015754383262735e-01,nan,9.436207174445468545e-06,2.040072328511588395e+01,1.000000000000000000e+00,1.000000000000000000e+00,-1.000000000000000000e+00,0.000000000000000000e+00
2.059000000000000000e+03,1.692529274718374310e+01,5.141723799198571498e+01,-8.640900602210573045e-03,2.607657579433252408e+02,2.753229415821978332e-02,nan,2.038947704407159073e-05,2.589155153550309763e+01,1.000000000000000000e+00,1.000000000000000000e+00,-1.000000000000000000e+00,0.000000000000000000e+00
2.063000000000000000e+03,7.503690564585389211e+01,2.385035944378263650e+01,-6.382445835191406965e-03,1.927094381352847279e+02,2.315017699980037591e-02,nan,9.314478191260988334e-06,2.169593430701193881e+01,1.000000000000000000e+00,1.000000000000000000e+00,-1.000000000000000000e+00,0.000000000000000000e+00
2.063000000000000000e+03,4.467354341761676295e+01,3.889946077801978674e+01,-6.996438350256393990e-03,2.112115005078499621e+02,2.227406270682652512e-02,nan,1.091612198988183289e-05,1.004340590435368341e+01,1.000000000000000000e+00,1.000000000000000000e+00,-1.000000000000000000e+00,0.000000000000000000e+00
2.064000000000000000e+03,4.685803704486072263e+01,2.909650256367770282e+01,-7.900760950823601872e-03,2.384623753150842731e+02,1.778142990810993584e-02,nan,1.072600759639287708e-05,1.004340590435368341e+01,1.000000000000000000e+00,1.000000000000000000e+00,-1.000000000000000000e+00,0.000000000000000000e+00
2.066000000000000000e+03,3.808937357488517250e+01,9.468876719443725776e+00,-6.879492404008287834e-03,2.076874490925455063e+02,2.729876131130393180e-02,nan,1.276673525583969825e-05,1.023245630641237547e+01,1.000000000000000000e+00,1.000000000000000000e+00,-1.000000000000000000e+00,0.000000000000000000e+00
2.068000000000000000e+03,2.813774678777697957e+01,7.088060398777835225e+00,-7.836323674384177915e-03,2.365206211755012191e+02,1.984368450554618857e-02,nan,1.257903398333756666e-05,1.023245630641237547e+01,1.000000000000000000e+00,1.000000000000000000e+00,-1.000000000000000000e+00,0.000000000000000000e+00
2.070000000000000000e+03,8.665550383695710934e+01,3.797424181149573030e+01,-8.262055635924974925e-03,2.493496363721907869e+02,1.978254919196009709e-02,nan,1.347099015517203603e-05,3.060415099265491534e+01,1.000000000000000000e+00,1.000000000000000000e+00,-1.000000000000000000e+00,0.000000000000000000e+00
2.070000000000000000e+03,5.327337013565320234e+01,2.804741857981619191e+01,-1.395502138336804756e-03,4.243277992894019235e+01,3.032369363595601719e-01,nan,9.708886524322851846e-06,2.386443359481717863e+01,1.000000000000000000e+00,1.000000000000000000e+00,-1.000000000000000000e+00,0.000000000000000000e+00
2.071000000000000000e+03,1.797539596725799171e+01,4.025490573927465476e+01,-6.479651035066902841e-03,1.956386215160360962e+02,4.224765235458793899e-02,nan,1.812648513315753560e-05,1.722523151466848290e+01,1.000000000000000000e+00,1.000000000000000000e+00,-1.000000000000000000e+00,0.000000000000000000e+00
2.072000000000000000e+03,7.890394225376228121e+01,8.368037208352847145e+00,-7.332996724546154456e-03,2.213533570945857605e+02,1.745910569391162515e-02,nan,9.357008466245569624e-06,2.403694403940222557e+01,1.000000000000000000e+00,1.000000000000000000e+00,-1.000000000000000000e+00,0.000000000000000000e+00
2.073000000000000000e+03,1.292649064531280203e+02,4.417580252329885937e+00,-2.148490928868951235e-03,6.512335876570929827e+01,2.615365195814749466e-01,nan,1.864375195690214844e-05,2.189700593506719528e+01,1.000000000000000000e+00,1.000000000000000000e+00,-1.000000000000000000e+00,0.000000000000000000e+00
2.074000000000000000e+03,2.941827761261898644e+01,2.737977232698766983e+01,-1.203008435879786677e-03,3.663217096091588587e+01,3.719765680598680069e-01,nan,1.053932772701634216e-05,1.456098332731991540e+01,1.000000000000000000e+00,1.000000000000000000e+00,-1.000000000000000000e+00,0.000000000000000000e+00
2.075000000000000000e+03,1.364802003306293159e+02,2.772753786237271356e+01,-5.533164590663688237e-03,1.671171806198352101e+02,4.997637470003990501e-02,nan,1.599020298318834047e-05,1.368997129992378525e+01,1.000000000000000000e+00,1.000000000000000000e+00,-1.000000000000000000e+00,0.000000000000000000e+00
2.076000000000000000e+03,9.700503159493698035e+01,2.418338555785706490e+01,-7.572807983669522548e-03,2.285798342340901854e+02,2.429896144145049508e-02,nan,1.447147042479612683e-05,2.087312300401944398e+01,1.000000000000000000e+00,1.000000000000000000e+00,-1.000000000000000000e+00,0.000000000000000000e+00
2.077000000000000000e+03,1.490518268793907453e+01,2.619980996923267469e+01,-8.953760075145741903e-03,2.701934713764144362e+02,1.828099843282804393e-02,nan,1.573780721689420361e-05,1.456098332731991540e+01,1.000000000000000000e+00,1.000000000000000000e+00,-1.000000000000000000e+00,0.000000000000000000e+00
2.078000000000000000e+03,1.321908859673658299e+02,4.282029102958644273e+01,-8.070252509196539081e-03,2.435698372265823934e+02,2.919695830317470264e-02,nan,1.954884141769097107e-05,9.498307647956540478e+00,1.000000000000000000e+00,1.000000000000000000e+00,-1.000000000000000000e+00,0.000000000000000000e+00
2.082000000000000000e+03,1.412860139543293769e+02,4.008231822548810186e+01,-2.115626654312709708e-03,6.413302607801468014e+01,2.557740369453291862e-01,nan,1.744836262712341074e-05,9.498307647956540478e+00,1.000000000000000000e+00,1.000000000000000000e+00,-1.000000000000000000e+00,0.000000000000000000e+00
2.085000000000000000e+03,1.062204886493979785e+02,4.698253110564300528e+01,-7.284449955716353411e-03,2.198904478199011692e+02,2.591189181796549335e-02,nan,1.495196902649620231e-05,1.904395725029537800e+01,1.000000000000000000e+00,1.000000000000000000e+00,-1.000000000000000000e+00,0.000000000000000000e+00
2.085000000000000000e+03,1.149797284274236802e+02,3.007253328594680752e+01,-7.400418743477212707e-03,2.233850535223747329e+02,3.692801329499306728e-02,nan,2.031687331551477338e-05,1.904395725029537800e+01,1.000000000000000000e+00,1.000000000000000000e+00,-1.000000000000000000e+00,0.000000000000000000e+00
2.086000000000000000e+03,8.938662128719670363e+01,1.934784029483827084e+01,-8.056652341410071305e-03,2.431600095063927824e+02,1.914484615918221611e-02,nan,1.226154618107006907e-05,1.085518495550443774e+01,1.000000000000000000e+00,1.000000000000000000e+00,-1.000000000000000000e+00,0.000000000000000000e+00
2.088000000000000000e+03,1.069136022808756792e+02,5.606117507871438477e+00,-7.548792277092073594e-03,2.278561444657057109e+02,3.025007214390007526e-02,nan,1.667125758583915695e-05,2.227173113852238373e+01,1.000000000000000000e+00,1.000000000000000000e+00,-1.000000000000000000e+00,0.000000000000000000e+00
2.088000000000000000e+03,6.703706151701129556e+01,1.849841715485922933e+01,-1.384176658763194585e-03,4.209149770753074904e+01,3.329812065683248612e-01,nan,1.144863521020296391e-05,1.358648880225761957e+01,1.000000000000000000e+00,1.000000000000000000e+00,-1.000000000000000000e+00,0.000000000000000000e+00
2.089000000000000000e+03,2.191527323402667449e+01,3.960699474863758951e+01,-1.268711220696760403e-03,3.861205995452391448e+01,3.562162621520374994e-01,nan,1.188585782919767908e-05,2.075056916559905673e+01,1.000000000000000000e+00,1.000000000000000000e+00,-1.000000000000000000e+00,0.000000000000000000e+00
2.091000000000000000e+03,5.248127226099832399e+00,5.196791561428342732e+01,-5.590178397132917164e-03,1.688352357711742684e+02,1.392268828880429687e-01,nan,5.079303165652606018e-05,2.075056916559905673e+01,1.000000000000000000e+00,1.000000000000000000e+00,-1.000000000000000000e+00,0.000000000000000000e+00
2.091000000000000000e+03,8.303035219826554680e+01,2.814743594960037854e+01,-1.270563445139179150e-03,3.866787492184154473e+01,2.668424587016735572e-01,nan,6.778324554141367992e-06,1.085518495550443774e+01,1.000000000000000000e+00,1.000000000000000000e+00,-1.000000000000000000e+00,0.000000000000000000e+00
2.093000000000000000e+03,3.936960184102250082e+01,2.672569564795053765e+01,-1.184502117542996641e-03,3.607450120476650568e+01,3.560986660373761659e-01,nan,9.086725692381243801e-06,2.169288947195264683e+01,1.000000000000000000e+00,1.000000000000000000e+00,-1.000000000000000000e+00,0.000000000000000000e+00
2.096000000000000000e+03,1.049733217999623065e+02,4.920551103023549366e+00,-6.584260087000104802e-03,1.987909127184755391e+02,3.774111549171987878e-02,nan,1.633505669965034453e-05,2.436939815334286763e+01,1.000000000000000000e+00,1.000000000000000000e+00,-1.000000000000000000e+00,0.000000000000000000e+00
2.098000000000000000e+03,6.487355051777302606e+01,3.211357887858363114e+01,-1.399130506775601033e-03,4.254211725393697918e+01,3.586506416755903537e-01,nan,1.366133543658300195e-05,2.047203781505216469e+01,1.000000000000000000e+00,1.000000000000000000e+00,-1.000000000000000000e+00,0.000000000000000000e+00
2.099000000000000000e+03,1.975576291130919060e+01,3.634163900617858189e+01,-1.450749444882232925e-03,4.409760333727042791e+01,3.080974890700903801e-01,nan,1.158934923318406568e-05,2.005644718916229863e+01,1.000000000000000000e+00,1.000000000000000000e+00,-1.000000000000000000e+00,0.000000000000000000e+00
2.100000000000000000e+03,8.651905374187569464e+01,2.083618985226748066e+01,-7.686626705785444200e-03,2.320096498166654158e+02,2.120940774579394006e-02,nan,1.216939438343648832e-05,1.536482528937193592e+01,1.000000000000000000e+00,1.000000000000000000e+00,-1.000000000000000000e+00,0.000000000000000000e+00
2.100000000000000000e+03,4.442471745810079398e+01,3.308803195522801843e+01,-1.501985503872361669e-02,4.529892948110735915e+02,5.648080429380031298e-03,nan,1.461520267500813397e-05,2.047203781505216469e+01,1.000000000000000000e+00,1.000000000000000000e+00,-1.000000000000000000e+00,0.000000000000000000e+00
2.103000000000000000e+03,5.071130276210239707e+00,1.183582972527515587e+01,-1.180868106743867716e-03,3.596499385277387972e+01,3.639563328567264611e-01,nan,9.317430704224752920e-06,2.125468594979633963e+01,1.000000000000000000e+00,1.000000000000000000e+00,-1.000000000000000000e+00,0.000000000000000000e+00
2.106000000000000000e+03,3.049597222817031650e+01,2.450259252859221348e+01,-1.246067825339115635e-03,3.792972343908699173e+01,3.104576537620654664e-01,nan,8.064967928249865814e-06,8.791973925088113262e+00,1.000000000000000000e+00,1.000000000000000000e+00,-1.000000000000000000e+00,0.000000000000000000e+00
2.106000000000000000e+03,1.384914904250111078e+02,4.774808340266310580e+01,-1.734403636037182587e-03,5.264524424203444397e+01,2.885936498314878307e-01,nan,1.700136107032776617e-05,1.819775916907077828e+01,1.000000000000000000e+00,1.000000000000000000e+00,-1.000000000000000000e+00,0.000000000000000000e+00
2.108000000000000000e+03,7.982170723407207014e+00,4.302445388564778028e+01,-1.538657592582691816e-03,4.674662916723256245e+01,2.827900519460705420e-01,nan,1.057032883580792706e-05,2.915356935824259921e+01,1.000000000000000000e+00,1.000000000000000000e+00,-1.000000000000000000e+00,0.000000000000000000e+00
2.108000000000000000e+03,6.123151027831070081e+01,5.258993342866364173e+01,-1.337457359808160058e-03,4.068365744554143504e+01,3.420350051483148635e-01,nan,1.109398101890759534e-05,2.985705003844976702e+01,1.000000000000000000e+00,1.000000000000000000e+00,-1.000000000000000000e+00,0.000000000000000000e+00
2.109000000000000000e+03,9.055578309466419284e+01,4.697473434131466519e+01,-7.211731761774786351e-03,2.176991563514949632e+02,3.346051021877782805e-02,nan,1.765309961714976326e-05,1.600020662027900187e+01,1.000000000000000000e+00,1.000000000000000000e+00,-1.000000000000000000e+00,0.000000000000000000e+00
2.111000000000000000e+03,1.064532482591754814e+02,1.411128438526685436e+01,-8.267446184907002379e-03,2.495120752798984540e+02,2.229828061799954408e-02,nan,1.730107798425965373e-05,9.980913989959141475e+00,1.000000000000000000e+00,1.000000000000000000e+00,-1.000000000000000000e+00,0.000000000000000000e+00
2.112000000000000000e+03,1.090611937860922609e+02,2.374545607792403246e+01,-8.015037391456703020e-03,2.419059837963449979e+02,2.724223916218271313e-02,nan,1.952917809188317539e-05,9.980913989959141475e+00,1.000000000000000000e+00,1.000000000000000000e+00,-1.000000000000000000e+00,0.000000000000000000e+00
2.114000000000000000e+03,9.834523836493831084e+01,3.299864767572695001e+01,-1.627689604433876086e-02,4.908689928857346558e+02,7.775303738968064593e-03,nan,2.026447382347054219e-05,1.415815155074309928e+01,1.000000000000000000e+00,1.000000000000000000e+00,-1.000000000000000000e+00,0.000000000000000000e+00
2.115000000000000000e+03,5.148982433834326145e+01,1.711742897955929621e+01,-1.476506234386234205e-03,4.487375893237507540e+01,3.215566829049067987e-01,nan,1.242605589897136746e-05,1.735676171668355749e+01,1.000000000000000000e+00,1.000000000000000000e+00,-1.000000000000000000e+00,0.000000000000000000e+00
2.117000000000000000e+03,6.341011539138804665e+01,4.501413820229769769e+00,-1.224434090081261400e-03,3.727781204070452503e+01,3.564218026580491250e-01,nan,1.021004593072141715e-05,1.735676171668355749e+01,1.000000000000000000e+00,1.000000000000000000e+00,-1.000000000000000000e+00,0.000000000000000000e+00
2.118000000000000000e+03,1.048818298811388985e+02,8.453596962109344304e+00,-1.297713089466027807e-02,3.914338057846242691e+02,1.691368229888057240e-02,nan,3.024192807923458491e-05,2.339652076990016383e+01,1.000000000000000000e+00,1.000000000000000000e+00,-1.000000000000000000e+00,0.000000000000000000e+00
2.124000000000000000e+03,8.639946847253222018e+01,1.250510202766817081e+01,-6.990200249565617537e-03,2.110235214604915939e+02,3.099781868991702272e-02,nan,1.642008723456857657e-05,1.694286618144559498e+01,1.000000000000000000e+00,1.000000000000000000e+00,-1.000000000000000000e+00,0.000000000000000000e+00
2.125000000000000000e+03,3.269908985750974750e+01,2.808825488618457911e+01,-5.964426535578195611e-03,1.801128364428992086e+02,3.567109231613996290e-02,nan,1.244024056406410440e-05,1.351708393554612542e+01,1.000000000000000000e+00,1.000000000000000000e+00,-1.000000000000000000e+00,0.000000000000000000e+00
2.125000000000000000e+03,8.436488100802787926e+01,4.261132606638923903e+01,-6.891586811853625885e-03,2.080519022134276099e+02,3.422189884049275932e-02,nan,1.583610820412072125e-05,4.381126400812059174e+00,1.000000000000000000e+00,1.000000000000000000e+00,-1.000000000000000000e+00,0.000000000000000000e+00
2.125000000000000000e+03,2.018289062510057619e+01,3.319279354263916559e+01,-1.307363533513517841e-03,3.977680949956332768e+01,3.264980532461350116e-01,nan,9.639821895390796361e-06,1.318226816144624536e+01,1.000000000000000000e+00,1.000000000000000000e+00,-1.000000000000000000e+00,0.000000000000000000e+00
2.127000000000000000e+03,1.313791508619794399e+02,1.388589809335950065e+01,-1.414784007468936934e-02,4.267119789505305789e+02,4.200437330284956250e-02,nan,8.696925004247991271e-05,5.604805654611216603e+00,1.000000000000000000e+00,1.000000000000000000e+00,-1.000000000000000000e+00,0.000000000000000000e+00
2.128000000000000000e+03,5.881166150382265556e+01,7.268154658831580406e+00,-1.241595533509460203e-03,3.779495531024124944e+01,3.395234663389112839e-01,nan,9.344708851900759928e-06,2.384756475316677893e+01,1.000000000000000000e+00,1.000000000000000000e+00,-1.000000000000000000e+00,0.000000000000000000e+00
2.129000000000000000e+03,1.310862232222418982e+02,8.288752407937362676e+00,-7.662391849214938988e-03,2.312793561781343499e+02,2.570605207728386965e-01,nan,2.221639879784648478e-04,5.604805654611216603e+00,1.000000000000000000e+00,1.000000000000000000e+00,-1.000000000000000000e+00,0.000000000000000000e+00
2.129000000000000000e+03,9.507066645411403272e+01,2.706089262820184160e+01,-1.646152048300394835e-03,4.998586918334804352e+01,3.201390002987535288e-01,nan,1.544573791171147652e-05,9.059148340674738620e+00,1.000000000000000000e+00,1.000000000000000000e+00,-1.000000000000000000e+00,0.000000000000000000e+00
2.130000000000000000e+03,8.082112996146986461e+01,4.003526374961361256e+01,-8.500546845603073123e-03,2.565363351160763727e+02,3.044677421653407823e-02,nan,2.290297198179523332e-05,4.381126400812059174e+00,1.000000000000000000e+00,1.000000000000000000e+00,-1.000000000000000000e+00,0.000000000000000000e+00
2.131000000000000000e+03,7.705953132024612273e+01,2.262138206610148927e+01,-7.179782334936306125e-03,2.167363917026935098e+02,2.462228923198750419e-02,nan,1.213577964342280399e-05,1.781552411872901587e+01,1.000000000000000000e+00,1.000000000000000000e+00,-1.000000000000000000e+00,0.000000000000000000e+00
2.133000000000000000e+03,9.666620464856671902e+01,3.597842740684961171e+01,-7.392532970879947020e-03,2.231474234977887932e+02,1.763671380090667817e-01,nan,1.197593423466581324e-04,9.059148340674738620e+00,1.000000000000000000e+00,1.000000000000000000e+00,-1.000000000000000000e+00,0.000000000000000000e+00
2.135000000000000000e+03,5.405238782541520948e+01,4.809544942442187931e+01,-1.392906198375015812e-03,4.235455382371907262e+01,3.266905427104996873e-01,nan,1.079676364605698431e-05,2.229922453651559522e+01,1.000000000000000000e+00,1.000000000000000000e+00,-1.000000000000000000e+00,0.000000000000000000e+00
2.138000000000000000e+03,1.404739621909243397e+02,3.893100125369829101e+01,-9.031176747821724818e-03,2.725263468942468990e+02,2.965643726894484633e-02,nan,2.426196889188992657e-05,3.370067207992345004e+01,1.000000000000000000e+00,1.000000000000000000e+00,-1.000000000000000000e+00,0.000000000000000000e+00
2.139000000000000000e+03,7.792097558905746268e+01,3.091996820279666736e+01,-6.521361916225731394e-03,1.968955380188922106e+02,2.045454321065787173e-02,nan,8.349876083623045296e-06,1.473096256257723091e+01,1.000000000000000000e+00,1.000000000000000000e+00,-1.000000000000000000e+00,0.000000000000000000e+00
2.139000000000000000e+03,1.348889799583297133e+02,5.696331523127265761e+00,1.444759227504406043e-03,-4.391709401047831562e+01,3.720611326903185967e-01,nan,1.533526022118413391e-05,2.984663719606280807e+01,1.000000000000000000e+00,1.000000000000000000e+00,-1.000000000000000000e+00,0.000000000000000000e+00
2.143000000000000000e+03,1.047334111628529882e+02,4.867652570066712059e+01,-6.966340925700118675e-03,2.103045441317859456e+02,2.245449539648625148e-02,nan,1.154316035228723061e-05,2.869820489583018031e+01,1.000000000000000000e+00,1.000000000000000000e+00,-1.000000000000000000e+00,0.000000000000000000e+00
2.145000000000000000e+03,1.102698499146301891e+01,4.485397552713116909e+01,-1.250933139375096613e-03,3.807633490673055121e+01,3.377228498030165893e-01,nan,9.327951895999322672e-06,1.085408522724431890e+01,1.000000000000000000e+00,1.000000000000000000e+00,-1.000000000000000000e+00,0.000000000000000000e+00
2.148000000000000000e+03,2.117150891369105992e+01,4.099394955420995501e+01,-6.529066651653600041e-03,1.971277126658998213e+02,2.894388749356247015e-02,nan,1.215970576699491873e-05,1.085408522724431890e+01,1.000000000000000000e+00,1.000000000000000000e+00,-1.000000000000000000e+00,0.000000000000000000e+00
2.150000000000000000e+03,9.151652010464434284e+01,4.528978859860031037e+01,-8.521820309624044548e-03,2.571773900940102635e+02,2.099318763439550484e-02,nan,1.546353685995873142e-05,4.489009588075784052e+01,1.000000000000000000e+00,1.000000000000000000e+00,-1.000000000000000000e+00,0.000000000000000000e+00
2.151000000000000000e+03,6.000496249960548312e+00,5.571052601276923255e+00,-7.495425229386690202e-03,2.262479808137755981e+02,2.163535600618227139e-02,nan,1.175002437152800195e-05,3.853493549730145418e+01,1.000000000000000000e+00,1.000000000000000000e+00,-1.000000000000000000e+00,0.000000000000000000e+00
2.153000000000000000e+03,6.416891239487465270e+01,9.691627680707700421e+00,-1.456945204530156815e-02,4.394168422605685009e+02,6.669393119599575925e-03,nan,1.781584713535904472e-05,4.489009588075784052e+01,1.000000000000000000e+00,1.000000000000000000e+00,-1.000000000000000000e+00,0.000000000000000000e+00
2.157000000000000000e+03,2.403986368879037983e+01,3.498916633502707896e+01,-7.934155278729398963e-03,2.394686806407079303e+02,4.643527450255779954e-02,nan,2.940215107051458867e-05,1.425660043793206633e+01,1.000000000000000000e+00,1.000000000000000000e+00,-1.000000000000000000e+00,0.000000000000000000e+00
2.158000000000000000e+03,1.095269336171810970e+01,2.933437819778941247e+01,-1.272898006456325013e-03,3.873822463790907733e+01,3.645456858261041377e-01,nan,1.152981777306959065e-05,7.652898804068380301e+00,1.000000000000000000e+00,1.000000000000000000e+00,-1.000000000000000000e+00,0.000000000000000000e+00
2.159000000000000000e+03,1.194236480832527008e+02,3.334576021191147532e+01,-1.930771666588377558e-03,5.856260228808726254e+01,3.163654128774806562e-01,nan,1.976942635483007585e-05,2.106677844621494700e+01,1.000000000000000000e+00,1.000000000000000000e+00,-1.000000000000000000e+00,0.000000000000000000e+00
2.161000000000000000e+03,3.927638456702687364e+01,1.313247546515139241e+01,-1.412935594530800171e-03,4.295812003644385868e+01,2.988491552843695054e-01,nan,9.886810203941844518e-06,1.290377780538298325e+01,1.000000000000000000e+00,1.000000000000000000e+00,-1.000000000000000000e+00,0.000000000000000000e+00
2.161000000000000000e+03,5.502242544176043282e+01,2.805107263879796164e+01,-1.539974964929606213e-03,4.678632689111756093e+01,3.320350181137528001e-01,nan,1.349179016750222336e-05,1.763148881379533961e+01,1.000000000000000000e+00,1.000000000000000000e+00,-1.000000000000000000e+00,0.000000000000000000e+00
2.161000000000000000e+03,8.752651963315591033e+00,3.666422662395937948e+01,-1.347039024358988746e-03,4.097239151118988332e+01,3.468554179702522111e-01,nan,1.150168808807301796e-05,7.652898804068380301e+00,1.000000000000000000e+00,1.000000000000000000e+00,-1.000000000000000000e+00,0.000000000000000000e+00
2.162000000000000000e+03,6.204345516455091314e+01,4.422433883405619781e+01,-7.686143700414424691e-03,2.319950949234352606e+02,3.015755301692557566e-02,nan,1.800069671209152637e-05,1.230118342910858154e+01,1.000000000000000000e+00,1.000000000000000000e+00,-1.000000000000000000e+00,0.000000000000000000e+00
2.164000000000000000e+03,9.843751599881491643e+01,3.518733948971563308e+01,-6.712489434278891796e-03,2.026549783595596637e+02,4.346017273812685655e-02,nan,2.039148802573661161e-05,7.131392925735489108e+00,1.000000000000000000e+00,1.000000000000000000e+00,-1.000000000000000000e+00,0.000000000000000000e+00
2.167000000000000000e+03,5.375135776680703259e+01,5.331060509159591021e+01,-6.453116590490964345e-03,1.948390320478918056e+02,6.745281840262562500e-02,nan,2.882713665044423602e-05,1.230118342910858154e+01,1.000000000000000000e+00,1.000000000000000000e+00,-1.000000000000000000e+00,0.000000000000000000e+00
2.168000000000000000e+03,1.022068343537907253e+02,4.124118159205631429e+01,-7.732849188314082182e-03,2.334025190028136478e+02,2.552438074317475714e-02,nan,1.524144423498536914e-05,7.131392925735489108e+00,1.000000000000000000e+00,1.000000000000000000e+00,-1.000000000000000000e+00,0.000000000000000000e+00
2.170000000000000000e+03,9.818338308009002091e+00,4.099924587628784423e+01,-1.360024042814095193e-03,4.136368230948220770e+01,3.575260920457815628e-01,nan,1.208933735045908655e-05,2.119689315342980152e+01,1.000000000000000000e+00,1.000000000000000000e+00,-1.000000000000000000e+00,0.000000000000000000e+00
2.172000000000000000e+03,5.530818647974904678e+01,7.818487430805653560e+00,-6.519936288115568343e-03,1.968525781137351771e+02,2.491850939336004433e-02,nan,1.126706620954422270e-05,2.795712146018012945e+01,1.000000000000000000e+00,1.000000000000000000e+00,-1.000000000000000000e+00,0.000000000000000000e+00
2.177000000000000000e+03,7.628323673388872805e+01,2.630220748861813007e+01,-8.108127304029055099e-03,2.447111570295854506e+02,2.357878225322951327e-02,nan,1.492712041992807054e-05,1.056064070746900363e+01,1.000000000000000000e+00,1.000000000000000000e+00,-1.000000000000000000e+00,0.000000000000000000e+00
2.177000000000000000e+03,1.393517358217114932e+01,4.207753335783904447e+01,-6.418188169228996286e-03,1.937864983232815632e+02,3.526140395311871956e-02,nan,1.443972359425000245e-05,3.849221954125533784e+01,1.000000000000000000e+00,1.000000000000000000e+00,-1.000000000000000000e+00,0.000000000000000000e+00
2.178000000000000000e+03,8.457429909704268312e+01,8.880261227625647180e+00,-6.619211186094419233e-03,1.998441298173261202e+02,2.319211945021060206e-02,nan,9.917018994547090278e-06,1.929419411715912958e+01,1.000000000000000000e+00,1.000000000000000000e+00,-1.000000000000000000e+00,0.000000000000000000e+00
2.179000000000000000e+03,6.739680156086684804e+01,3.200820451524993615e+01,-1.393589609844837806e-03,4.237514775822238988e+01,3.329833681241803900e-01,nan,1.100387797279821583e-05,6.537208059141683236e+00,1.000000000000000000e+00,1.000000000000000000e+00,-1.000000000000000000e+00,0.000000000000000000e+00
2.183000000000000000e+03,1.267627710382006825e+02,4.831598260048089344e+01,-8.781993615421890623e-03,2.650174575434297708e+02,2.278594395209787571e-02,nan,1.765378210723463984e-05,1.912626449052219257e+01,1.000000000000000000e+00,1.000000000000000000e+00,-1.000000000000000000e+00,0.000000000000000000e+00
2.184000000000000000e+03,7.996528868621054187e+01,5.091633829162939406e+01,-1.712993873957317868e-03,5.200008205574702203e+01,2.426237833742302952e-01,nan,1.003793596101835898e-05,1.738534831079349985e+01,1.000000000000000000e+00,1.000000000000000000e+00,-1.000000000000000000e+00,0.000000000000000000e+00
2.184000000000000000e+03,1.128409213164013067e+02,3.520125447958395881e+01,-1.570489450994174948e-03,4.770585100677174495e+01,3.391700074591529335e-01,nan,1.460902031334875450e-05,1.912626449052219257e+01,1.000000000000000000e+00,1.000000000000000000e+00,-1.000000000000000000e+00,0.000000000000000000e+00
2.186000000000000000e+03,6.392781216785827070e+01,2.702206012981844907e+01,-1.426789821307056054e-02,4.303298132240115592e+02,7.152038324888310150e-03,nan,1.506564308542046856e-05,1.139869200210410760e+01,1.000000000000000000e+00,1.000000000000000000e+00,-1.000000000000000000e+00,0.000000000000000000e+00
2.188000000000000000e+03,8.683423026251369947e+01,3.494549055242205071e+01,-6.823212162739644183e-03,2.059914992092065233e+02,2.994089464728222350e-02,nan,1.446682197101763300e-05,1.738534831079349985e+01,1.000000000000000000e+00,1.000000000000000000e+00,-1.000000000000000000e+00,0.000000000000000000e+00
2.188000000000000000e+03,5.391510816109428816e+01,1.605256957565005393e+01,-1.219894528908128679e-03,3.714101681615608186e+01,3.371273446282837538e-01,nan,8.891249376089468767e-06,1.485206936911678710e+01,1.000000000000000000e+00,1.000000000000000000e+00,-1.000000000000000000e+00,0.000000000000000000e+00
2.195000000000000000e+03,4.019236505080613853e+01,2.096735231031699342e+01,-1.298832239462887218e-03,3.951972731896581337e+01,3.080053776396446397e-01,nan,8.834733919572334440e-06,9.948288608300060787e+00,1.000000000000000000e+00,1.000000000000000000e+00,-1.000000000000000000e+00,0.000000000000000000e+00
2.199000000000000000e+03,1.361552822344732760e+02,8.379556079515936062e+00,-8.260881223713587018e-03,2.493142466118059986e+02,2.517355333498805248e-02,nan,1.769492491766697518e-05,6.120920481878933117e+00,1.000000000000000000e+00,1.000000000000000000e+00,-1.000000000000000000e+00,0.000000000000000000e+00
2.199000000000000000e+03,1.077037103383091221e+01,3.684960730633622461e+01,-1.209317755044590119e-03,3.682229610715364032e+01,3.542104358231474848e-01,nan,9.865075224394521388e-06,1.918572925993225908e+01,1.000000000000000000e+00,1.000000000000000000e+00,-1.000000000000000000e+00,0.000000000000000000e+00
2.199000000000000000e+03,1.100623794360786150e+02,4.619805680626132016e+01,-1.469540908561365331e-03,4.466386566870341568e+01,3.076520360715090385e-01,nan,1.119562853693154246e-05,1.728318845512152180e+01,1.000000000000000000e+00,1.000000000000000000e+00,-1.000000000000000000e+00,0.000000000000000000e+00
2.200000000000000000e+03,1.426673369507334144e+02,4.723728624078360383e+01,-6.977136305145449809e-03,2.106298523056354099e+02,3.225693767808546220e-02,nan,1.719651580669536277e-05,8.098111967867016148e+00,1.000000000000000000e+00,1.000000000000000000e+00,-1.000000000000000000e+00,0.000000000000000000e+00
2.203000000000000000e+03,1.439146455285361412e+02,2.096239921689206298e+01,-6.417950855008174027e-03,1.937793470919427250e+02,1.161275424822176827e-01,nan,5.435401780742156821e-05,7.133316289054456583e+00,1.000000000000000000e+00,1.000000000000000000e+00,-1.000000000000000000e+00,0.000000000000000000e+00
2.203000000000000000e+03,9.300922754792549085e+01,4.338760953672834120e+01,-1.358656051266434643e-03,4.132245922561891405e+01,3.517939464929841220e-01,nan,1.195621713959142339e-05,1.553842922502546031e+01,1.000000000000000000e+00,1.000000000000000000e+00,-1.000000000000000000e+00,0.000000000000000000e+00
2.204000000000000000e+03,1.406265199924334297e+02,1.463212025475153943e+01,-8.363220931474858386e-03,2.523981533528983334e+02,7.102902590951765127e-02,nan,5.254460500306087082e-05,7.133316289054456583e+00,1.000000000000000000e+00,1.000000000000000000e+00,-1.000000000000000000e+00,0.000000000000000000e+00
2.205000000000000000e+03,8.750663266409922869e+01,2.885611848021200032e+01,-6.630478197669663169e-03,2.001836501629373686e+02,2.377956291777083564e-02,nan,1.031050349032351445e-05,1.553842922502546031e+01,1.000000000000000000e+00,1.000000000000000000e+00,-1.000000000000000000e+00,0.000000000000000000e+00
2.205000000000000000e+03,8.139551279313708676e+01,5.341448402426994591e+00,-1.316354495339301309e-03,4.004774331782395080e+01,3.600888276560105794e-01,nan,1.177768083602988359e-05,2.260300899665719143e+01,1.000000000000000000e+00,1.000000000000000000e+00,-1.000000000000000000e+00,0.000000000000000000e+00
2.206000000000000000e+03,1.102839453414443227e+02,3.633138384788236408e+01,-1.338723668099440350e-03,4.072181640418229875e+01,3.631914382576926226e-01,nan,1.252558849983447556e-05,1.866028391578343459e+01,1.000000000000000000e+00,1.000000000000000000e+00,-1.000000000000000000e+00,0.000000000000000000e+00
2.208000000000000000e+03,7.017116203879845671e+01,2.928224877378048774e+01,-8.847342499033182192e-03,2.669866820712330764e+02,1.279538032180838059e-02,nan,1.001169167303665024e-05,1.101016360257073856e+01,1.000000000000000000e+00,1.000000000000000000e+00,-1.000000000000000000e+00,0.000000000000000000e+00
2.209000000000000000e+03,6.421123603145376535e+01,2.002465812921481714e+01,2.775652039999459454e-03,-8.402224386784413923e+01,2.788014912855679706e-01,nan,3.354155952573768232e-05,6.592349130439302485e+00,1.000000000000000000e+00,1.000000000000000000e+00,-1.000000000000000000e+00,0.000000000000000000e+00
2.209000000000000000e+03,6.064462384640501114e+01,1.448044090952856244e+01,-3.088597795611683523e-03,9.345255734479927412e+01,1.533231099032552613e-01,nan,3.521197665815989608e-05,6.592349130439302485e+00,1.000000000000000000e+00,1.000000000000000000e+00,-1.000000000000000000e+00,0.000000000000000000e+00
2.211000000000000000e+03,9.018855091822101144e+01,2.683403733337366504e+01,-1.423286075415173624e-03,4.327002162841758803e+01,3.184695095727296810e-01,nan,1.122035401072190332e-05,1.213680935810562467e+01,1.000000000000000000e+00,1.000000000000000000e+00,-1.000000000000000000e+00,0.000000000000000000e+00
2.212000000000000000e+03,1.423439340563384690e+02,4.863024751662742773e+01,-7.450657251626012847e-03,2.248989417025512410e+02,3.622394462593148123e-02,nan,1.982543305502251679e-05,5.652662000010616339e+01,1.000000000000000000e+00,1.000000000000000000e+00,-1.000000000000000000e+00,0.000000000000000000e+00
2.214000000000000000e+03,8.468661738421779717e+01,1.601595669111502218e+01,-7.214702557953877465e-03,2.177886783812479052e+02,2.665574621280297762e-02,nan,1.378983759145114603e-05,1.213680935810562467e+01,1.000000000000000000e+00,1.000000000000000000e+00,-1.000000000000000000e+00,0.000000000000000000e+00
2.220000000000000000e+03,1.264601179595330649e+02,4.235378069926263578e+01,-7.085358278098825152e-03,2.138910153402588605e+02,2.252988818842127650e-02,nan,1.131934901833321421e-05,4.406607412249457845e+00,1.000000000000000000e+00,1.000000000000000000e+00,-1.000000000000000000e+00,0.000000000000000000e+00
2.222000000000000000e+03,7.412560428348427877e+01,4.140112314704672514e+01,-8.230077384559934817e-03,2.483860031245461926e+02,1.735005416152579638e-02,nan,1.210098480493688640e-05,1.071411968019726402e+01,1.000000000000000000e+00,1.000000000000000000e+00,-1.000000000000000000e+00,0.000000000000000000e+00
2.226000000000000000e+03,1.010250366035802898e+02,2.430532163417870706e+01,-9.067255846662552327e-03,2.736135551593644095e+02,1.827009928728506871e-02,nan,1.531407198144837218e-05,1.315157376873314377e+01,1.000000000000000000e+00,1.000000000000000000e+00,-1.000000000000000000e+00,0.000000000000000000e+00
2.229000000000000000e+03,8.889821959878638324e+01,1.204682027665966793e+01,-8.272566465449290515e-03,2.496663699131944725e+02,1.817505439022137903e-02,nan,1.254876212565206266e-05,1.724327539071549964e+01,1.000000000000000000e+00,1.000000000000000000e+00,-1.000000000000000000e+00,0.000000000000000000e+00
2.231000000000000000e+03,1.343319930148702213e+02,1.007828356071527409e+01,-7.796404063621858484e-03,2.353176828495595885e+02,3.681391777488751682e-02,nan,2.245022477712642326e-05,1.742789795625052918e+01,1.000000000000000000e+00,1.000000000000000000e+00,-1.000000000000000000e+00,0.000000000000000000e+00
2.232000000000000000e+03,7.366895869725659907e+01,2.589869960711519070e+01,-1.539911397539744757e-03,4.678441135015700780e+01,3.187938567276745738e-01,nan,1.275803813155350809e-05,8.966847594851792280e+00,1.000000000000000000e+00,1.000000000000000000e+00,-1.000000000000000000e+00,0.000000000000000000e+00
2.235000000000000000e+03,8.822193288226922903e+01,6.218079394732146881e+00,-8.409274637653238807e-03,2.537859366292302923e+02,4.026491057039360832e-02,nan,3.129739993569246199e-05,7.082205761306370917e+00,1.000000000000000000e+00,1.000000000000000000e+00,-1.000000000000000000e+00,0.000000000000000000e+00
2.236000000000000000e+03,8.862370605797772782e+01,1.328887968612507109e+01,-7.297818892697480360e-03,2.202933076265122168e+02,5.319466297804353871e-02,nan,3.556287127328779969e-05,7.082205761306370917e+00,1.000000000000000000e+00,1.000000000000000000e+00,-1.000000000000000000e+00,0.000000000000000000e+00
2.237000000000000000e+03,1.362616238003653848e+02,8.274115014346287822e+00,-6.649747647470206913e-03,2.007643161374353440e+02,3.951015815345604310e-02,nan,1.709964067322905485e-05,3.834287405105041557e+01,1.000000000000000000e+00,1.000000000000000000e+00,-1.000000000000000000e+00,0.000000000000000000e+00
2.238000000000000000e+03,3.401336781775323459e+01,4.974968674430625271e+01,-8.644823984347300982e-03,2.608839852168246125e+02,1.497542007357421934e-02,nan,1.182219378051385334e-05,9.762255001127684295e+00,1.000000000000000000e+00,1.000000000000000000e+00,-1.000000000000000000e+00,0.000000000000000000e+00
2.240000000000000000e+03,7.871432800943297536e+01,1.141841814466473082e+01,-7.695381153791282063e-03,2.322734565228827535e+02,2.172908268018647338e-02,nan,1.344246517905419110e-05,1.008436411912336617e+01,1.000000000000000000e+00,1.000000000000000000e+00,-1.000000000000000000e+00,0.000000000000000000e+00
2.242000000000000000e+03,5.307970515749849483e+01,3.858707753900728932e+01,-8.748073672146861046e-03,2.639953133140623436e+02,2.130189410113159099e-02,nan,1.719339275576102234e-05,1.350091887255060108e+01,1.000000000000000000e+00,1.000000000000000000e+00,-1.000000000000000000e+00,0.000000000000000000e+00
2.242000000000000000e+03,1.323811786552695935e+02,4.959607033314142654e+01,-7.104242666167258705e-03,2.144600778570436148e+02,3.338664707695415679e-02,nan,1.690338664417378412e-05,1.400334965924427166e+01,1.000000000000000000e+00,1.000000000000000000e+00,-1.000000000000000000e+00,0.000000000000000000e+00
2.243000000000000000e+03,7.398924721494572054e+01,2.560098490994259279e+01,1.310095344161095075e-03,-3.985912993466857301e+01,3.433617466653916539e-01,nan,1.117590826191355237e-05,1.494896613702755239e+01,1.000000000000000000e+00,1.000000000000000000e+00,-1.000000000000000000e+00,0.000000000000000000e+00
2.245000000000000000e+03,1.239673541220691533e+02,3.840226140125541576e+01,-6.661442751772464650e-03,2.011167366375958636e+02,3.602221055552745632e-02,nan,1.566748003351615924e-05,7.409948145534895225e+00,1.000000000000000000e+00,1.000000000000000000e+00,-1.000000000000000000e+00,0.000000000000000000e+00
2.246000000000000000e+03,2.208854023201216421e+01,1.174003075099157201e+01,-8.466176555277175539e-03,2.555006201199324778e+02,2.080503341038297815e-02,nan,1.488159549832945721e-05,2.913987225966032213e+01,1.000000000000000000e+00,1.000000000000000000e+00,-1.000000000000000000e+00,0.000000000000000000e+00
2.246000000000000000e+03,5.060835546937440199e+01,5.760708537225040615e+00,-1.510697604371461812e-03,4.590408233949865746e+01,2.502468432252795694e-01,nan,8.588749389460592737e-06,2.913987225966032213e+01,1.000000000000000000e+00,1.000000000000000000e+00,-1.000000000000000000e+00,0.000000000000000000e+00
2.247000000000000000e+03,1.097755306995568674e+02,1.976322370279342167e+01,-1.607775274850953631e-02,4.848680049418987892e+02,7.475633783227908502e-03,nan,2.131414162800257203e-05,1.607564619795500249e+01,1.000000000000000000e+00,1.000000000000000000e+00,-1.000000000000000000e+00,0.000000000000000000e+00
2.248000000000000000e+03,4.454837919549968461e+01,3.792544597229248637e+01,-1.424429829163305350e-02,4.296186527331084903e+02,5.795431963836528144e-02,nan,1.194464573531683389e-04,1.989369285976492563e+01,1.000000000000000000e+00,1.000000000000000000e+00,-1.000000000000000000e+00,0.000000000000000000e+00
2.248000000000000000e+03,1.965117573399066941e+01,4.370705351184972187e+01,-8.654372759147859612e-03,2.611717281820997414e+02,1.434333384051411642e-02,nan,1.083927393368964482e-05,2.543258443982298544e+01,1.000000000000000000e+00,1.000000000000000000e+00,-1.000000000000000000e+00,0.000000000000000000e+00
2.248000000000000000e+03,6.764637608387828038e+01,4.408739363731194771e+01,-1.414617013991554184e-03,4.300878796312701269e+01,3.409400446101789051e-01,nan,1.247322335812644729e-05,1.954429128468685661e+01,1.000000000000000000e+00,1.000000000000000000e+00,-1.000000000000000000e+00,0.000000000000000000e+00
2.249000000000000000e+03,1.369967538427401905e+02,2.198924184161503348e+01,-8.090324638921890521e-03,2.441746911735224046e+02,2.166846522184706636e-01,nan,1.918047539090252508e-04,6.220335766565321833e+00,1.000000000000000000e+00,1.000000000000000000e+00,-1.000000000000000000e+00,0.000000000000000000e+00
2.250000000000000000e+03,1.410196002365382242e+02,1.724484683901270543e+01,-7.845016022632281261e-03,2.367825565664130067e+02,1.777309309756144318e-01,nan,1.368009186440142025e-04,6.220335766565321833e+00,1.000000000000000000e+00,1.000000000000000000e+00,-1.000000000000000000e+00,0.000000000000000000e+00
2.250000000000000000e+03,7.465761599579467145e+01,2.312129606676685256e+01,-7.390345839582885407e-03,2.230815164408095654e+02,2.208743616997288495e-02,nan,1.216384507773010793e-05,1.143539656132752036e+01,1.000000000000000000e+00,1.000000000000000000e+00,-1.000000000000000000e+00,0.000000000000000000e+00
2.250000000000000000e+03,9.947238031458510932e+01,4.435296287057563092e+01,-7.356818576536089914e-03,2.220712052450654994e+02,2.776986486047861025e-02,nan,1.528228059656171298e-05,1.973873589229947711e+01,1.000000000000000000e+00,1.000000000000000000e+00,-1.000000000000000000e+00,0.000000000000000000e+00
2.253000000000000000e+03,3.275068948789056122e+01,2.190753308822310785e+01,-7.418476541650668998e-03,2.239292075632120600e+02,2.401335569059448449e-02,nan,1.490246742234761536e-05,1.989369285976492563e+01,1.000000000000000000e+00,1.000000000000000000e+00,-1.000000000000000000e+00,0.000000000000000000e+00
2.254000000000000000e+03,2.635934488701948553e+01,4.568999901438296263e+01,-7.719708653524741740e-03,2.330065418722854247e+02,2.745222377200084996e-02,nan,1.605589835551016111e-05,1.243234558585180949e+01,1.000000000000000000e+00,1.000000000000000000e+00,-1.000000000000000000e+00,0.000000000000000000e+00
2.254000000000000000e+03,1.437376403886099929e+01,4.899288691715917565e+01,-7.786403275834897358e-03,2.350163189161742423e+02,2.620330059784137244e-02,nan,1.543332483326111218e-05,1.243234558585180949e+01,1.000000000000000000e+00,1.000000000000000000e+00,-1.000000000000000000e+00,0.000000000000000000e+00
2.254000000000000000e+03,1.367164691501302798e+02,5.050614370897693561e+01,-6.196714263700021756e-03,1.871125993530978917e+02,6.002286203024265188e-02,nan,2.334749114211668040e-05,1.104757226176844398e+01,1.000000000000000000e+00,1.000000000000000000e+00,-1.000000000000000000e+00,0.000000000000000000e+00
2.254000000000000000e+03,9.927790962531884134e+01,2.461518498711144431e+01,-1.291171305543397253e-03,3.928887258746227928e+01,3.653533731003433260e-01,nan,1.172165008443214575e-05,1.973873589229947711e+01,1.000000000000000000e+00,1.000000000000000000e+00,-1.000000000000000000e+00,0.000000000000000000e+00
2.255000000000000000e+03,1.382427408606968982e+02,3.956451003093234675e+01,-8.765027750477346821e-03,2.645062078397176037e+02,2.446909700043331526e-02,nan,1.892701429225964691e-05,1.104757226176844398e+01,1.000000000000000000e+00,1.000000000000000000e+00,-1.000000000000000000e+00,0.000000000000000000e+00
2.255000000000000000e+03,7.267953184600209227e+01,3.438430976697873831e+01,-1.216114333515403356e-03,3.702710433478114993e+01,3.580349006733360984e-01,nan,9.636842074357650079e-06,1.006575049558648871e+01,1.000000000000000000e+00,1.000000000000000000e+00,-1.000000000000000000e+00,0.000000000000000000e+00
2.258000000000000000e+03,7.822574625899089540e+01,1.042253249740467780e+01,-7.045893159906405079e-03,2.127017727022447104e+02,2.638234738877276442e-02,nan,1.280296480812136065e-05,2.459526914330316671e+01,1.000000000000000000e+00,1.000000000000000000e+00,-1.000000000000000000e+00,0.000000000000000000e+00
2.260000000000000000e+03,3.858134632044792056e+01,5.210755829775799697e+01,1.335167812265621251e-03,-4.061466417543206830e+01,3.315477070949661709e-01,nan,9.485135259983397773e-06,2.876791059549026031e+01,1.000000000000000000e+00,1.000000000000000000e+00,-1.000000000000000000e+00,0.000000000000000000e+00
2.262000000000000000e+03,4.031666343999912527e+01,6.319360839031740618e+00,-1.482558589344687081e-02,4.471351846146409343e+02,7.272035481420857650e-03,nan,1.777325839687318086e-05,2.071947216989678964e+01,1.000000000000000000e+00,1.000000000000000000e+00,-1.000000000000000000e+00,0.000000000000000000e+00
2.262000000000000000e+03,7.977721892729879016e+01,5.029266206521536731e+01,-7.362920662303967974e-03,2.222550856160958688e+02,4.205848819532698180e-02,nan,2.754720043846766169e-05,1.730769162182463816e+01,1.000000000000000000e+00,1.000000000000000000e+00,-1.000000000000000000e+00,0.000000000000000000e+00
2.263000000000000000e+03,1.348948621186125649e+02,3.152780245817366733e+01,-8.198898088590974437e-03,2.474464456143226130e+02,2.161999690312810252e-02,nan,1.408917194560283834e-05,1.804248858033499658e+01,1.000000000000000000e+00,1.000000000000000000e+00,-1.000000000000000000e+00,0.000000000000000000e+00
2.265000000000000000e+03,1.380680337464665115e+02,1.376654191755601708e+01,-8.406095991817571361e-03,2.536901512538896952e+02,2.618804690803566704e-02,nan,1.802177788610766256e-05,1.804248858033499658e+01,1.000000000000000000e+00,1.000000000000000000e+00,-1.000000000000000000e+00,0.000000000000000000e+00
2.266000000000000000e+03,2.904898927337854531e+01,2.370717398140242693e+01,-1.317676861718307434e-03,4.008759153196898239e+01,3.659260330907726511e-01,nan,1.195774849617036759e-05,2.071947216989678964e+01,1.000000000000000000e+00,1.000000000000000000e+00,-1.000000000000000000e+00,0.000000000000000000e+00
2.268000000000000000e+03,9.856058268015620172e+01,1.199632443778075697e+01,-8.011499371107689768e-03,2.417993690224402599e+02,2.500398655981306284e-02,nan,1.604807095767287294e-05,1.885796360262665772e+01,1.000000000000000000e+00,1.000000000000000000e+00,-1.000000000000000000e+00,0.000000000000000000e+00
2.268000000000000000e+03,1.075041050376361795e+02,5.063994094115242461e+01,-8.199098694043283064e-03,2.474524906629181942e+02,2.108096764229638875e-02,nan,1.386075520543715831e-05,1.085217353555074560e+01,1.000000000000000000e+00,1.000000000000000000e+00,-1.000000000000000000e+00,0.000000000000000000e+00
2.269000000000000000e+03,9.865011218324248432e+01,3.085407551541641880e+01,-1.604956097426165490e-03,4.874446959968789628e+01,2.783784340252732914e-01,nan,1.163150316107370655e-05,1.624621986272860141e+01,1.000000000000000000e+00,1.000000000000000000e+00,-1.000000000000000000e+00,0.000000000000000000e+00
2.269000000000000000e+03,7.131570108985764023e+01,4.949373105787578453e+01,-7.753235657002937979e-03,2.340168452461842605e+02,2.301455047645928342e-02,nan,1.426056690452697107e-05,2.312220642364445666e+01,1.000000000000000000e+00,1.000000000000000000e+00,-1.000000000000000000e+00,0.000000000000000000e+00
2.270000000000000000e+03,6.240931397074842835e+01,2.815567354595145133e+01,-1.331953946099210997e-03,4.051781746996090305e+01,3.729577945117278359e-01,nan,1.277790768913237804e-05,6.113617101220354400e+00,1.000000000000000000e+00,1.000000000000000000e+00,-1.000000000000000000e+00,0.000000000000000000e+00
2.272000000000000000e+03,9.726599345124337503e+01,4.704122706112842422e+01,-9.027805617265937874e-03,2.724247611806122222e+02,1.799193537731280657e-02,nan,1.519287511967170465e-05,1.085217353555074560e+01,1.000000000000000000e+00,1.000000000000000000e+00,-1.000000000000000000e+00,0.000000000000000000e+00
2.275000000000000000e+03,5.644050945064056179e+01,2.947843076519989225e+01,-8.978769306138006598e-03,2.709471000288090181e+02,2.359069473466268718e-02,nan,1.999592451506506689e-05,6.113617101220354400e+00,1.000000000000000000e+00,1.000000000000000000e+00,-1.000000000000000000e+00,0.000000000000000000e+00
2.276000000000000000e+03,7.468771368446286374e+01,2.777647885730348420e+01,-8.008550085851932898e-03,2.417104952032688345e+02,3.039153084131607230e-02,nan,2.052894510223553403e-05,1.832640452046212687e+01,1.000000000000000000e+00,1.000000000000000000e+00,-1.000000000000000000e+00,0.000000000000000000e+00
2.277000000000000000e+03,2.483816649438709590e+01,2.332726717938195549e+01,-9.042383774082190032e-03,2.728640596412176933e+02,1.862940835236581716e-02,nan,1.616416286858000809e-05,1.590648929218902907e+01,1.000000000000000000e+00,1.000000000000000000e+00,-1.000000000000000000e+00,0.000000000000000000e+00
2.277000000000000000e+03,8.482545023362513348e+01,6.622232381733834217e+00,-1.252255633066181803e-03,3.811618695730024342e+01,3.414766782879268270e-01,nan,9.963197229417696264e-06,2.345795912455666610e+01,1.000000000000000000e+00,1.000000000000000000e+00,-1.000000000000000000e+00,0.000000000000000000e+00
2.279000000000000000e+03,1.181478438337125283e+02,4.033506410120822494e+01,-7.167300772602429662e-03,2.163602720609353298e+02,3.214556270012158823e-02,nan,1.623984843844849683e-05,2.202271456389945570e+01,1.000000000000000000e+00,1.000000000000000000e+00,-1.000000000000000000e+00,0.000000000000000000e+00
2.280000000000000000e+03,5.294621313510995009e+01,3.549182200218842809e+01,-7.819145567822989584e-03,2.360029757787913809e+02,3.095811048652252762e-02,nan,1.712327512669719007e-05,6.954924939193903199e+00,1.000000000000000000e+00,1.000000000000000000e+00,-1.000000000000000000e+00,0.000000000000000000e+00
2.281000000000000000e+03,3.974142009781369467e+01,3.081289554876245518e+01,-6.785080205371490404e-03,2.048424300653605314e+02,2.458413042836304907e-02,nan,1.088514583805101999e-05,1.400924380237552391e+01,1.000000000000000000e+00,1.000000000000000000e+00,-1.000000000000000000e+00,0.000000000000000000e+00
2.283000000000000000e+03,4.983520651514948696e+01,8.695506605644107267e+00,-1.532990986068609104e-02,4.623324928372858835e+02,6.091333405681687019e-03,nan,1.423234227726150621e-05,2.431179585921135455e+01,1.000000000000000000e+00,1.000000000000000000e+00,-1.000000000000000000e+00,0.000000000000000000e+00
2.286000000000000000e+03,4.108059119867845510e+01,4.804747451059809293e+01,-7.902653450483907924e-03,2.385194039365998435e+02,2.651149556554532882e-02,nan,1.960790271421381846e-05,7.611434072946416052e+00,1.000000000000000000e+00,1.000000000000000000e+00,-1.000000000000000000e+00,0.000000000000000000e+00
2.287000000000000000e+03,1.377289020683766978e+02,2.336882309056560203e+01,-6.225204959478532890e-03,1.879711385329704569e+02,6.645341423197748121e-02,nan,2.643100165878981307e-05,7.607780105221523037e+00,1.000000000000000000e+00,1.000000000000000000e+00,-1.000000000000000000e+00,0.000000000000000000e+00
2.288000000000000000e+03,9.691277733769891256e+01,2.574632957137566436e+01,-6.752062252481005368e-03,2.038474664317574252e+02,2.405233249985438970e-02,nan,1.091833457474262553e-05,2.870988845444082926e+01,1.000000000000000000e+00,1.000000000000000000e+00,-1.000000000000000000e+00,0.000000000000000000e+00
2.289000000000000000e+03,4.178575817511908497e+01,4.046877619346293642e+01,-8.846427519850345519e-03,2.669591100707688156e+02,2.157167026030437640e-02,nan,1.657445220642657165e-05,7.611434072946416052e+00,1.000000000000000000e+00,1.000000000000000000e+00,-1.000000000000000000e+00,0.000000000000000000e+00
2.292000000000000000e+03,1.387522377680258785e+02,1.583018248530871475e+01,-7.220831261033231960e-03,2.179733608388592074e+02,4.150848562725606428e-02,nan,2.202503509254948537e-05,7.607780105221523037e+00,1.000000000000000000e+00,1.000000000000000000e+00,-1.000000000000000000e+00,0.000000000000000000e+00
2.293000000000000000e+03,1.348480294697923512e+02,2.541271193711482823e+01,-7.507743752482365363e-03,2.266191874279636238e+02,5.012002787427771722e-02,nan,2.975560937679363292e-05,1.034735295284388812e+01,1.000000000000000000e+00,1.000000000000000000e+00,-1.000000000000000000e+00,0.000000000000000000e+00
2.294000000000000000e+03,3.695168077844149934e+01,9.761477214294384197e+00,-2.192738714996498445e-02,6.611410015939451341e+02,4.542136217996151082e-03,nan,2.247530336153310602e-05,2.481482041111229009e+01,1.000000000000000000e+00,1.000000000000000000e+00,-1.000000000000000000e+00,0.000000000000000000e+00
2.297000000000000000e+03,3.245176898639940077e+01,4.865231020872087697e+01,-9.215841465549649836e-03,2.780910370844076169e+02,1.562710455325455605e-02,nan,1.446124806912284129e-05,7.759349627639565483e+00,1.000000000000000000e+00,1.000000000000000000e+00,-1.000000000000000000e+00,0.000000000000000000e+00
2.298000000000000000e+03,1.101535745655149441e+02,5.306525960254901264e+01,-8.334534002176085046e-03,2.515337008683153499e+02,1.711261346051118348e-02,nan,1.209515267534143835e-05,2.272179044242671253e+01,1.000000000000000000e+00,1.000000000000000000e+00,-1.000000000000000000e+00,0.000000000000000000e+00
2.298000000000000000e+03,4.240012770699726019e+01,3.397076754058165449e+01,1.255729608185350956e-03,-3.822087179100510212e+01,3.301701727838082245e-01,nan,8.895610535500657248e-06,1.435997724223782512e+01,1.000000000000000000e+00,1.000000000000000000e+00,-1.000000000000000000e+00,0.000000000000000000e+00
2.300000000000000000e+03,4.176770517793503501e+01,1.962472320277470672e+01,-7.950733963566717494e-03,2.399682630515500250e+02,2.491725812645062543e-02,nan,1.615035887048037660e-05,1.435997724223782512e+01,1.000000000000000000e+00,1.000000000000000000e+00,-1.000000000000000000e+00,0.000000000000000000e+00
2.301000000000000000e+03,7.842491618422600652e+01,4.679726744024519292e+01,-8.102241249998714048e-03,2.445337865631293255e+02,2.401384036412623768e-02,nan,1.518924316753452583e-05,2.760963190357730213e+01,1.000000000000000000e+00,1.000000000000000000e+00,-1.000000000000000000e+00,0.000000000000000000e+00
2.301000000000000000e+03,6.688789613506250475e+01,2.171362850495047780e+01,-7.504402766130422418e-03,2.265185100803529679e+02,1.599141485714128397e-02,nan,8.537119009283450889e-06,2.520689427684431649e+01,1.000000000000000000e+00,1.000000000000000000e+00,-1.000000000000000000e+00,0.000000000000000000e+00
2.302000000000000000e+03,1.528899282755058842e+01,3.177396928715225144e+01,-1.307895799490943175e-03,3.979284881286355358e+01,3.165825336228099696e-01,nan,9.277529791461480355e-06,1.514533378081965331e+01,1.000000000000000000e+00,1.000000000000000000e+00,-1.000000000000000000e+00,0.000000000000000000e+00
2.303000000000000000e+03,1.294797220400224091e+02,4.111621007117863513e+01,-8.536555588277535550e-03,2.576214232671103446e+02,2.313561228180027740e-02,nan,1.728574412956733656e-05,2.272179044242671253e+01,1.000000000000000000e+00,1.000000000000000000e+00,-1.000000000000000000e+00,0.000000000000000000e+00
2.305000000000000000e+03,9.244570343407048085e+01,2.046258388427612118e+01,-8.921513429846325907e-03,2.692217503407392201e+02,2.212086938170909622e-02,nan,1.750128590630688677e-05,1.320990155786370046e+01,1.000000000000000000e+00,1.000000000000000000e+00,-1.000000000000000000e+00,0.000000000000000000e+00
2.306000000000000000e+03,3.874910729643531226e+01,4.802239773377321796e+01,-7.497860769405137980e-03,2.263213734239891437e+02,2.088190955245150526e-02,nan,1.192654494994470979e-05,7.878630403887298961e+00,1.000000000000000000e+00,1.000000000000000000e+00,-1.000000000000000000e+00,0.000000000000000000e+00
2.306000000000000000e+03,1.812936893610956446e+01,5.079636235375248532e+01,-7.055074583337306998e-03,2.129784458942127117e+02,2.435516444711712802e-01,nan,1.749794924181196460e-04,1.361457751885855672e+01,1.000000000000000000e+00,1.000000000000000000e+00,-1.000000000000000000e+00,0.000000000000000000e+00
2.308000000000000000e+03,6.534365830183169521e+01,3.233691553527162910e+01,-6.537893914874813410e-03,1.973937135872313604e+02,3.153853270047868307e-02,nan,1.339895320506322205e-05,2.796344182025322311e+01,1.000000000000000000e+00,1.000000000000000000e+00,-1.000000000000000000e+00,0.000000000000000000e+00
2.308000000000000000e+03,3.102994210891217364e+01,4.644527825548750144e+01,-2.903519599897595380e-03,8.787540740097389858e+01,2.039118193007793955e-01,nan,2.367269444927822664e-05,7.878630403887298961e+00,1.000000000000000000e+00,1.000000000000000000e+00,-1.000000000000000000e+00,0.000000000000000000e+00
2.308000000000000000e+03,9.327642559284899448e+01,3.364633903458759079e+01,-1.394007201596087538e-03,4.238773147616408465e+01,3.337623762403439942e-01,nan,1.122724125954905068e-05,1.320990155786370046e+01,1.000000000000000000e+00,1.000000000000000000e+00,-1.000000000000000000e+00,0.000000000000000000e+00
2.309000000000000000e+03,1.306692577757986840e+02,4.217540904282790848e+01,1.586079325487826366e-03,-4.817563658751530653e+01,3.552326597209494174e-01,nan,1.689640839484596852e-05,3.211726431502525259e+01,1.000000000000000000e+00,1.000000000000000000e+00,-1.000000000000000000e+00,0.000000000000000000e+00
2.310000000000000000e+03,9.971343836148891171e+01,5.073437577192768799e+01,-2.048580867423586450e-03,6.211266703388369592e+01,2.182920377620984898e-01,nan,1.265948672608734181e-05,1.826023364911626956e+01,1.000000000000000000e+00,1.000000000000000000e+00,-1.000000000000000000e+00,0.000000000000000000e+00
2.313000000000000000e+03,2.363268185465376447e+01,2.966049036124638860e+01,-8.633340165140198155e-03,2.605379315858245945e+02,2.181126194369265026e-02,nan,1.560025512462586566e-05,1.834253428302355005e+01,1.000000000000000000e+00,1.000000000000000000e+00,-1.000000000000000000e+00,0.000000000000000000e+00
2.316000000000000000e+03,2.954970496707247918e+01,4.860795717561273932e+01,-1.384072173579663743e-02,4.174572689621677455e+02,6.762007791084045927e-03,nan,1.390740592129277166e-05,9.990073726877506388e+00,1.000000000000000000e+00,1.000000000000000000e+00,-1.000000000000000000e+00,0.000000000000000000e+00
2.320000000000000000e+03,1.061354226823864195e+02,1.274800901546700160e+01,-1.668156873717417709e-03,5.064896301979338489e+01,3.265751608008216067e-01,nan,1.694358188107570240e-05,8.069258191969113980e+00,1.000000000000000000e+00,1.000000000000000000e+00,-1.000000000000000000e+00,0.000000000000000000e+00
2.324000000000000000e+03,4.454523874654970683e+01,4.277470526548997753e+01,-7.356820946189106258e-03,2.220712766522354968e+02,1.739079515528818565e-02,nan,8.942377911949514775e-06,1.058332972659977855e+01,1.000000000000000000e+00,1.000000000000000000e+00,-1.000000000000000000e+00,0.000000000000000000e+00
2.324000000000000000e+03,4.029702056282367550e+01,1.406810800548215568e+01,-3.658612762068621203e-03,1.106293994135754275e+02,1.816857524779545985e-01,nan,3.070640178315329756e-05,2.901923644730903362e+01,1.000000000000000000e+00,1.000000000000000000e+00,-1.000000000000000000e+00,0.000000000000000000e+00
2.325000000000000000e+03,1.019198327396563712e+02,5.202831531604807225e+01,-9.525229151210304335e-03,2.874141316123452157e+02,1.639528002701097220e-01,nan,1.927287369817729738e-04,6.962769749141094699e+00,1.000000000000000000e+00,1.000000000000000000e+00,-1.000000000000000000e+00,0.000000000000000000e+00
2.326000000000000000e+03,1.014220515122768234e+02,4.508336200956552631e+01,-8.847641253124529856e-03,2.669956847328235199e+02,6.543053202330184615e-02,nan,6.065109123161892474e-05,6.962769749141094699e+00,1.000000000000000000e+00,1.000000000000000000e+00,-1.000000000000000000e+00,0.000000000000000000e+00
2.329000000000000000e+03,7.589304696468921918e+01,2.762798293487108126e+01,-2.064750289883750950e-02,6.225729447154046738e+02,3.387616754492728255e-03,nan,1.695918916921870917e-05,2.428205388681021404e+01,1.000000000000000000e+00,1.000000000000000000e+00,-1.000000000000000000e+00,0.000000000000000000e+00
2.329000000000000000e+03,4.772751864085505957e+01,5.286826572631005661e+01,-7.801943491965258881e-03,2.354846080908340866e+02,1.597629776874476271e-02,nan,1.018938363044044223e-05,1.058332972659977855e+01,1.000000000000000000e+00,1.000000000000000000e+00,-1.000000000000000000e+00,0.000000000000000000e+00
2.330000000000000000e+03,5.482120618929761235e+01,1.556167996757829641e+01,-7.743232129725808287e-03,2.337153987609490002e+02,3.666997654069625856e-02,nan,2.242896848344248326e-05,2.428205388681021404e+01,1.000000000000000000e+00,1.000000000000000000e+00,-1.000000000000000000e+00,0.000000000000000000e+00
2.335000000000000000e+03,5.861328045564397016e+00,3.348476488873626522e+01,-8.238432686547897052e-03,2.486377819569095493e+02,1.247213592472129484e-02,nan,8.000108498285589842e-06,1.269246075877893176e+01,1.000000000000000000e+00,1.000000000000000000e+00,-1.000000000000000000e+00,0.000000000000000000e+00
2.335000000000000000e+03,6.576923540438964544e+00,4.629436246261604992e+01,-8.375948111886792613e-03,2.527816744545905294e+02,2.284639326714199559e-02,nan,1.571422982627255130e-05,1.282957002073848329e+01,1.000000000000000000e+00,1.000000000000000000e+00,-1.000000000000000000e+00,0.000000000000000000e+00
2.336000000000000000e+03,6.272971924882396166e+01,1.748259909693469893e+01,-7.338746836123192542e-03,2.215266310685140922e+02,2.660576339166598192e-02,nan,1.419504618597594265e-05,1.013711909063805017e+01,1.000000000000000000e+00,1.000000000000000000e+00,-1.000000000000000000e+00,0.000000000000000000e+00
2.336000000000000000e+03,3.858966835007255725e+01,3.452718331275850261e+01,-6.938449033488372844e-03,2.094640493102228902e+02,2.872355295310780043e-02,nan,1.439365595709689225e-05,1.069642177946462525e+01,1.000000000000000000e+00,1.000000000000000000e+00,-1.000000000000000000e+00,0.000000000000000000e+00
2.337000000000000000e+03,1.435774339036778997e+02,8.486129871134130198e+00,-6.147133882408329503e-03,1.856185431804141501e+02,1.112259057632460912e-01,nan,4.829159664688471929e-05,2.891804968228919748e+01,1.000000000000000000e+00,1.000000000000000000e+00,-1.000000000000000000e+00,0.000000000000000000e+00
2.337000000000000000e+03,4.519859984284566679e+01,2.611674554721757957e+01,-7.860761687513120183e-03,2.372570367377094840e+02,5.039445398131414677e-02,nan,3.274268011371189572e-05,1.069642177946462525e+01,1.000000000000000000e+00,1.000000000000000000e+00,-1.000000000000000000e+00,0.000000000000000000e+00
2.338000000000000000e+03,1.855356615729132486e+01,3.355994353177761980e+01,-1.979588196559445377e-03,6.003364055024147916e+01,2.152406016737321570e-01,nan,1.137821054194556890e-05,1.269246075877893176e+01,1.000000000000000000e+00,1.000000000000000000e+00,-1.000000000000000000e+00,0.000000000000000000e+00
2.339000000000000000e+03,9.516978405582823086e+01,3.865041518095807760e+01,-1.900801554601281489e-03,5.765948235145525302e+01,2.511638497771848666e-01,nan,1.332972709984666934e-05,1.172034605240852301e+01,1.000000000000000000e+00,1.000000000000000000e+00,-1.000000000000000000e+00,0.000000000000000000e+00
2.339000000000000000e+03,1.387302331409446481e+02,3.712716809921801087e+01,1.927484735186469136e-03,-5.846355383339068368e+01,3.733292573995580232e-01,nan,2.654283597477119264e-05,2.904831193058908312e+01,1.000000000000000000e+00,1.000000000000000000e+00,-1.000000000000000000e+00,0.000000000000000000e+00
2.340000000000000000e+03,6.703882472953809213e+01,8.306935992076398989e+00,-7.708245745661408341e-03,2.326611183841246202e+02,1.985241475613785944e-02,nan,1.246689777089472871e-05,1.013711909063805017e+01,1.000000000000000000e+00,1.000000000000000000e+00,-1.000000000000000000e+00,0.000000000000000000e+00
2.342000000000000000e+03,9.375020739744741149e+01,5.028447353130119524e+01,-8.347002702900088028e-03,2.519094329380718307e+02,1.590217539686256121e-02,nan,1.205112184092944940e-05,7.920894898961851283e+00,1.000000000000000000e+00,1.000000000000000000e+00,-1.000000000000000000e+00,0.000000000000000000e+00
2.345000000000000000e+03,4.691742496803446016e+00,3.309168694863996052e+01,-7.887957663643979309e-03,2.380765608105765523e+02,2.881113106142851876e-02,nan,1.811520277929776324e-05,1.818689116518119064e+01,1.000000000000000000e+00,1.000000000000000000e+00,-1.000000000000000000e+00,0.000000000000000000e+00
2.346000000000000000e+03,1.274282724312192272e+02,2.368244137384647985e+01,-7.515643908746252530e-03,2.268572508902388449e+02,2.569720827035870681e-02,nan,1.430404979537477065e-05,9.226961227104039764e+00,1.000000000000000000e+00,1.000000000000000000e+00,-1.000000000000000000e+00,0.000000000000000000e+00
2.346000000000000000e+03,7.341444712560843300e+01,3.422717754679681690e+01,-8.129507239308542826e-03,2.453554204144911068e+02,1.552554783392212645e-02,nan,1.067142861114339478e-05,2.112448692738688294e+01,1.000000000000000000e+00,1.000000000000000000e+00,-1.000000000000000000e+00,0.000000000000000000e+00
2.347000000000000000e+03,4.346052030674338340e+01,3.377125309063804082e+01,-1.553634793518097719e-03,4.719795243107397198e+01,3.017071386103191699e-01,nan,1.198858239477388081e-05,8.512164869305143711e+00,1.000000000000000000e+00,1.000000000000000000e+00,-1.000000000000000000e+00,0.000000000000000000e+00
2.347000000000000000e+03,9.288949484639630327e+01,4.241048153836248247e+01,-1.205581045864495852e-03,3.670969404015462345e+01,3.681898420070806033e-01,nan,1.004050803503615928e-05,7.920894898961851283e+00,1.000000000000000000e+00,1.000000000000000000e+00,-1.000000000000000000e+00,0.000000000000000000e+00
2.348000000000000000e+03,1.365962723777601866e+02,2.472387810582123180e+01,-9.331659430224891263e-03,2.815810978810902157e+02,2.648499444771901246e-02,nan,2.371480264071295418e-05,9.226961227104039764e+00,1.000000000000000000e+00,1.000000000000000000e+00,-1.000000000000000000e+00,0.000000000000000000e+00
2.349000000000000000e+03,1.081870995536351074e+02,3.677011008756381472e+01,-7.747981871168505529e-03,2.338585275618221431e+02,2.314013266292647142e-02,nan,1.503949426131013095e-05,1.630430924271002269e+01,1.000000000000000000e+00,1.000000000000000000e+00,-1.000000000000000000e+00,0.000000000000000000e+00
2.350000000000000000e+03,1.381442955205037890e+02,3.535023742199216912e+01,-1.538335530782274432e-02,4.639430189792004171e+02,1.285104283088278621e-02,nan,3.262192744868230431e-05,1.073852354687750577e+01,1.000000000000000000e+00,1.000000000000000000e+00,-1.000000000000000000e+00,0.000000000000000000e+00
2.353000000000000000e+03,1.280595012100157248e+02,4.776674601160569011e+01,-7.693074582668842261e-03,2.322039502638860711e+02,2.858005224080917284e-02,nan,1.651285422113130003e-05,1.599602331333631078e+01,1.000000000000000000e+00,1.000000000000000000e+00,-1.000000000000000000e+00,0.000000000000000000e+00
2.359000000000000000e+03,2.407165298278341581e+01,3.462539395298079370e+01,-8.950810333955561138e-03,2.701045838181062209e+02,2.050638089150680354e-02,nan,1.684619664821026267e-05,1.357990612556460519e+01,1.000000000000000000e+00,1.000000000000000000e+00,-1.000000000000000000e+00,0.000000000000000000e+00
2.359000000000000000e+03,9.476795429009931127e+01,2.588785431673016646e+01,-1.823593139635161812e-03,5.533288247549610617e+01,2.994972762993064475e-01,nan,1.792334616463949563e-05,6.349668956915783369e+00,1.000000000000000000e+00,1.000000000000000000e+00,-1.000000000000000000e+00,0.000000000000000000e+00
2.360000000000000000e+03,9.335051506830576784e+01,1.450824213048444555e+01,-1.255991077257214436e-03,3.822875090509430862e+01,3.312574872949218818e-01,nan,1.042498102912804579e-05,9.073359638487996648e+00,1.000000000000000000e+00,1.000000000000000000e+00,-1.000000000000000000e+00,0.000000000000000000e+00
2.361000000000000000e+03,5.968636557591435832e+01,1.775329580150332021e+01,-1.343203543908303875e-03,4.085681306880477592e+01,3.371596816705830779e-01,nan,1.059317169939158376e-05,2.476101230460557545e+01,1.000000000000000000e+00,1.000000000000000000e+00,-1.000000000000000000e+00,0.000000000000000000e+00
2.363000000000000000e+03,8.428772028978073649e+01,1.494597027863404826e+01,-1.755169547201424580e-03,5.327100461232704731e+01,2.687094701401082641e-01,nan,1.278984397877440750e-05,9.073359638487996648e+00,1.000000000000000000e+00,1.000000000000000000e+00,-1.000000000000000000e+00,0.000000000000000000e+00
2.366000000000000000e+03,1.206036764261404386e+02,5.353455959733677716e+00,-6.197880707399623483e-03,1.871477489901937474e+02,6.916588561984104988e-02,nan,2.840454889106612798e-05,2.297228055023931503e+01,1.000000000000000000e+00,1.000000000000000000e+00,-1.000000000000000000e+00,0.000000000000000000e+00
2.368000000000000000e+03,9.430859510055736905e+01,2.972518996482482123e+01,-7.785643735567238273e-03,2.349934309149984983e+02,2.090990394832403787e-02,nan,1.222574528523741524e-05,4.716261007838887132e+00,1.000000000000000000e+00,1.000000000000000000e+00,-1.000000000000000000e+00,0.000000000000000000e+00
2.369000000000000000e+03,1.945795760574850064e+01,4.268413168894978327e+01,-7.868927360216880149e-03,2.375031012775401393e+02,2.048260243055199936e-02,nan,1.288505599995970595e-05,3.762574786679311956e+01,1.000000000000000000e+00,1.000000000000000000e+00,-1.000000000000000000e+00,0.000000000000000000e+00
2.371000000000000000e+03,9.138066390812261375e+01,4.620705909722033056e+01,-1.294873009370264968e-03,3.940041980246736841e+01,3.087847060994872717e-01,nan,8.546284629136260348e-06,1.073525436318729831e+01,1.000000000000000000e+00,1.000000000000000000e+00,-1.000000000000000000e+00,0.000000000000000000e+00
2.372000000000000000e+03,5.706059099090098385e+01,4.400279200810039271e+01,1.421497433755776387e-03,-4.321612266591829155e+01,3.335064679605875826e-01,nan,1.173605196183624924e-05,1.377599281492929251e+01,1.000000000000000000e+00,1.000000000000000000e+00,-1.000000000000000000e+00,0.000000000000000000e+00
2.373000000000000000e+03,1.230410822059147478e+02,3.980170872544978522e+01,-1.983863071734024309e-03,6.016245972176935908e+01,2.983967729487952969e-01,nan,1.886885689148335712e-05,1.270938133574629347e+01,1.000000000000000000e+00,1.000000000000000000e+00,-1.000000000000000000e+00,0.000000000000000000e+00
2.374000000000000000e+03,1.022845516381857607e+02,4.810853723965188777e+01,-6.604869127604286703e-03,1.994119459482649006e+02,4.125796368902323596e-02,nan,1.815282718876130646e-05,1.106844102644842209e+01,1.000000000000000000e+00,1.000000000000000000e+00,-1.000000000000000000e+00,0.000000000000000000e+00
2.375000000000000000e+03,1.313998663475819342e+02,1.309323173744539304e+01,-7.963355578521808670e-03,2.403486030417156769e+02,2.432811302653625773e-02,nan,1.558309672307931024e-05,1.230457777257491436e+01,1.000000000000000000e+00,1.000000000000000000e+00,-1.000000000000000000e+00,0.000000000000000000e+00
2.375000000000000000e+03,5.910931623149748759e+01,3.037999116078832884e+01,-1.435367163289605471e-03,4.363407336503773593e+01,2.885496759278665113e-01,nan,9.640179116569282895e-06,1.377599281492929251e+01,1.000000000000000000e+00,1.000000000000000000e+00,-1.000000000000000000e+00,0.000000000000000000e+00
2.376000000000000000e+03,9.596423743435447307e+01,3.649950842921151661e+01,-6.528370980271261219e-03,1.971067492909546388e+02,3.584643946441945506e-02,nan,1.575662346944194998e-05,1.073525436318729831e+01,1.000000000000000000e+00,1.000000000000000000e+00,-1.000000000000000000e+00,0.000000000000000000e+00
2.377000000000000000e+03,7.781108106245945066e+01,2.418613418024015971e+01,-7.377627628387795240e-03,2.226982656176718933e+02,2.634900353909908066e-02,nan,1.665117696806052666e-05,1.970075816023563675e+01,1.000000000000000000e+00,1.000000000000000000e+00,-1.000000000000000000e+00,0.000000000000000000e+00
2.378000000000000000e+03,1.412254112009625544e+02,5.686390136901324333e+00,-6.349972083304346662e-03,1.917308734652870896e+02,5.993041829372969254e-02,nan,2.450214385112665211e-05,1.230457777257491436e+01,1.000000000000000000e+00,1.000000000000000000e+00,-1.000000000000000000e+00,0.000000000000000000e+00
2.380000000000000000e+03,1.214067873648115068e+02,2.338315059376946081e+01,-8.860932439346026757e-03,2.673962015965339560e+02,2.548656566152240899e-02,nan,2.008009290847958956e-05,1.276740378372561224e+01,1.000000000000000000e+00,1.000000000000000000e+00,-1.000000000000000000e+00,0.000000000000000000e+00
2.387000000000000000e+03,2.905692184765377917e+01,3.785298709271484796e+01,-1.625472507782898396e-03,4.936271150780176953e+01,2.663684423209099483e-01,nan,1.058482998184575571e-05,2.093174094896722792e+01,1.000000000000000000e+00,1.000000000000000000e+00,-1.000000000000000000e+00,0.000000000000000000e+00
2.387000000000000000e+03,6.225479852779414358e+01,3.272050088716769523e+01,-1.349864309519677131e-03,4.105752870908847285e+01,3.458747531510876216e-01,nan,1.105459645092624455e-05,2.571505177095172101e+01,1.000000000000000000e+00,1.000000000000000000e+00,-1.000000000000000000e+00,0.000000000000000000e+00
2.388000000000000000e+03,1.376127896598529965e+01,2.356379229415689025e+01,-7.560193289161827937e-03,2.281997027848207722e+02,2.329955901267855012e-02,nan,1.529083810070004724e-05,2.093174094896722792e+01,1.000000000000000000e+00,1.000000000000000000e+00,-1.000000000000000000e+00,0.000000000000000000e+00
2.388000000000000000e+03,8.008452401339965832e+01,5.125060549266510890e+01,-8.370818877093259489e-03,2.526271099937136171e+02,2.231102178085475618e-02,nan,1.518864918733356196e-05,1.910602202463260824e+01,1.000000000000000000e+00,1.000000000000000000e+00,-1.000000000000000000e+00,0.000000000000000000e+00
2.389000000000000000e+03,1.337482660876283376e+02,4.303533175313985026e+01,-7.136157672074763640e-03,2.154218052648426180e+02,4.300812772094075864e-02,nan,2.475330891130677379e-05,1.007992956253939454e+01,1.000000000000000000e+00,1.000000000000000000e+00,-1.000000000000000000e+00,0.000000000000000000e+00
2.389000000000000000e+03,1.416863196374669371e+02,5.073361293522001603e+01,-6.328351828647149450e-03,1.910793682915866043e+02,7.176227052106642912e-02,nan,3.190715407032854850e-05,1.105785817048106168e+01,1.000000000000000000e+00,1.000000000000000000e+00,-1.000000000000000000e+00,0.000000000000000000e+00
2.390000000000000000e+03,9.571888019885655297e+01,4.026848437368212785e+01,-1.317401749936449908e-03,4.007930130819188008e+01,3.486706629818707714e-01,nan,1.096695144112825998e-05,1.333302648172191773e+01,1.000000000000000000e+00,1.000000000000000000e+00,-1.000000000000000000e+00,0.000000000000000000e+00
2.391000000000000000e+03,3.532056433552530450e+01,1.563163316361705490e+01,-8.095729709682789391e-03,2.443375676807965817e+02,2.212903831106138863e-02,nan,1.416496004875036429e-05,1.431002563160911123e+01,1.000000000000000000e+00,1.000000000000000000e+00,-1.000000000000000000e+00,0.000000000000000000e+00
2.392000000000000000e+03,1.089097182609274057e+02,1.645314082157844737e+01,-6.723111444863142348e-03,2.029750622327825340e+02,4.170988940178765869e-02,nan,1.914118969127822045e-05,1.702329443263652209e+01,1.000000000000000000e+00,1.000000000000000000e+00,-1.000000000000000000e+00,0.000000000000000000e+00
2.393000000000000000e+03,3.846851240721913712e+01,2.959111941903594101e+01,-7.165425568211921531e-03,2.163037646154157017e+02,2.225989632747993330e-02,nan,1.171192905198740417e-05,1.431002563160911123e+01,1.000000000000000000e+00,1.000000000000000000e+00,-1.000000000000000000e+00,0.000000000000000000e+00
2.394000000000000000e+03,3.398429051525833700e+01,4.323055807345259183e+01,-8.451534678002350573e-03,2.550594015057909303e+02,1.177439820459271758e-01,nan,9.565967295301171572e-05,1.435766460062135508e+01,1.000000000000000000e+00,1.000000000000000000e+00,-1.000000000000000000e+00,0.000000000000000000e+00
2.394000000000000000e+03,1.054172713054386747e+02,4.941784528612113547e+01,-1.605852162636773250e-03,4.877147164614573427e+01,3.100747631914666513e-01,nan,1.349714426734929064e-05,1.333302648172191773e+01,1.000000000000000000e+00,1.000000000000000000e+00,-1.000000000000000000e+00,0.000000000000000000e+00
2.394000000000000000e+03,8.161555889337670067e+01,3.135787147035201627e+01,-1.961798560246669210e-03,5.949756730412153871e+01,2.389895644185038304e-01,nan,1.379793214752799576e-05,1.668240672560752103e+01,1.000000000000000000e+00,1.000000000000000000e+00,-1.000000000000000000e+00,0.000000000000000000e+00
2.394000000000000000e+03,6.335420765623873507e+01,4.560628992583968255e+01,-1.579299149268247656e-03,4.797132262564501559e+01,2.859204095156768766e-01,nan,1.111904275140209368e-05,2.316234827233201443e+01,1.000000000000000000e+00,1.000000000000000000e+00,-1.000000000000000000e+00,0.000000000000000000e+00
2.395000000000000000e+03,1.258033941427809737e+02,1.854986887717188537e+01,-7.420318389750975817e-03,2.239847098496349815e+02,4.003143900661687571e-02,nan,2.395513390302200194e-05,1.702329443263652209e+01,1.000000000000000000e+00,1.000000000000000000e+00,-1.000000000000000000e+00,0.000000000000000000e+00
2.399000000000000000e+03,1.433033112211371360e+02,3.779754783568146337e+01,-9.070687620045040506e-03,2.737169682851165931e+02,1.301745448354749701e-01,nan,1.251677702575323199e-04,2.229260246559762848e+01,1.000000000000000000e+00,1.000000000000000000e+00,-1.000000000000000000e+00,0.000000000000000000e+00
2.400000000000000000e+03,1.095013585386296171e+02,4.309735617341830505e+01,-7.741279145755484287e-03,2.336565475040607396e+02,2.864168445565706822e-02,nan,1.683250823190052148e-05,1.213112858724644205e+01,1.000000000000000000e+00,1.000000000000000000e+00,-1.000000000000000000e+00,0.000000000000000000e+00
2.401000000000000000e+03,1.449179827824272948e+01,4.917109767053721470e+01,-7.825091557778522319e-03,2.361821523555811950e+02,2.245115068713132711e-02,nan,1.475048919839978901e-05,4.914134180738201252e+01,1.000000000000000000e+00,1.000000000000000000e+00,-1.000000000000000000e+00,0.000000000000000000e+00
2.403000000000000000e+03,1.210722986803044137e+02,3.945350861375191442e+01,-1.731737818115900579e-02,5.222229018026056337e+02,7.000672757680681535e-03,nan,2.670452064708065524e-05,1.213112858724644205e+01,1.000000000000000000e+00,1.000000000000000000e+00,-1.000000000000000000e+00,0.000000000000000000e+00
2.407000000000000000e+03,1.366285329539843474e+02,4.117408902605392029e+01,-7.844861129953915532e-03,2.367778890274351511e+02,3.018134720751930455e-02,nan,1.852415077068874066e-05,1.565109650257168461e+01,1.000000000000000000e+00,1.000000000000000000e+00,-1.000000000000000000e+00,0.000000000000000000e+00
2.411000000000000000e+03,6.966033924736363758e+01,1.532284571910553872e+01,-7.080797381038097561e-03,2.137535771796592883e+02,1.963727612378429743e-02,nan,9.655234338672066593e-06,4.360332307821246900e+01,1.000000000000000000e+00,1.000000000000000000e+00,-1.000000000000000000e+00,0.000000000000000000e+00
2.411000000000000000e+03,1.335233324871437688e+01,3.141061996236232901e+01,-1.724150201453594289e-03,5.233626704517319439e+01,2.654548419301635542e-01,nan,1.160777235266675271e-05,1.592197570924292371e+01,1.000000000000000000e+00,1.000000000000000000e+00,-1.000000000000000000e+00,0.000000000000000000e+00
2.415000000000000000e+03,2.521044514027792971e+01,2.078543794731520933e+01,-6.494191349728434433e-03,1.960767796404163619e+02,2.501839278984308024e-02,nan,1.019578654486663516e-05,1.256595223621315505e+01,1.000000000000000000e+00,1.000000000000000000e+00,-1.000000000000000000e+00,0.000000000000000000e+00
2.417000000000000000e+03,1.045849799887101028e+02,1.596862804700580973e+01,-1.689623851312885110e-03,5.129584933953908887e+01,3.001107688455000311e-01,nan,1.390053600423257989e-05,1.104646614634016011e+01,1.000000000000000000e+00,1.000000000000000000e+00,-1.000000000000000000e+00,0.000000000000000000e+00
2.418000000000000000e+03,3.724680957158121686e+01,1.717585530112915748e+01,-7.204879859577142075e-03,2.174926809976087441e+02,2.253245422567595746e-02,nan,1.204485155373532073e-05,1.256595223621315505e+01,1.000000000000000000e+00,1.000000000000000000e+00,-1.000000000000000000e+00,0.000000000000000000e+00
2.418000000000000000e+03,3.795821433856230698e+01,3.332000267042820951e+01,-7.803275293650155549e-03,2.355247406286700596e+02,2.452389293170076368e-02,nan,1.543871328173541040e-05,1.615981407764733291e+01,1.000000000000000000e+00,1.000000000000000000e+00,-1.000000000000000000e+00,0.000000000000000000e+00
2.423000000000000000e+03,1.123233478095165871e+01,2.360178935000414668e+01,-8.341656234606245265e-03,2.517483223586779673e+02,1.768736658804848094e-02,nan,1.434332170572648218e-05,2.679637152736899353e+01,1.000000000000000000e+00,1.000000000000000000e+00,-1.000000000000000000e+00,0.000000000000000000e+00
2.425000000000000000e+03,1.150350390252327770e+02,1.172455223429993509e+01,-7.236216604273594012e-03,2.184369830708441782e+02,3.411019852567998001e-02,nan,1.789336216997480274e-05,3.705594557585571636e+01,1.000000000000000000e+00,1.000000000000000000e+00,-1.000000000000000000e+00,0.000000000000000000e+00
2.427000000000000000e+03,3.656549189071519379e+01,4.229907243925806171e+01,-7.657329612509213533e-03,2.311268106389365187e+02,2.102384623029396327e-02,nan,1.335806826141702483e-05,1.397213984051132840e+01,1.000000000000000000e+00,1.000000000000000000e+00,-1.000000000000000000e+00,0.000000000000000000e+00
2.429000000000000000e+03,8.492111386227873027e+01,5.150809898887011684e+01,-8.566838594171299198e-03,2.585339719548022117e+02,2.503204750584542282e-02,nan,1.815051791104594939e-05,1.777444628298076168e+01,1.000000000000000000e+00,1.000000000000000000e+00,-1.000000000000000000e+00,0.000000000000000000e+00
2.431000000000000000e+03,1.245892321236444644e+02,1.106369285950598247e+01,-8.517867739279197034e-03,2.570582832624805860e+02,1.902142100177595108e-02,nan,1.468175266557174164e-05,1.271249406224406897e+01,1.000000000000000000e+00,1.000000000000000000e+00,-1.000000000000000000e+00,0.000000000000000000e+00
2.431000000000000000e+03,1.703843681636930540e+01,1.341879117834616508e+01,-7.434063242288978246e-03,2.243988975029371034e+02,2.093850573253541736e-02,nan,1.174054627691389965e-05,1.440088410895621429e+01,1.000000000000000000e+00,1.000000000000000000e+00,-1.000000000000000000e+00,0.000000000000000000e+00
2.431000000000000000e+03,8.036677352074177350e+01,3.432703602058967363e+01,-6.744799098540342659e-03,2.036285984098606718e+02,3.339217461227261818e-02,nan,1.482054581604353325e-05,1.577425737518271021e+01,1.000000000000000000e+00,1.000000000000000000e+00,-1.000000000000000000e+00,0.000000000000000000e+00
2.432000000000000000e+03,2.346890197803645250e+01,3.743080535723335345e+01,-6.955861962894502662e-03,2.099887708631023884e+02,2.412803164119303734e-02,nan,1.121820825689872557e-05,1.047514670293378281e+01,1.000000000000000000e+00,1.000000000000000000e+00,-1.000000000000000000e+00,0.000000000000000000e+00
2.433000000000000000e+03,3.767175080057501901e+01,9.168118857642941322e+00,-7.851231147388526913e-03,2.369698432565140536e+02,1.599667704732576912e-02,nan,9.433859203058479081e-06,2.106660535418109603e+01,1.000000000000000000e+00,1.000000000000000000e+00,-1.000000000000000000e+00,0.000000000000000000e+00
2.436000000000000000e+03,2.121152540939502629e+01,2.720178050266714820e+01,-8.019801907842084507e-03,2.420495578256279146e+02,1.586368043676333883e-02,nan,1.009896535422964471e-05,1.047514670293378281e+01,1.000000000000000000e+00,1.000000000000000000e+00,-1.000000000000000000e+00,0.000000000000000000e+00
2.437000000000000000e+03,5.924977995041706436e+01,8.033021203998769622e+00,-6.812899725576866683e-03,2.056807440274781698e+02,2.261602611268875851e-02,nan,1.105790162644402506e-05,2.160786404702560048e+01,1.000000000000000000e+00,1.000000000000000000e+00,-1.000000000000000000e+00,0.000000000000000000e+00
2.437000000000000000e+03,1.108519857472492589e+02,4.920210253919326959e+01,-8.775160656500524681e-03,2.648115530265988014e+02,2.149090717322332811e-02,nan,1.626707121824474685e-05,1.395281848689513815e+01,1.000000000000000000e+00,1.000000000000000000e+00,-1.000000000000000000e+00,0.000000000000000000e+00
2.441000000000000000e+03,1.042246350120376803e+02,6.968156358704829856e+00,1.347551438445756047e-03,-4.098783260723149624e+01,3.045164081963096514e-01,nan,9.933779840737715940e-06,2.171828714467132215e+01,1.000000000000000000e+00,1.000000000000000000e+00,-1.000000000000000000e+00,0.000000000000000000e+00
2.442000000000000000e+03,1.437241130601976806e+02,2.777738882343451010e+01,-7.635548606544272955e-03,2.304704613822067358e+02,4.242138933019168334e-02,nan,2.551345542053808132e-05,1.785452798609168212e+01,1.000000000000000000e+00,1.000000000000000000e+00,-1.000000000000000000e+00,0.000000000000000000e+00
2.442000000000000000e+03,5.568378740695127505e+01,4.331250003708396434e+01,-7.817873339823987883e-03,2.359646384355631028e+02,1.870162209145663779e-01,nan,1.422494108772300253e-04,5.240384900510234090e+00,1.000000000000000000e+00,1.000000000000000000e+00,-1.000000000000000000e+00,0.000000000000000000e+00
2.443000000000000000e+03,5.336368020874451901e+01,4.801130163901661518e+01,-6.582504020672002611e-03,1.987379953816420937e+02,2.787039794665006065e-01,nan,1.875816443191204695e-04,5.240384900510234090e+00,1.000000000000000000e+00,1.000000000000000000e+00,-1.000000000000000000e+00,0.000000000000000000e+00
2.443000000000000000e+03,1.050239992444432175e+02,2.900979968470666748e+01,-1.456090221666466161e-03,4.425854240860319777e+01,3.412369553428514779e-01,nan,1.296223530810648806e-05,2.038915081459322565e+01,1.000000000000000000e+00,1.000000000000000000e+00,-1.000000000000000000e+00,0.000000000000000000e+00
2.444000000000000000e+03,1.402996222297169560e+01,3.903585967024132941e+01,-1.398440517717015668e-03,4.252132511024613848e+01,3.635121660989552028e-01,nan,1.280212640860286964e-05,4.034476334196497760e+01,1.000000000000000000e+00,1.000000000000000000e+00,-1.000000000000000000e+00,0.000000000000000000e+00
2.448000000000000000e+03,8.225517887561760233e+01,7.622290749357735429e+00,-7.375230018467265891e-03,2.226260159937656056e+02,1.346755501589866899e-01,nan,8.840802416452652455e-05,1.309038854845315747e+01,1.000000000000000000e+00,1.000000000000000000e+00,-1.000000000000000000e+00,0.000000000000000000e+00
2.451000000000000000e+03,7.158989993784305739e+01,2.676112639513647906e+01,-3.084836503778949201e-03,9.333921450366821659e+01,9.773660703219733126e-02,nan,1.005055189363909466e-05,9.990843744681129124e+00,1.000000000000000000e+00,1.000000000000000000e+00,-1.000000000000000000e+00,0.000000000000000000e+00
2.452000000000000000e+03,3.633482033730280136e+01,1.626537416424105231e+01,-7.748074254779706641e-03,2.338613114513561300e+02,2.352051815458988671e-02,nan,1.394778405085715928e-05,2.856345433776703047e+01,1.000000000000000000e+00,1.000000000000000000e+00,-1.000000000000000000e+00,0.000000000000000000e+00
2.453000000000000000e+03,9.388529990675740677e+00,6.790757535533815670e+00,-1.325718632976759367e-03,4.032992242324056775e+01,3.442202377162876248e-01,nan,1.090651059767733233e-05,2.856345433776703047e+01,1.000000000000000000e+00,1.000000000000000000e+00,-1.000000000000000000e+00,0.000000000000000000e+00
2.455000000000000000e+03,8.127057205002510898e+01,2.429099559150385446e+01,-1.326164476892460102e-03,4.034335749245448000e+01,3.442693056104121352e-01,nan,1.102267571571276768e-05,9.990843744681129124e+00,1.000000000000000000e+00,1.000000000000000000e+00,-1.000000000000000000e+00,0.000000000000000000e+00
2.458000000000000000e+03,4.749753461968023061e+01,2.256184895428651060e+01,-7.825445166986536027e-03,2.361928080223225095e+02,2.476256335029969335e-02,nan,1.514234462695696993e-05,3.381727377191242567e+01,1.000000000000000000e+00,1.000000000000000000e+00,-1.000000000000000000e+00,0.000000000000000000e+00
2.462000000000000000e+03,1.118149945194358708e+02,2.434154557899553950e+01,-8.579425036060146087e-03,2.589132520391066237e+02,3.220508462541216144e-02,nan,2.369858968410275171e-05,6.008766655207129048e+00,1.000000000000000000e+00,1.000000000000000000e+00,-1.000000000000000000e+00,0.000000000000000000e+00
2.463000000000000000e+03,1.018220817981274422e+02,1.192133072517273007e+01,-7.677490640194122029e-03,2.317343434387161665e+02,1.982857304213059280e-02,nan,1.151819102160700375e-05,1.452403645236175578e+01,1.000000000000000000e+00,1.000000000000000000e+00,-1.000000000000000000e+00,0.000000000000000000e+00
2.464000000000000000e+03,5.578987231948530479e+01,3.455698901344721463e+01,-7.634836730336895007e-03,2.304490096907491363e+02,2.175284029692303722e-02,nan,1.214310025499389079e-05,1.860730498108353714e+01,1.000000000000000000e+00,1.000000000000000000e+00,-1.000000000000000000e+00,0.000000000000000000e+00
2.464000000000000000e+03,4.020038339049137477e+01,4.471571105865702833e+01,-7.858068768704346008e-03,2.371758882700300148e+02,1.792443159008216824e-02,nan,1.119811345664133448e-05,1.860730498108353714e+01,1.000000000000000000e+00,1.000000000000000000e+00,-1.000000000000000000e+00,0.000000000000000000e+00
2.465000000000000000e+03,1.059943202708948178e+02,2.583319835665531272e+01,-7.378863459158092018e-03,2.227355061661035904e+02,8.889404633706543546e-02,nan,5.217518503858819911e-05,6.008766655207129048e+00,1.000000000000000000e+00,1.000000000000000000e+00,-1.000000000000000000e+00,0.000000000000000000e+00
2.467000000000000000e+03,3.102734240034711277e+01,1.263629270421356665e+01,-6.839434942546768204e-03,2.064803567709571439e+02,3.241879043163697904e-02,nan,1.499061297226505708e-05,9.300716645572707719e+00,1.000000000000000000e+00,1.000000000000000000e+00,-1.000000000000000000e+00,0.000000000000000000e+00
2.469000000000000000e+03,1.424679279194235448e+02,4.617038778042501690e+01,-1.554010420031166038e-02,4.686664931494897246e+02,1.214115061389098305e-02,nan,3.686776223860908198e-05,2.715971766341951366e+01,1.000000000000000000e+00,1.000000000000000000e+00,-1.000000000000000000e+00,0.000000000000000000e+00
2.470000000000000000e+03,1.304341591264943929e+02,2.182210915143388164e+01,-1.619824481068180694e-03,4.919251376109705376e+01,3.292616740862016611e-01,nan,1.552771341278825855e-05,2.176955546551224074e+01,1.000000000000000000e+00,1.000000000000000000e+00,-1.000000000000000000e+00,0.000000000000000000e+00
2.472000000000000000e+03,8.817555536477847511e+01,3.075192022513601131e+01,-7.211849096974653345e-03,2.177026921326863942e+02,3.032517724883199151e-02,nan,1.606421866409714813e-05,8.656393464898682666e+00,1.000000000000000000e+00,1.000000000000000000e+00,-1.000000000000000000e+00,0.000000000000000000e+00
2.472000000000000000e+03,3.428854592504964671e+01,2.134650979058408993e+01,-1.301098341076535603e-03,3.958801406899867459e+01,3.192042501544605226e-01,nan,9.534143349042050453e-06,9.300716645572707719e+00,1.000000000000000000e+00,1.000000000000000000e+00,-1.000000000000000000e+00,0.000000000000000000e+00
2.475000000000000000e+03,1.187265872595942113e+02,4.017548230590827529e+01,-1.049069325441413271e-02,3.165074456473857367e+02,2.159046290152488723e-02,nan,2.373884064450500791e-05,2.176955546551224074e+01,1.000000000000000000e+00,1.000000000000000000e+00,-1.000000000000000000e+00,0.000000000000000000e+00
2.477000000000000000e+03,5.566390132136291413e+01,9.452848300813659677e+00,-6.472518849608792195e-03,1.954237001009359744e+02,2.895210316048979493e-02,nan,1.216743734192827738e-05,1.450346740237984910e+01,1.000000000000000000e+00,1.000000000000000000e+00,-1.000000000000000000e+00,0.000000000000000000e+00
2.477000000000000000e+03,1.332447824186875494e+02,1.015726570797582262e+01,-1.486590393833025527e-03,4.517763518897680086e+01,3.542292669129155636e-01,nan,1.599399492686562628e-05,6.883321427709524265e+00,1.000000000000000000e+00,1.000000000000000000e+00,-1.000000000000000000e+00,0.000000000000000000e+00
2.477000000000000000e+03,1.319623389520104695e+02,1.692006487932065539e+01,-1.545164802967192866e-03,4.694271757132768386e+01,3.481956608776024531e-01,nan,1.510017198741791843e-05,6.883321427709524265e+00,1.000000000000000000e+00,1.000000000000000000e+00,-1.000000000000000000e+00,0.000000000000000000e+00
2.477000000000000000e+03,1.373640642024117753e+01,2.903378976775335829e+01,-1.321791175564112839e-03,4.021157234529753310e+01,3.053525263259146971e-01,nan,8.905621928368434603e-06,2.194275989187541853e+01,1.000000000000000000e+00,1.000000000000000000e+00,-1.000000000000000000e+00,0.000000000000000000e+00
2.477000000000000000e+03,4.478891871645257083e+01,2.907878870503973090e+01,-1.143419130678563359e-03,3.483650568077128185e+01,3.601329104622466026e-01,nan,8.748248805055718947e-06,8.503393969510643302e+00,1.000000000000000000e+00,1.000000000000000000e+00,-1.000000000000000000e+00,0.000000000000000000e+00
2.478000000000000000e+03,7.143749259825311526e+01,2.685148041015487053e+01,3.922966789081770364e-03,-1.185954487972855702e+02,2.076792271258973699e-01,nan,4.150301883982712427e-05,1.525728907315079219e+01,1.000000000000000000e+00,1.000000000000000000e+00,-1.000000000000000000e+00,0.000000000000000000e+00
2.479000000000000000e+03,7.597156059618910717e+01,1.228346416731043611e+01,-1.435503646452183099e-03,4.363818615130931988e+01,3.457069278686536462e-01,nan,1.305225683879335465e-05,1.525728907315079219e+01,1.000000000000000000e+00,1.000000000000000000e+00,-1.000000000000000000e+00,0.000000000000000000e+00
2.479000000000000000e+03,8.897540644427085965e+01,2.456751224790937016e+01,-1.576442095915714554e-03,4.788522812443645194e+01,3.012417266415863271e-01,nan,1.194492092487772250e-05,1.768600951703045965e+01,1.000000000000000000e+00,1.000000000000000000e+00,-1.000000000000000000e+00,0.000000000000000000e+00
2.480000000000000000e+03,5.544357836641512449e+01,4.071452889034773648e+01,1.232519927411085056e-03,-3.752147081982658250e+01,3.378142148749397888e-01,nan,9.032847630020722160e-06,1.577695223788586354e+01,1.000000000000000000e+00,1.000000000000000000e+00,-1.000000000000000000e+00,0.000000000000000000e+00
2.481000000000000000e+03,9.570506140405956330e+01,7.949926387777273895e+00,-8.276418222889277143e-03,2.497824388466912922e+02,2.606748869909569777e-02,nan,1.931606645464162755e-05,1.792853635121034728e+01,1.000000000000000000e+00,1.000000000000000000e+00,-1.000000000000000000e+00,0.000000000000000000e+00
2.485000000000000000e+03,1.295711803439930954e+01,3.817648661685345246e+01,-8.042674331757568990e-03,2.427387958920744495e+02,2.421750177988779562e-02,nan,1.531355395773320439e-05,1.661302065546169260e+01,1.000000000000000000e+00,1.000000000000000000e+00,-1.000000000000000000e+00,0.000000000000000000e+00
2.485000000000000000e+03,2.478560511510277209e+01,2.651118127663933066e+01,-7.653480993101230423e-03,2.310108362669570283e+02,2.493496703666275849e-02,nan,1.499818396399304892e-05,1.661302065546169260e+01,1.000000000000000000e+00,1.000000000000000000e+00,-1.000000000000000000e+00,0.000000000000000000e+00
2.488000000000000000e+03,7.022772187391647947e+01,3.675327662713795007e+01,-7.606674028406218251e-03,2.296003542838567739e+02,3.464122798293722827e-02,nan,2.104794393205344208e-05,9.653803769905078269e+00,1.000000000000000000e+00,1.000000000000000000e+00,-1.000000000000000000e+00,0.000000000000000000e+00
2.488000000000000000e+03,6.346424860150489877e+01,2.986478212389504705e+01,-8.049280760960312794e-03,2.429378741579653251e+02,3.282525251304690972e-02,nan,2.242137485271716247e-05,9.653803769905078269e+00,1.000000000000000000e+00,1.000000000000000000e+00,-1.000000000000000000e+00,0.000000000000000000e+00
2.489000000000000000e+03,7.349777124427178876e+01,1.987925641073429261e+01,-9.479162371632775946e-03,2.860259543819494752e+02,1.391101737290700857e-02,nan,1.373428666005860986e-05,1.415564553071001619e+01,1.000000000000000000e+00,1.000000000000000000e+00,-1.000000000000000000e+00,0.000000000000000000e+00
2.489000000000000000e+03,1.009514468411058274e+01,1.406938087394480519e+01,-8.561455981912284921e-03,2.583717722124599732e+02,1.481448475831925737e-02,nan,1.217175853305226311e-05,1.925118242952979841e+01,1.000000000000000000e+00,1.000000000000000000e+00,-1.000000000000000000e+00,0.000000000000000000e+00
2.496000000000000000e+03,1.294433620343383211e+02,5.250676501003790264e+01,-7.827630438854335168e-03,2.362586590472242563e+02,2.168230322632347384e-02,nan,1.466720487539317908e-05,7.973616653602406679e+00,1.000000000000000000e+00,1.000000000000000000e+00,-1.000000000000000000e+00,0.000000000000000000e+00
2.498000000000000000e+03,1.351583439834240075e+01,6.583287384536275155e+00,-8.077812236224569606e-03,2.437976421876532811e+02,2.082768478470686802e-02,nan,1.373369618111582490e-05,1.749706803220879792e+01,1.000000000000000000e+00,1.000000000000000000e+00,-1.000000000000000000e+00,0.000000000000000000e+00
2.498000000000000000e+03,7.199938781769205320e+01,4.165294713565391760e+01,-8.642696898244144055e-03,2.608198875628845599e+02,1.551264582742417630e-02,nan,1.143835560353730141e-05,8.156802616988461097e+00,1.000000000000000000e+00,1.000000000000000000e+00,-1.000000000000000000e+00,0.000000000000000000e+00
2.498000000000000000e+03,6.892124669488444511e+01,5.100474746381629565e+00,-1.315085642697481298e-03,4.000950768767451393e+01,2.752212403533037532e-01,nan,7.398792639302731565e-06,2.655469351083144502e+01,1.000000000000000000e+00,1.000000000000000000e+00,-1.000000000000000000e+00,0.000000000000000000e+00
2.503000000000000000e+03,1.599905585193034163e+01,2.390324699581088197e+01,-1.291084597513642582e-03,3.928625972600980276e+01,3.546593690185495529e-01,nan,1.093094513029607681e-05,1.749706803220879792e+01,1.000000000000000000e+00,1.000000000000000000e+00,-1.000000000000000000e+00,0.000000000000000000e+00
2.503000000000000000e+03,7.536247805056764548e+01,4.908416863807507724e+01,1.173049044528022338e-03,-3.572937408011716087e+01,3.486791255014771718e-01,nan,9.215884598003657029e-06,8.156802616988461097e+00,1.000000000000000000e+00,1.000000000000000000e+00,-1.000000000000000000e+00,0.000000000000000000e+00
2.505000000000000000e+03,9.917205048370267662e+01,3.192364743318799114e+01,-8.807457586503662783e-03,2.657847893425125108e+02,1.999867733635340983e-02,nan,1.556790640950217144e-05,1.917160873585646641e+01,1.000000000000000000e+00,1.000000000000000000e+00,-1.000000000000000000e+00,0.000000000000000000e+00
2.506000000000000000e+03,1.283688178944628930e+02,2.370331677005841442e+01,-8.915425092393982481e-03,2.690382842617161714e+02,2.598020962175717763e-02,nan,2.018218101585560231e-05,3.033191493211759138e+01,1.000000000000000000e+00,1.000000000000000000e+00,-1.000000000000000000e+00,0.000000000000000000e+00
2.506000000000000000e+03,9.176947144218320318e+01,4.960845461491391006e+01,-1.514279831822114330e-03,4.601202925106267827e+01,2.593142117745828035e-01,nan,8.965832808267927735e-06,1.641536804150386430e+01,1.000000000000000000e+00,1.000000000000000000e+00,-1.000000000000000000e+00,0.000000000000000000e+00
2.510000000000000000e+03,3.254358758768979953e+01,3.600341780777121414e+01,-1.527283656785132816e-02,4.606126451226526228e+02,7.643375988729550485e-03,nan,1.771850375179415311e-05,2.618070977234233609e+01,1.000000000000000000e+00,1.000000000000000000e+00,-1.000000000000000000e+00,0.000000000000000000e+00
2.510000000000000000e+03,2.530686153469486399e+01,1.084274690619298021e+01,-1.274154112049618280e-03,3.877607614825066662e+01,3.500990460736319587e-01,nan,1.031293472054867547e-05,2.618070977234233609e+01,1.000000000000000000e+00,1.000000000000000000e+00,-1.000000000000000000e+00,0.000000000000000000e+00
2.512000000000000000e+03,1.407462757466524295e+02,1.627725822540221401e+01,-6.989512191249905478e-03,2.110027874978439968e+02,3.966073801921721209e-02,nan,2.005975764058300797e-05,1.099861041072680194e+02,1.000000000000000000e+00,1.000000000000000000e+00,-1.000000000000000000e+00,0.000000000000000000e+00
2.518000000000000000e+03,4.825871283026035741e+01,5.326435957189654147e+01,-6.798824058484443170e-03,2.052565876019687892e+02,2.331859756530907379e-02,nan,1.072041205230372651e-05,3.079928296984962799e+01,1.000000000000000000e+00,1.000000000000000000e+00,-1.000000000000000000e+00,0.000000000000000000e+00
2.519000000000000000e+03,1.134861525309003696e+02,3.081050832449907873e+01,-1.341719445814861314e-02,4.046946897527174656e+02,8.268567947073646174e-03,nan,1.547229928526858560e-05,5.117310200386133090e+01,1.000000000000000000e+00,1.000000000000000000e+00,-1.000000000000000000e+00,0.000000000000000000e+00
2.522000000000000000e+03,5.062884193962640111e+00,8.477503861929664097e+00,-8.435771365576258396e-03,2.545843895430230646e+02,1.966067595252163347e-02,nan,1.340279772157995956e-05,1.916842531634964431e+01,1.000000000000000000e+00,1.000000000000000000e+00,-1.000000000000000000e+00,0.000000000000000000e+00
2.522000000000000000e+03,6.254181483354966531e+01,2.597720456041719572e+01,-6.575378734418079948e-03,1.985232818672949406e+02,1.928351464912914093e-02,nan,8.799213500758237445e-06,1.849838933183260536e+01,1.000000000000000000e+00,1.000000000000000000e+00,-1.000000000000000000e+00,0.000000000000000000e+00
2.525000000000000000e+03,5.642993324034660674e+01,8.517671025333161339e+00,-7.754390238537721587e-03,2.340516374285751624e+02,2.037381020804229781e-02,nan,1.173064098962250431e-05,1.205733315114305348e+01,1.000000000000000000e+00,1.000000000000000000e+00,-1.000000000000000000e+00,0.000000000000000000e+00
2.527000000000000000e+03,9.996228094367207007e+01,1.601383527978461174e+01,-7.291186664680219566e-03,2.200934519386436818e+02,2.488341909419766740e-02,nan,1.350336233657503788e-05,1.206512112749583565e+01,1.000000000000000000e+00,1.000000000000000000e+00,-1.000000000000000000e+00,0.000000000000000000e+00
2.531000000000000000e+03,1.013732788075958240e+02,2.799616530566643036e+01,-7.736053610406664130e-03,2.334990811203806516e+02,2.129309068472795552e-02,nan,1.328731055422681148e-05,1.206512112749583565e+01,1.000000000000000000e+00,1.000000000000000000e+00,-1.000000000000000000e+00,0.000000000000000000e+00
2.531000000000000000e+03,5.607785822135297593e+01,5.322232900983520665e+01,-7.549979474085837493e-03,2.278919194829708772e+02,1.929438413428796739e-02,nan,1.051711666468769415e-05,3.428833958059568943e+01,1.000000000000000000e+00,1.000000000000000000e+00,-1.000000000000000000e+00,0.000000000000000000e+00
2.532000000000000000e+03,8.945171849593796765e+01,4.535621932545356572e+01,-7.703241973351362612e-03,2.325103346121615857e+02,1.644369064789219514e-02,nan,1.039550067910733968e-05,2.105932277720305024e+01,1.000000000000000000e+00,1.000000000000000000e+00,-1.000000000000000000e+00,0.000000000000000000e+00
2.533000000000000000e+03,1.443891369726155745e+02,1.019750759996661316e+01,-7.742558700829194236e-03,2.336951056415005894e+02,3.127920608586254314e-02,nan,1.818903667313396608e-05,1.597427481951739026e+01,1.000000000000000000e+00,1.000000000000000000e+00,-1.000000000000000000e+00,0.000000000000000000e+00
2.535000000000000000e+03,7.363333936440147909e+01,5.571553324129714824e+00,-8.549274648221532810e-03,2.580046996664640346e+02,1.589426136862970296e-02,nan,1.365981728706696112e-05,2.871293920815009670e+01,1.000000000000000000e+00,1.000000000000000000e+00,-1.000000000000000000e+00,0.000000000000000000e+00
2.535000000000000000e+03,1.396520029857720147e+02,2.545322841545609194e+01,-8.115286872048928929e-03,2.449269035913335415e+02,3.063415958862614197e-02,nan,2.275211333073409137e-05,1.597427481951739026e+01,1.000000000000000000e+00,1.000000000000000000e+00,-1.000000000000000000e+00,0.000000000000000000e+00
2.537000000000000000e+03,1.938828352233676711e+01,2.711413244654086796e+01,-1.243603962238553620e-03,3.785547734056698488e+01,3.247127966953338163e-01,nan,8.452299376147292057e-06,1.995829237307096093e+01,1.000000000000000000e+00,1.000000000000000000e+00,-1.000000000000000000e+00,0.000000000000000000e+00
2.538000000000000000e+03,3.222357364258938617e+01,4.239774334115369925e+01,-2.280393147361869585e-03,6.909810277928640687e+01,2.471841464765160978e-01,nan,1.886986746856478262e-05,1.092410490338823159e+01,1.000000000000000000e+00,1.000000000000000000e+00,-1.000000000000000000e+00,0.000000000000000000e+00
2.542000000000000000e+03,2.547911116929110165e+01,5.099124634554614488e+01,-6.529646817596733432e-03,1.971451953976969094e+02,2.633394040754344356e-02,nan,1.130913617645713755e-05,1.092410490338823159e+01,1.000000000000000000e+00,1.000000000000000000e+00,-1.000000000000000000e+00,0.000000000000000000e+00
2.543000000000000000e+03,9.366229715025205849e+01,3.329792960800140378e+01,-8.534747477512134514e-03,2.575669376221926541e+02,1.834873351330468250e-02,nan,1.377614614510463579e-05,1.863832371694975265e+01,1.000000000000000000e+00,1.000000000000000000e+00,-1.000000000000000000e+00,0.000000000000000000e+00
2.544000000000000000e+03,1.585039512890774205e+01,2.870919513367072540e+01,-8.018788220106411180e-03,2.420190113397155471e+02,6.302859955815565129e-02,nan,4.152400676640139474e-05,6.402181798835385962e+00,1.000000000000000000e+00,1.000000000000000000e+00,-1.000000000000000000e+00,0.000000000000000000e+00
2.547000000000000000e+03,8.059076594949981143e+01,1.585550748993679449e+01,-8.154077816526167019e-03,2.460958306655220724e+02,2.160244167166824880e-02,nan,1.490846635233467922e-05,2.179685796799595821e+01,1.000000000000000000e+00,1.000000000000000000e+00,-1.000000000000000000e+00,0.000000000000000000e+00
2.547000000000000000e+03,1.087239447317643837e+01,3.273504178460985514e+01,-8.519704547757101301e-03,2.571136336848241513e+02,9.797271496147863523e-02,nan,7.705991711098505038e-05,6.402181798835385962e+00,1.000000000000000000e+00,1.000000000000000000e+00,-1.000000000000000000e+00,0.000000000000000000e+00
2.548000000000000000e+03,3.621465835871801175e+01,1.599021441132073562e+01,-8.168788090783319841e-03,2.465391103556573569e+02,1.180500268923301288e-01,nan,8.846233499089238745e-05,5.842803194040344650e+00,1.000000000000000000e+00,1.000000000000000000e+00,-1.000000000000000000e+00,0.000000000000000000e+00
2.550000000000000000e+03,5.602102703362781000e+01,4.393377316592503945e+01,-7.179581341487752122e-03,2.167303349622115434e+02,2.613935851015003475e-02,nan,1.306635952180032074e-05,2.491423712775092625e+01,1.000000000000000000e+00,1.000000000000000000e+00,-1.000000000000000000e+00,0.000000000000000000e+00
2.550000000000000000e+03,3.110701208140864438e+01,4.403899017216691192e+01,-1.447182083762278129e-03,4.399010440800435617e+01,3.058612536494730305e-01,nan,1.071140674468519582e-05,2.317798522089300661e+01,1.000000000000000000e+00,1.000000000000000000e+00,-1.000000000000000000e+00,0.000000000000000000e+00
2.551000000000000000e+03,3.977938385103108487e+01,2.061958600244856044e+01,-8.370200830148154594e-03,2.526084857550675054e+02,7.988048332389630080e-02,nan,5.896216781288103192e-05,5.842803194040344650e+00,1.000000000000000000e+00,1.000000000000000000e+00,-1.000000000000000000e+00,0.000000000000000000e+00
2.551000000000000000e+03,1.146976399584111164e+02,4.358155658332771765e+01,-6.361991121074888830e-03,1.920930553828716256e+02,3.102613234643913920e-02,nan,1.261762273549126736e-05,1.549283657707132100e+01,1.000000000000000000e+00,1.000000000000000000e+00,-1.000000000000000000e+00,0.000000000000000000e+00
2.559000000000000000e+03,8.061676898819705173e+01,2.282747241645998670e+01,-1.699758974526162239e-03,5.160126133926980430e+01,2.991530401332407330e-01,nan,1.429466673595953909e-05,2.326903381559182904e+01,1.000000000000000000e+00,1.000000000000000000e+00,-1.000000000000000000e+00,0.000000000000000000e+00
2.560000000000000000e+03,1.026428690270038828e+02,1.286819634333988382e+01,1.303413924840999801e-03,-3.965779191512515922e+01,3.591045200227281908e-01,nan,1.239920721444473966e-05,2.221111467876953682e+01,1.000000000000000000e+00,1.000000000000000000e+00,-1.000000000000000000e+00,0.000000000000000000e+00
2.562000000000000000e+03,1.298718992108617556e+02,2.298173910189102642e+01,-7.912592599718541730e-03,2.388189104526523465e+02,2.545033506241500820e-02,nan,1.654343527741659943e-05,6.837634500234917923e+00,1.000000000000000000e+00,1.000000000000000000e+00,-1.000000000000000000e+00,0.000000000000000000e+00
2.562000000000000000e+03,2.195690244659699886e+01,2.623120764212263722e+01,-6.859492215986907199e-03,2.070847630383100579e+02,2.780435001670167328e-02,nan,1.357453263241903653e-05,1.237916631783821053e+01,1.000000000000000000e+00,1.000000000000000000e+00,-1.000000000000000000e+00,0.000000000000000000e+00
2.563000000000000000e+03,1.052225974013679455e+01,3.547061850279121131e+01,-1.315888178885525400e-03,4.003369132875010905e+01,3.304215150376793586e-01,nan,1.119947350214385150e-05,1.470094442124872280e+01,1.000000000000000000e+00,1.000000000000000000e+00,-1.000000000000000000e+00,0.000000000000000000e+00
2.565000000000000000e+03,4.989355802117431438e+01,2.701680334075366474e+01,1.347793533649361804e-03,-4.099512790879838775e+01,3.605822256198075726e-01,nan,1.253704045525350033e-05,2.758494984308886799e+01,1.000000000000000000e+00,1.000000000000000000e+00,-1.000000000000000000e+00,0.000000000000000000e+00
2.566000000000000000e+03,1.229726728466191474e+02,1.848972268317815448e+01,-8.358531234155750986e-03,2.522568339228114667e+02,2.752067967650273506e-02,nan,2.077515717218346799e-05,8.232711335340640701e+00,1.000000000000000000e+00,1.000000000000000000e+00,-1.000000000000000000e+00,0.000000000000000000e+00
2.566000000000000000e+03,1.252255371976709739e+02,3.415667204867376938e+01,-7.390756191727394439e-03,2.230938820003011358e+02,3.255275141049429610e-02,nan,1.897353279937792300e-05,1.210238845528901130e+01,1.000000000000000000e+00,1.000000000000000000e+00,-1.000000000000000000e+00,0.000000000000000000e+00
2.566000000000000000e+03,8.062224413285136393e+01,1.661075076625177616e+01,-1.475347238556207674e-03,4.483883372952561785e+01,3.478233465604703145e-01,nan,1.383635617381706443e-05,1.866678056171763345e+01,1.000000000000000000e+00,1.000000000000000000e+00,-1.000000000000000000e+00,0.000000000000000000e+00
2.569000000000000000e+03,7.636214146047039719e+01,3.478491434425700390e+01,-7.517038700770103596e-03,2.268992815801721292e+02,1.617645785679244774e-02,nan,9.026936368207587154e-06,1.866678056171763345e+01,1.000000000000000000e+00,1.000000000000000000e+00,-1.000000000000000000e+00,0.000000000000000000e+00
2.569000000000000000e+03,1.316191884478323004e+02,4.674087479653485389e+01,-6.138379698165089340e-03,1.853547444224240621e+02,5.906573963371242186e-02,nan,2.284393859344390420e-05,1.411527311489097514e+01,1.000000000000000000e+00,1.000000000000000000e+00,-1.000000000000000000e+00,0.000000000000000000e+00
2.569000000000000000e+03,1.068253358239773263e+02,4.720149940636699348e+00,-9.125634111903785373e-03,2.753727269378365463e+02,2.121862665905671630e-02,nan,1.792781714598501498e-05,7.411881927927570501e+00,1.000000000000000000e+00,1.000000000000000000e+00,-1.000000000000000000e+00,0.000000000000000000e+00
2.572000000000000000e+03,2.948894262561544366e+01,1.876618829680135647e+01,-6.446707221330013650e-03,1.946458919931272078e+02,9.065674868757578331e-02,nan,6.800134457259013473e-05,7.359323843867018766e+00,1.000000000000000000e+00,1.000000000000000000e+00,-1.000000000000000000e+00,0.000000000000000000e+00
2.573000000000000000e+03,4.927684846224047988e+01,1.083268228827135005e+01,-8.876827245710875586e-03,2.678751760002058973e+02,3.583480256460909175e-01,nan,3.007467614629855037e-04,1.923072011330189923e+01,1.000000000000000000e+00,1.000000000000000000e+00,-1.000000000000000000e+00,0.000000000000000000e+00
2.573000000000000000e+03,3.591729227566469262e+01,2.531223485399234363e+01,-1.480107190251745385e-02,4.463964795359176492e+02,1.203894454135179259e-02,nan,2.803775549749963945e-05,9.174661015656123908e+00,1.000000000000000000e+00,1.000000000000000000e+00,-1.000000000000000000e+00,0.000000000000000000e+00
2.574000000000000000e+03,9.944827396275914566e+01,5.437751507872641277e+00,-1.541727431163832183e-03,4.683913574265222479e+01,3.489825550349021643e-01,nan,1.598703931530296419e-05,7.411881927927570501e+00,1.000000000000000000e+00,1.000000000000000000e+00,-1.000000000000000000e+00,0.000000000000000000e+00
2.575000000000000000e+03,3.023615460294916701e+01,8.135911361236527028e+00,-7.709668417780294984e-03,2.327039892133831245e+02,1.366469746399923135e-01,nan,9.381784760647403517e-05,7.105102757285729709e+00,1.000000000000000000e+00,1.000000000000000000e+00,-1.000000000000000000e+00,0.000000000000000000e+00
2.575000000000000000e+03,1.237899392377603363e+02,4.246557601515570468e+01,-7.839171715521111791e-03,2.366064441024298901e+02,1.981201558181111544e-02,nan,1.203794002295303583e-05,4.431226078753318376e+01,1.000000000000000000e+00,1.000000000000000000e+00,-1.000000000000000000e+00,0.000000000000000000e+00
2.577000000000000000e+03,2.499781203661187234e+01,1.293614597522031495e+01,-7.965560176899783018e-03,2.404150364520503445e+02,9.676137688567720829e-02,nan,6.666001405487042880e-05,7.105102757285729709e+00,1.000000000000000000e+00,1.000000000000000000e+00,-1.000000000000000000e+00,0.000000000000000000e+00
2.581000000000000000e+03,5.707050779167710175e+01,3.963207532486375584e+01,-8.162153239928105278e-03,2.463391756311389997e+02,2.017609620093963052e-02,nan,1.468295589182023118e-05,2.228963688841942314e+01,1.000000000000000000e+00,1.000000000000000000e+00,-1.000000000000000000e+00,0.000000000000000000e+00
2.582000000000000000e+03,1.061646718035288615e+02,3.099731042052081165e+01,-1.854413107473555080e-03,5.626161198485510795e+01,2.478323639027636416e-01,nan,1.273799464141973044e-05,1.310306170664079595e+01,1.000000000000000000e+00,1.000000000000000000e+00,-1.000000000000000000e+00,0.000000000000000000e+00
2.586000000000000000e+03,5.645252860092568170e+01,1.735100680611030199e+01,-2.079592157759437791e-03,6.304716185909654769e+01,1.911978717141352702e-01,nan,1.132068523798873521e-05,2.228963688841942314e+01,1.000000000000000000e+00,1.000000000000000000e+00,-1.000000000000000000e+00,0.000000000000000000e+00
2.587000000000000000e+03,1.160847668672041877e+01,3.918172150981796875e+01,-7.531517351781002491e-03,2.273355815309067225e+02,2.015587367712512457e-02,nan,1.176744119091435926e-05,4.002397229572261850e+00,1.000000000000000000e+00,1.000000000000000000e+00,-1.000000000000000000e+00,0.000000000000000000e+00
2.587000000000000000e+03,5.400964320072114333e+01,4.949614464726918328e+01,-1.210806695034750708e-03,3.686716385373201632e+01,3.097729673272361373e-01,nan,7.452009372045702174e-06,3.223782833730643205e+01,1.000000000000000000e+00,1.000000000000000000e+00,-1.000000000000000000e+00,0.000000000000000000e+00
2.592000000000000000e+03,8.967939931814302668e+01,3.388828640051805507e+01,-8.217354672198428495e-03,2.480026166631723470e+02,1.523001524466760515e-02,nan,1.039210396965245370e-05,1.132954294234341397e+01,1.000000000000000000e+00,1.000000000000000000e+00,-1.000000000000000000e+00,0.000000000000000000e+00
2.594000000000000000e+03,9.639482516751020569e+01,2.476350700899002888e+01,-6.541667353181532772e-03,1.975074224504453468e+02,3.574726134593797511e-02,nan,1.572064316434599197e-05,8.658691603758144950e+00,1.000000000000000000e+00,1.000000000000000000e+00,-1.000000000000000000e+00,0.000000000000000000e+00
2.594000000000000000e+03,1.392986974556424116e+02,2.831253958343727817e+01,-7.177806802795915798e-03,2.166768609788105948e+02,3.281654871818651120e-02,nan,1.659165069022020184e-05,4.029060649786797654e+01,1.000000000000000000e+00,1.000000000000000000e+00,-1.000000000000000000e+00,0.000000000000000000e+00
2.594000000000000000e+03,4.070074798534170668e+01,2.252965210277852393e+01,-1.341725876907325608e-03,4.081228502270133163e+01,2.946265034255272086e-01,nan,8.447240699776325737e-06,2.011370833344847142e+01,1.000000000000000000e+00,1.000000000000000000e+00,-1.000000000000000000e+00,0.000000000000000000e+00
2.596000000000000000e+03,7.232907252476726967e+01,2.877004225737631060e+01,-1.463752746789748378e-02,4.414682283670832703e+02,6.885361179910565177e-03,nan,1.680542689710832335e-05,1.808950698459572237e+01,1.000000000000000000e+00,1.000000000000000000e+00,-1.000000000000000000e+00,0.000000000000000000e+00
2.596000000000000000e+03,1.054423651014769803e+02,6.470338881806219078e+00,-1.381185923209743514e-03,4.200137482428364422e+01,3.133231690144409054e-01,nan,1.038617473122649375e-05,2.040828211746734056e+01,1.000000000000000000e+00,1.000000000000000000e+00,-1.000000000000000000e+00,0.000000000000000000e+00
2.599000000000000000e+03,8.937326733025199132e+01,1.969688428502196587e+01,-7.808152878490241117e-03,2.356717218649627910e+02,1.695262255737095547e-02,nan,1.061151472727757070e-05,8.658691603758144950e+00,1.000000000000000000e+00,1.000000000000000000e+00,-1.000000000000000000e+00,0.000000000000000000e+00
2.600000000000000000e+03,5.243521727978588842e+01,1.153994725965784873e+01,-7.542955296240315757e-03,2.276802527713659856e+02,1.868073984058071790e-02,nan,1.043135585419996408e-05,2.631808598927125331e+01,1.000000000000000000e+00,1.000000000000000000e+00,-1.000000000000000000e+00,0.000000000000000000e+00
2.601000000000000000e+03,9.193084147277723162e+01,3.686543575778632231e+01,-9.131470858652049674e-03,2.755486115776970450e+02,1.534570001565105368e-02,nan,1.468209375043532664e-05,1.735800521855760081e+01,1.000000000000000000e+00,1.000000000000000000e+00,-1.000000000000000000e+00,0.000000000000000000e+00
2.604000000000000000e+03,6.181886114314885106e+01,5.293118683880172881e+01,-1.573726997780609121e-02,4.746078905174220495e+02,7.376249125203293566e-03,nan,1.949693211730939147e-05,3.412974827286416257e+01,1.000000000000000000e+00,1.000000000000000000e+00,-1.000000000000000000e+00,0.000000000000000000e+00
2.605000000000000000e+03,4.947407271685003494e+00,5.067381845053010636e+01,-1.501469246247518971e-02,4.528337256381474276e+02,5.764560393419215778e-03,nan,1.750617050651125865e-05,5.608419585278757324e+01,1.000000000000000000e+00,1.000000000000000000e+00,-1.000000000000000000e+00,0.000000000000000000e+00
2.607000000000000000e+03,4.101899236047458430e+01,7.728763163150998317e+00,-6.587656410364598966e-03,1.988932575926970401e+02,2.799186016886545669e-02,nan,1.202054115938155473e-05,1.568468344340971399e+01,1.000000000000000000e+00,1.000000000000000000e+00,-1.000000000000000000e+00,0.000000000000000000e+00
2.607000000000000000e+03,9.744547174502972098e+01,1.182040299679669459e+01,-8.266007708576154911e-03,2.494687282062098177e+02,2.181124651251120650e-02,nan,1.495549893193158530e-05,2.339754778306362937e+01,1.000000000000000000e+00,1.000000000000000000e+00,-1.000000000000000000e+00,0.000000000000000000e+00
2.607000000000000000e+03,1.345035205788661870e+02,3.305140882332528207e+01,-7.594057761287341737e-03,2.292201754454914635e+02,3.630756772843368729e-02,nan,2.101500881983709416e-05,3.178452948038395576e+01,1.000000000000000000e+00,1.000000000000000000e+00,-1.000000000000000000e+00,0.000000000000000000e+00
2.607000000000000000e+03,1.027570838579028134e+02,3.460706617996429202e+01,-6.549072172605639383e-03,1.977305594227713073e+02,3.487388887428677364e-02,nan,1.471954453823626189e-05,2.339754778306362937e+01,1.000000000000000000e+00,1.000000000000000000e+00,-1.000000000000000000e+00,0.000000000000000000e+00
2.609000000000000000e+03,5.384981732316069269e+01,1.674980664474900038e+01,-1.197289691775009924e-03,3.645984221500581413e+01,3.562357315392010726e-01,nan,9.339316691488474769e-06,1.568468344340971399e+01,1.000000000000000000e+00,1.000000000000000000e+00,-1.000000000000000000e+00,0.000000000000000000e+00
2.612000000000000000e+03,2.123392907501643023e+01,5.188313646506176013e+01,-1.403324449746818151e-02,4.232587536011268980e+02,9.088812044354410702e-03,nan,1.991679647462687994e-05,2.282995125462481312e+01,1.000000000000000000e+00,1.000000000000000000e+00,-1.000000000000000000e+00,0.000000000000000000e+00
2.614000000000000000e+03,1.396437683150260227e+02,1.313389700134058202e+01,-7.078595345314346587e-03,2.136872209923967318e+02,4.049344857650594154e-02,nan,2.023846887619603946e-05,4.913897102514304294e+01,1.000000000000000000e+00,1.000000000000000000e+00,-1.000000000000000000e+00,0.000000000000000000e+00
2.618000000000000000e+03,4.689228770138533520e+01,5.097814866277081336e+01,-8.315197676735552879e-03,2.509510196619832527e+02,1.537509173403595053e-02,nan,1.127149717655005252e-05,1.895391817148806624e+01,1.000000000000000000e+00,1.000000000000000000e+00,-1.000000000000000000e+00,0.000000000000000000e+00
2.619000000000000000e+03,9.152346465027477507e+01,2.401241410220419681e+01,-7.667437268712323263e-03,2.314313949472494301e+02,2.004490331368724565e-02,nan,1.116450460245396643e-05,2.082579640578547142e+01,1.000000000000000000e+00,1.000000000000000000e+00,-1.000000000000000000e+00,0.000000000000000000e+00
2.620000000000000000e+03,6.706672935546596648e+01,3.437826142957467113e+01,-7.444647969127954519e-03,2.247178578670558409e+02,1.324136329518775801e-01,nan,8.548940674138294602e-05,7.538796587063568921e+00,1.000000000000000000e+00,1.000000000000000000e+00,-1.000000000000000000e+00,0.000000000000000000e+00
2.620000000000000000e+03,1.440596683990272311e+02,5.209513160619781758e+00,-1.981758514166078768e-03,6.009904094314685352e+01,2.651773231012948262e-01,nan,1.575321667758023243e-05,5.579965759885509868e+01,1.000000000000000000e+00,1.000000000000000000e+00,-1.000000000000000000e+00,0.000000000000000000e+00
2.620000000000000000e+03,7.108262741034123167e+01,2.799813472284145988e+01,-8.431224654207576316e-03,2.544473788543430999e+02,6.065747420375877663e-02,nan,4.474332771129404336e-05,7.538796587063568921e+00,1.000000000000000000e+00,1.000000000000000000e+00,-1.000000000000000000e+00,0.000000000000000000e+00
2.625000000000000000e+03,3.962854190215939099e+01,1.294049776166959731e+01,-8.194388937535327516e-03,2.473105667688450353e+02,2.312003567743692312e-02,nan,1.611833894551814407e-05,2.016614378979343414e+01,1.000000000000000000e+00,1.000000000000000000e+00,-1.000000000000000000e+00,0.000000000000000000e+00
2.629000000000000000e+03,1.956011975137815995e+01,1.095762415786691157e+01,-7.685503423221167960e-03,2.319758007980596233e+02,1.614391247756485903e-02,nan,1.119587791394181218e-05,2.016614378979343414e+01,1.000000000000000000e+00,1.000000000000000000e+00,-1.000000000000000000e+00,0.000000000000000000e+00
2.630000000000000000e+03,6.609442623572579123e+01,3.456374146974513195e+01,-6.946875676157109394e-03,2.097179779240461244e+02,2.485977270470751677e-02,nan,1.164988497422472034e-05,2.327516653305387351e+01,1.000000000000000000e+00,1.000000000000000000e+00,-1.000000000000000000e+00,0.000000000000000000e+00
2.631000000000000000e+03,1.273539225369262056e+02,6.213091666840971250e+00,-8.588655856230338961e-03,2.591914137533756275e+02,1.637313097315262755e-02,nan,1.157168254907510367e-05,9.499701126875885748e+00,1.000000000000000000e+00,1.000000000000000000e+00,-1.000000000000000000e+00,0.000000000000000000e+00
2.632000000000000000e+03,1.303145841918631049e+02,4.626700215048699505e+01,-1.897602746360364323e-03,5.756308940180331746e+01,2.489051971767463067e-01,nan,1.264046926022189491e-05,4.016318292250929289e+01,1.000000000000000000e+00,1.000000000000000000e+00,-1.000000000000000000e+00,0.000000000000000000e+00
2.633000000000000000e+03,1.368531532058765094e+02,6.118549623067059073e+00,-7.617964510835885383e-03,2.299405819006509830e+02,2.904562232836260804e-02,nan,1.678216988899207130e-05,9.499701126875885748e+00,1.000000000000000000e+00,1.000000000000000000e+00,-1.000000000000000000e+00,0.000000000000000000e+00
2.639000000000000000e+03,6.921932422619956071e+01,7.986710448701775711e+00,-7.530753901801084602e-03,2.273125757143858436e+02,2.376593450846353761e-02,nan,1.455350728177489806e-05,1.874605159637707530e+01,1.000000000000000000e+00,1.000000000000000000e+00,-1.000000000000000000e+00,0.000000000000000000e+00
2.639000000000000000e+03,3.566308923794164087e+01,3.997697005947014759e+01,-7.642500507061908074e-03,2.306799500874095088e+02,1.959028422135933312e-02,nan,1.099830449399779920e-05,1.240371559564213655e+01,1.000000000000000000e+00,1.000000000000000000e+00,-1.000000000000000000e+00,0.000000000000000000e+00
2.639000000000000000e+03,1.292119914635602385e+01,4.205234287293806261e+01,-1.339226742823464416e-03,4.073697606768563872e+01,3.480217388765214359e-01,nan,1.127520461659601714e-05,2.283639063540124781e+01,1.000000000000000000e+00,1.000000000000000000e+00,-1.000000000000000000e+00,0.000000000000000000e+00
2.640000000000000000e+03,4.771072972173448079e+01,3.702628889220523689e+01,-7.024066356691672543e-03,2.120440433903003452e+02,2.719971983330571330e-02,nan,1.351450599679579179e-05,1.240371559564213655e+01,1.000000000000000000e+00,1.000000000000000000e+00,-1.000000000000000000e+00,0.000000000000000000e+00
2.641000000000000000e+03,5.132984543676673894e+01,1.358858505426593588e+01,-1.217301942020482730e-03,3.706289175253630930e+01,3.245709846111117791e-01,nan,8.265636059486820058e-06,1.874605159637707530e+01,1.000000000000000000e+00,1.000000000000000000e+00,-1.000000000000000000e+00,0.000000000000000000e+00
2.643000000000000000e+03,6.678874221722685434e+01,5.014399480383632124e+01,-7.638186809779195889e-03,2.305499610497212188e+02,2.365061457919837018e-02,nan,1.387064483711676575e-05,2.315264065203371757e+01,1.000000000000000000e+00,1.000000000000000000e+00,-1.000000000000000000e+00,0.000000000000000000e+00
2.646000000000000000e+03,5.875594235486503614e+00,2.262291490224568946e+01,-6.681128942879481676e-03,2.017099607027161312e+02,1.960531568801715530e-02,nan,8.377074812219361544e-06,2.893102268230719787e+01,1.000000000000000000e+00,1.000000000000000000e+00,-1.000000000000000000e+00,0.000000000000000000e+00
2.649000000000000000e+03,9.991813453403607070e+01,5.000744009462236050e+01,-1.238520348283643144e-03,3.770228761892707325e+01,3.667911630716685911e-01,nan,1.077965698286931787e-05,2.588696390760099675e+01,1.000000000000000000e+00,1.000000000000000000e+00,-1.000000000000000000e+00,0.000000000000000000e+00
2.650000000000000000e+03,7.909636291087078064e+01,1.303900646542387243e+01,-7.814007014245153218e-03,2.358481305054873189e+02,7.877530921608411063e-02,nan,5.379369144594581969e-05,8.008630049271165063e+00,1.000000000000000000e+00,1.000000000000000000e+00,-1.000000000000000000e+00,0.000000000000000000e+00
2.651000000000000000e+03,7.433991011319542963e+01,6.595846367337266258e+00,-8.716893679574686318e-03,2.630557348123839461e+02,6.176546807425220553e-02,nan,4.970148516572168854e-05,8.008630049271165063e+00,1.000000000000000000e+00,1.000000000000000000e+00,-1.000000000000000000e+00,0.000000000000000000e+00
2.654000000000000000e+03,1.321210538754328070e+02,4.136938919540597226e+01,-8.122081548423096611e-03,2.451316545011437995e+02,3.013042854388081615e-02,nan,2.149505342382558476e-05,2.198606759964957291e+01,1.000000000000000000e+00,1.000000000000000000e+00,-1.000000000000000000e+00,0.000000000000000000e+00
2.658000000000000000e+03,3.928978016849417543e+01,2.904514929124647082e+01,-1.555404738662282413e-03,4.725128799242077093e+01,2.768035758085694020e-01,nan,1.040077410994357481e-05,2.890330309511197271e+01,1.000000000000000000e+00,1.000000000000000000e+00,-1.000000000000000000e+00,0.000000000000000000e+00
2.659000000000000000e+03,6.826026820707741649e+01,4.946782149888195335e+01,-1.346808082164769466e-03,4.096543229462443492e+01,3.132965987552420728e-01,nan,9.789598012621207433e-06,3.544537652916415738e+01,1.000000000000000000e+00,1.000000000000000000e+00,-1.000000000000000000e+00,0.000000000000000000e+00
2.661000000000000000e+03,1.469297538247141155e+01,8.242272290662086220e+00,-5.775996935722857960e-03,1.744346952215978774e+02,3.246405814447261839e-02,nan,1.049899332373556024e-05,3.221432130564222973e+01,1.000000000000000000e+00,1.000000000000000000e+00,-1.000000000000000000e+00,0.000000000000000000e+00
2.663000000000000000e+03,1.750146244402755968e+01,4.803646679545357756e+01,-1.458196181628270728e-02,4.397938119422510681e+02,6.220720013566660711e-03,nan,1.577687868448086469e-05,2.845466330987998660e+01,1.000000000000000000e+00,1.000000000000000000e+00,-1.000000000000000000e+00,0.000000000000000000e+00
2.667000000000000000e+03,1.171655346749648601e+02,1.480349298842075711e+01,-8.230668270952135740e-03,2.484038089065636541e+02,1.888246238615665096e-02,nan,1.391977246560671665e-05,7.057695590337515590e+00,1.000000000000000000e+00,1.000000000000000000e+00,-1.000000000000000000e+00,0.000000000000000000e+00
2.667000000000000000e+03,1.047356524443566457e+02,2.679937089758560020e+01,-1.281539636987237638e-03,3.899863170014612734e+01,3.727379575989127058e-01,nan,1.190832912179250610e-05,9.273946885207831059e+00,1.000000000000000000e+00,1.000000000000000000e+00,-1.000000000000000000e+00,0.000000000000000000e+00
2.668000000000000000e+03,4.601191369339444037e+01,1.500389535881160796e+01,-7.390812859218021461e-03,2.230955896195641515e+02,2.301252706205358933e-02,nan,1.205597180909771793e-05,2.694957008653922159e+01,1.000000000000000000e+00,1.000000000000000000e+00,-1.000000000000000000e+00,0.000000000000000000e+00
2.668000000000000000e+03,4.529623237027210791e+01,4.194396083930039509e+01,-7.749434733982853152e-03,2.339023081580839687e+02,1.906760352746861287e-02,nan,1.145761258876812053e-05,2.694957008653922159e+01,1.000000000000000000e+00,1.000000000000000000e+00,-1.000000000000000000e+00,0.000000000000000000e+00
2.675000000000000000e+03,1.159352681453271394e+01,1.610158669377213769e+01,-1.496714807869090752e-03,4.548272447815343611e+01,3.109036565272716990e-01,nan,1.299621566200036722e-05,4.706256000991829325e+01,1.000000000000000000e+00,1.000000000000000000e+00,-1.000000000000000000e+00,0.000000000000000000e+00
2.677000000000000000e+03,8.483191466379093981e+01,3.107422174296242545e+01,-1.600796048535438722e-03,4.861911060562751885e+01,3.511405114875414402e-01,nan,1.647808953595924754e-05,1.017686695123486551e+01,1.000000000000000000e+00,1.000000000000000000e+00,-1.000000000000000000e+00,0.000000000000000000e+00
2.678000000000000000e+03,5.606015086462306840e+01,3.151599230265264495e+01,-7.971153147771607370e-03,2.405835751449161535e+02,1.964024452984425295e-02,nan,1.374373266305606238e-05,1.920993489920710573e+01,1.000000000000000000e+00,1.000000000000000000e+00,-1.000000000000000000e+00,0.000000000000000000e+00
2.679000000000000000e+03,9.113319621665849013e+01,2.308282188219788367e+01,-7.398437119937623964e-03,2.233253392401501003e+02,1.978790756129167328e-02,nan,1.108172319565999843e-05,1.017686695123486551e+01,1.000000000000000000e+00,1.000000000000000000e+00,-1.000000000000000000e+00,0.000000000000000000e+00
2.680000000000000000e+03,1.415487805955053204e+02,3.837076461642691783e+01,-8.439923448439148879e-03,2.547095084886459233e+02,2.044884491483123234e-02,nan,1.643921253620576699e-05,9.215599593223139152e+00,1.000000000000000000e+00,1.000000000000000000e+00,-1.000000000000000000e+00,0.000000000000000000e+00
2.680000000000000000e+03,1.080009680991308869e+02,2.689032494217822489e+01,-7.256159483775803144e-03,2.190379421890499998e+02,2.895347369659562187e-02,nan,1.530839340466425260e-05,1.139082057503037859e+01,1.000000000000000000e+00,1.000000000000000000e+00,-1.000000000000000000e+00,0.000000000000000000e+00
2.680000000000000000e+03,7.958388867688834978e+01,4.095463471774227315e+01,-1.266341183370004115e-03,3.854064120369385193e+01,3.699231398024039885e-01,nan,1.121330725139304701e-05,7.420162331335490080e+00,1.000000000000000000e+00,1.000000000000000000e+00,-1.000000000000000000e+00,0.000000000000000000e+00
2.682000000000000000e+03,1.093239727711611806e+02,3.820405341736806548e+01,-9.212641877931903103e-03,2.779946206489991596e+02,3.837269261398978948e-02,nan,3.292177058906868884e-05,7.699321457324431073e+00,1.000000000000000000e+00,1.000000000000000000e+00,-1.000000000000000000e+00,0.000000000000000000e+00
2.683000000000000000e+03,7.491615137742516595e+01,3.518652952395720490e+01,-1.317812391543889562e-03,4.009167559036502837e+01,3.583884651542914579e-01,nan,1.177920543468617783e-05,5.247123999233182623e+00,1.000000000000000000e+00,1.000000000000000000e+00,-1.000000000000000000e+00,0.000000000000000000e+00
2.684000000000000000e+03,1.127463387274049325e+02,4.510093402854005973e+01,-7.994427881768718935e-03,2.412849364311752254e+02,5.785928162567466337e-02,nan,4.042233804608017612e-05,7.699321457324431073e+00,1.000000000000000000e+00,1.000000000000000000e+00,-1.000000000000000000e+00,0.000000000000000000e+00
2.685000000000000000e+03,1.329959337402062260e+02,3.493913431401745129e+01,-1.605138450928146263e-03,4.874996464365784732e+01,2.934230779330315730e-01,nan,1.247472599780292068e-05,9.215599593223139152e+00,1.000000000000000000e+00,1.000000000000000000e+00,-1.000000000000000000e+00,0.000000000000000000e+00
2.686000000000000000e+03,7.675832591241287162e+01,4.009964495573485266e+01,1.293134361990639107e-03,-3.934802736856558170e+01,3.623294817976990823e-01,nan,1.123229017758666461e-05,5.247123999233182623e+00,1.000000000000000000e+00,1.000000000000000000e+00,-1.000000000000000000e+00,0.000000000000000000e+00
2.688000000000000000e+03,7.622103546592489920e+01,2.776885917305323659e+01,-7.694366817134964086e-03,2.322428904823830749e+02,2.294609623019772116e-02,nan,1.319915142948089837e-05,7.531570614360565408e+00,1.000000000000000000e+00,1.000000000000000000e+00,-1.000000000000000000e+00,0.000000000000000000e+00
2.690000000000000000e+03,1.082030512129376945e+02,4.233596025693052667e+01,-8.871100935268827481e-03,2.677026192501415380e+02,2.270818333717761206e-02,nan,1.875464985337902890e-05,2.587276672566521540e+01,1.000000000000000000e+00,1.000000000000000000e+00,-1.000000000000000000e+00,0.000000000000000000e+00
2.691000000000000000e+03,5.380550630772191312e+01,3.856480750778578681e+01,-8.774696951680694551e-03,2.647975797365530184e+02,2.919237412914443830e-02,nan,2.234900422257286542e-05,6.926450929220969499e+00,1.000000000000000000e+00,1.000000000000000000e+00,-1.000000000000000000e+00,0.000000000000000000e+00
2.691000000000000000e+03,9.272641512032409139e+01,2.053590106884378130e+01,-1.364802005281356327e-03,4.150766152325761027e+01,2.899945845069709094e-01,nan,8.494246511326700370e-06,1.802063374227177661e+01,1.000000000000000000e+00,1.000000000000000000e+00,-1.000000000000000000e+00,0.000000000000000000e+00
2.693000000000000000e+03,4.759732155469868076e+01,3.549329899449205072e+01,-6.942871307240605118e-03,2.095973101933522287e+02,1.401809709266388371e-01,nan,7.979350136482410080e-05,6.926450929220969499e+00,1.000000000000000000e+00,1.000000000000000000e+00,-1.000000000000000000e+00,0.000000000000000000e+00
2.697000000000000000e+03,6.179059390931927709e+01,2.014724744659547895e+01,-1.297267105371609393e-03,3.947256353786469418e+01,3.539696363226908504e-01,nan,1.061000839993103970e-05,1.242433981558677125e+01,1.000000000000000000e+00,1.000000000000000000e+00,-1.000000000000000000e+00,0.000000000000000000e+00
2.699000000000000000e+03,2.138194001815740108e+01,5.253423356911568476e+01,-7.737519719832893807e-03,2.335432608903021787e+02,1.670765643337157602e-02,nan,9.641111826836461365e-06,1.671969513640674165e+01,1.000000000000000000e+00,1.000000000000000000e+00,-1.000000000000000000e+00,0.000000000000000000e+00
2.701000000000000000e+03,1.375059122048232609e+02,8.085733674635145363e+00,-4.913423541193975147e-03,1.484418917998827112e+02,5.847083243207373826e-02,nan,1.435368655174964822e-05,2.436795005285260274e+01,1.000000000000000000e+00,1.000000000000000000e+00,-1.000000000000000000e+00,0.000000000000000000e+00
2.702000000000000000e+03,1.304043446147893235e+02,3.139591873487220042e+01,-8.736101278305709664e-03,2.636345369655518880e+02,2.474210606881788177e-02,nan,1.977311449044932249e-05,2.436795005285260274e+01,1.000000000000000000e+00,1.000000000000000000e+00,-1.000000000000000000e+00,0.000000000000000000e+00
2.703000000000000000e+03,4.301540136363545486e+01,4.166997002339292067e+01,-1.377012230771628527e-03,4.187560469530131257e+01,3.594376026619863218e-01,nan,1.249783077126361522e-05,1.030566345070618262e+01,1.000000000000000000e+00,1.000000000000000000e+00,-1.000000000000000000e+00,0.000000000000000000e+00
2.705000000000000000e+03,4.088208089640637866e+01,5.175241233383153627e+01,-8.579883463866283880e-03,2.589270663115192974e+02,2.157306258927327303e-02,nan,1.578641087657109611e-05,3.154523859248569817e+00,1.000000000000000000e+00,1.000000000000000000e+00,-1.000000000000000000e+00,0.000000000000000000e+00
2.707000000000000000e+03,1.243619404091642195e+02,7.728478134525593291e+00,-6.184329336196923294e-03,1.867393917072070053e+02,4.658054119776089408e-02,nan,1.881010762262037755e-05,1.977452752946178194e+01,1.000000000000000000e+00,1.000000000000000000e+00,-1.000000000000000000e+00,0.000000000000000000e+00
2.708000000000000000e+03,8.597527536660530245e+01,4.089659563865907188e+01,-1.662371375775493565e-03,5.047462271245836973e+01,3.502289682994458309e-01,nan,1.811698550644825839e-05,9.724421367649322079e+00,1.000000000000000000e+00,1.000000000000000000e+00,-1.000000000000000000e+00,0.000000000000000000e+00
2.709000000000000000e+03,5.694872901802047238e+01,4.073146338906357045e+01,-7.694416151913477386e-03,2.322443771375568815e+02,1.807823238381423003e-02,nan,1.124108863293647464e-05,7.105654310364451831e+00,1.000000000000000000e+00,1.000000000000000000e+00,-1.000000000000000000e+00,0.000000000000000000e+00
2.710000000000000000e+03,1.441117104524454646e+02,8.717680970627737835e+00,-8.163152541088710204e-03,2.463692885917188846e+02,3.799786789026027289e-02,nan,2.528928682854035486e-05,6.337310324024381103e+00,1.000000000000000000e+00,1.000000000000000000e+00,-1.000000000000000000e+00,0.000000000000000000e+00
2.710000000000000000e+03,3.782503725376688664e+01,5.097427035092227499e+01,-7.217744590088000928e-03,2.178803470366531485e+02,4.271979628459621203e-02,nan,2.238122137709330751e-05,3.154523859248569817e+00,1.000000000000000000e+00,1.000000000000000000e+00,-1.000000000000000000e+00,0.000000000000000000e+00
2.711000000000000000e+03,7.888994805233332386e+01,3.423607705635437526e+01,-1.404111381990280974e-03,4.269221104438362602e+01,3.041107442114403536e-01,nan,9.699844396806380845e-06,9.724421367649322079e+00,1.000000000000000000e+00,1.000000000000000000e+00,-1.000000000000000000e+00,0.000000000000000000e+00
2.715000000000000000e+03,1.383830729082838502e+02,6.007659931851840440e+00,-7.650205322512835214e-03,2.309121271458335229e+02,3.520744269754183531e-02,nan,2.073000565685412846e-05,6.337310324024381103e+00,1.000000000000000000e+00,1.000000000000000000e+00,-1.000000000000000000e+00,0.000000000000000000e+00
2.716000000000000000e+03,5.664288415320940828e+01,4.457011183099300666e+01,-7.568961638908002811e-03,2.284639284063513855e+02,2.014160395122654990e-02,nan,1.291523912165994323e-05,6.079480329984935594e+00,1.000000000000000000e+00,1.000000000000000000e+00,-1.000000000000000000e+00,0.000000000000000000e+00
2.718000000000000000e+03,8.351239494160388688e+01,2.731132313387378119e+01,-8.719260665886553741e-03,2.631270616238721232e+02,1.595310548705353160e-02,nan,1.212595663974657354e-05,1.085890457914068641e+01,1.000000000000000000e+00,1.000000000000000000e+00,-1.000000000000000000e+00,0.000000000000000000e+00
2.719000000000000000e+03,8.626324468415273827e+01,3.781601895778041467e+01,-7.798653843469434063e-03,2.353854777591766663e+02,2.096637650472565895e-02,nan,1.257641016024217349e-05,1.085890457914068641e+01,1.000000000000000000e+00,1.000000000000000000e+00,-1.000000000000000000e+00,0.000000000000000000e+00
2.720000000000000000e+03,4.656942442816333738e+01,9.265171493672960779e+00,-6.612097780244800133e-03,1.996297743073129425e+02,2.997644363477058871e-02,nan,1.290596610200693618e-05,1.088895173095782454e+01,1.000000000000000000e+00,1.000000000000000000e+00,-1.000000000000000000e+00,0.000000000000000000e+00
2.721000000000000000e+03,5.743188112472495988e+01,3.854204706179775286e+01,-6.853885348563748710e-03,2.069158055864964751e+02,3.011875932832075442e-02,nan,1.408226043662591234e-05,6.079480329984935594e+00,1.000000000000000000e+00,1.000000000000000000e+00,-1.000000000000000000e+00,0.000000000000000000e+00
2.722000000000000000e+03,1.002392544475946501e+01,1.672924620658637451e+01,-1.331249301928051848e-03,4.049658370882316660e+01,3.651066180410628137e-01,nan,1.226335473375250004e-05,2.647297253688749663e+01,1.000000000000000000e+00,1.000000000000000000e+00,-1.000000000000000000e+00,0.000000000000000000e+00
2.723000000000000000e+03,7.400029359378861216e+01,1.524779033864236411e+01,-7.034740865397831784e-03,2.123657092429483271e+02,2.977680664629478446e-02,nan,1.455008276808241461e-05,1.536258101858971692e+01,1.000000000000000000e+00,1.000000000000000000e+00,-1.000000000000000000e+00,0.000000000000000000e+00
2.724000000000000000e+03,4.179813515850064931e+01,1.988829349507624400e+01,1.776094793118994288e-03,-5.390156637917067428e+01,3.132703533547621655e-01,nan,1.767159365770208581e-05,6.641178835454682350e+00,1.000000000000000000e+00,1.000000000000000000e+00,-1.000000000000000000e+00,0.000000000000000000e+00
2.724000000000000000e+03,1.009681833139424612e+02,3.133901571482260451e+01,-8.760115581319675299e-03,2.643581844389270827e+02,1.643137094716040636e-02,nan,1.260283982654210459e-05,1.272437123942108528e+01,1.000000000000000000e+00,1.000000000000000000e+00,-1.000000000000000000e+00,0.000000000000000000e+00
2.728000000000000000e+03,1.245029986444492636e+02,4.760943227311241799e+01,-6.374985500167840852e-03,1.924846282548065517e+02,5.707309958147843698e-02,nan,2.400310720979042657e-05,2.810339496249317293e+01,1.000000000000000000e+00,1.000000000000000000e+00,-1.000000000000000000e+00,0.000000000000000000e+00
2.728000000000000000e+03,3.608301732180790822e+01,1.650558977804637451e+01,-1.185060771757023455e-03,3.609133570170092753e+01,3.672245947865810933e-01,nan,1.007785278343026567e-05,4.113174297511274169e+00,1.000000000000000000e+00,1.000000000000000000e+00,-1.000000000000000000e+00,0.000000000000000000e+00
2.729000000000000000e+03,9.089837302305619460e+01,2.356029190277171281e+01,-7.674996832922323896e-03,2.316591950019586363e+02,3.022385054038845276e-02,nan,1.740293435529580176e-05,1.272437123942108528e+01,1.000000000000000000e+00,1.000000000000000000e+00,-1.000000000000000000e+00,0.000000000000000000e+00
2.733000000000000000e+03,9.642725247145546064e+01,4.636312362453833913e+01,-2.108174818026380126e-03,6.390847229864943557e+01,1.911241567165268274e-01,nan,1.080989318463861741e-05,2.346353857554606037e+01,1.000000000000000000e+00,1.000000000000000000e+00,-1.000000000000000000e+00,0.000000000000000000e+00
2.737000000000000000e+03,2.601169509338298980e+01,2.064514648384155038e+01,-7.835030841079797595e-03,2.364816629116004947e+02,2.313050964625806838e-02,nan,1.404057942824405073e-05,2.806456398481883951e+01,1.000000000000000000e+00,1.000000000000000000e+00,-1.000000000000000000e+00,0.000000000000000000e+00
2.737000000000000000e+03,5.357300074411384827e+01,2.593609937391550702e+01,-1.600201969425655299e-03,4.860120861419641614e+01,2.781173600453104022e-01,nan,1.077477850691559551e-05,1.722692688941278760e+01,1.000000000000000000e+00,1.000000000000000000e+00,-1.000000000000000000e+00,0.000000000000000000e+00
2.737000000000000000e+03,5.362570456127139096e+01,8.709253105348809143e+00,-1.399811964529798416e-03,4.256265231513572189e+01,3.672838289398338008e-01,nan,1.453797610394757301e-05,1.722692688941278760e+01,1.000000000000000000e+00,1.000000000000000000e+00,-1.000000000000000000e+00,0.000000000000000000e+00
2.741000000000000000e+03,1.372307790558723184e+02,1.228998072580252554e+01,-6.591759922730052075e-03,1.990169129140068947e+02,5.025765125518100174e-02,nan,2.227742695110513328e-05,3.427376667692691825e+01,1.000000000000000000e+00,1.000000000000000000e+00,-1.000000000000000000e+00,0.000000000000000000e+00
2.741000000000000000e+03,1.289586966429664301e+02,4.701781024300250778e+01,-8.641942014644691389e-03,2.607971398858389875e+02,1.921712790648744118e-02,nan,1.422969204491334953e-05,2.915522104926065339e+01,1.000000000000000000e+00,1.000000000000000000e+00,-1.000000000000000000e+00,0.000000000000000000e+00
2.742000000000000000e+03,1.068035865730267489e+02,2.806581794086949699e+01,1.291387883337656020e-03,-3.929539894692036484e+01,3.604964635771998882e-01,nan,1.200203254678384740e-05,2.713667120822807277e+01,1.000000000000000000e+00,1.000000000000000000e+00,-1.000000000000000000e+00,0.000000000000000000e+00
2.750000000000000000e+03,4.337276495468236703e+01,6.312788765079447195e+00,-6.826266861456801831e-03,2.060835495596709279e+02,2.942237317504969862e-02,nan,1.369314195858978160e-05,3.119761280631433564e+01,1.000000000000000000e+00,1.000000000000000000e+00,-1.000000000000000000e+00,0.000000000000000000e+00
2.751000000000000000e+03,2.910900187094986435e+01,3.405870932115143290e+01,-6.942586688979656036e-03,2.095887335011495622e+02,2.275884045573173253e-02,nan,1.110531736870844280e-05,3.119761280631433564e+01,1.000000000000000000e+00,1.000000000000000000e+00,-1.000000000000000000e+00,0.000000000000000000e+00
2.751000000000000000e+03,1.008223407686855921e+02,1.227426167406896695e+01,-8.649387378973793020e-03,2.610214986391194429e+02,1.716538152159075015e-02,nan,1.315964794152718941e-05,3.808411150134558198e+01,1.000000000000000000e+00,1.000000000000000000e+00,-1.000000000000000000e+00,0.000000000000000000e+00
2.752000000000000000e+03,1.094239615832461965e+02,4.937428415666916948e+01,-7.840411890647772802e-03,2.366438155637806346e+02,2.156282818858756833e-02,nan,1.293096741122283404e-05,3.808411150134558198e+01,1.000000000000000000e+00,1.000000000000000000e+00,-1.000000000000000000e+00,0.000000000000000000e+00
2.760000000000000000e+03,1.200541212205614272e+02,2.411231669127968757e+01,-1.344588011342216956e-03,4.089853263734435984e+01,3.707259990197483424e-01,nan,1.334815210732802491e-05,9.427210314898275101e+00,1.000000000000000000e+00,1.000000000000000000e+00,-1.000000000000000000e+00,0.000000000000000000e+00
2.762000000000000000e+03,4.321646728129645254e+01,5.171747636091546241e+01,-7.615158947612802806e-03,2.298560390040032075e+02,1.501225234218139803e-02,nan,8.372794563613150616e-06,1.880389680662486640e+01,1.000000000000000000e+00,1.000000000000000000e+00,-1.000000000000000000e+00,0.000000000000000000e+00
2.763000000000000000e+03,2.805171078480048408e+01,1.112771013632484340e+01,-8.839059709962140965e-03,2.667370883445164509e+02,1.779988922842568044e-02,nan,1.462857588998436928e-05,8.808444869461956372e+00,1.000000000000000000e+00,1.000000000000000000e+00,-1.000000000000000000e+00,0.000000000000000000e+00
2.763000000000000000e+03,7.412217816400593051e+01,4.520825786476233787e+01,-8.304687094552672816e-03,2.506342935743712133e+02,2.482348854771010416e-02,nan,1.874907399660541923e-05,9.050166972297631673e+00,1.000000000000000000e+00,1.000000000000000000e+00,-1.000000000000000000e+00,0.000000000000000000e+00
2.764000000000000000e+03,1.925579411470793190e+01,1.159733866094682142e+01,-8.525305659148534748e-03,2.572824176842659654e+02,2.417542860826671358e-02,nan,1.775226889468902518e-05,8.808444869461956372e+00,1.000000000000000000e+00,1.000000000000000000e+00,-1.000000000000000000e+00,0.000000000000000000e+00
2.764000000000000000e+03,6.200720193861499041e+01,5.101403755586929378e+01,-2.285229672888600908e-03,6.924384673343315910e+01,2.104171552196769657e-01,nan,1.460876208382704339e-05,1.207295800848328504e+01,1.000000000000000000e+00,1.000000000000000000e+00,-1.000000000000000000e+00,0.000000000000000000e+00
2.765000000000000000e+03,6.677582101439718087e+01,3.992275326663177992e+01,-8.007748442899746688e-03,2.416863384789799056e+02,3.201773720901857079e-02,nan,2.413016200276126390e-05,9.050166972297631673e+00,1.000000000000000000e+00,1.000000000000000000e+00,-1.000000000000000000e+00,0.000000000000000000e+00
2.766000000000000000e+03,1.098971237992697638e+02,1.026411455241362702e+01,-7.536098009080736786e-03,2.274736151469322465e+02,2.502509172371580881e-02,nan,1.545150338503134625e-05,3.580167406705787414e+01,1.000000000000000000e+00,1.000000000000000000e+00,-1.000000000000000000e+00,0.000000000000000000e+00
2.770000000000000000e+03,5.271172730615635516e+01,1.733923800952205596e+01,-7.485932406375090525e-03,2.259619239007955400e+02,4.264750001833184090e-02,nan,2.859745030033730538e-05,6.839843482639008876e+00,1.000000000000000000e+00,1.000000000000000000e+00,-1.000000000000000000e+00,0.000000000000000000e+00
2.771000000000000000e+03,1.411136314336293083e+02,2.779378988077657908e+01,-8.140124150222308869e-03,2.456753506141445484e+02,3.119116239202512908e-02,nan,2.141299755966968960e-05,2.287618565690113570e+01,1.000000000000000000e+00,1.000000000000000000e+00,-1.000000000000000000e+00,0.000000000000000000e+00
2.772000000000000000e+03,4.591214089827884237e+01,1.659823628968146991e+01,-7.616914888464076418e-03,2.299089525597154591e+02,3.952966214928366195e-02,nan,2.689862796865130065e-05,6.839843482639008876e+00,1.000000000000000000e+00,1.000000000000000000e+00,-1.000000000000000000e+00,0.000000000000000000e+00
2.773000000000000000e+03,1.271025760200325863e+02,9.710366631675448446e+00,1.311792485831516286e-03,-3.991027163472315920e+01,3.739783777586703772e-01,nan,1.319856752055010900e-05,8.981437252401212490e+00,1.000000000000000000e+00,1.000000000000000000e+00,-1.000000000000000000e+00,0.000000000000000000e+00
2.774000000000000000e+03,7.467958533958822898e+01,5.207474687197490937e+01,-7.001384933787361056e-03,2.113605609520336657e+02,2.137268675142611762e-02,nan,1.045273146549440550e-05,4.109917715125885707e+01,1.000000000000000000e+00,1.000000000000000000e+00,-1.000000000000000000e+00,0.000000000000000000e+00
2.776000000000000000e+03,1.116520707223714908e+02,3.390770907702423642e+01,-8.029682044574536562e-03,2.423472860577936672e+02,2.039303495670752309e-02,nan,1.363197882839663583e-05,5.185636540349350732e+00,1.000000000000000000e+00,1.000000000000000000e+00,-1.000000000000000000e+00,0.000000000000000000e+00
2.777000000000000000e+03,1.268540830566536073e+02,2.981862720752830143e+01,-8.772944225453107106e-03,2.647447630503733080e+02,2.822011083243503027e-02,nan,2.147556269773910184e-05,1.423913767694251398e+01,1.000000000000000000e+00,1.000000000000000000e+00,-1.000000000000000000e+00,0.000000000000000000e+00
2.780000000000000000e+03,3.448346064435909852e+01,1.137469188964979949e+01,-8.000874097601619328e-03,2.414791868242679129e+02,1.896500939763667848e-02,nan,1.239282832929207381e-05,2.512020598237210933e+01,1.000000000000000000e+00,1.000000000000000000e+00,-1.000000000000000000e+00,0.000000000000000000e+00
2.780000000000000000e+03,7.886639992536792931e+01,4.559247648695570376e+01,-7.203541013329693189e-03,2.174523361787880447e+02,2.207100496342551121e-02,nan,1.137490200265568608e-05,8.886235040015829867e+00,1.000000000000000000e+00,1.000000000000000000e+00,-1.000000000000000000e+00,0.000000000000000000e+00
2.785000000000000000e+03,5.931697030762108369e+01,7.590309984836657975e+00,-6.622110053065594949e-03,1.999314843309308856e+02,2.488978542232533897e-02,nan,1.096797563668800927e-05,3.556406372201966981e+00,1.000000000000000000e+00,1.000000000000000000e+00,-1.000000000000000000e+00,0.000000000000000000e+00
2.786000000000000000e+03,1.251597752043929113e+01,2.373260192327542484e+01,-6.816851369048698359e-03,2.057998229285983882e+02,3.010453165119286734e-02,nan,1.494057193125617037e-05,4.599819389201294939e+01,1.000000000000000000e+00,1.000000000000000000e+00,-1.000000000000000000e+00,0.000000000000000000e+00
2.792000000000000000e+03,4.632713793549470438e+01,9.469395038460463709e+00,-8.682894544238288145e-03,2.620312042079013963e+02,1.552759168919459754e-02,nan,1.222179895953781993e-05,9.570834344069373500e+00,1.000000000000000000e+00,1.000000000000000000e+00,-1.000000000000000000e+00,0.000000000000000000e+00
2.796000000000000000e+03,5.981479273276929831e+01,4.067321320207592805e+01,-7.601556861390245355e-03,2.294461534736232124e+02,2.502760734399500642e-02,nan,1.411848029088154179e-05,1.426180979212327671e+01,1.000000000000000000e+00,1.000000000000000000e+00,-1.000000000000000000e+00,0.000000000000000000e+00
2.797000000000000000e+03,1.948168654219371021e+01,2.884944868270838825e+01,-7.921010256637859431e-03,2.390725682897280819e+02,2.294367539849595516e-02,nan,1.398192006117216934e-05,1.508843833692525749e+01,1.000000000000000000e+00,1.000000000000000000e+00,-1.000000000000000000e+00,0.000000000000000000e+00
2.797000000000000000e+03,1.371465567563276409e+02,4.948275292094273681e+01,-1.790663006827182113e-03,5.434056521396465200e+01,2.795020157962672114e-01,nan,1.464159487872866346e-05,1.269269816033533793e+01,1.000000000000000000e+00,1.000000000000000000e+00,-1.000000000000000000e+00,0.000000000000000000e+00
2.801000000000000000e+03,3.323029998875878022e+01,2.263361408515626394e+01,-1.386221685868848502e-02,4.181050034128211905e+02,7.682737561835129014e-03,nan,1.671410453441845749e-05,1.039999572213770485e+01,1.000000000000000000e+00,1.000000000000000000e+00,-1.000000000000000000e+00,0.000000000000000000e+00
2.802000000000000000e+03,1.259749866904967774e+02,4.345775426089210924e+01,1.406204516600711735e-03,-4.275528560338255346e+01,3.170726129934224868e-01,nan,1.128915276151260010e-05,1.269269816033533793e+01,1.000000000000000000e+00,1.000000000000000000e+00,-1.000000000000000000e+00,0.000000000000000000e+00
2.803000000000000000e+03,5.274978211270597939e+01,1.498335816137860554e+01,-6.926821139320710023e-03,2.091136541215634566e+02,5.881884562770245406e-02,nan,2.915793358020839489e-05,4.991464317706974185e+00,1.000000000000000000e+00,1.000000000000000000e+00,-1.000000000000000000e+00,0.000000000000000000e+00
2.803000000000000000e+03,9.595702548422401890e+01,2.737300918127834493e+01,-8.594533715695421017e-03,2.593685372846431392e+02,1.425286560051530760e-02,nan,1.090098349381158340e-05,2.189687294870800116e+01,1.000000000000000000e+00,1.000000000000000000e+00,-1.000000000000000000e+00,0.000000000000000000e+00
2.803000000000000000e+03,3.774246960562714293e+01,4.673594246623883208e+01,-1.255526928414533051e-03,3.821476423485528073e+01,3.494823749033557636e-01,nan,9.916395924463598577e-06,2.452105030460417012e+01,1.000000000000000000e+00,1.000000000000000000e+00,-1.000000000000000000e+00,0.000000000000000000e+00
2.804000000000000000e+03,4.310467924274129103e+01,1.936917763011500426e+01,-7.810518690266526898e-03,2.357430132829729246e+02,4.113280564989751920e-02,nan,2.546434716793725294e-05,8.150139410630210079e+00,1.000000000000000000e+00,1.000000000000000000e+00,-1.000000000000000000e+00,0.000000000000000000e+00
2.807000000000000000e+03,1.065067273045271889e+01,2.163581395419661391e+01,-7.174613479868684543e-03,2.165806333237077865e+02,3.533273806653547400e-02,nan,2.194112776482933102e-05,8.029451938270442568e+00,1.000000000000000000e+00,1.000000000000000000e+00,-1.000000000000000000e+00,0.000000000000000000e+00
2.807000000000000000e+03,4.817455290755103192e+01,1.298786480001676580e+01,-8.240009854836367886e-03,2.486853083767425687e+02,5.152318141255984862e-02,nan,3.533205926103973982e-05,4.991464317706974185e+00,1.000000000000000000e+00,1.000000000000000000e+00,-1.000000000000000000e+00,0.000000000000000000e+00
2.808000000000000000e+03,6.096174028703639181e+01,3.807415245254716041e+01,-7.468384793306512281e-03,2.254331437878163058e+02,2.359857777437246451e-02,nan,1.277860163131893037e-05,2.450757103537628012e+01,1.000000000000000000e+00,1.000000000000000000e+00,-1.000000000000000000e+00,0.000000000000000000e+00
2.809000000000000000e+03,1.088088420536586476e+01,1.360966287750902914e+01,-8.207649710411846558e-03,2.477101671562272998e+02,3.402131918912543185e-02,nan,2.404694635820273641e-05,8.029451938270442568e+00,1.000000000000000000e+00,1.000000000000000000e+00,-1.000000000000000000e+00,0.000000000000000000e+00
2.809000000000000000e+03,3.256017322832411054e+01,2.767035815562709189e+01,-1.222762223004848162e-03,3.722743196575660818e+01,3.229249908632871868e-01,nan,9.410091241810098717e-06,1.341999274236842510e+01,1.000000000000000000e+00,1.000000000000000000e+00,-1.000000000000000000e+00,0.000000000000000000e+00
2.813000000000000000e+03,1.407236804472285918e+01,3.035408106512387150e+01,-1.265986176620219296e-03,3.852994342340168288e+01,3.235467833948763028e-01,nan,8.713896536904043184e-06,7.873396422723947907e+00,1.000000000000000000e+00,1.000000000000000000e+00,-1.000000000000000000e+00,0.000000000000000000e+00
2.815000000000000000e+03,8.036030782603199896e+01,4.879312112824270997e+01,-7.785613268259457438e-03,2.349925128125541676e+02,1.501719443256654962e-02,nan,8.620145135892603102e-06,2.493990953793629473e+01,1.000000000000000000e+00,1.000000000000000000e+00,-1.000000000000000000e+00,0.000000000000000000e+00
2.818000000000000000e+03,1.174096861532127747e+02,2.589247632786371867e+01,-7.674919284832651921e-03,2.316568581663185000e+02,2.359803466184884346e-02,nan,1.532818817865258144e-05,1.996324666859556274e+01,1.000000000000000000e+00,1.000000000000000000e+00,-1.000000000000000000e+00,0.000000000000000000e+00
2.819000000000000000e+03,6.641913264391234861e+01,5.056580451840869905e+00,-1.362104972135278575e-03,4.142638907405792992e+01,3.417978368597531791e-01,nan,1.173019163313186818e-05,2.663354197745043805e+01,1.000000000000000000e+00,1.000000000000000000e+00,-1.000000000000000000e+00,0.000000000000000000e+00
2.820000000000000000e+03,9.821574121963494974e+01,3.138098208425807201e+01,-1.326011131018356957e-03,4.033873656490631276e+01,3.711144385866921303e-01,nan,1.248812999537487178e-05,1.519365544735727269e+01,1.000000000000000000e+00,1.000000000000000000e+00,-1.000000000000000000e+00,0.000000000000000000e+00
2.822000000000000000e+03,3.885743999578171781e+01,3.963118475881408642e+01,-8.475160562414681478e-03,2.557713443654814682e+02,1.339484939088786408e-02,nan,9.675273767719517809e-06,1.357221729462886906e+01,1.000000000000000000e+00,1.000000000000000000e+00,-1.000000000000000000e+00,0.000000000000000000e+00
2.822000000000000000e+03,8.302620877819707346e+01,3.102704697224508479e+01,-8.338757973211364388e-03,2.516609860935210463e+02,1.498730080866983450e-02,nan,1.071396590067738390e-05,1.519365544735727269e+01,1.000000000000000000e+00,1.000000000000000000e+00,-1.000000000000000000e+00,0.000000000000000000e+00
2.822000000000000000e+03,6.297899691732084904e+01,4.680563811937739160e+01,-1.318242234615654013e-03,4.010462848983704021e+01,3.552636310815154852e-01,nan,1.122111199437039831e-05,1.562196337621431041e+01,1.000000000000000000e+00,1.000000000000000000e+00,-1.000000000000000000e+00,0.000000000000000000e+00
2.823000000000000000e+03,4.221834017126795402e+01,1.617715606466833123e+01,-7.153037474970538705e-03,2.159304615731058732e+02,2.462577324378378840e-02,nan,1.225929046073562546e-05,2.188284419841138373e+01,1.000000000000000000e+00,1.000000000000000000e+00,-1.000000000000000000e+00,0.000000000000000000e+00
2.826000000000000000e+03,5.188096454020259785e+01,3.581112052722191663e+01,-1.311856386085819481e-03,3.991219720622725475e+01,2.867410089685328289e-01,nan,7.756952250542060239e-06,1.357221729462886906e+01,1.000000000000000000e+00,1.000000000000000000e+00,-1.000000000000000000e+00,0.000000000000000000e+00
2.829000000000000000e+03,3.805184565343211034e+01,3.440004737169518023e+01,-1.555315851733546362e-02,4.690598721921969059e+02,5.379447244427071340e-03,nan,1.541632084599059340e-05,1.390092286989178127e+01,1.000000000000000000e+00,1.000000000000000000e+00,-1.000000000000000000e+00,0.000000000000000000e+00
2.829000000000000000e+03,1.654254225332057260e+01,4.135802247580341628e+01,-7.555458689451801345e-03,2.280570302652139674e+02,2.591803516063528878e-02,nan,1.445643877638226114e-05,2.260671471725690296e+01,1.000000000000000000e+00,1.000000000000000000e+00,-1.000000000000000000e+00,0.000000000000000000e+00
2.831000000000000000e+03,1.347580499309211000e+01,1.669016563374741935e+01,-6.885721482235142472e-03,2.078751562568008353e+02,2.727122067131826366e-02,nan,1.218687713938250264e-05,2.485775610555873172e+01,1.000000000000000000e+00,1.000000000000000000e+00,-1.000000000000000000e+00,0.000000000000000000e+00
2.835000000000000000e+03,7.445942596313931006e+01,9.133441645782390594e+00,-1.582485569146340268e-02,4.772472001136664517e+02,1.110102027162662708e-02,nan,3.058801167025283703e-05,6.708758856745468790e+00,1.000000000000000000e+00,1.000000000000000000e+00,-1.000000000000000000e+00,0.000000000000000000e+00
2.836000000000000000e+03,9.520585035287260212e+01,2.964059513852245331e+01,-1.416252274293404402e-03,4.305806492881935554e+01,3.521006164342020961e-01,nan,1.279817143626134594e-05,2.274454830298474661e+01,1.000000000000000000e+00,1.000000000000000000e+00,-1.000000000000000000e+00,0.000000000000000000e+00
2.837000000000000000e+03,8.614831837466857678e+01,8.777335758199880544e+00,-7.478402336446994710e-03,2.257350126273500450e+02,2.103256071409986827e-02,nan,1.126392094960920338e-05,1.169431559397459530e+01,1.000000000000000000e+00,1.000000000000000000e+00,-1.000000000000000000e+00,0.000000000000000000e+00
2.838000000000000000e+03,7.276814933538416597e+01,4.368358112685829298e+01,-7.320786626582361650e-03,2.209854177654274565e+02,2.411024331000866106e-02,nan,1.278816611565560077e-05,2.646990522119031297e+01,1.000000000000000000e+00,1.000000000000000000e+00,-1.000000000000000000e+00,0.000000000000000000e+00
2.839000000000000000e+03,7.081935703445797969e+01,1.534401049535000361e+01,-8.219012690920271882e-03,2.480525794315347241e+02,7.957694470394216513e-02,nan,5.988735978227856569e-05,7.198698996400032080e+00,1.000000000000000000e+00,1.000000000000000000e+00,-1.000000000000000000e+00,0.000000000000000000e+00
2.840000000000000000e+03,8.253066454256751783e+00,3.927202795425186110e+01,-1.378165608860601899e-03,4.191036061303278615e+01,3.360188779104879009e-01,nan,1.123147090101815886e-05,1.534053165970847132e+01,1.000000000000000000e+00,1.000000000000000000e+00,-1.000000000000000000e+00,0.000000000000000000e+00
2.841000000000000000e+03,2.029716892088976010e+01,4.877315985396584352e+01,-8.874028034883085087e-03,2.677908245267611846e+02,1.337532253140338856e-02,nan,1.100725745132794783e-05,1.534053165970847132e+01,1.000000000000000000e+00,1.000000000000000000e+00,-1.000000000000000000e+00,0.000000000000000000e+00
2.842000000000000000e+03,1.024651831433522347e+02,4.414801708445065742e+01,-8.199298913925179288e-03,2.474585240927274867e+02,1.759844632672080689e-02,nan,1.156451343780298503e-05,1.990417156003834975e+01,1.000000000000000000e+00,1.000000000000000000e+00,-1.000000000000000000e+00,0.000000000000000000e+00
2.843000000000000000e+03,1.443692536915507674e+02,4.893796054352823433e+01,-7.556642920618294838e-03,2.280927159101825907e+02,5.108122256675073913e-02,nan,2.962966151433390482e-05,3.127293545069093739e+01,1.000000000000000000e+00,1.000000000000000000e+00,-1.000000000000000000e+00,0.000000000000000000e+00
2.844000000000000000e+03,3.741190899052001129e+01,4.798907586399855774e+01,-7.020458243783320174e-03,2.119353164458512992e+02,2.857617916533594649e-02,nan,1.382373494149831446e-05,1.713269142179156646e+01,1.000000000000000000e+00,1.000000000000000000e+00,-1.000000000000000000e+00,0.000000000000000000e+00
